filingDate,form,accession,reportDate,primaryDocument,source
1998-08-10,S-4,0000898430-98-002837,,,CIK0001067983-submissions-001.json
1998-08-12,S-4/A,0000898430-98-002915,,,CIK0001067983-submissions-001.json
1998-08-25,S-3,0000898430-98-003142,,,CIK0001067983-submissions-001.json
1998-08-26,S-8,0000898430-98-003156,,,CIK0001067983-submissions-001.json
1998-12-01,S-3,0000898430-98-004265,,,CIK0001067983-submissions-001.json
1998-12-16,S-3,0000898430-98-004442,,,CIK0001067983-submissions-001.json
1998-12-16,S-4MEF,0000898430-98-004432,,,CIK0001067983-submissions-001.json
1999-01-05,8-K,0000898430-99-000021,1998-12-21,,CIK0001067983-submissions-001.json
1999-01-14,S-8,0000898430-99-000120,,,CIK0001067983-submissions-001.json
1999-01-22,8-K/A,0000898430-99-000209,1998-12-21,,CIK0001067983-submissions-001.json
1999-01-22,RW,0000898430-99-000213,,,CIK0001067983-submissions-001.json
1999-01-26,SC 13G/A,0000903949-99-000013,,,CIK0001067983-submissions-001.json
1999-02-12,SC 13G,0000892569-99-000423,,,CIK0001067983-submissions-001.json
1999-02-16,SC 13G,0000898430-99-000557,,,CIK0001067983-submissions-001.json
1999-02-16,SC 13G,0000898430-99-000556,,,CIK0001067983-submissions-001.json
1999-02-17,SC 13G,0001005477-99-000760,,,CIK0001067983-submissions-001.json
1999-03-17,SC 13G/A,0000898430-99-000977,,,CIK0001067983-submissions-001.json
1999-03-17,SC 13G/A,0000898430-99-000976,,,CIK0001067983-submissions-001.json
1999-03-19,DEF 14A,0000950150-99-000280,1999-05-03,,CIK0001067983-submissions-001.json
1999-03-30,10-K,0000950150-99-000379,1998-12-31,,CIK0001067983-submissions-001.json
1999-03-30,8-A12B,0001047469-99-012414,,,CIK0001067983-submissions-001.json
1999-03-30,POS AM,0001047469-99-012468,,,CIK0001067983-submissions-001.json
1999-03-30,POS AM,0001047469-99-012465,,,CIK0001067983-submissions-001.json
1999-03-30,POS AM,0001047469-99-012463,,,CIK0001067983-submissions-001.json
1999-04-01,SC 13G/A,0000898430-99-001411,,,CIK0001067983-submissions-001.json
1999-05-17,10-Q,0000950150-99-000686,1999-03-31,,CIK0001067983-submissions-001.json
1999-05-17,13F-HR,0000950148-99-001187,1999-03-31,,CIK0001067983-submissions-001.json
1999-06-16,POS AM,0000898430-99-002549,,,CIK0001067983-submissions-001.json
1999-06-16,POS AM,0000898430-99-002548,,,CIK0001067983-submissions-001.json
1999-06-16,POS AM,0000898430-99-002547,,,CIK0001067983-submissions-001.json
1999-06-16,POS AM,0000898430-99-002546,,,CIK0001067983-submissions-001.json
1999-06-16,POS AM,0000898430-99-002545,,,CIK0001067983-submissions-001.json
1999-08-13,13F-HR,0000950148-99-001809,1999-06-30,,CIK0001067983-submissions-001.json
1999-08-16,10-Q,0000950150-99-000983,1999-06-30,,CIK0001067983-submissions-001.json
1999-10-25,SC 13D,0000898430-99-003974,,,CIK0001067983-submissions-001.json
1999-10-26,SC 13D,0000898430-99-003990,,,CIK0001067983-submissions-001.json
1999-11-01,8-K,0000898430-99-004027,1999-10-24,,CIK0001067983-submissions-001.json
1999-11-15,10-Q,0000950150-99-001239,1999-09-30,,CIK0001067983-submissions-001.json
1999-11-15,13F-HR,0000950150-99-001240,1999-09-30,,CIK0001067983-submissions-001.json
2000-02-14,13F-HR,0000950150-00-000102,1999-12-31,,CIK0001067983-submissions-001.json
2000-02-14,SC 13G,0000898430-00-000482,,,CIK0001067983-submissions-001.json
2000-02-14,SC 13G,0000898430-00-000476,,,CIK0001067983-submissions-001.json
2000-02-14,SC 13G,0000898430-00-000474,,,CIK0001067983-submissions-001.json
2000-02-14,SC 13G,0000898430-00-000473,,,CIK0001067983-submissions-001.json
2000-02-14,SC 13G/A,0000898430-00-000481,,,CIK0001067983-submissions-001.json
2000-02-14,SC 13G/A,0000898430-00-000479,,,CIK0001067983-submissions-001.json
2000-02-14,SC 13G/A,0000898430-00-000477,,,CIK0001067983-submissions-001.json
2000-02-15,13F-HR,0000950150-00-000118,1998-12-31,,CIK0001067983-submissions-001.json
2000-02-15,SC 13D,0000898430-00-000501,,,CIK0001067983-submissions-001.json
2000-02-18,13F-HR/A,0000950150-00-000125,1998-12-31,,CIK0001067983-submissions-001.json
2000-02-22,13F-HR/A,0000950150-00-000130,1999-06-30,,CIK0001067983-submissions-001.json
2000-02-22,13F-HR/A,0000950150-00-000129,1999-09-30,,CIK0001067983-submissions-001.json
2000-02-22,13F-HR/A,0000950150-00-000128,1999-03-31,,CIK0001067983-submissions-001.json
2000-03-10,SC 13G/A,0000898430-00-000744,,,CIK0001067983-submissions-001.json
2000-03-10,SC 13G/A,0000898430-00-000743,,,CIK0001067983-submissions-001.json
2000-03-10,SC 13G/A,0000898430-00-000742,,,CIK0001067983-submissions-001.json
2000-03-10,SC 13G/A,0000898430-00-000741,,,CIK0001067983-submissions-001.json
2000-03-20,DEF 14A,0000950150-00-000194,2000-04-29,,CIK0001067983-submissions-001.json
2000-03-29,10-K,0000950150-00-000239,1999-12-31,,CIK0001067983-submissions-001.json
2000-05-09,SC 13G/A,0000912057-00-022652,,,CIK0001067983-submissions-001.json
2000-05-15,10-Q,0000950150-00-000428,2000-03-31,,CIK0001067983-submissions-001.json
2000-05-15,13F-HR,0000950150-00-000439,2000-03-31,,CIK0001067983-submissions-001.json
2000-05-15,13F-HR/A,0000950150-00-000438,1999-03-31,,CIK0001067983-submissions-001.json
2000-06-20,8-K,0000898430-00-001849,2000-06-19,0001.txt,CIK0001067983-submissions-001.json
2000-06-20,SC TO-C,0000898430-00-001848,,0001.txt,CIK0001067983-submissions-001.json
2000-06-27,8-K/A,0000898430-00-001914,2000-06-19,0001.txt,CIK0001067983-submissions-001.json
2000-06-27,SC 13D,0000898430-00-001926,,0001.txt,CIK0001067983-submissions-001.json
2000-06-27,SC TO-T,0000898430-00-001923,,0001.txt,CIK0001067983-submissions-001.json
2000-06-29,3,0000898430-00-001954,2000-06-19,0001.txt,CIK0001067983-submissions-001.json
2000-07-14,SC TO-T/A,0000898430-00-002037,,0001.txt,CIK0001067983-submissions-001.json
2000-07-18,S-3,0000898430-00-002064,,0001.txt,CIK0001067983-submissions-001.json
2000-07-26,SC TO-T/A,0000898430-00-002133,,0001.txt,CIK0001067983-submissions-001.json
2000-07-26,SC TO-T/A,0000898430-00-002132,,0001.txt,CIK0001067983-submissions-001.json
2000-08-09,S-8,0000898430-00-002279,,0001.txt,CIK0001067983-submissions-001.json
2000-08-10,13F-HR/A,0000950150-00-000664,1999-06-30,e13f-hra.txt,CIK0001067983-submissions-001.json
2000-08-10,4,0000898430-00-002302,2000-08-02,0001.txt,CIK0001067983-submissions-001.json
2000-08-14,10-Q,0000950150-00-000694,2000-06-30,e10-q.txt,CIK0001067983-submissions-001.json
2000-08-14,13F-HR,0001095811-00-002809,2000-06-30,e13f-hr.txt,CIK0001067983-submissions-001.json
2000-08-14,13FCONP,9999999997-03-016784,2000-06-30,9999999997-03-016784.paper,CIK0001067983-submissions-001.json
2000-08-18,13F-HR/A,0000950150-00-000720,1999-09-30,e13f-hra.txt,CIK0001067983-submissions-001.json
2000-08-24,S-3,0000898430-00-002515,,0001.txt,CIK0001067983-submissions-001.json
2000-08-28,13F-HR/A,0000950150-00-000737,2000-06-30,e13f-hra.txt,CIK0001067983-submissions-001.json
2000-09-06,13F-HR/A,0000950150-00-000754,1999-12-31,a65362e13f-hra.txt,CIK0001067983-submissions-001.json
2000-09-06,13F-HR/A,0000950150-00-000753,2000-03-31,a65359e13f-hra.txt,CIK0001067983-submissions-001.json
2000-09-06,13F-HR/A,0000950150-00-000752,2000-06-30,a65360e13f-hra.txt,CIK0001067983-submissions-001.json
2000-09-14,S-3/A,0000898430-00-002691,,0001.txt,CIK0001067983-submissions-001.json
2000-10-06,424B3,0000898430-00-002939,,0001.txt,CIK0001067983-submissions-001.json
2000-10-24,8-K,0000950144-00-012531,2000-10-19,g64822e8-k.txt,CIK0001067983-submissions-001.json
2000-10-30,3,0000950144-00-012740,2000-10-19,g64910e3.txt,CIK0001067983-submissions-001.json
2000-10-30,SC 13D,0000950144-00-012739,,g64913sc13d.txt,CIK0001067983-submissions-001.json
2000-10-30,SC 13G,0000898430-00-003147,,0001.txt,CIK0001067983-submissions-001.json
2000-11-03,8-K/A,0000950144-00-012915,2000-10-19,g64822a1e8-ka.txt,CIK0001067983-submissions-001.json
2000-11-09,8-K,0000898430-00-003298,2000-11-08,0001.txt,CIK0001067983-submissions-001.json
2000-11-09,SC 13D/A,0000950144-00-013198,,g64913a1sc13da.txt,CIK0001067983-submissions-001.json
2000-11-09,SC 13G,0000898430-00-003294,,0001.txt,CIK0001067983-submissions-001.json
2000-11-09,SC TO-C,0000898430-00-003280,,0001.txt,CIK0001067983-submissions-001.json
2000-11-13,10-Q,0000950150-00-000904,2000-09-30,a67077e10-q.txt,CIK0001067983-submissions-001.json
2000-11-14,13F-HR,0000950150-00-000940,2000-09-30,a66929e13f-hr.txt,CIK0001067983-submissions-001.json
2000-11-14,13F-HR/A,0000950150-00-000939,1999-12-31,a66864e13f-hra.txt,CIK0001067983-submissions-001.json
2000-11-14,13F-HR/A,0000950150-00-000938,2000-06-30,a66872e13f-hra.txt,CIK0001067983-submissions-001.json
2000-11-14,13F-HR/A,0000950150-00-000937,2000-03-31,a66871e13f-hra.txt,CIK0001067983-submissions-001.json
2000-11-15,13FCONP,9999999997-03-016785,2000-09-30,9999999997-03-016785.paper,CIK0001067983-submissions-001.json
2000-11-17,SC 13D,0000898430-00-003579,,0001.txt,CIK0001067983-submissions-001.json
2000-11-17,SC TO-T,0000898430-00-003578,,0001.txt,CIK0001067983-submissions-001.json
2000-11-27,SC 13G,0000898430-00-003644,,0001.txt,CIK0001067983-submissions-001.json
2000-12-05,SC TO-T/A,0000898430-00-003730,,0001.txt,CIK0001067983-submissions-001.json
2000-12-07,SC TO-T/A,0000898430-00-003749,,0001.txt,CIK0001067983-submissions-001.json
2000-12-12,SC 13D/A,0000950144-00-014879,,g65955sc13da.txt,CIK0001067983-submissions-001.json
2000-12-18,SC TO-T/A,0000898430-00-003860,,0001.txt,CIK0001067983-submissions-001.json
2000-12-20,SC TO-C,0000898430-00-003892,,0001.txt,CIK0001067983-submissions-001.json
2000-12-22,8-K,0000898430-00-003926,2000-12-19,0001.txt,CIK0001067983-submissions-001.json
2000-12-29,S-8,0000898430-00-004034,,0001.txt,CIK0001067983-submissions-001.json
2000-12-29,SC TO-T,0000898430-00-004011,,0001.txt,CIK0001067983-submissions-001.json
2001-01-16,SC TO-T/A,0000898430-01-000154,,0001.txt,CIK0001067983-submissions-001.json
2001-01-30,SC TO-T/A,0000898430-01-000328,,0001.txt,CIK0001067983-submissions-001.json
2001-02-08,13F-HR/A,0001095811-01-000839,1999-12-31,a69131e13f-hra.txt,CIK0001067983-submissions-001.json
2001-02-08,13F-HR/A,0001095811-01-000836,2000-03-31,a69133e13f-hra.txt,CIK0001067983-submissions-001.json
2001-02-14,13F-HR,0001095811-01-001369,2000-12-31,a69281e13f-hr.txt,CIK0001067983-submissions-001.json
2001-02-14,13F-HR/A,0001095811-01-001371,2000-09-30,a69220e13f-hra.txt,CIK0001067983-submissions-001.json
2001-02-14,13F-HR/A,0001095811-01-001370,2000-06-30,a69219e13f-hra.txt,CIK0001067983-submissions-001.json
2001-02-14,13FCONP,9999999997-03-016787,2000-12-31,9999999997-03-016787.paper,CIK0001067983-submissions-001.json
2001-02-14,SC 13G,0000898430-01-000668,,0001.txt,CIK0001067983-submissions-001.json
2001-02-14,SC 13G,0000898430-01-000658,,0001.txt,CIK0001067983-submissions-001.json
2001-02-14,SC 13G,0000898430-01-000626,,0001.txt,CIK0001067983-submissions-001.json
2001-02-14,SC 13G,0000898430-01-000622,,0001.txt,CIK0001067983-submissions-001.json
2001-02-14,SC 13G/A,0000898430-01-000625,,0001.txt,CIK0001067983-submissions-001.json
2001-02-15,SC TO-T/A,0000898430-01-000676,,0001.txt,CIK0001067983-submissions-001.json
2001-02-16,13F-HR/A,0001095811-01-001489,2000-12-31,a69789a1e13f-hra.txt,CIK0001067983-submissions-001.json
2001-02-26,SC TO-T/A,0000898430-01-000771,,0001.txt,CIK0001067983-submissions-001.json
2001-02-28,8-K,0000898430-01-000801,2001-02-26,0001.txt,CIK0001067983-submissions-001.json
2001-03-19,DEF 14A,0001095811-01-500520,2001-04-28,a70475ddef14a.txt,CIK0001067983-submissions-001.json
2001-03-30,10-K,0000950150-01-000114,2000-12-31,a70817e10-k.txt,CIK0001067983-submissions-001.json
2001-04-02,13F-HR/A,0000950150-01-000128,2000-09-30,a71075e13f-hra.txt,CIK0001067983-submissions-001.json
2001-04-02,13F-HR/A,0000950150-01-000127,2000-06-30,a71095e13f-hra.txt,CIK0001067983-submissions-001.json
2001-04-02,13F-HR/A,0000950150-01-000126,2000-12-31,a71082e13f-hra.txt,CIK0001067983-submissions-001.json
2001-05-15,10-Q,0000950150-01-500319,2001-03-31,a72435e10-q.txt,CIK0001067983-submissions-001.json
2001-05-15,13F-HR,0000950150-01-500322,2001-03-31,a72376e13f-hr.txt,CIK0001067983-submissions-001.json
2001-05-15,13F-HR/A,0000950150-01-500321,2000-12-31,a72381a2e13f-hra.txt,CIK0001067983-submissions-001.json
2001-05-15,13F-HR/A,0000950150-01-500320,2000-09-30,a72386e13f-hr.txt,CIK0001067983-submissions-001.json
2001-05-15,13FCONP,9999999997-02-052962,2001-03-31,9999999997-02-052962.paper,CIK0001067983-submissions-001.json
2001-05-16,13F-HR/A,0000950150-01-500330,2001-03-31,a72826e13f-hra.txt,CIK0001067983-submissions-001.json
2001-05-21,S-3,0000898430-01-500694,,ds3.txt,CIK0001067983-submissions-001.json
2001-06-11,SC 13G/A,0000898430-01-500973,,dsc13ga.txt,CIK0001067983-submissions-001.json
2001-06-29,S-8,0000898430-01-501185,,ds8.txt,CIK0001067983-submissions-001.json
2001-07-11,SC 13G,0000898430-01-501305,,dsc13g.txt,CIK0001067983-submissions-001.json
2001-07-11,SC 13G/A,0000898430-01-501306,,dsc13ga.txt,CIK0001067983-submissions-001.json
2001-07-31,SC TO-C,0000898430-01-501505,,dsctoc.txt,CIK0001067983-submissions-001.json
2001-08-03,8-K,0000898430-01-501574,2001-07-30,d8k.txt,CIK0001067983-submissions-001.json
2001-08-07,3,0000898430-01-501625,2001-07-30,d3.txt,CIK0001067983-submissions-001.json
2001-08-07,SC 13D,0000898430-01-501624,,dsc13d.txt,CIK0001067983-submissions-001.json
2001-08-13,10-Q,0000950150-01-500515,2001-06-30,a74931e10-q.txt,CIK0001067983-submissions-001.json
2001-08-14,13F-HR,0000950150-01-500532,2001-06-30,a74820e13f-hr.txt,CIK0001067983-submissions-001.json
2001-08-14,13F-HR/A,0000950150-01-500531,2001-03-31,a74828e13f-hra.txt,CIK0001067983-submissions-001.json
2001-08-14,13F-HR/A,0000950150-01-500528,2000-12-31,a74830e13f-hra.txt,CIK0001067983-submissions-001.json
2001-08-14,13FCONP,9999999997-02-052961,2001-06-30,9999999997-02-052961.paper,CIK0001067983-submissions-001.json
2001-08-14,SC TO-T,0000898430-01-501902,,dsctot.txt,CIK0001067983-submissions-001.json
2001-08-27,SC TO-T/A,0000898430-01-502144,,dsctota.txt,CIK0001067983-submissions-001.json
2001-08-28,SC 13D,0000898430-01-502162,,dsc13d.txt,CIK0001067983-submissions-001.json
2001-09-12,SC TO-T/A,0000898430-01-502361,,dsctota.txt,CIK0001067983-submissions-001.json
2001-09-17,SC TO-T/A,0000898430-01-502414,,dsctota.txt,CIK0001067983-submissions-001.json
2001-10-17,SC 13G/A,0000898430-01-503010,,dsc13ga.txt,CIK0001067983-submissions-001.json
2001-11-14,10-Q,0000950150-01-500755,2001-09-30,a76996e10-q.txt,CIK0001067983-submissions-001.json
2001-11-14,13F-HR,0000950150-01-500764,2001-09-30,a76945e13f-hr.txt,CIK0001067983-submissions-001.json
2001-11-15,13FCONP,9999999997-03-004165,2001-09-30,9999999997-03-004165.paper,CIK0001067983-submissions-001.json
2001-11-30,S-8,0001012870-01-503006,,ds8.txt,CIK0001067983-submissions-001.json
2001-12-20,S-8,0000898430-01-504013,,ds8.txt,CIK0001067983-submissions-001.json
2002-01-28,S-3,0001021408-02-000984,,ds3.txt,CIK0001067983-submissions-001.json
2002-02-14,13F-HR,0000950150-02-000133,2001-12-31,a78911e13f-hr.txt,CIK0001067983-submissions-001.json
2002-02-14,13F-HR/A,0000950150-02-000139,2001-03-31,a78872e13f-hra.txt,CIK0001067983-submissions-001.json
2002-02-14,13F-HR/A,0000950150-02-000138,2001-09-30,a78868e13f-hra.txt,CIK0001067983-submissions-001.json
2002-02-14,13F-HR/A,0000950150-02-000136,2000-12-31,a78879e13f-hra.txt,CIK0001067983-submissions-001.json
2002-02-14,13F-HR/A,0000950150-02-000134,2001-06-30,a78871e13f-hra.txt,CIK0001067983-submissions-001.json
2002-02-14,SC 13G,0000812295-02-000129,,berkshir.txt,CIK0001067983-submissions-001.json
2002-02-14,SC 13G/A,0001021408-02-002406,,dsc13ga.txt,CIK0001067983-submissions-001.json
2002-02-14,SC 13G/A,0001021408-02-002404,,dsc13ga.txt,CIK0001067983-submissions-001.json
2002-02-14,SC 13G/A,0001021408-02-002403,,dsc13ga.txt,CIK0001067983-submissions-001.json
2002-02-14,SC 13G/A,0001021408-02-002402,,dsc13ga.txt,CIK0001067983-submissions-001.json
2002-02-14,SC 13G/A,0001021408-02-002399,,dsc13ga.txt,CIK0001067983-submissions-001.json
2002-02-14,SC 13G/A,0001021408-02-002395,,dsc13ga.txt,CIK0001067983-submissions-001.json
2002-02-14,SC 13G/A,0001021408-02-002394,,dsc13ga.txt,CIK0001067983-submissions-001.json
2002-02-19,REGDEX,9999999997-02-010198,,9999999997-02-010198.paper,CIK0001067983-submissions-001.json
2002-03-15,10-Q/A,0000950150-02-000219,2001-09-30,a79927a1e10-qa.txt,CIK0001067983-submissions-001.json
2002-03-20,DEF 14A,0000950150-02-000231,2002-05-04,a79968def14a.txt,CIK0001067983-submissions-001.json
2002-03-29,10-K,0000950150-02-000303,2001-12-31,a80220e10-k.txt,CIK0001067983-submissions-001.json
2002-05-14,10-Q,0000950150-02-000490,2002-03-31,a81587e10-q.txt,CIK0001067983-submissions-001.json
2002-05-15,13F-HR,0000950150-02-000505,2002-03-31,a81595e13f-hr.txt,CIK0001067983-submissions-001.json
2002-05-15,13F-HR/A,0000950150-02-000507,2001-03-31,a81460a3e13f-hra.txt,CIK0001067983-submissions-001.json
2002-05-15,13F-HR/A,0000950150-02-000503,2001-06-30,a81601e13f-hra.txt,CIK0001067983-submissions-001.json
2002-05-15,13F-HR/A,0000950150-02-000499,2001-12-31,a81459e13f-hra.txt,CIK0001067983-submissions-001.json
2002-05-15,13F-HR/A,0000950150-02-000498,2001-09-30,a81456e13f-hra.txt,CIK0001067983-submissions-001.json
2002-06-27,11-K,9999999997-02-039110,2001-12-31,9999999997-02-039110.paper,CIK0001067983-submissions-001.json
2002-08-13,10-Q,0000950150-02-000743,2002-06-30,a83678e10vq.htm,CIK0001067983-submissions-001.json
2002-08-13,13F-HR,0000950150-02-000747,2002-06-30,a83556e13fvhr.txt,CIK0001067983-submissions-001.json
2002-08-13,13F-HR/A,0000950150-02-000750,2001-06-30,a83552e13fvhrza.txt,CIK0001067983-submissions-001.json
2002-08-13,8-K,0000950150-02-000744,2002-08-13,a83680e8vk.htm,CIK0001067983-submissions-001.json
2002-08-15,S-3,0000898430-02-003190,,ds3.htm,CIK0001067983-submissions-001.json
2002-08-28,SC 13D/A,0000898430-02-003283,,dsc13da.htm,CIK0001067983-submissions-001.json
2002-09-26,SC 13G/A,0000898430-02-003533,,dsc13ga.htm,CIK0001067983-submissions-001.json
2002-10-11,SC 13D,0000898430-02-003718,,dsc13d.htm,CIK0001067983-submissions-001.json
2002-10-15,3,0001181431-02-001139,2002-10-01,rrd1221.htm,CIK0001067983-submissions-001.json
2002-10-21,SC 13D/A,0000898430-02-003770,,dsc13da.htm,CIK0001067983-submissions-001.json
2002-10-28,8-K,0000898430-02-003833,2002-10-28,d8k.htm,CIK0001067983-submissions-001.json
2002-10-28,S-3/A,0000898430-02-003836,,ds3a.htm,CIK0001067983-submissions-001.json
2002-11-12,SC 13G/A,0000898430-02-004051,,dsc13ga.txt,CIK0001067983-submissions-001.json
2002-11-12,SC 13G/A,0000898430-02-004048,,dsc13ga.txt,CIK0001067983-submissions-001.json
2002-11-13,10-Q,0000950150-02-001032,2002-09-30,a85813e10vq.htm,CIK0001067983-submissions-001.json
2002-11-14,13F-HR,0000950150-02-001047,2002-09-30,a85825e13fvhr.txt,CIK0001067983-submissions-001.json
2002-11-14,13F-HR/A,0000950150-02-001051,2002-03-31,a85825abe13fvhrza.txt,CIK0001067983-submissions-001.json
2002-11-14,13F-HR/A,0000950150-02-001050,2001-09-30,a85825a3e13fvhrza.txt,CIK0001067983-submissions-001.json
2002-11-14,13F-HR/A,0000950150-02-001049,2001-12-31,a85825a2e13fvhrza.txt,CIK0001067983-submissions-001.json
2002-11-14,13F-HR/A,0000950150-02-001048,2002-06-30,a85825a1e13fvhrza.txt,CIK0001067983-submissions-001.json
2002-11-15,S-3/A,0000898430-02-004228,,ds3a.htm,CIK0001067983-submissions-001.json
2002-12-05,S-8,0001021408-02-014881,,ds8.htm,CIK0001067983-submissions-001.json
2003-01-17,424B3,0000950150-03-000064,,a87062e424b3.htm,CIK0001067983-submissions-001.json
2003-02-14,13F-HR,0000950150-03-000203,2002-12-31,a87558e13fvhr.txt,CIK0001067983-submissions-001.json
2003-02-14,13F-HR/A,0000950150-03-000208,2001-12-31,a87726e13fvhrza.txt,CIK0001067983-submissions-001.json
2003-02-14,SC 13G,0000898430-03-001598,,dsc13g.htm,CIK0001067983-submissions-001.json
2003-02-14,SC 13G,0000898430-03-001591,,dsc13g.htm,CIK0001067983-submissions-001.json
2003-02-14,SC 13G/A,0000898430-03-001597,,dsc13ga.htm,CIK0001067983-submissions-001.json
2003-02-14,SC 13G/A,0000812295-03-000022,,berkshire2102003.txt,CIK0001067983-submissions-001.json
2003-02-14,SC 13G/A,0000898430-03-001511,,dsc13ga.htm,CIK0001067983-submissions-001.json
2003-02-24,13F-HR/A,0000950150-03-000246,2002-12-31,a87859de13fvhrza.txt,CIK0001067983-submissions-001.json
2003-02-24,13F-HR/A,0000950150-03-000245,2002-09-30,a87859ce13fvhrza.txt,CIK0001067983-submissions-001.json
2003-02-24,13F-HR/A,0000950150-03-000244,2002-06-30,a87859be13fvhrza.txt,CIK0001067983-submissions-001.json
2003-02-24,13F-HR/A,0000950150-03-000243,2002-03-31,a87859ae13fvhrza.txt,CIK0001067983-submissions-001.json
2003-02-26,POS AM,0000898430-03-001678,,dposam.htm,CIK0001067983-submissions-001.json
2003-02-26,POS AM,0000898430-03-001677,,dposam.htm,CIK0001067983-submissions-001.json
2003-03-14,SC 13D/A,0000898430-03-001897,,dsc13da.htm,CIK0001067983-submissions-001.json
2003-03-21,DEF 14A,0000950150-03-000347,2003-05-03,a88460ddef14a.htm,CIK0001067983-submissions-001.json
2003-03-27,10-K,0000950150-03-000377,2002-12-31,a88664e10vk.htm,CIK0001067983-submissions-001.json
2003-04-09,424B3,0000950150-03-000412,,a89076e424b3.htm,CIK0001067983-submissions-001.json
2003-05-05,8-K,0000950150-03-000521,2003-05-03,a89830e8vk.htm,CIK0001067983-submissions-001.json
2003-05-06,13F-HR/A,0000950150-03-000527,2002-09-30,a89669be13fvhrza.txt,CIK0001067983-submissions-001.json
2003-05-06,13F-HR/A,0000950150-03-000526,2002-12-31,a89669ae13fvhrza.txt,CIK0001067983-submissions-001.json
2003-05-08,8-K,0000950150-03-000552,2003-05-05,a89982e8vk.htm,CIK0001067983-submissions-001.json
2003-05-09,SC 13G,0001021408-03-007344,,dsc13g.htm,CIK0001067983-submissions-001.json
2003-05-12,10-Q,0000950150-03-000563,2003-03-31,a89906e10vq.htm,CIK0001067983-submissions-001.json
2003-05-13,3,0001005477-03-000950,2003-05-05,xslF345X01/edgar123.xml,CIK0001067983-submissions-001.json
2003-05-15,13F-HR,0000950150-03-000619,2003-03-31,a89669ce13fvhr.txt,CIK0001067983-submissions-001.json
2003-05-21,424B3,0000950150-03-000641,,a90407e424b3.htm,CIK0001067983-submissions-001.json
2003-06-10,SC 13G/A,0001021408-03-008678,,dsc13ga.txt,CIK0001067983-submissions-001.json
2003-06-27,11-K,9999999997-03-027461,2002-12-31,9999999997-03-027461.paper,CIK0001067983-submissions-001.json
2003-06-30,11-K,9999999997-03-027792,2002-12-31,9999999997-03-027792.paper,CIK0001067983-submissions-001.json
2003-07-10,SC 13G/A,0001193125-03-018242,,dsc13ga.htm,CIK0001067983-submissions-001.json
2003-08-11,10-Q,0000950150-03-000865,2003-06-30,a92106e10vq.htm,CIK0001067983-submissions-001.json
2003-08-11,8-K,0000950150-03-000873,2003-08-08,a92336e8vk.htm,CIK0001067983-submissions-001.json
2003-08-11,SC 13G/A,0001193125-03-032197,,dsc13ga.txt,CIK0001067983-submissions-001.json
2003-08-14,13F-HR,0000950150-03-000957,2003-06-30,a92186re13fvhr.txt,CIK0001067983-submissions-001.json
2003-08-14,13F-HR/A,0000950150-03-000940,2003-03-31,a92186se13fvhrza.txt,CIK0001067983-submissions-001.json
2003-08-20,4,0001133224-03-000035,2003-08-18,xslF345X02/primary_doc.xml,CIK0001067983-submissions-001.json
2003-08-21,13F-HR/A,0000950150-03-000977,2002-09-30,a92660e13fvhrza.txt,CIK0001067983-submissions-001.json
2003-08-25,13F-HR/A,0000950150-03-000988,2002-12-31,a92698a3e13fvhrza.txt,CIK0001067983-submissions-001.json
2003-08-25,13F-HR/A,0000950150-03-000987,2003-03-31,a92698a2e13fvhrza.txt,CIK0001067983-submissions-001.json
2003-08-25,13F-HR/A,0000950150-03-000986,2003-06-30,a92698a1e13fvhrza.txt,CIK0001067983-submissions-001.json
2003-09-23,13F-HR/A,0000950150-03-001059,2003-03-31,a93172a3e13fvhrza.txt,CIK0001067983-submissions-001.json
2003-09-23,13F-HR/A,0000950150-03-001058,2003-06-30,a93172a2e13fvhrza.txt,CIK0001067983-submissions-001.json
2003-10-08,8-K,0000950150-03-001105,2003-10-06,a93485e8vk.htm,CIK0001067983-submissions-001.json
2003-10-10,SC 13G/A,0001193125-03-060384,,dsc13ga.htm,CIK0001067983-submissions-001.json
2003-11-10,10-Q,0000950150-03-001248,2003-09-30,a94220e10vq.htm,CIK0001067983-submissions-001.json
2003-11-10,8-K,0000950150-03-001274,2003-11-07,a94434e8vk.htm,CIK0001067983-submissions-001.json
2003-11-12,3,0001181431-03-030441,2003-11-03,xslF345X02/rrd22481.xml,CIK0001067983-submissions-001.json
2003-11-13,13F-HR,0000950150-03-001329,2003-09-30,a94337e13fvhr.txt,CIK0001067983-submissions-001.json
2003-11-13,3,0000891836-03-000648,2003-11-03,xslF345X02/sc0328-03_ex.xml,CIK0001067983-submissions-001.json
2003-12-17,4,0001181431-03-036341,2003-12-15,xslF345X02/rrd25571.xml,CIK0001067983-submissions-001.json
2003-12-18,4,0001181431-03-036667,2003-12-18,xslF345X02/rrd26215.xml,CIK0001067983-submissions-001.json
2003-12-19,4,0000932799-03-000244,2003-12-17,xslF345X02/keough4_ex.xml,CIK0001067983-submissions-001.json
2003-12-23,4,0001181431-03-037621,2003-12-22,xslF345X02/rrd26911.xml,CIK0001067983-submissions-001.json
2003-12-30,S-4,0000950148-03-002969,,v95390orsv4.htm,CIK0001067983-submissions-001.json
2003-12-30,S-8,0000950150-03-001461,,a95401sv8.htm,CIK0001067983-submissions-001.json
2004-01-28,4,0001133224-04-000004,2004-01-26,xslF345X02/primary_doc.xml,CIK0001067983-submissions-001.json
2004-01-30,S-4/A,0000950148-04-000200,,v95390a1sv4za.htm,CIK0001067983-submissions-001.json
2004-02-04,S-4,0000950150-04-000136,,a95961sv4.htm,CIK0001067983-submissions-001.json
2004-02-13,5,0001181431-04-009458,2003-12-31,xslF345X02/rrd32675.xml,CIK0001067983-submissions-001.json
2004-02-13,5,0001181431-04-009457,2003-12-31,xslF345X02/rrd32506.xml,CIK0001067983-submissions-001.json
2004-02-13,5,0001181431-04-009456,2003-12-31,xslF345X02/rrd32501.xml,CIK0001067983-submissions-001.json
2004-02-13,5/A,0001181431-04-009461,2003-12-31,xslF345X02/rrd32755.xml,CIK0001067983-submissions-001.json
2004-02-13,5/A,0001181431-04-009459,2003-12-31,xslF345X02/rrd32546.xml,CIK0001067983-submissions-001.json
2004-02-17,13F-HR,0000950150-04-000209,2003-12-31,a96383re13fvhr.txt,CIK0001067983-submissions-001.json
2004-02-17,13F-HR/A,0000950150-04-000233,2003-12-31,a96383r1e13fvhrza.txt,CIK0001067983-submissions-001.json
2004-02-17,SC 13G,0001193125-04-024740,,dsc13g.htm,CIK0001067983-submissions-001.json
2004-02-17,SC 13G,0001193125-04-024735,,dsc13g.htm,CIK0001067983-submissions-001.json
2004-02-17,SC 13G/A,0001193125-04-024746,,dsc13ga.htm,CIK0001067983-submissions-001.json
2004-02-17,SC 13G/A,0001193125-04-024744,,dsc13ga.htm,CIK0001067983-submissions-001.json
2004-02-17,SC 13G/A,0001193125-04-024733,,dsc13ga.htm,CIK0001067983-submissions-001.json
2004-02-17,SC 13G/A,0001193125-04-024726,,dsc13ga.htm,CIK0001067983-submissions-001.json
2004-02-17,SC 13G/A,0000812295-04-000046,,berkshire2102004.txt,CIK0001067983-submissions-001.json
2004-02-19,13F-HR/A,0000950150-04-000249,2003-12-31,a96686e13fvhrza.txt,CIK0001067983-submissions-001.json
2004-03-12,10-K,0000950150-04-000327,2003-12-31,a97198e10vk.htm,CIK0001067983-submissions-001.json
2004-03-12,8-K,0001193125-04-040551,2004-03-06,d8k.htm,CIK0001067983-submissions-001.json
2004-03-12,DEF 14A,0000950150-04-000326,2004-05-01,a97190dedef14a.htm,CIK0001067983-submissions-001.json
2004-03-24,424B3,0000950148-04-000695,,v95390f2e424b3.htm,CIK0001067983-submissions-001.json
2004-03-24,424B3,0000950148-04-000694,,v95390fe424b3.htm,CIK0001067983-submissions-001.json
2004-04-01,424B3,0000950129-04-001802,,a97732b3e424b3.htm,CIK0001067983-submissions-001.json
2004-04-02,424B3,0000950150-04-000421,,a95961b3e424b3.htm,CIK0001067983-submissions-001.json
2004-05-10,10-Q,0000950129-04-002994,2004-03-31,a98703e10vq.htm,CIK0001067983-submissions-001.json
2004-05-14,13F-HR,0000950129-04-003325,2004-03-31,a98912qe13fvhr.txt,CIK0001067983-submissions-001.json
2004-05-14,4,0001005477-04-001948,2004-05-12,xslF345X02/edgar123.xml,CIK0001067983-submissions-001.json
2004-05-18,13F-HR/A,0000950129-04-003448,2004-03-31,a98912a1e13fvhrza.txt,CIK0001067983-submissions-001.json
2004-06-03,SC 13G/A,0001193125-04-098319,,dsc13ga.htm,CIK0001067983-submissions-001.json
2004-06-08,S-4,0000950129-04-003945,,v98457orsv4.htm,CIK0001067983-submissions-001.json
2004-06-17,424B3,0000950129-04-004117,,a99678b3e424b3.htm,CIK0001067983-submissions-001.json
2004-06-28,11-K,9999999997-04-028071,2003-12-31,9999999997-04-028071.paper,CIK0001067983-submissions-001.json
2004-06-29,11-K,9999999997-04-027837,2003-12-31,9999999997-04-027837.paper,CIK0001067983-submissions-001.json
2004-07-01,4,0001181431-04-033554,2004-06-29,xslF345X02/rrd47039.xml,CIK0001067983-submissions-001.json
2004-08-09,10-Q,0000950129-04-005709,2004-06-30,a00798e10vq.htm,CIK0001067983-submissions-001.json
2004-08-09,8-K,0000950129-04-005774,2004-07-29,a01072e8vk.htm,CIK0001067983-submissions-001.json
2004-08-09,8-K,0000950129-04-005707,2004-08-06,a00958e8vk.htm,CIK0001067983-submissions-001.json
2004-08-09,SC 13D/A,0000950129-04-005839,,a01074asc13dza.txt,CIK0001067983-submissions-001.json
2004-08-16,13F-HR,0000950129-04-006175,2004-06-30,a01117e13fvhr.txt,CIK0001067983-submissions-001.json
2004-08-24,4,0001181431-04-041527,2004-08-24,xslF345X02/rrd51435.xml,CIK0001067983-submissions-001.json
2004-08-25,13F-HR/A,0000950129-04-006459,2003-12-31,a01452a3e13fvhrza.txt,CIK0001067983-submissions-001.json
2004-08-25,13F-HR/A,0000950129-04-006458,2004-03-31,a01452a2e13fvhrza.txt,CIK0001067983-submissions-001.json
2004-08-25,13F-HR/A,0000950129-04-006457,2004-06-30,a01452a1e13fvhrza.txt,CIK0001067983-submissions-001.json
2004-08-25,13FCONP,9999999997-09-001224,2003-12-31,9999999997-09-001224.paper,CIK0001067983-submissions-001.json
2004-09-10,S-4/A,0000950129-04-006964,,v98457a1sv4za.htm,CIK0001067983-submissions-001.json
2004-10-01,S-4,0000950129-04-007560,,v02056sv4.htm,CIK0001067983-submissions-001.json
2004-10-21,4,0000914260-04-000085,2004-10-19,xslF345X02/primary_doc.xml,CIK0001067983-submissions-001.json
2004-10-25,4,0000914260-04-000086,2004-10-21,xslF345X02/primary_doc.xml,CIK0001067983-submissions-001.json
2004-10-29,4,0000914260-04-000087,2004-10-27,xslF345X02/primary_doc.xml,CIK0001067983-submissions-001.json
2004-11-08,10-Q,0000950129-04-008588,2004-09-30,a02862e10vq.htm,CIK0001067983-submissions-001.json
2004-11-08,8-K,0000950129-04-008654,2004-11-05,a03151e8vk.htm,CIK0001067983-submissions-001.json
2004-11-15,13F-HR,0000950129-04-009025,2004-09-30,a03153ae13fvhr.txt,CIK0001067983-submissions-001.json
2004-12-17,8-K,0000950129-04-009890,2004-12-14,a04058e8vk.htm,CIK0001067983-submissions-001.json
2004-12-20,4,0000914260-04-000106,2004-12-16,xslF345X02/primary_doc.xml,CIK0001067983-submissions-001.json
2004-12-21,3,0000902012-04-000101,2004-12-14,xslF345X02/edgar.xml,CIK0001067983-submissions-001.json
2005-01-04,S-4/A,0000950129-05-000049,,v02056a1sv4za.htm,CIK0001067983-submissions-001.json
2005-01-06,4,0001005477-05-000084,2005-01-05,xslF345X02/edgar123.xml,CIK0001067983-submissions-001.json
2005-01-07,8-K,0000950129-05-000167,2005-01-06,a04485e8vk.htm,CIK0001067983-submissions-001.json
2005-01-13,8-K,0000950129-05-000334,2005-01-11,v04635e8vk.htm,CIK0001067983-submissions-001.json
2005-01-28,SC 13D/A,0001193125-05-014408,,dsc13da.htm,CIK0001067983-submissions-001.json
2005-02-04,SC 13D/A,0001193125-05-019971,,dsc13da.htm,CIK0001067983-submissions-001.json
2005-02-10,3,0001181431-05-008630,2005-02-02,xslF345X02/rrd68121.xml,CIK0001067983-submissions-001.json
2005-02-14,13F-HR,0000950129-05-001294,2004-12-31,a05449e13fvhr.txt,CIK0001067983-submissions-001.json
2005-02-14,SC 13G,0001193125-05-029173,,dsc13g.htm,CIK0001067983-submissions-001.json
2005-02-14,SC 13G/A,0001193125-05-029166,,dsc13ga.htm,CIK0001067983-submissions-001.json
2005-02-14,SC 13G/A,0001193125-05-029171,,dsc13ga.htm,CIK0001067983-submissions-001.json
2005-02-14,SC 13G/A,0001193125-05-029169,,dsc13ga.htm,CIK0001067983-submissions-001.json
2005-02-14,SC 13G/A,0001193125-05-029163,,dsc13ga.htm,CIK0001067983-submissions-001.json
2005-02-14,SC 13G/A,0001193125-05-029157,,dsc13ga.htm,CIK0001067983-submissions-001.json
2005-02-14,SC 13G/A,0001193125-05-029155,,dsc13ga.htm,CIK0001067983-submissions-001.json
2005-02-14,SC 13G/A,0000812295-05-000009,,berkshire1102005.txt,CIK0001067983-submissions-001.json
2005-02-28,PRE 14A,0000950129-05-001770,2005-04-30,a06275ppre14a.htm,CIK0001067983-submissions-001.json
2005-03-01,8-K,0000950129-05-001843,2005-02-28,a06385e8vk.htm,CIK0001067983-submissions-001.json
2005-03-03,UPLOAD,0000000000-05-010229,,filename1.txt,CIK0001067983-submissions-001.json
2005-03-10,8-K,0001193125-05-046527,2005-03-05,d8k.htm,CIK0001067983-submissions-001.json
2005-03-10,DEF 14A,0000950129-05-002188,2005-04-30,a06275ddef14a.htm,CIK0001067983-submissions-001.json
2005-03-11,4,0001181431-05-016241,2005-03-07,xslF345X02/rrd72134.xml,CIK0001067983-submissions-001.json
2005-03-15,10-K,0000950129-05-002423,2004-12-31,a06623e10vk.htm,CIK0001067983-submissions-001.json
2005-04-01,4,0000914260-05-000056,2005-03-30,xslF345X02/primary_doc.xml,CIK0001067983-submissions-001.json
2005-04-06,4,0000914260-05-000058,2005-04-05,xslF345X02/primary_doc.xml,CIK0001067983-submissions-001.json
2005-04-07,424B3,0000950129-05-003473,,a07724b3e424b3.htm,CIK0001067983-submissions-001.json
2005-04-08,S-4,0000950129-05-003479,,v07495sv4.htm,CIK0001067983-submissions-001.json
2005-04-27,4,0000914260-05-000087,2005-04-25,xslF345X02/primary_doc.xml,CIK0001067983-submissions-001.json
2005-05-03,8-K,0000950129-05-004596,2005-04-30,a08610e8vk.htm,CIK0001067983-submissions-001.json
2005-05-09,10-Q,0000950129-05-004868,2005-03-31,a08729e10vq.htm,CIK0001067983-submissions-001.json
2005-05-12,8-K,0000950129-05-005190,2005-05-06,a09156e8vk.htm,CIK0001067983-submissions-001.json
2005-05-13,8-K,0000950129-05-005293,2005-05-10,v09183e8vk.htm,CIK0001067983-submissions-001.json
2005-05-13,CORRESP,0000950129-05-005300,,filename1.txt,CIK0001067983-submissions-001.json
2005-05-13,S-4/A,0000950129-05-005297,,v07495a1sv4za.htm,CIK0001067983-submissions-001.json
2005-05-16,13F-HR,0000950129-05-005372,2005-03-31,a09059ae13fvhr.txt,CIK0001067983-submissions-001.json
2005-05-17,8-K,0000950129-05-005464,2005-05-11,v09280e8vk.htm,CIK0001067983-submissions-001.json
2005-05-17,8-K,0000950129-05-005463,2005-05-11,v09280e8vk.htm,CIK0001067983-submissions-001.json
2005-05-24,4,0000914260-05-000095,2005-05-19,xslF345X02/primary_doc.xml,CIK0001067983-submissions-001.json
2005-05-24,8-K,0000950129-05-005674,2005-05-20,v09493e8vk.htm,CIK0001067983-submissions-001.json
2005-05-25,13F-HR/A,0000950129-05-005720,2004-09-30,a09502c1e13fvhrza.txt,CIK0001067983-submissions-001.json
2005-05-25,13F-HR/A,0000950129-05-005719,2004-12-31,a09502b1e13fvhrza.txt,CIK0001067983-submissions-001.json
2005-05-25,13F-HR/A,0000950129-05-005718,2005-03-31,a09502a1e13fvhrza.txt,CIK0001067983-submissions-001.json
2005-06-06,4,0000914260-05-000098,2005-06-01,xslF345X02/primary_doc.xml,CIK0001067983-submissions-001.json
2005-06-09,4,0000914260-05-000099,2005-06-08,xslF345X02/primary_doc.xml,CIK0001067983-submissions-001.json
2005-06-13,8-K,0001193125-05-124490,2005-06-06,d8k.htm,CIK0001067983-submissions-001.json
2005-06-29,11-K,9999999997-05-030328,2004-12-31,9999999997-05-030328.paper,CIK0001067983-submissions-001.json
2005-06-29,11-K,9999999997-05-030248,2004-12-31,9999999997-05-030248.paper,CIK0001067983-submissions-001.json
2005-08-05,10-Q,0000950129-05-007767,2005-06-30,a11264e10vq.htm,CIK0001067983-submissions-001.json
2005-08-09,8-K,0000950129-05-007898,2005-08-08,a11615e8vk.htm,CIK0001067983-submissions-001.json
2005-08-09,S-4,0000950129-05-008021,,v10668sv4.htm,CIK0001067983-submissions-001.json
2005-08-15,13F-HR,0000950129-05-008251,2005-06-30,a11621ae13fvhr.txt,CIK0001067983-submissions-001.json
2005-08-24,CORRESP,0000950129-05-008625,,filename1.htm,CIK0001067983-submissions-001.json
2005-08-26,CORRESP,0000950129-05-008730,,filename1.htm,CIK0001067983-submissions-001.json
2005-09-02,3/A,0000902012-05-000040,2004-12-14,xslF345X02/edgar.xml,CIK0001067983-submissions-001.json
2005-09-02,4,0000902012-05-000041,2005-08-31,xslF345X02/edgar.xml,CIK0001067983-submissions-001.json
2005-09-06,4,0000902012-05-000042,2005-09-01,xslF345X02/edgar.xml,CIK0001067983-submissions-001.json
2005-09-07,4,0000902012-05-000043,2005-09-02,xslF345X02/edgar.xml,CIK0001067983-submissions-001.json
2005-09-08,4,0000902012-05-000044,2005-09-06,xslF345X02/edgar.xml,CIK0001067983-submissions-001.json
2005-09-09,8-K,0000950129-05-009101,2005-09-08,a12464e8vk.htm,CIK0001067983-submissions-001.json
2005-09-16,4,0000902012-05-000045,2005-09-14,xslF345X02/edgar.xml,CIK0001067983-submissions-001.json
2005-09-20,8-K,0000950129-05-009326,2005-09-19,a12753e8vk.htm,CIK0001067983-submissions-001.json
2005-09-23,4,0001181431-05-053163,2005-09-22,xslF345X02/rrd92826.xml,CIK0001067983-submissions-001.json
2005-10-07,3,0001181431-05-056000,2005-09-30,xslF345X02/rrd94205.xml,CIK0001067983-submissions-001.json
2005-10-07,8-K,0000950129-05-009750,2005-10-07,a13318e8vk.htm,CIK0001067983-submissions-001.json
2005-10-07,SC 13G,0001193125-05-198501,,dsc13g.htm,CIK0001067983-submissions-001.json
2005-11-04,10-Q,0000950129-05-010572,2005-09-30,a14052e10vq.htm,CIK0001067983-submissions-001.json
2005-11-07,11-K/A,9999999997-05-045105,2004-12-31,9999999997-05-045105.paper,CIK0001067983-submissions-001.json
2005-11-14,13F-HR,0000950129-05-011013,2005-09-30,a14387ae13fvhr.txt,CIK0001067983-submissions-001.json
2005-11-21,13F-HR/A,0000950129-05-011288,2004-12-31,a14387a5e13fvhrza.txt,CIK0001067983-submissions-001.json
2005-11-21,13F-HR/A,0000950129-05-011287,2005-09-30,a14387a4e13fvhrza.txt,CIK0001067983-submissions-001.json
2005-11-21,13F-HR/A,0000950129-05-011286,2005-06-30,a14387a3e13fvhrza.txt,CIK0001067983-submissions-001.json
2005-11-21,13F-HR/A,0000950129-05-011285,2005-03-31,a14387a2e13fvhrza.txt,CIK0001067983-submissions-001.json
2005-12-22,4,0001181431-05-068545,2005-12-22,xslF345X02/rrd101223.xml,CIK0001067983-submissions-001.json
2005-12-27,4,0000902012-05-000056,2005-12-22,xslF345X02/edgar.xml,CIK0001067983-submissions-001.json
2005-12-28,4,0000902012-05-000057,2005-12-23,xslF345X02/edgar.xml,CIK0001067983-submissions-001.json
2005-12-29,4,0001104659-05-063170,2005-12-27,xslF345X02/a4.xml,CIK0001067983-submissions-001.json
2005-12-30,4,0000902012-05-000058,2005-12-28,xslF345X02/edgar.xml,CIK0001067983-submissions-001.json
2006-01-03,4,0000902012-06-000001,2005-12-29,xslF345X02/edgar.xml,CIK0001067983-submissions-001.json
2006-01-04,4,0000902012-06-000003,2005-12-30,xslF345X02/edgar.xml,CIK0001067983-submissions-001.json
2006-01-04,4/A,0000902012-06-000002,2005-12-29,xslF345X02/edgar.xml,CIK0001067983-submissions-001.json
2006-01-05,4,0000902012-06-000004,2006-01-03,xslF345X02/edgar.xml,CIK0001067983-submissions-001.json
2006-01-17,13F-HR/A,0000950129-06-000307,2005-06-30,a16062b2e13fvhrza.txt,CIK0001067983-submissions-001.json
2006-01-17,13F-HR/A,0000950129-06-000305,2005-09-30,a16062a2e13fvhrza.txt,CIK0001067983-submissions-001.json
2006-01-31,SC 13D,0001193125-06-016324,,dsc13d.htm,CIK0001067983-submissions-001.json
2006-02-06,8-K,0001193125-06-020904,2006-02-02,d8k.htm,CIK0001067983-submissions-001.json
2006-02-14,13F-HR,0000950129-06-001495,2005-12-31,a17140ue13fvhr.txt,CIK0001067983-submissions-001.json
2006-02-14,13F-HR/A,0000950129-06-001497,2005-09-30,a17140ve13fvhrza.txt,CIK0001067983-submissions-001.json
2006-02-14,5,0001181431-06-011150,2005-12-31,xslF345X02/rrd107509.xml,CIK0001067983-submissions-001.json
2006-02-14,SC 13G,0001193125-06-031439,,dsc13g.htm,CIK0001067983-submissions-001.json
2006-02-14,SC 13G,0001193125-06-031431,,dsc13g.htm,CIK0001067983-submissions-001.json
2006-02-14,SC 13G/A,0001193125-06-031438,,dsc13ga.htm,CIK0001067983-submissions-001.json
2006-02-14,SC 13G/A,0001193125-06-031423,,dsc13ga.htm,CIK0001067983-submissions-001.json
2006-02-14,SC 13G/A,0001193125-06-031418,,dsc13ga.htm,CIK0001067983-submissions-001.json
2006-02-15,13F-HR/A,0000950150-06-000009,2005-12-31,a17140xe13fvhrza.txt,CIK0001067983-submissions-001.json
2006-03-07,8-K,0000950129-06-002330,2006-03-04,a18138e8vk.htm,CIK0001067983-submissions-001.json
2006-03-13,10-K,0000950129-06-002521,2005-12-31,a18139e10vk.htm,CIK0001067983-submissions-001.json
2006-03-13,DEF 14A,0000950129-06-002553,2006-05-06,a18384dedef14a.htm,CIK0001067983-submissions-001.json
2006-03-31,4,0001181431-06-020935,2006-03-29,xslF345X02/rrd112843.xml,CIK0001067983-submissions-001.json
2006-04-19,UPLOAD,0000000000-06-018288,,filename1.txt,CIK0001067983-submissions-001.json
2006-04-20,CORRESP,0000950129-06-004171,,filename1.htm,CIK0001067983-submissions-001.json
2006-05-05,10-Q,0000950129-06-005040,2006-03-31,a20113e10vq.htm,CIK0001067983-submissions-001.json
2006-05-15,13F-HR,0000950129-06-005536,2006-03-31,a20533te13fvhr.txt,CIK0001067983-submissions-001.json
2006-05-15,13F-HR/A,0000950129-06-005538,2005-12-31,a20533ve13fvhrza.txt,CIK0001067983-submissions-001.json
2006-05-16,CORRESP,0000950129-06-005589,,filename1.htm,CIK0001067983-submissions-001.json
2006-05-24,4,0001181431-06-032565,2006-05-23,xslF345X02/rrd119287.xml,CIK0001067983-submissions-001.json
2006-05-24,CORRESP,0000950129-06-005797,,filename1.htm,CIK0001067983-submissions-001.json
2006-06-15,4,0000914260-06-000112,2006-06-15,xslF345X02/primary_doc.xml,CIK0001067983-submissions-001.json
2006-06-15,4,0000914260-06-000111,2006-06-14,xslF345X02/primary_doc.xml,CIK0001067983-submissions-001.json
2006-06-16,4,0000914260-06-000114,2006-06-16,xslF345X02/primary_doc.xml,CIK0001067983-submissions-001.json
2006-06-16,4,0000914260-06-000113,2006-06-15,xslF345X02/primary_doc.xml,CIK0001067983-submissions-001.json
2006-06-19,4,0000914260-06-000115,2006-06-19,xslF345X02/primary_doc.xml,CIK0001067983-submissions-001.json
2006-06-20,4,0000914260-06-000116,2006-06-20,xslF345X02/primary_doc.xml,CIK0001067983-submissions-001.json
2006-06-22,4,0000914260-06-000118,2006-06-22,xslF345X02/primary_doc.xml,CIK0001067983-submissions-001.json
2006-06-22,4,0000914260-06-000117,2006-06-21,xslF345X02/primary_doc.xml,CIK0001067983-submissions-001.json
2006-06-27,8-K,0001193125-06-136954,2006-06-25,d8k.htm,CIK0001067983-submissions-001.json
2006-06-27,SC 13D/A,0001193125-06-136951,,dsc13da.htm,CIK0001067983-submissions-001.json
2006-06-28,11-K,9999999997-06-028379,2005-12-31,9999999997-06-028379.paper,CIK0001067983-submissions-001.json
2006-06-28,4,0000914260-06-000119,2006-06-26,xslF345X02/primary_doc.xml,CIK0001067983-submissions-001.json
2006-06-29,11-K,9999999997-06-028173,2005-12-31,9999999997-06-028173.paper,CIK0001067983-submissions-001.json
2006-06-30,4,0000914260-06-000121,2006-06-28,xslF345X02/primary_doc.xml,CIK0001067983-submissions-001.json
2006-07-10,4,0001181431-06-041243,2006-07-06,xslF345X02/rrd124014.xml,CIK0001067983-submissions-001.json
2006-07-10,SC 13D/A,0001193125-06-144010,,dsc13da.htm,CIK0001067983-submissions-001.json
2006-07-12,4,0000914260-06-000123,2006-07-10,xslF345X02/primary_doc.xml,CIK0001067983-submissions-001.json
2006-07-20,4,0000914260-06-000135,2006-07-19,xslF345X02/primary_doc.xml,CIK0001067983-submissions-001.json
2006-07-26,4,0000914260-06-000138,2006-07-24,xslF345X02/primary_doc.xml,CIK0001067983-submissions-001.json
2006-07-27,4,0000914260-06-000139,2006-07-26,xslF345X02/primary_doc.xml,CIK0001067983-submissions-001.json
2006-08-02,4,0001181431-06-045289,2006-08-02,xslF345X02/rrd126065.xml,CIK0001067983-submissions-001.json
2006-08-04,4,0001181431-06-045936,2006-08-03,xslF345X02/rrd126547.xml,CIK0001067983-submissions-001.json
2006-08-04,4/A,0001181431-06-045946,2006-08-02,xslF345X02/rrd126552.xml,CIK0001067983-submissions-001.json
2006-08-07,10-Q,0000950134-06-014893,2006-06-30,a22570e10vq.htm,CIK0001067983-submissions-001.json
2006-08-07,4,0001181431-06-046152,2006-08-03,xslF345X02/rrd126677.xml,CIK0001067983-submissions-001.json
2006-08-09,4,0001181431-06-046625,2006-08-07,xslF345X02/rrd126895.xml,CIK0001067983-submissions-001.json
2006-08-10,4,0001181431-06-046856,2006-08-08,xslF345X02/rrd127029.xml,CIK0001067983-submissions-001.json
2006-08-11,4,0001181431-06-047112,2006-08-09,xslF345X02/rrd127182.xml,CIK0001067983-submissions-001.json
2006-08-14,13F-HR,0000950134-06-016076,2006-06-30,a22881te13fvhr.txt,CIK0001067983-submissions-001.json
2006-08-14,13F-HR/A,0000950134-06-016077,2006-03-31,a22881ue13fvhrza.txt,CIK0001067983-submissions-001.json
2006-08-14,4,0001181431-06-047466,2006-08-10,xslF345X02/rrd127348.xml,CIK0001067983-submissions-001.json
2006-08-15,4,0001181431-06-047849,2006-08-11,xslF345X02/rrd127552.xml,CIK0001067983-submissions-001.json
2006-08-23,4,0001181431-06-049309,2006-08-21,xslF345X02/rrd128308.xml,CIK0001067983-submissions-001.json
2006-08-24,4,0001181431-06-049536,2006-08-22,xslF345X02/rrd128433.xml,CIK0001067983-submissions-001.json
2006-08-24,SC 13D,0001104659-06-056964,,a06-18596_1sc13d.htm,CIK0001067983-submissions-001.json
2006-08-25,4,0001181431-06-049674,2006-08-23,xslF345X02/rrd128578.xml,CIK0001067983-submissions-001.json
2006-08-25,SC 13D/A,0001193125-06-180013,,dsc13da.htm,CIK0001067983-submissions-001.json
2006-09-05,4,0001181431-06-051135,2006-07-21,xslF345X02/rrd128878.xml,CIK0001067983-submissions-001.json
2006-09-13,4,0001181431-06-052635,2006-09-07,xslF345X02/rrd129995.xml,CIK0001067983-submissions-001.json
2006-09-15,CORRESP,0000950134-06-017840,,filename1.htm,CIK0001067983-submissions-001.json
2006-09-21,8-K,0000950134-06-018068,2006-09-20,a23816e8vk.htm,CIK0001067983-submissions-001.json
2006-09-28,4,0000914260-06-000162,2006-09-26,xslF345X02/primary_doc.xml,CIK0001067983-submissions-001.json
2006-09-29,UPLOAD,0000000000-06-047247,,filename1.pdf,CIK0001067983-submissions-001.json
2006-10-02,4,0001181431-06-055590,2006-09-29,xslF345X02/rrd131879.xml,CIK0001067983-submissions-001.json
2006-10-06,4,0001181431-06-057299,2006-10-04,xslF345X02/rrd132661.xml,CIK0001067983-submissions-001.json
2006-10-17,8-K,0000950134-06-019197,2006-10-17,a24221e8vk.htm,CIK0001067983-submissions-001.json
2006-10-30,13F-HR/A,0000950134-06-019936,2006-06-30,a24427a2e13fvhrza.txt,CIK0001067983-submissions-001.json
2006-10-30,13F-HR/A,0000950134-06-019935,2006-06-30,a24427a1e13fvhrza.txt,CIK0001067983-submissions-001.json
2006-11-03,10-Q,0000950134-06-020444,2006-09-30,a24649e10vq.htm,CIK0001067983-submissions-001.json
2006-11-03,8-K,0000950134-06-020448,2006-11-03,a24823e8vk.htm,CIK0001067983-submissions-001.json
2006-11-13,SC 13G/A,0001193125-06-232894,,dsc13ga.htm,CIK0001067983-submissions-001.json
2006-11-14,13F-HR,0000950134-06-021611,2006-09-30,a24929te13fvhr.txt,CIK0001067983-submissions-001.json
2006-12-11,4,0001181431-06-068689,2006-12-08,xslF345X02/rrd138957.xml,CIK0001067983-submissions-001.json
2006-12-13,4,0000914260-06-000187,2006-12-12,xslF345X02/primary_doc.xml,CIK0001067983-submissions-001.json
2006-12-18,4,0000914260-06-000189,2006-12-13,xslF345X02/primary_doc.xml,CIK0001067983-submissions-001.json
2006-12-20,4,0000914260-06-000191,2006-12-19,xslF345X02/primary_doc.xml,CIK0001067983-submissions-001.json
2007-02-14,13F-HR,0000950134-07-003329,2006-12-31,a27108ue13fvhr.txt,CIK0001067983-submissions-001.json
2007-02-14,13F-HR/A,0000950134-07-003317,2006-06-30,a27108a3e13fvhrza.txt,CIK0001067983-submissions-001.json
2007-02-14,13F-HR/A,0000950134-07-003315,2006-03-31,a27108a2e13fvhrza.txt,CIK0001067983-submissions-001.json
2007-02-14,13F-HR/A,0000950134-07-003309,2006-09-30,a27108a1e13fvhrza.txt,CIK0001067983-submissions-001.json
2007-02-14,13FCONP,9999999997-08-021387,2006-03-31,9999999997-08-021387.paper,CIK0001067983-submissions-001.json
2007-02-14,13FCONP,9999999997-08-021386,2006-06-30,9999999997-08-021386.paper,CIK0001067983-submissions-001.json
2007-02-14,SC 13G,0001193125-07-031818,,dsc13g.htm,CIK0001067983-submissions-001.json
2007-02-14,SC 13G/A,0001193125-07-031908,,dsc13ga.htm,CIK0001067983-submissions-001.json
2007-02-14,SC 13G/A,0001193125-07-031907,,dsc13ga.htm,CIK0001067983-submissions-001.json
2007-02-14,SC 13G/A,0001193125-07-031883,,dsc13ga.htm,CIK0001067983-submissions-001.json
2007-02-14,SC 13G/A,0001193125-07-031865,,dsc13ga.htm,CIK0001067983-submissions-001.json
2007-03-01,10-K,0000950134-07-004573,2006-12-31,a27718e10vk.htm,CIK0001067983-submissions-001.json
2007-03-02,8-K,0000950134-07-004614,2007-03-01,a27948e8vk.htm,CIK0001067983-submissions-001.json
2007-03-02,NO ACT,9999999997-07-009929,2006-12-28,9999999997-07-009929.paper,CIK0001067983-submissions-001.json
2007-03-05,8-K,0000950134-07-004766,2007-03-01,a28000e8vk.htm,CIK0001067983-submissions-001.json
2007-03-14,DEF 14A,0000950134-07-005612,2007-05-05,a28306ddef14a.htm,CIK0001067983-submissions-001.json
2007-03-16,SC 13D/A,0001193125-07-056987,,dsc13da.htm,CIK0001067983-submissions-001.json
2007-03-26,4,0000914260-07-000080,2007-03-23,xslF345X02/primary_doc.xml,CIK0001067983-submissions-001.json
2007-04-06,3,0001181431-07-024382,2007-04-03,xslF345X02/rrd154088.xml,CIK0001067983-submissions-001.json
2007-04-06,4,0001181431-07-024383,2007-04-04,xslF345X02/rrd154090.xml,CIK0001067983-submissions-001.json
2007-05-04,10-Q,0000950150-07-000022,2007-03-31,a29898e10vq.htm,CIK0001067983-submissions-001.json
2007-05-08,8-K,0000950134-07-010665,2007-05-07,a30118e8vk.htm,CIK0001067983-submissions-001.json
2007-05-09,SC 13G,0001193125-07-108155,,dsc13g.htm,CIK0001067983-submissions-001.json
2007-05-10,424B3,0001193125-07-108587,,d424b3.htm,CIK0001067983-submissions-001.json
2007-05-11,FWP,0001193125-07-110606,,dfwp.htm,CIK0001067983-submissions-001.json
2007-05-14,3,0001181431-07-032030,2007-05-05,xslF345X02/rrd158219.xml,CIK0001067983-submissions-001.json
2007-05-15,13F-HR,0000950134-07-011675,2007-03-31,a30064ue13fvhr.txt,CIK0001067983-submissions-001.json
2007-05-15,13F-HR/A,0000950134-07-011635,2006-09-30,a30064be13fvhrza.txt,CIK0001067983-submissions-001.json
2007-05-15,13F-HR/A,0000950134-07-011634,2006-12-31,a30064ae13fvhrza.txt,CIK0001067983-submissions-001.json
2007-05-15,13FCONP,9999999997-08-021385,2006-09-30,9999999997-08-021385.paper,CIK0001067983-submissions-001.json
2007-05-15,424B3,0001193125-07-114060,,d424b3.htm,CIK0001067983-submissions-001.json
2007-06-07,S-4,0000950124-07-003211,,v30599orsv4.htm,CIK0001067983-submissions-001.json
2007-06-22,11-K,9999999997-07-029706,2006-12-31,9999999997-07-029706.paper,CIK0001067983-submissions-001.json
2007-07-02,11-K,9999999997-07-033991,2006-12-31,9999999997-07-033991.paper,CIK0001067983-submissions-001.json
2007-07-11,4,0001181431-07-045201,2007-07-09,xslF345X02/rrd165515.xml,CIK0001067983-submissions-001.json
2007-07-11,SC 13D/A,0001193125-07-153327,,dsc13da.htm,CIK0001067983-submissions-001.json
2007-07-17,SC 13D/A,0001104659-07-054348,,a07-19603_1sc13da.htm,CIK0001067983-submissions-001.json
2007-07-24,CORRESP,0000950124-07-003747,,filename1.htm,CIK0001067983-submissions-001.json
2007-07-24,S-4/A,0000950124-07-003734,,v30599a1sv4za.htm,CIK0001067983-submissions-001.json
2007-08-03,10-Q,0000950134-07-016772,2007-06-30,a32496e10vq.htm,CIK0001067983-submissions-001.json
2007-08-07,4,0001181431-07-050682,2007-08-03,xslF345X02/rrd168689.xml,CIK0001067983-submissions-001.json
2007-08-09,CORRESP,0000950148-07-000191,,filename1.htm,CIK0001067983-submissions-001.json
2007-08-09,S-4/A,0000950148-07-000190,,v32769a2sv4za.htm,CIK0001067983-submissions-001.json
2007-08-13,EFFECT,9999999995-07-003284,,xslEFFECTX01/primary_doc.xml,CIK0001067983-submissions-001.json
2007-08-14,13F-HR,0000950134-07-018234,2007-06-30,a32912ce13fvhr.txt,CIK0001067983-submissions-001.json
2007-08-17,4,0001209191-07-049064,2007-08-15,xslF345X02/doc4.xml,CIK0001067983-submissions-001.json
2007-08-27,4,0001209191-07-050693,2007-08-23,xslF345X02/doc4.xml,CIK0001067983-submissions-001.json
2007-08-27,UPLOAD,0000000000-07-041898,,filename1.pdf,CIK0001067983-submissions-001.json
2007-08-30,4,0001209191-07-051352,2007-08-28,xslF345X02/doc4.xml,CIK0001067983-submissions-001.json
2007-09-04,4,0001209191-07-051852,2007-08-30,xslF345X02/doc4.xml,CIK0001067983-submissions-001.json
2007-09-14,4,0001181431-07-057453,2007-09-13,xslF345X02/rrd172542.xml,CIK0001067983-submissions-001.json
2007-09-18,CORRESP,0000950134-07-020092,,filename1.htm,CIK0001067983-submissions-001.json
2007-09-20,4,0001209191-07-054495,2007-09-18,xslF345X02/doc4.xml,CIK0001067983-submissions-001.json
2007-09-24,4,0001209191-07-054823,2007-09-20,xslF345X02/doc4.xml,CIK0001067983-submissions-001.json
2007-10-05,4,0001209191-07-057345,2007-10-03,xslF345X02/doc4.xml,CIK0001067983-submissions-001.json
2007-10-05,SC 13G/A,0001193125-07-214338,,dsc13ga.htm,CIK0001067983-submissions-001.json
2007-10-10,SC 13G/A,0001193125-07-216236,,dsc13ga.htm,CIK0001067983-submissions-001.json
2007-10-15,13F-HR/A,0000950134-07-021307,2007-06-30,a34345a1e13fvhrza.txt,CIK0001067983-submissions-001.json
2007-11-02,10-Q,0000950134-07-022672,2007-09-30,a35091e10vq.htm,CIK0001067983-submissions-001.json
2007-11-14,13F-HR,0000950134-07-024008,2007-09-30,a35361te13fvhr.txt,CIK0001067983-submissions-001.json
2007-11-16,4,0001181431-07-070037,2007-11-15,xslF345X02/rrd178874.xml,CIK0001067983-submissions-001.json
2007-11-27,UPLOAD,0000000000-07-057507,,filename1.pdf,CIK0001067983-submissions-001.json
2007-12-07,S-4,0000950148-07-000304,,v35575sv4.htm,CIK0001067983-submissions-001.json
2008-01-10,4,0001209191-08-003170,2008-01-08,xslF345X02/doc4.xml,CIK0001067983-submissions-001.json
2008-01-10,4,0001209191-08-002994,2008-01-07,xslF345X02/doc4.xml,CIK0001067983-submissions-001.json
2008-01-16,4,0001209191-08-003990,2008-01-14,xslF345X02/doc4.xml,CIK0001067983-submissions-001.json
2008-01-18,4,0001209191-08-004613,2008-01-16,xslF345X02/doc4.xml,CIK0001067983-submissions-001.json
2008-01-22,NO ACT,9999999997-08-004500,2007-12-21,9999999997-08-004500.paper,CIK0001067983-submissions-001.json
2008-01-24,4,0001209191-08-005462,2008-01-22,xslF345X02/doc4.xml,CIK0001067983-submissions-001.json
2008-01-25,5,0001209191-08-005595,2007-12-31,xslF345X02/doc5.xml,CIK0001067983-submissions-001.json
2008-02-04,EFFECT,9999999995-08-000407,,xslEFFECTX01/primary_doc.xml,CIK0001067983-submissions-001.json
2008-02-14,13F-HR,0000950134-08-002742,2007-12-31,a37683ce13fvhr.txt,CIK0001067983-submissions-001.json
2008-02-14,13F-HR/A,0000950134-08-002783,2007-06-30,a37683xe13fvhrza.txt,CIK0001067983-submissions-001.json
2008-02-14,13F-HR/A,0000950134-08-002781,2007-09-30,a37683we13fvhrza.txt,CIK0001067983-submissions-001.json
2008-02-14,13FCONP,9999999997-08-021384,2007-09-30,9999999997-08-021384.paper,CIK0001067983-submissions-001.json
2008-02-14,13FCONP,9999999997-08-021383,2007-06-30,9999999997-08-021383.paper,CIK0001067983-submissions-001.json
2008-02-14,SC 13G,0001193125-08-031516,,dsc13g.htm,CIK0001067983-submissions-001.json
2008-02-14,SC 13G,0001193125-08-031504,,dsc13g.htm,CIK0001067983-submissions-001.json
2008-02-14,SC 13G/A,0001193125-08-031520,,dsc13ga.htm,CIK0001067983-submissions-001.json
2008-02-14,SC 13G/A,0001193125-08-031509,,dsc13ga.htm,CIK0001067983-submissions-001.json
2008-02-26,8-K,0000950134-08-003444,2008-02-25,a38483e8vk.htm,CIK0001067983-submissions-001.json
2008-02-29,10-K,0000950134-08-003848,2007-12-31,a38469e10vk.htm,CIK0001067983-submissions-001.json
2008-03-17,DEF 14A,0000950134-08-004840,2008-05-03,a39017ddef14a.htm,CIK0001067983-submissions-001.json
2008-03-17,S-4,0000950137-08-003740,,v38173sv4.htm,CIK0001067983-submissions-001.json
2008-03-20,SC 13D/A,0001104659-08-018910,,a08-8047_1sc13da.htm,CIK0001067983-submissions-001.json
2008-04-15,8-K,0000950134-08-006626,2008-04-14,a39896e8vk.htm,CIK0001067983-submissions-001.json
2008-04-28,EFFECT,9999999995-08-001248,,xslEFFECTX01/primary_doc.xml,CIK0001067983-submissions-001.json
2008-05-02,10-Q,0000950148-08-000131,2008-03-31,a40317e10vq.htm,CIK0001067983-submissions-001.json
2008-05-15,13F-HR,0000950148-08-000200,2008-03-31,v40691ae13fvhr.txt,CIK0001067983-submissions-001.json
2008-06-04,UPLOAD,0000000000-08-027984,,filename1.pdf,CIK0001067983-submissions-001.json
2008-06-09,CORRESP,0000950137-08-008308,,filename1.htm,CIK0001067983-submissions-001.json
2008-06-26,11-K,9999999997-08-030285,2007-12-31,9999999997-08-030285.paper,CIK0001067983-submissions-001.json
2008-06-30,11-K,9999999997-08-030871,2007-12-31,9999999997-08-030871.paper,CIK0001067983-submissions-001.json
2008-07-03,CORRESP,0000950137-08-009152,,filename1.htm,CIK0001067983-submissions-001.json
2008-07-03,SC 13D/A,0001104659-08-044056,,a08-18023_1sc13da.htm,CIK0001067983-submissions-001.json
2008-07-07,4,0001181431-08-042407,2008-02-14,xslF345X03/rrd212774.xml,CIK0001067983-submissions-001.json
2008-07-07,SC 13D/A,0001193125-08-147461,,dsc13da.htm,CIK0001067983-submissions-001.json
2008-08-08,10-Q,0000950150-08-000015,2008-06-30,v42777e10vq.htm,CIK0001067983-submissions-001.json
2008-08-14,13F-HR,0000950134-08-015283,2008-06-30,v42827ve13fvhr.txt,CIK0001067983-submissions-001.json
2008-08-15,S-4,0000950134-08-015341,,v42230sv4.htm,CIK0001067983-submissions-001.json
2008-09-04,CORRESP,0000950134-08-016176,,filename1.htm,CIK0001067983-submissions-001.json
2008-09-14,UPLOAD,0000000000-08-046279,,filename1.pdf,CIK0001067983-submissions-001.json
2008-10-03,CORRESP,0000950152-08-007675,,filename1.htm,CIK0001067983-submissions-001.json
2008-10-07,UPLOAD,0000000000-08-050394,,filename1.pdf,CIK0001067983-submissions-001.json
2008-10-08,4,0001181431-08-056694,2008-10-06,xslF345X03/rrd220612.xml,CIK0001067983-submissions-001.json
2008-10-10,4,0001181431-08-056982,2008-10-08,xslF345X03/rrd220897.xml,CIK0001067983-submissions-001.json
2008-10-14,4,0001181431-08-057239,2008-10-10,xslF345X03/rrd221028.xml,CIK0001067983-submissions-001.json
2008-10-20,4,0001181431-08-057829,2008-10-16,xslF345X03/rrd221295.xml,CIK0001067983-submissions-001.json
2008-10-22,EFFECT,9999999995-08-003186,,xslEFFECTX01/primary_doc.xml,CIK0001067983-submissions-001.json
2008-10-30,4,0001181431-08-059004,2008-10-28,xslF345X03/rrd221872.xml,CIK0001067983-submissions-001.json
2008-11-03,4,0001181431-08-059340,2008-10-31,xslF345X03/rrd221969.xml,CIK0001067983-submissions-001.json
2008-11-03,SC 13G/A,0001193125-08-222778,,dsc13ga.htm,CIK0001067983-submissions-001.json
2008-11-07,10-Q,0000950150-08-000030,2008-09-30,v50391e10vq.htm,CIK0001067983-submissions-001.json
2008-11-14,13F-HR,0000950134-08-020620,2008-09-30,v50493we13fvhr.txt,CIK0001067983-submissions-001.json
2008-11-14,13F-HR/A,0000950134-08-020619,2008-06-30,v50493ve13fvhrza.txt,CIK0001067983-submissions-001.json
2008-11-21,4,0001181431-08-063602,2008-11-20,xslF345X03/rrd224408.xml,CIK0001067983-submissions-001.json
2008-11-24,4,0001181431-08-063832,2008-11-20,xslF345X03/rrd224450.xml,CIK0001067983-submissions-001.json
2008-12-05,4,0001181431-08-065808,2008-12-03,xslF345X03/rrd225536.xml,CIK0001067983-submissions-001.json
2008-12-10,4,0001181431-08-066742,2008-12-08,xslF345X03/rrd226027.xml,CIK0001067983-submissions-001.json
2008-12-12,4,0001181431-08-067249,2008-12-11,xslF345X03/rrd226290.xml,CIK0001067983-submissions-001.json
2008-12-15,SC 13D,0001193125-08-253642,,dsc13d.htm,CIK0001067983-submissions-001.json
2009-01-20,4,0001181431-09-003954,2009-01-15,xslF345X03/rrd230489.xml,CIK0001067983-submissions-001.json
2009-01-22,SC 13D/A,0001193125-09-009808,,dsc13da.htm,CIK0001067983-submissions-001.json
2009-01-23,SC 13D,0001193125-09-010505,,dsc13d.htm,CIK0001067983-submissions-001.json
2009-01-26,5,0001181431-09-004746,2008-12-31,xslF345X03/rrd230613.xml,CIK0001067983-submissions-001.json
2009-02-02,4,0001181431-09-005922,2009-01-30,xslF345X03/rrd231490.xml,CIK0001067983-submissions-001.json
2009-02-11,4,0001181431-09-008180,2009-02-09,xslF345X03/rrd232358.xml,CIK0001067983-submissions-001.json
2009-02-11,SC 13D/A,0001193125-09-025581,,dsc13da.htm,CIK0001067983-submissions-001.json
2009-02-11,SC 13G,0001193125-09-025532,,dsc13g.htm,CIK0001067983-submissions-001.json
2009-02-17,13F-HR,0000950134-09-003064,2008-12-31,v51307e13fvhr.txt,CIK0001067983-submissions-001.json
2009-02-17,SC 13G,0001193125-09-031284,,dsc13g.htm,CIK0001067983-submissions-001.json
2009-02-17,SC 13G/A,0001193125-09-031300,,dsc13ga.htm,CIK0001067983-submissions-001.json
2009-02-17,SC 13G/A,0001193125-09-031272,,dsc13ga.htm,CIK0001067983-submissions-001.json
2009-03-02,10-K,0001193125-09-042055,2008-12-31,d10k.htm,CIK0001067983-submissions-001.json
2009-03-02,8-K,0001193125-09-042455,2009-02-28,d8k.htm,CIK0001067983-submissions-001.json
2009-03-06,SC 13D/A,0001104659-09-015146,,a09-7147_1sc13da.htm,CIK0001067983-submissions-001.json
2009-03-13,DEF 14A,0001193125-09-052444,2009-05-02,ddef14a.htm,CIK0001067983-submissions-001.json
2009-04-03,S-4,0000950134-09-006933,,v51790sv4.htm,CIK0001067983-submissions-001.json
2009-04-21,UPLOAD,0000000000-09-020748,,filename1.pdf,CIK0001067983-submissions-001.json
2009-04-22,CORRESP,0001193125-09-084563,,filename1.htm,CIK0001067983-submissions-001.json
2009-04-22,PX14A6G,0001214659-09-000966,,c42091px14a6g.htm,CIK0001067983-submissions-001.json
2009-05-04,8-K,0001193125-09-096976,2009-05-02,d8k.htm,CIK0001067983-submissions-001.json
2009-05-08,10-Q,0001193125-09-105560,2009-03-31,d10q.htm,CIK0001067983-submissions-001.json
2009-05-15,13F-HR,0000950134-09-010823,2009-03-31,a52403e13fvhr.txt,CIK0001067983-submissions-001.json
2009-05-22,CORRESP,0001193125-09-117701,,filename1.htm,CIK0001067983-submissions-001.json
2009-05-29,SC 13G,0001193125-09-121677,,dsc13g.htm,CIK0001067983-submissions-001.json
2009-06-23,11-K,9999999997-09-021913,2008-12-31,9999999997-09-021913.paper,CIK0001067983-submissions-001.json
2009-06-26,CORRESP,0001193125-09-139074,,filename1.htm,CIK0001067983-submissions-001.json
2009-06-29,UPLOAD,0000000000-09-034324,,filename1.pdf,CIK0001067983-submissions-001.json
2009-06-30,11-K,9999999997-09-023042,2008-12-31,9999999997-09-023042.paper,CIK0001067983-submissions-001.json
2009-07-01,4,0001181431-09-033014,2009-06-29,xslF345X03/rrd247218.xml,CIK0001067983-submissions-001.json
2009-07-02,3,0001104659-09-041802,2009-07-01,xslF345X02/a3.xml,CIK0001067983-submissions-001.json
2009-07-02,4,0001166559-09-000006,2009-07-01,xslF345X03/edgar.xml,CIK0001067983-submissions-001.json
2009-07-02,4,0001181431-09-033703,2009-02-11,xslF345X03/rrd247555.xml,CIK0001067983-submissions-001.json
2009-07-02,SC 13D/A,0001104659-09-041810,,a09-17509_1sc13da.htm,CIK0001067983-submissions-001.json
2009-07-02,SC 13D/A,0001193125-09-143589,,dsc13da.htm,CIK0001067983-submissions-001.json
2009-07-06,4,0001166559-09-000008,2009-07-02,xslF345X03/edgar.xml,CIK0001067983-submissions-001.json
2009-07-07,4,0001166559-09-000010,2009-07-06,xslF345X03/edgar.xml,CIK0001067983-submissions-001.json
2009-07-07,8-K,0001193125-09-144981,2009-07-07,d8k.htm,CIK0001067983-submissions-001.json
2009-07-07,S-4/A,0000950123-09-020520,,v51790a1sv4za.htm,CIK0001067983-submissions-001.json
2009-07-08,4,0001166559-09-000012,2009-07-07,xslF345X03/edgar.xml,CIK0001067983-submissions-001.json
2009-07-09,4,0001166559-09-000014,2009-07-08,xslF345X03/edgar.xml,CIK0001067983-submissions-001.json
2009-07-10,4,0001166559-09-000016,2009-07-09,xslF345X03/edgar.xml,CIK0001067983-submissions-001.json
2009-07-13,4,0001166559-09-000018,2009-07-10,xslF345X03/edgar.xml,CIK0001067983-submissions-001.json
2009-07-14,4,0001166559-09-000020,2009-07-13,xslF345X03/edgar.xml,CIK0001067983-submissions-001.json
2009-07-15,4,0001166559-09-000022,2009-07-14,xslF345X03/edgar.xml,CIK0001067983-submissions-001.json
2009-07-16,4,0001166559-09-000024,2009-07-15,xslF345X03/edgar.xml,CIK0001067983-submissions-001.json
2009-07-17,4,0001166559-09-000026,2009-07-16,xslF345X03/edgar.xml,CIK0001067983-submissions-001.json
2009-07-17,EFFECT,9999999995-09-001978,,xslEFFECTX01/primary_doc.xml,CIK0001067983-submissions-001.json
2009-07-20,4,0001166559-09-000028,2009-07-17,xslF345X03/edgar.xml,CIK0001067983-submissions-001.json
2009-07-21,4,0001166559-09-000030,2009-07-20,xslF345X03/edgar.xml,CIK0001067983-submissions-001.json
2009-07-22,4,0001181431-09-036112,2009-07-20,xslF345X03/rrd248885.xml,CIK0001067983-submissions-001.json
2009-07-22,4,0001166559-09-000032,2009-07-21,xslF345X03/edgar.xml,CIK0001067983-submissions-001.json
2009-07-22,SC 13D/A,0001193125-09-153219,,dsc13da.htm,CIK0001067983-submissions-001.json
2009-07-23,4,0001166559-09-000034,2009-07-22,xslF345X03/edgar.xml,CIK0001067983-submissions-001.json
2009-07-23,SC 13G,0001193125-09-154018,,dsc13g.htm,CIK0001067983-submissions-001.json
2009-07-24,4,0001166559-09-000036,2009-07-23,xslF345X03/edgar.xml,CIK0001067983-submissions-001.json
2009-07-27,4,0001166559-09-000038,2009-07-24,xslF345X03/edgar.xml,CIK0001067983-submissions-001.json
2009-07-28,4,0001166559-09-000040,2009-07-27,xslF345X03/edgar.xml,CIK0001067983-submissions-001.json
2009-07-29,4,0001166559-09-000042,2009-07-28,xslF345X03/edgar.xml,CIK0001067983-submissions-001.json
2009-07-30,4,0001166559-09-000044,2009-07-29,xslF345X03/edgar.xml,CIK0001067983-submissions-001.json
2009-07-31,4,0001166559-09-000046,2009-07-30,xslF345X03/edgar.xml,CIK0001067983-submissions-001.json
2009-08-03,4,0001166559-09-000048,2009-07-31,xslF345X03/edgar.xml,CIK0001067983-submissions-001.json
2009-08-04,4,0001166559-09-000050,2009-08-03,xslF345X03/edgar.xml,CIK0001067983-submissions-001.json
2009-08-05,4,0001166559-09-000052,2009-08-04,xslF345X03/edgar.xml,CIK0001067983-submissions-001.json
2009-08-06,4,0001166559-09-000054,2009-08-05,xslF345X03/edgar.xml,CIK0001067983-submissions-001.json
2009-08-07,10-Q,0001157523-09-005813,2009-06-30,a6021509.htm,CIK0001067983-submissions-001.json
2009-08-07,4,0001166559-09-000056,2009-08-06,xslF345X03/edgar.xml,CIK0001067983-submissions-001.json
2009-08-10,4,0001166559-09-000058,2009-08-07,xslF345X03/edgar.xml,CIK0001067983-submissions-001.json
2009-08-11,4,0001166559-09-000060,2009-08-10,xslF345X03/edgar.xml,CIK0001067983-submissions-001.json
2009-08-12,4,0001166559-09-000062,2009-08-11,xslF345X03/edgar.xml,CIK0001067983-submissions-001.json
2009-08-13,4,0001166559-09-000064,2009-08-12,xslF345X03/edgar.xml,CIK0001067983-submissions-001.json
2009-08-14,13F-HR,0000950123-09-035453,2009-06-30,v53429ae13fvhr.txt,CIK0001067983-submissions-001.json
2009-08-14,4,0001166559-09-000066,2009-08-13,xslF345X03/edgar.xml,CIK0001067983-submissions-001.json
2009-08-17,4,0001166559-09-000068,2009-08-14,xslF345X03/edgar.xml,CIK0001067983-submissions-001.json
2009-08-18,4,0001166559-09-000072,2009-08-17,xslF345X03/edgar.xml,CIK0001067983-submissions-001.json
2009-08-19,4,0001166559-09-000074,2009-08-18,xslF345X03/edgar.xml,CIK0001067983-submissions-001.json
2009-08-20,4,0001166559-09-000076,2009-08-19,xslF345X03/edgar.xml,CIK0001067983-submissions-001.json
2009-08-21,4,0001166559-09-000078,2009-08-20,xslF345X03/edgar.xml,CIK0001067983-submissions-001.json
2009-08-24,4,0001166559-09-000082,2009-08-21,xslF345X03/edgar.xml,CIK0001067983-submissions-001.json
2009-08-25,4,0001166559-09-000084,2009-08-24,xslF345X03/edgar.xml,CIK0001067983-submissions-001.json
2009-08-26,4,0001166559-09-000086,2009-08-25,xslF345X03/edgar.xml,CIK0001067983-submissions-001.json
2009-08-27,4,0001166559-09-000089,2009-08-26,xslF345X03/edgar.xml,CIK0001067983-submissions-001.json
2009-08-28,4,0001166559-09-000091,2009-08-27,xslF345X03/edgar.xml,CIK0001067983-submissions-001.json
2009-08-31,4,0001166559-09-000093,2009-08-28,xslF345X03/edgar.xml,CIK0001067983-submissions-001.json
2009-09-01,4,0001166559-09-000095,2009-08-31,xslF345X03/edgar.xml,CIK0001067983-submissions-001.json
2009-09-02,4,0001166559-09-000097,2009-09-01,xslF345X03/edgar.xml,CIK0001067983-submissions-001.json
2009-09-03,4,0001181431-09-042750,2009-09-01,xslF345X03/rrd252344.xml,CIK0001067983-submissions-001.json
2009-09-03,4,0001166559-09-000099,2009-09-02,xslF345X03/edgar.xml,CIK0001067983-submissions-001.json
2009-09-04,4,0001166559-09-000101,2009-09-03,xslF345X03/edgar.xml,CIK0001067983-submissions-001.json
2009-09-08,4,0001166559-09-000103,2009-09-04,xslF345X03/edgar.xml,CIK0001067983-submissions-001.json
2009-09-09,4,0001166559-09-000105,2009-09-08,xslF345X03/edgar.xml,CIK0001067983-submissions-001.json
2009-09-10,4,0001166559-09-000107,2009-09-09,xslF345X03/edgar.xml,CIK0001067983-submissions-001.json
2009-09-11,4,0001166559-09-000109,2009-09-10,xslF345X03/edgar.xml,CIK0001067983-submissions-001.json
2009-09-14,4,0001166559-09-000111,2009-09-11,xslF345X03/edgar.xml,CIK0001067983-submissions-001.json
2009-09-15,4,0001166559-09-000113,2009-09-14,xslF345X03/edgar.xml,CIK0001067983-submissions-001.json
2009-09-16,4,0001166559-09-000115,2009-09-15,xslF345X03/edgar.xml,CIK0001067983-submissions-001.json
2009-09-17,4,0001166559-09-000117,2009-09-16,xslF345X03/edgar.xml,CIK0001067983-submissions-001.json
2009-09-18,4,0001166559-09-000119,2009-09-17,xslF345X03/edgar.xml,CIK0001067983-submissions-001.json
2009-09-21,4,0001166559-09-000121,2009-09-18,xslF345X03/edgar.xml,CIK0001067983-submissions-001.json
2009-09-22,4,0001166559-09-000123,2009-09-21,xslF345X03/edgar.xml,CIK0001067983-submissions-001.json
2009-09-23,4,0001166559-09-000125,2009-09-22,xslF345X03/edgar.xml,CIK0001067983-submissions-001.json
2009-09-24,4,0001166559-09-000127,2009-09-23,xslF345X03/edgar.xml,CIK0001067983-submissions-001.json
2009-09-25,4,0001166559-09-000129,2009-09-24,xslF345X03/edgar.xml,CIK0001067983-submissions-001.json
2009-09-28,4,0001166559-09-000131,2009-09-25,xslF345X03/edgar.xml,CIK0001067983-submissions-001.json
2009-09-29,4,0001166559-09-000133,2009-09-28,xslF345X03/edgar.xml,CIK0001067983-submissions-001.json
2009-09-30,4,0001166559-09-000135,2009-09-29,xslF345X03/edgar.xml,CIK0001067983-submissions-001.json
2009-10-01,4,0001166559-09-000137,2009-09-30,xslF345X03/edgar.xml,CIK0001067983-submissions-001.json
2009-10-02,4,0001166559-09-000139,2009-10-01,xslF345X03/edgar.xml,CIK0001067983-submissions-001.json
2009-10-05,4,0001166559-09-000141,2009-10-02,xslF345X03/edgar.xml,CIK0001067983-submissions-001.json
2009-10-06,4,0001166559-09-000143,2009-10-05,xslF345X03/edgar.xml,CIK0001067983-submissions-001.json
2009-10-07,4,0001225208-09-020321,2009-10-06,xslF345X03/doc4.xml,CIK0001067983-submissions-001.json
2009-10-08,4,0001225208-09-020424,2009-10-07,xslF345X03/doc4.xml,CIK0001067983-submissions-001.json
2009-10-09,4,0001225208-09-020440,2009-10-08,xslF345X03/doc4.xml,CIK0001067983-submissions-001.json
2009-10-13,4,0001225208-09-020479,2009-10-12,xslF345X03/doc4.xml,CIK0001067983-submissions-001.json
2009-10-13,4,0001225208-09-020477,2009-10-09,xslF345X03/doc4.xml,CIK0001067983-submissions-001.json
2009-10-14,4,0001225208-09-020515,2009-10-13,xslF345X03/doc4.xml,CIK0001067983-submissions-001.json
2009-10-15,4,0001225208-09-020565,2009-10-14,xslF345X03/doc4.xml,CIK0001067983-submissions-001.json
2009-10-16,4,0001225208-09-020607,2009-10-15,xslF345X03/doc4.xml,CIK0001067983-submissions-001.json
2009-10-19,4,0001225208-09-020673,2009-10-16,xslF345X03/doc4.xml,CIK0001067983-submissions-001.json
2009-10-20,4,0001225208-09-020708,2009-10-19,xslF345X03/doc4.xml,CIK0001067983-submissions-001.json
2009-10-21,4,0001225208-09-020757,2009-10-20,xslF345X03/doc4.xml,CIK0001067983-submissions-001.json
2009-10-22,4,0001225208-09-020792,2009-10-21,xslF345X03/doc4.xml,CIK0001067983-submissions-001.json
2009-10-23,4,0001225208-09-020863,2009-10-22,xslF345X03/doc4.xml,CIK0001067983-submissions-001.json
2009-10-26,4,0001225208-09-020897,2009-10-23,xslF345X03/doc4.xml,CIK0001067983-submissions-001.json
2009-10-27,4,0001225208-09-021023,2009-10-26,xslF345X03/doc4.xml,CIK0001067983-submissions-001.json
2009-10-28,4,0001225208-09-021075,2009-10-27,xslF345X03/doc4.xml,CIK0001067983-submissions-001.json
2009-10-29,4,0001225208-09-021138,2009-10-28,xslF345X03/doc4.xml,CIK0001067983-submissions-001.json
2009-10-30,4,0001181431-09-049353,2009-10-28,xslF345X03/rrd255893.xml,CIK0001067983-submissions-001.json
2009-10-30,4,0001225208-09-021183,2009-10-29,xslF345X03/doc4.xml,CIK0001067983-submissions-001.json
2009-11-02,4,0001225208-09-021316,2009-10-30,xslF345X03/doc4.xml,CIK0001067983-submissions-001.json
2009-11-03,4,0001225208-09-021518,2009-11-02,xslF345X03/doc4.xml,CIK0001067983-submissions-001.json
2009-11-03,425,0001193125-09-222274,,d8k.htm,CIK0001067983-submissions-001.json
2009-11-03,8-K,0001193125-09-222271,2009-11-02,d8k.htm,CIK0001067983-submissions-001.json
2009-11-03,SC 13D/A,0001193125-09-222301,,dsc13da.htm,CIK0001067983-submissions-001.json
2009-11-03,SC 13D/A,0001193125-09-222292,,dsc13da.htm,CIK0001067983-submissions-001.json
2009-11-04,4,0001225208-09-021653,2009-11-03,xslF345X03/doc4.xml,CIK0001067983-submissions-001.json
2009-11-04,425,0001193125-09-222635,,d425.htm,CIK0001067983-submissions-001.json
2009-11-04,425,0001193125-09-222633,,d425.htm,CIK0001067983-submissions-001.json
2009-11-05,4,0001225208-09-021765,2009-11-04,xslF345X03/doc4.xml,CIK0001067983-submissions-001.json
2009-11-06,10-Q,0001157523-09-007839,2009-09-30,a6089935.htm,CIK0001067983-submissions-001.json
2009-11-06,4,0001225208-09-021874,2009-11-05,xslF345X03/doc4.xml,CIK0001067983-submissions-001.json
2009-11-09,4,0001225208-09-021989,2009-11-06,xslF345X03/doc4.xml,CIK0001067983-submissions-001.json
2009-11-10,4,0001225208-09-022099,2009-11-09,xslF345X03/doc4.xml,CIK0001067983-submissions-001.json
2009-11-12,4,0001225208-09-022240,2009-11-10,xslF345X03/doc4.xml,CIK0001067983-submissions-001.json
2009-11-13,4,0001225208-09-022303,2009-11-12,xslF345X03/doc4.xml,CIK0001067983-submissions-001.json
2009-11-16,13F-HR,0000950123-09-063028,2009-09-30,v54313e13fvhr.txt,CIK0001067983-submissions-001.json
2009-11-16,13F-HR/A,0000950123-09-063022,2009-06-30,v54313xxe13fvhrza.txt,CIK0001067983-submissions-001.json
2009-11-16,13FCONP,9999999997-09-027680,2009-06-30,9999999997-09-027680.paper,CIK0001067983-submissions-001.json
2009-11-16,4,0001225208-09-022333,2009-11-13,xslF345X03/doc4.xml,CIK0001067983-submissions-001.json
2009-11-16,425,0001193125-09-235940,,d425.htm,CIK0001067983-submissions-001.json
2009-11-16,425,0001193125-09-234511,,d425.htm,CIK0001067983-submissions-001.json
2009-11-17,4,0001225208-09-022394,2009-11-16,xslF345X03/doc4.xml,CIK0001067983-submissions-001.json
2009-11-18,4,0001225208-09-022492,2009-11-17,xslF345X03/doc4.xml,CIK0001067983-submissions-001.json
2009-11-19,4,0001225208-09-022583,2009-11-18,xslF345X03/doc4.xml,CIK0001067983-submissions-001.json
2009-11-19,SC 13D/A,0001193125-09-238536,,dsc13da.htm,CIK0001067983-submissions-001.json
2009-11-20,4,0001225208-09-022668,2009-11-19,xslF345X03/doc4.xml,CIK0001067983-submissions-001.json
2009-11-20,PRE 14A,0001193125-09-239358,2010-01-05,dpre14a.htm,CIK0001067983-submissions-001.json
2009-11-23,4,0001225208-09-022751,2009-11-20,xslF345X03/doc4.xml,CIK0001067983-submissions-001.json
2009-11-24,13F-HR/A,0000950123-09-065631,2009-09-30,v54467a1e13fvhrza.txt,CIK0001067983-submissions-001.json
2009-11-24,4,0001225208-09-022892,2009-11-23,xslF345X03/doc4.xml,CIK0001067983-submissions-001.json
2009-11-25,4,0001225208-09-023059,2009-11-24,xslF345X03/doc4.xml,CIK0001067983-submissions-001.json
2009-11-25,S-4,0001193125-09-242246,,ds4.htm,CIK0001067983-submissions-001.json
2009-11-27,4,0001225208-09-023306,2009-11-25,xslF345X03/doc4.xml,CIK0001067983-submissions-001.json
2009-11-30,4,0001225208-09-023401,2009-11-27,xslF345X03/doc4.xml,CIK0001067983-submissions-001.json
2009-12-01,4,0001225208-09-023524,2009-11-30,xslF345X03/doc4.xml,CIK0001067983-submissions-001.json
2009-12-02,4,0001225208-09-023756,2009-12-01,xslF345X03/doc4.xml,CIK0001067983-submissions-001.json
2009-12-03,4,0001225208-09-023921,2009-12-02,xslF345X03/doc4.xml,CIK0001067983-submissions-001.json
2009-12-04,4,0001225208-09-024012,2009-12-03,xslF345X03/doc4.xml,CIK0001067983-submissions-001.json
2009-12-04,PRER14A,0001193125-09-246993,,dprer14a.htm,CIK0001067983-submissions-001.json
2009-12-07,4,0001225208-09-024089,2009-12-04,xslF345X03/doc4.xml,CIK0001067983-submissions-001.json
2009-12-08,4,0001225208-09-024180,2009-12-07,xslF345X03/doc4.xml,CIK0001067983-submissions-001.json
2009-12-09,4,0001181431-09-055868,2009-12-07,xslF345X03/rrd259207.xml,CIK0001067983-submissions-001.json
2009-12-09,4,0001225208-09-024249,2009-12-08,xslF345X03/doc4.xml,CIK0001067983-submissions-001.json
2009-12-09,DEF 14A,0001193125-09-249994,2010-01-20,ddef14a.htm,CIK0001067983-submissions-001.json
2009-12-10,4,0001225208-09-024296,2009-12-09,xslF345X03/doc4.xml,CIK0001067983-submissions-001.json
2009-12-11,4,0001225208-09-024374,2009-12-10,xslF345X03/doc4.xml,CIK0001067983-submissions-001.json
2009-12-14,4,0001181431-09-056538,2009-12-10,xslF345X03/rrd259576.xml,CIK0001067983-submissions-001.json
2009-12-14,4,0001225208-09-024450,2009-12-11,xslF345X03/doc4.xml,CIK0001067983-submissions-001.json
2009-12-15,4,0001225208-09-024517,2009-12-14,xslF345X03/doc4.xml,CIK0001067983-submissions-001.json
2009-12-16,4,0001225208-09-024584,2009-12-15,xslF345X03/doc4.xml,CIK0001067983-submissions-001.json
2009-12-17,4,0001225208-09-024644,2009-12-16,xslF345X03/doc4.xml,CIK0001067983-submissions-001.json
2009-12-18,4,0001225208-09-024718,2009-12-17,xslF345X03/doc4.xml,CIK0001067983-submissions-001.json
2009-12-21,4,0001225208-09-024751,2009-12-18,xslF345X03/doc4.xml,CIK0001067983-submissions-001.json
2009-12-21,S-4/A,0001193125-09-257186,,ds4a.htm,CIK0001067983-submissions-001.json
2009-12-22,4,0001181431-09-058355,2009-12-18,xslF345X03/rrd260490.xml,CIK0001067983-submissions-001.json
2009-12-22,4,0001225208-09-024901,2009-12-21,xslF345X03/doc4.xml,CIK0001067983-submissions-001.json
2009-12-23,4,0001225208-09-024933,2009-12-22,xslF345X03/doc4.xml,CIK0001067983-submissions-001.json
2009-12-23,424B3,0001193125-09-259398,,d424b3.htm,CIK0001067983-submissions-001.json
2009-12-23,8-K,0001157523-09-008736,2009-12-22,a6126829.htm,CIK0001067983-submissions-001.json
2009-12-23,EFFECT,9999999995-09-003599,,xslEFFECTX01/primary_doc.xml,CIK0001067983-submissions-001.json
2009-12-23,S-4/A,0001193125-09-259076,,ds4a.htm,CIK0001067983-submissions-001.json
2009-12-24,4,0001225208-09-024957,2009-12-23,xslF345X03/doc4.xml,CIK0001067983-submissions-001.json
2009-12-24,425,0001193125-09-259802,,d425.htm,CIK0001067983-submissions-001.json
2009-12-28,4,0001225208-09-025055,2009-12-24,xslF345X03/doc4.xml,CIK0001067983-submissions-001.json
2009-12-29,4,0001225208-09-025109,2009-12-28,xslF345X03/doc4.xml,CIK0001067983-submissions-001.json
2009-12-30,3,0000950103-09-003411,2009-12-22,xslF345X02/dp16052_3-burkeex.xml,CIK0001067983-submissions-001.json
2009-12-30,4,0001225208-09-025188,2009-12-29,xslF345X03/doc4.xml,CIK0001067983-submissions-001.json
2009-12-30,4,0000950103-09-003412,2009-12-29,xslF345X03/dp16053_4-burkeex.xml,CIK0001067983-submissions-001.json
2009-12-31,4,0001225208-09-025203,2009-12-30,xslF345X03/doc4.xml,CIK0001067983-submissions-001.json
2010-01-04,425,0001193125-10-000524,,d425.htm,CIK0001067983-submissions-001.json
2010-01-05,4,0001225208-10-000656,2009-12-31,xslF345X03/doc4.xml,CIK0001067983-submissions-001.json
2010-01-06,4,0001225208-10-000968,2010-01-05,xslF345X03/doc4.xml,CIK0001067983-submissions-001.json
2010-01-06,4,0001181431-10-001642,2009-12-18,xslF345X03/rrd260627.xml,CIK0001067983-submissions-001.json
2010-01-06,S-3ASR,0001193125-10-001726,,ds3asr.htm,CIK0001067983-submissions-001.json
2010-01-06,SC 13G/A,0001193125-10-002095,,dsc13ga.htm,CIK0001067983-submissions-001.json
2010-01-07,4,0001225208-10-001183,2010-01-06,xslF345X03/doc4.xml,CIK0001067983-submissions-001.json
2010-01-07,FWP,0001193125-10-002836,,dfwp.htm,CIK0001067983-submissions-001.json
2010-01-08,4,0001225208-10-001239,2010-01-07,xslF345X03/doc4.xml,CIK0001067983-submissions-001.json
2010-01-08,424B2,0001193125-10-003613,,d424b2.htm,CIK0001067983-submissions-001.json
2010-01-11,4,0001225208-10-001308,2010-01-08,xslF345X03/doc4.xml,CIK0001067983-submissions-001.json
2010-01-12,4,0001225208-10-001421,2010-01-11,xslF345X03/doc4.xml,CIK0001067983-submissions-001.json
2010-01-12,8-K,0001193125-10-005212,2010-01-06,d8k.htm,CIK0001067983-submissions-001.json
2010-01-13,4,0001225208-10-001529,2010-01-12,xslF345X03/doc4.xml,CIK0001067983-submissions-001.json
2010-01-14,4,0001225208-10-001561,2010-01-13,xslF345X03/doc4.xml,CIK0001067983-submissions-001.json
2010-01-15,4,0001225208-10-001635,2010-01-14,xslF345X03/doc4.xml,CIK0001067983-submissions-001.json
2010-01-19,4,0001225208-10-001775,2010-01-15,xslF345X03/doc4.xml,CIK0001067983-submissions-001.json
2010-01-20,4,0001225208-10-001909,2010-01-19,xslF345X03/doc4.xml,CIK0001067983-submissions-001.json
2010-01-20,4,0001225208-10-001908,2010-01-19,xslF345X03/doc4.xml,CIK0001067983-submissions-001.json
2010-01-20,8-K,0001193125-10-008916,2010-01-19,d8k.htm,CIK0001067983-submissions-001.json
2010-01-21,3,0001181431-10-004135,2010-01-21,xslF345X02/rrd263618.xml,CIK0001067983-submissions-001.json
2010-01-21,4,0001225208-10-002083,2010-01-20,xslF345X03/doc4.xml,CIK0001067983-submissions-001.json
2010-01-21,425,0001193125-10-009103,,d425.htm,CIK0001067983-submissions-001.json
2010-01-21,8-K,0001157523-10-000241,2010-01-20,a6150737.htm,CIK0001067983-submissions-001.json
2010-01-22,4,0001225208-10-002131,2010-01-21,xslF345X03/doc4.xml,CIK0001067983-submissions-001.json
2010-01-25,4,0001225208-10-002172,2010-01-22,xslF345X03/doc4.xml,CIK0001067983-submissions-001.json
2010-01-26,4,0001225208-10-002274,2010-01-25,xslF345X03/doc4.xml,CIK0001067983-submissions-001.json
2010-01-27,4,0001225208-10-002373,2010-01-26,xslF345X03/doc4.xml,CIK0001067983-submissions-001.json
2010-01-28,4,0001225208-10-002497,2010-01-27,xslF345X03/doc4.xml,CIK0001067983-submissions-001.json
2010-01-28,S-8 POS,0001193125-10-015686,,ds8pos.htm,CIK0001067983-submissions-001.json
2010-01-28,S-8 POS,0001193125-10-015685,,ds8pos.htm,CIK0001067983-submissions-001.json
2010-01-28,S-8 POS,0001193125-10-015684,,ds8pos.htm,CIK0001067983-submissions-001.json
2010-01-28,S-8 POS,0001193125-10-015683,,ds8pos.htm,CIK0001067983-submissions-001.json
2010-01-28,S-8 POS,0001193125-10-015681,,ds8pos.htm,CIK0001067983-submissions-001.json
2010-01-28,S-8 POS,0001193125-10-015678,,ds8pos.htm,CIK0001067983-submissions-001.json
2010-01-28,S-8 POS,0001193125-10-015674,,ds8pos.htm,CIK0001067983-submissions-001.json
2010-01-29,4,0001225208-10-002652,2010-01-28,xslF345X03/doc4.xml,CIK0001067983-submissions-001.json
2010-02-01,4,0001225208-10-002763,2010-01-29,xslF345X03/doc4.xml,CIK0001067983-submissions-001.json
2010-02-01,8-A12B/A,0001193125-10-018135,,d8a12ba.htm,CIK0001067983-submissions-001.json
2010-02-01,S-3ASR,0001193125-10-017756,,ds3asr.htm,CIK0001067983-submissions-001.json
2010-02-02,4,0001225208-10-003102,2010-02-01,xslF345X03/doc4.xml,CIK0001067983-submissions-001.json
2010-02-02,SC 13G,0001193125-10-019312,,dsc13g.htm,CIK0001067983-submissions-001.json
2010-02-03,4,0001225208-10-003385,2010-02-02,xslF345X03/doc4.xml,CIK0001067983-submissions-001.json
2010-02-04,4,0001181431-10-006804,2010-02-02,xslF345X03/rrd265068.xml,CIK0001067983-submissions-001.json
2010-02-04,4,0001225208-10-003497,2010-02-03,xslF345X03/doc4.xml,CIK0001067983-submissions-001.json
2010-02-04,424B2,0001193125-10-021621,,d424b2.htm,CIK0001067983-submissions-001.json
2010-02-05,4,0001225208-10-003605,2010-02-04,xslF345X03/doc4.xml,CIK0001067983-submissions-001.json
2010-02-05,FWP,0001193125-10-023317,,dfwp.htm,CIK0001067983-submissions-001.json
2010-02-08,4,0001225208-10-003652,2010-02-05,xslF345X03/doc4.xml,CIK0001067983-submissions-001.json
2010-02-08,424B2,0001193125-10-024446,,d424b2.htm,CIK0001067983-submissions-001.json
2010-02-09,4,0001225208-10-003763,2010-02-08,xslF345X03/doc4.xml,CIK0001067983-submissions-001.json
2010-02-10,4,0001225208-10-003869,2010-02-09,xslF345X03/doc4.xml,CIK0001067983-submissions-001.json
2010-02-11,4,0001225208-10-004077,2010-02-10,xslF345X03/doc4.xml,CIK0001067983-submissions-001.json
2010-02-11,8-K,0001193125-10-028263,2010-02-11,d8k.htm,CIK0001067983-submissions-001.json
2010-02-12,4,0001225208-10-004341,2010-02-11,xslF345X03/doc4.xml,CIK0001067983-submissions-001.json
2010-02-16,13F-HR,0000950123-10-013284,2009-12-31,v55055ve13fvhr.txt,CIK0001067983-submissions-001.json
2010-02-16,13F-HR/A,0000950123-10-013409,2009-12-31,v55243a1e13fvhrza.txt,CIK0001067983-submissions-001.json
2010-02-16,4,0001225208-10-004504,2010-02-12,xslF345X03/doc4.xml,CIK0001067983-submissions-001.json
2010-02-16,5,0001181431-10-009088,2009-12-31,xslF345X03/rrd266189.xml,CIK0001067983-submissions-001.json
2010-02-16,8-K,0001193125-10-032124,2010-02-12,d8k.htm,CIK0001067983-submissions-001.json
2010-02-16,SC 13D/A,0001193125-10-032484,,dsc13da.htm,CIK0001067983-submissions-001.json
2010-02-16,SC 13G/A,0001193125-10-032466,,dsc13ga.htm,CIK0001067983-submissions-001.json
2010-02-16,SC 13G/A,0001193125-10-032449,,dsc13ga.htm,CIK0001067983-submissions-001.json
2010-02-16,SC 13G/A,0001193125-10-032445,,dsc13ga.htm,CIK0001067983-submissions-001.json
2010-02-17,4,0001181431-10-009824,2010-02-12,xslF345X03/rrd266409.xml,CIK0001067983-submissions-001.json
2010-02-17,4,0001225208-10-004716,2010-02-16,xslF345X03/doc4.xml,CIK0001067983-submissions-001.json
2010-02-17,S-8,0001193125-10-033333,,ds8.htm,CIK0001067983-submissions-001.json
2010-02-17,S-8,0001193125-10-033326,,ds8.htm,CIK0001067983-submissions-001.json
2010-02-17,S-8,0001193125-10-033322,,ds8.htm,CIK0001067983-submissions-001.json
2010-02-17,S-8,0001193125-10-033321,,ds8.htm,CIK0001067983-submissions-001.json
2010-02-18,4,0001225208-10-004976,2010-02-17,xslF345X03/doc4.xml,CIK0001067983-submissions-001.json
2010-02-19,4,0001225208-10-005115,2010-02-18,xslF345X03/doc4.xml,CIK0001067983-submissions-001.json
2010-02-22,4,0001225208-10-005205,2010-02-19,xslF345X03/doc4.xml,CIK0001067983-submissions-001.json
2010-02-23,4,0001225208-10-005356,2010-02-22,xslF345X03/doc4.xml,CIK0001067983-submissions-001.json
2010-02-24,4,0001225208-10-005526,2010-02-23,xslF345X03/doc4.xml,CIK0001067983-submissions-001.json
2010-02-25,4,0001225208-10-005731,2010-02-24,xslF345X03/doc4.xml,CIK0001067983-submissions-001.json
2010-02-26,4,0001225208-10-006031,2010-02-25,xslF345X03/doc4.xml,CIK0001067983-submissions-001.json
2010-03-01,10-K,0001193125-10-043450,2009-12-31,d10k.htm,CIK0001067983-submissions-001.json
2010-03-01,4,0001225208-10-006308,2010-02-26,xslF345X03/doc4.xml,CIK0001067983-submissions-001.json
2010-03-01,8-K,0001193125-10-044776,2010-02-27,d8k.htm,CIK0001067983-submissions-001.json
2010-03-02,SC 13D/A,0001104659-10-011451,,a10-4936_1sc13da.htm,CIK0001067983-submissions-001.json
2010-03-11,DEF 14A,0001193125-10-053975,2010-05-01,ddef14a.htm,CIK0001067983-submissions-001.json
2010-03-19,SC 13D/A,0001104659-10-015473,,a10-6652_1sc13da.htm,CIK0001067983-submissions-001.json
2010-03-22,4,0001181431-10-017709,2010-03-18,xslF345X03/rrd270791.xml,CIK0001067983-submissions-001.json
2010-03-25,4,0001181431-10-018227,2010-03-23,xslF345X03/rrd271031.xml,CIK0001067983-submissions-001.json
2010-03-29,UPLOAD,0000000000-10-017061,,filename1.pdf,CIK0001067983-submissions-001.json
2010-03-30,4,0001181431-10-018812,2010-03-26,xslF345X03/rrd271410.xml,CIK0001067983-submissions-001.json
2010-04-07,UPLOAD,0000000000-10-018909,,filename1.pdf,CIK0001067983-submissions-001.json
2010-04-12,CORRESP,0001193125-10-081252,,filename1.htm,CIK0001067983-submissions-001.json
2010-04-19,CORRESP,0001193125-10-086357,,filename1.htm,CIK0001067983-submissions-001.json
2010-05-03,UPLOAD,0000000000-10-024028,,filename1.pdf,CIK0001067983-submissions-001.json
2010-05-04,4,0000950103-10-001292,2010-05-04,xslF345X03/edgar.xml,CIK0001067983-submissions-001.json
2010-05-05,8-K,0001157523-10-002805,2010-05-01,a6277815.htm,CIK0001067983-submissions-001.json
2010-05-05,8-K,0001157523-10-002803,2010-05-01,a6277538.htm,CIK0001067983-submissions-001.json
2010-05-07,10-Q,0001157523-10-002982,2010-03-31,a6277868.htm,CIK0001067983-submissions-001.json
2010-05-07,CORRESP,0001193125-10-113146,,filename1.htm,CIK0001067983-submissions-001.json
2010-05-14,CORRESP,0001193125-10-120541,,filename1.htm,CIK0001067983-submissions-001.json
2010-05-17,13F-HR,0000950123-10-050487,2010-03-31,v56125ve13fvhr.txt,CIK0001067983-submissions-001.json
2010-06-14,UPLOAD,0000000000-10-033208,,filename1.pdf,CIK0001067983-submissions-001.json
2010-06-14,UPLOAD,0000000000-10-033004,,filename1.pdf,CIK0001067983-submissions-001.json
2010-06-16,CORRESP,0001193125-10-140712,,filename1.htm,CIK0001067983-submissions-001.json
2010-06-22,11-K,9999999997-10-013504,2009-12-31,9999999997-10-013504.paper,CIK0001067983-submissions-001.json
2010-06-22,CORRESP,0001193125-10-144000,,filename1.htm,CIK0001067983-submissions-001.json
2010-06-28,11-K,9999999997-10-016748,2009-12-31,9999999997-10-016748.paper,CIK0001067983-submissions-001.json
2010-06-28,11-K,9999999997-10-016747,2009-12-31,9999999997-10-016747.paper,CIK0001067983-submissions-001.json
2010-06-28,11-K,9999999997-10-014001,2009-12-31,9999999997-10-014001.paper,CIK0001067983-submissions-001.json
2010-06-30,11-K,9999999997-10-016749,2009-12-31,9999999997-10-016749.paper,CIK0001067983-submissions-001.json
2010-07-01,CORRESP,0001193125-10-152905,,filename1.htm,CIK0001067983-submissions-001.json
2010-07-02,4,0001181431-10-036032,2010-02-17,xslF345X03/rrd280613.xml,CIK0001067983-submissions-001.json
2010-07-02,SC 13D/A,0001104659-10-036978,,a10-13577_1sc13da.htm,CIK0001067983-submissions-001.json
2010-07-02,SC 13D/A,0001193125-10-153511,,dsc13da.htm,CIK0001067983-submissions-001.json
2010-08-06,10-Q,0001157523-10-004882,2010-06-30,a6381775.htm,CIK0001067983-submissions-001.json
2010-08-16,13F-HR,0000950123-10-078001,2010-06-30,v56978ae13fvhr.txt,CIK0001067983-submissions-001.json
2010-08-26,SC 13D/A,0001193125-10-198018,,dsc13da.htm,CIK0001067983-submissions-001.json
2010-09-01,SC 13D/A,0001193125-10-202907,,dsc13da.htm,CIK0001067983-submissions-001.json
2010-09-08,UPLOAD,0000000000-10-052174,,filename1.pdf,CIK0001067983-submissions-001.json
2010-09-14,4,0001181431-10-046664,2010-09-10,xslF345X03/rrd286201.xml,CIK0001067983-submissions-001.json
2010-09-22,4,0001181431-10-047669,2010-09-20,xslF345X03/rrd286854.xml,CIK0001067983-submissions-001.json
2010-10-04,4,0001181431-10-049562,2010-09-16,xslF345X03/rrd286936.xml,CIK0001067983-submissions-001.json
2010-10-14,4,0001181431-10-050952,2010-10-12,xslF345X03/rrd288583.xml,CIK0001067983-submissions-001.json
2010-10-21,4,0001181431-10-051676,2010-10-19,xslF345X03/rrd289009.xml,CIK0001067983-submissions-001.json
2010-10-21,4,0001181431-10-051656,2010-10-18,xslF345X03/rrd289013.xml,CIK0001067983-submissions-001.json
2010-11-05,10-Q,0001157523-10-006675,2010-09-30,a6492698.htm,CIK0001067983-submissions-001.json
2010-11-09,8-K,0001193125-10-254196,2010-11-05,d8k.htm,CIK0001067983-submissions-001.json
2010-11-12,SC 13D/A,0001104659-10-058171,,a10-21174_1sc13da.htm,CIK0001067983-submissions-001.json
2010-11-15,13F-HR,0000950123-10-105654,2010-09-30,v57789ce13fvhr.txt,CIK0001067983-submissions-001.json
2010-11-23,4,0001181431-10-057372,2010-10-19,xslF345X03/rrd291970.xml,CIK0001067983-submissions-001.json
2010-11-26,4,0001181431-10-057732,2010-11-23,xslF345X03/rrd292254.xml,CIK0001067983-submissions-001.json
2010-11-26,4,0001181431-10-057729,2010-11-23,xslF345X03/rrd292136.xml,CIK0001067983-submissions-001.json
2010-12-07,424B2,0001193125-10-275089,,d424b2.htm,CIK0001067983-submissions-001.json
2010-12-07,FWP,0001193125-10-275496,,dfwp.htm,CIK0001067983-submissions-001.json
2010-12-09,424B2,0001193125-10-277475,,d424b2.htm,CIK0001067983-submissions-001.json
2010-12-13,424B2,0001193125-10-278619,,d424b2.htm,CIK0001067983-submissions-001.json
2010-12-13,UPLOAD,0000000000-10-074275,,filename1.pdf,CIK0001067983-submissions-001.json
2010-12-15,8-K,0001193125-10-281317,2010-12-15,d8k.htm,CIK0001067983-submissions-001.json
2010-12-15,CORRESP,0001193125-10-281128,,filename1.htm,CIK0001067983-submissions-001.json
2010-12-16,8-K/A,0001193125-10-282386,2010-12-15,d8ka.htm,CIK0001067983-submissions-001.json
2011-01-03,424B2,0001193125-11-000186,,d424b2.htm,CIK0001067983-submissions-001.json
2011-01-03,FWP,0001193125-11-000447,,dfwp.htm,CIK0001067983-submissions-001.json
2011-01-04,424B2,0001193125-11-001277,,d424b2.htm,CIK0001067983-submissions-001.json
2011-01-07,13F-HR/A,0000950123-11-001432,2010-09-30,v58285e13fvhrza.txt,CIK0001067983-submissions-001.json
2011-01-10,4,0001181431-11-002802,2010-12-22,xslF345X03/rrd296814.xml,CIK0001067983-submissions-001.json
2011-01-11,8-K,0001193125-11-005920,2011-01-11,d8k.htm,CIK0001067983-submissions-001.json
2011-01-11,CORRESP,0001193125-11-005985,,filename1.htm,CIK0001067983-submissions-001.json
2011-02-02,SC 13G,0001086364-11-002365,,berkshirehathawayincb123110.txt,CIK0001067983-submissions-001.json
2011-02-04,CORRESP,0001193125-11-024368,,filename1.htm,CIK0001067983-submissions-001.json
2011-02-07,SC 13D/A,0001193125-11-025087,,dsc13da.htm,CIK0001067983-submissions-001.json
2011-02-11,SC 13G,0000093748-11-000014,,berkshire10.txt,CIK0001067983-submissions-001.json
2011-02-11,UPLOAD,0000000000-11-009208,,filename1.pdf,CIK0001067983-submissions-001.json
2011-02-14,13F-HR,0000950123-11-013623,2010-12-31,v58511e13fvhr.txt,CIK0001067983-submissions-001.json
2011-02-14,5,0001181431-11-010072,2010-12-31,xslF345X03/rrd300029.xml,CIK0001067983-submissions-001.json
2011-02-14,SC 13G/A,0001193125-11-035427,,dsc13ga.htm,CIK0001067983-submissions-001.json
2011-02-14,SC 13G/A,0001193125-11-035418,,dsc13ga.htm,CIK0001067983-submissions-001.json
2011-02-14,SC 13G/A,0001193125-11-035402,,dsc13ga.htm,CIK0001067983-submissions-001.json
2011-02-28,10-K,0001193125-11-048914,2010-12-31,d10k.htm,CIK0001067983-submissions-001.json
2011-02-28,8-K,0001193125-11-049877,2011-02-26,d8k.htm,CIK0001067983-submissions-001.json
2011-03-02,4,0001181431-11-014812,2011-02-28,xslF345X03/rrd303308.xml,CIK0001067983-submissions-001.json
2011-03-07,S-4,0001193125-11-056659,,ds4.htm,CIK0001067983-submissions-001.json
2011-03-11,DEF 14A,0001193125-11-062515,2011-04-30,ddef14a.htm,CIK0001067983-submissions-001.json
2011-03-17,8-K,0000950123-11-026351,2011-03-13,l42195e8vk.htm,CIK0001067983-submissions-001.json
2011-03-18,SC 13D/A,0001104659-11-015401,,a11-8291_1sc13da.htm,CIK0001067983-submissions-001.json
2011-04-04,UPLOAD,0000000000-11-020582,,filename1.pdf,CIK0001067983-submissions-001.json
2011-04-15,CORRESP,0001193125-11-099795,,filename1.htm,CIK0001067983-submissions-001.json
2011-04-15,S-4/A,0001193125-11-099786,,ds4a.htm,CIK0001067983-submissions-001.json
2011-05-02,8-K,0001193125-11-121323,2011-04-30,d8k.htm,CIK0001067983-submissions-001.json
2011-05-04,8-K,0001193125-11-125245,2011-04-30,d8k.htm,CIK0001067983-submissions-001.json
2011-05-06,10-Q,0001157523-11-002891,2011-03-31,a6706198.htm,CIK0001067983-submissions-001.json
2011-05-09,CORRESP,0001193125-11-132474,,filename1.htm,CIK0001067983-submissions-001.json
2011-05-10,UPLOAD,0000000000-11-029229,,filename1.pdf,CIK0001067983-submissions-001.json
2011-05-10,UPLOAD,0000000000-11-029006,,filename1.pdf,CIK0001067983-submissions-001.json
2011-05-11,S-4/A,0001193125-11-135870,,ds4a.htm,CIK0001067983-submissions-001.json
2011-05-16,13F-HR,0000950123-11-050728,2011-03-31,v59465ae13fvhr.txt,CIK0001067983-submissions-001.json
2011-05-16,CORRESP,0001193125-11-141610,,filename1.htm,CIK0001067983-submissions-001.json
2011-05-16,S-4/A,0001193125-11-141554,,ds4a.htm,CIK0001067983-submissions-001.json
2011-05-18,424B3,0001193125-11-144314,,d424b3.htm,CIK0001067983-submissions-001.json
2011-05-18,EFFECT,9999999995-11-001587,,xslEFFECTX01/primary_doc.xml,CIK0001067983-submissions-001.json
2011-06-24,11-K,9999999997-11-011933,2010-12-31,9999999997-11-011933.paper,CIK0001067983-submissions-001.json
2011-06-24,4,0001071098-11-000003,2011-06-22,xslF345X03/primary_doc.xml,CIK0001067983-submissions-001.json
2011-06-27,SC 13D/A,0001193125-11-174562,,dsc13da.htm,CIK0001067983-submissions-001.json
2011-06-28,4,0001181431-11-038380,2011-06-24,xslF345X03/rrd316297.xml,CIK0001067983-submissions-001.json
2011-06-29,11-K,9999999997-11-013002,2010-12-31,9999999997-11-013002.paper,CIK0001067983-submissions-001.json
2011-06-29,11-K,9999999997-11-013001,2010-12-31,9999999997-11-013001.paper,CIK0001067983-submissions-001.json
2011-06-29,11-K,9999999997-11-012999,2010-12-31,9999999997-11-012999.paper,CIK0001067983-submissions-001.json
2011-06-29,11-K,9999999997-11-012998,2010-12-31,9999999997-11-012998.paper,CIK0001067983-submissions-001.json
2011-06-29,11-K,9999999997-11-012997,2010-12-31,9999999997-11-012997.paper,CIK0001067983-submissions-001.json
2011-07-07,4,0001181431-11-040618,2011-02-07,xslF345X03/rrd317395.xml,CIK0001067983-submissions-001.json
2011-07-07,SC 13D/A,0001104659-11-038220,,a11-17173_1sc13da.htm,CIK0001067983-submissions-001.json
2011-07-08,SC 13D/A,0001193125-11-184896,,dsc13da.htm,CIK0001067983-submissions-001.json
2011-08-05,10-Q,0001157523-11-004793,2011-06-30,a6813983.htm,CIK0001067983-submissions-001.json
2011-08-09,4,0001071098-11-000004,2011-08-08,xslF345X03/primary_doc.xml,CIK0001067983-submissions-001.json
2011-08-10,424B2,0001193125-11-217604,,d424b2.htm,CIK0001067983-submissions-001.json
2011-08-10,FWP,0001193125-11-218232,,dfwp.htm,CIK0001067983-submissions-001.json
2011-08-11,424B2,0001193125-11-219757,,d424b2.htm,CIK0001067983-submissions-001.json
2011-08-15,13F-HR,0001193125-11-223118,2011-06-30,d13fhr.txt,CIK0001067983-submissions-001.json
2011-08-15,8-K,0001193125-11-223400,2011-08-15,d8k.htm,CIK0001067983-submissions-001.json
2011-09-12,SC 13G,0001193125-11-245894,,d230359dsc13g.htm,CIK0001067983-submissions-001.json
2011-09-26,8-K,0001193125-11-256263,2011-09-26,d236452d8k.htm,CIK0001067983-submissions-001.json
2011-10-11,S-8 POS,0001193125-11-268438,,d242055ds8pos.htm,CIK0001067983-submissions-001.json
2011-11-04,10-Q,0001157523-11-006500,2011-09-30,a50050868.htm,CIK0001067983-submissions-001.json
2011-11-14,13F-HR,0001193125-11-310972,2011-09-30,d254132d13fhr.txt,CIK0001067983-submissions-001.json
2011-11-14,13F-HR/A,0001193125-11-310942,2011-06-30,d254132d13fhra.txt,CIK0001067983-submissions-001.json
2011-11-14,13F-HR/A,0001193125-11-310911,2011-03-31,d254132d13fhra.txt,CIK0001067983-submissions-001.json
2011-11-15,13F-HR/A,0001193125-11-312418,2011-09-30,d258700d13fhra.txt,CIK0001067983-submissions-001.json
2012-01-10,4,0001181431-12-002060,2011-12-28,xslF345X03/rrd330246.xml,CIK0001067983-submissions-001.json
2012-01-13,SC 13D/A,0001104659-12-002057,,a12-2713_1sc13da.htm,CIK0001067983-submissions-001.json
2012-01-24,424B2,0001193125-12-021207,,d261419d424b2.htm,CIK0001067983-submissions-001.json
2012-01-24,8-K,0001193125-12-021205,2012-01-24,d288903d8k.htm,CIK0001067983-submissions-001.json
2012-01-24,FWP,0001193125-12-021926,,d289912dfwp.htm,CIK0001067983-submissions-001.json
2012-01-25,5,0001181431-12-003871,2011-12-31,xslF345X03/rrd331472.xml,CIK0001067983-submissions-001.json
2012-01-26,424B2,0001193125-12-023537,,d261419d424b2.htm,CIK0001067983-submissions-001.json
2012-01-31,8-K,0001193125-12-032263,2012-01-31,d292478d8k.htm,CIK0001067983-submissions-001.json
2012-01-31,NO ACT,9999999997-12-000871,2011-12-23,9999999997-12-000871.paper,CIK0001067983-submissions-001.json
2012-02-09,SC 13G,0001519058-12-000013,,brkb.txt,CIK0001067983-submissions-001.json
2012-02-13,SC 13G/A,0001086364-12-001495,,berkshire.hathaway.inc.-b-..txt,CIK0001067983-submissions-001.json
2012-02-14,13F-HR,0001193125-12-060928,2011-12-31,d289257d13fhr.txt,CIK0001067983-submissions-001.json
2012-02-14,SC 13G,0001193125-12-060645,,d294003dsc13g.htm,CIK0001067983-submissions-001.json
2012-02-14,SC 13G/A,0001193125-12-060716,,d293966dsc13ga.htm,CIK0001067983-submissions-001.json
2012-02-14,SC 13G/A,0001193125-12-060682,,d293822dsc13ga.htm,CIK0001067983-submissions-001.json
2012-02-23,POS AM,0001193125-12-075634,,d303530dposam.htm,CIK0001067983-submissions-001.json
2012-02-23,POS AM,0001193125-12-075589,,d303502dposam.htm,CIK0001067983-submissions-001.json
2012-02-23,S-8 POS,0001193125-12-075623,,d303514ds8pos.htm,CIK0001067983-submissions-001.json
2012-02-23,S-8 POS,0001193125-12-075619,,d303522ds8pos.htm,CIK0001067983-submissions-001.json
2012-02-24,EFFECT,9999999995-12-000570,,xslEFFECTX01/primary_doc.xml,CIK0001067983-submissions-001.json
2012-02-24,EFFECT,9999999995-12-000571,,xslEFFECTX01/primary_doc.xml,CIK0001067983-submissions-001.json
2012-02-27,10-K,0001193125-12-079022,2011-12-31,d280149d10k.htm,CIK0001067983-submissions-001.json
2012-02-27,8-K,0001193125-12-081960,2012-02-25,d307508d8k.htm,CIK0001067983-submissions-001.json
2012-03-02,4,0001181431-12-013752,2012-02-21,xslF345X03/rrd336110.xml,CIK0001067983-submissions-001.json
2012-03-02,S-8,0001193125-12-094055,,d310316ds8.htm,CIK0001067983-submissions-001.json
2012-03-06,4,0001181431-12-015000,2012-03-05,xslF345X03/rrd337310.xml,CIK0001067983-submissions-001.json
2012-03-16,DEF 14A,0001193125-12-119819,2012-05-05,d280415ddef14a.htm,CIK0001067983-submissions-001.json
2012-03-23,8-K,0001193125-12-129907,2012-03-20,d322849d8k.htm,CIK0001067983-submissions-001.json
2012-05-04,10-Q,0001157523-12-002551,2012-03-31,a50258446.htm,CIK0001067983-submissions-001.json
2012-05-08,424B2,0001193125-12-216934,,d342389d424b2.htm,CIK0001067983-submissions-001.json
2012-05-08,8-K,0001193125-12-218181,2012-05-05,d349489d8k.htm,CIK0001067983-submissions-001.json
2012-05-08,FWP,0001193125-12-218948,,d349763dfwp.htm,CIK0001067983-submissions-001.json
2012-05-09,4,0001209482-12-000001,2012-05-08,xslF345X03/primary_doc.xml,CIK0001067983-submissions-001.json
2012-05-09,424B2,0001193125-12-222451,,d342389d424b2.htm,CIK0001067983-submissions-001.json
2012-05-15,13F-HR,0001193125-12-234582,2012-03-31,d352241d13fhr.txt,CIK0001067983-submissions-001.json
2012-05-16,8-K,0001193125-12-236731,2012-05-15,d353753d8k.htm,CIK0001067983-submissions-001.json
2012-06-04,3,0001181431-12-034392,2012-05-24,xslF345X02/rrd347188.xml,CIK0001067983-submissions-001.json
2012-06-05,13F-HR/A,0001193125-12-260151,2012-03-31,d361607d13fhra.txt,CIK0001067983-submissions-001.json
2012-06-05,13FCONP,9999999997-13-012842,2012-03-31,9999999997-13-012842.paper,CIK0001067983-submissions-001.json
2012-06-15,UPLOAD,0000000000-12-031283,,filename1.pdf,CIK0001067983-submissions-001.json
2012-06-22,CORRESP,0001193125-12-280709,,filename1.htm,CIK0001067983-submissions-001.json
2012-07-06,SC 13D/A,0001104659-12-047916,,a12-15993_1sc13da.htm,CIK0001067983-submissions-001.json
2012-07-09,4,0001181431-12-040211,2012-01-04,xslF345X03/rrd350672.xml,CIK0001067983-submissions-001.json
2012-07-09,SC 13D/A,0001193125-12-297626,,d379062dsc13da.htm,CIK0001067983-submissions-001.json
2012-07-19,UPLOAD,0000000000-12-038182,,filename1.pdf,CIK0001067983-submissions-001.json
2012-08-03,10-Q,0001157523-12-004238,2012-06-30,a50358310.htm,CIK0001067983-submissions-001.json
2012-08-08,11-K,9999999997-12-012662,2011-12-31,9999999997-12-012662.paper,CIK0001067983-submissions-001.json
2012-08-10,11-K,9999999997-12-012729,2011-12-31,9999999997-12-012729.paper,CIK0001067983-submissions-001.json
2012-08-14,13F-HR,0001193125-12-355534,2012-06-30,d392985d13fhr.txt,CIK0001067983-submissions-001.json
2012-09-05,424B2,0001193125-12-380088,,d406119d424b2.htm,CIK0001067983-submissions-001.json
2012-09-05,FWP,0001193125-12-381223,,d407266dfwp.htm,CIK0001067983-submissions-001.json
2012-09-06,424B2,0001193125-12-383117,,d406119d424b2.htm,CIK0001067983-submissions-001.json
2012-09-17,8-K,0001193125-12-394173,2012-09-17,d412568d8k.htm,CIK0001067983-submissions-001.json
2012-09-24,4,0001181431-12-051901,2012-09-24,xslF345X03/rrd356689.xml,CIK0001067983-submissions-001.json
2012-10-01,3,0001181431-12-052343,2012-09-21,xslF345X02/rrd357094.xml,CIK0001067983-submissions-001.json
2012-10-01,4,0001181431-12-052344,2012-09-26,xslF345X03/rrd357100.xml,CIK0001067983-submissions-001.json
2012-10-10,SC 13G,0001193125-12-419987,,d422401dsc13g.htm,CIK0001067983-submissions-001.json
2012-10-11,4,0001181431-12-054525,2012-10-09,xslF345X03/rrd358168.xml,CIK0001067983-submissions-001.json
2012-10-12,4,0001181431-12-054646,2012-10-10,xslF345X03/rrd358205.xml,CIK0001067983-submissions-001.json
2012-10-18,4,0001181431-12-055125,2012-10-16,xslF345X03/rrd358446.xml,CIK0001067983-submissions-001.json
2012-10-26,4,0001181431-12-055676,2012-10-24,xslF345X03/rrd358796.xml,CIK0001067983-submissions-001.json
2012-11-02,10-Q,0001193125-12-449402,2012-09-30,d425185d10q.htm,CIK0001067983-submissions-001.json
2012-11-02,4,0001181431-12-056405,2012-10-31,xslF345X03/rrd359062.xml,CIK0001067983-submissions-001.json
2012-11-07,4,0001181431-12-057466,2012-11-05,xslF345X03/rrd359494.xml,CIK0001067983-submissions-001.json
2012-11-13,4,0001181431-12-058381,2012-11-08,xslF345X03/rrd360119.xml,CIK0001067983-submissions-001.json
2012-11-14,13F-HR,0001193125-12-470800,2012-09-30,d434976d13fhr.txt,CIK0001067983-submissions-001.json
2012-11-16,4,0001181431-12-059177,2012-11-14,xslF345X03/rrd360503.xml,CIK0001067983-submissions-001.json
2012-11-19,SC 13D/A,0001104659-12-078716,,a12-27435_1sc13da.htm,CIK0001067983-submissions-001.json
2012-11-26,4,0001181431-12-060561,2012-11-21,xslF345X03/rrd361416.xml,CIK0001067983-submissions-001.json
2012-11-29,4,0001181431-12-061192,2012-11-27,xslF345X03/rrd361560.xml,CIK0001067983-submissions-001.json
2012-12-06,4,0001181431-12-062920,2012-12-04,xslF345X03/rrd362549.xml,CIK0001067983-submissions-001.json
2012-12-14,8-K,0001193125-12-503461,2012-12-12,d456140d8k.htm,CIK0001067983-submissions-001.json
2012-12-20,4,0001181431-12-066401,2012-12-18,xslF345X03/rrd364227.xml,CIK0001067983-submissions-001.json
2013-01-07,424B2,0001193125-13-004604,,d460979d424b2.htm,CIK0001067983-submissions-001.json
2013-01-07,FWP,0001193125-13-005580,,d463694dfwp.htm,CIK0001067983-submissions-001.json
2013-01-09,424B2,0001193125-13-007182,,d460979d424b2.htm,CIK0001067983-submissions-001.json
2013-01-09,5,0001181431-13-002717,2012-12-31,xslF345X03/rrd366485.xml,CIK0001067983-submissions-001.json
2013-01-10,4,0001181431-13-002869,2013-01-08,xslF345X03/rrd366617.xml,CIK0001067983-submissions-001.json
2013-01-14,5,0001181431-13-003120,2012-12-31,xslF345X03/rrd366497.xml,CIK0001067983-submissions-001.json
2013-01-15,4,0001181431-13-003278,2013-01-11,xslF345X03/rrd366803.xml,CIK0001067983-submissions-001.json
2013-01-15,8-K,0001193125-13-013242,2013-01-15,d467809d8k.htm,CIK0001067983-submissions-001.json
2013-01-18,4,0001181431-13-003945,2013-01-16,xslF345X03/rrd367297.xml,CIK0001067983-submissions-001.json
2013-01-28,S-3ASR,0001193125-13-026388,,d472257ds3asr.htm,CIK0001067983-submissions-001.json
2013-01-29,424B2,0001193125-13-027353,,d474751d424b2.htm,CIK0001067983-submissions-001.json
2013-01-30,424B2,0001193125-13-030238,,d474751d424b2.htm,CIK0001067983-submissions-001.json
2013-01-30,FWP,0001193125-13-028683,,d476457dfwp.htm,CIK0001067983-submissions-001.json
2013-02-04,5,0001181431-13-006418,2012-12-31,xslF345X03/rrd367433.xml,CIK0001067983-submissions-001.json
2013-02-07,4,0001181431-13-007821,2013-02-05,xslF345X03/rrd369037.xml,CIK0001067983-submissions-001.json
2013-02-08,SC 13G/A,0001086364-13-003154,,berkshire.hathaway.inc.-b-..txt,CIK0001067983-submissions-001.json
2013-02-11,8-K,0001193125-13-048917,2013-02-11,d483456d8k.htm,CIK0001067983-submissions-001.json
2013-02-11,SC 13G,0001519058-13-000028,,brk.b.txt,CIK0001067983-submissions-001.json
2013-02-14,13F-HR,0001193125-13-060317,2012-12-31,d481559d13fhr.txt,CIK0001067983-submissions-001.json
2013-02-14,5,0001140361-13-007511,2013-02-14,xslF345X03/doc1.xml,CIK0001067983-submissions-001.json
2013-02-14,5,0001140361-13-006838,2012-12-31,xslF345X03/doc1.xml,CIK0001067983-submissions-001.json
2013-02-14,5/A,0001140361-13-007477,2012-12-31,xslF345X03/doc1.xml,CIK0001067983-submissions-001.json
2013-02-14,8-K,0001193125-13-060036,2013-02-13,d487537d8k.htm,CIK0001067983-submissions-001.json
2013-02-14,SC 13G/A,0001193125-13-060252,,d481914dsc13ga.htm,CIK0001067983-submissions-001.json
2013-02-14,SC 13G/A,0001193125-13-060215,,d480356dsc13ga.htm,CIK0001067983-submissions-001.json
2013-02-14,SC 13G/A,0001193125-13-060141,,d479716dsc13ga.htm,CIK0001067983-submissions-001.json
2013-02-19,4,0001181431-13-010686,2013-02-14,xslF345X03/rrd370526.xml,CIK0001067983-submissions-001.json
2013-02-22,4,0001181431-13-012051,2013-02-20,xslF345X03/rrd371148.xml,CIK0001067983-submissions-001.json
2013-02-27,4,0001181431-13-013092,2013-02-25,xslF345X03/rrd372194.xml,CIK0001067983-submissions-001.json
2013-03-01,10-K,0001193125-13-087679,2012-12-31,d484968d10k.htm,CIK0001067983-submissions-001.json
2013-03-04,4,0001181431-13-014123,2013-02-28,xslF345X03/rrd372370.xml,CIK0001067983-submissions-001.json
2013-03-15,DEF 14A,0001193125-13-109017,2013-05-04,d467360ddef14a.htm,CIK0001067983-submissions-001.json
2013-03-28,SC 13D/A,0001104659-13-025437,,a13-9012_1sc13da.htm,CIK0001067983-submissions-001.json
2013-04-02,UPLOAD,0000000000-13-017571,,filename1.pdf,CIK0001067983-submissions-001.json
2013-04-08,CORRESP,0001193125-13-146179,,filename1.htm,CIK0001067983-submissions-001.json
2013-04-25,CORRESP,0001193125-13-174046,,filename1.htm,CIK0001067983-submissions-001.json
2013-05-01,4,0001181431-13-024408,2013-04-29,xslF345X03/rrd378160.xml,CIK0001067983-submissions-001.json
2013-05-03,10-Q,0001193125-13-199397,2013-03-31,d508175d10q.htm,CIK0001067983-submissions-001.json
2013-05-06,4,0001181431-13-025612,2013-05-02,xslF345X03/rrd378788.xml,CIK0001067983-submissions-001.json
2013-05-07,8-K,0001193125-13-204354,2013-05-04,d533861d8k.htm,CIK0001067983-submissions-001.json
2013-05-08,424B2,0001193125-13-206096,,d531851d424b2.htm,CIK0001067983-submissions-001.json
2013-05-08,FWP,0001193125-13-207826,,d531851dfwp.htm,CIK0001067983-submissions-001.json
2013-05-09,4,0001181431-13-026770,2013-05-07,xslF345X03/rrd379313.xml,CIK0001067983-submissions-001.json
2013-05-09,424B2,0001193125-13-211460,,d531851d424b2.htm,CIK0001067983-submissions-001.json
2013-05-10,SC 13G,0001193125-13-214557,,d537363dsc13g.htm,CIK0001067983-submissions-001.json
2013-05-13,4,0001181431-13-027468,2013-04-24,xslF345X03/rrd379152.xml,CIK0001067983-submissions-001.json
2013-05-15,13F-HR,0001193125-13-222307,2013-03-31,d535016d13fhr.txt,CIK0001067983-submissions-001.json
2013-05-15,8-K,0001193125-13-222755,2013-05-15,d539456d8k.htm,CIK0001067983-submissions-001.json
2013-05-15,SC 13G,0001193125-13-222516,,d538900dsc13g.htm,CIK0001067983-submissions-001.json
2013-05-15,SC 13G,0001193125-13-222500,,d538896dsc13g.htm,CIK0001067983-submissions-001.json
2013-05-15,UPLOAD,0000000000-13-026692,,filename1.pdf,CIK0001067983-submissions-001.json
2013-05-21,3,0000919574-13-003647,2013-05-04,xslF345X02/p1384762.xml,CIK0001067983-submissions-001.json
2013-05-24,4,0000919574-13-003680,2013-05-23,xslF345X03/p1385556.xml,CIK0001067983-submissions-001.json
2013-05-24,SC 13G,0001193125-13-235849,,d543491dsc13g.htm,CIK0001067983-submissions-001.json
2013-05-24,SC 13G/A,0001193125-13-235844,,d542928dsc13ga.htm,CIK0001067983-submissions-001.json
2013-05-24,SC 13G/A,0001193125-13-235838,,d542920dsc13ga.htm,CIK0001067983-submissions-001.json
2013-05-24,SC 13G/A,0001193125-13-235829,,d543063dsc13ga.htm,CIK0001067983-submissions-001.json
2013-06-10,4,0001181431-13-033869,2013-05-29,xslF345X03/rrd381833.xml,CIK0001067983-submissions-001.json
2013-06-24,4,0001181431-13-036496,2013-06-20,xslF345X03/rrd384268.xml,CIK0001067983-submissions-001.json
2013-07-05,4,0001181431-13-039047,2013-07-02,xslF345X03/rrd385401.xml,CIK0001067983-submissions-001.json
2013-07-08,4,0001181431-13-039153,2013-07-05,xslF345X03/rrd385343.xml,CIK0001067983-submissions-001.json
2013-07-08,SC 13D/A,0001193125-13-284843,,d564435dsc13da.htm,CIK0001067983-submissions-001.json
2013-07-08,SC 13G/A,0001193125-13-284940,,d564647dsc13ga.htm,CIK0001067983-submissions-001.json
2013-07-09,4,0001181431-13-039298,2013-07-05,xslF345X03/rrd385538.xml,CIK0001067983-submissions-001.json
2013-07-10,SC 13D/A,0001104659-13-053848,,a13-16392_1sc13da.htm,CIK0001067983-submissions-001.json
2013-08-02,10-Q,0001193125-13-317399,2013-06-30,d562133d10q.htm,CIK0001067983-submissions-001.json
2013-08-06,424B2,0001193125-13-320460,,d578195d424b2.htm,CIK0001067983-submissions-001.json
2013-08-06,FWP,0001193125-13-321911,,d581325dfwp.htm,CIK0001067983-submissions-001.json
2013-08-07,424B2,0001193125-13-324545,,d581426d424b2.htm,CIK0001067983-submissions-001.json
2013-08-08,11-K,0001193125-13-327201,2012-12-31,d582402d11k.htm,CIK0001067983-submissions-001.json
2013-08-08,11-K,0001193125-13-327191,2012-12-31,d582261d11k.htm,CIK0001067983-submissions-001.json
2013-08-08,11-K,0001193125-13-327188,2012-12-31,d582183d11k.htm,CIK0001067983-submissions-001.json
2013-08-09,11-K,0001193125-13-328584,2012-12-31,d582466d11k.htm,CIK0001067983-submissions-001.json
2013-08-12,11-K,9999999997-13-012603,2012-12-31,9999999997-13-012603.paper,CIK0001067983-submissions-001.json
2013-08-15,13F-HR,0000950123-13-006925,2013-06-30,xslForm13F_X01/primary_doc.xml,CIK0001067983-submissions-001.json
2013-08-15,8-K,0001193125-13-336629,2013-08-15,d585257d8k.htm,CIK0001067983-submissions-001.json
2013-10-08,424B2,0001193125-13-393697,,d607312d424b2.htm,CIK0001067983-submissions-001.json
2013-10-08,FWP,0001193125-13-394232,,d610515dfwp.htm,CIK0001067983-submissions-001.json
2013-10-08,SC 13G/A,0001193125-13-394242,,d608846dsc13ga.htm,CIK0001067983-submissions-001.json
2013-10-09,424B2,0001193125-13-395359,,d610846d424b2.htm,CIK0001067983-submissions-001.json
2013-10-15,8-K,0001193125-13-399549,2013-10-15,d611943d8k.htm,CIK0001067983-submissions-001.json
2013-10-17,4,0001181431-13-054326,2013-10-11,xslF345X03/rrd392862.xml,CIK0001067983-submissions-001.json
2013-11-01,10-Q,0001193125-13-423169,2013-09-30,d608962d10q.htm,CIK0001067983-submissions-001.json
2013-11-08,4,0001181431-13-057982,2013-11-06,xslF345X03/rrd394925.xml,CIK0001067983-submissions-001.json
2013-11-13,4,0001181431-13-058795,2013-11-12,xslF345X03/rrd394915.xml,CIK0001067983-submissions-001.json
2013-11-13,SC 13D/A,0001193125-13-440339,,d627568dsc13da.htm,CIK0001067983-submissions-001.json
2013-11-14,13F-HR,0000950123-13-009777,2013-09-30,xslForm13F_X01/primary_doc.xml,CIK0001067983-submissions-001.json
2013-11-14,13F-HR/A,0000950123-13-009874,2013-06-30,xslForm13F_X01/primary_doc.xml,CIK0001067983-submissions-001.json
2013-12-09,4,0001181431-13-062025,2013-12-05,xslF345X03/rrd397012.xml,CIK0001067983-submissions-001.json
2013-12-13,SC 13D/A,0001104659-13-090170,,a13-26030_3sc13da.htm,CIK0001067983-submissions-001.json
2013-12-31,4,0001181431-13-065070,2013-12-09,xslF345X03/rrd398660.xml,CIK0001067983-submissions-001.json
2014-01-02,SC 13D/A,0001193125-13-488651,,d652278dsc13da.htm,CIK0001067983-submissions-001.json
2014-01-06,424B2,0001193125-14-002347,,d652813d424b2.htm,CIK0001067983-submissions-001.json
2014-01-06,FWP,0001193125-14-002995,,d652813dfwp.htm,CIK0001067983-submissions-001.json
2014-01-08,424B2,0001193125-14-004661,,d653513d424b2.htm,CIK0001067983-submissions-001.json
2014-01-10,8-K,0001193125-14-008098,2014-01-10,d654912d8k.htm,CIK0001067983-submissions-001.json
2014-01-15,SC 13D/A,0001104659-14-002579,,a14-3578_1sc13da.htm,CIK0001067983-submissions-001.json
2014-01-28,SC 13G/A,0001086364-14-000446,,berkshire.hathaway.inc.-b-..txt,CIK0001067983-submissions-001.json
2014-01-31,5,0001181431-14-004621,2013-12-31,xslF345X03/rrd400376.xml,CIK0001067983-submissions-001.json
2014-02-03,SC 13G,0001519058-14-000025,,brkb.txt,CIK0001067983-submissions-001.json
2014-02-07,5,0001140361-14-005274,2013-12-31,xslF345X03/doc1.xml,CIK0001067983-submissions-001.json
2014-02-07,8-K,0001193125-14-040971,2014-02-04,d673478d8k.htm,CIK0001067983-submissions-001.json
2014-02-11,SC 13G,0000932471-14-003223,,berkshirehathawayinc.htm,CIK0001067983-submissions-001.json
2014-02-12,SC 13D/A,0001193125-14-048161,,d674993dsc13da.htm,CIK0001067983-submissions-001.json
2014-02-14,13F-HR,0000950123-14-002615,2013-12-31,xslForm13F_X01/primary_doc.xml,CIK0001067983-submissions-001.json
2014-02-14,SC 13G,0001193125-14-054969,,d668577dsc13g.htm,CIK0001067983-submissions-001.json
2014-02-14,SC 13G,0001193125-14-054951,,d672942dsc13g.htm,CIK0001067983-submissions-001.json
2014-02-14,SC 13G,0001193125-14-054868,,d672795dsc13g.htm,CIK0001067983-submissions-001.json
2014-02-14,SC 13G/A,0001193125-14-054996,,d672874dsc13ga.htm,CIK0001067983-submissions-001.json
2014-02-14,SC 13G/A,0001193125-14-054995,,d672918dsc13ga.htm,CIK0001067983-submissions-001.json
2014-02-14,SC 13G/A,0001193125-14-054939,,d672845dsc13ga.htm,CIK0001067983-submissions-001.json
2014-02-14,SC 13G/A,0001193125-14-054903,,d672894dsc13ga.htm,CIK0001067983-submissions-001.json
2014-02-14,SC 13G/A,0001193125-14-054860,,d671391dsc13ga.htm,CIK0001067983-submissions-001.json
2014-02-14,SC 13G/A,0001193125-14-054850,,d668802dsc13ga.htm,CIK0001067983-submissions-001.json
2014-02-14,SC 13G/A,0001193125-14-054814,,d672811dsc13ga.htm,CIK0001067983-submissions-001.json
2014-02-14,SC 13G/A,0001193125-14-054802,,d668661dsc13ga.htm,CIK0001067983-submissions-001.json
2014-02-14,SC 13G/A,0001193125-14-054754,,d670317dsc13ga.htm,CIK0001067983-submissions-001.json
2014-02-26,4,0001181431-14-009565,2014-02-24,xslF345X03/rrd403597.xml,CIK0001067983-submissions-001.json
2014-02-26,4,0001181431-14-009560,2014-02-19,xslF345X03/rrd403582.xml,CIK0001067983-submissions-001.json
2014-03-03,10-K,0001193125-14-078778,2013-12-31,d656225d10k.htm,CIK0001067983-submissions-001.json
2014-03-04,8-K,0001193125-14-082017,2014-03-01,d686949d8k.htm,CIK0001067983-submissions-001.json
2014-03-12,SC 13D/A,0001193125-14-094955,,d692131dsc13da.htm,CIK0001067983-submissions-001.json
2014-03-14,DEF 14A,0001193125-14-099027,2014-05-03,d656997ddef14a.htm,CIK0001067983-submissions-001.json
2014-03-25,SC 13D/A,0001193125-14-113188,,d698750dsc13da.htm,CIK0001067983-submissions-001.json
2014-04-01,S-8,0001193125-14-125773,,d702335ds8.htm,CIK0001067983-submissions-001.json
2014-04-14,4,0001181431-14-016153,2014-04-04,xslF345X03/rrd407446.xml,CIK0001067983-submissions-001.json
2014-04-14,SC 13D/A,0001193125-14-142694,,d711127dsc13da.htm,CIK0001067983-submissions-001.json
2014-04-14,SC 13D/A,0001193125-14-140999,,d710767dsc13da.htm,CIK0001067983-submissions-001.json
2014-05-02,10-Q,0001193125-14-180321,2014-03-31,d706591d10q.htm,CIK0001067983-submissions-001.json
2014-05-06,8-K,0001193125-14-185127,2014-05-03,d722621d8k.htm,CIK0001067983-submissions-001.json
2014-05-15,13F-HR,0000950123-14-006252,2014-03-31,xslForm13F_X01/primary_doc.xml,CIK0001067983-submissions-001.json
2014-06-02,SD,0001193125-14-221549,,d734970dsd.htm,CIK0001067983-submissions-001.json
2014-06-19,11-K,0001193125-14-242048,2013-12-31,d741871d11k.htm,CIK0001067983-submissions-001.json
2014-06-24,11-K,0001193125-14-247203,2013-12-31,d744140d11k.htm,CIK0001067983-submissions-001.json
2014-06-25,11-K,0001193125-14-248252,2013-12-31,d744138d11k.htm,CIK0001067983-submissions-001.json
2014-06-26,11-K,0001193125-14-250361,2013-12-31,d744144d11k.htm,CIK0001067983-submissions-001.json
2014-06-26,11-K,0001193125-14-250353,2013-12-31,d744142d11k.htm,CIK0001067983-submissions-001.json
2014-07-01,SC 13D/A,0001193125-14-257711,,d752617dsc13da.htm,CIK0001067983-submissions-001.json
2014-07-02,4,0001181431-14-026041,2014-06-30,xslF345X03/rrd412723.xml,CIK0001067983-submissions-001.json
2014-07-15,4,0001181431-14-026697,2014-07-02,xslF345X03/rrd413182.xml,CIK0001067983-submissions-001.json
2014-07-15,SC 13D/A,0001193125-14-269039,,d757083dsc13da.htm,CIK0001067983-submissions-001.json
2014-08-01,10-Q,0001193125-14-291724,2014-06-30,d747143d10q.htm,CIK0001067983-submissions-001.json
2014-08-01,3,0001181431-14-028086,2014-07-24,xslF345X02/rrd413745.xml,CIK0001067983-submissions-001.json
2014-08-04,SC 13G/A,0001193125-14-291986,,d769543dsc13ga.htm,CIK0001067983-submissions-001.json
2014-08-07,424B5,0001193125-14-299636,,d769594d424b5.htm,CIK0001067983-submissions-001.json
2014-08-07,424B5,0001193125-14-299605,,d769569d424b5.htm,CIK0001067983-submissions-001.json
2014-08-07,FWP,0001193125-14-300971,,d769594dfwp.htm,CIK0001067983-submissions-001.json
2014-08-07,FWP,0001193125-14-300954,,d769569dfwp.htm,CIK0001067983-submissions-001.json
2014-08-08,424B2,0001193125-14-303357,,d769594d424b2.htm,CIK0001067983-submissions-001.json
2014-08-08,424B2,0001193125-14-303354,,d769569d424b2.htm,CIK0001067983-submissions-001.json
2014-08-14,13F-HR,0000950123-14-009048,2014-06-30,xslForm13F_X01/primary_doc.xml,CIK0001067983-submissions-001.json
2014-08-14,8-K,0001193125-14-310381,2014-08-14,d772409d8k.htm,CIK0001067983-submissions-001.json
2014-08-14,SC 13G,0001193125-14-310112,,d772498dsc13g.htm,CIK0001067983-submissions-001.json
2014-09-09,4,0001140361-14-035104,2014-09-05,xslF345X03/doc1.xml,CIK0001067983-submissions-001.json
2014-11-03,4,0001181431-14-035304,2014-09-12,xslF345X03/rrd417844.xml,CIK0001067983-submissions-001.json
2014-11-07,10-Q,0001193125-14-403605,2014-09-30,d796179d10q.htm,CIK0001067983-submissions-001.json
2014-11-07,4,0001140361-14-040683,2014-10-29,xslF345X03/doc1.xml,CIK0001067983-submissions-001.json
2014-11-12,4,0001181431-14-036253,2014-11-07,xslF345X03/rrd418739.xml,CIK0001067983-submissions-001.json
2014-11-14,13F-HR,0000950123-14-012218,2014-09-30,xslForm13F_X01/primary_doc.xml,CIK0001067983-submissions-001.json
2014-12-22,4,0001181431-14-039472,2014-12-19,xslF345X03/rrd420655.xml,CIK0001067983-submissions-001.json
2014-12-29,SC 13D/A,0001193125-14-455158,,d843417dsc13da.htm,CIK0001067983-submissions-001.json
2015-01-13,424B2,0001193125-15-008852,,d846574d424b2.htm,CIK0001067983-submissions-001.json
2015-01-13,FWP,0001193125-15-009489,,d851706dfwp.htm,CIK0001067983-submissions-001.json
2015-01-14,424B2,0001193125-15-010166,,d846574d424b2.htm,CIK0001067983-submissions-001.json
2015-01-15,8-K,0001193125-15-011954,2015-01-15,d852964d8k.htm,CIK0001067983-submissions-001.json
2015-01-20,NO ACT,9999999997-15-000372,2015-01-16,9999999997-15-000372.paper,CIK0001067983-submissions-001.json
2015-01-26,SC 13G/A,0001086364-15-000856,,berkshire.hathaway.txt,CIK0001067983-submissions-001.json
2015-01-30,5,0001181431-15-001682,2014-12-31,xslF345X03/rrd421618.xml,CIK0001067983-submissions-001.json
2015-02-10,SC 13G/A,0000932471-15-004590,,berkshirehathawayinc.htm,CIK0001067983-submissions-001.json
2015-02-11,SC 13G,0001519058-15-000071,,brkb.txt,CIK0001067983-submissions-001.json
2015-02-13,5,0001140361-15-006139,2014-12-31,xslF345X03/doc1.xml,CIK0001067983-submissions-001.json
2015-02-17,13F-HR,0000950123-15-002961,2014-12-31,xslForm13F_X01/primary_doc.xml,CIK0001067983-submissions-001.json
2015-02-17,13F-HR/A,0000950123-15-002964,2014-09-30,xslForm13F_X01/primary_doc.xml,CIK0001067983-submissions-001.json
2015-02-17,SC 13G,0000950123-15-003174,,d869716dsc13g.htm,CIK0001067983-submissions-001.json
2015-02-17,SC 13G/A,0000950123-15-003196,,d868429dsc13ga.htm,CIK0001067983-submissions-001.json
2015-02-17,SC 13G/A,0000950123-15-003189,,d869740dsc13ga.htm,CIK0001067983-submissions-001.json
2015-02-17,SC 13G/A,0000950123-15-003171,,d868893dsc13ga.htm,CIK0001067983-submissions-001.json
2015-02-17,SC 13G/A,0000950123-15-003150,,d871169dsc13ga.htm,CIK0001067983-submissions-001.json
2015-02-17,SC 13G/A,0000950123-15-003139,,d869732dsc13ga.htm,CIK0001067983-submissions-001.json
2015-02-17,SC 13G/A,0000950123-15-003011,,d869724dsc13ga.htm,CIK0001067983-submissions-001.json
2015-03-02,10-K,0001193125-15-070966,2014-12-31,d820461d10k.htm,CIK0001067983-submissions-001.json
2015-03-05,424B2,0001193125-15-077431,,d884429d424b2.htm,CIK0001067983-submissions-001.json
2015-03-05,FWP,0001193125-15-078604,,d885977dfwp.htm,CIK0001067983-submissions-001.json
2015-03-06,424B2,0001193125-15-081260,,d884429d424b2.htm,CIK0001067983-submissions-001.json
2015-03-13,DEF 14A,0001193125-15-091378,2015-05-02,d854690ddef14a.htm,CIK0001067983-submissions-001.json
2015-03-16,8-K,0001193125-15-094006,2015-03-16,d890665d8k.htm,CIK0001067983-submissions-001.json
2015-03-25,425,0001193125-15-105230,,d897765d425.htm,CIK0001067983-submissions-001.json
2015-03-31,S-8,0001193125-15-113921,,d898417ds8.htm,CIK0001067983-submissions-001.json
2015-04-03,SC 13D/A,0001104659-15-025784,,a15-8521_1sc13da.htm,CIK0001067983-submissions-001.json
2015-04-09,8-A12B,0001193125-15-124391,,d907548d8a12b.htm,CIK0001067983-submissions-001.json
2015-04-10,CERTNYS,9999999997-15-007813,,9999999997-15-007813.paper,CIK0001067983-submissions-001.json
2015-05-01,10-Q,0001193125-15-166595,2015-03-31,d906176d10q.htm,CIK0001067983-submissions-001.json
2015-05-05,8-K,0001193125-15-172271,2015-05-02,d921313d8k.htm,CIK0001067983-submissions-001.json
2015-05-15,13F-HR,0000950123-15-006438,2015-03-31,xslForm13F_X01/primary_doc.xml,CIK0001067983-submissions-001.json
2015-05-29,SD,0001193125-15-206880,,d932774dsd.htm,CIK0001067983-submissions-001.json
2015-06-18,11-K,0001193125-15-227248,2014-12-31,d944196d11k.htm,CIK0001067983-submissions-001.json
2015-06-22,11-K,0001193125-15-230463,2014-12-31,d944198d11k.htm,CIK0001067983-submissions-001.json
2015-06-23,11-K,0001193125-15-232036,2014-12-31,d946614d11k.htm,CIK0001067983-submissions-001.json
2015-06-23,11-K,0001193125-15-231882,2014-12-31,d946870d11k.htm,CIK0001067983-submissions-001.json
2015-06-24,11-K,0001193125-15-233550,2014-12-31,d944061d11k.htm,CIK0001067983-submissions-001.json
2015-06-24,11-K,0001193125-15-233510,2014-12-31,d944065d11k.htm,CIK0001067983-submissions-001.json
2015-06-24,11-K,0001193125-15-233498,2014-12-31,d944063d11k.htm,CIK0001067983-submissions-001.json
2015-07-02,3,0001209191-15-059036,2015-07-02,xslF345X02/doc3.xml,CIK0001067983-submissions-001.json
2015-07-06,4,0001209191-15-059557,2015-06-25,xslF345X03/doc4.xml,CIK0001067983-submissions-001.json
2015-07-06,SC 13D/A,0001193125-15-245464,,d98389dsc13da.htm,CIK0001067983-submissions-001.json
2015-08-07,10-Q,0001193125-15-283231,2015-06-30,d940652d10q.htm,CIK0001067983-submissions-001.json
2015-08-10,8-K,0001193125-15-285104,2015-08-08,d41723d8k.htm,CIK0001067983-submissions-001.json
2015-08-14,13F-HR,0000950123-15-009404,2015-06-30,xslForm13F_X01/primary_doc.xml,CIK0001067983-submissions-001.json
2015-08-28,3,0001209191-15-068492,2015-08-25,xslF345X02/doc3.xml,CIK0001067983-submissions-001.json
2015-08-28,4,0001209191-15-068494,2015-08-26,xslF345X03/doc4.xml,CIK0001067983-submissions-001.json
2015-09-04,13F-HR/A,0000950123-15-009742,2015-06-30,xslForm13F_X01/primary_doc.xml,CIK0001067983-submissions-001.json
2015-09-09,4,0001209191-15-070017,2015-09-04,xslF345X03/doc4.xml,CIK0001067983-submissions-001.json
2015-11-06,10-Q,0001193125-15-370187,2015-09-30,d52687d10q.htm,CIK0001067983-submissions-001.json
2015-11-16,13F-HR,0000950123-15-011992,2015-09-30,xslForm13F_X01/primary_doc.xml,CIK0001067983-submissions-001.json
2016-01-06,4,0001209191-16-090163,2016-01-04,xslF345X03/doc4.xml,CIK0001067983-submissions-001.json
2016-01-06,4,0000919574-16-008962,2016-01-04,xslF345X03/p6984437.xml,CIK0001067983-submissions-001.json
2016-01-08,4,0001209191-16-090650,2016-01-06,xslF345X03/doc4.xml,CIK0001067983-submissions-001.json
2016-01-11,4,0001209191-16-090829,2016-01-07,xslF345X03/doc4.xml,CIK0001067983-submissions-001.json
2016-01-12,4,0001209191-16-091097,2016-01-08,xslF345X03/doc4.xml,CIK0001067983-submissions-001.json
2016-01-13,4,0001209191-16-091310,2016-01-11,xslF345X03/doc4.xml,CIK0001067983-submissions-001.json
2016-01-14,4,0001209191-16-091541,2016-01-12,xslF345X03/doc4.xml,CIK0001067983-submissions-001.json
2016-01-15,4,0001209191-16-091882,2016-01-13,xslF345X03/doc4.xml,CIK0001067983-submissions-001.json
2016-01-19,4,0001209191-16-092240,2016-01-14,xslF345X03/doc4.xml,CIK0001067983-submissions-001.json
2016-01-25,SC 13G/A,0000215457-16-002113,,berkshire.hathaw.2015.txt,CIK0001067983-submissions-001.json
2016-01-26,5,0001209191-16-093671,2015-12-31,xslF345X03/doc5.xml,CIK0001067983-submissions-001.json
2016-01-26,S-3ASR,0001193125-16-438352,,d196756ds3asr.htm,CIK0001067983-submissions-001.json
2016-01-27,4,0001209191-16-093826,2016-01-25,xslF345X03/doc4.xml,CIK0001067983-submissions-001.json
2016-01-29,4,0001209191-16-094284,2016-01-27,xslF345X03/doc4.xml,CIK0001067983-submissions-001.json
2016-02-03,4,0001209191-16-095545,2016-02-01,xslF345X03/doc4.xml,CIK0001067983-submissions-001.json
2016-02-08,4,0001209191-16-096544,2016-02-01,xslF345X03/doc4.xml,CIK0001067983-submissions-001.json
2016-02-09,4,0001209191-16-097106,2016-02-05,xslF345X03/doc4.xml,CIK0001067983-submissions-001.json
2016-02-10,SC 13G/A,0000932471-16-010624,,berkshirehathawayinc.htm,CIK0001067983-submissions-001.json
2016-02-12,4,0001209191-16-098292,2016-02-10,xslF345X03/doc4.xml,CIK0001067983-submissions-001.json
2016-02-12,SC 13G,0000093751-16-000299,,BRK.B_20151231.txt,CIK0001067983-submissions-001.json
2016-02-16,13F-HR,0000950123-16-015025,2015-12-31,xslForm13F_X01/primary_doc.xml,CIK0001067983-submissions-001.json
2016-02-16,SC 13G,0001193125-16-465491,,d137421dsc13g.htm,CIK0001067983-submissions-001.json
2016-02-16,SC 13G,0001193125-16-465409,,d58875dsc13g.htm,CIK0001067983-submissions-001.json
2016-02-16,SC 13G,0001193125-16-465385,,d256062dsc13g.htm,CIK0001067983-submissions-001.json
2016-02-16,SC 13G,0001193125-16-465241,,d126954dsc13g.htm,CIK0001067983-submissions-001.json
2016-02-16,SC 13G,0001193125-16-465216,,d141611dsc13g.htm,CIK0001067983-submissions-001.json
2016-02-16,SC 13G/A,0001193125-16-465474,,d126056dsc13ga.htm,CIK0001067983-submissions-001.json
2016-02-16,SC 13G/A,0001193125-16-465449,,d20242dsc13ga.htm,CIK0001067983-submissions-001.json
2016-02-16,SC 13G/A,0001193125-16-465419,,d128320dsc13ga.htm,CIK0001067983-submissions-001.json
2016-02-16,SC 13G/A,0001193125-16-465364,,d126483dsc13ga.htm,CIK0001067983-submissions-001.json
2016-02-16,SC 13G/A,0001193125-16-465334,,d137435dsc13ga.htm,CIK0001067983-submissions-001.json
2016-02-16,SC 13G/A,0001193125-16-465260,,d124840dsc13ga.htm,CIK0001067983-submissions-001.json
2016-02-16,SC 13G/A,0001193125-16-465203,,d129148dsc13ga.htm,CIK0001067983-submissions-001.json
2016-02-29,10-K,0001193125-16-483023,2015-12-31,d103603d10k.htm,CIK0001067983-submissions-001.json
2016-02-29,8-K,0001193125-16-483034,2016-02-27,d122679d8k.htm,CIK0001067983-submissions-001.json
2016-03-08,424B2,0001193125-16-496031,,d176392d424b2.htm,CIK0001067983-submissions-001.json
2016-03-08,424B2,0001193125-16-496020,,d127872d424b2.htm,CIK0001067983-submissions-001.json
2016-03-09,424B2,0001193125-16-497444,,d127950d424b2.htm,CIK0001067983-submissions-001.json
2016-03-09,FWP,0001193125-16-498177,,d126555dfwp.htm,CIK0001067983-submissions-001.json
2016-03-09,FWP,0001193125-16-497160,,d160650dfwp.htm,CIK0001067983-submissions-001.json
2016-03-09,FWP,0001193125-16-497157,,d159364dfwp.htm,CIK0001067983-submissions-001.json
2016-03-10,424B2,0001193125-16-500272,,d176392d424b2.htm,CIK0001067983-submissions-001.json
2016-03-10,424B2,0001193125-16-500236,,d127872d424b2.htm,CIK0001067983-submissions-001.json
2016-03-11,424B2,0001193125-16-501573,,d127950d424b2.htm,CIK0001067983-submissions-001.json
2016-03-11,DEF 14A,0001193125-16-501649,2016-04-30,d117328ddef14a.htm,CIK0001067983-submissions-001.json
2016-03-15,8-K,0001193125-16-505315,2016-03-15,d156679d8k.htm,CIK0001067983-submissions-001.json
2016-03-16,4,0001209191-16-108980,2016-03-11,xslF345X03/doc4.xml,CIK0001067983-submissions-001.json
2016-03-28,3,0001209191-16-110777,2016-03-16,xslF345X02/doc3.xml,CIK0001067983-submissions-001.json
2016-03-28,SC 13G/A,0001193125-16-519785,,d140932dsc13ga.htm,CIK0001067983-submissions-001.json
2016-04-11,8-A12B,0001193125-16-536197,,d172879d8a12b.htm,CIK0001067983-submissions-001.json
2016-04-11,CERTNYS,9999999997-16-022202,,9999999997-16-022202.paper,CIK0001067983-submissions-001.json
2016-05-02,8-K,0001193125-16-571365,2016-04-30,d189777d8k.htm,CIK0001067983-submissions-001.json
2016-05-03,4,0001209191-16-117169,2016-04-29,xslF345X03/doc4.xml,CIK0001067983-submissions-001.json
2016-05-04,8-K,0001193125-16-577794,2016-04-30,d191475d8k.htm,CIK0001067983-submissions-001.json
2016-05-06,10-Q,0001193125-16-582004,2016-03-31,d174504d10q.htm,CIK0001067983-submissions-001.json
2016-05-06,IRANNOTICE,0001193125-16-582015,,d189019dirannotice.htm,CIK0001067983-submissions-001.json
2016-05-16,13F-HR,0000950123-16-017295,2016-03-31,xslForm13F_X01/primary_doc.xml,CIK0001067983-submissions-001.json
2016-05-23,4,0001209191-16-122758,2016-05-19,xslF345X03/doc4.xml,CIK0001067983-submissions-001.json
2016-05-26,4,0001209191-16-123807,2016-05-24,xslF345X03/doc4.xml,CIK0001067983-submissions-001.json
2016-05-27,SD,0001193125-16-606574,,d361547dsd.htm,CIK0001067983-submissions-001.json
2016-06-01,4,0001209191-16-124866,2016-05-27,xslF345X03/doc4.xml,CIK0001067983-submissions-001.json
2016-06-07,11-K,0001193125-16-615305,2015-12-31,d204819d11k.htm,CIK0001067983-submissions-001.json
2016-06-07,4,0001209191-16-126374,2016-06-03,xslF345X03/doc4.xml,CIK0001067983-submissions-001.json
2016-06-14,4,0001209191-16-127872,2016-06-10,xslF345X03/doc4.xml,CIK0001067983-submissions-001.json
2016-06-22,11-K,0001193125-16-628655,2015-12-31,d195763d11k.htm,CIK0001067983-submissions-001.json
2016-06-22,11-K,0001193125-16-628644,2015-12-31,d213124d11k.htm,CIK0001067983-submissions-001.json
2016-06-22,11-K,0001193125-16-628633,2015-12-31,d216318d11k.htm,CIK0001067983-submissions-001.json
2016-06-22,11-K,0001193125-16-628626,2015-12-31,d216579d11k.htm,CIK0001067983-submissions-001.json
2016-06-22,11-K,0001193125-16-628619,2015-12-31,d216479d11k.htm,CIK0001067983-submissions-001.json
2016-06-24,11-K,0001193125-16-630947,2015-12-31,d215629d11k.htm,CIK0001067983-submissions-001.json
2016-06-24,11-K,0001193125-16-630918,2015-12-31,d216842d11k.htm,CIK0001067983-submissions-001.json
2016-07-14,4,0001209191-16-132807,2016-07-13,xslF345X03/doc4.xml,CIK0001067983-submissions-001.json
2016-07-14,SC 13D/A,0001193125-16-648302,,d225604dsc13da.htm,CIK0001067983-submissions-001.json
2016-08-05,10-Q,0001193125-16-673492,2016-06-30,d210900d10q.htm,CIK0001067983-submissions-001.json
2016-08-08,424B2,0001193125-16-674365,,d234177d424b2.htm,CIK0001067983-submissions-001.json
2016-08-08,424B2,0001193125-16-674357,,d212278d424b2.htm,CIK0001067983-submissions-001.json
2016-08-09,FWP,0001193125-16-675478,,d208183dfwp.htm,CIK0001067983-submissions-001.json
2016-08-09,FWP,0001193125-16-675469,,d208180dfwp.htm,CIK0001067983-submissions-001.json
2016-08-10,424B2,0001193125-16-678180,,d234177d424b2.htm,CIK0001067983-submissions-001.json
2016-08-10,424B2,0001193125-16-678141,,d212278d424b2.htm,CIK0001067983-submissions-001.json
2016-08-15,13F-HR,0000950123-16-020120,2016-06-30,xslForm13F_X01/primary_doc.xml,CIK0001067983-submissions-001.json
2016-08-15,8-K,0001193125-16-682050,2016-08-15,d251851d8k.htm,CIK0001067983-submissions-001.json
2016-08-24,4,0001209191-16-138549,2016-08-22,xslF345X03/doc4.xml,CIK0001067983-submissions-001.json
2016-08-29,4,0001209191-16-139047,2016-08-25,xslF345X03/doc4.xml,CIK0001067983-submissions-001.json
2016-09-06,4,0001209191-16-140299,2016-09-01,xslF345X03/doc4.xml,CIK0001067983-submissions-001.json
2016-09-09,UPLOAD,0000000000-16-092092,,filename1.pdf,CIK0001067983-submissions-001.json
2016-09-14,4,0001209191-16-141480,2016-09-12,xslF345X03/doc4.xml,CIK0001067983-submissions-001.json
2016-09-14,CORRESP,0001193125-16-709771,,filename1.htm,CIK0001067983-submissions-001.json
2016-09-19,4,0001209191-16-142089,2016-09-15,xslF345X03/doc4.xml,CIK0001067983-submissions-001.json
2016-10-06,CORRESP,0001193125-16-732679,,filename1.htm,CIK0001067983-submissions-001.json
2016-10-21,UPLOAD,0000000000-16-098018,,filename1.pdf,CIK0001067983-submissions-001.json
2016-11-04,10-Q,0001193125-16-760194,2016-09-30,d268144d10q.htm,CIK0001067983-submissions-001.json
2016-11-14,13F-HR,0000950123-16-022377,2016-09-30,xslForm13F_X01/primary_doc.xml,CIK0001067983-submissions-001.json
2017-01-05,424B2,0001193125-17-002420,,d291534d424b2.htm,CIK0001067983-submissions-001.json
2017-01-05,424B2,0001193125-17-002303,,d276707d424b2.htm,CIK0001067983-submissions-001.json
2017-01-05,FWP,0001193125-17-003118,,d287892dfwp.htm,CIK0001067983-submissions-001.json
2017-01-05,FWP,0001193125-17-002728,,d287902dfwp.htm,CIK0001067983-submissions-001.json
2017-01-06,424B2,0001193125-17-004630,,d276707d424b2.htm,CIK0001067983-submissions-001.json
2017-01-06,424B2,0001193125-17-004624,,d291534d424b2.htm,CIK0001067983-submissions-001.json
2017-01-10,4,0001209191-17-003280,2016-12-23,xslF345X03/doc4.xml,CIK0001067983-submissions-001.json
2017-01-11,4/A,0001209191-17-003449,2016-12-23,xslF345X03/doc4a.xml,CIK0001067983-submissions-001.json
2017-01-12,8-K,0001193125-17-008830,2017-01-12,d267358d8k.htm,CIK0001067983-submissions-001.json
2017-01-13,S-8,0001193125-17-009954,,d321933ds8.htm,CIK0001067983-submissions-001.json
2017-01-17,8-K,0001193125-17-011302,2017-01-17,d324429d8k.htm,recent
2017-01-17,SC 13D/A,0001104659-17-002579,,a17-2484_1sc13da.htm,recent
2017-01-19,SC 13G/A,0000215457-17-001346,,berkshire.hathaw.txt,recent
2017-01-20,5,0001209191-17-004997,2016-12-31,xslF345X03/doc5.xml,recent
2017-02-09,SC 13G,0000093751-17-000168,,BERKSHIRE.txt,recent
2017-02-10,SC 13G/A,0000932471-17-001617,,berkshirehathawayinc.htm,recent
2017-02-14,13F-HR,0000950123-17-002417,2016-12-31,xslForm13F_X01/primary_doc.xml,recent
2017-02-14,8-A12B,0001193125-17-043858,,d346915d8a12b.htm,recent
2017-02-14,SC 13G,0001193125-17-043891,,d311656dsc13g.htm,recent
2017-02-14,SC 13G,0001193125-17-043887,,d311803dsc13g.htm,recent
2017-02-14,SC 13G,0001193125-17-043848,,d342936dsc13g.htm,recent
2017-02-14,SC 13G,0001193125-17-043456,,d338105dsc13g.htm,recent
2017-02-14,SC 13G,0001193125-17-043448,,d311771dsc13g.htm,recent
2017-02-14,SC 13G,0001193125-17-043418,,d340539dsc13g.htm,recent
2017-02-14,SC 13G,0001193125-17-043404,,d340539dsc13g.htm,recent
2017-02-14,SC 13G/A,0001193125-17-043878,,d306140dsc13ga.htm,recent
2017-02-14,SC 13G/A,0001193125-17-043876,,d337795dsc13ga.htm,recent
2017-02-14,SC 13G/A,0001193125-17-043872,,d334443dsc13ga.htm,recent
2017-02-14,SC 13G/A,0001193125-17-043871,,d324298dsc13ga.htm,recent
2017-02-14,SC 13G/A,0001193125-17-043827,,d324290dsc13ga.htm,recent
2017-02-14,SC 13G/A,0001193125-17-043822,,d343671dsc13ga.htm,recent
2017-02-14,SC 13G/A,0001193125-17-043841,,d339060dsc13ga.htm,recent
2017-02-14,SC 13G/A,0001193125-17-043830,,d343671dsc13ga.htm,recent
2017-02-14,SC 13G/A,0001193125-17-043587,,d344600dsc13ga.htm,recent
2017-02-14,SC 13G/A,0001193125-17-043515,,d302910dsc13ga.htm,recent
2017-02-14,SC 13G/A,0001193125-17-043477,,d338190dsc13ga.htm,recent
2017-02-15,CERTNYS,9999999997-17-000759,,9999999997-17-000759.paper,recent
2017-02-15,SC 13G/A,0001193125-17-045379,,d444332dsc13ga.htm,recent
2017-02-27,10-K,0001193125-17-056969,2016-12-31,d303001d10k.htm,recent
2017-02-27,8-K,0001193125-17-057481,2017-02-25,d336682d8k.htm,recent
2017-02-27,SC 13G/A,0001193125-17-059095,,d342546dsc13ga.htm,recent
2017-03-08,8-K,0001193125-17-074849,2017-03-05,d352756d8k.htm,recent
2017-03-16,UPLOAD,0000000000-17-008779,,filename1.pdf,recent
2017-03-17,CORRESP,0001193125-17-086998,,filename1.htm,recent
2017-03-17,DEF 14A,0001193125-17-087493,2017-05-06,d305499ddef14a.htm,recent
2017-03-24,4,0001209191-17-022770,2017-03-22,xslF345X03/doc4.xml,recent
2017-04-12,4,0001209191-17-026722,2017-04-10,xslF345X03/doc4.xml,recent
2017-04-14,CORRESP,0001193125-17-124701,,filename1.htm,recent
2017-04-24,3,0001209191-17-028040,2017-04-19,xslF345X02/doc3.xml,recent
2017-04-24,4,0001209191-17-028042,2017-04-20,xslF345X03/doc4.xml,recent
2017-04-24,4,0001209191-17-028041,2017-04-20,xslF345X03/doc4.xml,recent
2017-04-24,PX14A6G,0001214659-17-002671,,l421170px14a6g.htm,recent
2017-04-24,SC 13G/A,0001193125-17-134707,,d382662dsc13ga.htm,recent
2017-04-24,SC 13G/A,0001193125-17-134664,,d382120dsc13ga.htm,recent
2017-05-05,10-Q,0001193125-17-160889,2017-03-31,d364161d10q.htm,recent
2017-05-09,8-K,0001193125-17-163993,2017-05-06,d393212d8k.htm,recent
2017-05-12,UPLOAD,0000000000-17-016786,,filename1.pdf,recent
2017-05-15,13F-HR,0000950123-17-005259,2017-03-31,xslForm13F_X01/primary_doc.xml,recent
2017-05-15,CORRESP,0001193125-17-170929,,filename1.htm,recent
2017-05-17,4,0001209191-17-033452,2017-05-15,xslF345X03/doc4.xml,recent
2017-05-17,4,0001209191-17-033451,2017-05-15,xslF345X03/doc4.xml,recent
2017-05-22,4,0001209191-17-034528,2017-05-18,xslF345X03/doc4.xml,recent
2017-05-22,4,0001209191-17-034527,2017-05-18,xslF345X03/doc4.xml,recent
2017-05-25,4,0001209191-17-035615,2017-05-23,xslF345X03/doc4.xml,recent
2017-05-25,4,0001209191-17-035614,2017-05-23,xslF345X03/doc4.xml,recent
2017-05-31,4,0001209191-17-036614,2017-05-26,xslF345X03/doc4.xml,recent
2017-05-31,4,0001209191-17-036613,2017-05-26,xslF345X03/doc4.xml,recent
2017-05-31,SD,0001193125-17-188762,,d397283dsd.htm,recent
2017-06-02,CORRESP,0001193125-17-192965,,filename1.htm,recent
2017-06-08,11-K,0001193125-17-198057,2016-12-31,d409487d11k.htm,recent
2017-06-20,11-K,0001193125-17-207979,2016-12-31,d414577d11k.htm,recent
2017-06-22,11-K,0001193125-17-210379,2016-12-31,d377520d11k.htm,recent
2017-06-22,11-K,0001193125-17-210373,2016-12-31,d377524d11k.htm,recent
2017-06-22,11-K,0001193125-17-210013,2016-12-31,d393610d11k.htm,recent
2017-06-22,11-K,0001193125-17-210008,2016-12-31,d393732d11k.htm,recent
2017-06-23,11-K,0001193125-17-211707,2016-12-31,d412728d11k.htm,recent
2017-06-27,11-K,0001193125-17-214294,2016-12-31,d409053d11k.htm,recent
2017-06-29,UPLOAD,0000000000-17-022856,,filename1.pdf,recent
2017-07-11,4,0001209191-17-044746,2017-07-10,xslF345X03/doc4.xml,recent
2017-07-11,SC 13D/A,0001193125-17-225931,,d405498dsc13da.htm,recent
2017-07-21,4,0001209191-17-046018,2017-06-26,xslF345X03/doc4.xml,recent
2017-08-04,10-Q,0001193125-17-248832,2017-06-30,d415768d10q.htm,recent
2017-08-11,SC 13D,0001193125-17-255919,,d436477dsc13d.htm,recent
2017-08-14,13F-HR,0000950123-17-007953,2017-06-30,xslForm13F_X01/primary_doc.xml,recent
2017-09-08,SC 13G/A,0001193125-17-280738,,d411721dsc13ga.htm,recent
2017-11-03,10-Q,0001193125-17-332829,2017-09-30,d473873d10q.htm,recent
2017-11-14,13F-HR,0000950123-17-010896,2017-09-30,xslForm13F_X01/primary_doc.xml,recent
2017-12-11,4,0001209191-17-065069,2017-11-03,xslF345X03/doc4.xml,recent
2018-01-03,4,0001209191-18-001571,2018-01-02,xslF345X03/doc4.xml,recent
2018-01-10,8-K,0001193125-18-008311,2018-01-09,d523841d8k.htm,recent
2018-01-12,8-K/A,0001193125-18-010151,2018-01-09,d449207d8ka.htm,recent
2018-01-18,3,0001728451-18-000001,2018-01-10,xslF345X02/primary_doc.xml,recent
2018-01-19,3,0001081316-18-000011,2018-01-09,xslF345X02/wf-form3_151640024127980.xml,recent
2018-01-29,SC 13G/A,0000215457-18-003893,,us0846707026_012918.txt,recent
2018-02-12,SC 13G/A,0000932471-18-004793,,berkshirehathawayinc.htm,recent
2018-02-14,13F-HR,0000950123-18-002390,2017-12-31,xslForm13F_X01/primary_doc.xml,recent
2018-02-14,5,0001209191-18-010066,2017-12-31,xslF345X03/doc5.xml,recent
2018-02-14,SC 13G,0001193125-18-045757,,d532637dsc13g.htm,recent
2018-02-14,SC 13G,0001193125-18-045736,,d530714dsc13g.htm,recent
2018-02-14,SC 13G,0000093751-18-000135,,BERKSHIREHATHAWAYENERGY.txt,recent
2018-02-14,SC 13G/A,0001193125-18-045650,,d513597dsc13ga.htm,recent
2018-02-14,SC 13G/A,0001193125-18-045692,,d724984dsc13ga.htm,recent
2018-02-14,SC 13G/A,0001193125-18-045699,,d532647dsc13ga.htm,recent
2018-02-14,SC 13G/A,0001193125-18-045675,,d465918dsc13ga.htm,recent
2018-02-14,SC 13G/A,0001193125-18-045636,,d517449dsc13ga.htm,recent
2018-02-14,SC 13G/A,0001193125-18-045652,,d500306dsc13ga.htm,recent
2018-02-14,SC 13G/A,0001193125-18-045631,,d530056dsc13ga.htm,recent
2018-02-14,SC 13G/A,0001193125-18-045588,,d527193dsc13ga.htm,recent
2018-02-14,SC 13G/A,0001193125-18-045615,,d528495dsc13ga.htm,recent
2018-02-14,SC 13G/A,0001193125-18-045583,,d523073dsc13ga.htm,recent
2018-02-15,4,0001209191-18-010464,2018-02-13,xslF345X03/doc4.xml,recent
2018-02-21,SC 13G/A,0001193125-18-052115,,d497533dsc13ga.htm,recent
2018-02-26,10-K,0001193125-18-057033,2017-12-31,d437858d10k.htm,recent
2018-02-27,8-K,0001193125-18-061006,2018-02-24,d585288d8k.htm,recent
2018-02-28,4,0001209191-18-014397,2018-02-26,xslF345X03/doc4.xml,recent
2018-03-02,4,0001209191-18-016062,2018-02-28,xslF345X03/doc4.xml,recent
2018-03-12,4,0001728451-18-000002,2018-03-06,xslF345X03/primary_doc.xml,recent
2018-03-16,DEF 14A,0001193125-18-086050,2018-05-05,d526293ddef14a.htm,recent
2018-03-26,SC 13D/A,0001193125-18-094909,,d559519dsc13da.htm,recent
2018-04-06,SC 13D/A,0001104659-18-022890,,a18-9705_1sc13da.htm,recent
2018-04-10,S-8,0001193125-18-112927,,d468938ds8.htm,recent
2018-04-12,SC 13D/A,0001193125-18-115359,,d559953dsc13da.htm,recent
2018-04-20,SC 13G,0001193125-18-125095,,d571879dsc13g.htm,recent
2018-05-07,10-Q,0001193125-18-153460,2018-03-31,d539101d10q.htm,recent
2018-05-08,8-K,0001193125-18-156189,2018-05-05,d539337d8k.htm,recent
2018-05-10,4,0001728451-18-000003,2018-05-10,xslF345X03/primary_doc.xml,recent
2018-05-11,SC 13D/A,0001193125-18-161063,,d585955dsc13da.htm,recent
2018-05-15,13F-HR,0000950123-18-005732,2018-03-31,xslForm13F_X01/primary_doc.xml,recent
2018-05-16,4,0001728451-18-000004,2018-05-15,xslF345X03/primary_doc.xml,recent
2018-05-18,S-8,0001193125-18-167565,,d589744ds8.htm,recent
2018-05-25,4,0001728451-18-000005,2018-05-24,xslF345X03/primary_doc.xml,recent
2018-05-31,SD,0001193125-18-179974,,d787009dsd.htm,recent
2018-06-11,SC 13D/A,0001193125-18-188831,,d605945dsc13da.htm,recent
2018-06-12,11-K,0001193125-18-190246,2017-12-31,d603024d11k.htm,recent
2018-06-18,4,0001209191-18-038259,2018-06-01,xslF345X03/doc4.xml,recent
2018-06-19,11-K,0001193125-18-197020,2017-12-31,d590447d11k.htm,recent
2018-06-19,11-K,0001193125-18-197018,2017-12-31,d590666d11k.htm,recent
2018-06-20,11-K,0001193125-18-198123,2017-12-31,d590672d11k.htm,recent
2018-06-20,11-K,0001193125-18-198120,2017-12-31,d590436d11k.htm,recent
2018-06-21,11-K,0001193125-18-199647,2017-12-31,d605956d11k.htm,recent
2018-06-21,11-K,0001193125-18-199643,2017-12-31,d604750d11k.htm,recent
2018-06-21,11-K,0001193125-18-199209,2017-12-31,d590404d11k.htm,recent
2018-06-22,11-K,0001193125-18-200666,2017-12-31,d771062d11k.htm,recent
2018-06-22,11-K,0001193125-18-200657,2017-12-31,d604678d11k.htm,recent
2018-06-27,11-K,0001193125-18-204318,2017-12-31,d590420d11k.htm,recent
2018-06-28,4,0001728451-18-000006,2018-05-27,xslF345X03/primary_doc.xml,recent
2018-06-29,11-K,0001193125-18-209944,2017-12-31,d590468d11k.htm,recent
2018-07-17,4,0001209191-18-042886,2018-07-16,xslF345X03/doc4.xml,recent
2018-07-18,SC 13D/A,0001193125-18-219854,,d467347dsc13da.htm,recent
2018-07-19,8-K,0001193125-18-221490,2018-07-17,d548576d8k.htm,recent
2018-07-23,SC 13D,0001104659-18-046338,,a18-17436_1sc13d.htm,recent
2018-08-06,10-Q,0001193125-18-238892,2018-06-30,d370289d10q.htm,recent
2018-08-06,3,0001209191-18-045590,2018-07-26,xslF345X02/doc3.xml,recent
2018-08-06,8-K,0001193125-18-238910,2018-08-04,d554013d8k.htm,recent
2018-08-07,424B2,0001193125-18-240478,,d598949d424b2.htm,recent
2018-08-07,FWP,0001193125-18-241280,,d571450dfwp.htm,recent
2018-08-08,424B2,0001193125-18-242646,,d598949d424b2.htm,recent
2018-08-10,SC 13G/A,0001193125-18-244995,,d590416dsc13ga.htm,recent
2018-08-14,13F-HR,0000950123-18-008866,2018-06-30,xslForm13F_X01/primary_doc.xml,recent
2018-08-15,8-K,0001193125-18-249538,2018-08-15,d569484d8k.htm,recent
2018-08-16,4,0001728451-18-000007,2018-08-15,xslF345X03/primary_doc.xml,recent
2018-08-30,4,0001728451-18-000008,2018-08-29,xslF345X03/primary_doc.xml,recent
2018-09-10,SC 13G/A,0001193125-18-270047,,d622062dsc13ga.htm,recent
2018-09-28,4,0001209191-18-052542,2018-09-26,xslF345X03/doc4.xml,recent
2018-10-01,SC 13D/A,0001104659-18-059501,,a18-36147_1sc13da.htm,recent
2018-10-19,4,0001728451-18-000009,2018-10-17,xslF345X03/primary_doc.xml,recent
2018-11-05,10-Q,0001193125-18-317734,2018-09-30,d636103d10q.htm,recent
2018-11-05,8-K,0001193125-18-317744,2018-11-03,d640238d8k.htm,recent
2018-11-09,3/A,0001728451-18-000010,2018-01-10,xslF345X02/primary_doc.xml,recent
2018-11-09,4,0001728451-18-000011,2018-11-07,xslF345X03/primary_doc.xml,recent
2018-11-09,SC 13G,0001193125-18-323036,,d652118dsc13g.htm,recent
2018-11-13,4,0001728451-18-000012,2018-11-12,xslF345X03/primary_doc.xml,recent
2018-11-13,SC 13D/A,0001193125-18-324620,,d616435dsc13da.htm,recent
2018-11-14,13F-HR,0000950123-18-011885,2018-09-30,xslForm13F_X01/primary_doc.xml,recent
2018-12-20,4,0001728451-18-000013,2018-12-18,xslF345X03/primary_doc.xml,recent
2019-01-03,424B2,0001193125-19-001159,,d677599d424b2.htm,recent
2019-01-03,FWP,0001193125-19-001670,,d663847dfwp.htm,recent
2019-01-07,424B2,0001193125-19-003872,,d677599d424b2.htm,recent
2019-01-11,8-K,0001193125-19-006899,2019-01-11,d682139d8k.htm,recent
2019-01-22,5,0001209191-19-004729,2018-12-31,xslF345X03/doc5.xml,recent
2019-01-28,S-3ASR,0001193125-19-019165,,d694039ds3asr.htm,recent
2019-02-04,SC 13G/A,0000215457-19-003373,,us0846707026_020119.txt,recent
2019-02-08,5,0001209191-19-008655,2018-12-31,xslF345X03/doc5.xml,recent
2019-02-08,SC 13G/A,0000932471-19-003937,,berkshirehathawayinc.htm,recent
2019-02-11,SC 13G/A,0000932471-19-004175,,berkshirehathawayinc.htm,recent
2019-02-13,SC 13G,0000093751-19-000164,,BerkshireHathawayInc.txt,recent
2019-02-14,13F-HR,0000950123-19-002221,2018-12-31,xslForm13F_X01/primary_doc.xml,recent
2019-02-14,5,0001567619-19-004068,2018-12-31,xslF345X03/doc1.xml,recent
2019-02-14,SC 13G,0001193125-19-041014,,d667611dsc13g.htm,recent
2019-02-14,SC 13G,0001193125-19-040903,,d667994dsc13g.htm,recent
2019-02-14,SC 13G,0001193125-19-040831,,d675290dsc13g.htm,recent
2019-02-14,SC 13G/A,0001193125-19-040993,,d667603dsc13ga.htm,recent
2019-02-14,SC 13G/A,0001193125-19-040983,,d611876dsc13ga.htm,recent
2019-02-14,SC 13G/A,0001193125-19-040974,,d667619dsc13ga.htm,recent
2019-02-14,SC 13G/A,0001193125-19-040952,,d648747dsc13ga.htm,recent
2019-02-14,SC 13G/A,0001193125-19-040936,,d678021dsc13ga.htm,recent
2019-02-14,SC 13G/A,0001193125-19-040921,,d674506dsc13ga.htm,recent
2019-02-14,SC 13G/A,0001193125-19-040878,,d682811dsc13ga.htm,recent
2019-02-14,SC 13G/A,0001193125-19-040854,,d667615dsc13ga.htm,recent
2019-02-14,SC 13G/A,0001193125-19-040803,,d667607dsc13ga.htm,recent
2019-02-25,10-K,0001193125-19-048926,2018-12-31,d678758d10k.htm,recent
2019-02-25,8-K,0001193125-19-049879,2019-02-23,d701919d8k.htm,recent
2019-03-06,424B2,0001193125-19-064782,,d717288d424b2.htm,recent
2019-03-06,FWP,0001193125-19-065755,,d712469dfwp.htm,recent
2019-03-08,3,0001209191-19-018300,2019-03-05,xslF345X02/doc3.xml,recent
2019-03-08,4,0001209191-19-018303,2019-03-06,xslF345X03/doc4.xml,recent
2019-03-08,424B2,0001193125-19-068295,,d717288d424b2.htm,recent
2019-03-13,4,0001209191-19-019205,2019-03-11,xslF345X03/doc4.xml,recent
2019-03-15,4,0001728451-19-000001,2019-03-06,xslF345X03/primary_doc.xml,recent
2019-03-15,8-K,0001193125-19-076471,2019-03-15,d722198d8k.htm,recent
2019-03-15,DEF 14A,0001193125-19-076915,2019-05-04,d684203ddef14a.htm,recent
2019-04-10,4,0001728451-19-000002,2019-04-08,xslF345X03/primary_doc.xml,recent
2019-05-06,10-Q,0001193125-19-137433,2019-03-31,d728539d10q.htm,recent
2019-05-07,8-K,0001193125-19-139803,2019-05-04,d732433d8k.htm,recent
2019-05-09,UPLOAD,0000000000-19-008277,,filename1.pdf,recent
2019-05-10,CORRESP,0001193125-19-144175,,filename1.htm,recent
2019-05-15,13F-HR,0000950123-19-005436,2019-03-31,xslForm13F_X01/primary_doc.xml,recent
2019-05-31,SD,0001193125-19-162979,,d753405dsd.htm,recent
2019-06-04,CORRESP,0001193125-19-165324,,filename1.htm,recent
2019-06-06,4,0001728451-19-000003,2019-06-03,xslF345X03/primary_doc.xml,recent
2019-06-12,424B2,0001193125-19-170674,,d753526d424b2.htm,recent
2019-06-12,FWP,0001193125-19-171402,,d761505dfwp.htm,recent
2019-06-13,424B2,0001193125-19-172618,,d753526d424b2.htm,recent
2019-06-17,11-K,0001193125-19-174790,2018-12-31,d745598d11k.htm,recent
2019-06-18,11-K,0001193125-19-174954,2018-12-31,d765542d11k.htm,recent
2019-06-19,8-K,0001193125-19-176569,2019-06-19,d763537d8k.htm,recent
2019-06-20,11-K,0001193125-19-177679,2018-12-31,d767087d11k.htm,recent
2019-06-20,11-K,0001193125-19-176657,2018-12-31,d759480d11k.htm,recent
2019-06-21,11-K,0001193125-19-178405,2018-12-31,d741072d11k.htm,recent
2019-06-21,11-K,0001193125-19-178400,2018-12-31,d732362d11k.htm,recent
2019-06-24,UPLOAD,0000000000-19-010255,,filename1.pdf,recent
2019-06-26,11-K,0001193125-19-182544,2018-12-31,d753508d11k.htm,recent
2019-06-26,11-K,0001193125-19-182540,2018-12-31,d756887d11k.htm,recent
2019-06-27,11-K,0001193125-19-183660,2018-12-31,d762061d11k.htm,recent
2019-06-28,11-K,0001193125-19-186190,2018-12-31,d753886d11k.htm,recent
2019-06-28,11-K,0001193125-19-186182,2018-12-31,d765003d11k.htm,recent
2019-06-28,11-K,0001193125-19-186019,2018-12-31,d555117d11k.htm,recent
2019-06-28,11-K,0001193125-19-184559,2018-12-31,d762552d11k.htm,recent
2019-06-28,S-8,0001193125-19-185871,,d73065ds8.htm,recent
2019-07-01,11-K,0001193125-19-186279,2018-12-31,d741325d11k.htm,recent
2019-07-02,4,0001209191-19-040423,2019-07-01,xslF345X03/doc4.xml,recent
2019-07-02,SC 13D/A,0001193125-19-188314,,d736329dsc13da.htm,recent
2019-07-17,8-A12B,0001193125-19-195355,,d765442d8a12b.htm,recent
2019-07-17,CERT,0000876661-19-000758,,BRK8A071719.pdf,recent
2019-07-23,4,0001728451-19-000004,2019-07-22,xslF345X03/primary_doc.xml,recent
2019-07-25,3,0001209191-19-043250,2019-07-17,xslF345X02/doc3.xml,recent
2019-07-31,4,0001728451-19-000005,2019-07-29,xslF345X03/primary_doc.xml,recent
2019-08-05,10-Q,0001564590-19-028491,2019-06-30,brka-10q_20190630.htm,recent
2019-08-05,8-K,0001193125-19-212469,2019-08-03,d785819d8k.htm,recent
2019-08-14,13F-HR,0000950123-19-008356,2019-06-30,xslForm13F_X01/primary_doc.xml,recent
2019-08-19,424B5,0001193125-19-223905,,d783972d424b5.htm,recent
2019-08-21,3/A,0001209191-19-047029,2019-08-20,xslF345X02/doc3a.xml,recent
2019-08-23,SC 13D/A,0001193125-19-227954,,d768247dsc13da.htm,recent
2019-08-26,4,0001728451-19-000006,2019-08-22,xslF345X03/primary_doc.xml,recent
2019-09-06,FWP,0001193125-19-239290,,d779071dfwp.htm,recent
2019-09-09,424B5,0001193125-19-240849,,d783972d424b5.htm,recent
2019-09-13,8-K,0001193125-19-244935,2019-09-13,d803938d8k.htm,recent
2019-10-15,4,0001209191-19-053219,2019-10-10,xslF345X03/doc4.xml,recent
2019-10-22,4,0001728451-19-000007,2019-10-21,xslF345X03/primary_doc.xml,recent
2019-11-04,10-Q,0000950123-19-009995,2019-09-30,brka-10q_20190930.htm,recent
2019-11-05,8-K,0001193125-19-283594,2019-11-02,d826077d8k.htm,recent
2019-11-12,3,0001209191-19-056146,2019-11-08,xslF345X02/doc3.xml,recent
2019-11-12,SC 13D/A,0001193125-19-290150,,d792120dsc13da.htm,recent
2019-11-14,13F-HR,0000950123-19-011362,2019-09-30,xslForm13F_X01/primary_doc.xml,recent
2019-11-27,SC 13G/A,0001193125-19-302501,,d835614dsc13ga.htm,recent
2019-12-27,4,0001728451-19-000008,2019-12-27,xslF345X03/primary_doc.xml,recent
2020-02-05,SC 13G/A,0000834237-20-004737,,us0846707026_020420.txt,recent
2020-02-12,SC 13G/A,0001104659-20-017345,,tv0838-berkshirehathawayinc.htm,recent
2020-02-13,SC 13G,0000093751-20-000431,,BerkshireHathawayInc.txt,recent
2020-02-14,13F-HR,0000950123-20-002466,2019-12-31,xslForm13F_X01/primary_doc.xml,recent
2020-02-14,5,0001209191-20-009596,2019-12-31,xslF345X03/doc5.xml,recent
2020-02-14,SC 13G,0001193125-20-038320,,d852257dsc13g.htm,recent
2020-02-14,SC 13G/A,0001193125-20-038381,,d852265dsc13ga.htm,recent
2020-02-14,SC 13G/A,0001193125-20-038354,,d852280dsc13ga.htm,recent
2020-02-14,SC 13G/A,0001193125-20-038343,,d852267dsc13ga.htm,recent
2020-02-14,SC 13G/A,0001193125-20-038334,,d852276dsc13ga.htm,recent
2020-02-14,SC 13G/A,0001193125-20-038306,,d852261dsc13ga.htm,recent
2020-02-14,SC 13G/A,0001193125-20-038296,,d852271dsc13ga.htm,recent
2020-02-14,SC 13G/A,0001193125-20-038282,,d852259dsc13ga.htm,recent
2020-02-14,SC 13G/A,0001193125-20-038270,,d852273dsc13ga.htm,recent
2020-02-14,SC 13G/A,0001193125-20-038256,,d879301dsc13ga.htm,recent
2020-02-14,SC 13G/A,0001193125-20-038242,,d852282dsc13ga.htm,recent
2020-02-24,10-K,0001564590-20-005874,2019-12-31,brka-10k_20191231.htm,recent
2020-02-25,8-K,0001193125-20-048368,2020-02-22,d866299d8k.htm,recent
2020-03-02,4,0001209191-20-014758,2020-02-27,xslF345X03/doc4.xml,recent
2020-03-02,4,0001728451-20-000001,2020-02-28,xslF345X03/primary_doc.xml,recent
2020-03-04,424B5,0001193125-20-060954,,d886020d424b5.htm,recent
2020-03-04,424B5,0001193125-20-060825,,d853116d424b5.htm,recent
2020-03-05,FWP,0001193125-20-062590,,d876771dfwp.htm,recent
2020-03-05,FWP,0001193125-20-062545,,d876702dfwp.htm,recent
2020-03-06,424B5,0001193125-20-064715,,d886020d424b5.htm,recent
2020-03-06,424B5,0001193125-20-064645,,d853116d424b5.htm,recent
2020-03-13,3,0001209191-20-018845,2020-03-03,xslF345X02/doc3.xml,recent
2020-03-13,8-K,0001193125-20-071873,2020-03-12,d831443d8k.htm,recent
2020-03-13,DEF 14A,0001193125-20-072952,2020-05-02,d856491ddef14a.htm,recent
2020-03-16,25-NSE,0000876661-20-000222,,xslF25X02/primary_doc.xml,recent
2020-03-18,4,0001209191-20-019996,2020-03-16,xslF345X03/doc4.xml,recent
2020-03-18,DEFA14A,0001193125-20-076823,,d898497ddefa14a.htm,recent
2020-03-25,424B5,0001193125-20-084148,,d861445d424b5.htm,recent
2020-04-02,8-A12B,0001193125-20-095493,,d893077d8a12b.htm,recent
2020-04-02,CERT,0000876661-20-000287,,BRK25040220.pdf,recent
2020-04-03,4,0001209191-20-023268,2020-03-16,xslF345X03/doc4.xml,recent
2020-04-03,4,0001209191-20-023250,2020-04-01,xslF345X03/doc4.xml,recent
2020-04-09,4,0001209191-20-024066,2020-04-07,xslF345X03/doc4.xml,recent
2020-04-09,FWP,0001193125-20-101964,,d875533dfwp.htm,recent
2020-04-10,SC 13G/A,0001193125-20-102891,,d914271dsc13ga.htm,recent
2020-04-13,424B5,0001193125-20-104717,,d861445d424b5.htm,recent
2020-04-16,8-K,0001193125-20-108577,2020-04-16,d914553d8k.htm,recent
2020-04-24,3,0001209191-20-025632,2020-04-15,xslF345X02/doc3.xml,recent
2020-05-04,10-Q,0001564590-20-020599,2020-03-31,brka-10q_20200331.htm,recent
2020-05-05,8-K,0001193125-20-133332,2020-05-02,d859935d8k.htm,recent
2020-05-07,SC 13G/A,0001193125-20-136464,,d926487dsc13ga.htm,recent
2020-05-07,SC 13G/A,0001193125-20-136458,,d927754dsc13ga.htm,recent
2020-05-07,SC 13G/A,0001193125-20-136451,,d924603dsc13ga.htm,recent
2020-05-07,SC 13G/A,0001193125-20-136445,,d918534dsc13ga.htm,recent
2020-05-07,SC 13G/A,0001193125-20-136442,,d889763dsc13ga.htm,recent
2020-05-12,3,0001209191-20-028427,2020-05-02,xslF345X02/doc3.xml,recent
2020-05-13,4,0001209191-20-028815,2020-05-11,xslF345X03/doc4.xml,recent
2020-05-14,4/A,0001209191-20-029062,2020-05-11,xslF345X03/doc4a.xml,recent
2020-05-15,13F-HR,0000950123-20-005345,2020-03-31,xslForm13F_X01/primary_doc.xml,recent
2020-05-18,4,0001728451-20-000002,2020-05-15,xslF345X03/primary_doc.xml,recent
2020-05-19,4,0000919574-20-003765,2020-05-18,xslF345X03/ownership.xml,recent
2020-05-22,11-K,0001193125-20-150170,2019-12-31,d909955d11k.htm,recent
2020-05-22,SD,0001193125-20-150219,,d902239dsd.htm,recent
2020-05-26,4,0001209191-20-032183,2020-03-16,xslF345X03/doc4.xml,recent
2020-05-29,4,0001209191-20-033068,2020-05-27,xslF345X03/doc4.xml,recent
2020-06-03,4,0001209191-20-034157,2020-06-01,xslF345X03/doc4.xml,recent
2020-06-09,4,0001209191-20-035265,2020-06-05,xslF345X03/doc4.xml,recent
2020-06-15,11-K,0001193125-20-169305,2019-12-31,d941918d11k.htm,recent
2020-06-15,11-K,0001193125-20-169300,2019-12-31,d938066d11k.htm,recent
2020-06-17,11-K,0001193125-20-171117,2019-12-31,d945958d11k.htm,recent
2020-06-17,4,0001209191-20-037283,2020-06-15,xslF345X03/doc4.xml,recent
2020-06-19,11-K,0001193125-20-173980,2019-12-31,d947038d11k.htm,recent
2020-06-19,11-K,0001193125-20-173884,2019-12-31,d853034d11k.htm,recent
2020-06-19,11-K,0001193125-20-173800,2019-12-31,d942414d11k.htm,recent
2020-06-19,11-K,0001193125-20-173732,2019-12-31,d942408d11k.htm,recent
2020-06-19,11-K,0001193125-20-172671,2019-12-31,d907163d11k.htm,recent
2020-06-19,11-K,0001193125-20-172668,2019-12-31,d906997d11k.htm,recent
2020-06-19,4,0001209191-20-037843,2020-06-17,xslF345X03/doc4.xml,recent
2020-06-24,11-K,0001193125-20-177388,2019-12-31,d942404d11k.htm,recent
2020-06-25,11-K,0001193125-20-178785,2019-12-31,d942424d11k.htm,recent
2020-06-25,11-K,0001193125-20-178780,2019-12-31,d942418d11k.htm,recent
2020-06-26,11-K,0001193125-20-180631,2019-12-31,d942406d11k.htm,recent
2020-07-08,4,0000950123-20-006814,2020-07-07,xslF345X03/doc4.xml,recent
2020-07-08,4,0001728451-20-000003,2020-07-01,xslF345X03/primary_doc.xml,recent
2020-07-08,SC 13D/A,0001193125-20-189490,,d936378dsc13da.htm,recent
2020-07-10,3,0000899243-20-018944,2019-09-16,xslF345X02/doc3.xml,recent
2020-07-10,4,0000899243-20-018948,2020-03-16,xslF345X03/doc4.xml,recent
2020-07-22,4,0001209191-20-043419,2020-07-20,xslF345X03/doc4.xml,recent
2020-07-27,4,0001209191-20-043793,2020-07-23,xslF345X03/doc4.xml,recent
2020-07-29,4,0001728451-20-000004,2020-07-28,xslF345X03/primary_doc.xml,recent
2020-07-30,4,0000899243-20-020822,2020-07-28,xslF345X03/doc4.xml,recent
2020-08-04,4,0000899243-20-021308,2020-07-31,xslF345X03/doc4.xml,recent
2020-08-10,10-Q,0001564590-20-038544,2020-06-30,brka-10q_20200630.htm,recent
2020-08-14,13F-HR,0000950123-20-009058,2020-06-30,xslForm13F_X01/primary_doc.xml,recent
2020-08-17,8-K,0001193125-20-222415,2020-08-08,d54538d8k.htm,recent
2020-08-31,8-K,0001193125-20-235925,2020-08-31,d947341d8k.htm,recent
2020-09-04,SC 13G/A,0001193125-20-240131,,d84250dsc13ga.htm,recent
2020-09-09,4,0001209191-20-049856,2020-09-04,xslF345X03/doc4.xml,recent
2020-09-11,4,0001209191-20-050157,2020-09-09,xslF345X03/doc4.xml,recent
2020-09-21,4,0001209191-20-051287,2020-09-17,xslF345X03/doc4.xml,recent
2020-09-21,SC 13D/A,0001193125-20-250217,,d15039dsc13da.htm,recent
2020-09-25,4,0001209191-20-052149,2020-09-22,xslF345X03/doc4.xml,recent
2020-09-28,3,0001209191-20-052220,2020-09-18,xslF345X02/doc3.xml,recent
2020-09-28,SC 13G,0001193125-20-256669,,d938207dsc13g.htm,recent
2020-10-02,4,0001728451-20-000005,2020-09-30,xslF345X03/primary_doc.xml,recent
2020-10-05,424B5,0001193125-20-263429,,d35896d424b5.htm,recent
2020-10-06,FWP,0001193125-20-264081,,d936326dfwp.htm,recent
2020-10-07,424B5,0001193125-20-265324,,d35896d424b5.htm,recent
2020-10-15,8-K,0001193125-20-270050,2020-10-15,d83868d8k.htm,recent
2020-10-16,4,0001728451-20-000006,2020-10-14,xslF345X03/primary_doc.xml,recent
2020-11-09,10-Q,0001564590-20-052144,2020-09-30,brka-10q_20200930.htm,recent
2020-11-09,8-K,0001193125-20-288991,2020-11-07,d846432d8k.htm,recent
2020-11-16,13F-HR,0000950123-20-012127,2020-09-30,xslForm13F_X01/primary_doc.xml,recent
2020-12-04,4,0001728451-20-000008,2020-12-02,xslF345X03/primary_doc.xml,recent
2020-12-04,4/A,0001728451-20-000007,2020-07-28,xslF345X03/primary_doc.xml,recent
2020-12-21,4,0001209191-20-064653,2020-12-02,xslF345X03/doc4.xml,recent
2020-12-28,4,0001728451-20-000009,2020-12-22,xslF345X03/primary_doc.xml,recent
2021-01-05,424B5,0001193125-21-001544,,d75697d424b5.htm,recent
2021-01-05,424B5,0001193125-21-001416,,d72825d424b5.htm,recent
2021-01-05,FWP,0001193125-21-001872,,d102867dfwp.htm,recent
2021-01-06,4,0001209191-21-002201,2020-12-18,xslF345X03/doc4.xml,recent
2021-01-06,FWP,0001193125-21-002170,,d62416dfwp.htm,recent
2021-01-07,424B5,0001193125-21-004069,,d75697d424b5.htm,recent
2021-01-07,424B5,0001193125-21-004058,,d72825d424b5.htm,recent
2021-01-15,3,0001209191-21-003842,2021-01-07,xslF345X02/doc3.xml,recent
2021-01-15,8-K,0001193125-21-009818,2021-01-15,d91510d8k.htm,recent
2021-01-15,SC 13G,0001193125-21-010208,,d95629dsc13g.htm,recent
2021-01-19,25-NSE,0000876661-21-000079,,xslF25X02/primary_doc.xml,recent
2021-01-29,SC 13G/A,0000834237-21-003077,,us0846707026_012821.txt,recent
2021-02-05,4,0001728451-21-000001,2021-02-04,xslF345X03/primary_doc.xml,recent
2021-02-08,8-A12B,0001193125-21-031449,,d101288d8a12b.htm,recent
2021-02-08,CERT,0000876661-21-000178,,BRK41020821.pdf,recent
2021-02-10,SC 13G/A,0001104659-21-017202,,tv0013-berkshirehathawayincc.htm,recent
2021-02-12,SC 13G,0000093751-21-000372,,BERKSHIRE_HATHAWAY_INC.txt,recent
2021-02-16,13F-HR,0000950123-21-002786,2020-12-31,xslForm13F_X01/primary_doc.xml,recent
2021-02-16,13F-HR/A,0000950123-21-002781,2020-09-30,xslForm13F_X01/primary_doc.xml,recent
2021-02-16,SC 13D/A,0001193125-21-044362,,d134920dsc13da.htm,recent
2021-02-16,SC 13G,0001193125-21-044798,,d108363dsc13g.htm,recent
2021-02-16,SC 13G/A,0001193125-21-044988,,d127120dsc13ga.htm,recent
2021-02-16,SC 13G/A,0001193125-21-044980,,d108341dsc13ga.htm,recent
2021-02-16,SC 13G/A,0001193125-21-044970,,d113283dsc13ga.htm,recent
2021-02-16,SC 13G/A,0001193125-21-044956,,d116609dsc13ga.htm,recent
2021-02-16,SC 13G/A,0001193125-21-044948,,d111567dsc13ga.htm,recent
2021-02-16,SC 13G/A,0001193125-21-044943,,d116359dsc13ga.htm,recent
2021-02-16,SC 13G/A,0001193125-21-044938,,d108351dsc13ga.htm,recent
2021-02-16,SC 13G/A,0001193125-21-044928,,d869465dsc13ga.htm,recent
2021-02-16,SC 13G/A,0001193125-21-044921,,d113978dsc13ga.htm,recent
2021-02-16,SC 13G/A,0001193125-21-044836,,d108350dsc13ga.htm,recent
2021-02-16,SC 13G/A,0001193125-21-044816,,d107461dsc13ga.htm,recent
2021-02-16,SC 13G/A,0001193125-21-044814,,d116294dsc13ga.htm,recent
2021-03-01,10-K,0001564590-21-009611,2020-12-31,brka-10k_20201231.htm,recent
2021-03-01,8-K,0001193125-21-063192,2021-02-27,d326683d8k.htm,recent
2021-03-15,DEF 14A,0001193125-21-080418,2021-05-01,d938053ddef14a.htm,recent
2021-03-22,PX14A6G,0001623632-21-000401,,form.htm,recent
2021-03-24,PX14A6G,0001214659-21-003387,,p324210px14a6g.htm,recent
2021-03-29,424B5,0001193125-21-097370,,d310090d424b5.htm,recent
2021-04-08,FWP,0001193125-21-109462,,d28447dfwp.htm,recent
2021-04-09,424B5,0001193125-21-111503,,d310090d424b5.htm,recent
2021-04-09,PX14A6G,0001387131-21-004283,,mja-px14a6g_040821.htm,recent
2021-04-12,4,0001209191-21-026362,2021-04-07,xslF345X03/doc4.xml,recent
2021-04-12,SC 13G/A,0001104659-21-049166,,tv0016-berkshirehathawayincc.htm,recent
2021-04-15,4,0001728451-21-000002,2021-04-13,xslF345X03/primary_doc.xml,recent
2021-04-15,8-K,0001193125-21-117638,2021-04-15,d137486d8k.htm,recent
2021-04-16,PX14A6G,0001140361-21-012994,,brhc10023194_px14a6g.htm,recent
2021-05-03,10-Q,0001564590-21-022703,2021-03-31,brka-10q_20210331.htm,recent
2021-05-03,4,0001209191-21-029522,2021-04-26,xslF345X03/doc4.xml,recent
2021-05-05,8-K,0001193125-21-151913,2021-05-01,d240122d8k.htm,recent
2021-05-06,4,0001728451-21-000003,2021-05-04,xslF345X03/primary_doc.xml,recent
2021-05-17,13F-HR,0000950123-21-007024,2021-03-31,xslForm13F_X01/primary_doc.xml,recent
2021-05-21,11-K,0001193125-21-168049,2020-12-31,d215186d11k.htm,recent
2021-05-21,SD,0001193125-21-169046,,d439744dsd.htm,recent
2021-06-11,11-K,0001193125-21-188722,2020-12-31,d181377d11k.htm,recent
2021-06-11,11-K,0001193125-21-188593,2020-12-31,d42311d11k.htm,recent
2021-06-15,11-K,0001193125-21-191270,2020-12-31,d176200d11k.htm,recent
2021-06-15,11-K,0001193125-21-191170,2020-12-31,d100485d11k.htm,recent
2021-06-16,11-K,0001193125-21-191837,2020-12-31,d100484d11k.htm,recent
2021-06-17,11-K,0001193125-21-193229,2020-12-31,d154789d11k.htm,recent
2021-06-21,4,0001728451-21-000004,2021-06-16,xslF345X03/primary_doc.xml,recent
2021-06-23,11-K,0001193125-21-197429,2020-12-31,d157156d11k.htm,recent
2021-06-23,4,0001081316-21-000023,2021-06-22,xslF345X03/wf-form4_162448011081838.xml,recent
2021-06-23,4,0001209191-21-042731,2021-06-21,xslF345X03/doc4.xml,recent
2021-06-23,SC 13D/A,0001193125-21-197258,,d174483dsc13da.htm,recent
2021-06-24,11-K,0001193125-21-198818,2020-12-31,d92796d11k.htm,recent
2021-06-24,11-K,0001193125-21-198385,2020-12-31,d100491d11k.htm,recent
2021-06-24,11-K,0001193125-21-198360,2020-12-31,d166700d11k.htm,recent
2021-06-25,11-K,0001193125-21-199060,2020-12-31,d69108d11k.htm,recent
2021-06-25,11-K,0001193125-21-199052,2020-12-31,d60142d11k.htm,recent
2021-06-29,11-K,0001193125-21-203123,2020-12-31,d139601d11k.htm,recent
2021-06-29,UPLOAD,0000000000-21-008029,,filename1.pdf,recent
2021-07-07,CORRESP,0001193125-21-209994,,filename1.htm,recent
2021-07-09,UPLOAD,0000000000-21-008481,,filename1.pdf,recent
2021-08-04,SC 13D/A,0001193125-21-236271,,d212960dsc13da.htm,recent
2021-08-09,10-Q,0001564590-21-042312,2021-06-30,brka-10q_20210630.htm,recent
2021-08-09,8-K,0001193125-21-240173,2021-08-07,d210269d8k.htm,recent
2021-08-16,13F-HR,0000950123-21-011396,2021-06-30,xslForm13F_X01/primary_doc.xml,recent
2021-08-19,4,0001728451-21-000005,2021-08-17,xslF345X03/primary_doc.xml,recent
2021-09-13,4,0001728451-21-000006,2021-09-10,xslF345X03/primary_doc.xml,recent
2021-09-17,4,0001728451-21-000007,2021-09-15,xslF345X03/primary_doc.xml,recent
2021-09-20,4,0001209191-21-056883,2021-09-10,xslF345X03/doc4.xml,recent
2021-10-18,4,0001728451-21-000008,2021-10-12,xslF345X03/primary_doc.xml,recent
2021-10-20,8-K,0001193125-21-303124,2021-10-20,d398205d8k.htm,recent
2021-10-28,3,0001350384-21-000001,2021-10-20,xslF345X02/form3.xml,recent
2021-10-29,4,0001728451-21-000009,2021-10-29,xslF345X03/primary_doc.xml,recent
2021-11-01,3,0000899243-21-042222,2021-10-20,xslF345X02/doc3.xml,recent
2021-11-03,4,0001728451-21-000010,2021-11-01,xslF345X03/primary_doc.xml,recent
2021-11-03,4,0000899243-21-042914,2021-11-01,xslF345X03/doc4.xml,recent
2021-11-03,SC 13G/A,0001193125-21-318411,,d209839dsc13ga.htm,recent
2021-11-08,10-Q,0001564590-21-055032,2021-09-30,brka-10q_20210930.htm,recent
2021-11-08,8-K,0001193125-21-322221,2021-11-06,d245783d8k.htm,recent
2021-11-15,13F-HR,0000950123-21-015518,2021-09-30,xslForm13F_X01/primary_doc.xml,recent
2021-12-09,4,0000899243-21-047585,2021-12-07,xslF345X03/doc4.xml,recent
2021-12-14,4,0000899243-21-048214,2021-12-10,xslF345X03/doc4.xml,recent
2021-12-17,4,0000899243-21-048842,2021-12-16,xslF345X03/doc4.xml,recent
2021-12-27,4,0001728451-21-000011,2021-12-21,xslF345X03/primary_doc.xml,recent
2022-01-05,424B5,0001193125-22-001911,,d270469d424b5.htm,recent
2022-01-07,4,0001209191-22-002576,2021-12-22,xslF345X03/doc4.xml,recent
2022-01-10,4,0001728451-22-000001,2022-01-06,xslF345X03/primary_doc.xml,recent
2022-01-14,424B5,0001193125-22-009873,,d270469d424b5.htm,recent
2022-01-14,FWP,0001193125-22-009641,,d477637dfwp.htm,recent
2022-01-25,8-K,0001193125-22-016941,2022-01-25,d241734d8k.htm,recent
2022-01-28,S-3ASR,0001193125-22-021211,,d277039ds3asr.htm,recent
2022-02-03,SC 13G/A,0000834237-22-005504,,us0846707026_020222.txt,recent
2022-02-09,SC 13G,0000315066-22-000834,,filing.txt,recent
2022-02-09,SC 13G/A,0001104659-22-016230,,tv0017-berkshirehathawayincc.htm,recent
2022-02-14,13F-HR,0000950123-22-002973,2021-12-31,xslForm13F_X01/primary_doc.xml,recent
2022-02-14,SC 13D/A,0001193125-22-041102,,d333539dsc13da.htm,recent
2022-02-14,SC 13G,0001193125-22-041705,,d297937dsc13g.htm,recent
2022-02-14,SC 13G/A,0001193125-22-041778,,d326648dsc13ga.htm,recent
2022-02-14,SC 13G/A,0001193125-22-041750,,d298883dsc13ga.htm,recent
2022-02-14,SC 13G/A,0001193125-22-041732,,d298865dsc13ga.htm,recent
2022-02-14,SC 13G/A,0001193125-22-041714,,d300299dsc13ga.htm,recent
2022-02-14,SC 13G/A,0001193125-22-041693,,d304826dsc13ga.htm,recent
2022-02-14,SC 13G/A,0001193125-22-041673,,d294520dsc13ga.htm,recent
2022-02-14,SC 13G/A,0001193125-22-041648,,d486259dsc13ga.htm,recent
2022-02-14,SC 13G/A,0001193125-22-041609,,d442919dsc13ga.htm,recent
2022-02-14,SC 13G/A,0000093751-22-000378,,BERKSHIRE_HATHAWAY_INC.txt,recent
2022-02-18,8-K,0001193125-22-046708,2022-02-14,d239542d8k.htm,recent
2022-02-25,S-8 POS,0001193125-22-054399,,d314220ds8pos.htm,recent
2022-02-28,10-K,0001564590-22-007322,2021-12-31,brka-10k_20211231.htm,recent
2022-03-01,8-K,0001193125-22-060362,2022-02-26,d269783d8k.htm,recent
2022-03-04,3,0000899243-22-009386,2022-03-01,xslF345X02/doc3.xml,recent
2022-03-04,4,0000899243-22-009579,2022-03-02,xslF345X03/doc4.xml,recent
2022-03-04,5,0000899243-22-009350,2021-12-31,xslF345X03/doc5.xml,recent
2022-03-04,SC 13G,0001193125-22-066054,,d317667dsc13g.htm,recent
2022-03-07,424B5,0001193125-22-067187,,d304863d424b5.htm,recent
2022-03-08,424B5,0001193125-22-068589,,d305709d424b5.htm,recent
2022-03-08,FWP,0001193125-22-069232,,d324160dfwp.htm,recent
2022-03-08,FWP,0001193125-22-068401,,d270968dfwp.htm,recent
2022-03-09,424B5,0001193125-22-070704,,d304863d424b5.htm,recent
2022-03-10,424B5,0001193125-22-071883,,d305709d424b5.htm,recent
2022-03-11,4,0000899243-22-010798,2022-03-09,xslF345X03/doc4.xml,recent
2022-03-11,DEF 14A,0001193125-22-073447,2022-04-30,d208624ddef14a.htm,recent
2022-03-11,DEFA14A,0001193125-22-073475,,d208624ddefa14a.htm,recent
2022-03-11,DEFA14A,0001193125-22-073466,,d208624ddefa14a.htm,recent
2022-03-15,8-K,0001193125-22-076089,2022-03-15,d317241d8k.htm,recent
2022-03-16,4,0000899243-22-011287,2022-03-14,xslF345X03/doc4.xml,recent
2022-03-17,PX14A6G,0001214659-22-004026,,j317223px14a6g.htm,recent
2022-03-17,PX14A6G,0001214659-22-004021,,r316220px14a6g.htm,recent
2022-03-18,8-K,0001193125-22-079550,2022-03-18,d318449d8k.htm,recent
2022-03-24,PX14A6G,0001387131-22-003911,,brkb-px14a6g_032422.htm,recent
2022-04-06,3,0000899243-22-014157,2022-04-01,xslF345X02/doc3.xml,recent
2022-04-06,4,0000899243-22-014160,2022-04-04,xslF345X03/doc4.xml,recent
2022-04-08,8-A12B,0001193125-22-099502,,d312288d8a12b.htm,recent
2022-04-08,CERT,0000876661-22-000347,,BRK3034040822.pdf,recent
2022-04-13,PX14A6G,0001623632-22-000499,,form.htm,recent
2022-04-19,PX14A6G,0001140361-22-015045,,brhc10036522_px14a6g.htm,recent
2022-05-02,10-Q,0001564590-22-016907,2022-03-31,brka-10q_20220331.htm,recent
2022-05-04,4,0000899243-22-016679,2022-05-02,xslF345X03/doc4.xml,recent
2022-05-04,8-K,0001193125-22-140533,2022-04-30,d308971d8k.htm,recent
2022-05-06,SC 13G/A,0001193125-22-143617,,d292744dsc13ga.htm,recent
2022-05-12,4,0000899243-22-017920,2022-05-10,xslF345X03/doc4.xml,recent
2022-05-16,13F-HR,0000950123-22-006442,2022-03-31,xslForm13F_X01/primary_doc.xml,recent
2022-05-25,SC 13G,0001193125-22-159669,,d355075dsc13g.htm,recent
2022-05-27,SD,0001193125-22-162468,,d322277dsd.htm,recent
2022-06-01,4,0001728451-22-000002,2022-05-24,xslF345X03/primary_doc.xml,recent
2022-06-14,11-K,0001193125-22-173835,2021-12-31,d354579d11k.htm,recent
2022-06-15,4,0000899243-22-022601,2022-06-14,xslF345X03/doc4.xml,recent
2022-06-15,SC 13D/A,0001193125-22-174841,,d352507dsc13da.htm,recent
2022-06-16,4,0001209191-22-037303,2022-05-16,xslF345X03/doc4.xml,recent
2022-06-17,11-K,0001193125-22-176629,2021-12-31,d327606d11k.htm,recent
2022-06-17,11-K,0001193125-22-176400,2021-12-31,d326998d11k.htm,recent
2022-06-21,11-K,0001193125-22-177365,2021-12-31,d354525d11k.htm,recent
2022-06-22,11-K,0001193125-22-178856,2021-12-31,d323413d11k.htm,recent
2022-06-22,4,0000899243-22-023601,2022-06-17,xslF345X03/doc4.xml,recent
2022-06-23,11-K,0001193125-22-178915,2021-12-31,d350399d11k.htm,recent
2022-06-24,4,0001728451-22-000003,2022-06-24,xslF345X03/primary_doc.xml,recent
2022-06-24,S-8 POS,0001193125-22-181475,,d266762ds8pos.htm,recent
2022-06-27,11-K,0001193125-22-182973,2021-12-31,d303250d11k.htm,recent
2022-06-27,11-K,0001193125-22-182742,2021-12-31,d286767d11k.htm,recent
2022-06-27,11-K,0001193125-22-182733,2021-12-31,d259346d11k.htm,recent
2022-06-27,11-K,0001193125-22-181689,2021-12-31,d354948d11k.htm,recent
2022-06-27,4,0000899243-22-024236,2022-06-23,xslF345X03/doc4.xml,recent
2022-06-28,11-K,0001193125-22-183048,2021-12-31,d323415d11k.htm,recent
2022-06-29,11-K,0001193125-22-184077,2021-12-31,d327030d11k.htm,recent
2022-07-01,4,0000899243-22-024865,2022-06-29,xslF345X03/doc4.xml,recent
2022-07-01,S-8,0001193125-22-187210,,d362467ds8.htm,recent
2022-07-07,4,0001209191-22-041510,2022-07-05,xslF345X03/doc4.xml,recent
2022-07-07,4,0000899243-22-025723,2022-07-05,xslF345X03/doc4.xml,recent
2022-07-13,4,0000899243-22-026030,2022-07-11,xslF345X03/doc4.xml,recent
2022-07-18,4,0000899243-22-026238,2022-07-14,xslF345X03/doc4.xml,recent
2022-07-19,4/A,0000899243-22-026302,2022-07-18,xslF345X03/doc4a.xml,recent
2022-08-01,4,0001728451-22-000004,2022-07-28,xslF345X03/primary_doc.xml,recent
2022-08-03,SC 13D/A,0001193125-22-211399,,d258142dsc13da.htm,recent
2022-08-08,10-Q,0001564590-22-028282,2022-06-30,brka-10q_20220630.htm,recent
2022-08-08,4,0000899243-22-028024,2022-08-04,xslF345X03/doc4.xml,recent
2022-08-15,13F-HR,0000950123-22-009450,2022-06-30,xslForm13F_X01/primary_doc.xml,recent
2022-08-30,4,0000899243-22-030098,2022-08-26,xslF345X03/doc4.xml,recent
2022-09-02,4,0001728451-22-000005,2022-09-01,xslF345X03/primary_doc.xml,recent
2022-09-02,UPLOAD,0000000000-22-009598,,filename1.pdf,recent
2022-09-08,CORRESP,0001193125-22-240791,,filename1.htm,recent
2022-09-09,SC 13G/A,0001193125-22-242006,,d381366dsc13ga.htm,recent
2022-09-28,4,0000899243-22-032210,2022-09-26,xslF345X03/doc4.xml,recent
2022-10-03,4,0001081316-22-000039,2022-09-29,xslF345X03/wf-form4_166482914221983.xml,recent
2022-10-03,4,0001081316-22-000038,2022-09-29,xslF345X03/wf-form4_166482912162670.xml,recent
2022-10-03,4,0001081316-22-000037,2022-09-29,xslF345X03/wf-form4_166482909564215.xml,recent
2022-10-03,4,0001081316-22-000036,2022-09-29,xslF345X03/wf-form4_166482869336331.xml,recent
2022-10-03,UPLOAD,0000000000-22-010870,,filename1.pdf,recent
2022-10-04,8-K,0001193125-22-257636,2022-09-28,d393267d8k.htm,recent
2022-10-06,4,0001728451-22-000006,2022-10-04,xslF345X03/primary_doc.xml,recent
2022-11-07,10-Q,0000950170-22-022287,2022-09-30,brka-20220930.htm,recent
2022-11-08,8-K,0001193125-22-280284,2022-11-05,d378788d8k.htm,recent
2022-11-10,SC 13G/A,0001193125-22-282565,,d302279dsc13ga.htm,recent
2022-11-14,13F-HR,0000950123-22-012275,2022-09-30,xslForm13F_X01/primary_doc.xml,recent
2022-11-21,424B5,0001193125-22-289445,,d372820d424b5.htm,recent
2022-11-23,4,0000899243-22-036922,2022-11-22,xslF345X03/doc4.xml,recent
2022-11-23,SC 13D/A,0001193125-22-292023,,d403312dsc13da.htm,recent
2022-12-01,4,0001728451-22-000007,2022-11-29,xslF345X03/primary_doc.xml,recent
2022-12-01,FWP,0001193125-22-295825,,d429190dfwp.htm,recent
2022-12-02,424B5,0001193125-22-297514,,d372820d424b5.htm,recent
2022-12-08,8-K,0001193125-22-301017,2022-12-08,d420179d8k.htm,recent
2022-12-14,4,0000899243-22-038500,2022-12-12,xslF345X03/doc4.xml,recent
2022-12-19,8-K,0001193125-22-308039,2022-12-19,d435103d8k.htm,recent
2022-12-29,3,0000899243-22-039517,2022-12-19,xslF345X02/doc3.xml,recent
2023-01-17,25-NSE,0000876661-23-000052,,xslF25X02/primary_doc.xml,recent
2023-02-03,SC 13G/A,0001306550-23-007756,,us0846707026_020323.txt,recent
2023-02-09,SC 13G/A,0001104659-23-015061,,tv0023-berkshirehathawayincc.htm,recent
2023-02-09,SC 13G/A,0000315066-23-001377,,filing.txt,recent
2023-02-10,SC 13G/A,0000093751-23-000412,,Berkshire_Hathaway_Inc.txt,recent
2023-02-14,13F-HR,0000950123-23-002585,2022-12-31,xslForm13F_X02/primary_doc.xml,recent
2023-02-14,SC 13G,0001193125-23-039005,,d415201dsc13g.htm,recent
2023-02-14,SC 13G,0001193125-23-038392,,d414851dsc13g.htm,recent
2023-02-14,SC 13G,0001193125-23-038335,,d414707dsc13g.htm,recent
2023-02-14,SC 13G,0001193125-23-038333,,d415358dsc13g.htm,recent
2023-02-14,SC 13G,0001193125-23-038319,,d414783dsc13g.htm,recent
2023-02-14,SC 13G/A,0001193125-23-039064,,d309375dsc13ga.htm,recent
2023-02-14,SC 13G/A,0001193125-23-038287,,d435660dsc13ga.htm,recent
2023-02-14,SC 13G/A,0001193125-23-038276,,d340491dsc13ga.htm,recent
2023-02-14,SC 13G/A,0001193125-23-038262,,d382361dsc13ga.htm,recent
2023-02-14,SC 13G/A,0001193125-23-036976,,d437910dsc13ga.htm,recent
2023-02-14,SC 13G/A,0001193125-23-036974,,d409608dsc13ga.htm,recent
2023-02-14,SC 13G/A,0001193125-23-036944,,d260421dsc13ga.htm,recent
2023-02-24,4,0001728451-23-000001,2023-02-24,xslF345X03/primary_doc.xml,recent
2023-02-27,10-K,0000950170-23-004451,2022-12-31,brka-20221231.htm,recent
2023-03-01,8-K,0001193125-23-056259,2023-02-25,d305559d8k.htm,recent
2023-03-03,4,0001728451-23-000002,2023-03-02,xslF345X03/primary_doc.xml,recent
2023-03-07,4,0000899243-23-007400,2023-03-03,xslF345X03/doc4.xml,recent
2023-03-15,4,0000899243-23-008649,2023-03-13,xslF345X03/doc4.xml,recent
2023-03-16,25-NSE,0000876661-23-000251,,xslF25X02/primary_doc.xml,recent
2023-03-17,ARS,0001193125-23-073977,2022-12-31,d395805dars.pdf,recent
2023-03-17,DEF 14A,0001193125-23-073948,,d362436ddef14a.htm,recent
2023-03-17,DEFA14A,0001193125-23-073968,,d362436ddefa14a.htm,recent
2023-03-17,DEFA14A,0001193125-23-073958,,d362436ddefa14a.htm,recent
2023-03-21,4,0001081316-23-000009,2023-03-17,xslF345X04/wf-form4_167942916524621.xml,recent
2023-03-27,4,0000899243-23-009754,2023-03-23,xslF345X04/doc4.xml,recent
2023-04-05,424B5,0001193125-23-091454,,d380137d424b5.htm,recent
2023-04-06,PX14A6G,0001140361-23-016992,,brhc10051155_px14a6g.htm,recent
2023-04-06,PX14A6G,0001214659-23-005016,,x46230px14a6g.htm,recent
2023-04-12,PX14A6G,0001214659-23-005273,,o412233px14a6g.htm,recent
2023-04-13,PX14A6G,0001214659-23-005373,,r413231px14a6g.htm,recent
2023-04-14,FWP,0001193125-23-101995,,d501269dfwp.htm,recent
2023-04-14,PX14A6G,0001387131-23-004735,,brk_px14a6g-041423.htm,recent
2023-04-17,424B5,0001193125-23-103774,,d476755d424b5.htm,recent
2023-04-20,8-K,0001193125-23-108422,2023-04-20,d840535d8k.htm,recent
2023-04-21,PX14A6G,0001096906-23-000885,,nlpc_px14a6g.htm,recent
2023-05-02,8-K,0001193125-23-130806,2023-04-26,d490324d8k.htm,recent
2023-05-08,10-Q,0000950170-23-018438,2023-03-31,brka-20230331.htm,recent
2023-05-10,8-K,0001193125-23-140854,2023-05-06,d501487d8k.htm,recent
2023-05-12,4,0001728451-23-000003,2023-05-09,xslF345X04/primary_doc.xml,recent
2023-05-15,13F-HR,0000950123-23-005270,2023-03-31,xslForm13F_X02/primary_doc.xml,recent
2023-05-15,4,0000899243-23-013028,2023-05-11,xslF345X04/doc4.xml,recent
2023-05-18,4,0000899243-23-013283,2023-05-16,xslF345X04/doc4.xml,recent
2023-05-26,SD,0001193125-23-155479,,d468692dsd.htm,recent
2023-05-30,4,0000899243-23-014128,2023-05-25,xslF345X04/doc4.xml,recent
2023-06-09,11-K,0001193125-23-164185,2022-12-31,d496970d11k.htm,recent
2023-06-09,4,0001728451-23-000004,2023-06-05,xslF345X04/primary_doc.xml,recent
2023-06-16,11-K,0001193125-23-168626,2022-12-31,d493859d11k.htm,recent
2023-06-20,11-K,0001193125-23-170291,2022-12-31,d526203d11k.htm,recent
2023-06-20,11-K,0001193125-23-170289,2022-12-31,d489827d11k.htm,recent
2023-06-20,11-K,0001193125-23-170250,2022-12-31,d495414d11k.htm,recent
2023-06-22,11-K,0001193125-23-172005,2022-12-31,d508036d11k.htm,recent
2023-06-22,4,0000899243-23-016218,2023-06-21,xslF345X04/doc4.xml,recent
2023-06-22,SC 13D/A,0001193125-23-172282,,d414086dsc13da.htm,recent
2023-06-23,11-K,0001193125-23-173706,2022-12-31,d213309d11k.htm,recent
2023-06-23,11-K,0001193125-23-173470,2022-12-31,d500775d11k.htm,recent
2023-06-23,11-K,0001193125-23-173428,2022-12-31,d497972d11k.htm,recent
2023-06-26,11-K,0001193125-23-174928,2022-12-31,d523493d11k.htm,recent
2023-06-27,11-K/A,0001193125-23-175302,2022-12-31,d523493d11ka.htm,recent
2023-06-28,11-K,0001193125-23-177401,2022-12-31,d360156d11k.htm,recent
2023-06-28,4,0000950170-23-030512,2023-06-26,xslF345X04/ownership.xml,recent
2023-06-29,11-K,0001193125-23-178586,2022-12-31,d477026d11k.htm,recent
2023-06-30,4,0001728451-23-000005,2023-06-28,xslF345X04/primary_doc.xml,recent
2023-07-28,UPLOAD,0000000000-23-008134,,filename1.pdf,recent
2023-08-03,CORRESP,0001193125-23-202585,,filename1.htm,recent
2023-08-07,10-Q,0000950170-23-038705,2023-06-30,brka-20230630.htm,recent
2023-08-07,8-K,0001193125-23-204791,2023-08-05,d531572d8k.htm,recent
2023-08-10,4,0001728451-23-000006,2023-08-08,xslF345X05/primary_doc.xml,recent
2023-08-14,13F-HR,0000950123-23-008074,2023-06-30,xslForm13F_X02/primary_doc.xml,recent
2023-08-15,4,0001209191-23-045935,2023-03-09,xslF345X05/doc4.xml,recent
2023-08-16,4,0000899243-23-018188,2023-08-15,xslF345X05/doc4.xml,recent
2023-08-16,UPLOAD,0000000000-23-008945,,filename1.pdf,recent
2023-08-17,4,0001728451-23-000007,2023-08-15,xslF345X05/primary_doc.xml,recent
2023-09-08,4,0001728451-23-000008,2023-09-08,xslF345X05/primary_doc.xml,recent
2023-09-13,4,0000899243-23-018843,2023-09-11,xslF345X05/doc4.xml,recent
2023-09-22,4,0000950170-23-049487,2023-09-20,xslF345X05/ownership.xml,recent
2023-09-27,4,0000950170-23-050203,2023-09-25,xslF345X05/ownership.xml,recent
2023-10-02,4,0000950170-23-051239,2023-09-28,xslF345X05/ownership.xml,recent
2023-10-05,4,0000950170-23-052238,2023-10-03,xslF345X05/ownership.xml,recent
2023-10-05,4,0001209191-23-052187,2023-10-05,xslF345X05/doc4.xml,recent
2023-10-25,4,0001728451-23-000009,2023-10-23,xslF345X05/primary_doc.xml,recent
2023-10-25,4,0000950170-23-055334,2023-10-23,xslF345X05/ownership.xml,recent
2023-10-30,4,0001209191-23-053898,2023-05-17,xslF345X05/doc4.xml,recent
2023-11-06,10-Q,0000950170-23-058993,2023-09-30,brka-20230930.htm,recent
2023-11-07,8-K,0001193125-23-272204,2023-11-04,d564412d8k.htm,recent
2023-11-08,424B5,0001193125-23-272880,,d532609d424b5.htm,recent
2023-11-13,4,0001728451-23-000010,2023-11-08,xslF345X05/primary_doc.xml,recent
2023-11-14,13F-HR,0000950123-23-010898,2023-09-30,xslForm13F_X02/primary_doc.xml,recent
2023-11-16,13F-HR/A,0000950123-23-011029,2023-09-30,xslForm13F_X02/primary_doc.xml,recent
2023-11-17,FWP,0001193125-23-279662,,d850468dfwp.htm,recent
2023-11-20,424B5,0001193125-23-280631,,d532609d424b5.htm,recent
2023-11-21,4,0000899243-23-020451,2023-11-21,xslF345X05/doc4.xml,recent
2023-11-21,SC 13D/A,0001193125-23-281502,,d617943dsc13da.htm,recent
2023-11-27,4/A,0000899243-23-020506,2023-11-21,xslF345X05/doc4a.xml,recent
2023-11-27,SC 13D/A,0001193125-23-283406,,d609834dsc13da.htm,recent
2023-11-29,8-K,0001193125-23-285240,2023-11-29,d907061d8k.htm,recent
2023-12-01,8-K,0001193125-23-286867,2023-11-28,d551397d8k.htm,recent
2023-12-11,SC 13G/A,0001193125-23-292614,,d619180dsc13ga.htm,recent
2023-12-13,4,0000950170-23-070147,2023-12-11,xslF345X05/ownership.xml,recent
2023-12-14,4,0000899243-23-020637,2023-10-27,xslF345X05/doc4.xml,recent
2023-12-18,4,0000899243-23-020659,2023-12-14,xslF345X05/doc4.xml,recent
2023-12-21,4,0000950170-23-072358,2023-12-19,xslF345X05/ownership.xml,recent
2024-01-04,4,0000950170-24-002273,2024-01-02,xslF345X05/ownership.xml,recent
2024-01-04,4,0000950170-24-002271,2024-01-02,xslF345X05/ownership.xml,recent
2024-01-10,8-K,0001193125-24-005943,2024-01-06,d93457d8k.htm,recent
2024-01-10,SC 13G/A,0001193125-24-005968,,d635115dsc13ga.htm,recent
2024-01-12,4,0001728451-24-000001,2024-01-12,xslF345X05/primary_doc.xml,recent
2024-01-17,4,0000950170-24-005158,2024-01-12,xslF345X05/ownership.xml,recent
2024-01-17,4,0000950170-24-005152,2024-01-12,xslF345X05/ownership.xml,recent
2024-01-18,4/A,0000950170-24-005472,2024-01-02,xslF345X05/ownership.xml,recent
2024-01-18,4/A,0000950170-24-005467,2024-01-02,xslF345X05/ownership.xml,recent
2024-01-25,4,0000950170-24-007657,2024-01-23,xslF345X05/ownership.xml,recent
2024-01-25,4,0000950170-24-007656,2024-01-23,xslF345X05/ownership.xml,recent
2024-01-29,SC 13G/A,0000093751-24-000358,,Berkshire_Hathaway.txt,recent
2024-02-01,4,0000950170-24-009976,2024-01-30,xslF345X05/ownership.xml,recent
2024-02-01,4,0000950170-24-009975,2024-01-30,xslF345X05/ownership.xml,recent
2024-02-05,4,0000950170-24-011524,2024-02-01,xslF345X05/ownership.xml,recent
2024-02-05,SC 13G/A,0001086364-24-006332,,us0846707026_020524.txt,recent
2024-02-09,SC 13G/A,0000315066-24-001023,,filing.txt,recent
2024-02-13,SC 13G/A,0001104659-24-020017,,tv0025-berkshirehathawayincc.htm,recent
2024-02-14,13F-HR,0000950123-24-002518,2023-12-31,xslForm13F_X02/primary_doc.xml,recent
2024-02-14,SC 13G,0001193125-24-036540,,d107507dsc13g.htm,recent
2024-02-14,SC 13G,0001193125-24-036510,,d107111dsc13g.htm,recent
2024-02-14,SC 13G/A,0001193125-24-036487,,d756261dsc13ga.htm,recent
2024-02-14,SC 13G/A,0001193125-24-036472,,d724468dsc13ga.htm,recent
2024-02-14,SC 13G/A,0001193125-24-036431,,d751537dsc13ga.htm,recent
2024-02-14,SC 13G/A,0001193125-24-036425,,d719287dsc13ga.htm,recent
2024-02-14,SC 13G/A,0001193125-24-036409,,d544735dsc13ga.htm,recent
2024-02-14,SC 13G/A,0001193125-24-036390,,d787968dsc13ga.htm,recent
2024-02-14,SC 13G/A,0001193125-24-036389,,d748369dsc13ga.htm,recent
2024-02-14,SC 13G/A,0001193125-24-036383,,d757641dsc13ga.htm,recent
2024-02-16,SC 13D/A,0001193125-24-038549,,d754035dsc13da.htm,recent
2024-02-26,10-K,0000950170-24-019719,2023-12-31,brka-20231231.htm,recent
2024-02-26,8-K,0001193125-24-045977,2024-02-24,d795719d8k.htm,recent
2024-03-06,4,0000950170-24-027491,2024-03-04,xslF345X05/ownership.xml,recent
2024-03-06,4,0000950170-24-027488,2024-03-04,xslF345X05/ownership.xml,recent
2024-03-12,4,0000950170-24-030397,2024-03-08,xslF345X05/ownership.xml,recent
2024-03-12,4,0000950170-24-030389,2024-03-08,xslF345X05/ownership.xml,recent
2024-03-15,25-NSE,0000876661-24-000179,,xslF25X02/primary_doc.xml,recent
2024-03-15,ARS,0001193125-24-069136,2023-12-31,d445846dars.pdf,recent
2024-03-15,DEF 14A,0001193125-24-069107,2024-05-04,d512828ddef14a.htm,recent
2024-03-15,DEFA14A,0001193125-24-069128,,d512828ddefa14a.htm,recent
2024-03-15,DEFA14A,0001193125-24-069117,,d512828ddefa14a.htm,recent
2024-03-22,PX14A6G,0001214659-24-004959,,p3212410px14a6g.htm,recent
2024-03-25,4,0000950170-24-036129,2024-03-21,xslF345X05/ownership.xml,recent
2024-03-25,4,0000950170-24-036127,2024-03-21,xslF345X05/ownership.xml,recent
2024-03-28,4,0000950170-24-038366,2024-03-26,xslF345X05/ownership.xml,recent
2024-03-28,4,0000950170-24-038364,2024-03-26,xslF345X05/ownership.xml,recent
2024-04-05,PX14A6G,0001214659-24-006217,,s43240px14a6g.htm,recent
2024-04-05,PX14A6G,0001214659-24-006173,,z44248px14a6g.htm,recent
2024-04-08,4,0000950170-24-042747,2024-04-04,xslF345X05/ownership.xml,recent
2024-04-08,4,0000950170-24-042741,2024-04-04,xslF345X05/ownership.xml,recent
2024-04-08,SC 13G/A,0001193125-24-089047,,d820989dsc13ga.htm,recent
2024-04-08,SC 13G/A,0001193125-24-089033,,d822830dsc13ga.htm,recent
2024-04-09,424B5,0001193125-24-090062,,d676117d424b5.htm,recent
2024-04-10,PX14A6G,0001096906-24-000767,,nlpc_px14a6g.htm,recent
2024-04-12,4,0000950170-24-044198,2024-04-10,xslF345X05/ownership.xml,recent
2024-04-12,4,0000950170-24-044194,2024-04-10,xslF345X05/ownership.xml,recent
2024-04-18,FWP,0001193125-24-100962,,d657586dfwp.htm,recent
2024-04-22,424B5,0001193125-24-104562,,d676117d424b5.htm,recent
2024-04-26,4,0000950170-24-049364,2024-04-24,xslF345X05/ownership.xml,recent
2024-04-26,4,0000950170-24-049363,2024-04-24,xslF345X05/ownership.xml,recent
2024-04-26,8-K,0001193125-24-116833,2024-04-25,d818397d8k.htm,recent
2024-05-01,4,0000950170-24-051479,2024-04-29,xslF345X05/ownership.xml,recent
2024-05-06,10-Q,0000950170-24-053185,2024-03-31,brka-20240331.htm,recent
2024-05-07,8-K,0001193125-24-133049,2024-05-04,d759664d8k.htm,recent
2024-05-15,13F-HR,0000950123-24-005622,2024-03-31,xslForm13F_X02/primary_doc.xml,recent
2024-05-15,13F-HR/A,0000950123-24-005664,2023-12-31,xslForm13F_X02/primary_doc.xml,recent
2024-05-15,13F-HR/A,0000950123-24-005653,2023-09-30,xslForm13F_X02/primary_doc.xml,recent
2024-05-17,4,0001728451-24-000002,2024-05-15,xslF345X05/primary_doc.xml,recent
2024-05-30,SD,0001193125-24-150378,,d796841dsd.htm,recent
2024-06-07,4,0000950170-24-071037,2024-06-05,xslF345X05/ownership.xml,recent
2024-06-12,4,0000950170-24-072629,2024-06-10,xslF345X05/ownership.xml,recent
2024-06-13,11-K,0001193125-24-160585,2023-12-31,d701213d11k.htm,recent
2024-06-14,11-K,0001193125-24-161700,2023-12-31,d852877d11k.htm,recent
2024-06-14,11-K,0001193125-24-161689,2023-12-31,d850574d11k.htm,recent
2024-06-14,11-K,0001193125-24-161684,2023-12-31,d852441d11k.htm,recent
2024-06-14,11-K,0001193125-24-161283,2023-12-31,d852885d11k.htm,recent
2024-06-17,4,0000950170-24-074516,2024-06-13,xslF345X05/ownership.xml,recent
2024-06-17,4,0000950170-24-074512,2024-06-13,xslF345X05/ownership.xml,recent
2024-06-18,11-K,0001193125-24-163497,2023-12-31,d852108d11k.htm,recent
2024-06-18,11-K,0001193125-24-163426,2023-12-31,d838341d11k.htm,recent
2024-06-18,11-K,0001193125-24-163357,2023-12-31,d843697d11k.htm,recent
2024-06-20,4/A,0000950170-24-075821,2024-06-13,xslF345X05/ownership.xml,recent
2024-06-21,11-K,0001193125-24-165813,2023-12-31,d801585d11k.htm,recent
2024-06-21,11-K,0001193125-24-165370,2023-12-31,d852098d11k.htm,recent
2024-06-26,11-K,0001193125-24-168872,2023-12-31,d653957d11k.htm,recent
2024-06-28,11-K,0001193125-24-171832,2023-12-31,d852357d11k.htm,recent
2024-06-28,4,0000950170-24-079108,2024-06-28,xslF345X05/ownership.xml,recent
2024-06-28,SC 13D/A,0001193125-24-172349,,d792739dsc13da.htm,recent
2024-07-02,4,0000950170-24-080567,2024-07-02,xslF345X05/ownership.xml,recent
2024-07-19,4,0000950170-24-085022,2024-07-17,xslF345X05/ownership.xml,recent
2024-07-24,4,0000950170-24-086209,2024-07-22,xslF345X05/ownership.xml,recent
2024-07-29,4,0000950170-24-087477,2024-07-25,xslF345X05/ownership.xml,recent
2024-08-01,4,0000950170-24-089567,2024-07-30,xslF345X05/ownership.xml,recent
2024-08-05,10-Q,0000950170-24-090305,2024-06-30,brka-20240630.htm,recent
2024-08-05,8-K,0001193125-24-193776,2024-08-03,d876927d8k.htm,recent
2024-08-08,SC 13D/A,0001193125-24-197170,,d792254dsc13da.htm,recent
2024-08-09,UPLOAD,0000000000-24-009131,,filename1.pdf,recent
2024-08-13,CORRESP,0001193125-24-199529,,filename1.htm,recent
2024-08-14,13F-HR,0000950123-24-008740,2024-06-30,xslForm13F_X02/primary_doc.xml,recent
2024-08-19,4,0000950170-24-098772,2024-08-15,xslF345X05/ownership.xml,recent
2024-08-27,4,0000950170-24-101212,2024-08-23,xslF345X05/ownership.xml,recent
2024-08-30,4,0000950170-24-102487,2024-08-28,xslF345X05/ownership.xml,recent
2024-09-05,4,0000950170-24-104183,2024-09-03,xslF345X05/ownership.xml,recent
2024-09-05,UPLOAD,0000000000-24-010053,,filename1.pdf,recent
2024-09-10,4,0000950170-24-105263,2024-09-06,xslF345X05/ownership.xml,recent
2024-09-11,4,0001728451-24-000004,2024-09-09,xslF345X05/primary_doc.xml,recent
2024-09-12,4,0000950170-24-106169,2024-09-09,xslF345X05/ownership.xml,recent
2024-09-12,4,0000950170-24-106166,2024-09-09,xslF345X05/ownership.xml,recent
2024-09-13,4,0001728451-24-000005,2024-09-12,xslF345X05/primary_doc.xml,recent
2024-09-13,4,0000950170-24-106521,2024-09-12,xslF345X05/ownership.xml,recent
2024-09-19,3,0000950170-24-108005,2024-09-09,xslF345X02/ownership.xml,recent
2024-09-19,4,0000950170-24-108228,2024-09-17,xslF345X05/ownership.xml,recent
2024-09-24,4,0000950170-24-109158,2024-09-20,xslF345X05/ownership.xml,recent
2024-09-26,SC 13G/A,0001193125-24-226917,,d158704dsc13ga.htm,recent
2024-09-26,SC 13G/A,0001193125-24-226916,,d888586dsc13ga.htm,recent
2024-09-27,4,0000950170-24-110123,2024-09-25,xslF345X05/ownership.xml,recent
2024-10-01,424B5,0001193125-24-229313,,d828590d424b5.htm,recent
2024-10-02,4,0000950170-24-111799,2024-09-30,xslF345X05/ownership.xml,recent
2024-10-07,4,0000950170-24-113350,2024-10-03,xslF345X05/ownership.xml,recent
2024-10-10,4,0000950170-24-114125,2024-10-08,xslF345X05/ownership.xml,recent
2024-10-10,FWP,0001193125-24-235813,,d897766dfwp.htm,recent
2024-10-11,4,0000950170-24-114414,2024-10-09,xslF345X05/ownership.xml,recent
2024-10-11,424B5,0001193125-24-236755,,d828590d424b5.htm,recent
2024-10-17,3,0000950170-24-115313,2024-10-15,xslF345X02/ownership.xml,recent
2024-10-17,4,0000950170-24-115415,2024-10-15,xslF345X05/ownership.xml,recent
2024-10-18,4,0000950170-24-115720,2024-10-16,xslF345X05/ownership.xml,recent
2024-10-23,8-K,0001193125-24-241941,2024-10-23,d840653d8k.htm,recent
2024-10-31,4,0000950170-24-119748,2024-10-29,xslF345X05/ownership.xml,recent
2024-11-04,10-Q,0000950170-24-120241,2024-09-30,brka-20240930.htm,recent
2024-11-04,8-K,0001193125-24-250195,2024-11-02,d900981d8k.htm,recent
2024-11-07,4,0000950170-24-123605,2024-11-05,xslF345X05/ownership.xml,recent
2024-11-14,13F-HR,0000950123-24-011775,2024-09-30,xslForm13F_X02/primary_doc.xml,recent
2024-11-14,SC 13G,0001193125-24-258561,,d49764dsc13g.htm,recent
2024-11-14,SC 13G/A,0001193125-24-258557,,d836532dsc13ga.htm,recent
2024-11-14,SC 13G/A,0001193125-24-258555,,d837380dsc13ga.htm,recent
2024-11-22,4,0001728451-24-000006,2024-11-20,xslF345X05/primary_doc.xml,recent
2024-11-25,4,0000950170-24-130514,2024-11-25,xslF345X05/ownership.xml,recent
2024-11-25,SC 13D/A,0001193125-24-265100,,d34884dsc13da.htm,recent
2024-12-04,4,0000950170-24-133370,2024-12-03,xslF345X05/ownership.xml,recent
2024-12-11,4,0000950170-24-135465,2024-12-09,xslF345X05/ownership.xml,recent
2024-12-19,4,0000950170-24-138717,2024-12-17,xslF345X05/ownership.xml,recent
2024-12-19,4,0000950170-24-138712,2024-12-17,xslF345X05/ownership.xml,recent
2024-12-19,4,0000950170-24-138710,2024-12-17,xslF345X05/ownership.xml,recent
2024-12-26,144,0001959173-24-008838,,xsl144X01/primary_doc.xml,recent
2024-12-26,4,0000950170-24-140587,2024-12-20,xslF345X05/ownership.xml,recent
2024-12-27,4,0000950170-24-140795,2024-12-24,xslF345X05/ownership.xml,recent
2024-12-30,4,0000950170-24-141263,2024-12-26,xslF345X05/ownership.xml,recent
2025-01-03,4,0000950170-25-001533,2024-12-31,xslF345X05/ownership.xml,recent
2025-01-03,4,0000950170-25-001530,2024-12-31,xslF345X05/ownership.xml,recent
2025-01-17,4,0001728451-25-000001,2025-01-16,xslF345X05/primary_doc.xml,recent
2025-01-31,S-3ASR,0001193125-25-018070,,d907543ds3asr.htm,recent
2025-02-03,4,0000950170-25-012600,2025-01-30,xslF345X05/ownership.xml,recent
2025-02-11,4,0000950170-25-018266,2025-02-07,xslF345X05/ownership.xml,recent
2025-02-13,4,0000950170-25-020189,2025-02-11,xslF345X05/ownership.xml,recent
2025-02-13,SCHEDULE 13D/A,0000950170-25-020183,,xslSCHEDULE_13D_X01/primary_doc.xml,recent
2025-02-14,13F-HR,0000950123-25-002701,2024-12-31,xslForm13F_X02/primary_doc.xml,recent
2025-02-14,SCHEDULE 13G,0000950170-25-021164,,xslSCHEDULE_13G_X01/primary_doc.xml,recent
2025-02-14,SCHEDULE 13G/A,0000950170-25-021167,,xslSCHEDULE_13G_X01/primary_doc.xml,recent
2025-02-14,SCHEDULE 13G/A,0000950170-25-021166,,xslSCHEDULE_13G_X01/primary_doc.xml,recent
2025-02-19,4,0000950170-25-023556,2025-02-14,xslF345X05/ownership.xml,recent
2025-02-24,10-K,0000950170-25-025210,2024-12-31,brka-20241231.htm,recent
2025-02-24,8-K,0001193125-25-033393,2025-02-22,d935582d8k.htm,recent
2025-02-25,4/A,0000919574-25-001652,2025-02-24,xslF345X05/ownership.xml,recent
2025-03-04,4,0000919574-25-001778,2025-03-03,xslF345X05/ownership.xml,recent
2025-03-12,25-NSE,0000876661-25-000173,,xslF25X02/primary_doc.xml,recent
2025-03-14,4,0001728451-25-000002,2025-03-14,xslF345X05/primary_doc.xml,recent
2025-03-14,ARS,0001193125-25-054885,2024-12-31,d810841dars.pdf,recent
2025-03-14,DEF 14A,0001193125-25-054877,2025-05-03,d812428ddef14a.htm,recent
2025-03-14,DEFA14A,0001193125-25-054882,,d812428ddefa14a.htm,recent
2025-03-14,DEFA14A,0001193125-25-054878,,d812428ddefa14a.htm,recent
2025-03-21,4,0000950170-25-043423,2025-03-19,xslF345X05/ownership.xml,recent
2025-03-25,PX14A6G,0001214659-25-004756,,b325251px14a6g.htm,recent
2025-04-01,424B5,0001193125-25-069429,,d852297d424b5.htm,recent
2025-04-04,4,0001728451-25-000003,2025-04-02,xslF345X05/primary_doc.xml,recent
2025-04-04,PX14A6G,0001214659-25-005405,,o43257px14a6g.htm,recent
2025-04-09,4,0000950170-25-052621,2025-04-07,xslF345X05/ownership.xml,recent
2025-04-11,FWP,0001193125-25-078866,,d850696dfwp.htm,recent
2025-04-11,PX14A6G,0001096906-25-000489,,nlpc_px14a6g.htm,recent
2025-04-15,424B5,0001193125-25-081614,,d852297d424b5.htm,recent
2025-04-17,8-K,0001193125-25-084458,2025-04-17,d934563d8k.htm,recent
2025-05-05,10-Q,0000950170-25-063112,2025-03-31,brka-20250331.htm,recent
2025-05-06,8-K,0001193125-25-113900,2025-05-03,d910967d8k.htm,recent
2025-05-08,8-K,0001193125-25-115695,2025-05-03,d28310d8k.htm,recent
2025-05-12,4,0000950170-25-069150,2025-05-08,xslF345X05/ownership.xml,recent
2025-05-15,13F-HR,0000950123-25-005701,2025-03-31,xslForm13F_X02/primary_doc.xml,recent
2025-05-15,4,0000950170-25-072923,2025-05-13,xslF345X05/ownership.xml,recent
2025-05-15,SCHEDULE 13G,0000950170-25-072565,,xslSCHEDULE_13G_X01/primary_doc.xml,recent
2025-05-27,4,0000950170-25-078056,2025-05-22,xslF345X05/ownership.xml,recent
2025-05-30,SD,0001193125-25-132110,,d932132dsd.htm,recent
2025-06-11,11-K,0001193125-25-139247,2024-12-31,d947895d11k.htm,recent
2025-06-13,11-K,0001193125-25-140733,2024-12-31,d948709d11k.htm,recent
2025-06-18,11-K,0001193125-25-142665,2024-12-31,d907083d11k.htm,recent
2025-06-20,11-K,0001193125-25-143752,2024-12-31,d938737d11k.htm,recent
2025-06-20,11-K,0001193125-25-143559,2024-12-31,d133443d11k.htm,recent
2025-06-20,11-K,0001193125-25-143501,2024-12-31,d18590d11k.htm,recent
2025-06-23,11-K,0001193125-25-144737,2024-12-31,d907066d11k.htm,recent
2025-06-23,11-K,0001193125-25-144508,2024-12-31,d941088d11k.htm,recent
2025-06-23,11-K,0001193125-25-144506,2024-12-31,d936579d11k.htm,recent
2025-06-24,11-K,0001193125-25-145622,2024-12-31,d947920d11k.htm,recent
2025-06-25,11-K,0001193125-25-146903,2024-12-31,d33946d11k.htm,recent
2025-06-27,11-K,0001193125-25-149269,2024-12-31,d48049d11k.htm,recent
2025-06-30,4,0000950170-25-091838,2025-06-27,xslF345X05/ownership.xml,recent
2025-06-30,SCHEDULE 13D/A,0000950170-25-091802,,xslSCHEDULE_13D_X01/primary_doc.xml,recent
2025-07-16,4,0000950170-25-096373,2025-07-14,xslF345X05/ownership.xml,recent
2025-08-01,4,0000950170-25-101546,2025-07-30,xslF345X05/ownership.xml,recent
2025-08-04,10-Q,0000950170-25-101578,2025-06-30,brka-20250630.htm,recent
2025-08-04,4,0000950170-25-102306,2025-07-31,xslF345X05/ownership.xml,recent
2025-08-04,4,0000950170-25-102303,2025-07-31,xslF345X05/ownership.xml,recent
2025-08-04,8-K,0001193125-25-172579,2025-08-02,d940849d8k.htm,recent
2025-08-08,4,0001728451-25-000006,2025-08-08,xslF345X05/primary_doc.xml,recent
2025-08-14,13F-HR,0000950123-25-008343,2025-06-30,xslForm13F_X02/primary_doc.xml,recent
2025-08-14,13F-HR/A,0000950123-25-008361,2025-03-31,xslForm13F_X02/primary_doc.xml,recent
2025-08-14,SCHEDULE 13G,0000950170-25-108858,,xslSCHEDULE_13G_X01/primary_doc.xml,recent
2025-08-14,SCHEDULE 13G/A,0000950170-25-108857,,xslSCHEDULE_13G_X01/primary_doc.xml,recent
2025-09-26,4,0001728451-25-000008,2025-09-26,xslF345X05/primary_doc.xml,recent
2025-09-26,4,0001728451-25-000007,2025-09-24,xslF345X05/primary_doc.xml,recent
2025-09-29,SD,0001193125-25-223232,,d908306dsd.htm,recent
2025-10-03,8-K,0001193125-25-229405,2025-09-30,d84825d8k.htm,recent
2025-10-24,4,0001728451-25-000009,2025-10-22,xslF345X05/primary_doc.xml,recent
2025-10-29,4,0001193125-25-256858,2025-10-27,xslF345X05/ownership.xml,recent
2025-11-03,10-Q,0001193125-25-261548,2025-09-30,brka-20250930.htm,recent
2025-11-03,8-K,0001193125-25-262260,2025-11-01,d22917d8k.htm,recent
2025-11-05,4,0001193125-25-267252,2025-11-03,xslF345X05/ownership.xml,recent
2025-11-06,424B5,0001193125-25-267653,,d26131d424b5.htm,recent
2025-11-12,4,0001193125-25-277658,2025-11-10,xslF345X05/ownership.xml,recent
2025-11-12,SCHEDULE 13D/A,0001193125-25-277436,,xslSCHEDULE_13D_X01/primary_doc.xml,recent
2025-11-14,13F-HR,0001193125-25-282901,2025-09-30,xslForm13F_X02/primary_doc.xml,recent
2025-11-14,FWP,0001193125-25-281840,,d48426dfwp.htm,recent
2025-11-14,SCHEDULE 13G/A,0001193125-25-283631,,xslSCHEDULE_13G_X01/primary_doc.xml,recent
2025-11-14,SCHEDULE 13G/A,0001193125-25-283617,,xslSCHEDULE_13G_X01/primary_doc.xml,recent
2025-11-14,SCHEDULE 13G/A,0001193125-25-283610,,xslSCHEDULE_13G_X01/primary_doc.xml,recent
2025-11-14,SCHEDULE 13G/A,0001193125-25-283606,,xslSCHEDULE_13G_X01/primary_doc.xml,recent
2025-11-14,SCHEDULE 13G/A,0001193125-25-283604,,xslSCHEDULE_13G_X01/primary_doc.xml,recent
2025-11-14,SCHEDULE 13G/A,0001193125-25-283602,,xslSCHEDULE_13G_X01/primary_doc.xml,recent
2025-11-18,424B5,0001193125-25-286108,,d26131d424b5.htm,recent
2025-11-21,8-K,0001193125-25-290864,2025-11-20,d45429d8k.htm,recent
2025-12-11,8-K,0001193125-25-314935,2025-12-08,d10933d8k.htm,recent
2025-12-23,S-8 POS,0001193125-25-331138,,d47679ds8pos.htm,recent
2026-01-06,8-K/A,0001193125-26-004727,2025-05-03,d32284d8ka.htm,recent
2026-02-02,4,0001193125-26-033900,2026-01-29,xslF345X05/ownership.xml,recent
2026-02-05,SCHEDULE 13G/A,0000315066-26-000368,,xslSCHEDULE_13G_X01/primary_doc.xml,recent
2026-02-17,13F-HR,0001193125-26-054580,2025-12-31,xslForm13F_X02/primary_doc.xml,recent
2026-02-17,3,0001193125-26-054931,2025-12-15,xslF345X02/ownership.xml,recent
2026-02-17,4,0001193125-26-054947,2026-01-06,xslF345X05/ownership.xml,recent
2026-02-17,SCHEDULE 13G,0001193125-26-054685,,xslSCHEDULE_13G_X01/primary_doc.xml,recent
2026-02-17,SCHEDULE 13G/A,0001193125-26-054609,,xslSCHEDULE_13G_X01/primary_doc.xml,recent
2026-02-17,SCHEDULE 13G/A,0001193125-26-054571,,xslSCHEDULE_13G_X01/primary_doc.xml,recent
2026-03-02,10-K,0001193125-26-083899,2025-12-31,brka-20251231.htm,recent
2026-03-02,8-K,0001193125-26-085801,2026-02-28,d117283d8k.htm,recent
2026-03-05,4,0001193125-26-092556,2026-03-04,xslF345X05/ownership.xml,recent
2026-03-05,8-K,0001193125-26-092557,2026-03-04,d82599d8k.htm,recent
2026-03-13,ARS,0001193125-26-106284,2025-12-31,d948018dars.pdf,recent
2026-03-13,DEF 14A,0001193125-26-106253,2026-05-02,d882687ddef14a.htm,recent
2026-03-13,DEFA14A,0001193125-26-106273,,d97126ddefa14a.htm,recent
2026-03-13,DEFA14A,0001193125-26-106263,,d942071ddefa14a.htm,recent
2026-03-19,4,0001193125-26-116315,2026-03-17,xslF345X06/ownership.xml,recent
2026-03-26,SCHEDULE 13G/A,0000102909-26-000775,,xslSCHEDULE_13G_X02/primary_doc.xml,recent
2026-03-27,4,0001728451-26-000001,2026-03-27,xslF345X06/primary_doc.xml,recent
2026-04-02,424B5,0001193125-26-138654,,d81172d424b5.htm,recent
2026-04-10,FWP,0001193125-26-151103,,d81172dfwp.htm,recent
2026-04-14,424B5,0001193125-26-154274,,d81172d424b5.htm,recent
2026-04-16,8-K,0001193125-26-159326,2026-04-16,d903301d8k.htm,recent
2026-04-29,SCHEDULE 13G,0002100119-26-000227,,xslSCHEDULE_13G_X02/primary_doc.xml,recent
2026-05-04,10-Q,0001193125-26-202243,2026-03-31,brka-20260331.htm,recent
2026-05-05,3,0001193125-26-206348,2026-05-03,xslF345X06/ownership.xml,recent
2026-05-05,4,0001193125-26-207021,2026-05-01,xslF345X06/ownership.xml,recent
2026-05-06,4,0001193125-26-209661,2026-05-06,xslF345X06/ownership.xml,recent
2026-05-07,8-K,0001193125-26-212148,2026-05-02,d74313d8k.htm,recent
2026-05-15,13F-HR,0001193125-26-226661,2026-03-31,xslForm13F_X02/primary_doc.xml,recent
2026-05-15,SCHEDULE 13G,0001193125-26-227126,,xslSCHEDULE_13G_X02/primary_doc.xml,recent
2026-05-15,SCHEDULE 13G,0001193125-26-227087,,xslSCHEDULE_13G_X02/primary_doc.xml,recent
2026-05-15,SCHEDULE 13G/A,0001193125-26-227203,,xslSCHEDULE_13G_X02/primary_doc.xml,recent
2026-05-15,SCHEDULE 13G/A,0001193125-26-227122,,xslSCHEDULE_13G_X02/primary_doc.xml,recent
2026-05-15,SCHEDULE 13G/A,0001193125-26-227107,,xslSCHEDULE_13G_X02/primary_doc.xml,recent
2026-05-15,SCHEDULE 13G/A,0001193125-26-227102,,xslSCHEDULE_13G_X02/primary_doc.xml,recent
2026-05-15,SCHEDULE 13G/A,0001193125-26-227100,,xslSCHEDULE_13G_X02/primary_doc.xml,recent
2026-05-18,4,0001193125-26-229218,2026-05-14,xslF345X06/ownership.xml,recent
2026-05-20,4,0001193125-26-232543,2026-05-18,xslF345X06/ownership.xml,recent
2026-05-22,SD,0001193125-26-236936,,d26136dsd.htm,recent
2026-05-26,4,0001193125-26-239886,2026-05-22,xslF345X06/ownership.xml,recent
2026-05-28,11-K,0001193125-26-242804,2025-12-31,brka-20251231.htm,recent
2026-05-29,11-K,0001193125-26-248294,2025-12-31,brka-20251231.htm,recent
2026-06-10,3,0001193125-26-265894,2026-06-01,xslF345X06/ownership.xml,recent
2026-06-12,11-K,0001193125-26-269302,2025-12-31,brka-20251231.htm,recent
2026-06-12,11-K,0001193125-26-269301,2025-12-31,brka-20251231.htm,recent
2026-06-12,11-K,0001193125-26-268028,2025-12-31,brka-20251231.htm,recent
2026-06-15,11-K,0001193125-26-270598,2025-12-31,brka-20251231.htm,recent
2026-06-16,11-K,0001193125-26-271365,2025-12-31,brka-20251231.htm,recent
2026-06-18,11-K,0001193125-26-276128,2025-12-31,brka-20251231.htm,recent
2026-06-22,S-8 POS,0001193125-26-277638,,d22632ds8pos.htm,recent
2026-06-22,S-8 POS,0001193125-26-277630,,d21990ds8pos.htm,recent
2026-06-22,S-8 POS,0001193125-26-277626,,d22043ds8pos.htm,recent
2026-06-25,11-K,0001193125-26-282257,2025-12-31,brka-20251231.htm,recent
2026-07-02,4,0001728451-26-000002,2026-07-01,xslF345X06/primary_doc.xml,recent
2026-07-15,4,0001193125-26-304843,2026-07-14,xslF345X06/ownership.xml,recent
2026-07-15,SCHEDULE 13D/A,0001193125-26-304838,,xslSCHEDULE_13D_X02/primary_doc.xml,recent
2026-08-04,4,0001193125-26-333151,2026-07-31,xslF345X06/ownership.xml,recent
2026-08-10,10-Q,0001193125-26-341032,2026-06-30,brka-20260630.htm,recent
2026-08-11,8-K,0001193125-26-344495,2026-08-08,d159922d8k.htm,recent
2026-08-13,4,0001193125-26-349574,2026-08-12,xslF345X06/ownership.xml,recent
2026-08-13,4,0001193125-26-349555,2026-08-12,xslF345X06/ownership.xml,recent
2026-08-14,13F-HR,0001193125-26-352200,2026-06-30,xslForm13F_X02/primary_doc.xml,recent
2026-08-14,SCHEDULE 13G,0001193125-26-352904,,xslSCHEDULE_13G_X02/primary_doc.xml,recent
2026-08-14,SCHEDULE 13G/A,0001193125-26-352910,,xslSCHEDULE_13G_X02/primary_doc.xml,recent
2026-09-04,4,0001728451-26-000003,2026-09-03,xslF345X06/primary_doc.xml,recent
2026-09-21,3,0001193125-26-397052,2026-09-17,xslF345X06/ownership.xml,recent
2026-09-21,4,0001193125-26-397059,2026-09-17,xslF345X06/ownership.xml,recent
2026-09-25,4,0001193125-26-403089,2026-09-23,xslF345X06/ownership.xml,recent
2026-09-25,SD,0001193125-26-402798,,d44118dsd.htm,recent
