filingDate,form,accession,reportDate,primaryDocument,source
2013-07-24,DFAN14A,0001193125-13-300601,,d572976ddfan14a.htm,CIK0001571996-submissions-001.json
2013-07-24,DFAN14A,0001193125-13-300279,,d572976ddfan14a.htm,CIK0001571996-submissions-001.json
2013-10-23,D,0001571996-13-000001,,xslFormDX01/primary_doc.xml,CIK0001571996-submissions-001.json
2013-12-19,D,0001140361-13-046925,,xslFormDX01/primary_doc.xml,CIK0001571996-submissions-001.json
2015-08-13,D,0001140361-15-031584,,xslFormDX01/primary_doc.xml,CIK0001571996-submissions-001.json
2015-10-13,425,0001193125-15-342507,,d16415d425.htm,CIK0001571996-submissions-001.json
2015-10-13,425,0001193125-15-342476,,d15869d425.htm,CIK0001571996-submissions-001.json
2015-10-13,425,0001193125-15-342469,,d29356d425.htm,CIK0001571996-submissions-001.json
2015-10-13,425,0001193125-15-342465,,d15905d425.htm,CIK0001571996-submissions-001.json
2015-10-13,425,0001193125-15-342359,,d54760d425.htm,CIK0001571996-submissions-001.json
2015-10-13,425,0001193125-15-342350,,d54891d425.htm,CIK0001571996-submissions-001.json
2015-10-13,425,0001193125-15-342343,,d55155d425.htm,CIK0001571996-submissions-001.json
2015-10-13,425,0001193125-15-342141,,d54611d425.htm,CIK0001571996-submissions-001.json
2015-10-13,425,0001193125-15-342138,,d54941d425.htm,CIK0001571996-submissions-001.json
2015-10-14,425,0001193125-15-343742,,d93090d425.htm,CIK0001571996-submissions-001.json
2015-10-14,425,0001193125-15-343659,,d89075d425.htm,CIK0001571996-submissions-001.json
2015-10-14,425,0001193125-15-343434,,d60616d425.htm,CIK0001571996-submissions-001.json
2015-10-14,425,0001193125-15-342979,,d55315d425.htm,CIK0001571996-submissions-001.json
2015-10-14,425,0001193125-15-342967,,d55079d425.htm,CIK0001571996-submissions-001.json
2015-10-15,425,0001193125-15-344814,,d36289d425.htm,CIK0001571996-submissions-001.json
2015-10-15,425,0001193125-15-344604,,d22367d425.htm,CIK0001571996-submissions-001.json
2015-10-15,425,0001193125-15-344391,,d11185d425.htm,CIK0001571996-submissions-001.json
2015-10-16,425,0001193125-15-345147,,d63029d425.htm,CIK0001571996-submissions-001.json
2015-10-19,425,0001193125-15-347162,,d92330d425.htm,CIK0001571996-submissions-001.json
2015-10-19,425,0001193125-15-347147,,d63997d425.htm,CIK0001571996-submissions-001.json
2015-10-22,425,0001193125-15-350863,,d31737d425.htm,CIK0001571996-submissions-001.json
2015-10-23,425,0001193125-15-351716,,d20634d425.htm,CIK0001571996-submissions-001.json
2015-10-29,425,0001193125-15-357884,,d37267d425.htm,CIK0001571996-submissions-001.json
2015-11-03,425,0001193125-15-364223,,d91368d425.htm,CIK0001571996-submissions-001.json
2015-11-05,425,0001193125-15-367851,,d17907d425.htm,CIK0001571996-submissions-001.json
2015-11-18,425,0001193125-15-380917,,d23447d425.htm,CIK0001571996-submissions-001.json
2015-11-19,425,0001193125-15-382182,,d70331d425.htm,CIK0001571996-submissions-001.json
2015-11-23,425,0001193125-15-385418,,d72832d425.htm,CIK0001571996-submissions-001.json
2015-12-14,425,0001193125-15-402717,,d40411d425.htm,CIK0001571996-submissions-001.json
2015-12-14,425,0001193125-15-402373,,d102767d425.htm,CIK0001571996-submissions-001.json
2015-12-14,S-4,0001193125-15-402063,,d73946ds4.htm,CIK0001571996-submissions-001.json
2016-01-14,UPLOAD,0000000000-16-061394,,filename1.pdf,CIK0001571996-submissions-001.json
2016-01-21,425,0001193125-16-434486,,d114178d425.htm,CIK0001571996-submissions-001.json
2016-01-25,425,0001193125-16-436619,,d50716d425.htm,CIK0001571996-submissions-001.json
2016-02-10,425,0001193125-16-457333,,d137477d425.htm,CIK0001571996-submissions-001.json
2016-02-12,CORRESP,0001193125-16-462604,,filename1.htm,CIK0001571996-submissions-001.json
2016-02-12,S-4/A,0001193125-16-462578,,d73946ds4a.htm,CIK0001571996-submissions-001.json
2016-02-16,425,0001193125-16-464567,,d135757d425.htm,CIK0001571996-submissions-001.json
2016-02-23,425,0001193125-16-473030,,d128864d425.htm,CIK0001571996-submissions-001.json
2016-03-01,425,0001193125-16-487668,,d152770d425.htm,CIK0001571996-submissions-001.json
2016-03-07,UPLOAD,0000000000-16-067336,,filename1.pdf,CIK0001571996-submissions-001.json
2016-03-10,425,0001193125-16-500238,,d150913d425.htm,CIK0001571996-submissions-001.json
2016-03-11,CORRESP,0001193125-16-501912,,filename1.htm,CIK0001571996-submissions-001.json
2016-03-14,S-4/A,0001193125-16-501906,,d73946ds4a.htm,CIK0001571996-submissions-001.json
2016-03-30,UPLOAD,0000000000-16-070296,,filename1.pdf,CIK0001571996-submissions-001.json
2016-04-11,425,0001193125-16-536962,,d155413d425.htm,CIK0001571996-submissions-001.json
2016-04-11,CORRESP,0001193125-16-537324,,filename1.htm,CIK0001571996-submissions-001.json
2016-04-11,S-4/A,0001193125-16-537298,,d73946ds4a.htm,CIK0001571996-submissions-001.json
2016-04-21,3,0001123292-16-002127,2016-04-21,xslF345X02/edgar.xml,CIK0001571996-submissions-001.json
2016-04-25,UPLOAD,0000000000-16-073623,,filename1.pdf,CIK0001571996-submissions-001.json
2016-05-02,425,0001193125-16-572262,,d175233d425.htm,CIK0001571996-submissions-001.json
2016-05-04,425,0001193125-16-577604,,d161676d425.htm,CIK0001571996-submissions-001.json
2016-05-05,425,0001193125-16-580237,,d284176d425.htm,CIK0001571996-submissions-001.json
2016-05-10,425,0001193125-16-585782,,d163554d425.htm,CIK0001571996-submissions-001.json
2016-05-11,CORRESP,0001193125-16-586406,,filename1.htm,CIK0001571996-submissions-001.json
2016-05-11,S-4/A,0001193125-16-586396,,d73946ds4a.htm,CIK0001571996-submissions-001.json
2016-05-16,425,0001193125-16-591589,,d193599d425.htm,CIK0001571996-submissions-001.json
2016-05-18,425,0001193125-16-594374,,d177640d425.htm,CIK0001571996-submissions-001.json
2016-05-19,UPLOAD,0000000000-16-077127,,filename1.pdf,CIK0001571996-submissions-001.json
2016-05-24,CORRESP,0001193125-16-599952,,filename1.htm,CIK0001571996-submissions-001.json
2016-05-24,S-4/A,0001193125-16-599950,,d73946ds4a.htm,CIK0001571996-submissions-001.json
2016-06-02,UPLOAD,0000000000-16-078970,,filename1.pdf,CIK0001571996-submissions-001.json
2016-06-03,CORRESP,0001193125-16-611861,,filename1.htm,CIK0001571996-submissions-001.json
2016-06-03,S-4/A,0001193125-16-611855,,d73946ds4a.htm,CIK0001571996-submissions-001.json
2016-06-03,UPLOAD,0000000000-16-079228,,filename1.pdf,CIK0001571996-submissions-001.json
2016-06-06,424B3,0001193125-16-614129,,d73946d424b3.htm,CIK0001571996-submissions-001.json
2016-06-06,CORRESP,0001193125-16-613329,,filename1.htm,CIK0001571996-submissions-001.json
2016-06-06,CORRESP,0001193125-16-613326,,filename1.htm,CIK0001571996-submissions-001.json
2016-06-06,EFFECT,9999999995-16-004835,,xslEFFECTX01/primary_doc.xml,CIK0001571996-submissions-001.json
2016-06-06,S-4/A,0001193125-16-613323,,d73946ds4a.htm,CIK0001571996-submissions-001.json
2016-06-07,425,0001193125-16-615214,,d209095d425.htm,CIK0001571996-submissions-001.json
2016-06-09,424B3,0001193125-16-617933,,d206633d424b3.htm,CIK0001571996-submissions-001.json
2016-06-09,425,0001193125-16-617374,,d210087d425.htm,CIK0001571996-submissions-001.json
2016-06-09,8-K,0001193125-16-617893,2016-06-08,d136904d8k.htm,CIK0001571996-submissions-001.json
2016-06-10,10-Q,0001571996-16-000008,2016-04-29,denaliq1fy1710q.htm,CIK0001571996-submissions-001.json
2016-06-10,424B3,0001193125-16-618927,,d207396d424b3.htm,CIK0001571996-submissions-001.json
2016-06-10,8-K,0001193125-16-618483,2016-06-10,d207264d8k.htm,CIK0001571996-submissions-001.json
2016-06-21,424B3,0001193125-16-627075,,d214056d424b3.htm,CIK0001571996-submissions-001.json
2016-06-21,8-K,0001193125-16-627071,2016-06-20,d214060d8k.htm,CIK0001571996-submissions-001.json
2016-06-22,424B3,0001193125-16-629078,,d209190d424b3.htm,CIK0001571996-submissions-001.json
2016-06-22,8-K,0001193125-16-629055,2016-06-22,d214451d8k.htm,CIK0001571996-submissions-001.json
2016-07-05,424B3,0001193125-16-641688,,d223565d424b3.htm,CIK0001571996-submissions-001.json
2016-07-05,8-K,0001193125-16-641679,2016-06-29,d219699d8k.htm,CIK0001571996-submissions-001.json
2016-07-11,424B3,0001193125-16-645612,,d226648d424b3.htm,CIK0001571996-submissions-001.json
2016-07-11,8-K,0001193125-16-645610,2016-07-10,d226699d8k.htm,CIK0001571996-submissions-001.json
2016-07-21,D,0001571996-16-000009,,xslFormDX01/primary_doc.xml,CIK0001571996-submissions-001.json
2016-08-26,8-K,0001193125-16-692921,2016-08-25,d231279d8k.htm,CIK0001571996-submissions-001.json
2016-08-31,8-K,0001193125-16-697268,2016-08-30,d156024d8k.htm,CIK0001571996-submissions-001.json
2016-09-06,10-Q,0001571996-16-000015,2016-07-29,delltechnologiesq2fy1710q.htm,CIK0001571996-submissions-001.json
2016-09-06,8-K,0001193125-16-702057,2016-09-06,d251190d8k.htm,CIK0001571996-submissions-001.json
2016-09-06,S-8,0001193125-16-701948,,d239981ds8.htm,CIK0001571996-submissions-001.json
2016-09-07,3,0000899243-16-028650,2016-09-07,xslF345X02/doc3.xml,CIK0001571996-submissions-001.json
2016-09-07,3,0000899243-16-028649,2016-09-07,xslF345X02/doc3.xml,CIK0001571996-submissions-001.json
2016-09-07,3,0000899243-16-028645,2016-09-07,xslF345X02/doc3.xml,CIK0001571996-submissions-001.json
2016-09-07,3,0000899243-16-028635,2016-09-07,xslF345X02/doc3.xml,CIK0001571996-submissions-001.json
2016-09-07,3,0001123292-16-002688,2016-09-07,xslF345X02/edgar.xml,CIK0001571996-submissions-001.json
2016-09-07,3,0001123292-16-002680,2016-09-07,xslF345X02/edgar.xml,CIK0001571996-submissions-001.json
2016-09-07,3,0001123292-16-002679,2016-09-07,xslF345X02/edgar.xml,CIK0001571996-submissions-001.json
2016-09-07,3,0001123292-16-002678,2016-09-07,xslF345X02/edgar.xml,CIK0001571996-submissions-001.json
2016-09-07,3,0001123292-16-002674,2016-09-07,xslF345X02/edgar.xml,CIK0001571996-submissions-001.json
2016-09-07,3,0001123292-16-002673,2016-09-07,xslF345X02/edgar.xml,CIK0001571996-submissions-001.json
2016-09-07,3,0001123292-16-002672,2016-09-07,xslF345X02/edgar.xml,CIK0001571996-submissions-001.json
2016-09-07,3,0001123292-16-002671,2016-09-07,xslF345X02/edgar.xml,CIK0001571996-submissions-001.json
2016-09-07,3,0001123292-16-002670,2016-09-07,xslF345X02/edgar.xml,CIK0001571996-submissions-001.json
2016-09-07,3,0001123292-16-002669,2016-09-07,xslF345X02/edgar.xml,CIK0001571996-submissions-001.json
2016-09-07,3,0001123292-16-002668,2016-09-07,xslF345X02/edgar.xml,CIK0001571996-submissions-001.json
2016-09-07,3,0001123292-16-002667,2016-09-07,xslF345X02/edgar.xml,CIK0001571996-submissions-001.json
2016-09-07,3,0001123292-16-002651,2016-09-07,xslF345X02/edgar.xml,CIK0001571996-submissions-001.json
2016-09-07,3,0001123292-16-002650,2016-09-07,xslF345X02/edgar.xml,CIK0001571996-submissions-001.json
2016-09-07,3,0001123292-16-002649,2016-09-07,xslF345X02/edgar.xml,CIK0001571996-submissions-001.json
2016-09-07,4,0001123292-16-002684,2016-09-07,xslF345X03/edgar.xml,CIK0001571996-submissions-001.json
2016-09-07,4,0001123292-16-002683,2016-09-01,xslF345X03/edgar.xml,CIK0001571996-submissions-001.json
2016-09-07,8-A12B,0001193125-16-702628,,d243459d8a12b.htm,CIK0001571996-submissions-001.json
2016-09-07,8-K,0001193125-16-703370,2016-09-05,d253636d8k.htm,CIK0001571996-submissions-001.json
2016-09-07,CERTNYS,9999999997-16-025606,,9999999997-16-025606.paper,CIK0001571996-submissions-001.json
2016-09-09,4,0000899243-16-028768,2016-09-07,xslF345X03/doc4.xml,CIK0001571996-submissions-001.json
2016-09-09,4,0000899243-16-028763,2016-09-07,xslF345X03/doc4.xml,CIK0001571996-submissions-001.json
2016-09-09,8-K,0001193125-16-706567,2016-09-07,d238698d8k.htm,CIK0001571996-submissions-001.json
2016-09-13,8-K,0001193125-16-708600,2016-09-07,d258517d8k.htm,CIK0001571996-submissions-001.json
2016-09-14,SC TO-I,0001193125-16-709797,,d253964dsctoi.htm,CIK0001571996-submissions-001.json
2016-09-15,SC 13D,0001193125-16-711017,,d221902dsc13d.htm,CIK0001571996-submissions-001.json
2016-09-16,4,0000899243-16-029119,2016-09-14,xslF345X03/doc4.xml,CIK0001571996-submissions-001.json
2016-09-16,4,0001123292-16-002748,2016-09-14,xslF345X03/edgar.xml,CIK0001571996-submissions-001.json
2016-09-16,4,0001123292-16-002747,2016-09-14,xslF345X03/edgar.xml,CIK0001571996-submissions-001.json
2016-09-16,4,0001123292-16-002746,2016-09-14,xslF345X03/edgar.xml,CIK0001571996-submissions-001.json
2016-09-16,4,0001123292-16-002745,2016-09-14,xslF345X03/edgar.xml,CIK0001571996-submissions-001.json
2016-09-16,4,0001123292-16-002744,2016-09-14,xslF345X03/edgar.xml,CIK0001571996-submissions-001.json
2016-09-16,4,0001123292-16-002743,2016-09-14,xslF345X03/edgar.xml,CIK0001571996-submissions-001.json
2016-09-27,D/A,0001571996-16-000016,,xslFormDX01/primary_doc.xml,CIK0001571996-submissions-001.json
2016-09-27,UPLOAD,0000000000-16-094721,,filename1.pdf,CIK0001571996-submissions-001.json
2016-10-03,CORRESP,0001193125-16-729486,,filename1.htm,CIK0001571996-submissions-001.json
2016-10-03,SC TO-I/A,0001193125-16-729472,,d133671dsctoia.htm,CIK0001571996-submissions-001.json
2016-10-04,D,0001209191-16-144191,,xslFormDX01/primary_doc.xml,CIK0001571996-submissions-001.json
2016-10-13,4,0001123292-16-002861,2016-10-11,xslF345X03/edgar.xml,CIK0001571996-submissions-001.json
2016-10-18,SC TO-I/A,0001193125-16-740845,,d271890dsctoia.htm,CIK0001571996-submissions-001.json
2016-11-04,8-K,0001193125-16-760249,2016-10-31,d278946d8k.htm,CIK0001571996-submissions-001.json
2016-11-08,SC 13D/A,0001193125-16-762291,,d287942dsc13da.htm,CIK0001571996-submissions-001.json
2016-11-10,8-K,0001193125-16-765964,2016-11-08,d288480d8k.htm,CIK0001571996-submissions-001.json
2016-12-08,8-K,0001193125-16-787976,2016-12-08,d297050d8k.htm,CIK0001571996-submissions-001.json
2016-12-09,10-Q,0001571996-16-000021,2016-10-28,delltechnologiesq3fy1710q.htm,CIK0001571996-submissions-001.json
2016-12-09,IRANNOTICE,0001571996-16-000023,,irannoticeq3fy17.htm,CIK0001571996-submissions-001.json
2016-12-15,8-K,0001193125-16-793722,2016-12-13,d314253d8k.htm,CIK0001571996-submissions-001.json
2016-12-15,SC 13D/A,0001193125-16-794515,,d311222dsc13da.htm,CIK0001571996-submissions-001.json
2016-12-20,4,0001123292-16-003089,2016-12-19,xslF345X03/edgar.xml,CIK0001571996-submissions-001.json
2016-12-22,SC 13D/A,0001193125-16-802173,,d315036dsc13da.htm,CIK0001571996-submissions-001.json
2017-01-10,4,0001123292-17-000093,2017-01-09,xslF345X03/edgar.xml,CIK0001571996-submissions-001.json
2017-01-17,8-K,0001193125-17-011125,2017-01-17,d260263d8k.htm,CIK0001571996-submissions-001.json
2017-01-23,4,0001123292-17-000225,2017-01-19,xslF345X03/edgar.xml,CIK0001571996-submissions-001.json
2017-02-09,SC 13G,0000932471-17-000761,,delltechnologiesincclassv.htm,CIK0001571996-submissions-001.json
2017-02-10,4,0001123292-17-000345,2017-02-08,xslF345X03/edgar.xml,CIK0001571996-submissions-001.json
2017-02-10,4/A,0001123292-17-000343,2016-12-19,xslF345X03/edgar.xml,CIK0001571996-submissions-001.json
2017-02-10,SC 13G,0001193125-17-038398,,d316973dsc13g.htm,CIK0001571996-submissions-001.json
2017-02-14,SC 13G,0001193125-17-043648,,d344518dsc13g.htm,CIK0001571996-submissions-001.json
2017-02-15,4,0001123292-17-000431,2017-02-13,xslF345X03/edgar.xml,CIK0001571996-submissions-001.json
2017-02-15,SC 13D/A,0001193125-17-045321,,d345570dsc13da.htm,CIK0001571996-submissions-001.json
2017-03-09,8-K,0001193125-17-076981,2017-03-08,d325592d8k.htm,CIK0001571996-submissions-001.json
2017-03-20,5,0001123292-17-000720,2017-02-03,xslF345X03/edgar.xml,CIK0001571996-submissions-001.json
2017-03-20,SC 13G/A,0001193125-17-088991,,d347152dsc13ga.htm,CIK0001571996-submissions-001.json
2017-03-30,8-K,0001193125-17-102794,2017-03-27,d307103d8k.htm,CIK0001571996-submissions-001.json
2017-03-30,8-K,0001193125-17-102777,2017-03-30,d337810d8k.htm,CIK0001571996-submissions-001.json
2017-03-30,SC 13D/A,0001193125-17-104167,,d364199dsc13da.htm,CIK0001571996-submissions-001.json
2017-03-31,10-K,0001571996-17-000004,2017-02-03,delltechnologiesfy1710k.htm,CIK0001571996-submissions-001.json
2017-03-31,IRANNOTICE,0001571996-17-000005,,irannoticeq4fy17.htm,CIK0001571996-submissions-001.json
2017-03-31,SC TO-I,0001193125-17-106706,,d309091dsctoi.htm,CIK0001571996-submissions-001.json
2017-04-04,4,0001123292-17-000808,2017-03-31,xslF345X03/edgar.xml,CIK0001571996-submissions-001.json
2017-04-05,SC 13D/A,0001193125-17-111834,,d363740dsc13da.htm,CIK0001571996-submissions-001.json
2017-04-13,SC 13D/A,0001193125-17-123316,,d374173dsc13da.htm,CIK0001571996-submissions-001.json
2017-04-25,4,0001123292-17-000864,2017-04-21,xslF345X03/edgar.xml,CIK0001571996-submissions-001.json
2017-04-26,4,0001123292-17-000872,2017-04-24,xslF345X03/edgar.xml,CIK0001571996-submissions-001.json
2017-05-01,4,0001123292-17-000880,2017-04-27,xslF345X03/edgar.xml,CIK0001571996-submissions-001.json
2017-05-02,3/A,0001123292-17-000886,2016-09-07,xslF345X02/edgar.xml,CIK0001571996-submissions-001.json
2017-05-02,4,0001123292-17-000888,2017-05-01,xslF345X03/edgar.xml,CIK0001571996-submissions-001.json
2017-05-03,SC TO-I/A,0001193125-17-156341,,d309091dsctoia.htm,CIK0001571996-submissions-001.json
2017-05-05,PRE 14A,0001193125-17-160864,2017-06-26,d353608dpre14a.htm,CIK0001571996-submissions-001.json
2017-05-09,4,0001123292-17-000904,2017-05-05,xslF345X03/edgar.xml,CIK0001571996-submissions-001.json
2017-05-09,4/A,0001123292-17-000902,2017-03-31,xslF345X03/edgar.xml,CIK0001571996-submissions-001.json
2017-05-10,SC 13D/A,0001193125-17-166006,,d381775dsc13da.htm,CIK0001571996-submissions-001.json
2017-05-11,4,0001123292-17-000911,2017-05-09,xslF345X03/edgar.xml,CIK0001571996-submissions-001.json
2017-05-16,DEF 14A,0001193125-17-172223,2017-06-26,d353608ddef14a.htm,CIK0001571996-submissions-001.json
2017-05-16,DEFA14A,0001193125-17-172318,,d353608ddefa14a.htm,CIK0001571996-submissions-001.json
2017-06-08,8-K,0001193125-17-197638,2017-06-08,d268242d8k.htm,CIK0001571996-submissions-001.json
2017-06-09,10-Q,0001571996-17-000009,2017-05-05,delltechnologiesq1fy1810q.htm,CIK0001571996-submissions-001.json
2017-06-13,4,0001123292-17-001132,2017-06-09,xslF345X03/edgar.xml,CIK0001571996-submissions-001.json
2017-06-22,4,0001123292-17-001188,2017-06-20,xslF345X03/edgar.xml,CIK0001571996-submissions-001.json
2017-06-29,8-K,0001571996-17-000011,2017-06-26,a8-kforcharteramendmentand.htm,CIK0001571996-submissions-001.json
2017-07-13,4,0001123292-17-001227,2017-07-11,xslF345X03/edgar.xml,CIK0001571996-submissions-001.json
2017-07-28,4,0001123292-17-001327,2017-07-26,xslF345X03/edgar.xml,CIK0001571996-submissions-001.json
2017-08-18,4,0001123292-17-001361,2017-08-16,xslF345X03/edgar.xml,CIK0001571996-submissions-001.json
2017-08-24,8-K,0001571996-17-000014,2017-08-18,a8-kstockbuyback.htm,CIK0001571996-submissions-001.json
2017-08-24,SC 13D/A,0001571996-17-000015,,vmw13damd9.htm,CIK0001571996-submissions-001.json
2017-08-30,4,0001123292-17-001395,2017-08-28,xslF345X03/edgar.xml,CIK0001571996-submissions-001.json
2017-09-07,8-K,0001571996-17-000017,2017-09-07,a8-kforq2fy18earnings.htm,CIK0001571996-submissions-001.json
2017-09-08,10-Q,0001571996-17-000020,2017-08-04,delltechnologiesq2fy1810q.htm,CIK0001571996-submissions-001.json
2017-09-13,4,0001123292-17-001413,2017-09-11,xslF345X03/edgar.xml,CIK0001571996-submissions-001.json
2017-09-13,SC TO-I,0001571996-17-000023,,tenderoffer-sept2017.htm,CIK0001571996-submissions-001.json
2017-09-14,SC 13D/A,0001571996-17-000025,,vmware13damendment10.htm,CIK0001571996-submissions-001.json
2017-09-15,8-K,0001571996-17-000027,2017-09-14,a8-kforsept2017.htm,CIK0001571996-submissions-001.json
2017-09-18,4,0001123292-17-001427,2017-09-14,xslF345X03/edgar.xml,CIK0001571996-submissions-001.json
2017-09-18,4,0001123292-17-001426,2017-09-14,xslF345X03/edgar.xml,CIK0001571996-submissions-001.json
2017-09-18,4,0001123292-17-001425,2017-09-14,xslF345X03/edgar.xml,CIK0001571996-submissions-001.json
2017-09-18,4,0001123292-17-001424,2017-09-14,xslF345X03/edgar.xml,CIK0001571996-submissions-001.json
2017-09-28,4,0001123292-17-001442,2017-09-26,xslF345X03/edgar.xml,CIK0001571996-submissions-001.json
2017-10-02,4,0001123292-17-001486,2017-09-28,xslF345X03/edgar.xml,CIK0001571996-submissions-001.json
2017-10-02,4,0001123292-17-001485,2017-09-28,xslF345X03/edgar.xml,CIK0001571996-submissions-001.json
2017-10-02,4,0001123292-17-001484,2017-09-28,xslF345X03/edgar.xml,CIK0001571996-submissions-001.json
2017-10-10,4/A,0001123292-17-001506,2017-09-14,xslF345X03/edgar.xml,CIK0001571996-submissions-001.json
2017-10-16,4,0001123292-17-001541,2017-10-13,xslF345X03/edgar.xml,CIK0001571996-submissions-001.json
2017-10-17,4,0001123292-17-001565,2017-10-13,xslF345X03/edgar.xml,CIK0001571996-submissions-001.json
2017-10-17,SC TO-I/A,0001571996-17-000035,,amendmenttotenderoffer-sep.htm,CIK0001571996-submissions-001.json
2017-10-19,4,0001123292-17-001615,2017-10-18,xslF345X03/edgar.xml,CIK0001571996-submissions-001.json
2017-10-24,8-K,0001571996-17-000037,2017-10-20,a8-krepriceoct2017.htm,CIK0001571996-submissions-001.json
2017-10-27,4,0001123292-17-001626,2017-10-25,xslF345X03/edgar.xml,CIK0001571996-submissions-001.json
2017-11-03,4,0001123292-17-001682,2017-11-01,xslF345X03/edgar.xml,CIK0001571996-submissions-001.json
2017-11-03,4/A,0001123292-17-001680,2017-09-11,xslF345X03/edgar.xml,CIK0001571996-submissions-001.json
2017-11-03,SC 13D/A,0001571996-17-000040,,vmware13damend11.htm,CIK0001571996-submissions-001.json
2017-11-17,4,0001123292-17-001719,2017-11-15,xslF345X03/edgar.xml,CIK0001571996-submissions-001.json
2017-12-07,8-K,0001571996-17-000042,2017-12-07,delltechnologiesq3fy18earn.htm,CIK0001571996-submissions-001.json
2017-12-12,10-Q,0001571996-17-000045,2017-11-03,delltechnologiesq3fy1810q.htm,CIK0001571996-submissions-001.json
2017-12-13,4,0001123292-17-001776,2017-12-11,xslF345X03/edgar.xml,CIK0001571996-submissions-001.json
2018-01-02,4,0001123292-18-000002,2017-12-28,xslF345X03/edgar.xml,CIK0001571996-submissions-001.json
2018-01-10,4,0001123292-18-000109,2018-01-08,xslF345X03/edgar.xml,CIK0001571996-submissions-001.json
2018-01-16,4,0001123292-18-000143,2018-01-12,xslF345X03/edgar.xml,CIK0001571996-submissions-001.json
2018-01-19,4,0001123292-18-000171,2018-01-17,xslF345X03/edgar.xml,CIK0001571996-submissions-001.json
2018-02-02,8-K,0001193125-18-029947,2018-02-02,d533069d8k.htm,CIK0001571996-submissions-001.json
2018-02-02,SC 13D/A,0001193125-18-029560,,d514668dsc13da.htm,CIK0001571996-submissions-001.json
2018-02-07,4,0001123292-18-000270,2018-02-02,xslF345X03/edgar.xml,CIK0001571996-submissions-001.json
2018-02-08,SC 13G,0000215457-18-005248,,us24703l1035_012418.txt,CIK0001571996-submissions-001.json
2018-02-09,SC 13G/A,0000932471-18-003584,,delltechnologiesincclassv.htm,CIK0001571996-submissions-001.json
2018-02-13,SC 13G/A,0001193125-18-042129,,d445907dsc13ga.htm,CIK0001571996-submissions-001.json
2018-03-08,8-K,0001193125-18-074168,2018-03-08,d741027d8k.htm,CIK0001571996-submissions-001.json
2018-03-29,10-K,0001571996-18-000004,2018-02-02,delltechnologiesfy1810k.htm,CIK0001571996-submissions-001.json
2018-04-02,3,0001123292-18-000610,2018-03-22,xslF345X02/edgar.xml,CIK0001571996-submissions-001.json
2018-04-09,3,0001123292-18-000630,2018-03-29,xslF345X02/edgar.xml,CIK0001571996-submissions-001.json
2018-04-17,4,0001123292-18-000638,2018-04-13,xslF345X03/edgar.xml,CIK0001571996-submissions-001.json
2018-04-19,3,0001123292-18-000648,2018-04-19,xslF345X02/edgar.xml,CIK0001571996-submissions-001.json
2018-04-26,8-K,0001571996-18-000009,2018-04-26,delltechasc606recast8k.htm,CIK0001571996-submissions-001.json
2018-05-15,DEF 14A,0001571996-18-000013,2018-06-25,proxystatementforfy2218.htm,CIK0001571996-submissions-001.json
2018-05-15,DEFA14A,0001571996-18-000014,,additionalproxymaterialsfo.htm,CIK0001571996-submissions-001.json
2018-05-17,8-K,0001571996-18-000016,2018-05-17,a8-kformay2018.htm,CIK0001571996-submissions-001.json
2018-06-04,8-K,0001571996-18-000019,2018-06-04,delltechnologiesq1fy19earn.htm,CIK0001571996-submissions-001.json
2018-06-05,4,0001123292-18-000778,2018-06-01,xslF345X03/edgar.xml,CIK0001571996-submissions-001.json
2018-06-12,10-Q,0001571996-18-000022,2018-05-04,delltechnologiesq1fy1910q.htm,CIK0001571996-submissions-001.json
2018-06-28,8-K,0001571996-18-000024,2018-06-25,a8-kvoteresults2018annualm.htm,CIK0001571996-submissions-001.json
2018-07-02,425,0001193125-18-211622,,d663247d425.htm,CIK0001571996-submissions-001.json
2018-07-02,425,0001193125-18-211591,,d887132d425.htm,CIK0001571996-submissions-001.json
2018-07-02,425,0001193125-18-211564,,d663247d425.htm,CIK0001571996-submissions-001.json
2018-07-02,425,0001193125-18-211559,,d887132d425.htm,CIK0001571996-submissions-001.json
2018-07-02,425,0001193125-18-211555,,d663247d425.htm,CIK0001571996-submissions-001.json
2018-07-02,425,0001193125-18-211539,,d663247d425.htm,CIK0001571996-submissions-001.json
2018-07-02,425,0001193125-18-211523,,d663247d425.htm,CIK0001571996-submissions-001.json
2018-07-02,425,0001193125-18-211512,,d667415d425.htm,CIK0001571996-submissions-001.json
2018-07-02,425,0001193125-18-211501,,d663247d425.htm,CIK0001571996-submissions-001.json
2018-07-02,425,0001193125-18-211488,,d887132d425.htm,CIK0001571996-submissions-001.json
2018-07-02,425,0001193125-18-211444,,d680939d425.htm,CIK0001571996-submissions-001.json
2018-07-02,425,0001193125-18-210341,,d880259d8k.htm,CIK0001571996-submissions-001.json
2018-07-02,8-K,0001193125-18-210339,2018-07-01,d880259d8k.htm,CIK0001571996-submissions-001.json
2018-07-03,425,0001193125-18-212506,,d887132d425.htm,CIK0001571996-submissions-001.json
2018-07-03,425,0001193125-18-212500,,d887132d425.htm,CIK0001571996-submissions-001.json
2018-07-03,425,0001193125-18-211663,,d887132d425.htm,CIK0001571996-submissions-001.json
2018-07-03,425,0001193125-18-211662,,d887132d425.htm,CIK0001571996-submissions-001.json
2018-07-03,SC 13D/A,0001193125-18-211867,,d889344dsc13da.htm,CIK0001571996-submissions-001.json
2018-07-09,425,0001193125-18-214766,,d700513d425.htm,CIK0001571996-submissions-001.json
2018-08-03,425,0001193125-18-238254,,d578883d425.htm,CIK0001571996-submissions-001.json
2018-08-06,8-K,0001571996-18-000027,2018-08-06,delltechnologiesfy188k.htm,CIK0001571996-submissions-001.json
2018-08-06,S-4,0001193125-18-239738,,d681091ds4.htm,CIK0001571996-submissions-001.json
2018-08-08,425,0001193125-18-241404,,d578014d425.htm,CIK0001571996-submissions-001.json
2018-09-04,UPLOAD,0000000000-18-027300,,filename1.pdf,CIK0001571996-submissions-001.json
2018-09-05,CORRESP,0001193125-18-267422,,filename1.htm,CIK0001571996-submissions-001.json
2018-09-06,425,0001571996-18-000032,,delltechnologiesq2fy19earn.htm,CIK0001571996-submissions-001.json
2018-09-06,425,0001193125-18-267952,,d620792d425.htm,CIK0001571996-submissions-001.json
2018-09-06,8-K,0001571996-18-000029,2018-09-06,delltechnologiesq2fy19earn.htm,CIK0001571996-submissions-001.json
2018-09-06,S-4/A,0001193125-18-267418,,d681091ds4a.htm,CIK0001571996-submissions-001.json
2018-09-07,425,0001193125-18-268410,,d620792d425.htm,CIK0001571996-submissions-001.json
2018-09-11,10-Q,0001571996-18-000034,2018-08-03,delltechnologiesq2fy1910q.htm,CIK0001571996-submissions-001.json
2018-09-11,425,0001193125-18-270255,,d602946d425.htm,CIK0001571996-submissions-001.json
2018-09-12,425,0001193125-18-271145,,d615322d425.htm,CIK0001571996-submissions-001.json
2018-09-18,4,0001123292-18-000960,2018-09-14,xslF345X03/edgar.xml,CIK0001571996-submissions-001.json
2018-09-18,4,0001123292-18-000959,2018-09-14,xslF345X03/edgar.xml,CIK0001571996-submissions-001.json
2018-09-18,4,0001123292-18-000958,2018-09-14,xslF345X03/edgar.xml,CIK0001571996-submissions-001.json
2018-09-19,425,0001193125-18-276906,,d624928d425.htm,CIK0001571996-submissions-001.json
2018-09-19,425,0001193125-18-276721,,d624928d425.htm,CIK0001571996-submissions-001.json
2018-09-28,425,0001193125-18-287637,,d624928d425.htm,CIK0001571996-submissions-001.json
2018-10-02,425,0001193125-18-290886,,d604015d425.htm,CIK0001571996-submissions-001.json
2018-10-03,425,0001193125-18-291391,,d633285d8k.htm,CIK0001571996-submissions-001.json
2018-10-03,8-K,0001193125-18-291390,2018-10-03,d633285d8k.htm,CIK0001571996-submissions-001.json
2018-10-04,425,0001193125-18-293230,,d620637d425.htm,CIK0001571996-submissions-001.json
2018-10-04,CORRESP,0001193125-18-293386,,filename1.htm,CIK0001571996-submissions-001.json
2018-10-04,S-4/A,0001193125-18-293366,,d681091ds4a.htm,CIK0001571996-submissions-001.json
2018-10-05,425,0001193125-18-294122,,d634379d425.htm,CIK0001571996-submissions-001.json
2018-10-05,PX14A6G,0000902664-18-003638,,p18-1878px14a6g.htm,CIK0001571996-submissions-001.json
2018-10-15,DFAN14A,0001144204-18-053724,,tv504783_dfan14a.htm,CIK0001571996-submissions-001.json
2018-10-15,SC 13D,0001144204-18-053702,,tv504763_sc13d.htm,CIK0001571996-submissions-001.json
2018-10-15,SC 13D/A,0001144204-18-053722,,tv504782_sc13da.htm,CIK0001571996-submissions-001.json
2018-10-16,PREC14A,0001144204-18-054040,,tv504885_prec14a.htm,CIK0001571996-submissions-001.json
2018-10-19,424B3,0001193125-18-303075,,d681091d424b3.htm,CIK0001571996-submissions-001.json
2018-10-19,425,0001193125-18-303227,,d632640d425.htm,CIK0001571996-submissions-001.json
2018-10-19,425,0001193125-18-303226,,d559117d425.htm,CIK0001571996-submissions-001.json
2018-10-19,425,0001193125-18-303225,,d634806d425.htm,CIK0001571996-submissions-001.json
2018-10-19,425,0001193125-18-303213,,d635850d425.htm,CIK0001571996-submissions-001.json
2018-10-19,425,0001193125-18-303106,,d640115d425.htm,CIK0001571996-submissions-001.json
2018-10-19,CORRESP,0001193125-18-302538,,filename1.htm,CIK0001571996-submissions-001.json
2018-10-19,EFFECT,9999999995-18-002666,,xslEFFECTX01/primary_doc.xml,CIK0001571996-submissions-001.json
2018-10-19,S-4/A,0001193125-18-302533,,d681091ds4a.htm,CIK0001571996-submissions-001.json
2018-10-22,425,0001193125-18-304351,,d638621d425.htm,CIK0001571996-submissions-001.json
2018-10-25,UPLOAD,0000000000-18-033507,,filename1.pdf,CIK0001571996-submissions-001.json
2018-10-29,PX14A6G,0000902664-18-003867,,p18-1998px14a6g.htm,CIK0001571996-submissions-001.json
2018-10-30,DEFC14A,0001144204-18-056160,,tv505785_defc14a.htm,CIK0001571996-submissions-001.json
2018-10-30,DFAN14A,0001144204-18-055979,,tv505726_dfan14a.htm,CIK0001571996-submissions-001.json
2018-10-30,SC 13D/A,0001144204-18-055977,,tv505744_sc13da.htm,CIK0001571996-submissions-001.json
2018-11-01,DFAN14A,0001144204-18-056850,,tv506099_dfan14a.htm,CIK0001571996-submissions-001.json
2018-11-01,SC 13D/A,0001144204-18-056845,,tv506107_sc13da.htm,CIK0001571996-submissions-001.json
2018-11-02,DFRN14A,0001144204-18-057004,,tv506100_dfrn14a.htm,CIK0001571996-submissions-001.json
2018-11-08,425,0001193125-18-322666,,d644706d425.htm,CIK0001571996-submissions-001.json
2018-11-13,DFAN14A,0001144204-18-058887,,tv506944_dfan14a.htm,CIK0001571996-submissions-001.json
2018-11-14,DFAN14A,0001144204-18-060023,,tv507328_dfan14a.htm,CIK0001571996-submissions-001.json
2018-11-15,425,0001193125-18-328114,,d655711d8ka.htm,CIK0001571996-submissions-001.json
2018-11-15,425,0001193125-18-327870,,d655592d425.htm,CIK0001571996-submissions-001.json
2018-11-15,425,0001193125-18-327748,,d654333d425.htm,CIK0001571996-submissions-001.json
2018-11-15,425,0001193125-18-327741,,d654333d425.htm,CIK0001571996-submissions-001.json
2018-11-15,425,0001193125-18-327735,,d654333d425.htm,CIK0001571996-submissions-001.json
2018-11-15,425,0001193125-18-327730,,d654333d425.htm,CIK0001571996-submissions-001.json
2018-11-15,425,0001193125-18-327223,,d647449d8k.htm,CIK0001571996-submissions-001.json
2018-11-15,8-K,0001193125-18-327222,2018-11-14,d647449d8k.htm,CIK0001571996-submissions-001.json
2018-11-15,8-K/A,0001193125-18-328110,2018-11-14,d655711d8ka.htm,CIK0001571996-submissions-001.json
2018-11-15,DFAN14A,0001144204-18-060310,,tv507447_dfan14a.htm,CIK0001571996-submissions-001.json
2018-11-15,SC 13D,0001193125-18-328135,,d621484dsc13d.htm,CIK0001571996-submissions-001.json
2018-11-15,SC 13D/A,0001144204-18-060309,,tv507446_sc13da.htm,CIK0001571996-submissions-001.json
2018-11-19,425,0001193125-18-330357,,d659650d425.htm,CIK0001571996-submissions-001.json
2018-11-20,425,0001193125-18-330744,,d663932d425.htm,CIK0001571996-submissions-001.json
2018-11-26,424B3,0001193125-18-333956,,d658927d424b3.htm,CIK0001571996-submissions-001.json
2018-11-26,425,0001193125-18-333968,,d655517d8k.htm,CIK0001571996-submissions-001.json
2018-11-26,8-K,0001193125-18-333967,2018-11-26,d655517d8k.htm,CIK0001571996-submissions-001.json
2018-11-26,S-4MEF,0001193125-18-333975,,d659083ds4mef.htm,CIK0001571996-submissions-001.json
2018-11-27,425,0001193125-18-335198,,d656326d425.htm,CIK0001571996-submissions-001.json
2018-11-27,425,0001193125-18-334143,,d597589d425.htm,CIK0001571996-submissions-001.json
2018-11-28,425,0001193125-18-336520,,d656726d425.htm,CIK0001571996-submissions-001.json
2018-11-28,8-K,0001571996-18-000037,2018-11-28,a8-kfor11x28x18.htm,CIK0001571996-submissions-001.json
2018-11-29,425,0001571996-18-000042,,delltechnologiesq3fy19earn.htm,CIK0001571996-submissions-001.json
2018-11-29,425,0001193125-18-337536,,d634583d425.htm,CIK0001571996-submissions-001.json
2018-11-29,8-K,0001571996-18-000041,2018-11-29,delltechnologiesq3fy19earn.htm,CIK0001571996-submissions-001.json
2018-11-30,425,0001193125-18-339482,,d663299d425.htm,CIK0001571996-submissions-001.json
2018-11-30,425,0001193125-18-339409,,d604006d425.htm,CIK0001571996-submissions-001.json
2018-11-30,425,0001193125-18-338677,,d674439d425.htm,CIK0001571996-submissions-001.json
2018-11-30,425,0001193125-18-338493,,d611959d425.htm,CIK0001571996-submissions-001.json
2018-11-30,425,0001193125-18-338485,,d586973d425.htm,CIK0001571996-submissions-001.json
2018-12-03,425,0001193125-18-341096,,d663869d425.htm,CIK0001571996-submissions-001.json
2018-12-03,425,0001193125-18-340619,,d667358d425.htm,CIK0001571996-submissions-001.json
2018-12-04,425,0001193125-18-341911,,d665880d425.htm,CIK0001571996-submissions-001.json
2018-12-04,425,0001193125-18-341907,,d588653d425.htm,CIK0001571996-submissions-001.json
2018-12-06,425,0001193125-18-343890,,d622226d425.htm,CIK0001571996-submissions-001.json
2018-12-06,425,0001193125-18-343234,,d658859d425.htm,CIK0001571996-submissions-001.json
2018-12-06,425,0001193125-18-342906,,d670028d425.htm,CIK0001571996-submissions-001.json
2018-12-06,425,0001193125-18-342902,,d668209d425.htm,CIK0001571996-submissions-001.json
2018-12-07,425,0001193125-18-344784,,d607928d425.htm,CIK0001571996-submissions-001.json
2018-12-07,425,0001193125-18-344779,,d669051d425.htm,CIK0001571996-submissions-001.json
2018-12-10,10-Q,0001571996-18-000044,2018-11-02,delltechnologiesq3fy19.htm,CIK0001571996-submissions-001.json
2018-12-10,425,0001193125-18-346040,,d620600d425.htm,CIK0001571996-submissions-001.json
2018-12-10,425,0001193125-18-345963,,d668875d425.htm,CIK0001571996-submissions-001.json
2018-12-11,8-K,0001193125-18-346958,2018-12-11,d669293d8k.htm,CIK0001571996-submissions-001.json
2018-12-14,8-K,0001193125-18-349469,2018-12-12,d676451d8k.htm,CIK0001571996-submissions-001.json
2018-12-21,4,0001123292-18-001124,2018-12-20,xslF345X03/edgar.xml,CIK0001571996-submissions-001.json
2018-12-21,8-K,0001193125-18-356324,2018-12-20,d670019d8k.htm,CIK0001571996-submissions-001.json
2018-12-26,3,0001123292-18-001132,2018-12-26,xslF345X02/edgar.xml,CIK0001571996-submissions-001.json
2018-12-26,3,0001123292-18-001130,2018-12-26,xslF345X02/edgar.xml,CIK0001571996-submissions-001.json
2018-12-26,3,0001123292-18-001129,2018-12-26,xslF345X02/edgar.xml,CIK0001571996-submissions-001.json
2018-12-26,3,0001140361-18-045716,2018-12-26,xslF345X02/form3.xml,CIK0001571996-submissions-001.json
2018-12-26,8-A12B,0001193125-18-357325,,d679300d8a12b.htm,CIK0001571996-submissions-001.json
2018-12-26,CERT,0000876661-18-001361,,DELLWI8A122618.pdf,CIK0001571996-submissions-001.json
2018-12-26,SC 13D/A,0001193125-18-358127,,d680230dsc13da.htm,CIK0001571996-submissions-001.json
2018-12-28,25-NSE,0000876661-18-001378,,xslF25X02/primary_doc.xml,CIK0001571996-submissions-001.json
2018-12-28,8-K,0001193125-18-360943,2018-12-25,d673794d8k.htm,CIK0001571996-submissions-001.json
2018-12-31,SC 13D/A,0001144204-18-066753,,tv510029_sc13da.htm,CIK0001571996-submissions-001.json
2019-01-02,4,0001123292-19-000014,2018-12-28,xslF345X03/edgar.xml,CIK0001571996-submissions-001.json
2019-01-02,4,0001123292-19-000013,2018-12-28,xslF345X03/edgar.xml,CIK0001571996-submissions-001.json
2019-01-02,4,0001123292-19-000012,2018-12-28,xslF345X03/edgar.xml,CIK0001571996-submissions-001.json
2019-01-02,4,0001123292-19-000011,2018-12-28,xslF345X03/edgar.xml,CIK0001571996-submissions-001.json
2019-01-02,4,0001123292-19-000010,2018-12-28,xslF345X03/edgar.xml,CIK0001571996-submissions-001.json
2019-01-02,4,0001123292-19-000004,2018-12-31,xslF345X03/edgar.xml,CIK0001571996-submissions-001.json
2019-01-02,4/A,0000899243-19-000197,2018-12-31,xslF345X03/doc4a.xml,CIK0001571996-submissions-001.json
2019-01-07,15-12B,0001193125-19-003794,,d684210d1512b.htm,CIK0001571996-submissions-001.json
2019-01-07,S-8 POS,0001193125-19-003804,,d663813ds8pos.htm,CIK0001571996-submissions-001.json
2019-01-07,SC 13G,0001144204-19-000935,,tv510522_sc13g.htm,CIK0001571996-submissions-001.json
2019-02-04,SC 13G,0001214659-19-000730,,p19-0350sc13g.htm,CIK0001571996-submissions-001.json
2019-02-11,SC 13G/A,0000932471-19-004459,,delltechnologiesinc.htm,CIK0001571996-submissions-001.json
2019-02-14,SC 13G,0001193125-19-039863,,d692199dsc13g.htm,CIK0001571996-submissions-001.json
2019-02-14,SC 13G,0001193125-19-039787,,d688707dsc13g.htm,CIK0001571996-submissions-001.json
2019-02-14,SC 13G,0001193125-19-039777,,d688709dsc13g.htm,CIK0001571996-submissions-001.json
2019-02-14,SC 13G,0001193125-19-039741,,d677821dsc13g.htm,CIK0001571996-submissions-001.json
2019-02-14,SC 13G,0001193125-19-039729,,d680595dsc13g.htm,CIK0001571996-submissions-001.json
2019-02-14,SC 13G,0000903423-19-000106,,dell13g.htm,CIK0001571996-submissions-001.json
2019-02-19,3,0000899243-19-003920,2019-02-14,xslF345X02/doc3.xml,CIK0001571996-submissions-001.json
2019-02-19,4,0000899243-19-003930,2019-02-14,xslF345X03/doc4.xml,CIK0001571996-submissions-001.json
2019-02-19,4,0000899243-19-003923,2019-02-14,xslF345X03/doc4.xml,CIK0001571996-submissions-001.json
2019-02-19,SC 13D,0001193125-19-043419,,d706014dsc13d.htm,CIK0001571996-submissions-001.json
2019-02-28,8-K,0001571996-19-000002,2019-02-28,delltechnologiesq4fy19earn.htm,CIK0001571996-submissions-001.json
2019-03-07,8-K,0001193125-19-066045,2019-03-06,d719989d8k.htm,CIK0001571996-submissions-001.json
2019-03-14,8-K,0001193125-19-074935,2019-03-13,d681612d8k.htm,CIK0001571996-submissions-001.json
2019-03-19,4,0001123292-19-000557,2019-03-15,xslF345X03/edgar.xml,CIK0001571996-submissions-001.json
2019-03-19,4,0001123292-19-000556,2019-03-15,xslF345X03/edgar.xml,CIK0001571996-submissions-001.json
2019-03-19,4,0001123292-19-000555,2019-03-15,xslF345X03/edgar.xml,CIK0001571996-submissions-001.json
2019-03-19,4,0001123292-19-000554,2019-03-15,xslF345X03/edgar.xml,CIK0001571996-submissions-001.json
2019-03-19,4,0001123292-19-000553,2019-03-15,xslF345X03/edgar.xml,CIK0001571996-submissions-001.json
2019-03-19,4,0001123292-19-000552,2019-03-15,xslF345X03/edgar.xml,CIK0001571996-submissions-001.json
2019-03-19,4,0001123292-19-000551,2019-03-15,xslF345X03/edgar.xml,CIK0001571996-submissions-001.json
2019-03-19,4,0001123292-19-000550,2019-03-15,xslF345X03/edgar.xml,CIK0001571996-submissions-001.json
2019-03-19,4,0001123292-19-000549,2019-03-15,xslF345X03/edgar.xml,CIK0001571996-submissions-001.json
2019-03-19,4,0001123292-19-000548,2019-03-15,xslF345X03/edgar.xml,CIK0001571996-submissions-001.json
2019-03-19,4,0001123292-19-000547,2019-03-15,xslF345X03/edgar.xml,CIK0001571996-submissions-001.json
2019-03-19,8-K,0001571996-19-000005,2019-03-15,a8-kforequityprogram.htm,CIK0001571996-submissions-001.json
2019-03-21,8-K,0001193125-19-082281,2019-03-20,d708174d8k.htm,CIK0001571996-submissions-001.json
2019-03-29,10-K,0001571996-19-000008,2019-02-01,delltechnologiesfy1910k.htm,CIK0001571996-submissions-001.json
2019-04-02,8-K,0001571996-19-000010,2019-04-02,a8-kfor4x2x19.htm,CIK0001571996-submissions-001.json
2019-04-04,3,0001123292-19-000606,2019-04-02,xslF345X02/edgar.xml,CIK0001571996-submissions-001.json
2019-04-04,3/A,0001123292-19-000612,2019-04-02,xslF345X02/edgar.xml,CIK0001571996-submissions-001.json
2019-04-04,4,0001123292-19-000610,2019-04-02,xslF345X03/edgar.xml,CIK0001571996-submissions-001.json
2019-04-04,4,0001123292-19-000609,2019-04-02,xslF345X03/edgar.xml,CIK0001571996-submissions-001.json
2019-04-04,4,0001123292-19-000608,2019-04-02,xslF345X03/edgar.xml,CIK0001571996-submissions-001.json
2019-04-04,4,0001123292-19-000607,2019-04-02,xslF345X03/edgar.xml,CIK0001571996-submissions-001.json
2019-04-16,4,0001123292-19-000636,2019-04-12,xslF345X03/edgar.xml,CIK0001571996-submissions-001.json
2019-05-29,DEF 14A,0001571996-19-000015,2019-07-09,proxystatementforfy2119.htm,CIK0001571996-submissions-001.json
2019-05-29,DEFA14A,0001571996-19-000016,,noticeforfy2119.htm,CIK0001571996-submissions-001.json
2019-05-30,8-K,0001571996-19-000021,2019-05-30,delltechnologiesq1fy20earn.htm,CIK0001571996-submissions-001.json
2019-05-31,SD,0001571996-19-000022,,delltechnologiesconflictmi.htm,CIK0001571996-submissions-001.json
2019-06-04,4,0001123292-19-000861,2019-06-01,xslF345X03/edgar.xml,CIK0001571996-submissions-001.json
2019-06-10,10-Q,0001571996-19-000025,2019-05-03,delltechnologiesq1fy20.htm,CIK0001571996-submissions-001.json
2019-06-24,4,0001123292-19-000901,2019-06-20,xslF345X03/edgar.xml,CIK0001571996-submissions-001.json
2019-06-24,4,0001123292-19-000900,2019-06-20,xslF345X03/edgar.xml,CIK0001571996-submissions-001.json
2019-06-24,4,0001123292-19-000899,2019-06-20,xslF345X03/edgar.xml,CIK0001571996-submissions-001.json
2019-06-26,4,0001123292-19-000913,2019-06-24,xslF345X03/edgar.xml,CIK0001571996-submissions-001.json
2019-06-27,8-K,0001571996-19-000028,2019-06-24,a8-kforconversionxjune2019.htm,CIK0001571996-submissions-001.json
2019-07-01,4,0001123292-19-000936,2019-06-27,xslF345X03/edgar.xml,CIK0001571996-submissions-001.json
2019-07-01,4,0001123292-19-000935,2019-06-27,xslF345X03/edgar.xml,CIK0001571996-submissions-001.json
2019-07-01,4,0001123292-19-000934,2019-06-27,xslF345X03/edgar.xml,CIK0001571996-submissions-001.json
2019-07-01,4,0001123292-19-000933,2019-06-27,xslF345X03/edgar.xml,CIK0001571996-submissions-001.json
2019-07-01,4,0001123292-19-000932,2019-06-27,xslF345X03/edgar.xml,CIK0001571996-submissions-001.json
2019-07-01,4,0001123292-19-000931,2019-06-27,xslF345X03/edgar.xml,CIK0001571996-submissions-001.json
2019-07-01,4,0001123292-19-000930,2019-06-27,xslF345X03/edgar.xml,CIK0001571996-submissions-001.json
2019-07-02,4,0001123292-19-000971,2019-06-28,xslF345X03/edgar.xml,CIK0001571996-submissions-001.json
2019-07-02,4,0001123292-19-000970,2019-06-28,xslF345X03/edgar.xml,CIK0001571996-submissions-001.json
2019-07-02,4,0001123292-19-000969,2019-06-28,xslF345X03/edgar.xml,CIK0001571996-submissions-001.json
2019-07-02,4,0001123292-19-000968,2019-06-28,xslF345X03/edgar.xml,CIK0001571996-submissions-001.json
2019-07-02,4,0001123292-19-000967,2019-06-28,xslF345X03/edgar.xml,CIK0001571996-submissions-001.json
2019-07-02,4,0001123292-19-000952,2019-06-28,xslF345X03/edgar.xml,CIK0001571996-submissions-001.json
2019-07-02,4,0000899243-19-018770,2019-06-28,xslF345X03/doc4.xml,CIK0001571996-submissions-001.json
2019-07-02,SC 13D/A,0001193125-19-187629,,d736444dsc13da.htm,CIK0001571996-submissions-001.json
2019-07-03,4,0001123292-19-000983,2019-07-01,xslF345X03/edgar.xml,CIK0001571996-submissions-001.json
2019-07-03,4,0001123292-19-000982,2019-07-01,xslF345X03/edgar.xml,CIK0001571996-submissions-001.json
2019-07-03,4,0001123292-19-000981,2019-07-01,xslF345X03/edgar.xml,CIK0001571996-submissions-001.json
2019-07-03,4,0001123292-19-000980,2019-07-01,xslF345X03/edgar.xml,CIK0001571996-submissions-001.json
2019-07-03,8-K,0001571996-19-000030,2019-06-28,a8-kforconversionslpxjune2.htm,CIK0001571996-submissions-001.json
2019-07-11,4,0001123292-19-000993,2019-07-09,xslF345X03/edgar.xml,CIK0001571996-submissions-001.json
2019-07-11,8-K,0001571996-19-000032,2019-07-09,a8-kfor2019annualmeeting.htm,CIK0001571996-submissions-001.json
2019-07-16,4,0001123292-19-001003,2019-07-12,xslF345X03/edgar.xml,CIK0001571996-submissions-001.json
2019-07-16,4,0001123292-19-001002,2019-07-12,xslF345X03/edgar.xml,CIK0001571996-submissions-001.json
2019-07-16,S-8,0001193125-19-194858,,d16124ds8.htm,CIK0001571996-submissions-001.json
2019-07-17,4,0001123292-19-001009,2019-07-15,xslF345X03/edgar.xml,CIK0001571996-submissions-001.json
2019-07-17,4,0001123292-19-001008,2019-07-15,xslF345X03/edgar.xml,CIK0001571996-submissions-001.json
2019-07-17,4,0001123292-19-001007,2019-07-15,xslF345X03/edgar.xml,CIK0001571996-submissions-001.json
2019-07-19,4,0001123292-19-001011,2019-07-17,xslF345X03/edgar.xml,CIK0001571996-submissions-001.json
2019-07-22,4,0001123292-19-001015,2019-07-18,xslF345X03/edgar.xml,CIK0001571996-submissions-001.json
2019-07-23,4,0001123292-19-001017,2019-07-19,xslF345X03/edgar.xml,CIK0001571996-submissions-001.json
2019-07-23,SC 13G,0001193125-19-200050,,d770613dsc13g.htm,CIK0001571996-submissions-001.json
2019-07-31,4,0001123292-19-001031,2019-07-29,xslF345X03/edgar.xml,CIK0001571996-submissions-001.json
2019-08-14,SC 13D/A,0001193125-19-221358,,d789137dsc13da.htm,CIK0001571996-submissions-001.json
2019-08-15,4,0001123292-19-001059,2019-08-13,xslF345X03/edgar.xml,CIK0001571996-submissions-001.json
2019-08-16,4,0001123292-19-001065,2019-08-15,xslF345X03/edgar.xml,CIK0001571996-submissions-001.json
2019-08-22,8-K,0001193125-19-226939,2019-08-22,d793920d8k.htm,CIK0001571996-submissions-001.json
2019-08-22,DEFA14A,0001193125-19-226954,,d792327ddefa14a.htm,CIK0001571996-submissions-001.json
2019-08-22,DEFA14A,0001193125-19-226940,,d793920d8k.htm,CIK0001571996-submissions-001.json
2019-08-22,SC 13D/A,0001193125-19-226948,,d804426dsc13da.htm,CIK0001571996-submissions-001.json
2019-08-23,DEFA14A,0001193125-19-227968,,d801800ddefa14a.htm,CIK0001571996-submissions-001.json
2019-08-29,8-K,0001571996-19-000036,2019-08-29,delltechnologiesq2fy20.htm,CIK0001571996-submissions-001.json
2019-08-30,DEFA14A,0001193125-19-234344,,d777330ddefa14a.htm,CIK0001571996-submissions-001.json
2019-08-30,SC 13D,0001193125-19-235379,,d751170dsc13d.htm,CIK0001571996-submissions-001.json
2019-09-04,4,0001123292-19-001095,2019-08-30,xslF345X03/edgar.xml,CIK0001571996-submissions-001.json
2019-09-04,4,0001387131-19-006672,2019-08-30,xslF345X03/dell-form4_083019.xml,CIK0001571996-submissions-001.json
2019-09-05,4,0001123292-19-001101,2019-09-03,xslF345X03/edgar.xml,CIK0001571996-submissions-001.json
2019-09-05,4,0001123292-19-001100,2019-09-03,xslF345X03/edgar.xml,CIK0001571996-submissions-001.json
2019-09-10,10-Q,0001571996-19-000039,2019-08-02,delltechnologiesq2fy20.htm,CIK0001571996-submissions-001.json
2019-09-10,SC 13G,0001193125-19-241925,,d777505dsc13g.htm,CIK0001571996-submissions-001.json
2019-09-12,4,0001123292-19-001115,2019-09-10,xslF345X03/edgar.xml,CIK0001571996-submissions-001.json
2019-09-16,4,0001123292-19-001118,2019-09-12,xslF345X03/edgar.xml,CIK0001571996-submissions-001.json
2019-09-18,4,0001123292-19-001121,2019-09-16,xslF345X03/edgar.xml,CIK0001571996-submissions-001.json
2019-09-19,4,0001123292-19-001123,2019-09-17,xslF345X03/edgar.xml,CIK0001571996-submissions-001.json
2019-09-20,4,0001123292-19-001127,2019-09-18,xslF345X03/edgar.xml,CIK0001571996-submissions-001.json
2019-09-20,4,0001123292-19-001126,2019-09-18,xslF345X03/edgar.xml,CIK0001571996-submissions-001.json
2019-09-23,8-K,0001193125-19-252192,2019-09-19,d807029d8k.htm,CIK0001571996-submissions-001.json
2019-10-01,4,0001123292-19-001163,2019-09-27,xslF345X03/edgar.xml,CIK0001571996-submissions-001.json
2019-10-01,4,0001123292-19-001162,2019-09-27,xslF345X03/edgar.xml,CIK0001571996-submissions-001.json
2019-10-01,4,0001123292-19-001161,2019-09-27,xslF345X03/edgar.xml,CIK0001571996-submissions-001.json
2019-10-01,4,0001123292-19-001160,2019-09-27,xslF345X03/edgar.xml,CIK0001571996-submissions-001.json
2019-10-03,4,0001123292-19-001200,2019-10-01,xslF345X03/edgar.xml,CIK0001571996-submissions-001.json
2019-10-17,4,0001123292-19-001224,2019-10-15,xslF345X03/edgar.xml,CIK0001571996-submissions-001.json
2019-10-18,4,0001123292-19-001236,2019-10-16,xslF345X03/edgar.xml,CIK0001571996-submissions-001.json
2019-10-18,4,0001123292-19-001235,2019-10-16,xslF345X03/edgar.xml,CIK0001571996-submissions-001.json
2019-10-18,4,0001123292-19-001234,2019-10-17,xslF345X03/edgar.xml,CIK0001571996-submissions-001.json
2019-10-30,4,0001123292-19-001244,2019-10-28,xslF345X03/edgar.xml,CIK0001571996-submissions-001.json
2019-11-04,4,0001123292-19-001250,2019-10-31,xslF345X03/edgar.xml,CIK0001571996-submissions-001.json
2019-11-05,4,0001123292-19-001252,2019-11-01,xslF345X03/edgar.xml,CIK0001571996-submissions-001.json
2019-11-08,4,0001123292-19-001261,2019-11-06,xslF345X03/edgar.xml,CIK0001571996-submissions-001.json
2019-11-14,4,0001123292-19-001268,2019-11-12,xslF345X03/edgar.xml,CIK0001571996-submissions-001.json
2019-11-19,4,0001123292-19-001284,2019-11-15,xslF345X03/edgar.xml,CIK0001571996-submissions-001.json
2019-11-26,8-K,0001571996-19-000042,2019-11-26,delltechnologiesq3fy20.htm,CIK0001571996-submissions-001.json
2019-12-02,8-K,0001571996-19-000044,2019-12-02,a8-kfordec22019.htm,CIK0001571996-submissions-001.json
2019-12-04,4,0001123292-19-001318,2019-12-02,xslF345X03/edgar.xml,CIK0001571996-submissions-001.json
2019-12-09,10-Q,0001571996-19-000051,2019-11-01,delltechnologiesq3fy20.htm,CIK0001571996-submissions-001.json
2019-12-10,8-K,0001571996-19-000052,2019-12-09,a8-kfordec92019.htm,CIK0001571996-submissions-001.json
2019-12-13,4,0001123292-19-001343,2019-12-11,xslF345X03/edgar.xml,CIK0001571996-submissions-001.json
2019-12-13,8-K,0001193125-19-313947,2019-12-11,d847879d8k.htm,CIK0001571996-submissions-001.json
2019-12-17,4,0001123292-19-001347,2019-12-13,xslF345X03/edgar.xml,CIK0001571996-submissions-001.json
2019-12-31,4,0001123292-19-001361,2019-12-27,xslF345X03/edgar.xml,CIK0001571996-submissions-001.json
2020-01-02,4,0000899243-20-000066,2019-12-30,xslF345X03/doc4.xml,CIK0001571996-submissions-001.json
2020-01-02,4,0000899243-20-000063,2019-12-30,xslF345X03/doc4.xml,CIK0001571996-submissions-001.json
2020-01-02,4,0001123292-20-000006,2019-12-30,xslF345X03/edgar.xml,CIK0001571996-submissions-001.json
2020-01-02,4,0000899243-20-000006,2019-12-30,xslF345X03/doc4.xml,CIK0001571996-submissions-001.json
2020-01-02,SC 13D/A,0001193125-20-000669,,d103822dsc13da.htm,CIK0001571996-submissions-001.json
2020-01-02,SC 13D/A,0001193125-20-000668,,d103838dsc13da.htm,CIK0001571996-submissions-001.json
2020-01-02,SC 13D/A,0001193125-20-000083,,d835574dsc13da.htm,CIK0001571996-submissions-001.json
2020-01-06,8-K,0001193125-20-002200,2019-12-30,d862395d8k.htm,CIK0001571996-submissions-001.json
2020-01-07,4,0001123292-20-000100,2020-01-03,xslF345X03/edgar.xml,CIK0001571996-submissions-001.json
2020-01-09,4,0001123292-20-000126,2020-01-07,xslF345X03/edgar.xml,CIK0001571996-submissions-001.json
2020-01-09,4,0001123292-20-000124,2020-01-08,xslF345X03/edgar.xml,CIK0001571996-submissions-001.json
2020-01-09,8-K,0001571996-20-000002,2020-01-08,a8-kforjan82020stockop.htm,CIK0001571996-submissions-001.json
2020-01-10,4,0001123292-20-000128,2020-01-08,xslF345X03/edgar.xml,CIK0001571996-submissions-001.json
2020-01-13,4,0001123292-20-000130,2020-01-09,xslF345X03/edgar.xml,CIK0001571996-submissions-001.json
2020-01-13,SC 13G/A,0000902664-20-000180,,p20-0047sc13ga.htm,CIK0001571996-submissions-001.json
2020-01-16,4,0001123292-20-000146,2020-01-14,xslF345X03/edgar.xml,CIK0001571996-submissions-001.json
2020-01-16,4,0001123292-20-000145,2020-01-14,xslF345X03/edgar.xml,CIK0001571996-submissions-001.json
2020-01-16,4,0001123292-20-000144,2020-01-14,xslF345X03/edgar.xml,CIK0001571996-submissions-001.json
2020-01-29,SC 13G/A,0001387131-20-000631,,dell-sc13ga_123119.htm,CIK0001571996-submissions-001.json
2020-02-04,4,0001123292-20-000215,2020-01-31,xslF345X03/edgar.xml,CIK0001571996-submissions-001.json
2020-02-06,4,0001123292-20-000228,2020-02-04,xslF345X03/edgar.xml,CIK0001571996-submissions-001.json
2020-02-06,4,0001123292-20-000226,2020-02-04,xslF345X03/edgar.xml,CIK0001571996-submissions-001.json
2020-02-12,SC 13G/A,0001104659-20-018893,,tv02105-delltechnologiesinc.htm,CIK0001571996-submissions-001.json
2020-02-13,SC 13G/A,0000928464-20-000004,,dellsch13gamd102142020.htm,CIK0001571996-submissions-001.json
2020-02-13,SC 13G/A,0001193125-20-035744,,d131423dsc13ga.htm,CIK0001571996-submissions-001.json
2020-02-13,SC 13G/A,0001193125-20-035691,,d885329dsc13ga.htm,CIK0001571996-submissions-001.json
2020-02-13,SC 13G/A,0001193125-20-035681,,d848099dsc13ga.htm,CIK0001571996-submissions-001.json
2020-02-13,SC 13G/A,0001193125-20-034975,,d868868dsc13ga.htm,CIK0001571996-submissions-001.json
2020-02-14,SC 13G,0001422849-20-000046,,edgdell-n.txt,CIK0001571996-submissions-001.json
2020-02-14,SC 13G/A,0001193125-20-038307,,d885723dsc13ga.htm,CIK0001571996-submissions-001.json
2020-02-18,8-K,0001571996-20-000005,2020-02-18,a8-kforfeb172020.htm,CIK0001571996-submissions-001.json
2020-02-27,8-K,0001571996-20-000009,2020-02-24,delltechnologiesfy20ea.htm,CIK0001571996-submissions-001.json
2020-03-04,4,0001123292-20-000468,2020-03-02,xslF345X03/edgar.xml,CIK0001571996-submissions-001.json
2020-03-06,4,0001123292-20-000490,2020-03-04,xslF345X03/edgar.xml,CIK0001571996-submissions-001.json
2020-03-10,4,0001123292-20-000544,2020-03-06,xslF345X03/edgar.xml,CIK0001571996-submissions-001.json
2020-03-12,5,0001123292-20-000550,2020-01-31,xslF345X03/edgar.xml,CIK0001571996-submissions-001.json
2020-03-17,4,0001123292-20-000596,2020-03-15,xslF345X03/edgar.xml,CIK0001571996-submissions-001.json
2020-03-17,4,0001123292-20-000595,2020-03-15,xslF345X03/edgar.xml,CIK0001571996-submissions-001.json
2020-03-17,4,0001123292-20-000594,2020-03-15,xslF345X03/edgar.xml,CIK0001571996-submissions-001.json
2020-03-17,4,0001123292-20-000593,2020-03-15,xslF345X03/edgar.xml,CIK0001571996-submissions-001.json
2020-03-17,4,0001123292-20-000592,2020-03-15,xslF345X03/edgar.xml,CIK0001571996-submissions-001.json
2020-03-17,4,0001123292-20-000591,2020-03-15,xslF345X03/edgar.xml,CIK0001571996-submissions-001.json
2020-03-17,4,0001123292-20-000590,2020-03-15,xslF345X03/edgar.xml,CIK0001571996-submissions-001.json
2020-03-17,4,0001123292-20-000589,2020-03-15,xslF345X03/edgar.xml,CIK0001571996-submissions-001.json
2020-03-17,4,0001123292-20-000588,2020-03-15,xslF345X03/edgar.xml,CIK0001571996-submissions-001.json
2020-03-17,4,0001123292-20-000587,2020-03-15,xslF345X03/edgar.xml,CIK0001571996-submissions-001.json
2020-03-20,4,0001123292-20-000602,2020-03-18,xslF345X03/edgar.xml,CIK0001571996-submissions-001.json
2020-03-24,SC 13D/A,0001571996-20-000011,,sch13daamd18.htm,CIK0001571996-submissions-001.json
2020-03-26,8-K,0001571996-20-000015,2020-03-26,a8-kformarch262020.htm,CIK0001571996-submissions-001.json
2020-03-27,10-K,0001571996-20-000017,2020-01-31,delltechnologiesfy2010k.htm,CIK0001571996-submissions-001.json
2020-04-03,8-K,0001571996-20-000019,2020-04-03,a8-kfirstliennotes.htm,CIK0001571996-submissions-001.json
2020-04-06,4,0001123292-20-000652,2020-04-02,xslF345X03/edgar.xml,CIK0001571996-submissions-001.json
2020-04-08,3,0001123292-20-000659,2020-04-06,xslF345X02/edgar.xml,CIK0001571996-submissions-001.json
2020-04-08,8-K,0001571996-20-000021,2020-04-07,a8-kapril2020item502.htm,CIK0001571996-submissions-001.json
2020-04-09,8-K,0001193125-20-102602,2020-04-09,d912603d8k.htm,CIK0001571996-submissions-001.json
2020-05-19,DEF 14A,0001571996-20-000024,2020-06-29,proxystatementforfy13120.htm,CIK0001571996-submissions-001.json
2020-05-19,DEFA14A,0001571996-20-000025,,noticeforfy13120.htm,CIK0001571996-submissions-001.json
2020-05-26,4,0001123292-20-000791,2020-05-21,xslF345X03/edgar.xml,CIK0001571996-submissions-001.json
2020-05-26,4,0001123292-20-000790,2020-05-21,xslF345X03/edgar.xml,CIK0001571996-submissions-001.json
2020-05-28,4,0001123292-20-000805,2020-05-26,xslF345X03/edgar.xml,CIK0001571996-submissions-001.json
2020-05-28,4,0001123292-20-000804,2020-05-26,xslF345X03/edgar.xml,CIK0001571996-submissions-001.json
2020-05-28,8-K,0001571996-20-000028,2020-05-28,delltechnologiesq1fy21.htm,CIK0001571996-submissions-001.json
2020-05-29,SD,0001571996-20-000031,,delltechnologiesconflictmi.htm,CIK0001571996-submissions-001.json
2020-06-02,4,0001123292-20-000841,2020-05-29,xslF345X03/edgar.xml,CIK0001571996-submissions-001.json
2020-06-02,4,0001123292-20-000840,2020-05-29,xslF345X03/edgar.xml,CIK0001571996-submissions-001.json
2020-06-03,4,0001123292-20-000846,2020-06-01,xslF345X03/edgar.xml,CIK0001571996-submissions-001.json
2020-06-04,4,0001123292-20-000853,2020-06-02,xslF345X03/edgar.xml,CIK0001571996-submissions-001.json
2020-06-05,4,0001123292-20-000855,2020-06-03,xslF345X03/edgar.xml,CIK0001571996-submissions-001.json
2020-06-08,10-Q,0001571996-20-000034,2020-05-01,delltechnologiesq1fy21.htm,CIK0001571996-submissions-001.json
2020-06-09,4,0001123292-20-000861,2020-06-05,xslF345X03/edgar.xml,CIK0001571996-submissions-001.json
2020-06-09,4,0001123292-20-000860,2020-06-05,xslF345X03/edgar.xml,CIK0001571996-submissions-001.json
2020-06-10,4,0001123292-20-000863,2020-06-08,xslF345X03/edgar.xml,CIK0001571996-submissions-001.json
2020-06-23,4,0001123292-20-000918,2020-06-19,xslF345X03/edgar.xml,CIK0001571996-submissions-001.json
2020-07-02,4,0001123292-20-000958,2020-06-30,xslF345X03/edgar.xml,CIK0001571996-submissions-001.json
2020-07-02,8-K,0001571996-20-000037,2020-06-29,a8-k2020annualmeetingv.htm,CIK0001571996-submissions-001.json
2020-07-06,4,0001123292-20-000967,2020-07-01,xslF345X03/edgar.xml,CIK0001571996-submissions-001.json
2020-07-10,4,0001123292-20-000977,2020-07-08,xslF345X03/edgar.xml,CIK0001571996-submissions-001.json
2020-07-15,4,0001123292-20-000981,2020-07-13,xslF345X03/edgar.xml,CIK0001571996-submissions-001.json
2020-07-15,SC 13D/A,0001193125-20-193339,,d933815dsc13da.htm,CIK0001571996-submissions-001.json
2020-07-20,4,0001123292-20-000985,2020-07-16,xslF345X03/edgar.xml,CIK0001571996-submissions-001.json
2020-07-22,4,0001123292-20-000989,2020-07-20,xslF345X03/edgar.xml,CIK0001571996-submissions-001.json
2020-08-24,4,0001123292-20-001051,2020-08-20,xslF345X03/edgar.xml,CIK0001571996-submissions-001.json
2020-08-24,4,0001123292-20-001050,2020-08-20,xslF345X03/edgar.xml,CIK0001571996-submissions-001.json
2020-08-24,4,0001123292-20-001049,2020-08-20,xslF345X03/edgar.xml,CIK0001571996-submissions-001.json
2020-08-24,4,0001123292-20-001048,2020-08-20,xslF345X03/edgar.xml,CIK0001571996-submissions-001.json
2020-08-27,8-K,0001571996-20-000041,2020-08-27,dell-20200827.htm,CIK0001571996-submissions-001.json
2020-09-02,4,0001123292-20-001070,2020-08-31,xslF345X03/edgar.xml,CIK0001571996-submissions-001.json
2020-09-04,10-Q,0001571996-20-000045,2020-07-31,dell-20200731.htm,CIK0001571996-submissions-001.json
2020-09-04,4,0001123292-20-001072,2020-09-02,xslF345X03/edgar.xml,CIK0001571996-submissions-001.json
2020-09-09,4,0001123292-20-001078,2020-09-07,xslF345X03/edgar.xml,CIK0001571996-submissions-001.json
2020-09-09,4,0001123292-20-001077,2020-09-04,xslF345X03/edgar.xml,CIK0001571996-submissions-001.json
2020-09-14,4/A,0001123292-20-001083,2020-09-07,xslF345X03/edgar.xml,CIK0001571996-submissions-001.json
2020-09-29,4,0001123292-20-001114,2020-09-25,xslF345X03/edgar.xml,CIK0001571996-submissions-001.json
2020-09-29,4,0001123292-20-001113,2020-09-25,xslF345X03/edgar.xml,CIK0001571996-submissions-001.json
2020-09-29,4,0001123292-20-001112,2020-09-25,xslF345X03/edgar.xml,CIK0001571996-submissions-001.json
2020-09-29,4,0001123292-20-001111,2020-09-25,xslF345X03/edgar.xml,CIK0001571996-submissions-001.json
2020-09-29,4,0001123292-20-001110,2020-09-25,xslF345X03/edgar.xml,CIK0001571996-submissions-001.json
2020-10-02,4,0001123292-20-001119,2020-09-30,xslF345X03/edgar.xml,CIK0001571996-submissions-001.json
2020-10-08,4,0001123292-20-001129,2020-10-06,xslF345X03/edgar.xml,CIK0001571996-submissions-001.json
2020-10-09,4,0001123292-20-001131,2020-10-07,xslF345X03/edgar.xml,CIK0001571996-submissions-001.json
2020-10-16,4,0001123292-20-001138,2020-10-14,xslF345X03/edgar.xml,CIK0001571996-submissions-001.json
2020-10-27,4,0001123292-20-001144,2020-10-23,xslF345X03/edgar.xml,CIK0001571996-submissions-001.json
2020-10-28,4,0001123292-20-001147,2020-10-26,xslF345X03/edgar.xml,CIK0001571996-submissions-001.json
2020-11-12,4,0001123292-20-001173,2020-11-09,xslF345X03/edgar.xml,CIK0001571996-submissions-001.json
2020-11-12,4,0001123292-20-001172,2020-11-09,xslF345X03/edgar.xml,CIK0001571996-submissions-001.json
2020-11-13,4,0001123292-20-001181,2020-11-11,xslF345X03/edgar.xml,CIK0001571996-submissions-001.json
2020-11-13,4,0001123292-20-001180,2020-11-11,xslF345X03/edgar.xml,CIK0001571996-submissions-001.json
2020-11-17,4,0001123292-20-001191,2020-11-13,xslF345X03/edgar.xml,CIK0001571996-submissions-001.json
2020-11-17,4,0001123292-20-001190,2020-11-13,xslF345X03/edgar.xml,CIK0001571996-submissions-001.json
2020-11-19,4,0001123292-20-001193,2020-11-17,xslF345X03/edgar.xml,CIK0001571996-submissions-001.json
2020-11-23,4,0001123292-20-001195,2020-11-19,xslF345X03/edgar.xml,CIK0001571996-submissions-001.json
2020-11-24,4,0001123292-20-001205,2020-11-23,xslF345X03/edgar.xml,CIK0001571996-submissions-001.json
2020-11-24,8-K,0001571996-20-000048,2020-11-24,dell-20201124.htm,CIK0001571996-submissions-001.json
2020-12-07,10-Q,0001571996-20-000051,2020-10-30,dell-20201030.htm,CIK0001571996-submissions-001.json
2020-12-17,4,0001123292-20-001273,2020-12-15,xslF345X03/edgar.xml,CIK0001571996-submissions-001.json
2020-12-17,4,0001123292-20-001272,2020-12-15,xslF345X03/edgar.xml,CIK0001571996-submissions-001.json
2020-12-30,4,0001123292-20-001303,2020-12-28,xslF345X03/edgar.xml,CIK0001571996-submissions-001.json
2020-12-30,4,0001123292-20-001302,2020-12-28,xslF345X03/edgar.xml,CIK0001571996-submissions-001.json
2021-01-08,4,0001123292-21-000066,2021-01-06,xslF345X03/edgar.xml,CIK0001571996-submissions-001.json
2021-01-08,4,0001123292-21-000065,2021-01-06,xslF345X03/edgar.xml,CIK0001571996-submissions-001.json
2021-01-12,4,0001123292-21-000070,2021-01-08,xslF345X03/edgar.xml,CIK0001571996-submissions-001.json
2021-01-13,4,0001123292-21-000073,2021-01-11,xslF345X03/edgar.xml,CIK0001571996-submissions-001.json
2021-01-14,4,0001123292-21-000077,2021-01-12,xslF345X03/edgar.xml,CIK0001571996-submissions-001.json
2021-01-21,4,0001123292-21-000099,2021-01-19,xslF345X03/edgar.xml,CIK0001571996-submissions-001.json
2021-01-25,4,0001123292-21-000118,2021-01-21,xslF345X03/edgar.xml,CIK0001571996-submissions-001.json
2021-01-27,4,0001123292-21-000140,2021-01-25,xslF345X03/edgar.xml,CIK0001571996-submissions-001.json
2021-01-29,4,0001123292-21-000146,2021-01-27,xslF345X03/edgar.xml,CIK0001571996-submissions-001.json
2021-02-02,SC 13G,0000834237-21-007049,,us24703l2025_020221.txt,CIK0001571996-submissions-001.json
2021-02-04,4,0001123292-21-000187,2021-02-02,xslF345X03/edgar.xml,CIK0001571996-submissions-001.json
2021-02-09,4,0001123292-21-000206,2021-02-05,xslF345X03/edgar.xml,CIK0001571996-submissions-001.json
2021-02-10,SC 13G/A,0001104659-21-017898,,tv0684-delltechnologiesinccl.htm,CIK0001571996-submissions-001.json
2021-02-11,SC 13G/A,0001193125-21-038471,,d119033dsc13ga.htm,CIK0001571996-submissions-001.json
2021-02-12,SC 13G/A,0001193125-21-041814,,d115595dsc13ga.htm,CIK0001571996-submissions-001.json
2021-02-12,SC 13G/A,0001193125-21-041689,,d108864dsc13ga.htm,CIK0001571996-submissions-001.json
2021-02-16,SC 13G,0001193125-21-045173,,d77946dsc13g.htm,CIK0001571996-submissions-001.json
2021-02-16,SC 13G/A,0001422849-21-000045,,SEC13G_Filing.htm,CIK0001571996-submissions-001.json
2021-02-16,SC 13G/A,0000902664-21-001359,,p21-0560sc13ga.htm,CIK0001571996-submissions-001.json
2021-02-18,8-K,0001193125-21-047844,2021-02-18,d53251d8k.htm,CIK0001571996-submissions-001.json
2021-02-25,8-K,0001571996-21-000003,2021-02-25,dell-20210225.htm,CIK0001571996-submissions-001.json
2021-03-10,3,0001123292-21-000432,2021-03-01,xslF345X02/primary_doc.xml,CIK0001571996-submissions-001.json
2021-03-11,4,0001123292-21-000436,2021-03-01,xslF345X03/edgar.xml,CIK0001571996-submissions-001.json
2021-03-11,5,0001123292-21-000435,2021-01-29,xslF345X03/edgar.xml,CIK0001571996-submissions-001.json
2021-03-17,4,0001123292-21-000525,2021-03-15,xslF345X03/edgar.xml,CIK0001571996-submissions-001.json
2021-03-17,4,0001123292-21-000524,2021-03-15,xslF345X03/edgar.xml,CIK0001571996-submissions-001.json
2021-03-17,4,0001123292-21-000523,2021-03-15,xslF345X03/edgar.xml,CIK0001571996-submissions-001.json
2021-03-17,4,0001123292-21-000522,2021-03-15,xslF345X03/edgar.xml,CIK0001571996-submissions-001.json
2021-03-17,4,0001123292-21-000521,2021-03-15,xslF345X03/edgar.xml,CIK0001571996-submissions-001.json
2021-03-17,4,0001123292-21-000520,2021-03-15,xslF345X03/edgar.xml,CIK0001571996-submissions-001.json
2021-03-17,4,0001123292-21-000519,2021-03-15,xslF345X03/edgar.xml,CIK0001571996-submissions-001.json
2021-03-17,4,0001123292-21-000518,2021-03-15,xslF345X03/edgar.xml,CIK0001571996-submissions-001.json
2021-03-19,4,0001123292-21-000527,2021-03-17,xslF345X03/edgar.xml,CIK0001571996-submissions-001.json
2021-03-24,4,0001123292-21-000533,2021-03-22,xslF345X03/edgar.xml,CIK0001571996-submissions-001.json
2021-03-26,10-K,0001571996-21-000007,2021-01-29,dell-20210129.htm,CIK0001571996-submissions-001.json
2021-04-06,4,0001123292-21-000594,2021-04-02,xslF345X03/edgar.xml,CIK0001571996-submissions-001.json
2021-04-14,8-K,0001193125-21-116271,2021-04-14,d142017d8k.htm,CIK0001571996-submissions-001.json
2021-04-14,SC 13D/A,0001193125-21-116320,,d143335dsc13da.htm,CIK0001571996-submissions-001.json
2021-04-15,CORRESP,0001193125-21-117848,,filename1.htm,CIK0001571996-submissions-001.json
2021-04-15,S-4,0001193125-21-117831,,d131098ds4.htm,CIK0001571996-submissions-001.json
2021-04-20,UPLOAD,0000000000-21-004866,,filename1.pdf,CIK0001571996-submissions-001.json
2021-04-27,4/A,0001123292-21-000695,2020-06-08,xslF345X03/edgar.xml,CIK0001571996-submissions-001.json
2021-05-03,8-K,0001571996-21-000010,2021-05-01,dell-20210501.htm,CIK0001571996-submissions-001.json
2021-05-12,DEF 14A,0001571996-21-000014,2021-06-22,proxystatementforfy12921.htm,CIK0001571996-submissions-001.json
2021-05-12,DEFA14A,0001571996-21-000015,,noticeforfy12921.htm,CIK0001571996-submissions-001.json
2021-05-13,CORRESP,0001193125-21-159930,,filename1.htm,CIK0001571996-submissions-001.json
2021-05-13,S-4/A,0001193125-21-159925,,d131098ds4a.htm,CIK0001571996-submissions-001.json
2021-05-17,424B3,0001193125-21-163729,,d131098d424b3.htm,CIK0001571996-submissions-001.json
2021-05-17,EFFECT,9999999995-21-001972,,xslEFFECTX01/primary_doc.xml,CIK0001571996-submissions-001.json
2021-05-27,8-K,0001571996-21-000019,2021-05-27,dell-20210527.htm,CIK0001571996-submissions-001.json
2021-06-01,SD,0001571996-21-000021,,delltechnologiesconflictmi.htm,CIK0001571996-submissions-001.json
2021-06-03,4,0001123292-21-000938,2021-06-01,xslF345X03/edgar.xml,CIK0001571996-submissions-001.json
2021-06-03,4,0001123292-21-000937,2021-06-01,xslF345X03/edgar.xml,CIK0001571996-submissions-001.json
2021-06-03,4,0001123292-21-000936,2021-06-01,xslF345X03/edgar.xml,CIK0001571996-submissions-001.json
2021-06-07,10-Q,0001571996-21-000026,2021-04-30,dell-20210430.htm,CIK0001571996-submissions-001.json
2021-06-07,IRANNOTICE,0001571996-21-000027,,irannoticeq1fy22.htm,CIK0001571996-submissions-001.json
2021-06-14,4,0001123292-21-000976,2021-06-10,xslF345X03/edgar.xml,CIK0001571996-submissions-001.json
2021-06-16,8-K,0001571996-21-000029,2021-06-15,dell-20210615.htm,CIK0001571996-submissions-001.json
2021-06-22,4,0001123292-21-001015,2021-06-17,xslF345X03/edgar.xml,CIK0001571996-submissions-001.json
2021-06-22,4,0001123292-21-001014,2021-06-17,xslF345X03/edgar.xml,CIK0001571996-submissions-001.json
2021-06-24,8-K,0001571996-21-000031,2021-06-22,dell-20210622.htm,CIK0001571996-submissions-001.json
2021-06-24,8-K,0001193125-21-197644,2021-06-24,d150378d8k.htm,CIK0001571996-submissions-001.json
2021-06-28,4,0001123292-21-001040,2021-06-24,xslF345X03/edgar.xml,CIK0001571996-submissions-001.json
2021-06-28,4,0001123292-21-001039,2021-06-24,xslF345X03/edgar.xml,CIK0001571996-submissions-001.json
2021-06-30,4,0000899243-21-026842,2021-06-28,xslF345X03/doc4.xml,CIK0001571996-submissions-001.json
2021-06-30,4,0000899243-21-026840,2021-06-28,xslF345X03/doc4.xml,CIK0001571996-submissions-001.json
2021-07-01,4,0001123292-21-001071,2021-06-29,xslF345X03/edgar.xml,CIK0001571996-submissions-001.json
2021-07-01,4,0001123292-21-001070,2021-06-29,xslF345X03/edgar.xml,CIK0001571996-submissions-001.json
2021-07-01,8-K,0001571996-21-000034,2021-06-28,dell-20210628.htm,CIK0001571996-submissions-001.json
2021-07-01,SC 13D/A,0001193125-21-206425,,d138421dsc13da.htm,CIK0001571996-submissions-001.json
2021-07-02,4,0001123292-21-001081,2021-06-30,xslF345X03/edgar.xml,CIK0001571996-submissions-001.json
2021-07-06,4,0000899243-21-027633,2021-07-01,xslF345X03/doc4.xml,CIK0001571996-submissions-001.json
2021-07-06,4,0000899243-21-027632,2021-07-01,xslF345X03/doc4.xml,CIK0001571996-submissions-001.json
2021-07-09,4,0000899243-21-028005,2021-07-07,xslF345X03/doc4.xml,CIK0001571996-submissions-001.json
2021-07-09,4,0001123292-21-001125,2021-07-07,xslF345X03/edgar.xml,CIK0001571996-submissions-001.json
2021-07-13,4,0001123292-21-001138,2021-07-09,xslF345X03/edgar.xml,CIK0001571996-submissions-001.json
2021-07-28,4,0001123292-21-001151,2021-07-26,xslF345X03/edgar.xml,CIK0001571996-submissions-001.json
2021-08-18,3,0001123292-21-001219,2021-08-16,xslF345X02/edgar.xml,CIK0001571996-submissions-001.json
2021-08-18,3/A,0001123292-21-001223,2021-08-16,xslF345X02/edgar.xml,CIK0001571996-submissions-001.json
2021-08-18,4,0001123292-21-001220,2021-08-16,xslF345X03/edgar.xml,CIK0001571996-submissions-001.json
2021-08-24,4,0001123292-21-001241,2021-08-20,xslF345X03/edgar.xml,CIK0001571996-submissions-001.json
2021-08-24,4,0001123292-21-001240,2021-08-20,xslF345X03/edgar.xml,CIK0001571996-submissions-001.json
2021-08-24,4,0001123292-21-001239,2021-08-20,xslF345X03/edgar.xml,CIK0001571996-submissions-001.json
2021-08-26,8-K,0001571996-21-000037,2021-08-26,dell-20210826.htm,CIK0001571996-submissions-001.json
2021-09-03,10-Q,0001571996-21-000040,2021-07-30,dell-20210730.htm,CIK0001571996-submissions-001.json
2021-09-03,IRANNOTICE,0001571996-21-000042,,irannoticeq2fy22.htm,CIK0001571996-submissions-001.json
2021-09-07,4,0001123292-21-001275,2021-09-02,xslF345X03/edgar.xml,CIK0001571996-submissions-001.json
2021-09-09,4,0001123292-21-001281,2021-09-07,xslF345X03/edgar.xml,CIK0001571996-submissions-001.json
2021-09-09,4,0001123292-21-001280,2021-09-07,xslF345X03/edgar.xml,CIK0001571996-submissions-001.json
2021-09-14,4,0001123292-21-001285,2021-09-10,xslF345X03/edgar.xml,CIK0001571996-submissions-001.json
2021-09-20,8-K,0001193125-21-276810,2021-09-20,d204906d8k.htm,CIK0001571996-submissions-001.json
2021-09-23,8-K,0001193125-21-280190,2021-09-23,d224760d8k.htm,CIK0001571996-submissions-001.json
2021-09-27,4,0001123292-21-001301,2021-09-23,xslF345X03/edgar.xml,CIK0001571996-submissions-001.json
2021-09-27,8-K,0001571996-21-000045,2021-09-23,dell-20210923.htm,CIK0001571996-submissions-001.json
2021-09-30,8-K,0001571996-21-000047,2021-09-30,dell-20210930.htm,CIK0001571996-submissions-001.json
2021-10-04,3,0001123292-21-001334,2021-09-30,xslF345X02/edgar.xml,CIK0001571996-submissions-001.json
2021-10-04,4,0001123292-21-001338,2021-09-30,xslF345X03/edgar.xml,CIK0001571996-submissions-001.json
2021-10-04,4,0001123292-21-001337,2021-09-30,xslF345X03/edgar.xml,CIK0001571996-submissions-001.json
2021-10-04,4,0001123292-21-001336,2021-09-30,xslF345X03/edgar.xml,CIK0001571996-submissions-001.json
2021-10-04,4,0001123292-21-001335,2021-09-30,xslF345X03/edgar.xml,CIK0001571996-submissions-001.json
2021-10-04,4,0001123292-21-001333,2021-09-30,xslF345X03/edgar.xml,CIK0001571996-submissions-001.json
2021-10-06,4,0001123292-21-001350,2021-10-04,xslF345X03/edgar.xml,CIK0001571996-submissions-001.json
2021-10-07,8-K,0001193125-21-294210,2021-10-07,d81504d8k.htm,CIK0001571996-submissions-001.json
2021-10-19,8-K,0001571996-21-000050,2021-10-19,dell-20211019.htm,CIK0001571996-submissions-001.json
2021-10-21,4,0001123292-21-001380,2021-10-19,xslF345X03/edgar.xml,CIK0001571996-submissions-001.json
2021-10-21,8-K,0001193125-21-304052,2021-10-15,d181178d8k.htm,CIK0001571996-submissions-001.json
2021-11-01,8-K,0001193125-21-315488,2021-10-29,d146470d8k.htm,CIK0001571996-submissions-001.json
2021-11-01,8-K,0001571996-21-000052,2021-10-29,dell-20211029.htm,CIK0001571996-submissions-001.json
2021-11-02,4,0001123292-21-001417,2021-11-01,xslF345X03/edgar.xml,CIK0001571996-submissions-001.json
2021-11-02,SC 13D/A,0001193125-21-317144,,d253876dsc13da.htm,CIK0001571996-submissions-001.json
2021-11-05,8-K/A,0001571996-21-000057,2021-11-01,dell-20211101.htm,CIK0001571996-submissions-001.json
2021-11-23,8-K,0001571996-21-000060,2021-11-23,dell-20211123.htm,CIK0001571996-submissions-001.json
2021-12-03,10-Q,0001571996-21-000063,2021-10-29,dell-20211029.htm,CIK0001571996-submissions-001.json
2021-12-03,IRANNOTICE,0001571996-21-000065,,irannoticeq3fy22.htm,CIK0001571996-submissions-001.json
2021-12-06,4,0001062993-21-012257,2021-12-02,xslF345X03/form4.xml,CIK0001571996-submissions-001.json
2021-12-06,4,0001062993-21-012256,2021-12-02,xslF345X03/form4.xml,CIK0001571996-submissions-001.json
2021-12-07,4,0001062993-21-012354,2021-12-03,xslF345X03/form4.xml,CIK0001571996-submissions-001.json
2021-12-07,8-K,0001193125-21-349218,2021-12-06,d256684d8k.htm,CIK0001571996-submissions-001.json
2021-12-13,4,0001062993-21-012781,2021-12-09,xslF345X03/form4.xml,CIK0001571996-submissions-001.json
2021-12-15,8-K,0001193125-21-357927,2021-12-13,d146295d8k.htm,CIK0001571996-submissions-001.json
2021-12-17,4,0001062993-21-013172,2021-12-15,xslF345X03/form4.xml,CIK0001571996-submissions-001.json
2021-12-20,8-K,0001193125-21-362482,2021-12-20,d421776d8k.htm,CIK0001571996-submissions-001.json
2021-12-28,4,0001062993-21-013597,2021-12-26,xslF345X03/form4.xml,CIK0001571996-submissions-001.json
2022-01-10,4,0001062993-22-000880,2022-01-06,xslF345X03/form4.xml,CIK0001571996-submissions-001.json
2022-02-01,SC 13G/A,0000834237-22-003815,,us24703l2025_013122.txt,CIK0001571996-submissions-001.json
2022-02-09,SC 13G/A,0001104659-22-016961,,tv0721-delltechnologiesinccl.htm,CIK0001571996-submissions-001.json
2022-02-10,SC 13G/A,0001193125-22-034577,,d298194dsc13ga.htm,CIK0001571996-submissions-001.json
2022-02-10,SC 13G/A,0001193125-22-034568,,d300120dsc13ga.htm,CIK0001571996-submissions-001.json
2022-02-11,SC 13G/A,0001193125-22-036810,,d309907dsc13ga.htm,CIK0001571996-submissions-001.json
2022-02-14,SC 13G/A,0000902664-22-001733,,p22-0762sc13ga.htm,CIK0001571996-submissions-001.json
2022-02-14,SC 13G/A,0001193125-22-040893,,d282077dsc13ga.htm,CIK0001571996-submissions-001.json
2022-02-24,8-K,0001571996-22-000004,2022-02-24,dell-20220224.htm,CIK0001571996-submissions-001.json
2022-03-17,4,0001062993-22-008094,2022-03-15,xslF345X03/form4.xml,CIK0001571996-submissions-001.json
2022-03-17,4,0001062993-22-008093,2022-03-15,xslF345X03/form4.xml,CIK0001571996-submissions-001.json
2022-03-17,4,0001062993-22-008092,2022-03-15,xslF345X03/form4.xml,CIK0001571996-submissions-001.json
2022-03-17,4,0001062993-22-008091,2022-03-15,xslF345X03/form4.xml,CIK0001571996-submissions-001.json
2022-03-17,4,0001062993-22-008090,2022-03-15,xslF345X03/form4.xml,CIK0001571996-submissions-001.json
2022-03-17,4,0001062993-22-008089,2022-03-15,xslF345X03/form4.xml,CIK0001571996-submissions-001.json
2022-03-17,4,0001062993-22-008088,2022-03-15,xslF345X03/form4.xml,CIK0001571996-submissions-001.json
2022-03-17,4,0001062993-22-008087,2022-03-15,xslF345X03/form4.xml,CIK0001571996-submissions-001.json
2022-03-17,4,0001062993-22-008086,2022-03-15,xslF345X03/form4.xml,CIK0001571996-submissions-001.json
2022-03-24,10-K,0001571996-22-000009,2022-01-28,dell-20220128.htm,CIK0001571996-submissions-001.json
2022-03-24,IRANNOTICE,0001571996-22-000010,,irannoticeq4fy22.htm,CIK0001571996-submissions-001.json
2022-03-25,4,0001062993-22-008678,2022-03-24,xslF345X03/form4.xml,CIK0001571996-submissions-001.json
2022-03-28,4,0001062993-22-008746,2022-03-24,xslF345X03/form4.xml,CIK0001571996-submissions-001.json
2022-03-31,4,0001062993-22-009119,2022-03-29,xslF345X03/form4.xml,CIK0001571996-submissions-001.json
2022-04-11,4,0001062993-22-010056,2022-04-07,xslF345X03/form4.xml,CIK0001571996-submissions-001.json
2022-04-11,4,0001062993-22-010055,2022-04-07,xslF345X03/form4.xml,CIK0001571996-submissions-001.json
2022-05-06,PRE 14A,0001193125-22-143364,2022-06-27,d317892dpre14a.htm,CIK0001571996-submissions-001.json
2022-05-17,DEF 14A,0001193125-22-153003,2022-06-27,d317892ddef14a.htm,CIK0001571996-submissions-001.json
2022-05-17,DEFA14A,0001193125-22-153020,,d317892ddefa14a.htm,CIK0001571996-submissions-001.json
2022-05-26,8-K,0001571996-22-000013,2022-05-26,dell-20220526.htm,CIK0001571996-submissions-001.json
2022-05-31,SD,0001571996-22-000015,,delltechnologiesconflictmi.htm,CIK0001571996-submissions-001.json
2022-06-06,10-Q,0001571996-22-000021,2022-04-29,dell-20220429.htm,CIK0001571996-submissions-001.json
2022-06-06,IRANNOTICE,0001571996-22-000023,,irannoticeq1fy23.htm,CIK0001571996-submissions-001.json
2022-06-06,S-8,0001193125-22-168446,,d269026ds8.htm,CIK0001571996-submissions-001.json
2022-06-10,4,0001062993-22-014674,2022-06-08,xslF345X03/form4.xml,CIK0001571996-submissions-001.json
2022-06-29,8-K,0001571996-22-000025,2022-06-27,dell-20220627.htm,CIK0001571996-submissions-001.json
2022-07-18,8-K,0001193125-22-196334,2022-07-18,d360515d8k.htm,CIK0001571996-submissions-001.json
2022-08-18,4,0001062993-22-018386,2022-08-16,xslF345X03/form4.xml,CIK0001571996-submissions-001.json
2022-08-23,4,0001062993-22-018652,2022-08-20,xslF345X03/form4.xml,CIK0001571996-submissions-001.json
2022-08-23,4,0001062993-22-018651,2022-08-20,xslF345X03/form4.xml,CIK0001571996-submissions-001.json
2022-08-23,4,0001062993-22-018650,2022-08-20,xslF345X03/form4.xml,CIK0001571996-submissions-001.json
2022-08-23,4,0001062993-22-018648,2022-08-20,xslF345X03/form4.xml,CIK0001571996-submissions-001.json
2022-08-23,4,0001062993-22-018647,2022-08-20,xslF345X03/form4.xml,CIK0001571996-submissions-001.json
2022-08-25,8-K,0001571996-22-000028,2022-08-25,dell-20220825.htm,CIK0001571996-submissions-001.json
2022-09-01,10-Q,0001571996-22-000031,2022-07-29,dell-20220729.htm,CIK0001571996-submissions-001.json
2022-09-01,UPLOAD,0000000000-22-009544,,filename1.pdf,CIK0001571996-submissions-001.json
2022-09-12,CORRESP,0001571996-22-000033,,filename1.htm,CIK0001571996-submissions-001.json
2022-09-14,4,0001062993-22-019547,2022-09-12,xslF345X03/form4.xml,CIK0001571996-submissions-001.json
2022-09-22,4,0001062993-22-019879,2022-09-20,xslF345X03/form4.xml,CIK0001571996-submissions-001.json
2022-09-22,4,0001062993-22-019878,2022-09-20,xslF345X03/form4.xml,CIK0001571996-submissions-001.json
2022-09-22,4,0001062993-22-019877,2022-09-20,xslF345X03/form4.xml,CIK0001571996-submissions-001.json
2022-09-22,4,0001062993-22-019876,2022-09-20,xslF345X03/form4.xml,CIK0001571996-submissions-001.json
2022-09-22,4,0001062993-22-019875,2022-09-20,xslF345X03/form4.xml,CIK0001571996-submissions-001.json
2022-10-03,UPLOAD,0000000000-22-010871,,filename1.pdf,CIK0001571996-submissions-001.json
2022-11-16,8-K,0001571996-22-000038,2022-11-15,dell-20221115.htm,CIK0001571996-submissions-001.json
2022-11-21,8-K,0001571996-22-000041,2022-11-21,dell-20221121.htm,CIK0001571996-submissions-001.json
2022-12-05,10-Q,0001571996-22-000044,2022-10-28,dell-20221028.htm,CIK0001571996-submissions-001.json
2022-12-13,4,0001062993-22-023804,2022-12-09,xslF345X03/form4.xml,CIK0001571996-submissions-001.json
2022-12-16,4,0001062993-22-024023,2022-12-14,xslF345X03/form4.xml,CIK0001571996-submissions-001.json
2022-12-19,4,0001062993-22-024153,2022-12-15,xslF345X03/form4.xml,CIK0001571996-submissions-001.json
2023-01-09,424B3,0001193125-23-004236,,d446353d424b3.htm,CIK0001571996-submissions-001.json
2023-01-09,FWP,0001193125-23-004871,,d426523dfwp.htm,CIK0001571996-submissions-001.json
2023-01-09,S-3ASR,0001193125-23-004209,,d436748ds3asr.htm,CIK0001571996-submissions-001.json
2023-01-11,424B5,0001193125-23-006508,,d446353d424b5.htm,CIK0001571996-submissions-001.json
2023-01-11,8-K,0001193125-23-006528,2023-01-09,d449158d8k.htm,CIK0001571996-submissions-001.json
2023-01-24,8-K,0001193125-23-014260,2023-01-24,d453590d8k.htm,CIK0001571996-submissions-001.json
2023-01-24,S-8,0001193125-23-014299,,d437187ds8.htm,CIK0001571996-submissions-001.json
2023-02-06,8-K,0001193125-23-024781,2023-02-06,d459652d8k.htm,CIK0001571996-submissions-001.json
2023-02-07,SC 13G/A,0001306550-23-008256,,us24703l2025_020723.txt,CIK0001571996-submissions-001.json
2023-02-09,SC 13G/A,0001104659-23-015765,,tv0717-delltechnologiesinc.htm,CIK0001571996-submissions-001.json
2023-02-14,SC 13G/A,0001193125-23-038548,,d408684dsc13ga.htm,CIK0001571996-submissions-001.json
2023-03-02,8-K,0001571996-23-000002,2023-02-26,dell-20230226.htm,CIK0001571996-submissions-001.json
2023-03-16,144,0001959173-23-000257,,xsl144X01/primary_doc.xml,CIK0001571996-submissions-001.json
2023-03-17,4,0001062993-23-007195,2023-03-15,xslF345X03/form4.xml,CIK0001571996-submissions-001.json
2023-03-17,4,0001062993-23-007194,2023-03-15,xslF345X03/form4.xml,CIK0001571996-submissions-001.json
2023-03-17,4,0001062993-23-007193,2023-03-15,xslF345X03/form4.xml,CIK0001571996-submissions-001.json
2023-03-17,4,0001062993-23-007192,2023-03-15,xslF345X03/form4.xml,CIK0001571996-submissions-001.json
2023-03-17,4,0001062993-23-007191,2023-03-15,xslF345X03/form4.xml,CIK0001571996-submissions-001.json
2023-03-17,4,0001062993-23-007190,2023-03-15,xslF345X03/form4.xml,CIK0001571996-submissions-001.json
2023-03-17,4,0001062993-23-007189,2023-03-15,xslF345X03/form4.xml,CIK0001571996-submissions-001.json
2023-03-17,4,0001062993-23-007188,2023-03-15,xslF345X03/form4.xml,CIK0001571996-submissions-001.json
2023-03-17,4,0001062993-23-007187,2023-03-15,xslF345X03/form4.xml,CIK0001571996-submissions-001.json
2023-03-30,10-K,0001571996-23-000007,2023-02-03,dell-20230203.htm,CIK0001571996-submissions-001.json
2023-04-04,4,0001062993-23-008662,2023-03-31,xslF345X04/form4.xml,CIK0001571996-submissions-001.json
2023-04-17,144,0001959173-23-000598,,xsl144X01/primary_doc.xml,CIK0001571996-submissions-001.json
2023-04-18,144,0001959173-23-000618,,xsl144X01/primary_doc.xml,CIK0001571996-submissions-001.json
2023-04-19,4,0001062993-23-009372,2023-04-17,xslF345X04/form4.xml,CIK0001571996-submissions-001.json
2023-04-20,4,0001062993-23-009400,2023-04-18,xslF345X04/form4.xml,CIK0001571996-submissions-001.json
2023-05-10,ARS,0001193125-23-140759,2023-02-03,d628319dars.pdf,CIK0001571996-submissions-001.json
2023-05-10,DEF 14A,0001193125-23-140722,,d469221ddef14a.htm,CIK0001571996-submissions-001.json
2023-05-10,DEFA14A,0001193125-23-140748,,d469221ddefa14a.htm,CIK0001571996-submissions-001.json
2023-05-31,SD,0001571996-23-000010,,delltechnologiesconflictmi.htm,CIK0001571996-submissions-001.json
2023-06-01,8-K,0001571996-23-000014,2023-06-01,dell-20230601.htm,CIK0001571996-submissions-001.json
2023-06-05,144,0001949846-23-000118,,xsl144X01/primary_doc.xml,CIK0001571996-submissions-001.json
2023-06-05,144,0001949846-23-000117,,xsl144X01/primary_doc.xml,CIK0001571996-submissions-001.json
2023-06-12,10-Q,0001571996-23-000019,2023-05-05,dell-20230505.htm,CIK0001571996-submissions-001.json
2023-06-15,8-K,0001193125-23-167472,2023-06-15,d505540d8k.htm,CIK0001571996-submissions-001.json
2023-06-22,8-K,0001571996-23-000021,2023-06-20,dell-20230620.htm,CIK0001571996-submissions-001.json
2023-06-23,S-8,0001193125-23-173834,,d477198ds8.htm,CIK0001571996-submissions-001.json
2023-06-23,S-8 POS,0001193125-23-173825,,d522327ds8pos.htm,CIK0001571996-submissions-001.json
2023-06-29,144,0001959173-23-002149,,xsl144X01/primary_doc.xml,CIK0001571996-submissions-001.json
2023-06-30,144,0001959173-23-002163,,xsl144X01/primary_doc.xml,CIK0001571996-submissions-001.json
2023-06-30,8-K,0001193125-23-180570,2023-06-29,d475980d8k.htm,CIK0001571996-submissions-001.json
2023-07-07,SC 13G/A,0001306550-23-009618,,us24703l2025_070723.txt,CIK0001571996-submissions-001.json
2023-07-11,144,0000950170-23-032595,,xsl144X01/primary_doc.xml,CIK0001571996-submissions-001.json
2023-07-11,144,0000950170-23-032593,,xsl144X01/primary_doc.xml,CIK0001571996-submissions-001.json
2023-07-11,144,0000950170-23-032592,,xsl144X01/primary_doc.xml,CIK0001571996-submissions-001.json
2023-07-11,144,0000950170-23-032590,,xsl144X01/primary_doc.xml,CIK0001571996-submissions-001.json
2023-07-11,144,0000950170-23-032589,,xsl144X01/primary_doc.xml,CIK0001571996-submissions-001.json
2023-07-11,144,0001959173-23-002357,,xsl144X01/primary_doc.xml,CIK0001571996-submissions-001.json
2023-07-11,144,0001959173-23-002332,,xsl144X01/primary_doc.xml,CIK0001571996-submissions-001.json
2023-07-12,144,0000950170-23-032744,,xsl144X01/primary_doc.xml,CIK0001571996-submissions-001.json
2023-07-12,144,0000950170-23-032743,,xsl144X01/primary_doc.xml,CIK0001571996-submissions-001.json
2023-07-12,144,0000950170-23-032742,,xsl144X01/primary_doc.xml,CIK0001571996-submissions-001.json
2023-07-12,144,0000950170-23-032738,,xsl144X01/primary_doc.xml,CIK0001571996-submissions-001.json
2023-07-12,144,0000950170-23-032736,,xsl144X01/primary_doc.xml,CIK0001571996-submissions-001.json
2023-07-13,144,0001959173-23-002414,,xsl144X01/primary_doc.xml,CIK0001571996-submissions-001.json
2023-07-13,4,0000899243-23-017392,2023-07-11,xslF345X04/doc4.xml,CIK0001571996-submissions-001.json
2023-07-13,4,0000899243-23-017390,2023-07-11,xslF345X04/doc4.xml,CIK0001571996-submissions-001.json
2023-07-13,8-K,0001193125-23-186639,2023-07-11,d533731d8k.htm,CIK0001571996-submissions-001.json
2023-07-13,SC 13D/A,0001193125-23-186621,,d520631dsc13da.htm,CIK0001571996-submissions-001.json
2023-07-17,4,0001062993-23-014944,2023-07-13,xslF345X05/form4.xml,CIK0001571996-submissions-001.json
2023-07-28,8-K,0001571996-23-000024,2023-07-27,dell-20230727.htm,CIK0001571996-submissions-001.json
2023-08-08,144,0001959173-23-003017,,xsl144X01/primary_doc.xml,CIK0001571996-submissions-001.json
2023-08-09,3,0001062993-23-016089,2023-08-05,xslF345X02/form3.xml,CIK0001571996-submissions-001.json
2023-08-09,4,0001062993-23-016091,2023-08-08,xslF345X05/form4.xml,CIK0001571996-submissions-001.json
2023-08-09,8-K/A,0001571996-23-000026,2023-02-26,dell-20230226.htm,CIK0001571996-submissions-001.json
2023-08-15,CORRESP,0001193125-23-213463,,filename1.htm,CIK0001571996-submissions-001.json
2023-08-15,S-4,0001193125-23-213450,,d539073ds4.htm,CIK0001571996-submissions-001.json
2023-08-17,144,0001959173-23-003327,,xsl144X01/primary_doc.xml,CIK0001571996-submissions-001.json
2023-08-18,4,0001062993-23-016867,2023-08-16,xslF345X05/form4.xml,CIK0001571996-submissions-001.json
2023-08-23,4,0001062993-23-017031,2023-08-21,xslF345X05/form4.xml,CIK0001571996-submissions-001.json
2023-08-23,4,0001062993-23-017030,2023-08-21,xslF345X05/form4.xml,CIK0001571996-submissions-001.json
2023-08-23,4,0001062993-23-017029,2023-08-21,xslF345X05/form4.xml,CIK0001571996-submissions-001.json
2023-08-23,4,0001062993-23-017028,2023-08-21,xslF345X05/form4.xml,CIK0001571996-submissions-001.json
2023-08-23,4,0001062993-23-017027,2023-08-21,xslF345X05/form4.xml,CIK0001571996-submissions-001.json
2023-08-23,4,0001062993-23-017026,2023-08-21,xslF345X05/form4.xml,CIK0001571996-submissions-001.json
2023-08-23,UPLOAD,0000000000-23-009271,,filename1.pdf,CIK0001571996-submissions-001.json
2023-08-25,CORRESP,0001193125-23-220769,,filename1.htm,CIK0001571996-submissions-001.json
2023-08-29,424B3,0001193125-23-223895,,d539073d424b3.htm,CIK0001571996-submissions-001.json
2023-08-29,EFFECT,9999999995-23-002522,,xslEFFECTX01/primary_doc.xml,CIK0001571996-submissions-001.json
2023-08-31,8-K,0001571996-23-000029,2023-08-31,dell-20230831.htm,CIK0001571996-submissions-001.json
2023-09-01,424B3,0001193125-23-226824,,d547357d424b3.htm,CIK0001571996-submissions-001.json
2023-09-06,144,0001959173-23-003763,,xsl144X01/primary_doc.xml,CIK0001571996-submissions-001.json
2023-09-08,4,0001062993-23-017869,2023-09-06,xslF345X05/form4.xml,CIK0001571996-submissions-001.json
2023-09-12,10-Q,0001571996-23-000032,2023-08-04,dell-20230804.htm,CIK0001571996-submissions-001.json
2023-09-26,8-K,0001571996-23-000034,2023-09-20,dell-20230920.htm,CIK0001571996-submissions-001.json
2023-10-02,3,0001062993-23-018690,2023-09-27,xslF345X02/form3.xml,CIK0001571996-submissions-001.json
2023-10-02,4,0001062993-23-018710,2023-09-28,xslF345X05/form4.xml,CIK0001571996-submissions-001.json
2023-10-02,4,0001062993-23-018708,2023-09-28,xslF345X05/form4.xml,CIK0001571996-submissions-001.json
2023-10-02,4,0001062993-23-018707,2023-09-28,xslF345X05/form4.xml,CIK0001571996-submissions-001.json
2023-10-02,4,0001062993-23-018706,2023-09-28,xslF345X05/form4.xml,CIK0001571996-submissions-001.json
2023-10-02,4,0001062993-23-018705,2023-09-28,xslF345X05/form4.xml,CIK0001571996-submissions-001.json
2023-10-02,4,0001062993-23-018703,2023-09-28,xslF345X05/form4.xml,CIK0001571996-submissions-001.json
2023-10-02,8-K/A,0001571996-23-000036,2023-09-20,dell-20230920.htm,CIK0001571996-submissions-001.json
2023-10-05,8-K,0001193125-23-251131,2023-10-05,d541426d8k.htm,CIK0001571996-submissions-001.json
2023-10-17,4,0001062993-23-019462,2023-10-13,xslF345X05/form4.xml,CIK0001571996-submissions-001.json
2023-10-19,4,0001062993-23-019567,2023-10-18,xslF345X05/form4.xml,CIK0001571996-submissions-001.json
2023-11-30,8-K,0001571996-23-000039,2023-11-30,dell-20231130.htm,CIK0001571996-submissions-001.json
2023-12-04,8-K,0001193125-23-288428,2023-12-04,d56618d8k.htm,CIK0001571996-submissions-001.json
2023-12-05,4,0001062993-23-021863,2023-12-01,xslF345X05/form4.xml,CIK0001571996-submissions-001.json
2023-12-05,4,0001062993-23-021862,2023-12-01,xslF345X05/form4.xml,CIK0001571996-submissions-001.json
2023-12-05,8-K,0001571996-23-000042,2023-12-01,dell-20231201.htm,CIK0001571996-submissions-001.json
2023-12-07,4,0001062993-23-022095,2023-12-05,xslF345X05/form4.xml,CIK0001571996-submissions-001.json
2023-12-07,4,0000899243-23-020568,2023-12-05,xslF345X05/doc4.xml,CIK0001571996-submissions-001.json
2023-12-08,10-Q,0001571996-23-000046,2023-11-03,dell-20231103.htm,CIK0001571996-submissions-001.json
2023-12-12,4,0001062993-23-022432,2023-12-08,xslF345X05/form4.xml,CIK0001571996-submissions-001.json
2023-12-15,4,0001062993-23-022696,2023-12-13,xslF345X05/form4.xml,CIK0001571996-submissions-001.json
2023-12-18,8-K,0001193125-23-297664,2023-12-15,d625155d8k.htm,CIK0001571996-submissions-001.json
2023-12-19,4,0001062993-23-022850,2023-12-15,xslF345X05/form4.xml,CIK0001571996-submissions-001.json
2023-12-21,4,0001062993-23-023019,2023-12-18,xslF345X05/form4.xml,CIK0001571996-submissions-001.json
2023-12-21,4,0001062993-23-023018,2023-12-19,xslF345X05/form4.xml,CIK0001571996-submissions-001.json
2023-12-27,144,0001958244-23-002855,,xsl144X01/primary_doc.xml,CIK0001571996-submissions-001.json
2023-12-29,4,0000899243-23-020702,2023-12-28,xslF345X05/doc4.xml,CIK0001571996-submissions-001.json
2024-01-12,144,0000950170-24-004366,,xsl144X01/primary_doc.xml,CIK0001571996-submissions-001.json
2024-01-12,144,0000950170-24-004365,,xsl144X01/primary_doc.xml,CIK0001571996-submissions-001.json
2024-01-12,144,0000950170-24-004364,,xsl144X01/primary_doc.xml,CIK0001571996-submissions-001.json
2024-01-12,144,0000950170-24-004363,,xsl144X01/primary_doc.xml,CIK0001571996-submissions-001.json
2024-01-12,144,0000950170-24-004362,,xsl144X01/primary_doc.xml,CIK0001571996-submissions-001.json
2024-01-16,144,0000950170-24-004804,,xsl144X01/primary_doc.xml,CIK0001571996-submissions-001.json
2024-01-16,144,0000950170-24-004803,,xsl144X01/primary_doc.xml,CIK0001571996-submissions-001.json
2024-01-16,144,0000950170-24-004799,,xsl144X01/primary_doc.xml,CIK0001571996-submissions-001.json
2024-01-16,144,0000950170-24-004798,,xsl144X01/primary_doc.xml,CIK0001571996-submissions-001.json
2024-01-16,144,0000950170-24-004795,,xsl144X01/primary_doc.xml,CIK0001571996-submissions-001.json
2024-01-17,144,0000950170-24-005084,,xsl144X01/primary_doc.xml,CIK0001571996-submissions-001.json
2024-01-17,144,0000950170-24-005083,,xsl144X01/primary_doc.xml,CIK0001571996-submissions-001.json
2024-01-17,144,0000950170-24-005082,,xsl144X01/primary_doc.xml,CIK0001571996-submissions-001.json
2024-01-17,4,0000899243-24-000088,2024-01-12,xslF345X05/doc4.xml,CIK0001571996-submissions-001.json
2024-01-17,4,0000899243-24-000087,2024-01-12,xslF345X05/doc4.xml,CIK0001571996-submissions-001.json
2024-01-18,8-K,0001571996-24-000002,2024-01-16,dell-20240116.htm,CIK0001571996-submissions-001.json
2024-01-18,SC 13D/A,0001193125-24-009705,,d714986dsc13da.htm,CIK0001571996-submissions-001.json
2024-01-30,8-K,0001571996-24-000004,2024-01-25,dell-20240125.htm,CIK0001571996-submissions-001.json
2024-02-13,SC 13G/A,0001123292-24-000044,,delltech13g.htm,recent
2024-02-13,SC 13G/A,0001123292-24-000043,,delltech13g.htm,recent
2024-02-13,SC 13G/A,0001104659-24-020741,,tv0741-delltechnologiesinccl.htm,recent
2024-02-13,SC 13G/A,0001193125-24-033393,,d758886dsc13ga.htm,recent
2024-02-29,8-K,0001571996-24-000008,2024-02-29,dell-20240229.htm,recent
2024-03-04,144,0000950170-24-025222,,xsl144X01/primary_doc.xml,recent
2024-03-04,144,0000950170-24-025220,,xsl144X01/primary_doc.xml,recent
2024-03-04,144,0000950170-24-025219,,xsl144X01/primary_doc.xml,recent
2024-03-04,144,0000950170-24-025218,,xsl144X01/primary_doc.xml,recent
2024-03-04,144,0000950170-24-025215,,xsl144X01/primary_doc.xml,recent
2024-03-04,424B3,0001193125-24-056961,,d792053d424b3.htm,recent
2024-03-05,4,0000950170-24-026809,2024-03-04,xslF345X05/ownership.xml,recent
2024-03-05,4,0000950170-24-026804,2024-03-04,xslF345X05/ownership.xml,recent
2024-03-05,4,0000950170-24-026801,2024-03-03,xslF345X05/ownership.xml,recent
2024-03-05,4,0000950170-24-026800,2024-03-03,xslF345X05/ownership.xml,recent
2024-03-05,FWP,0001193125-24-058240,,d754877dfwp.htm,recent
2024-03-06,144,0001958244-24-001088,,xsl144X01/primary_doc.xml,recent
2024-03-06,144,0001959173-24-001988,,xsl144X01/primary_doc.xml,recent
2024-03-06,424B5,0001193125-24-060764,,d792053d424b5.htm,recent
2024-03-06,8-K,0001193125-24-059631,2024-03-04,d794419d8k.htm,recent
2024-03-06,SC 13D/A,0001193125-24-059984,,d796508dsc13da.htm,recent
2024-03-07,4,0001062993-24-005880,2024-03-05,xslF345X05/form4.xml,recent
2024-03-07,8-K,0001571996-24-000012,2024-03-03,dell-20240303.htm,recent
2024-03-08,4,0001062993-24-006080,2024-03-06,xslF345X05/form4.xml,recent
2024-03-08,4,0001571996-24-000013,2024-03-06,xslF345X05/wk-form4_1709932183.xml,recent
2024-03-13,144,0000950170-24-031060,,xsl144X01/primary_doc.xml,recent
2024-03-13,144,0000950170-24-031058,,xsl144X01/primary_doc.xml,recent
2024-03-13,144,0000950170-24-031057,,xsl144X01/primary_doc.xml,recent
2024-03-13,144,0000950170-24-031056,,xsl144X01/primary_doc.xml,recent
2024-03-13,144,0000950170-24-031055,,xsl144X01/primary_doc.xml,recent
2024-03-13,4,0001062993-24-006346,2024-03-11,xslF345X05/form4.xml,recent
2024-03-14,144,0000950170-24-031773,,xsl144X01/primary_doc.xml,recent
2024-03-14,144,0000950170-24-031767,,xsl144X01/primary_doc.xml,recent
2024-03-14,144,0000950170-24-031766,,xsl144X01/primary_doc.xml,recent
2024-03-14,144,0000950170-24-031765,,xsl144X01/primary_doc.xml,recent
2024-03-14,144,0000950170-24-031760,,xsl144X01/primary_doc.xml,recent
2024-03-15,144,0000950170-24-032388,,xsl144X01/primary_doc.xml,recent
2024-03-15,144,0000950170-24-032387,,xsl144X01/primary_doc.xml,recent
2024-03-15,144,0000950170-24-032386,,xsl144X01/primary_doc.xml,recent
2024-03-15,144,0000950170-24-032385,,xsl144X01/primary_doc.xml,recent
2024-03-15,144,0000950170-24-032384,,xsl144X01/primary_doc.xml,recent
2024-03-15,4,0000899243-24-000198,2024-03-13,xslF345X05/doc4.xml,recent
2024-03-15,4,0000899243-24-000197,2024-03-13,xslF345X05/doc4.xml,recent
2024-03-18,144,0000950170-24-033068,,xsl144X01/primary_doc.xml,recent
2024-03-18,144,0000950170-24-033065,,xsl144X01/primary_doc.xml,recent
2024-03-18,144,0000950170-24-033064,,xsl144X01/primary_doc.xml,recent
2024-03-18,144,0000950170-24-033062,,xsl144X01/primary_doc.xml,recent
2024-03-18,144,0000950170-24-033056,,xsl144X01/primary_doc.xml,recent
2024-03-18,4,0001062993-24-006687,2024-03-14,xslF345X05/form4.xml,recent
2024-03-18,4,0000899243-24-000206,2024-03-15,xslF345X05/doc4.xml,recent
2024-03-18,4,0000899243-24-000205,2024-03-15,xslF345X05/doc4.xml,recent
2024-03-18,8-K,0001193125-24-070193,2024-03-18,d772920d8k.htm,recent
2024-03-19,144,0000950170-24-033839,,xsl144X01/primary_doc.xml,recent
2024-03-19,144,0000950170-24-033832,,xsl144X01/primary_doc.xml,recent
2024-03-19,144,0000950170-24-033828,,xsl144X01/primary_doc.xml,recent
2024-03-19,144,0000950170-24-033819,,xsl144X01/primary_doc.xml,recent
2024-03-19,144,0000950170-24-033807,,xsl144X01/primary_doc.xml,recent
2024-03-19,4,0001571996-24-000027,2024-03-15,xslF345X05/wk-form4_1710880308.xml,recent
2024-03-19,4,0001571996-24-000026,2024-03-15,xslF345X05/wk-form4_1710880151.xml,recent
2024-03-19,4,0001571996-24-000025,2024-03-15,xslF345X05/wk-form4_1710879992.xml,recent
2024-03-19,4,0001571996-24-000024,2024-03-15,xslF345X05/wk-form4_1710879754.xml,recent
2024-03-19,4,0001571996-24-000023,2024-03-15,xslF345X05/wk-form4_1710879614.xml,recent
2024-03-19,4,0001571996-24-000022,2024-03-15,xslF345X05/wk-form4_1710879457.xml,recent
2024-03-19,4,0001571996-24-000021,2024-03-15,xslF345X05/wk-form4_1710879306.xml,recent
2024-03-20,144,0000950170-24-034375,,xsl144X01/primary_doc.xml,recent
2024-03-20,144,0000950170-24-034371,,xsl144X01/primary_doc.xml,recent
2024-03-20,144,0000950170-24-034370,,xsl144X01/primary_doc.xml,recent
2024-03-20,144,0000950170-24-034369,,xsl144X01/primary_doc.xml,recent
2024-03-20,144,0000950170-24-034368,,xsl144X01/primary_doc.xml,recent
2024-03-20,4,0000899243-24-000221,2024-03-19,xslF345X05/doc4.xml,recent
2024-03-20,4,0000899243-24-000220,2024-03-19,xslF345X05/doc4.xml,recent
2024-03-20,4,0000899243-24-000217,2024-03-18,xslF345X05/doc4.xml,recent
2024-03-20,4,0000899243-24-000216,2024-03-18,xslF345X05/doc4.xml,recent
2024-03-21,144,0000950170-24-034956,,xsl144X01/primary_doc.xml,recent
2024-03-21,144,0000950170-24-034955,,xsl144X01/primary_doc.xml,recent
2024-03-21,144,0000950170-24-034953,,xsl144X01/primary_doc.xml,recent
2024-03-21,144,0000950170-24-034952,,xsl144X01/primary_doc.xml,recent
2024-03-21,144,0000950170-24-034950,,xsl144X01/primary_doc.xml,recent
2024-03-21,144,0000950170-24-034948,,xsl144X01/primary_doc.xml,recent
2024-03-21,144,0000950170-24-034942,,xsl144X01/primary_doc.xml,recent
2024-03-21,144,0000950170-24-034940,,xsl144X01/primary_doc.xml,recent
2024-03-21,144,0000950170-24-034938,,xsl144X01/primary_doc.xml,recent
2024-03-21,144,0000950170-24-034937,,xsl144X01/primary_doc.xml,recent
2024-03-21,144,0001958244-24-001138,,xsl144X01/primary_doc.xml,recent
2024-03-21,4,0001062993-24-006932,2024-03-19,xslF345X05/form4.xml,recent
2024-03-22,4,0000899243-24-000236,2024-03-22,xslF345X05/doc4.xml,recent
2024-03-22,4,0000899243-24-000234,2024-03-22,xslF345X05/doc4.xml,recent
2024-03-22,4,0000899243-24-000232,2024-03-20,xslF345X05/doc4.xml,recent
2024-03-22,4,0000899243-24-000230,2024-03-20,xslF345X05/doc4.xml,recent
2024-03-22,SC 13D/A,0001193125-24-075561,,d812106dsc13da.htm,recent
2024-03-25,10-K,0001571996-24-000036,2024-02-02,dell-20240202.htm,recent
2024-03-26,8-K,0001571996-24-000038,2024-03-20,dell-20240320.htm,recent
2024-04-02,3,0001571996-24-000042,2024-03-30,xslF345X02/wk-form3_1712089910.xml,recent
2024-04-02,4,0001571996-24-000043,2024-03-30,xslF345X05/wk-form4_1712090171.xml,recent
2024-04-03,144,0001959173-24-002801,,xsl144X01/primary_doc.xml,recent
2024-04-04,144,0000950170-24-041990,,xsl144X01/primary_doc.xml,recent
2024-04-04,144,0000950170-24-041987,,xsl144X01/primary_doc.xml,recent
2024-04-04,144,0000950170-24-041984,,xsl144X01/primary_doc.xml,recent
2024-04-04,144,0000950170-24-041982,,xsl144X01/primary_doc.xml,recent
2024-04-04,144,0000950170-24-041980,,xsl144X01/primary_doc.xml,recent
2024-04-05,4,0000899243-24-000261,2024-04-04,xslF345X05/doc4.xml,recent
2024-04-05,4,0000899243-24-000259,2024-04-04,xslF345X05/doc4.xml,recent
2024-04-05,4,0000899243-24-000257,2024-04-04,xslF345X05/doc4.xml,recent
2024-04-05,4,0000899243-24-000255,2024-04-04,xslF345X05/doc4.xml,recent
2024-04-05,4,0001571996-24-000046,2024-04-03,xslF345X05/wk-form4_1712347855.xml,recent
2024-04-08,144,0001958244-24-001662,,xsl144X01/primary_doc.xml,recent
2024-04-08,144,0001959173-24-002862,,xsl144X01/primary_doc.xml,recent
2024-04-09,4,0001062993-24-008199,2024-04-05,xslF345X05/form4.xml,recent
2024-04-10,4,0001062993-24-008274,2024-04-08,xslF345X05/form4.xml,recent
2024-04-10,4,0000950170-24-043386,2024-04-08,xslF345X05/ownership.xml,recent
2024-04-10,4,0000950170-24-043383,2024-04-08,xslF345X05/ownership.xml,recent
2024-05-17,ARS,0001193125-24-141749,2024-02-02,d385480dars.pdf,recent
2024-05-17,DEF 14A,0001193125-24-141729,2024-06-27,d645928ddef14a.htm,recent
2024-05-17,DEFA14A,0001193125-24-141737,,d645928ddefa14a.htm,recent
2024-05-22,PX14A6G,0001214659-24-009775,,g522242px14a6g.htm,recent
2024-05-30,8-K,0001571996-24-000050,2024-05-30,dell-20240530.htm,recent
2024-05-31,SD,0001571996-24-000051,,delltechnologiesconflictmi.htm,recent
2024-06-03,144,0000950170-24-068262,,xsl144X01/primary_doc.xml,recent
2024-06-03,144,0000950170-24-068261,,xsl144X01/primary_doc.xml,recent
2024-06-03,144,0000950170-24-068259,,xsl144X01/primary_doc.xml,recent
2024-06-03,144,0000950170-24-068258,,xsl144X01/primary_doc.xml,recent
2024-06-03,144,0000950170-24-068257,,xsl144X01/primary_doc.xml,recent
2024-06-05,4,0000950170-24-069079,2024-06-03,xslF345X05/ownership.xml,recent
2024-06-05,4,0000899243-24-000294,2024-06-03,xslF345X05/doc4.xml,recent
2024-06-05,4,0000950170-24-069078,2024-06-03,xslF345X05/ownership.xml,recent
2024-06-05,4,0000899243-24-000293,2024-06-03,xslF345X05/doc4.xml,recent
2024-06-05,SC 13D/A,0001193125-24-154716,,d838644dsc13da.htm,recent
2024-06-06,144,0001958244-24-002780,,xsl144X01/primary_doc.xml,recent
2024-06-10,4,0001062993-24-012328,2024-06-06,xslF345X05/form4.xml,recent
2024-06-10,8-K,0001571996-24-000059,2024-06-04,dell-20240604.htm,recent
2024-06-11,10-Q,0001571996-24-000062,2024-05-03,dell-20240503.htm,recent
2024-06-13,4,0001062993-24-012605,2024-06-11,xslF345X05/form4.xml,recent
2024-06-14,144,0001971857-24-000402,,xsl144X01/primary_doc.xml,recent
2024-06-17,144,0000950170-24-074500,,xsl144X01/primary_doc.xml,recent
2024-06-17,144,0001959173-24-004492,,xsl144X01/primary_doc.xml,recent
2024-06-17,4,0001571996-24-000065,2024-06-13,xslF345X05/wk-form4_1718655014.xml,recent
2024-06-17,4,0000950170-24-074024,2024-06-14,xslF345X05/ownership.xml,recent
2024-06-18,144,0000950170-24-075150,,xsl144X01/primary_doc.xml,recent
2024-06-18,144,0000950170-24-075147,,xsl144X01/primary_doc.xml,recent
2024-06-18,144,0000950170-24-075145,,xsl144X01/primary_doc.xml,recent
2024-06-18,144,0000950170-24-075144,,xsl144X01/primary_doc.xml,recent
2024-06-18,144,0000950170-24-075142,,xsl144X01/primary_doc.xml,recent
2024-06-18,144,0001959173-24-004507,,xsl144X01/primary_doc.xml,recent
2024-06-18,4,0001571996-24-000068,2024-06-15,xslF345X05/wk-form4_1718741405.xml,recent
2024-06-20,144,0000950170-24-075786,,xsl144X01/primary_doc.xml,recent
2024-06-20,144,0000950170-24-075785,,xsl144X01/primary_doc.xml,recent
2024-06-20,144,0000950170-24-075783,,xsl144X01/primary_doc.xml,recent
2024-06-20,144,0000950170-24-075780,,xsl144X01/primary_doc.xml,recent
2024-06-20,144,0000950170-24-075779,,xsl144X01/primary_doc.xml,recent
2024-06-20,4,0000950170-24-075640,2024-06-20,xslF345X05/ownership.xml,recent
2024-06-20,4,0000950170-24-075638,2024-06-20,xslF345X05/ownership.xml,recent
2024-06-20,4,0000950170-24-075624,2024-06-17,xslF345X05/ownership.xml,recent
2024-06-20,4,0000950170-24-075611,2024-06-17,xslF345X05/ownership.xml,recent
2024-06-20,4,0001571996-24-000071,2024-06-17,xslF345X05/wk-form4_1718914178.xml,recent
2024-06-24,4,0000950170-24-076960,2024-06-20,xslF345X05/ownership.xml,recent
2024-06-24,4,0000950170-24-076959,2024-06-20,xslF345X05/ownership.xml,recent
2024-06-24,4,0000950170-24-076958,2024-06-20,xslF345X05/ownership.xml,recent
2024-06-24,4,0000950170-24-076957,2024-06-20,xslF345X05/ownership.xml,recent
2024-06-24,4,0000950170-24-076956,2024-06-20,xslF345X05/ownership.xml,recent
2024-06-24,4,0000950170-24-076952,2024-06-20,xslF345X05/ownership.xml,recent
2024-07-02,8-K,0001571996-24-000074,2024-06-27,dell-20240627.htm,recent
2024-07-03,144,0000950170-24-081707,,xsl144X01/primary_doc.xml,recent
2024-07-03,144,0000950170-24-081704,,xsl144X01/primary_doc.xml,recent
2024-07-03,144,0000950170-24-081698,,xsl144X01/primary_doc.xml,recent
2024-07-03,144,0000950170-24-081697,,xsl144X01/primary_doc.xml,recent
2024-07-03,144,0000950170-24-081696,,xsl144X01/primary_doc.xml,recent
2024-07-08,144,0000950170-24-082267,,xsl144X01/primary_doc.xml,recent
2024-07-08,144,0000950170-24-082266,,xsl144X01/primary_doc.xml,recent
2024-07-08,144,0000950170-24-082265,,xsl144X01/primary_doc.xml,recent
2024-07-08,144,0000950170-24-082264,,xsl144X01/primary_doc.xml,recent
2024-07-08,144,0000950170-24-082263,,xsl144X01/primary_doc.xml,recent
2024-07-08,4,0000950170-24-082158,2024-07-03,xslF345X05/ownership.xml,recent
2024-07-08,4,0000950170-24-082157,2024-07-03,xslF345X05/ownership.xml,recent
2024-07-08,4,0000950170-24-082156,2024-07-03,xslF345X05/ownership.xml,recent
2024-07-08,4,0000950170-24-082153,2024-07-03,xslF345X05/ownership.xml,recent
2024-07-09,144,0000950170-24-082546,,xsl144X01/primary_doc.xml,recent
2024-07-09,144,0000950170-24-082544,,xsl144X01/primary_doc.xml,recent
2024-07-09,144,0000950170-24-082543,,xsl144X01/primary_doc.xml,recent
2024-07-09,144,0000950170-24-082542,,xsl144X01/primary_doc.xml,recent
2024-07-09,144,0000950170-24-082540,,xsl144X01/primary_doc.xml,recent
2024-07-09,144,0001959173-24-004814,,xsl144X01/primary_doc.xml,recent
2024-07-10,144,0000950170-24-082822,,xsl144X01/primary_doc.xml,recent
2024-07-10,4,0000950170-24-082820,2024-07-08,xslF345X05/ownership.xml,recent
2024-07-10,4,0000950170-24-082819,2024-07-08,xslF345X05/ownership.xml,recent
2024-07-10,SC 13D/A,0001193125-24-177358,,d863704dsc13da.htm,recent
2024-07-11,4,0001062993-24-013659,2024-07-09,xslF345X05/form4.xml,recent
2024-07-12,4,0000950170-24-083226,2024-07-10,xslF345X05/ownership.xml,recent
2024-07-12,4,0000950170-24-083222,2024-07-10,xslF345X05/ownership.xml,recent
2024-07-12,8-K,0001193125-24-178608,2024-07-08,d854251d8k.htm,recent
2024-07-16,144,0000950170-24-084017,,xsl144X01/primary_doc.xml,recent
2024-07-16,144,0000950170-24-084016,,xsl144X01/primary_doc.xml,recent
2024-07-16,144,0000950170-24-084014,,xsl144X01/primary_doc.xml,recent
2024-07-16,144,0000950170-24-084012,,xsl144X01/primary_doc.xml,recent
2024-07-16,144,0000950170-24-084010,,xsl144X01/primary_doc.xml,recent
2024-07-18,4,0000950170-24-084598,2024-07-16,xslF345X05/ownership.xml,recent
2024-08-07,4,0001571996-24-000078,2024-08-05,xslF345X05/wk-form4_1723061455.xml,recent
2024-08-29,8-K,0001571996-24-000081,2024-08-29,dell-20240829.htm,recent
2024-09-06,144,0001958244-24-004531,,xsl144X01/primary_doc.xml,recent
2024-09-10,10-Q,0001571996-24-000090,2024-08-02,dell-20240802.htm,recent
2024-09-10,4,0001062993-24-016442,2024-09-06,xslF345X05/form4.xml,recent
2024-09-10,IRANNOTICE,0001571996-24-000092,,irannoticeq2fy25.htm,recent
2024-09-12,144,0001958244-24-004540,,xsl144X01/primary_doc.xml,recent
2024-09-12,144/A,0001958244-24-004539,,xsl144X01/primary_doc.xml,recent
2024-09-13,4,0001062993-24-016595,2024-09-11,xslF345X05/form4.xml,recent
2024-09-16,4,0001571996-24-000095,2024-09-12,xslF345X05/wk-form4_1726517428.xml,recent
2024-09-18,4,0001062993-24-016758,2024-09-16,xslF345X05/form4.xml,recent
2024-09-19,144,0001958244-24-004557,,xsl144X01/primary_doc.xml,recent
2024-09-19,8-K,0001571996-24-000105,2024-09-17,dell-20240917.htm,recent
2024-09-20,144,0001959173-24-006633,,xsl144X01/primary_doc.xml,recent
2024-09-20,144/A,0001958244-24-004565,,xsl144X01/primary_doc.xml,recent
2024-09-20,4,0001571996-24-000117,2024-09-18,xslF345X05/wk-form4_1726864319.xml,recent
2024-09-20,4,0001571996-24-000116,2024-09-18,xslF345X05/wk-form4_1726864061.xml,recent
2024-09-20,4,0001571996-24-000115,2024-09-18,xslF345X05/wk-form4_1726863793.xml,recent
2024-09-20,4,0001571996-24-000114,2024-09-18,xslF345X05/wk-form4_1726863581.xml,recent
2024-09-20,4,0001571996-24-000113,2024-09-18,xslF345X05/wk-form4_1726863371.xml,recent
2024-09-20,4,0001571996-24-000112,2024-09-18,xslF345X05/wk-form4_1726863134.xml,recent
2024-09-23,4,0001062993-24-016931,2024-09-19,xslF345X05/form4.xml,recent
2024-09-24,4,0001571996-24-000120,2024-09-20,xslF345X05/wk-form4_1727208603.xml,recent
2024-09-26,144,0001971857-24-000618,,xsl144X01/primary_doc.xml,recent
2024-09-30,4,0001062993-24-017085,2024-09-26,xslF345X05/form4.xml,recent
2024-10-01,424B3,0001193125-24-229570,,d866647d424b3.htm,recent
2024-10-02,8-K,0001193125-24-231195,2024-10-01,d802942d8k.htm,recent
2024-10-02,FWP,0001193125-24-230366,,d848742dfwp.htm,recent
2024-10-03,424B5,0001193125-24-232279,,d866647d424b5.htm,recent
2024-10-08,4,0000950170-24-113555,2024-10-04,xslF345X05/ownership.xml,recent
2024-10-08,4,0000950170-24-113552,2024-10-04,xslF345X05/ownership.xml,recent
2024-10-08,8-K,0001193125-24-234446,2024-10-08,d887607d8k.htm,recent
2024-10-15,144,0001959173-24-007009,,xsl144X01/primary_doc.xml,recent
2024-10-17,4,0001571996-24-000123,2024-10-15,xslF345X05/wk-form4_1729195796.xml,recent
2024-10-22,SC 13G,0002012383-24-001593,,us24703l2025_102224.txt,recent
2024-11-04,SC 13G/A,0000932471-24-000328,,UnitedStates_13G__DellTechno.txt,recent
2024-11-05,4,0000950170-24-121527,2024-11-01,xslF345X05/ownership.xml,recent
2024-11-08,SC 13G,0002012383-24-004129,,us24703l2025_110824.txt,recent
2024-11-12,4,0000950170-24-125518,2024-11-07,xslF345X05/ownership.xml,recent
2024-11-12,SC 13G/A,0001123292-24-000339,,delltech13g.htm,recent
2024-11-12,SC 13G/A,0000932471-24-000966,,UnitedStates_13G__DellTechno.txt,recent
2024-11-15,144,0001959173-24-007873,,xsl144X01/primary_doc.xml,recent
2024-11-19,4,0001571996-24-000126,2024-11-15,xslF345X05/wk-form4_1732050587.xml,recent
2024-11-26,4,0001571996-24-000132,2024-11-22,xslF345X05/wk-form4_1732655817.xml,recent
2024-11-26,8-K,0001571996-24-000130,2024-11-26,dell-20241126.htm,recent
2024-12-02,144,0001958244-24-005805,,xsl144X01/primary_doc.xml,recent
2024-12-03,4,0001062993-24-019966,2024-11-29,xslF345X05/form4.xml,recent
2024-12-03,8-K,0001571996-24-000136,2024-11-29,dell-20241129.htm,recent
2024-12-04,4,0001571996-24-000138,2024-12-02,xslF345X05/wk-form4_1733346588.xml,recent
2024-12-05,144,0000950170-24-133800,,xsl144X01/primary_doc.xml,recent
2024-12-05,144,0000950170-24-133797,,xsl144X01/primary_doc.xml,recent
2024-12-05,144,0000950170-24-133796,,xsl144X01/primary_doc.xml,recent
2024-12-05,144,0000950170-24-133795,,xsl144X01/primary_doc.xml,recent
2024-12-05,144,0000950170-24-133794,,xsl144X01/primary_doc.xml,recent
2024-12-06,144,0000950170-24-134309,,xsl144X01/primary_doc.xml,recent
2024-12-06,144,0000950170-24-134308,,xsl144X01/primary_doc.xml,recent
2024-12-06,144,0000950170-24-134307,,xsl144X01/primary_doc.xml,recent
2024-12-06,144,0000950170-24-134306,,xsl144X01/primary_doc.xml,recent
2024-12-06,144,0000950170-24-134305,,xsl144X01/primary_doc.xml,recent
2024-12-09,4,0000950170-24-134715,2024-12-06,xslF345X05/ownership.xml,recent
2024-12-09,4,0000950170-24-134714,2024-12-06,xslF345X05/ownership.xml,recent
2024-12-09,4,0000950170-24-134712,2024-12-06,xslF345X05/ownership.xml,recent
2024-12-09,4,0000950170-24-134710,2024-12-06,xslF345X05/ownership.xml,recent
2024-12-09,4,0000950170-24-134708,2024-12-05,xslF345X05/ownership.xml,recent
2024-12-09,4,0000950170-24-134705,2024-12-05,xslF345X05/ownership.xml,recent
2024-12-09,4,0001062993-24-020273,2024-12-05,xslF345X05/form4.xml,recent
2024-12-10,10-Q,0001571996-24-000143,2024-11-01,dell-20241101.htm,recent
2024-12-10,144,0000950170-24-135064,,xsl144X01/primary_doc.xml,recent
2024-12-10,144,0000950170-24-135061,,xsl144X01/primary_doc.xml,recent
2024-12-10,144,0000950170-24-135060,,xsl144X01/primary_doc.xml,recent
2024-12-10,144,0000950170-24-135059,,xsl144X01/primary_doc.xml,recent
2024-12-10,144,0000950170-24-135057,,xsl144X01/primary_doc.xml,recent
2024-12-11,4,0000950170-24-135394,2024-12-10,xslF345X05/ownership.xml,recent
2024-12-16,144,0001959173-24-008678,,xsl144X01/primary_doc.xml,recent
2024-12-17,4,0001571996-24-000146,2024-12-16,xslF345X05/wk-form4_1734469772.xml,recent
2024-12-31,4,0000950170-24-141303,2024-12-27,xslF345X05/ownership.xml,recent
2025-01-06,144,0000950170-25-002458,,xsl144X01/primary_doc.xml,recent
2025-01-06,144,0000950170-25-002457,,xsl144X01/primary_doc.xml,recent
2025-01-06,144,0000950170-25-002456,,xsl144X01/primary_doc.xml,recent
2025-01-06,144,0000950170-25-002455,,xsl144X01/primary_doc.xml,recent
2025-01-06,144,0000950170-25-002454,,xsl144X01/primary_doc.xml,recent
2025-01-07,144,0000950170-25-003162,,xsl144X01/primary_doc.xml,recent
2025-01-07,144,0000950170-25-003161,,xsl144X01/primary_doc.xml,recent
2025-01-07,144,0000950170-25-003156,,xsl144X01/primary_doc.xml,recent
2025-01-07,144,0000950170-25-003151,,xsl144X01/primary_doc.xml,recent
2025-01-07,144,0000950170-25-003148,,xsl144X01/primary_doc.xml,recent
2025-01-08,144,0000950170-25-003634,,xsl144X01/primary_doc.xml,recent
2025-01-08,144,0000950170-25-003633,,xsl144X01/primary_doc.xml,recent
2025-01-08,144,0000950170-25-003631,,xsl144X01/primary_doc.xml,recent
2025-01-08,144,0000950170-25-003629,,xsl144X01/primary_doc.xml,recent
2025-01-08,144,0000950170-25-003628,,xsl144X01/primary_doc.xml,recent
2025-01-08,4,0000950170-25-003680,2025-01-08,xslF345X05/ownership.xml,recent
2025-01-08,4,0000950170-25-003679,2025-01-08,xslF345X05/ownership.xml,recent
2025-01-08,4,0000950170-25-003678,2025-01-07,xslF345X05/ownership.xml,recent
2025-01-08,4,0000950170-25-003677,2025-01-07,xslF345X05/ownership.xml,recent
2025-01-08,4,0000950170-25-003667,2025-01-06,xslF345X05/ownership.xml,recent
2025-01-08,4,0000950170-25-003665,2025-01-06,xslF345X05/ownership.xml,recent
2025-01-13,4,0000950170-25-004945,2025-01-10,xslF345X05/ownership.xml,recent
2025-01-13,4,0000950170-25-004942,2025-01-10,xslF345X05/ownership.xml,recent
2025-01-13,SCHEDULE 13D/A,0000950170-25-004910,,xslSCHEDULE_13D_X01/primary_doc.xml,recent
2025-01-14,8-K,0001571996-25-000004,2025-01-08,dell-20250108.htm,recent
2025-01-16,144,0000950170-25-006370,,xsl144X01/primary_doc.xml,recent
2025-01-22,144,0001959173-25-000415,,xsl144X01/primary_doc.xml,recent
2025-01-24,4,0001571996-25-000007,2025-01-22,xslF345X05/wk-form4_1737752888.xml,recent
2025-02-05,4,0001062993-25-001734,2025-02-03,xslF345X05/form4.xml,recent
2025-02-06,SCHEDULE 13G/A,0001123292-25-000041,,xslSCHEDULE_13G_X01/primary_doc.xml,recent
2025-02-18,144,0001959173-25-001049,,xsl144X01/primary_doc.xml,recent
2025-02-20,4,0001571996-25-000010,2025-02-18,xslF345X05/wk-form4_1740085808.xml,recent
2025-02-27,8-K,0001571996-25-000014,2025-02-27,dell-20250227.htm,recent
2025-03-07,4,0000950170-25-035833,2025-03-06,xslF345X05/ownership.xml,recent
2025-03-18,4,0001571996-25-000028,2025-03-15,xslF345X05/wk-form4_1742329975.xml,recent
2025-03-18,4,0001571996-25-000027,2025-03-15,xslF345X05/wk-form4_1742329684.xml,recent
2025-03-18,4,0001571996-25-000026,2025-03-15,xslF345X05/wk-form4_1742329465.xml,recent
2025-03-18,4,0001571996-25-000025,2025-03-15,xslF345X05/wk-form4_1742329267.xml,recent
2025-03-18,4,0001571996-25-000024,2025-03-15,xslF345X05/wk-form4_1742329012.xml,recent
2025-03-18,4,0001571996-25-000023,2025-03-15,xslF345X05/wk-form4_1742328799.xml,recent
2025-03-18,4,0001571996-25-000022,2025-03-15,xslF345X05/wk-form4_1742328556.xml,recent
2025-03-25,10-K,0001571996-25-000034,2025-01-31,dell-20250131.htm,recent
2025-03-26,424B2,0001193125-25-063305,,d853495d424b2.htm,recent
2025-03-26,FWP,0001193125-25-064188,,d947263dfwp.htm,recent
2025-03-27,424B2,0001193125-25-065592,,d853495d424b2.htm,recent
2025-03-27,8-K,0001193125-25-065594,2025-03-26,d906514d8k.htm,recent
2025-03-28,144,0001959173-25-002344,,xsl144X01/primary_doc.xml,recent
2025-04-01,4,0001571996-25-000037,2025-03-28,xslF345X05/wk-form4_1743538571.xml,recent
2025-04-01,8-K,0001193125-25-070461,2025-04-01,d848892d8k.htm,recent
2025-05-14,144,0001958244-25-003090,,xsl144X01/primary_doc.xml,recent
2025-05-14,SCHEDULE 13G/A,0001123292-25-000226,,xslSCHEDULE_13G_X01/primary_doc.xml,recent
2025-05-16,4,0001571996-25-000042,2025-05-14,xslF345X05/wk-form4_1747396671.xml,recent
2025-05-16,ARS,0001193125-25-121713,2025-01-31,d836850dars.pdf,recent
2025-05-16,DEF 14A,0001193125-25-121698,2025-06-26,d835807ddef14a.htm,recent
2025-05-16,DEFA14A,0001193125-25-121708,,d835807ddefa14a.htm,recent
2025-05-29,8-K,0001571996-25-000046,2025-05-29,dell-20250529.htm,recent
2025-05-30,SD,0001571996-25-000048,,delltechnologiesconflictmi.htm,recent
2025-06-02,144,0001959173-25-003717,,xsl144X01/primary_doc.xml,recent
2025-06-03,144,0001959173-25-003772,,xsl144X01/primary_doc.xml,recent
2025-06-03,144,0001959173-25-003732,,xsl144X01/primary_doc.xml,recent
2025-06-04,4,0001571996-25-000053,2025-06-02,xslF345X05/wk-form4_1749067822.xml,recent
2025-06-05,4,0001571996-25-000058,2025-06-03,xslF345X05/wk-form4_1749154556.xml,recent
2025-06-05,4,0001571996-25-000057,2025-06-03,xslF345X05/wk-form4_1749154148.xml,recent
2025-06-09,144,0000950170-25-083999,,xsl144X01/primary_doc.xml,recent
2025-06-09,144,0000950170-25-083997,,xsl144X01/primary_doc.xml,recent
2025-06-09,144,0000950170-25-083994,,xsl144X01/primary_doc.xml,recent
2025-06-09,144,0000950170-25-083992,,xsl144X01/primary_doc.xml,recent
2025-06-09,144,0000950170-25-083990,,xsl144X01/primary_doc.xml,recent
2025-06-10,10-Q,0001571996-25-000063,2025-05-02,dell-20250502.htm,recent
2025-06-10,144,0000950170-25-084572,,xsl144X01/primary_doc.xml,recent
2025-06-10,144,0000950170-25-084570,,xsl144X01/primary_doc.xml,recent
2025-06-10,144,0000950170-25-084568,,xsl144X01/primary_doc.xml,recent
2025-06-10,144,0000950170-25-084567,,xsl144X01/primary_doc.xml,recent
2025-06-10,144,0000950170-25-084566,,xsl144X01/primary_doc.xml,recent
2025-06-11,144,0000950170-25-085003,,xsl144X01/primary_doc.xml,recent
2025-06-11,144,0000950170-25-085002,,xsl144X01/primary_doc.xml,recent
2025-06-11,144,0000950170-25-085001,,xsl144X01/primary_doc.xml,recent
2025-06-11,144,0000950170-25-085000,,xsl144X01/primary_doc.xml,recent
2025-06-11,144,0000950170-25-084999,,xsl144X01/primary_doc.xml,recent
2025-06-11,4,0000950170-25-085033,2025-06-11,xslF345X05/ownership.xml,recent
2025-06-11,4,0000950170-25-085022,2025-06-11,xslF345X05/ownership.xml,recent
2025-06-11,4,0000950170-25-085018,2025-06-10,xslF345X05/ownership.xml,recent
2025-06-11,4,0000950170-25-085016,2025-06-10,xslF345X05/ownership.xml,recent
2025-06-11,4,0000950170-25-085012,2025-06-09,xslF345X05/ownership.xml,recent
2025-06-11,4,0000950170-25-085011,2025-06-09,xslF345X05/ownership.xml,recent
2025-06-12,144,0000950170-25-085745,,xsl144X01/primary_doc.xml,recent
2025-06-12,144,0000950170-25-085744,,xsl144X01/primary_doc.xml,recent
2025-06-12,144,0000950170-25-085743,,xsl144X01/primary_doc.xml,recent
2025-06-12,144,0000950170-25-085742,,xsl144X01/primary_doc.xml,recent
2025-06-12,144,0000950170-25-085741,,xsl144X01/primary_doc.xml,recent
2025-06-16,4,0000950170-25-086966,2025-06-12,xslF345X05/ownership.xml,recent
2025-06-16,4,0000950170-25-086965,2025-06-12,xslF345X05/ownership.xml,recent
2025-06-17,4,0001571996-25-000066,2025-06-15,xslF345X05/wk-form4_1750191270.xml,recent
2025-06-18,144,0001959173-25-004196,,xsl144X01/primary_doc.xml,recent
2025-06-20,4,0001571996-25-000069,2025-06-18,xslF345X05/wk-form4_1750450287.xml,recent
2025-06-24,144,0000950170-25-089601,,xsl144X01/primary_doc.xml,recent
2025-06-24,144,0000950170-25-089598,,xsl144X01/primary_doc.xml,recent
2025-06-24,144,0000950170-25-089594,,xsl144X01/primary_doc.xml,recent
2025-06-24,144,0000950170-25-089591,,xsl144X01/primary_doc.xml,recent
2025-06-24,144,0000950170-25-089589,,xsl144X01/primary_doc.xml,recent
2025-06-24,144,0001959173-25-004265,,xsl144X01/primary_doc.xml,recent
2025-06-26,144,0002007317-25-000642,,xsl144X01/primary_doc.xml,recent
2025-06-26,144,0000950170-25-090552,,xsl144X01/primary_doc.xml,recent
2025-06-26,144,0000950170-25-090550,,xsl144X01/primary_doc.xml,recent
2025-06-26,144,0000950170-25-090549,,xsl144X01/primary_doc.xml,recent
2025-06-26,144,0000950170-25-090546,,xsl144X01/primary_doc.xml,recent
2025-06-26,144,0000950170-25-090545,,xsl144X01/primary_doc.xml,recent
2025-06-26,144,0001959173-25-004320,,xsl144X01/primary_doc.xml,recent
2025-06-26,4,0000950170-25-090513,2025-06-24,xslF345X05/ownership.xml,recent
2025-06-26,4,0001571996-25-000072,2025-06-24,xslF345X05/wk-form4_1750968616.xml,recent
2025-06-27,4,0001062993-25-012196,2025-06-26,xslF345X05/form4.xml,recent
2025-06-30,4,0000950170-25-091658,2025-06-26,xslF345X05/ownership.xml,recent
2025-06-30,4,0000950170-25-091645,2025-06-26,xslF345X05/ownership.xml,recent
2025-06-30,4,0001571996-25-000076,2025-06-26,xslF345X05/wk-form4_1751314246.xml,recent
2025-07-01,8-K,0001571996-25-000078,2025-06-26,dell-20250626.htm,recent
2025-07-10,144,0000950170-25-095132,,xsl144X01/primary_doc.xml,recent
2025-07-10,144,0000950170-25-095131,,xsl144X01/primary_doc.xml,recent
2025-07-10,144,0000950170-25-095130,,xsl144X01/primary_doc.xml,recent
2025-07-10,144,0000950170-25-095129,,xsl144X01/primary_doc.xml,recent
2025-07-10,144,0000950170-25-095128,,xsl144X01/primary_doc.xml,recent
2025-07-14,4,0000950170-25-095602,2025-07-10,xslF345X05/ownership.xml,recent
2025-07-14,4,0000950170-25-095600,2025-07-10,xslF345X05/ownership.xml,recent
2025-07-15,144,0000950170-25-096009,,xsl144X01/primary_doc.xml,recent
2025-07-15,144,0000950170-25-096008,,xsl144X01/primary_doc.xml,recent
2025-07-15,144,0000950170-25-096007,,xsl144X01/primary_doc.xml,recent
2025-07-15,144,0000950170-25-096006,,xsl144X01/primary_doc.xml,recent
2025-07-15,144,0000950170-25-096004,,xsl144X01/primary_doc.xml,recent
2025-07-15,144,0001959173-25-004578,,xsl144X01/primary_doc.xml,recent
2025-07-16,144,0000950170-25-096384,,xsl144X01/primary_doc.xml,recent
2025-07-16,144,0000950170-25-096382,,xsl144X01/primary_doc.xml,recent
2025-07-16,144,0000950170-25-096381,,xsl144X01/primary_doc.xml,recent
2025-07-16,144,0000950170-25-096380,,xsl144X01/primary_doc.xml,recent
2025-07-16,144,0000950170-25-096377,,xsl144X01/primary_doc.xml,recent
2025-07-16,8-K,0001571996-25-000081,2025-07-10,dell-20250710.htm,recent
2025-07-17,144,0000950170-25-096672,,xsl144X01/primary_doc.xml,recent
2025-07-17,144,0000950170-25-096662,,xsl144X01/primary_doc.xml,recent
2025-07-17,144,0000950170-25-096661,,xsl144X01/primary_doc.xml,recent
2025-07-17,144,0000950170-25-096659,,xsl144X01/primary_doc.xml,recent
2025-07-17,144,0000950170-25-096658,,xsl144X01/primary_doc.xml,recent
2025-07-17,144,0000950170-25-096657,,xsl144X01/primary_doc.xml,recent
2025-07-17,4,0000950170-25-096693,2025-07-17,xslF345X05/ownership.xml,recent
2025-07-17,4,0000950170-25-096689,2025-07-17,xslF345X05/ownership.xml,recent
2025-07-17,4,0001571996-25-000084,2025-07-15,xslF345X05/wk-form4_1752782903.xml,recent
2025-07-17,4,0000950170-25-096445,2025-07-16,xslF345X05/ownership.xml,recent
2025-07-17,4,0000950170-25-096444,2025-07-16,xslF345X05/ownership.xml,recent
2025-07-17,4,0000950170-25-096443,2025-07-15,xslF345X05/ownership.xml,recent
2025-07-17,4,0000950170-25-096442,2025-07-15,xslF345X05/ownership.xml,recent
2025-07-17,SCHEDULE 13D/A,0000950170-25-096441,,xslSCHEDULE_13D_X01/primary_doc.xml,recent
2025-07-18,144,0001959173-25-004639,,xsl144X01/primary_doc.xml,recent
2025-07-22,4,0001571996-25-000087,2025-07-18,xslF345X05/wk-form4_1753214985.xml,recent
2025-07-29,144,0001959173-25-004791,,xsl144X01/primary_doc.xml,recent
2025-07-29,SCHEDULE 13G/A,0000932471-25-000740,,xslSCHEDULE_13G_X01/primary_doc.xml,recent
2025-07-31,4,0001571996-25-000090,2025-07-29,xslF345X05/wk-form4_1753992634.xml,recent
2025-08-07,4,0001556533-25-000005,2025-08-05,xslF345X05/wk-form4_1754597425.xml,recent
2025-08-11,144,0001959173-25-005078,,xsl144X01/primary_doc.xml,recent
2025-08-12,8-K,0001571996-25-000093,2025-08-07,dell-20250807.htm,recent
2025-08-13,4,0001232906-25-000006,2025-08-11,xslF345X05/wk-form4_1755115766.xml,recent
2025-08-15,144,0001959173-25-005213,,xsl144X01/primary_doc.xml,recent
2025-08-18,3,0002081802-25-000003,2025-08-08,xslF345X02/wk-form3_1755547819.xml,recent
2025-08-19,4,0001662205-25-000007,2025-08-15,xslF345X05/wk-form4_1755634242.xml,recent
2025-08-28,8-K,0001571996-25-000096,2025-08-28,dell-20250828.htm,recent
2025-09-08,10-Q,0001571996-25-000102,2025-08-01,dell-20250801.htm,recent
2025-09-08,8-K,0001571996-25-000104,2025-09-05,dell-20250905.htm,recent
2025-09-11,144,0001959173-25-005922,,xsl144X01/primary_doc.xml,recent
2025-09-15,144,0001193125-25-204074,,xsl144X01/primary_doc.xml,recent
2025-09-15,144,0001193125-25-204071,,xsl144X01/primary_doc.xml,recent
2025-09-15,144,0001193125-25-204069,,xsl144X01/primary_doc.xml,recent
2025-09-15,144,0001193125-25-204066,,xsl144X01/primary_doc.xml,recent
2025-09-15,144,0001193125-25-204063,,xsl144X01/primary_doc.xml,recent
2025-09-15,144,0001959173-25-005995,,xsl144X01/primary_doc.xml,recent
2025-09-17,144,0001193125-25-206577,,xsl144X01/primary_doc.xml,recent
2025-09-17,144,0001193125-25-206576,,xsl144X01/primary_doc.xml,recent
2025-09-17,144,0001193125-25-206573,,xsl144X01/primary_doc.xml,recent
2025-09-17,144,0001193125-25-206572,,xsl144X01/primary_doc.xml,recent
2025-09-17,144,0001193125-25-206568,,xsl144X01/primary_doc.xml,recent
2025-09-17,4,0001193125-25-206556,2025-09-15,xslF345X05/ownership.xml,recent
2025-09-17,4,0001193125-25-206546,2025-09-15,xslF345X05/ownership.xml,recent
2025-09-17,4,0001662205-25-000010,2025-09-15,xslF345X05/wk-form4_1758140599.xml,recent
2025-09-18,144,0001193125-25-207696,,xsl144X01/primary_doc.xml,recent
2025-09-18,144,0001193125-25-207694,,xsl144X01/primary_doc.xml,recent
2025-09-18,144,0001193125-25-207692,,xsl144X01/primary_doc.xml,recent
2025-09-18,144,0001193125-25-207690,,xsl144X01/primary_doc.xml,recent
2025-09-18,144,0001193125-25-207688,,xsl144X01/primary_doc.xml,recent
2025-09-19,144,0001193125-25-209439,,xsl144X01/primary_doc.xml,recent
2025-09-19,144,0001193125-25-209434,,xsl144X01/primary_doc.xml,recent
2025-09-19,144,0001193125-25-209432,,xsl144X01/primary_doc.xml,recent
2025-09-19,144,0001193125-25-209430,,xsl144X01/primary_doc.xml,recent
2025-09-19,144,0001193125-25-209427,,xsl144X01/primary_doc.xml,recent
2025-09-19,3,0002086800-25-000004,2025-09-09,xslF345X02/wk-form3_1758312562.xml,recent
2025-09-19,4,0001193125-25-209480,2025-09-18,xslF345X05/ownership.xml,recent
2025-09-19,4,0001193125-25-209477,2025-09-18,xslF345X05/ownership.xml,recent
2025-09-19,4,0001193125-25-209475,2025-09-17,xslF345X05/ownership.xml,recent
2025-09-19,4,0001193125-25-209473,2025-09-17,xslF345X05/ownership.xml,recent
2025-09-22,144,0001193125-25-211863,,xsl144X01/primary_doc.xml,recent
2025-09-22,144,0001193125-25-211857,,xsl144X01/primary_doc.xml,recent
2025-09-22,144,0001193125-25-211850,,xsl144X01/primary_doc.xml,recent
2025-09-22,144,0001193125-25-211847,,xsl144X01/primary_doc.xml,recent
2025-09-22,144,0001193125-25-211845,,xsl144X01/primary_doc.xml,recent
2025-09-22,424B2,0001193125-25-210143,,d154491d424b2.htm,recent
2025-09-22,FWP,0001193125-25-211587,,d18011dfwp.htm,recent
2025-09-23,4,0001193125-25-213446,2025-09-19,xslF345X05/ownership.xml,recent
2025-09-23,4,0001193125-25-213444,2025-09-19,xslF345X05/ownership.xml,recent
2025-09-23,8-K,0001193125-25-213629,2025-09-22,d66554d8k.htm,recent
2025-09-24,4,0001193125-25-215482,2025-09-22,xslF345X05/ownership.xml,recent
2025-09-24,4,0001193125-25-215481,2025-09-22,xslF345X05/ownership.xml,recent
2025-09-24,424B2,0001193125-25-214309,,d154491d424b2.htm,recent
2025-09-25,144,0001193125-25-217518,,xsl144X01/primary_doc.xml,recent
2025-09-25,144,0001193125-25-217517,,xsl144X01/primary_doc.xml,recent
2025-09-25,144,0001193125-25-217516,,xsl144X01/primary_doc.xml,recent
2025-09-25,144,0001193125-25-217515,,xsl144X01/primary_doc.xml,recent
2025-09-25,144,0001193125-25-217514,,xsl144X01/primary_doc.xml,recent
2025-09-26,8-K,0001571996-25-000107,2025-09-22,dell-20250922.htm,recent
2025-09-29,4,0001193125-25-223271,2025-09-25,xslF345X05/ownership.xml,recent
2025-09-29,4,0001193125-25-223269,2025-09-25,xslF345X05/ownership.xml,recent
2025-10-01,144,0001193125-25-227226,,xsl144X01/primary_doc.xml,recent
2025-10-01,144,0001193125-25-227222,,xsl144X01/primary_doc.xml,recent
2025-10-01,144,0001193125-25-227220,,xsl144X01/primary_doc.xml,recent
2025-10-01,144,0001193125-25-227216,,xsl144X01/primary_doc.xml,recent
2025-10-01,144,0001193125-25-227213,,xsl144X01/primary_doc.xml,recent
2025-10-01,144,0001959173-25-006253,,xsl144X01/primary_doc.xml,recent
2025-10-02,144,0001193125-25-228419,,xsl144X01/primary_doc.xml,recent
2025-10-02,144,0001193125-25-228418,,xsl144X01/primary_doc.xml,recent
2025-10-02,144,0001193125-25-228416,,xsl144X01/primary_doc.xml,recent
2025-10-02,144,0001193125-25-228415,,xsl144X01/primary_doc.xml,recent
2025-10-02,144,0001193125-25-228406,,xsl144X01/primary_doc.xml,recent
2025-10-02,144,0001959173-25-006280,,xsl144X01/primary_doc.xml,recent
2025-10-02,4,0001662205-25-000012,2025-09-30,xslF345X05/wk-form4_1759437424.xml,recent
2025-10-02,4,0001434806-25-000005,2025-09-30,xslF345X05/wk-form4_1759437265.xml,recent
2025-10-02,4,0001303141-25-000007,2025-09-30,xslF345X05/wk-form4_1759437104.xml,recent
2025-10-02,4,0001232906-25-000008,2025-09-30,xslF345X05/wk-form4_1759436966.xml,recent
2025-10-02,4,0001249303-25-000005,2025-09-30,xslF345X05/wk-form4_1759436776.xml,recent
2025-10-02,4,0001082870-25-000005,2025-09-30,xslF345X05/wk-form4_1759436565.xml,recent
2025-10-02,4,0002086800-25-000006,2025-09-30,xslF345X05/wk-form4_1759436117.xml,recent
2025-10-02,8-K,0001571996-25-000111,2025-09-30,dell-20250930.htm,recent
2025-10-02,8-K/A,0001571996-25-000112,2025-09-05,dell-20250905.htm,recent
2025-10-03,144,0001193125-25-230293,,xsl144X01/primary_doc.xml,recent
2025-10-03,4,0001123292-25-000514,2025-10-01,xslF345X05/form4.xml,recent
2025-10-03,4,0001193125-25-230329,2025-10-01,xslF345X05/ownership.xml,recent
2025-10-03,4,0001193125-25-230321,2025-10-01,xslF345X05/ownership.xml,recent
2025-10-03,4,0001193125-25-230309,2025-10-01,xslF345X05/ownership.xml,recent
2025-10-03,4,0001193125-25-230295,2025-10-01,xslF345X05/ownership.xml,recent
2025-10-03,4,0001232906-25-000010,2025-10-01,xslF345X05/wk-form4_1759522154.xml,recent
2025-10-03,SCHEDULE 13D/A,0001193125-25-230385,,xslSCHEDULE_13D_X01/primary_doc.xml,recent
2025-10-06,144,0001193125-25-232211,,xsl144X01/primary_doc.xml,recent
2025-10-06,144,0001193125-25-232209,,xsl144X01/primary_doc.xml,recent
2025-10-06,144,0001193125-25-232205,,xsl144X01/primary_doc.xml,recent
2025-10-06,144,0001193125-25-232203,,xsl144X01/primary_doc.xml,recent
2025-10-06,144,0001193125-25-232202,,xsl144X01/primary_doc.xml,recent
2025-10-06,8-K,0001193125-25-231904,2025-10-06,d50652d8k.htm,recent
2025-10-07,144,0001193125-25-233790,,xsl144X01/primary_doc.xml,recent
2025-10-07,144,0001193125-25-233787,,xsl144X01/primary_doc.xml,recent
2025-10-07,144,0001193125-25-233782,,xsl144X01/primary_doc.xml,recent
2025-10-07,144,0001193125-25-233781,,xsl144X01/primary_doc.xml,recent
2025-10-07,144,0001193125-25-233779,,xsl144X01/primary_doc.xml,recent
2025-10-07,8-K,0001193125-25-232662,2025-10-07,d55706d8k.htm,recent
2025-10-08,144,0001193125-25-234815,,xsl144X01/primary_doc.xml,recent
2025-10-08,144,0001193125-25-234814,,xsl144X01/primary_doc.xml,recent
2025-10-08,144,0001193125-25-234809,,xsl144X01/primary_doc.xml,recent
2025-10-08,144,0001193125-25-234806,,xsl144X01/primary_doc.xml,recent
2025-10-08,144,0001193125-25-234803,,xsl144X01/primary_doc.xml,recent
2025-10-08,144,0001959173-25-006390,,xsl144X01/primary_doc.xml,recent
2025-10-08,4,0001193125-25-234623,2025-10-07,xslF345X05/ownership.xml,recent
2025-10-08,4,0001193125-25-234617,2025-10-07,xslF345X05/ownership.xml,recent
2025-10-08,4,0001193125-25-234614,2025-10-07,xslF345X05/ownership.xml,recent
2025-10-08,4,0001193125-25-234612,2025-10-07,xslF345X05/ownership.xml,recent
2025-10-08,4,0001193125-25-234607,2025-10-06,xslF345X05/ownership.xml,recent
2025-10-08,4,0001193125-25-234601,2025-10-06,xslF345X05/ownership.xml,recent
2025-10-08,4,0001193125-25-234595,2025-10-06,xslF345X05/ownership.xml,recent
2025-10-08,4,0001193125-25-234591,2025-10-06,xslF345X05/ownership.xml,recent
2025-10-09,144,0001123292-25-000528,,xsl144X01/primary_doc.xml,recent
2025-10-10,144,0001628280-25-044724,,xsl144X01/primary_doc.xml,recent
2025-10-10,4,0001123292-25-000539,2025-10-09,xslF345X05/form4.xml,recent
2025-10-10,4,0001193125-25-237155,2025-10-08,xslF345X05/ownership.xml,recent
2025-10-10,4,0001193125-25-237136,2025-10-08,xslF345X05/ownership.xml,recent
2025-10-10,4,0001232906-25-000012,2025-10-08,xslF345X05/wk-form4_1760093805.xml,recent
2025-10-14,144,0001193125-25-239159,,xsl144X01/primary_doc.xml,recent
2025-10-14,144,0001193125-25-239154,,xsl144X01/primary_doc.xml,recent
2025-10-14,144,0001193125-25-239147,,xsl144X01/primary_doc.xml,recent
2025-10-14,144,0001193125-25-239142,,xsl144X01/primary_doc.xml,recent
2025-10-14,144,0001193125-25-239139,,xsl144X01/primary_doc.xml,recent
2025-10-15,144,0001959173-25-006451,,xsl144X01/primary_doc.xml,recent
2025-10-16,4,0001193125-25-241474,2025-10-14,xslF345X05/ownership.xml,recent
2025-10-17,4,0001303141-25-000009,2025-10-15,xslF345X05/wk-form4_1760732164.xml,recent
2025-10-17,4,0002081802-25-000005,2025-10-15,xslF345X05/wk-form4_1760731962.xml,recent
2025-10-17,8-K/A,0001571996-25-000114,2025-08-07,dell-20250807.htm,recent
2025-11-25,4,0002086800-25-000009,2025-11-24,xslF345X05/wk-form4_1764105462.xml,recent
2025-11-25,8-K,0001571996-25-000118,2025-11-25,dell-20251125.htm,recent
2025-11-25,8-K/A,0001571996-25-000120,2025-09-05,dell-20250905.htm,recent
2025-12-09,10-Q,0001571996-25-000127,2025-10-31,dell-20251031.htm,recent
2025-12-09,144,0001193125-25-313086,,xsl144X01/primary_doc.xml,recent
2025-12-11,4,0001193125-25-316035,2025-12-09,xslF345X05/ownership.xml,recent
2026-01-16,4,0002081802-26-000002,2026-01-15,xslF345X05/wk-form4_1768597668.xml,recent
2026-02-06,SCHEDULE 13G/A,0001123292-26-000125,,xslSCHEDULE_13G_X01/primary_doc.xml,recent
2026-02-10,3,0002110325-26-000003,2026-01-31,xslF345X02/wk-form3_1770757746.xml,recent
2026-02-26,8-K,0001571996-26-000003,2026-02-26,dell-20260226.htm,recent
2026-03-02,144,0001193125-26-086181,,xsl144X01/primary_doc.xml,recent
2026-03-02,144,0001193125-26-086179,,xsl144X01/primary_doc.xml,recent
2026-03-02,144,0001193125-26-086170,,xsl144X01/primary_doc.xml,recent
2026-03-02,144,0001193125-26-086168,,xsl144X01/primary_doc.xml,recent
2026-03-02,144,0001193125-26-086167,,xsl144X01/primary_doc.xml,recent
2026-03-04,144,0001193125-26-092222,,xsl144X01/primary_doc.xml,recent
2026-03-04,144,0001193125-26-092220,,xsl144X01/primary_doc.xml,recent
2026-03-04,144,0001193125-26-092216,,xsl144X01/primary_doc.xml,recent
2026-03-04,144,0001193125-26-092212,,xsl144X01/primary_doc.xml,recent
2026-03-04,144,0001193125-26-092205,,xsl144X01/primary_doc.xml,recent
2026-03-04,4,0001193125-26-091951,2026-03-02,xslF345X05/ownership.xml,recent
2026-03-04,4,0001193125-26-091942,2026-03-02,xslF345X05/ownership.xml,recent
2026-03-04,4,0001193125-26-091935,2026-03-02,xslF345X05/ownership.xml,recent
2026-03-04,4,0001193125-26-091928,2026-03-02,xslF345X05/ownership.xml,recent
2026-03-06,144,0001959173-26-002048,,xsl144X01/primary_doc.xml,recent
2026-03-06,144,0001193125-26-096658,,xsl144X01/primary_doc.xml,recent
2026-03-06,144,0001193125-26-096656,,xsl144X01/primary_doc.xml,recent
2026-03-06,144,0001193125-26-096646,,xsl144X01/primary_doc.xml,recent
2026-03-06,144,0001193125-26-096645,,xsl144X01/primary_doc.xml,recent
2026-03-06,144,0001193125-26-096643,,xsl144X01/primary_doc.xml,recent
2026-03-06,4,0001193125-26-096834,2026-03-04,xslF345X05/ownership.xml,recent
2026-03-06,4,0001193125-26-096831,2026-03-04,xslF345X05/ownership.xml,recent
2026-03-09,144,0001959173-26-002113,,xsl144X01/primary_doc.xml,recent
2026-03-10,4,0001303141-26-000006,2026-03-06,xslF345X05/wk-form4_1773173363.xml,recent
2026-03-11,4,0001850336-26-000003,2026-03-09,xslF345X05/wk-form4_1773259814.xml,recent
2026-03-16,10-K,0001571996-26-000008,2026-01-30,dell-20260130.htm,recent
2026-03-17,144,0001193125-26-111556,,xsl144X01/primary_doc.xml,recent
2026-03-17,144,0001193125-26-111549,,xsl144X01/primary_doc.xml,recent
2026-03-17,144,0001193125-26-111546,,xsl144X01/primary_doc.xml,recent
2026-03-17,144,0001193125-26-111542,,xsl144X01/primary_doc.xml,recent
2026-03-17,144,0001193125-26-111540,,xsl144X01/primary_doc.xml,recent
2026-03-17,4,0002016161-26-000002,2026-03-15,xslF345X05/wk-form4_1773779547.xml,recent
2026-03-17,4,0002110325-26-000005,2026-03-15,xslF345X05/wk-form4_1773779388.xml,recent
2026-03-17,4,0002081802-26-000004,2026-03-15,xslF345X05/wk-form4_1773779186.xml,recent
2026-03-17,4,0001554376-26-000003,2026-03-15,xslF345X05/wk-form4_1773778914.xml,recent
2026-03-17,4,0001850336-26-000005,2026-03-15,xslF345X05/wk-form4_1773778749.xml,recent
2026-03-17,4,0001680902-26-000002,2026-03-15,xslF345X05/wk-form4_1773778596.xml,recent
2026-03-17,4,0002086800-26-000002,2026-03-15,xslF345X05/wk-form4_1773778375.xml,recent
2026-03-17,4,0001215588-26-000002,2026-03-15,xslF345X05/wk-form4_1773778196.xml,recent
2026-03-18,144,0001193125-26-114745,,xsl144X01/primary_doc.xml,recent
2026-03-18,144,0001193125-26-114737,,xsl144X01/primary_doc.xml,recent
2026-03-18,144,0001193125-26-114732,,xsl144X01/primary_doc.xml,recent
2026-03-18,144,0001193125-26-114727,,xsl144X01/primary_doc.xml,recent
2026-03-18,144,0001193125-26-114725,,xsl144X01/primary_doc.xml,recent
2026-03-18,144,0001959173-26-002461,,xsl144X01/primary_doc.xml,recent
2026-03-19,144,0001959173-26-002496,,xsl144X01/primary_doc.xml,recent
2026-03-19,4,0001193125-26-116352,2026-03-18,xslF345X06/ownership.xml,recent
2026-03-19,4,0001193125-26-116345,2026-03-18,xslF345X06/ownership.xml,recent
2026-03-19,4,0001193125-26-116341,2026-03-18,xslF345X06/ownership.xml,recent
2026-03-19,4,0001193125-26-116338,2026-03-18,xslF345X06/ownership.xml,recent
2026-03-19,4,0001193125-26-116332,2026-03-17,xslF345X06/ownership.xml,recent
2026-03-19,4,0001193125-26-116330,2026-03-17,xslF345X06/ownership.xml,recent
2026-03-19,SCHEDULE 13D/A,0001193125-26-116439,,xslSCHEDULE_13D_X02/primary_doc.xml,recent
2026-03-20,144,0001193125-26-118085,,xsl144X01/primary_doc.xml,recent
2026-03-20,144,0001193125-26-118079,,xsl144X01/primary_doc.xml,recent
2026-03-20,144,0001193125-26-118077,,xsl144X01/primary_doc.xml,recent
2026-03-20,144,0001193125-26-118074,,xsl144X01/primary_doc.xml,recent
2026-03-20,144,0001193125-26-118072,,xsl144X01/primary_doc.xml,recent
2026-03-20,4,0002016161-26-000005,2026-03-18,xslF345X06/wk-form4_1774037353.xml,recent
2026-03-23,144,0001193125-26-120212,,xsl144X01/primary_doc.xml,recent
2026-03-23,144,0001193125-26-120206,,xsl144X01/primary_doc.xml,recent
2026-03-23,144,0001193125-26-120197,,xsl144X01/primary_doc.xml,recent
2026-03-23,144,0001193125-26-120188,,xsl144X01/primary_doc.xml,recent
2026-03-23,144,0001193125-26-120185,,xsl144X01/primary_doc.xml,recent
2026-03-23,144,0001959173-26-002582,,xsl144X01/primary_doc.xml,recent
2026-03-23,4,0002081802-26-000007,2026-03-19,xslF345X06/wk-form4_1774296578.xml,recent
2026-03-24,4,0001193125-26-122434,2026-03-23,xslF345X06/ownership.xml,recent
2026-03-24,4,0001193125-26-122430,2026-03-23,xslF345X06/ownership.xml,recent
2026-03-24,4,0001193125-26-122427,2026-03-20,xslF345X06/ownership.xml,recent
2026-03-24,4,0001193125-26-122424,2026-03-20,xslF345X06/ownership.xml,recent
2026-03-24,4,0001193125-26-122423,2026-03-20,xslF345X06/ownership.xml,recent
2026-03-24,4,0001193125-26-122422,2026-03-20,xslF345X06/ownership.xml,recent
2026-03-25,4,0001554376-26-000006,2026-03-23,xslF345X06/wk-form4_1774469649.xml,recent
2026-03-25,4,0001193125-26-122753,2026-03-25,xslF345X06/ownership.xml,recent
2026-03-25,4,0001193125-26-122752,2026-03-25,xslF345X06/ownership.xml,recent
2026-03-26,SCHEDULE 13G/A,0000102909-26-001117,,xslSCHEDULE_13G_X02/primary_doc.xml,recent
2026-04-09,144,0001959173-26-002845,,xsl144X01/primary_doc.xml,recent
2026-04-13,4,0002086800-26-000004,2026-04-09,xslF345X06/wk-form4_1776111129.xml,recent
2026-04-15,144,0001193125-26-157536,,xsl144X01/primary_doc.xml,recent
2026-04-15,144,0001193125-26-157535,,xsl144X01/primary_doc.xml,recent
2026-04-15,144,0001193125-26-157534,,xsl144X01/primary_doc.xml,recent
2026-04-15,144,0001193125-26-157530,,xsl144X01/primary_doc.xml,recent
2026-04-15,144,0001193125-26-157526,,xsl144X01/primary_doc.xml,recent
2026-04-15,144,0001959173-26-002912,,xsl144X01/primary_doc.xml,recent
2026-04-16,144,0001193125-26-159826,,xsl144X01/primary_doc.xml,recent
2026-04-16,144,0001193125-26-159370,,xsl144X01/primary_doc.xml,recent
2026-04-16,144,0001193125-26-159365,,xsl144X01/primary_doc.xml,recent
2026-04-16,144,0001193125-26-159361,,xsl144X01/primary_doc.xml,recent
2026-04-16,144,0001193125-26-159353,,xsl144X01/primary_doc.xml,recent
2026-04-16,144,0001193125-26-159334,,xsl144X01/primary_doc.xml,recent
2026-04-17,4,0001193125-26-161670,2026-04-16,xslF345X06/ownership.xml,recent
2026-04-17,4,0001193125-26-161658,2026-04-15,xslF345X06/ownership.xml,recent
2026-04-17,4,0001193125-26-161653,2026-04-16,xslF345X06/ownership.xml,recent
2026-04-17,4,0001193125-26-161636,2026-04-15,xslF345X06/ownership.xml,recent
2026-04-17,4,0001215588-26-000004,2026-04-15,xslF345X06/wk-form4_1776456731.xml,recent
2026-04-20,8-K,0001571996-26-000013,2026-04-15,dell-20260415.htm,recent
2026-04-29,SCHEDULE 13G,0002100119-26-000390,,xslSCHEDULE_13G_X02/primary_doc.xml,recent
2026-05-04,DEFA14A,0001571996-26-000017,,defa14amay42026.htm,recent
2026-05-04,PRE 14A,0001193125-26-203969,2026-06-25,d132444dpre14a.htm,recent
2026-05-15,ARS,0001193125-26-226755,2026-01-30,d341553dars.pdf,recent
2026-05-15,DEF 14A,0001193125-26-226734,2026-06-25,d132444ddef14a.htm,recent
2026-05-15,DEFA14A,0001193125-26-226740,,d41312ddefa14a.htm,recent
2026-05-28,8-K,0001571996-26-000021,2026-05-28,dell-20260528.htm,recent
2026-05-29,SD,0001571996-26-000024,,delltechnologiesconflictmi.htm,recent
2026-06-01,144,0001193125-26-252160,,xsl144X01/primary_doc.xml,recent
2026-06-01,144,0001193125-26-252156,,xsl144X01/primary_doc.xml,recent
2026-06-01,144,0001193125-26-252149,,xsl144X01/primary_doc.xml,recent
2026-06-01,144,0001193125-26-252139,,xsl144X01/primary_doc.xml,recent
2026-06-01,144,0001193125-26-252130,,xsl144X01/primary_doc.xml,recent
2026-06-02,144,0001193125-26-254197,,xsl144X01/primary_doc.xml,recent
2026-06-02,144,0001193125-26-254192,,xsl144X01/primary_doc.xml,recent
2026-06-02,144,0001193125-26-254189,,xsl144X01/primary_doc.xml,recent
2026-06-02,144,0001193125-26-254188,,xsl144X01/primary_doc.xml,recent
2026-06-02,144,0001193125-26-254183,,xsl144X01/primary_doc.xml,recent
2026-06-02,144,0001628280-26-039798,,xsl144X01/primary_doc.xml,recent
2026-06-02,144,0001959173-26-004257,,xsl144X01/primary_doc.xml,recent
2026-06-03,144,0001193125-26-256201,,xsl144X01/primary_doc.xml,recent
2026-06-03,144,0001193125-26-256195,,xsl144X01/primary_doc.xml,recent
2026-06-03,144,0001193125-26-256185,,xsl144X01/primary_doc.xml,recent
2026-06-03,144,0001193125-26-256166,,xsl144X01/primary_doc.xml,recent
2026-06-03,144,0001193125-26-256159,,xsl144X01/primary_doc.xml,recent
2026-06-03,4,0001193125-26-256182,2026-06-01,xslF345X06/ownership.xml,recent
2026-06-03,4,0001193125-26-256164,2026-06-01,xslF345X06/ownership.xml,recent
2026-06-03,4,0001193125-26-256160,2026-06-01,xslF345X06/ownership.xml,recent
2026-06-03,4,0001193125-26-256155,2026-06-01,xslF345X06/ownership.xml,recent
2026-06-03,4,0001193125-26-256146,2026-06-01,xslF345X06/ownership.xml,recent
2026-06-03,4,0001193125-26-256142,2026-06-01,xslF345X06/ownership.xml,recent
2026-06-03,4,0001193125-26-256136,2026-06-01,xslF345X06/ownership.xml,recent
2026-06-03,4,0001193125-26-256134,2026-06-01,xslF345X06/ownership.xml,recent
2026-06-03,4,0001193125-26-256119,2026-06-01,xslF345X06/ownership.xml,recent
2026-06-03,4,0001193125-26-256108,2026-06-01,xslF345X06/ownership.xml,recent
2026-06-04,144,0001193125-26-258068,,xsl144X01/primary_doc.xml,recent
2026-06-04,144,0001193125-26-258061,,xsl144X01/primary_doc.xml,recent
2026-06-04,144,0001193125-26-258052,,xsl144X01/primary_doc.xml,recent
2026-06-04,144,0001193125-26-258045,,xsl144X01/primary_doc.xml,recent
2026-06-04,144,0001193125-26-258041,,xsl144X01/primary_doc.xml,recent
2026-06-04,144,0001628280-26-040789,,xsl144X01/primary_doc.xml,recent
2026-06-04,4,0001193125-26-257965,2026-06-02,xslF345X06/ownership.xml,recent
2026-06-04,4,0001193125-26-257964,2026-06-02,xslF345X06/ownership.xml,recent
2026-06-04,4,0001193125-26-257955,2026-06-02,xslF345X06/ownership.xml,recent
2026-06-04,4,0001193125-26-257950,2026-06-02,xslF345X06/ownership.xml,recent
2026-06-04,4,0001193125-26-257948,2026-06-02,xslF345X06/ownership.xml,recent
2026-06-04,4,0001193125-26-257942,2026-06-02,xslF345X06/ownership.xml,recent
2026-06-04,4,0001193125-26-257936,2026-06-02,xslF345X06/ownership.xml,recent
2026-06-04,4,0001193125-26-257935,2026-06-02,xslF345X06/ownership.xml,recent
2026-06-04,4,0001193125-26-257923,2026-06-02,xslF345X06/ownership.xml,recent
2026-06-04,4,0001193125-26-257905,2026-06-02,xslF345X06/ownership.xml,recent
2026-06-04,4,0001680902-26-000004,2026-06-03,xslF345X06/wk-form4_1780603965.xml,recent
2026-06-04,4,0002081802-26-000009,2026-06-02,xslF345X06/wk-form4_1780603760.xml,recent
2026-06-05,144,0001193125-26-260283,,xsl144X01/primary_doc.xml,recent
2026-06-05,144,0001193125-26-260281,,xsl144X01/primary_doc.xml,recent
2026-06-05,144,0001193125-26-260278,,xsl144X01/primary_doc.xml,recent
2026-06-05,144,0001193125-26-260276,,xsl144X01/primary_doc.xml,recent
2026-06-05,144,0001193125-26-260274,,xsl144X01/primary_doc.xml,recent
2026-06-05,4,0001193125-26-260118,2026-06-03,xslF345X06/ownership.xml,recent
2026-06-05,4,0001193125-26-260117,2026-06-03,xslF345X06/ownership.xml,recent
2026-06-05,4,0001193125-26-260113,2026-06-03,xslF345X06/ownership.xml,recent
2026-06-05,4,0001193125-26-260112,2026-06-03,xslF345X06/ownership.xml,recent
2026-06-05,4,0001193125-26-260102,2026-06-03,xslF345X06/ownership.xml,recent
2026-06-05,SCHEDULE 13D/A,0001193125-26-260078,,xslSCHEDULE_13D_X02/primary_doc.xml,recent
2026-06-08,144,0001193125-26-262677,,xsl144X01/primary_doc.xml,recent
2026-06-08,144,0001193125-26-262673,,xsl144X01/primary_doc.xml,recent
2026-06-08,144,0001193125-26-262665,,xsl144X01/primary_doc.xml,recent
2026-06-08,144,0001193125-26-262663,,xsl144X01/primary_doc.xml,recent
2026-06-08,144,0001193125-26-262659,,xsl144X01/primary_doc.xml,recent
2026-06-08,4,0001193125-26-262726,2026-06-04,xslF345X06/ownership.xml,recent
2026-06-08,4,0001193125-26-262725,2026-06-04,xslF345X06/ownership.xml,recent
2026-06-08,4,0001193125-26-262703,2026-06-04,xslF345X06/ownership.xml,recent
2026-06-08,4,0001193125-26-262702,2026-06-04,xslF345X06/ownership.xml,recent
2026-06-08,4,0001193125-26-262696,2026-06-04,xslF345X06/ownership.xml,recent
2026-06-08,4,0001193125-26-262694,2026-06-04,xslF345X06/ownership.xml,recent
2026-06-08,4,0001193125-26-262684,2026-06-04,xslF345X06/ownership.xml,recent
2026-06-08,4,0001193125-26-262678,2026-06-04,xslF345X06/ownership.xml,recent
2026-06-08,4,0001193125-26-262658,2026-06-04,xslF345X06/ownership.xml,recent
2026-06-08,4,0001193125-26-262657,2026-06-04,xslF345X06/ownership.xml,recent
2026-06-09,10-Q,0001571996-26-000030,2026-05-01,dell-20260501.htm,recent
2026-06-09,144,0001193125-26-264513,,xsl144X01/primary_doc.xml,recent
2026-06-09,144,0001193125-26-264510,,xsl144X01/primary_doc.xml,recent
2026-06-09,144,0001193125-26-264502,,xsl144X01/primary_doc.xml,recent
2026-06-09,144,0001193125-26-264500,,xsl144X01/primary_doc.xml,recent
2026-06-09,144,0001193125-26-264497,,xsl144X01/primary_doc.xml,recent
2026-06-09,4,0001193125-26-264423,2026-06-05,xslF345X06/ownership.xml,recent
2026-06-09,4,0001193125-26-264418,2026-06-05,xslF345X06/ownership.xml,recent
2026-06-09,4,0001193125-26-264410,2026-06-05,xslF345X06/ownership.xml,recent
2026-06-09,4,0001193125-26-264409,2026-06-05,xslF345X06/ownership.xml,recent
2026-06-09,4,0001193125-26-264402,2026-06-05,xslF345X06/ownership.xml,recent
2026-06-10,144,0001193125-26-266282,,xsl144X01/primary_doc.xml,recent
2026-06-10,144,0001193125-26-266273,,xsl144X01/primary_doc.xml,recent
2026-06-10,144,0001193125-26-266267,,xsl144X01/primary_doc.xml,recent
2026-06-10,144,0001193125-26-266260,,xsl144X01/primary_doc.xml,recent
2026-06-10,144,0001193125-26-266257,,xsl144X01/primary_doc.xml,recent
2026-06-10,4,0001193125-26-266166,2026-06-08,xslF345X06/ownership.xml,recent
2026-06-10,4,0001193125-26-266161,2026-06-08,xslF345X06/ownership.xml,recent
2026-06-10,4,0001193125-26-266149,2026-06-08,xslF345X06/ownership.xml,recent
2026-06-10,4,0001193125-26-266138,2026-06-08,xslF345X06/ownership.xml,recent
2026-06-10,4,0001193125-26-266122,2026-06-08,xslF345X06/ownership.xml,recent
2026-06-10,8-K,0001193125-26-265877,2026-06-10,d98058d8k.htm,recent
2026-06-11,144,0001193125-26-268157,,xsl144X01/primary_doc.xml,recent
2026-06-11,144,0001193125-26-268153,,xsl144X01/primary_doc.xml,recent
2026-06-11,144,0001193125-26-268145,,xsl144X01/primary_doc.xml,recent
2026-06-11,144,0001193125-26-268141,,xsl144X01/primary_doc.xml,recent
2026-06-11,144,0001193125-26-268134,,xsl144X01/primary_doc.xml,recent
2026-06-11,4,0001193125-26-267978,2026-06-09,xslF345X06/ownership.xml,recent
2026-06-11,4,0001193125-26-267974,2026-06-09,xslF345X06/ownership.xml,recent
2026-06-11,4,0001193125-26-267939,2026-06-09,xslF345X06/ownership.xml,recent
2026-06-11,4,0001193125-26-267936,2026-06-09,xslF345X06/ownership.xml,recent
2026-06-11,4,0001193125-26-267889,2026-06-09,xslF345X06/ownership.xml,recent
2026-06-11,4,0001193125-26-267879,2026-06-09,xslF345X06/ownership.xml,recent
2026-06-11,4,0001193125-26-267826,2026-06-09,xslF345X06/ownership.xml,recent
2026-06-11,4,0001193125-26-267822,2026-06-09,xslF345X06/ownership.xml,recent
2026-06-11,4,0001193125-26-267759,2026-06-09,xslF345X06/ownership.xml,recent
2026-06-11,4,0001193125-26-267755,2026-06-09,xslF345X06/ownership.xml,recent
2026-06-11,424B2,0001193125-26-266814,,d159213d424b2.htm,recent
2026-06-11,FWP,0001193125-26-267906,,d55655dfwp.htm,recent
2026-06-11,S-3ASR,0001193125-26-266776,,d123610ds3asr.htm,recent
2026-06-12,144,0001193125-26-269984,,xsl144X01/primary_doc.xml,recent
2026-06-12,144,0001193125-26-269981,,xsl144X01/primary_doc.xml,recent
2026-06-12,144,0001193125-26-269979,,xsl144X01/primary_doc.xml,recent
2026-06-12,144,0001193125-26-269973,,xsl144X01/primary_doc.xml,recent
2026-06-12,144,0001193125-26-269970,,xsl144X01/primary_doc.xml,recent
2026-06-12,144,0001628280-26-042706,,xsl144X01/primary_doc.xml,recent
2026-06-12,4,0001193125-26-269850,2026-06-10,xslF345X06/ownership.xml,recent
2026-06-12,4,0001193125-26-269843,2026-06-10,xslF345X06/ownership.xml,recent
2026-06-12,4,0001193125-26-269842,2026-06-10,xslF345X06/ownership.xml,recent
2026-06-12,4,0001193125-26-269839,2026-06-10,xslF345X06/ownership.xml,recent
2026-06-12,4,0001193125-26-269824,2026-06-10,xslF345X06/ownership.xml,recent
2026-06-12,4,0001193125-26-269820,2026-06-10,xslF345X06/ownership.xml,recent
2026-06-12,4,0001193125-26-269801,2026-06-10,xslF345X06/ownership.xml,recent
2026-06-12,4,0001193125-26-269797,2026-06-10,xslF345X06/ownership.xml,recent
2026-06-12,4,0001193125-26-269791,2026-06-10,xslF345X06/ownership.xml,recent
2026-06-12,4,0001193125-26-269788,2026-06-10,xslF345X06/ownership.xml,recent
2026-06-12,8-K,0001193125-26-269594,2026-06-11,d131151d8k.htm,recent
2026-06-15,144,0001959173-26-004637,,xsl144X01/primary_doc.xml,recent
2026-06-15,4,0001193125-26-271388,2026-06-11,xslF345X06/ownership.xml,recent
2026-06-15,4,0001193125-26-271380,2026-06-11,xslF345X06/ownership.xml,recent
2026-06-15,4,0001193125-26-271369,2026-06-11,xslF345X06/ownership.xml,recent
2026-06-15,4,0001193125-26-271360,2026-06-11,xslF345X06/ownership.xml,recent
2026-06-15,4,0001193125-26-271353,2026-06-11,xslF345X06/ownership.xml,recent
2026-06-15,424B2,0001193125-26-271266,,d159213d424b2.htm,recent
2026-06-16,4,0001193125-26-272862,2026-06-12,xslF345X06/ownership.xml,recent
2026-06-16,4,0001193125-26-272808,2026-06-12,xslF345X06/ownership.xml,recent
2026-06-16,4,0001193125-26-272758,2026-06-12,xslF345X06/ownership.xml,recent
2026-06-16,4,0001193125-26-272743,2026-06-12,xslF345X06/ownership.xml,recent
2026-06-16,4,0001193125-26-272716,2026-06-12,xslF345X06/ownership.xml,recent
2026-06-16,4,0001082870-26-000006,2026-06-12,xslF345X06/wk-form4_1781640626.xml,recent
2026-06-16,8-K,0001193125-26-272720,2026-06-16,d20600d8k.htm,recent
2026-06-17,4,0001193125-26-274230,2026-06-15,xslF345X06/ownership.xml,recent
2026-06-17,4,0001193125-26-274227,2026-06-15,xslF345X06/ownership.xml,recent
2026-06-17,4,0001680902-26-000006,2026-06-15,xslF345X06/wk-form4_1781727148.xml,recent
2026-06-17,4,0002016161-26-000007,2026-06-15,xslF345X06/wk-form4_1781726999.xml,recent
2026-06-17,8-K,0001571996-26-000032,2026-06-11,dell-20260611.htm,recent
2026-06-18,4,0001850336-26-000007,2026-06-17,xslF345X06/wk-form4_1781813532.xml,recent
2026-06-18,4,0002016161-26-000009,2026-06-16,xslF345X06/wk-form4_1781813364.xml,recent
2026-06-22,144,0001959173-26-004787,,xsl144X01/primary_doc.xml,recent
2026-06-24,4,0001662205-26-000007,2026-06-22,xslF345X06/wk-form4_1782331769.xml,recent
2026-06-25,144,0001193125-26-283172,,xsl144X01/primary_doc.xml,recent
2026-06-26,144,0001193125-26-285560,,xsl144X01/primary_doc.xml,recent
2026-06-26,144,0001193125-26-285559,,xsl144X01/primary_doc.xml,recent
2026-06-26,144,0001193125-26-285557,,xsl144X01/primary_doc.xml,recent
2026-06-26,144,0001193125-26-285556,,xsl144X01/primary_doc.xml,recent
2026-06-26,144,0001193125-26-285555,,xsl144X01/primary_doc.xml,recent
2026-06-30,4,0001193125-26-290621,2026-06-26,xslF345X06/ownership.xml,recent
2026-07-01,8-K,0001571996-26-000036,2026-06-25,dell-20260625.htm,recent
2026-07-06,144,0001193125-26-296640,,xsl144X01/primary_doc.xml,recent
2026-07-06,144,0001193125-26-296639,,xsl144X01/primary_doc.xml,recent
2026-07-06,144,0001193125-26-296636,,xsl144X01/primary_doc.xml,recent
2026-07-06,144,0001193125-26-296630,,xsl144X01/primary_doc.xml,recent
2026-07-06,144,0001193125-26-296626,,xsl144X01/primary_doc.xml,recent
2026-07-06,8-K,0001193125-26-296224,2026-07-02,d32716d8k.htm,recent
2026-07-08,144,0001193125-26-298873,,xsl144X01/primary_doc.xml,recent
2026-07-08,144,0001193125-26-298870,,xsl144X01/primary_doc.xml,recent
2026-07-08,144,0001193125-26-298868,,xsl144X01/primary_doc.xml,recent
2026-07-08,144,0001193125-26-298866,,xsl144X01/primary_doc.xml,recent
2026-07-08,144,0001193125-26-298861,,xsl144X01/primary_doc.xml,recent
2026-07-08,4,0001193125-26-298763,2026-07-06,xslF345X06/ownership.xml,recent
2026-07-08,4,0001193125-26-298747,2026-07-06,xslF345X06/ownership.xml,recent
2026-07-08,4,0001193125-26-298745,2026-07-06,xslF345X06/ownership.xml,recent
2026-07-08,4,0001193125-26-298723,2026-07-06,xslF345X06/ownership.xml,recent
2026-07-08,4,0001193125-26-298716,2026-07-06,xslF345X06/ownership.xml,recent
2026-07-09,144,0001193125-26-299955,,xsl144X01/primary_doc.xml,recent
2026-07-09,144,0001193125-26-299953,,xsl144X01/primary_doc.xml,recent
2026-07-09,144,0001193125-26-299951,,xsl144X01/primary_doc.xml,recent
2026-07-09,144,0001193125-26-299949,,xsl144X01/primary_doc.xml,recent
2026-07-09,144,0001193125-26-299948,,xsl144X01/primary_doc.xml,recent
2026-07-10,4,0001193125-26-301094,2026-07-08,xslF345X06/ownership.xml,recent
2026-07-10,4,0001193125-26-301087,2026-07-08,xslF345X06/ownership.xml,recent
2026-07-10,4,0001193125-26-301081,2026-07-08,xslF345X06/ownership.xml,recent
2026-07-10,4,0001193125-26-301077,2026-07-08,xslF345X06/ownership.xml,recent
2026-07-10,4,0001193125-26-301076,2026-07-08,xslF345X06/ownership.xml,recent
2026-07-13,4,0001193125-26-302204,2026-07-09,xslF345X06/ownership.xml,recent
2026-07-13,4,0001193125-26-302200,2026-07-09,xslF345X06/ownership.xml,recent
2026-07-13,4,0001193125-26-302197,2026-07-09,xslF345X06/ownership.xml,recent
2026-07-13,4,0001193125-26-302194,2026-07-09,xslF345X06/ownership.xml,recent
2026-07-13,4,0001193125-26-302192,2026-07-09,xslF345X06/ownership.xml,recent
2026-07-14,4,0001193125-26-303270,2026-07-10,xslF345X06/ownership.xml,recent
2026-07-14,4,0001193125-26-303248,2026-07-10,xslF345X06/ownership.xml,recent
2026-07-22,144,0001959173-26-005310,,xsl144X01/primary_doc.xml,recent
2026-07-24,4,0001662205-26-000009,2026-07-22,xslF345X06/wk-form4_1784923775.xml,recent
2026-08-24,144,0001959173-26-006358,,xsl144X01/primary_doc.xml,recent
2026-08-26,4,0001662205-26-000011,2026-08-24,xslF345X06/wk-form4_1787774986.xml,recent
2026-09-01,8-K,0001571996-26-000039,2026-09-01,dell-20260901.htm,recent
2026-09-03,144,0001193125-26-382300,,xsl144X01/primary_doc.xml,recent
2026-09-03,144,0001193125-26-382287,,xsl144X01/primary_doc.xml,recent
2026-09-03,144,0001193125-26-382286,,xsl144X01/primary_doc.xml,recent
2026-09-03,144,0001193125-26-382281,,xsl144X01/primary_doc.xml,recent
2026-09-03,144,0001193125-26-382278,,xsl144X01/primary_doc.xml,recent
2026-09-03,144,0001628280-26-060285,,xsl144X01/primary_doc.xml,recent
2026-09-04,144,0001193125-26-384002,,xsl144X01/primary_doc.xml,recent
2026-09-04,144,0001193125-26-383993,,xsl144X01/primary_doc.xml,recent
2026-09-04,144,0001193125-26-383992,,xsl144X01/primary_doc.xml,recent
2026-09-04,144,0001193125-26-383990,,xsl144X01/primary_doc.xml,recent
2026-09-04,144,0001193125-26-383988,,xsl144X01/primary_doc.xml,recent
2026-09-04,144,0001193125-26-383987,,xsl144X01/primary_doc.xml,recent
2026-09-04,144,0001959173-26-006769,,xsl144X01/primary_doc.xml,recent
2026-09-04,144,0001959173-26-006734,,xsl144X01/primary_doc.xml,recent
2026-09-08,10-Q,0001571996-26-000046,2026-07-31,dell-20260731.htm,recent
2026-09-08,144,0001193125-26-385650,,xsl144X01/primary_doc.xml,recent
2026-09-08,144,0001193125-26-385647,,xsl144X01/primary_doc.xml,recent
2026-09-08,144,0001193125-26-385645,,xsl144X01/primary_doc.xml,recent
2026-09-08,144,0001193125-26-385638,,xsl144X01/primary_doc.xml,recent
2026-09-08,144,0001193125-26-385631,,xsl144X01/primary_doc.xml,recent
2026-09-08,144,0001193125-26-385585,,xsl144X01/primary_doc.xml,recent
2026-09-08,4,0001193125-26-385666,2026-09-03,xslF345X06/ownership.xml,recent
2026-09-08,4,0001193125-26-385664,2026-09-03,xslF345X06/ownership.xml,recent
2026-09-08,4,0001193125-26-385658,2026-09-03,xslF345X06/ownership.xml,recent
2026-09-08,4,0001193125-26-385657,2026-09-03,xslF345X06/ownership.xml,recent
2026-09-08,4,0001193125-26-385643,2026-09-03,xslF345X06/ownership.xml,recent
2026-09-08,4,0001193125-26-385637,2026-09-03,xslF345X06/ownership.xml,recent
2026-09-08,4,0001193125-26-385629,2026-09-03,xslF345X06/ownership.xml,recent
2026-09-08,4,0001193125-26-385620,2026-09-03,xslF345X06/ownership.xml,recent
2026-09-08,4,0001193125-26-385619,2026-09-03,xslF345X06/ownership.xml,recent
2026-09-08,4,0001193125-26-385610,2026-09-03,xslF345X06/ownership.xml,recent
2026-09-09,144,0001193125-26-386844,,xsl144X01/primary_doc.xml,recent
2026-09-09,144,0001193125-26-386822,,xsl144X01/primary_doc.xml,recent
2026-09-09,144,0001193125-26-386821,,xsl144X01/primary_doc.xml,recent
2026-09-09,144,0001193125-26-386820,,xsl144X01/primary_doc.xml,recent
2026-09-09,144,0001193125-26-386817,,xsl144X01/primary_doc.xml,recent
2026-09-09,144,0001193125-26-386815,,xsl144X01/primary_doc.xml,recent
2026-09-09,4,0001193125-26-386868,2026-09-04,xslF345X06/ownership.xml,recent
2026-09-09,4,0001193125-26-386860,2026-09-04,xslF345X06/ownership.xml,recent
2026-09-09,4,0001193125-26-386859,2026-09-04,xslF345X06/ownership.xml,recent
2026-09-09,4,0001193125-26-386858,2026-09-04,xslF345X06/ownership.xml,recent
2026-09-09,4,0001193125-26-386857,2026-09-04,xslF345X06/ownership.xml,recent
2026-09-09,4,0002016161-26-000012,2026-09-04,xslF345X06/wk-form4_1788984717.xml,recent
2026-09-09,4,0001850336-26-000010,2026-09-04,xslF345X06/wk-form4_1788984528.xml,recent
2026-09-09,424B2,0001193125-26-385954,,d207421d424b2.htm,recent
2026-09-10,4,0001193125-26-388265,2026-09-08,xslF345X06/ownership.xml,recent
2026-09-10,4,0001193125-26-388264,2026-09-08,xslF345X06/ownership.xml,recent
2026-09-10,4,0001193125-26-388263,2026-09-08,xslF345X06/ownership.xml,recent
2026-09-10,4,0001193125-26-388258,2026-09-08,xslF345X06/ownership.xml,recent
2026-09-10,4,0001193125-26-388252,2026-09-08,xslF345X06/ownership.xml,recent
2026-09-10,4,0001193125-26-388251,2026-09-08,xslF345X06/ownership.xml,recent
2026-09-10,8-K,0001193125-26-387958,2026-09-09,d150030d8k.htm,recent
2026-09-10,FWP,0001193125-26-386727,,d126769dfwp.htm,recent
2026-09-11,144,0001193125-26-389534,,xsl144X01/primary_doc.xml,recent
2026-09-11,144,0001193125-26-389533,,xsl144X01/primary_doc.xml,recent
2026-09-11,144,0001193125-26-389532,,xsl144X01/primary_doc.xml,recent
2026-09-11,144,0001193125-26-389531,,xsl144X01/primary_doc.xml,recent
2026-09-11,144,0001193125-26-389530,,xsl144X01/primary_doc.xml,recent
2026-09-11,144,0001193125-26-389529,,xsl144X01/primary_doc.xml,recent
2026-09-11,144,0001959173-26-006882,,xsl144X01/primary_doc.xml,recent
2026-09-11,144,0001959173-26-006880,,xsl144X01/primary_doc.xml,recent
2026-09-11,4,0001193125-26-389503,2026-09-09,xslF345X06/ownership.xml,recent
2026-09-11,4,0001193125-26-389502,2026-09-09,xslF345X06/ownership.xml,recent
2026-09-11,4,0001193125-26-389501,2026-09-09,xslF345X06/ownership.xml,recent
2026-09-11,4,0001193125-26-389498,2026-09-09,xslF345X06/ownership.xml,recent
2026-09-11,4,0001193125-26-389488,2026-09-09,xslF345X06/ownership.xml,recent
2026-09-11,424B2,0001193125-26-389295,,d207421d424b2.htm,recent
2026-09-11,SCHEDULE 13D/A,0001193125-26-389485,,xslSCHEDULE_13D_X02/primary_doc.xml,recent
2026-09-14,144,0001193125-26-391021,,xsl144X01/primary_doc.xml,recent
2026-09-14,144,0001193125-26-391008,,xsl144X01/primary_doc.xml,recent
2026-09-14,144,0001193125-26-391006,,xsl144X01/primary_doc.xml,recent
2026-09-14,144,0001193125-26-391001,,xsl144X01/primary_doc.xml,recent
2026-09-14,144,0001193125-26-390999,,xsl144X01/primary_doc.xml,recent
2026-09-14,144,0001193125-26-390998,,xsl144X01/primary_doc.xml,recent
2026-09-15,144,0001193125-26-392244,,xsl144X01/primary_doc.xml,recent
2026-09-15,144,0001193125-26-392243,,xsl144X01/primary_doc.xml,recent
2026-09-15,144,0001193125-26-392240,,xsl144X01/primary_doc.xml,recent
2026-09-15,144,0001193125-26-392237,,xsl144X01/primary_doc.xml,recent
2026-09-15,144,0001193125-26-392234,,xsl144X01/primary_doc.xml,recent
2026-09-15,144,0001193125-26-392229,,xsl144X01/primary_doc.xml,recent
2026-09-15,4,0001193125-26-392114,2026-09-11,xslF345X06/ownership.xml,recent
2026-09-15,4,0001193125-26-392089,2026-09-11,xslF345X06/ownership.xml,recent
2026-09-15,4,0001193125-26-392079,2026-09-11,xslF345X06/ownership.xml,recent
2026-09-15,4,0001193125-26-392050,2026-09-11,xslF345X06/ownership.xml,recent
2026-09-15,4,0001193125-26-392044,2026-09-11,xslF345X06/ownership.xml,recent
2026-09-15,4,0002110325-26-000008,2026-09-11,xslF345X06/wk-form4_1789503027.xml,recent
2026-09-15,4,0001680902-26-000009,2026-09-11,xslF345X06/wk-form4_1789502902.xml,recent
2026-09-15,8-K,0001193125-26-391976,2026-09-15,d172674d8k.htm,recent
2026-09-16,144,0001193125-26-393424,,xsl144X01/primary_doc.xml,recent
2026-09-16,144,0001193125-26-393376,,xsl144X01/primary_doc.xml,recent
2026-09-16,144,0001193125-26-393372,,xsl144X01/primary_doc.xml,recent
2026-09-16,144,0001193125-26-393369,,xsl144X01/primary_doc.xml,recent
2026-09-16,144,0001193125-26-393359,,xsl144X01/primary_doc.xml,recent
2026-09-16,144,0001193125-26-393350,,xsl144X01/primary_doc.xml,recent
2026-09-16,4,0001193125-26-393134,2026-09-14,xslF345X06/ownership.xml,recent
2026-09-16,4,0001193125-26-393131,2026-09-14,xslF345X06/ownership.xml,recent
2026-09-16,4,0001193125-26-393129,2026-09-14,xslF345X06/ownership.xml,recent
2026-09-16,4,0001193125-26-393128,2026-09-14,xslF345X06/ownership.xml,recent
2026-09-16,4,0001193125-26-393126,2026-09-14,xslF345X06/ownership.xml,recent
2026-09-17,144,0001193125-26-394730,,xsl144X01/primary_doc.xml,recent
2026-09-17,144,0001193125-26-394725,,xsl144X01/primary_doc.xml,recent
2026-09-17,144,0001193125-26-394724,,xsl144X01/primary_doc.xml,recent
2026-09-17,144,0001193125-26-394722,,xsl144X01/primary_doc.xml,recent
2026-09-17,144,0001193125-26-394720,,xsl144X01/primary_doc.xml,recent
2026-09-17,144,0001193125-26-394676,,xsl144X01/primary_doc.xml,recent
2026-09-17,144,0001959173-26-007028,,xsl144X01/primary_doc.xml,recent
2026-09-17,144,0001959173-26-007023,,xsl144X01/primary_doc.xml,recent
2026-09-17,4,0001193125-26-394630,2026-09-15,xslF345X06/ownership.xml,recent
2026-09-17,4,0001193125-26-394614,2026-09-15,xslF345X06/ownership.xml,recent
2026-09-17,4,0001193125-26-394601,2026-09-15,xslF345X06/ownership.xml,recent
2026-09-17,4,0001193125-26-394573,2026-09-15,xslF345X06/ownership.xml,recent
2026-09-17,4,0001193125-26-394534,2026-09-15,xslF345X06/ownership.xml,recent
2026-09-17,4,0001193125-26-394520,2026-09-15,xslF345X06/ownership.xml,recent
2026-09-18,4,0001193125-26-395616,2026-09-16,xslF345X06/ownership.xml,recent
2026-09-18,4,0001193125-26-395615,2026-09-16,xslF345X06/ownership.xml,recent
2026-09-18,4,0001193125-26-395613,2026-09-16,xslF345X06/ownership.xml,recent
2026-09-18,4,0001193125-26-395611,2026-09-16,xslF345X06/ownership.xml,recent
2026-09-18,4,0001193125-26-395610,2026-09-16,xslF345X06/ownership.xml,recent
2026-09-21,144,0001193125-26-396939,,xsl144X01/primary_doc.xml,recent
2026-09-21,144,0001193125-26-396937,,xsl144X01/primary_doc.xml,recent
2026-09-21,144,0001193125-26-396933,,xsl144X01/primary_doc.xml,recent
2026-09-21,144,0001193125-26-396931,,xsl144X01/primary_doc.xml,recent
2026-09-21,144,0001193125-26-396929,,xsl144X01/primary_doc.xml,recent
2026-09-21,4,0001193125-26-396715,2026-09-17,xslF345X06/ownership.xml,recent
2026-09-21,4,0001193125-26-396714,2026-09-17,xslF345X06/ownership.xml,recent
2026-09-21,4,0001193125-26-396718,2026-09-17,xslF345X06/ownership.xml,recent
2026-09-21,4,0001193125-26-396713,2026-09-17,xslF345X06/ownership.xml,recent
2026-09-21,4,0001193125-26-396717,2026-09-17,xslF345X06/ownership.xml,recent
2026-09-21,4,0002086800-26-000007,2026-09-17,xslF345X06/wk-form4_1790021552.xml,recent
2026-09-21,4,0001680902-26-000012,2026-09-17,xslF345X06/wk-form4_1790021434.xml,recent
2026-09-22,144,0001959173-26-007075,,xsl144X01/primary_doc.xml,recent
2026-09-22,4,0001193125-26-397994,2026-09-18,xslF345X06/ownership.xml,recent
2026-09-22,4,0001193125-26-397993,2026-09-18,xslF345X06/ownership.xml,recent
2026-09-22,4,0001193125-26-397990,2026-09-18,xslF345X06/ownership.xml,recent
2026-09-23,144,0001193125-26-399887,,xsl144X01/primary_doc.xml,recent
2026-09-24,4,0001662205-26-000014,2026-09-22,xslF345X06/wk-form4_1790280501.xml,recent
