filingDate,form,accession,reportDate,primaryDocument,source
1994-03-04,DEF 14A,0000950131-94-000279,1994-04-27,,CIK0000034088-submissions-002.json
1994-03-11,10-K,0000950131-94-000308,1993-12-31,,CIK0000034088-submissions-002.json
1994-03-11,11-K,0000034088-94-000001,1993-11-30,,CIK0000034088-submissions-002.json
1994-05-11,10-Q,0000034088-94-000002,1994-03-31,,CIK0000034088-submissions-002.json
1994-08-15,10-Q,0000034088-94-000003,1994-06-30,,CIK0000034088-submissions-002.json
1994-08-15,10-Q/A,0000034088-94-000004,1994-06-30,,CIK0000034088-submissions-002.json
1994-09-21,8-K,0000034088-94-000006,1994-09-16,,CIK0000034088-submissions-002.json
1994-11-14,10-Q,0000034088-94-000008,1994-09-30,,CIK0000034088-submissions-002.json
1995-03-10,10-K,0000950109-95-000647,1994-12-31,,CIK0000034088-submissions-002.json
1995-03-10,DEF 14A,0000950131-95-000547,1995-04-26,,CIK0000034088-submissions-002.json
1995-03-24,11-K,0000034088-95-000001,1994-11-30,,CIK0000034088-submissions-002.json
1995-05-11,10-Q,0000034088-95-000002,1995-03-31,,CIK0000034088-submissions-002.json
1995-06-28,S-3,0000950117-95-000238,,,CIK0000034088-submissions-002.json
1995-08-10,10-Q,0000034088-95-000003,1995-06-30,,CIK0000034088-submissions-002.json
1995-11-13,10-Q,0000034088-95-000004,1995-09-30,,CIK0000034088-submissions-002.json
1996-02-16,11-K,0000034088-96-000001,1995-11-30,,CIK0000034088-submissions-002.json
1996-03-08,10-K,0000930661-96-000138,1995-12-31,,CIK0000034088-submissions-002.json
1996-03-12,DEF 14A,0000950117-96-000195,1996-04-24,,CIK0000034088-submissions-002.json
1996-05-14,10-Q,0000034088-96-000002,1996-03-31,,CIK0000034088-submissions-002.json
1996-08-13,10-Q,0000034088-96-000003,1996-06-30,,CIK0000034088-submissions-002.json
1996-09-27,8-K,0000034088-96-000005,1996-09-24,,CIK0000034088-submissions-002.json
1996-11-13,10-Q,0000034088-96-000006,1996-09-30,,CIK0000034088-submissions-002.json
1997-02-26,11-K,0000034088-97-000001,1996-11-30,,CIK0000034088-submissions-002.json
1997-03-13,10-K405,0000930661-97-000575,1996-12-31,,CIK0000034088-submissions-002.json
1997-03-19,DEF 14A,0000950117-97-000421,1997-04-30,,CIK0000034088-submissions-002.json
1997-05-13,10-Q,0000034088-97-000003,1997-03-31,,CIK0000034088-submissions-002.json
1997-05-20,S-3,0000950117-97-000938,,,CIK0000034088-submissions-002.json
1997-08-12,10-Q,0000034088-97-000005,1997-06-30,,CIK0000034088-submissions-002.json
1997-10-28,S-8,0000950117-97-001736,,,CIK0000034088-submissions-002.json
1997-11-12,10-Q,0000034088-97-000006,1997-09-30,,CIK0000034088-submissions-002.json
1998-03-18,10-K405,0000930661-98-000526,1997-12-31,,CIK0000034088-submissions-002.json
1998-03-18,DEF 14A,0000950117-98-000542,1998-04-29,,CIK0000034088-submissions-002.json
1998-05-13,10-Q,0000034088-98-000001,1998-03-31,,CIK0000034088-submissions-002.json
1998-05-14,11-K,0000034088-98-000002,1997-11-30,,CIK0000034088-submissions-002.json
1998-08-14,10-Q,0000034088-98-000003,1998-06-30,,CIK0000034088-submissions-002.json
1998-11-12,10-Q,0000034088-98-000005,1998-09-30,,CIK0000034088-submissions-002.json
1998-12-01,8-K,0000950103-98-001038,1998-11-27,,CIK0000034088-submissions-002.json
1998-12-11,3,0000950103-98-001094,1998-12-01,,CIK0000034088-submissions-002.json
1998-12-11,SC 13D,0000950103-98-001093,,,CIK0000034088-submissions-002.json
1999-02-09,SC 13D/A,0000950103-99-000075,,,CIK0000034088-submissions-002.json
1999-02-25,S-8,0000034088-99-000002,,,CIK0000034088-submissions-002.json
1999-03-26,11-K,0000034088-99-000003,1998-11-30,,CIK0000034088-submissions-002.json
1999-03-30,10-K,0000930661-99-000626,1998-12-31,,CIK0000034088-submissions-002.json
1999-04-05,S-4,0000950103-99-000247,,,CIK0000034088-submissions-002.json
1999-04-08,DEFM14A,0000950103-99-000260,,,CIK0000034088-submissions-002.json
1999-05-06,8-K,0000950103-99-000360,1999-05-06,,CIK0000034088-submissions-002.json
1999-05-13,10-Q,0000034088-99-000004,1999-03-31,,CIK0000034088-submissions-002.json
1999-08-13,10-Q,0000034088-99-000005,1999-06-30,,CIK0000034088-submissions-002.json
1999-09-28,S-8 POS,0000950103-99-000827,,,CIK0000034088-submissions-002.json
1999-11-12,10-Q,0000034088-99-000012,1999-09-30,,CIK0000034088-submissions-002.json
1999-11-30,4,0000950103-99-001036,1999-11-30,,CIK0000034088-submissions-002.json
1999-11-30,SC 13D/A,0000950103-99-001035,,,CIK0000034088-submissions-002.json
1999-12-01,8-K,0000950103-99-001045,1999-11-30,,CIK0000034088-submissions-002.json
1999-12-06,424B3,0000950117-99-002528,,,CIK0000034088-submissions-002.json
2000-02-11,8-K/A,0000034088-00-000001,1999-11-30,,CIK0000034088-submissions-002.json
2000-03-23,10-K,0000930661-00-000656,1999-12-31,,CIK0000034088-submissions-002.json
2000-04-14,DEF 14A,0000950117-00-000929,2000-05-31,,CIK0000034088-submissions-002.json
2000-05-12,10-Q,0000034088-00-000004,2000-03-31,,CIK0000034088-submissions-002.json
2000-06-27,11-K,0000034088-00-000006,1999-12-30,0001.txt,CIK0000034088-submissions-002.json
2000-06-27,11-K,0000034088-00-000005,1999-12-31,0001.txt,CIK0000034088-submissions-002.json
2000-08-14,10-Q,0000034088-00-000009,2000-06-30,0001.txt,CIK0000034088-submissions-002.json
2000-11-13,10-Q,0000034088-00-000013,2000-09-30,0001.txt,CIK0000034088-submissions-002.json
2000-11-17,S-8 POS,0000034088-00-000014,,0001.txt,CIK0000034088-submissions-002.json
2001-03-28,10-K,0000930661-01-000781,2000-12-31,0001.txt,CIK0000034088-submissions-002.json
2001-04-02,8-K,0000930661-01-000894,2001-04-02,0001.txt,CIK0000034088-submissions-002.json
2001-04-18,DEF 14A,0000912057-01-509300,2001-05-30,a2035494zdef14a.txt,CIK0000034088-submissions-002.json
2001-05-02,DEFA14A,0000912057-01-512236,,a2046999zdefa14a.txt,CIK0000034088-submissions-002.json
2001-05-09,DEFA14A,0000912057-01-513851,,a2048324zdefa14a.txt,CIK0000034088-submissions-002.json
2001-05-14,10-Q,0000034088-01-500008,2001-03-31,firstqs.txt,CIK0000034088-submissions-002.json
2001-05-22,10-Q/A,0000034088-01-500012,2001-03-31,amendq.txt,CIK0000034088-submissions-002.json
2001-06-18,11-K,0000034088-01-500013,2000-12-31,third11k2000.txt,CIK0000034088-submissions-002.json
2001-08-13,10-Q,0000034088-01-500015,2001-06-30,sec10qs.txt,CIK0000034088-submissions-002.json
2001-09-14,11-K,0000034088-01-500020,2000-12-31,fmc11k.txt,CIK0000034088-submissions-002.json
2001-09-14,S-8,0000034088-01-500019,,s8cors2.txt,CIK0000034088-submissions-002.json
2001-11-13,10-Q,0000034088-01-500024,2001-09-30,thirdq01s.txt,CIK0000034088-submissions-002.json
2002-02-13,NO ACT,9999999997-02-012446,2002-02-11,9999999997-02-012446.paper,CIK0000034088-submissions-002.json
2002-02-26,NO ACT,9999999997-02-021099,2002-01-15,9999999997-02-021099.paper,CIK0000034088-submissions-002.json
2002-02-26,NO ACT,9999999997-02-014112,2002-01-15,9999999997-02-014112.paper,CIK0000034088-submissions-002.json
2002-03-19,NO ACT,9999999997-02-024201,2002-01-17,9999999997-02-024201.paper,CIK0000034088-submissions-002.json
2002-03-20,NO ACT,9999999997-02-024202,2002-01-24,9999999997-02-024202.paper,CIK0000034088-submissions-002.json
2002-03-25,NO ACT,9999999997-02-029974,2002-01-24,9999999997-02-029974.paper,CIK0000034088-submissions-002.json
2002-03-25,NO ACT,9999999997-02-026491,2002-01-18,9999999997-02-026491.paper,CIK0000034088-submissions-002.json
2002-03-26,NO ACT,9999999997-02-026490,2002-01-24,9999999997-02-026490.paper,CIK0000034088-submissions-002.json
2002-03-26,NO ACT,9999999997-02-026463,2002-01-22,9999999997-02-026463.paper,CIK0000034088-submissions-002.json
2002-03-26,NO ACT,9999999997-02-026461,2002-01-16,9999999997-02-026461.paper,CIK0000034088-submissions-002.json
2002-03-27,10-K,0000930661-02-000889,2001-12-31,d10k.txt,CIK0000034088-submissions-002.json
2002-03-27,NO ACT,9999999997-02-026458,2002-01-22,9999999997-02-026458.paper,CIK0000034088-submissions-002.json
2002-03-27,S-3,0000034088-02-000003,,s32001.txt,CIK0000034088-submissions-002.json
2002-03-28,NO ACT,9999999997-02-026489,2002-03-15,9999999997-02-026489.paper,CIK0000034088-submissions-002.json
2002-03-28,NO ACT,9999999997-02-026488,2002-03-25,9999999997-02-026488.paper,CIK0000034088-submissions-002.json
2002-04-17,DEF 14A,0000912057-02-015398,2002-05-29,a2070929zdef14a.txt,CIK0000034088-submissions-002.json
2002-04-18,ARS,9999999997-02-028771,2001-12-31,9999999997-02-028771.paper,CIK0000034088-submissions-002.json
2002-05-14,10-Q,0000034088-02-000010,2002-03-31,first2002.txt,CIK0000034088-submissions-002.json
2002-05-21,DEFA14A,0000912057-02-021427,,a2080722zdefa14a.txt,CIK0000034088-submissions-002.json
2002-05-28,DEFA14A,0000912057-02-022005,,a2081127zdefa14a.txt,CIK0000034088-submissions-002.json
2002-06-20,11-K,0000034088-02-000018,2001-12-31,xom11k01.txt,CIK0000034088-submissions-002.json
2002-06-27,11-K,0000034088-02-000020,2001-12-31,t11k2001fm.txt,CIK0000034088-submissions-002.json
2002-06-28,NO ACT,9999999997-02-040015,2002-06-28,9999999997-02-040015.paper,CIK0000034088-submissions-002.json
2002-06-28,NO ACT,9999999997-02-040012,2002-06-28,9999999997-02-040012.paper,CIK0000034088-submissions-002.json
2002-06-28,NO ACT,9999999997-02-040008,2002-06-28,9999999997-02-040008.paper,CIK0000034088-submissions-002.json
2002-08-01,8-K,0000034088-02-000023,2002-07-31,aug02f8k.txt,CIK0000034088-submissions-002.json
2002-08-13,10-Q,0000034088-02-000031,2002-06-30,r10q2q02s.txt,CIK0000034088-submissions-002.json
2002-08-13,8-K,0000034088-02-000033,2002-08-13,r8k-081302.txt,CIK0000034088-submissions-002.json
2002-10-09,NO ACT,9999999997-02-056558,2002-08-19,9999999997-02-056558.paper,CIK0000034088-submissions-002.json
2002-11-12,10-Q,0000034088-02-000043,2002-09-30,r10q3q02s.txt,CIK0000034088-submissions-002.json
2002-11-12,8-K,0000034088-02-000044,2002-11-12,nov1202f8k.txt,CIK0000034088-submissions-002.json
2002-11-13,8-K,0000034088-02-000048,2002-11-13,r8kcmd111302.txt,CIK0000034088-submissions-002.json
2002-11-13,S-8,0000034088-02-000046,,s8nov1302.txt,CIK0000034088-submissions-002.json
2002-12-10,8-K,0000034088-02-000050,2002-12-06,dec10028k.txt,CIK0000034088-submissions-002.json
2002-12-20,8-K,0000034088-02-000053,2002-12-20,dec028k.txt,CIK0000034088-submissions-002.json
2002-12-24,NO ACT,9999999997-03-001402,2002-12-06,9999999997-03-001402.paper,CIK0000034088-submissions-002.json
2003-01-02,NO ACT,9999999997-03-001426,2002-12-16,9999999997-03-001426.paper,CIK0000034088-submissions-002.json
2003-01-03,8-K,0000034088-03-000003,2002-12-20,ala8k10303.txt,CIK0000034088-submissions-002.json
2003-01-28,8-K,0000034088-03-000006,2003-01-28,r012803s.txt,CIK0000034088-submissions-002.json
2003-01-30,8-K,0000034088-03-000008,2003-01-30,r013003s.txt,CIK0000034088-submissions-002.json
2003-02-04,NO ACT,9999999997-03-005468,2003-01-23,9999999997-03-005468.paper,CIK0000034088-submissions-002.json
2003-02-07,SC 13G,0000034088-03-000011,,xom13g123102imperial.htm,CIK0000034088-submissions-002.json
2003-02-13,4,0000034088-03-000014,2003-02-12,xomform4021203ptm.htm,CIK0000034088-submissions-002.json
2003-02-20,4,0000034088-03-000017,2003-02-19,xomform4021903mef.htm,CIK0000034088-submissions-002.json
2003-02-24,4,0000034088-03-000019,2003-02-21,xomform4022103far.htm,CIK0000034088-submissions-002.json
2003-02-28,NO ACT,9999999997-03-008491,2003-01-15,9999999997-03-008491.paper,CIK0000034088-submissions-002.json
2003-03-07,8-K,0000034088-03-000024,2003-03-07,r030703ruhrgas.txt,CIK0000034088-submissions-002.json
2003-03-10,4,0000034088-03-000027,2003-03-06,xomform4030603jss.htm,CIK0000034088-submissions-002.json
2003-03-10,8-K,0000034088-03-000029,2003-03-10,r031003s.txt,CIK0000034088-submissions-002.json
2003-03-10,NO ACT,9999999997-03-013022,2003-01-20,9999999997-03-013022.paper,CIK0000034088-submissions-002.json
2003-03-11,NO ACT,9999999997-03-013013,2003-01-15,9999999997-03-013013.paper,CIK0000034088-submissions-002.json
2003-03-12,4,0000034088-03-000034,2003-03-10,xomform4031003ktk.htm,CIK0000034088-submissions-002.json
2003-03-12,4,0000034088-03-000032,2003-03-10,xomform4031003lrr.htm,CIK0000034088-submissions-002.json
2003-03-20,4,0000034088-03-000036,2003-03-19,xomform4031903hrc.htm,CIK0000034088-submissions-002.json
2003-03-21,4,0000034088-03-000039,2003-03-20,xomform4032003far.htm,CIK0000034088-submissions-002.json
2003-03-21,4,0000034088-03-000038,2003-03-20,xomform4032003jlt.htm,CIK0000034088-submissions-002.json
2003-03-24,4,0000034088-03-000040,2003-03-21,xomform4032103mef.htm,CIK0000034088-submissions-002.json
2003-03-24,NO ACT,9999999997-03-014695,2003-01-23,9999999997-03-014695.paper,CIK0000034088-submissions-002.json
2003-03-24,NO ACT,9999999997-03-014668,2003-01-23,9999999997-03-014668.paper,CIK0000034088-submissions-002.json
2003-03-24,NO ACT,9999999997-03-014131,2003-01-22,9999999997-03-014131.paper,CIK0000034088-submissions-002.json
2003-03-25,4,0000034088-03-000042,2003-03-24,xomform4032403ktk.htm,CIK0000034088-submissions-002.json
2003-03-25,4,0000034088-03-000041,2003-03-24,xomform4032403mef.htm,CIK0000034088-submissions-002.json
2003-03-26,10-K,0000930661-03-001208,2002-12-31,d10k.htm,CIK0000034088-submissions-002.json
2003-03-27,4,0000034088-03-000043,2003-03-25,xomform4032503lrr.htm,CIK0000034088-submissions-002.json
2003-03-27,NO ACT,9999999997-03-014686,2003-01-23,9999999997-03-014686.paper,CIK0000034088-submissions-002.json
2003-03-31,4,0000034088-03-000044,2003-03-28,xomform4032803ptm.htm,CIK0000034088-submissions-002.json
2003-04-02,4,0000034088-03-000049,2003-03-31,xomform4033103mcn.htm,CIK0000034088-submissions-002.json
2003-04-02,4,0000034088-03-000048,2003-03-31,xomform4033103ham.htm,CIK0000034088-submissions-002.json
2003-04-02,4,0000034088-03-000047,2003-03-31,xomform4033103rck.htm,CIK0000034088-submissions-002.json
2003-04-02,4,0000034088-03-000046,2003-03-31,xomform4033103hlk.htm,CIK0000034088-submissions-002.json
2003-04-02,4,0000034088-03-000045,2003-03-31,xomform4033103dvf.htm,CIK0000034088-submissions-002.json
2003-04-04,4,0000034088-03-000050,2003-04-02,xomform4040203ktk.htm,CIK0000034088-submissions-002.json
2003-04-17,DEF 14A,0001047469-03-013719,2003-05-28,a2103052zdef14a.htm,CIK0000034088-submissions-002.json
2003-04-18,ARS,9999999997-03-018188,2002-12-31,9999999997-03-018188.paper,CIK0000034088-submissions-002.json
2003-05-01,8-K,0000034088-03-000054,2003-05-01,r8k050103.txt,CIK0000034088-submissions-002.json
2003-05-05,4,0000034088-03-000056,2003-05-02,xslF345X01/primary_doc.xml,CIK0000034088-submissions-002.json
2003-05-05,4,0000034088-03-000055,2003-05-02,xslF345X01/primary_doc.xml,CIK0000034088-submissions-002.json
2003-05-06,4,0000034088-03-000057,2003-05-02,xslF345X01/primary_doc.xml,CIK0000034088-submissions-002.json
2003-05-07,8-K,0001047469-03-017276,2003-05-01,a2108625z8-k.htm,CIK0000034088-submissions-002.json
2003-05-09,4,0000034088-03-000058,2003-05-07,xslF345X01/primary_doc.xml,CIK0000034088-submissions-002.json
2003-05-13,4,0000034088-03-000059,2003-05-12,xslF345X01/primary_doc.xml,CIK0000034088-submissions-002.json
2003-05-14,10-Q,0000034088-03-000063,2003-03-31,r10q051403.txt,CIK0000034088-submissions-002.json
2003-05-14,POS AM,0000034088-03-000065,,r051403s3.txt,CIK0000034088-submissions-002.json
2003-05-23,4,0000034088-03-000066,2003-05-22,xslF345X01/primary_doc.xml,CIK0000034088-submissions-002.json
2003-05-27,4,0000034088-03-000067,2003-05-23,xslF345X01/primary_doc.xml,CIK0000034088-submissions-002.json
2003-05-28,4,0000034088-03-000069,2003-05-27,xslF345X01/primary_doc.xml,CIK0000034088-submissions-002.json
2003-05-28,4,0000034088-03-000068,2003-05-27,xslF345X01/primary_doc.xml,CIK0000034088-submissions-002.json
2003-05-29,4,0000034088-03-000070,2003-05-28,xslF345X01/primary_doc.xml,CIK0000034088-submissions-002.json
2003-05-30,4,0000034088-03-000071,2003-05-29,xslF345X01/primary_doc.xml,CIK0000034088-submissions-002.json
2003-06-04,4,0000034088-03-000072,2003-06-04,xslF345X01/primary_doc.xml,CIK0000034088-submissions-002.json
2003-06-05,4,0000034088-03-000075,2003-06-04,xslF345X01/primary_doc.xml,CIK0000034088-submissions-002.json
2003-06-05,4,0000034088-03-000074,2003-06-04,xslF345X01/primary_doc.xml,CIK0000034088-submissions-002.json
2003-06-05,4,0000034088-03-000073,2003-06-04,xslF345X01/primary_doc.xml,CIK0000034088-submissions-002.json
2003-06-09,4,0000034088-03-000077,2003-06-06,xslF345X01/primary_doc.xml,CIK0000034088-submissions-002.json
2003-06-09,4,0000034088-03-000076,2003-06-05,xslF345X01/primary_doc.xml,CIK0000034088-submissions-002.json
2003-06-10,4,0000034088-03-000078,2003-06-06,xslF345X01/primary_doc.xml,CIK0000034088-submissions-002.json
2003-06-12,4,0000034088-03-000080,2003-06-11,xslF345X01/primary_doc.xml,CIK0000034088-submissions-002.json
2003-06-12,4,0000034088-03-000079,2003-06-11,xslF345X01/primary_doc.xml,CIK0000034088-submissions-002.json
2003-06-17,4,0000034088-03-000081,2003-06-13,xslF345X01/primary_doc.xml,CIK0000034088-submissions-002.json
2003-06-20,4,0000034088-03-000082,2003-06-19,xslF345X01/primary_doc.xml,CIK0000034088-submissions-002.json
2003-06-30,11-K,0000034088-03-000087,2002-12-31,r11k062703s.txt,CIK0000034088-submissions-002.json
2003-06-30,11-K,0000034088-03-000086,2002-12-31,r11kfuelsmktg062703.txt,CIK0000034088-submissions-002.json
2003-07-01,4,0000034088-03-000091,2003-06-30,xslF345X01/primary_doc.xml,CIK0000034088-submissions-002.json
2003-07-01,4,0000034088-03-000090,2003-06-30,xslF345X01/primary_doc.xml,CIK0000034088-submissions-002.json
2003-07-01,4,0000034088-03-000089,2003-06-30,xslF345X01/primary_doc.xml,CIK0000034088-submissions-002.json
2003-07-01,4,0000034088-03-000088,2003-07-01,xslF345X01/primary_doc.xml,CIK0000034088-submissions-002.json
2003-07-02,3,0000034088-03-000092,2003-07-01,xslF345X01/primary_doc.xml,CIK0000034088-submissions-002.json
2003-07-02,4,0000034088-03-000094,2003-06-30,xslF345X01/primary_doc.xml,CIK0000034088-submissions-002.json
2003-07-02,4,0000034088-03-000093,2003-06-30,xslF345X01/primary_doc.xml,CIK0000034088-submissions-002.json
2003-07-31,8-K,0000034088-03-000099,2003-07-31,r8k073103.txt,CIK0000034088-submissions-002.json
2003-08-06,4,0000034088-03-000102,2003-08-05,xslF345X02/primary_doc.xml,CIK0000034088-submissions-002.json
2003-08-06,4,0000034088-03-000101,2003-08-05,xslF345X02/primary_doc.xml,CIK0000034088-submissions-002.json
2003-08-11,4,0000034088-03-000103,2003-08-08,xslF345X02/primary_doc.xml,CIK0000034088-submissions-002.json
2003-08-13,10-Q,0000034088-03-000105,2003-06-30,r10q081303.txt,CIK0000034088-submissions-002.json
2003-08-20,4,0000034088-03-000106,2003-08-18,xslF345X02/primary_doc.xml,CIK0000034088-submissions-002.json
2003-08-25,4,0000034088-03-000107,2003-08-22,xslF345X02/primary_doc.xml,CIK0000034088-submissions-002.json
2003-08-26,4,0000034088-03-000110,2003-08-25,xslF345X02/primary_doc.xml,CIK0000034088-submissions-002.json
2003-08-26,8-K,0000034088-03-000109,2003-08-22,r8k082603s.txt,CIK0000034088-submissions-002.json
2003-09-03,4,0000034088-03-000111,2003-08-29,xslF345X02/primary_doc.xml,CIK0000034088-submissions-002.json
2003-09-04,4,0000034088-03-000114,2003-09-03,xslF345X02/primary_doc.xml,CIK0000034088-submissions-002.json
2003-09-04,4,0000034088-03-000113,2003-09-03,xslF345X02/primary_doc.xml,CIK0000034088-submissions-002.json
2003-09-04,4,0000034088-03-000112,2003-09-03,xslF345X02/primary_doc.xml,CIK0000034088-submissions-002.json
2003-09-05,4,0000034088-03-000115,2003-09-04,xslF345X02/primary_doc.xml,CIK0000034088-submissions-002.json
2003-09-09,4,0000034088-03-000117,2003-09-08,xslF345X02/primary_doc.xml,CIK0000034088-submissions-002.json
2003-09-09,4,0000034088-03-000116,2003-09-08,xslF345X02/primary_doc.xml,CIK0000034088-submissions-002.json
2003-09-10,4,0000034088-03-000119,2003-09-09,xslF345X02/primary_doc.xml,CIK0000034088-submissions-002.json
2003-09-10,4,0000034088-03-000118,2003-09-09,xslF345X02/primary_doc.xml,CIK0000034088-submissions-002.json
2003-09-12,4,0000034088-03-000121,2003-09-11,xslF345X02/primary_doc.xml,CIK0000034088-submissions-002.json
2003-09-12,4,0000034088-03-000120,2003-09-11,xslF345X02/primary_doc.xml,CIK0000034088-submissions-002.json
2003-09-16,4,0000034088-03-000122,2003-09-15,xslF345X02/primary_doc.xml,CIK0000034088-submissions-002.json
2003-09-17,4,0000034088-03-000123,2003-09-16,xslF345X02/primary_doc.xml,CIK0000034088-submissions-002.json
2003-09-24,4,0000034088-03-000124,2003-09-23,xslF345X02/primary_doc.xml,CIK0000034088-submissions-002.json
2003-10-01,4,0000034088-03-000129,2003-09-30,xslF345X02/primary_doc.xml,CIK0000034088-submissions-002.json
2003-10-01,4,0000034088-03-000128,2003-09-30,xslF345X02/primary_doc.xml,CIK0000034088-submissions-002.json
2003-10-01,4,0000034088-03-000127,2003-09-30,xslF345X02/primary_doc.xml,CIK0000034088-submissions-002.json
2003-10-01,4,0000034088-03-000126,2003-09-30,xslF345X02/primary_doc.xml,CIK0000034088-submissions-002.json
2003-10-01,4,0000034088-03-000125,2003-09-30,xslF345X02/primary_doc.xml,CIK0000034088-submissions-002.json
2003-10-20,4,0000034088-03-000130,2003-10-17,xslF345X02/primary_doc.xml,CIK0000034088-submissions-002.json
2003-10-30,8-K,0000034088-03-000133,2003-10-30,r8k103003.htm,CIK0000034088-submissions-002.json
2003-10-31,4,0000034088-03-000134,2003-10-30,xslF345X02/primary_doc.xml,CIK0000034088-submissions-002.json
2003-11-05,4,0000034088-03-000136,2003-11-04,xslF345X02/primary_doc.xml,CIK0000034088-submissions-002.json
2003-11-05,4,0000034088-03-000135,2003-11-03,xslF345X02/primary_doc.xml,CIK0000034088-submissions-002.json
2003-11-12,4,0000034088-03-000138,2003-11-11,xslF345X02/primary_doc.xml,CIK0000034088-submissions-002.json
2003-11-13,10-Q,0000034088-03-000141,2003-09-30,f10q3q2003masterv61.htm,CIK0000034088-submissions-002.json
2003-11-14,4,0000034088-03-000143,2003-11-13,xslF345X02/primary_doc.xml,CIK0000034088-submissions-002.json
2003-11-14,8-K,0000034088-03-000146,2003-11-14,f8kalabama1114.htm,CIK0000034088-submissions-002.json
2003-11-14,S-8,0000034088-03-000144,,s8111403s.htm,CIK0000034088-submissions-002.json
2003-11-17,4,0000034088-03-000147,2003-11-14,xslF345X02/primary_doc.xml,CIK0000034088-submissions-002.json
2003-11-20,8-K,0000034088-03-000150,2003-11-20,r8k112003.htm,CIK0000034088-submissions-002.json
2003-11-24,4,0000034088-03-000152,2003-11-20,xslF345X02/primary_doc.xml,CIK0000034088-submissions-002.json
2003-11-24,4,0000034088-03-000151,2003-11-20,xslF345X02/primary_doc.xml,CIK0000034088-submissions-002.json
2003-11-25,4,0000034088-03-000153,2003-11-24,xslF345X02/primary_doc.xml,CIK0000034088-submissions-002.json
2003-11-28,4,0000034088-03-000169,2003-11-25,xslF345X02/primary_doc.xml,CIK0000034088-submissions-002.json
2003-11-28,4,0000034088-03-000168,2003-11-25,xslF345X02/primary_doc.xml,CIK0000034088-submissions-002.json
2003-11-28,4,0000034088-03-000167,2003-11-25,xslF345X02/primary_doc.xml,CIK0000034088-submissions-002.json
2003-11-28,4,0000034088-03-000166,2003-11-25,xslF345X02/primary_doc.xml,CIK0000034088-submissions-002.json
2003-11-28,4,0000034088-03-000165,2003-11-25,xslF345X02/primary_doc.xml,CIK0000034088-submissions-002.json
2003-11-28,4,0000034088-03-000164,2003-11-25,xslF345X02/primary_doc.xml,CIK0000034088-submissions-002.json
2003-11-28,4,0000034088-03-000163,2003-11-25,xslF345X02/primary_doc.xml,CIK0000034088-submissions-002.json
2003-11-28,4,0000034088-03-000162,2003-11-25,xslF345X02/primary_doc.xml,CIK0000034088-submissions-002.json
2003-11-28,4,0000034088-03-000161,2003-11-25,xslF345X02/primary_doc.xml,CIK0000034088-submissions-002.json
2003-11-28,4,0000034088-03-000160,2003-11-25,xslF345X02/primary_doc.xml,CIK0000034088-submissions-002.json
2003-11-28,4,0000034088-03-000159,2003-11-25,xslF345X02/primary_doc.xml,CIK0000034088-submissions-002.json
2003-11-28,4,0000034088-03-000158,2003-11-25,xslF345X02/primary_doc.xml,CIK0000034088-submissions-002.json
2003-11-28,4,0000034088-03-000157,2003-11-25,xslF345X02/primary_doc.xml,CIK0000034088-submissions-002.json
2003-11-28,4,0000034088-03-000156,2003-11-25,xslF345X02/primary_doc.xml,CIK0000034088-submissions-002.json
2003-11-28,4,0000034088-03-000155,2003-11-25,xslF345X02/primary_doc.xml,CIK0000034088-submissions-002.json
2003-11-28,4,0000034088-03-000154,2003-11-25,xslF345X02/primary_doc.xml,CIK0000034088-submissions-002.json
2003-12-02,4,0000034088-03-000170,2003-12-01,xslF345X02/primary_doc.xml,CIK0000034088-submissions-002.json
2003-12-03,4,0000034088-03-000171,2003-12-02,xslF345X02/primary_doc.xml,CIK0000034088-submissions-002.json
2003-12-15,4,0000034088-03-000172,2003-12-10,xslF345X02/primary_doc.xml,CIK0000034088-submissions-002.json
2003-12-16,4,0000034088-03-000174,2003-12-12,xslF345X02/primary_doc.xml,CIK0000034088-submissions-002.json
2003-12-16,4,0000034088-03-000173,2003-12-11,xslF345X02/primary_doc.xml,CIK0000034088-submissions-002.json
2003-12-17,4,0000034088-03-000175,2003-12-16,xslF345X02/primary_doc.xml,CIK0000034088-submissions-002.json
2003-12-22,4,0000034088-03-000176,2003-12-18,xslF345X02/primary_doc.xml,CIK0000034088-submissions-002.json
2003-12-23,4,0000034088-03-000177,2003-12-23,xslF345X02/primary_doc.xml,CIK0000034088-submissions-002.json
2004-01-05,4,0000034088-04-000010,2003-12-31,xslF345X02/primary_doc.xml,CIK0000034088-submissions-002.json
2004-01-05,4,0000034088-04-000009,2003-12-31,xslF345X02/primary_doc.xml,CIK0000034088-submissions-002.json
2004-01-05,4,0000034088-04-000008,2003-12-31,xslF345X02/primary_doc.xml,CIK0000034088-submissions-002.json
2004-01-05,4,0000034088-04-000007,2003-12-31,xslF345X02/primary_doc.xml,CIK0000034088-submissions-002.json
2004-01-05,4,0000034088-04-000006,2003-12-31,xslF345X02/primary_doc.xml,CIK0000034088-submissions-002.json
2004-01-05,4,0000034088-04-000005,2004-01-01,xslF345X02/primary_doc.xml,CIK0000034088-submissions-002.json
2004-01-05,4,0000034088-04-000004,2004-01-01,xslF345X02/primary_doc.xml,CIK0000034088-submissions-002.json
2004-01-05,4,0000034088-04-000003,2004-01-01,xslF345X02/primary_doc.xml,CIK0000034088-submissions-002.json
2004-01-05,4,0000034088-04-000002,2004-01-01,xslF345X02/primary_doc.xml,CIK0000034088-submissions-002.json
2004-01-05,4,0000034088-04-000001,2004-01-01,xslF345X02/primary_doc.xml,CIK0000034088-submissions-002.json
2004-01-13,8-K,0000034088-04-000013,2004-01-13,r8k011304.htm,CIK0000034088-submissions-002.json
2004-01-21,4,0000034088-04-000015,2004-01-19,xslF345X02/primary_doc.xml,CIK0000034088-submissions-002.json
2004-01-21,4,0000034088-04-000014,2004-01-19,xslF345X02/primary_doc.xml,CIK0000034088-submissions-002.json
2004-01-26,NO ACT,9999999997-04-004847,2004-01-13,9999999997-04-004847.paper,CIK0000034088-submissions-002.json
2004-01-27,4,0000034088-04-000016,2004-01-23,xslF345X02/primary_doc.xml,CIK0000034088-submissions-002.json
2004-01-29,8-K,0000034088-04-000020,2004-01-28,r8k012904v.htm,CIK0000034088-submissions-002.json
2004-01-29,8-K,0000034088-04-000018,2004-01-29,r8k012904.htm,CIK0000034088-submissions-002.json
2004-01-30,4,0000034088-04-000021,2004-01-29,xslF345X02/primary_doc.xml,CIK0000034088-submissions-002.json
2004-02-02,4,0000034088-04-000026,2004-01-29,xslF345X02/primary_doc.xml,CIK0000034088-submissions-002.json
2004-02-02,4,0000034088-04-000025,2004-01-29,xslF345X02/primary_doc.xml,CIK0000034088-submissions-002.json
2004-02-02,4,0000034088-04-000023,2004-01-29,xslF345X02/primary_doc.xml,CIK0000034088-submissions-002.json
2004-02-02,4,0000034088-04-000022,2004-01-29,xslF345X02/primary_doc.xml,CIK0000034088-submissions-002.json
2004-02-02,4/A,0000034088-04-000024,2004-01-29,xslF345X02/primary_doc.xml,CIK0000034088-submissions-002.json
2004-02-03,4,0000034088-04-000028,2004-02-02,xslF345X02/primary_doc.xml,CIK0000034088-submissions-002.json
2004-02-03,4,0000034088-04-000027,2004-02-02,xslF345X02/primary_doc.xml,CIK0000034088-submissions-002.json
2004-02-04,4,0000034088-04-000029,2004-02-04,xslF345X02/primary_doc.xml,CIK0000034088-submissions-002.json
2004-02-10,4,0000034088-04-000033,2004-02-09,xslF345X02/primary_doc.xml,CIK0000034088-submissions-002.json
2004-02-10,SC 13G,0000034088-04-000032,,xom13g123103imperial.htm,CIK0000034088-submissions-002.json
2004-02-12,4,0000034088-04-000035,2004-02-10,xslF345X02/primary_doc.xml,CIK0000034088-submissions-002.json
2004-02-12,4,0000034088-04-000034,2004-02-10,xslF345X02/primary_doc.xml,CIK0000034088-submissions-002.json
2004-02-13,4,0000034088-04-000042,2004-02-12,xslF345X02/primary_doc.xml,CIK0000034088-submissions-002.json
2004-02-13,4,0000034088-04-000039,2004-02-12,xslF345X02/primary_doc.xml,CIK0000034088-submissions-002.json
2004-02-13,4,0000034088-04-000038,2004-02-11,xslF345X02/primary_doc.xml,CIK0000034088-submissions-002.json
2004-02-13,4,0000034088-04-000037,2004-02-11,xslF345X02/primary_doc.xml,CIK0000034088-submissions-002.json
2004-02-13,4,0000034088-04-000036,2004-02-11,xslF345X02/primary_doc.xml,CIK0000034088-submissions-002.json
2004-02-17,4,0000034088-04-000044,2004-02-13,xslF345X02/primary_doc.xml,CIK0000034088-submissions-002.json
2004-02-17,4,0000034088-04-000043,2004-02-13,xslF345X02/primary_doc.xml,CIK0000034088-submissions-002.json
2004-02-18,8-K,0000034088-04-000046,2004-02-18,r8k021804.htm,CIK0000034088-submissions-002.json
2004-02-19,4,0000034088-04-000048,2004-02-18,xslF345X02/primary_doc.xml,CIK0000034088-submissions-002.json
2004-02-19,4,0000034088-04-000047,2004-02-17,xslF345X02/primary_doc.xml,CIK0000034088-submissions-002.json
2004-02-23,4,0000034088-04-000049,2004-02-20,xslF345X02/primary_doc.xml,CIK0000034088-submissions-002.json
2004-02-23,NO ACT,9999999997-04-008109,2004-01-14,9999999997-04-008109.paper,CIK0000034088-submissions-002.json
2004-02-24,4,0000034088-04-000051,2004-02-23,xslF345X02/primary_doc.xml,CIK0000034088-submissions-002.json
2004-02-24,4,0000034088-04-000050,2004-02-20,xslF345X02/primary_doc.xml,CIK0000034088-submissions-002.json
2004-02-25,NO ACT,9999999997-04-007859,2004-01-22,9999999997-04-007859.paper,CIK0000034088-submissions-002.json
2004-02-26,4,0000034088-04-000052,2004-02-24,xslF345X02/primary_doc.xml,CIK0000034088-submissions-002.json
2004-02-27,8-K,0000034088-04-000054,2004-02-26,r8k022704.htm,CIK0000034088-submissions-002.json
2004-02-27,NO ACT,9999999997-04-008771,2004-01-15,9999999997-04-008771.paper,CIK0000034088-submissions-002.json
2004-03-01,NO ACT,9999999997-04-008471,2004-01-19,9999999997-04-008471.paper,CIK0000034088-submissions-002.json
2004-03-05,NO ACT,9999999997-04-009594,2004-01-20,9999999997-04-009594.paper,CIK0000034088-submissions-002.json
2004-03-10,4,0000034088-04-000055,2004-03-09,xslF345X02/primary_doc.xml,CIK0000034088-submissions-002.json
2004-03-11,4,0000034088-04-000057,2004-03-09,xslF345X02/primary_doc.xml,CIK0000034088-submissions-002.json
2004-03-11,4,0000034088-04-000056,2004-03-09,xslF345X02/primary_doc.xml,CIK0000034088-submissions-002.json
2004-03-15,10-K,0001193125-04-041877,2003-12-31,d10k.htm,CIK0000034088-submissions-002.json
2004-03-17,8-K,0000034088-04-000059,2004-03-10,r8k031704.htm,CIK0000034088-submissions-002.json
2004-03-17,8-K,0000950134-04-003645,2004-03-17,d13667e8vk.htm,CIK0000034088-submissions-002.json
2004-03-18,NO ACT,9999999997-04-013494,2004-01-22,9999999997-04-013494.paper,CIK0000034088-submissions-002.json
2004-03-18,NO ACT,9999999997-04-013493,2004-01-22,9999999997-04-013493.paper,CIK0000034088-submissions-002.json
2004-03-19,NO ACT,9999999997-04-013542,2004-01-22,9999999997-04-013542.paper,CIK0000034088-submissions-002.json
2004-03-22,4,0000034088-04-000062,2004-03-19,xslF345X02/primary_doc.xml,CIK0000034088-submissions-002.json
2004-03-30,8-K,0000034088-04-000064,2004-03-29,r8k033004.htm,CIK0000034088-submissions-002.json
2004-04-01,4,0000034088-04-000069,2004-03-31,xslF345X02/primary_doc.xml,CIK0000034088-submissions-002.json
2004-04-01,4,0000034088-04-000068,2004-03-31,xslF345X02/primary_doc.xml,CIK0000034088-submissions-002.json
2004-04-01,4,0000034088-04-000067,2004-03-31,xslF345X02/primary_doc.xml,CIK0000034088-submissions-002.json
2004-04-01,4,0000034088-04-000066,2004-03-31,xslF345X02/primary_doc.xml,CIK0000034088-submissions-002.json
2004-04-01,4,0000034088-04-000065,2004-03-31,xslF345X02/primary_doc.xml,CIK0000034088-submissions-002.json
2004-04-01,NO ACT,9999999997-04-019632,2004-03-12,9999999997-04-019632.paper,CIK0000034088-submissions-002.json
2004-04-14,4,0000034088-04-000070,2004-04-12,xslF345X02/primary_doc.xml,CIK0000034088-submissions-002.json
2004-04-14,DEF 14A,0001047469-04-011934,2004-05-26,a2130444zdef14a.htm,CIK0000034088-submissions-002.json
2004-04-15,ARS,9999999997-04-018417,2003-12-31,9999999997-04-018417.paper,CIK0000034088-submissions-002.json
2004-04-26,4,0000034088-04-000073,2004-04-23,xslF345X02/primary_doc.xml,CIK0000034088-submissions-002.json
2004-04-29,8-K,0000034088-04-000077,2004-04-29,r8k042904.htm,CIK0000034088-submissions-002.json
2004-04-30,4,0000034088-04-000078,2004-04-29,xslF345X02/primary_doc.xml,CIK0000034088-submissions-002.json
2004-05-03,4,0000034088-04-000081,2004-04-30,xslF345X02/primary_doc.xml,CIK0000034088-submissions-002.json
2004-05-03,4,0000034088-04-000080,2004-04-29,xslF345X02/primary_doc.xml,CIK0000034088-submissions-002.json
2004-05-03,4,0000034088-04-000079,2004-04-29,xslF345X02/primary_doc.xml,CIK0000034088-submissions-002.json
2004-05-04,4,0000034088-04-000082,2004-04-30,xslF345X02/primary_doc.xml,CIK0000034088-submissions-002.json
2004-05-05,4,0000034088-04-000084,2004-05-03,xslF345X02/primary_doc.xml,CIK0000034088-submissions-002.json
2004-05-05,4,0000034088-04-000083,2004-05-03,xslF345X02/primary_doc.xml,CIK0000034088-submissions-002.json
2004-05-06,4,0000034088-04-000087,2004-05-04,xslF345X02/primary_doc.xml,CIK0000034088-submissions-002.json
2004-05-06,4,0000034088-04-000086,2004-05-04,xslF345X02/primary_doc.xml,CIK0000034088-submissions-002.json
2004-05-06,4,0000034088-04-000085,2004-05-04,xslF345X02/primary_doc.xml,CIK0000034088-submissions-002.json
2004-05-07,10-Q,0000034088-04-000092,2004-03-31,r10q050704.htm,CIK0000034088-submissions-002.json
2004-05-07,4,0000034088-04-000091,2004-05-05,xslF345X02/primary_doc.xml,CIK0000034088-submissions-002.json
2004-05-10,4,0000034088-04-000093,2004-05-06,xslF345X02/primary_doc.xml,CIK0000034088-submissions-002.json
2004-05-13,4,0000034088-04-000094,2004-05-12,xslF345X02/primary_doc.xml,CIK0000034088-submissions-002.json
2004-05-27,4,0000034088-04-000097,2004-05-26,xslF345X02/primary_doc.xml,CIK0000034088-submissions-002.json
2004-05-27,4,0000034088-04-000096,2004-05-26,xslF345X02/primary_doc.xml,CIK0000034088-submissions-002.json
2004-05-27,4,0000034088-04-000095,2004-05-25,xslF345X02/primary_doc.xml,CIK0000034088-submissions-002.json
2004-05-28,4,0000034088-04-000105,2004-05-26,xslF345X02/primary_doc.xml,CIK0000034088-submissions-002.json
2004-05-28,4,0000034088-04-000104,2004-05-26,xslF345X02/primary_doc.xml,CIK0000034088-submissions-002.json
2004-05-28,4,0000034088-04-000103,2004-05-26,xslF345X02/primary_doc.xml,CIK0000034088-submissions-002.json
2004-05-28,4,0000034088-04-000102,2004-05-26,xslF345X02/primary_doc.xml,CIK0000034088-submissions-002.json
2004-05-28,4,0000034088-04-000101,2004-05-26,xslF345X02/primary_doc.xml,CIK0000034088-submissions-002.json
2004-05-28,4,0000034088-04-000100,2004-05-26,xslF345X02/primary_doc.xml,CIK0000034088-submissions-002.json
2004-05-28,4,0000034088-04-000099,2004-05-26,xslF345X02/primary_doc.xml,CIK0000034088-submissions-002.json
2004-05-28,4,0000034088-04-000098,2004-05-26,xslF345X02/primary_doc.xml,CIK0000034088-submissions-002.json
2004-06-03,4,0000034088-04-000108,2004-06-01,xslF345X02/primary_doc.xml,CIK0000034088-submissions-002.json
2004-06-03,4,0000034088-04-000107,2004-06-01,xslF345X02/primary_doc.xml,CIK0000034088-submissions-002.json
2004-06-03,4,0000034088-04-000106,2004-05-31,xslF345X02/primary_doc.xml,CIK0000034088-submissions-002.json
2004-06-04,4,0000034088-04-000109,2004-06-02,xslF345X02/primary_doc.xml,CIK0000034088-submissions-002.json
2004-06-07,3,0000034088-04-000110,2004-06-01,xslF345X02/primary_doc.xml,CIK0000034088-submissions-002.json
2004-06-09,4,0000034088-04-000112,2004-06-07,xslF345X02/primary_doc.xml,CIK0000034088-submissions-002.json
2004-06-09,4,0000034088-04-000111,2004-06-07,xslF345X02/primary_doc.xml,CIK0000034088-submissions-002.json
2004-06-14,4,0000034088-04-000115,2004-06-10,xslF345X02/primary_doc.xml,CIK0000034088-submissions-002.json
2004-06-14,4,0000034088-04-000114,2004-06-10,xslF345X02/primary_doc.xml,CIK0000034088-submissions-002.json
2004-06-14,4,0000034088-04-000113,2004-06-10,xslF345X02/primary_doc.xml,CIK0000034088-submissions-002.json
2004-06-16,4,0000034088-04-000116,2004-06-14,xslF345X02/primary_doc.xml,CIK0000034088-submissions-002.json
2004-06-25,11-K,0000034088-04-000124,2003-12-31,r11k062504s.txt,CIK0000034088-submissions-002.json
2004-06-28,11-K,0000034088-04-000127,2003-12-31,r11kfuelsmktg062804.txt,CIK0000034088-submissions-002.json
2004-07-02,4,0000034088-04-000128,2004-06-30,xslF345X02/primary_doc.xml,CIK0000034088-submissions-002.json
2004-07-06,4,0000034088-04-000131,2004-07-01,xslF345X02/primary_doc.xml,CIK0000034088-submissions-002.json
2004-07-06,4,0000034088-04-000130,2004-07-01,xslF345X02/primary_doc.xml,CIK0000034088-submissions-002.json
2004-07-06,4,0000034088-04-000129,2004-07-01,xslF345X02/primary_doc.xml,CIK0000034088-submissions-002.json
2004-07-07,3,0000034088-04-000132,2004-07-01,xslF345X02/primary_doc.xml,CIK0000034088-submissions-002.json
2004-07-27,4,0000034088-04-000133,2004-07-26,xslF345X02/primary_doc.xml,CIK0000034088-submissions-002.json
2004-07-29,8-K,0000034088-04-000144,2004-07-29,r8k072904.htm,CIK0000034088-submissions-002.json
2004-08-02,4,0000034088-04-000150,2004-07-29,xslF345X02/primary_doc.xml,CIK0000034088-submissions-002.json
2004-08-02,4,0000034088-04-000149,2004-07-29,xslF345X02/primary_doc.xml,CIK0000034088-submissions-002.json
2004-08-02,4,0000034088-04-000148,2004-07-29,xslF345X02/primary_doc.xml,CIK0000034088-submissions-002.json
2004-08-02,4,0000034088-04-000147,2004-07-29,xslF345X02/primary_doc.xml,CIK0000034088-submissions-002.json
2004-08-02,4,0000034088-04-000146,2004-07-29,xslF345X02/primary_doc.xml,CIK0000034088-submissions-002.json
2004-08-02,4,0000034088-04-000145,2004-07-30,xslF345X02/primary_doc.xml,CIK0000034088-submissions-002.json
2004-08-03,4,0000034088-04-000152,2004-07-30,xslF345X02/primary_doc.xml,CIK0000034088-submissions-002.json
2004-08-03,4,0000034088-04-000151,2004-07-30,xslF345X02/primary_doc.xml,CIK0000034088-submissions-002.json
2004-08-05,4,0000034088-04-000156,2004-08-03,xslF345X02/primary_doc.xml,CIK0000034088-submissions-002.json
2004-08-05,4,0000034088-04-000155,2004-08-03,xslF345X02/primary_doc.xml,CIK0000034088-submissions-002.json
2004-08-05,4,0000034088-04-000154,2004-08-03,xslF345X02/primary_doc.xml,CIK0000034088-submissions-002.json
2004-08-05,4,0000034088-04-000153,2004-08-03,xslF345X02/primary_doc.xml,CIK0000034088-submissions-002.json
2004-08-06,10-Q,0000034088-04-000163,2004-06-30,r10q080604.htm,CIK0000034088-submissions-002.json
2004-08-06,4,0000034088-04-000164,2004-08-04,xslF345X02/primary_doc.xml,CIK0000034088-submissions-002.json
2004-08-06,S-8,0000034088-04-000165,,s8080604s.htm,CIK0000034088-submissions-002.json
2004-08-24,4,0000034088-04-000167,2004-08-23,xslF345X02/primary_doc.xml,CIK0000034088-submissions-002.json
2004-08-27,4,0000034088-04-000181,2004-08-26,xslF345X02/primary_doc.xml,CIK0000034088-submissions-002.json
2004-09-01,8-K,0000034088-04-000184,2004-08-30,r8k090104.htm,CIK0000034088-submissions-002.json
2004-09-02,4,0000034088-04-000186,2004-09-01,xslF345X02/primary_doc.xml,CIK0000034088-submissions-002.json
2004-09-02,4,0000034088-04-000185,2004-08-31,xslF345X02/primary_doc.xml,CIK0000034088-submissions-002.json
2004-09-03,4,0000034088-04-000187,2004-09-01,xslF345X02/primary_doc.xml,CIK0000034088-submissions-002.json
2004-09-07,3,0000034088-04-000189,2004-09-01,xslF345X02/primary_doc.xml,CIK0000034088-submissions-002.json
2004-09-07,4,0000034088-04-000188,2004-09-02,xslF345X02/primary_doc.xml,CIK0000034088-submissions-002.json
2004-09-08,4,0000034088-04-000191,2004-09-07,xslF345X02/primary_doc.xml,CIK0000034088-submissions-002.json
2004-09-08,4,0000034088-04-000190,2004-09-03,xslF345X02/primary_doc.xml,CIK0000034088-submissions-002.json
2004-09-10,4,0000034088-04-000194,2004-09-09,xslF345X02/primary_doc.xml,CIK0000034088-submissions-002.json
2004-09-10,4,0000034088-04-000193,2004-09-09,xslF345X02/primary_doc.xml,CIK0000034088-submissions-002.json
2004-09-10,4,0000034088-04-000192,2004-09-09,xslF345X02/primary_doc.xml,CIK0000034088-submissions-002.json
2004-09-15,4,0000034088-04-000196,2004-09-13,xslF345X02/primary_doc.xml,CIK0000034088-submissions-002.json
2004-09-16,4,0000034088-04-000200,2004-09-14,xslF345X02/primary_doc.xml,CIK0000034088-submissions-002.json
2004-09-16,4,0000034088-04-000199,2004-09-14,xslF345X02/primary_doc.xml,CIK0000034088-submissions-002.json
2004-09-16,4,0000034088-04-000198,2004-09-14,xslF345X02/primary_doc.xml,CIK0000034088-submissions-002.json
2004-09-16,4,0000034088-04-000197,2004-09-14,xslF345X02/primary_doc.xml,CIK0000034088-submissions-002.json
2004-10-04,4,0000034088-04-000203,2004-09-30,xslF345X02/primary_doc.xml,CIK0000034088-submissions-002.json
2004-10-04,4,0000034088-04-000202,2004-09-30,xslF345X02/primary_doc.xml,CIK0000034088-submissions-002.json
2004-10-04,4,0000034088-04-000201,2004-09-30,xslF345X02/primary_doc.xml,CIK0000034088-submissions-002.json
2004-10-06,3,0000034088-04-000212,2004-10-01,xslF345X02/primary_doc.xml,CIK0000034088-submissions-002.json
2004-10-14,4,0000034088-04-000225,2004-10-12,xslF345X02/primary_doc.xml,CIK0000034088-submissions-002.json
2004-10-15,8-K,0000034088-04-000228,2004-10-12,r8k101504.htm,CIK0000034088-submissions-002.json
2004-10-28,8-K,0000034088-04-000240,2004-10-28,r8k102804.htm,CIK0000034088-submissions-002.json
2004-11-01,4,0000034088-04-000244,2004-10-29,xslF345X02/primary_doc.xml,CIK0000034088-submissions-002.json
2004-11-01,4,0000034088-04-000243,2004-10-29,xslF345X02/primary_doc.xml,CIK0000034088-submissions-002.json
2004-11-01,8-K,0000034088-04-000242,2004-11-01,r8k110104.htm,CIK0000034088-submissions-002.json
2004-11-05,4,0000034088-04-000247,2004-11-04,xslF345X02/primary_doc.xml,CIK0000034088-submissions-002.json
2004-11-08,10-Q,0000034088-04-000250,2004-09-30,r10q110804.htm,CIK0000034088-submissions-002.json
2004-11-08,4,0000034088-04-000251,2004-11-05,xslF345X02/primary_doc.xml,CIK0000034088-submissions-002.json
2004-11-09,4,0000034088-04-000253,2004-11-05,xslF345X02/primary_doc.xml,CIK0000034088-submissions-002.json
2004-11-09,4,0000034088-04-000252,2004-11-05,xslF345X02/primary_doc.xml,CIK0000034088-submissions-002.json
2004-11-10,4,0000034088-04-000254,2004-11-08,xslF345X02/primary_doc.xml,CIK0000034088-submissions-002.json
2004-11-16,4,0000034088-04-000256,2004-11-12,xslF345X02/primary_doc.xml,CIK0000034088-submissions-002.json
2004-11-16,4,0000034088-04-000255,2004-11-12,xslF345X02/primary_doc.xml,CIK0000034088-submissions-002.json
2004-11-17,4,0000034088-04-000258,2004-11-15,xslF345X02/primary_doc.xml,CIK0000034088-submissions-002.json
2004-11-17,4,0000034088-04-000257,2004-11-15,xslF345X02/primary_doc.xml,CIK0000034088-submissions-002.json
2004-11-24,4,0000034088-04-000276,2004-11-22,xslF345X02/primary_doc.xml,CIK0000034088-submissions-002.json
2004-11-24,4,0000034088-04-000274,2004-11-22,xslF345X02/primary_doc.xml,CIK0000034088-submissions-002.json
2004-11-24,4,0000034088-04-000273,2004-11-22,xslF345X02/primary_doc.xml,CIK0000034088-submissions-002.json
2004-11-24,4,0000034088-04-000272,2004-11-22,xslF345X02/primary_doc.xml,CIK0000034088-submissions-002.json
2004-11-24,4,0000034088-04-000271,2004-11-22,xslF345X02/primary_doc.xml,CIK0000034088-submissions-002.json
2004-11-24,4,0000034088-04-000270,2004-11-22,xslF345X02/primary_doc.xml,CIK0000034088-submissions-002.json
2004-11-24,4,0000034088-04-000269,2004-11-22,xslF345X02/primary_doc.xml,CIK0000034088-submissions-002.json
2004-11-24,4,0000034088-04-000268,2004-11-22,xslF345X02/primary_doc.xml,CIK0000034088-submissions-002.json
2004-11-24,4,0000034088-04-000267,2004-11-22,xslF345X02/primary_doc.xml,CIK0000034088-submissions-002.json
2004-11-24,4,0000034088-04-000266,2004-11-22,xslF345X02/primary_doc.xml,CIK0000034088-submissions-002.json
2004-11-24,4,0000034088-04-000265,2004-11-22,xslF345X02/primary_doc.xml,CIK0000034088-submissions-002.json
2004-11-24,4,0000034088-04-000264,2004-11-22,xslF345X02/primary_doc.xml,CIK0000034088-submissions-002.json
2004-11-24,4,0000034088-04-000263,2004-11-22,xslF345X02/primary_doc.xml,CIK0000034088-submissions-002.json
2004-11-24,4,0000034088-04-000262,2004-11-22,xslF345X02/primary_doc.xml,CIK0000034088-submissions-002.json
2004-11-24,4,0000034088-04-000261,2004-11-22,xslF345X02/primary_doc.xml,CIK0000034088-submissions-002.json
2004-11-24,4,0000034088-04-000260,2004-11-22,xslF345X02/primary_doc.xml,CIK0000034088-submissions-002.json
2004-11-24,4,0000034088-04-000259,2004-11-22,xslF345X02/primary_doc.xml,CIK0000034088-submissions-002.json
2004-11-29,8-K,0000034088-04-000278,2004-11-22,r8k112904.htm,CIK0000034088-submissions-002.json
2004-11-30,4,0000034088-04-000279,2004-11-24,xslF345X02/primary_doc.xml,CIK0000034088-submissions-002.json
2004-12-03,4,0000034088-04-000280,2004-12-01,xslF345X02/primary_doc.xml,CIK0000034088-submissions-002.json
2004-12-06,3,0000034088-04-000281,2004-12-01,xslF345X02/primary_doc.xml,CIK0000034088-submissions-002.json
2004-12-08,4,0000034088-04-000282,2004-12-07,xslF345X02/primary_doc.xml,CIK0000034088-submissions-002.json
2004-12-10,4,0000034088-04-000283,2004-12-10,xslF345X02/primary_doc.xml,CIK0000034088-submissions-002.json
2004-12-14,NO ACT,9999999997-05-003231,2004-11-04,9999999997-05-003231.paper,CIK0000034088-submissions-002.json
2004-12-15,4,0000034088-04-000285,2004-12-10,xslF345X02/primary_doc.xml,CIK0000034088-submissions-002.json
2004-12-15,4,0000034088-04-000284,2004-12-13,xslF345X02/primary_doc.xml,CIK0000034088-submissions-002.json
2004-12-21,4,0000034088-04-000288,2004-12-13,xslF345X02/primary_doc.xml,CIK0000034088-submissions-002.json
2004-12-22,NO ACT,9999999997-05-003230,2004-12-03,9999999997-05-003230.paper,CIK0000034088-submissions-002.json
2005-01-04,4,0000034088-05-000013,2005-01-03,xslF345X02/primary_doc.xml,CIK0000034088-submissions-002.json
2005-01-04,4,0000034088-05-000012,2005-01-03,xslF345X02/primary_doc.xml,CIK0000034088-submissions-002.json
2005-01-04,4,0000034088-05-000011,2005-01-03,xslF345X02/primary_doc.xml,CIK0000034088-submissions-002.json
2005-01-04,4,0000034088-05-000010,2005-01-03,xslF345X02/primary_doc.xml,CIK0000034088-submissions-002.json
2005-01-04,4,0000034088-05-000009,2005-01-03,xslF345X02/primary_doc.xml,CIK0000034088-submissions-002.json
2005-01-04,4,0000034088-05-000008,2004-12-31,xslF345X02/primary_doc.xml,CIK0000034088-submissions-002.json
2005-01-04,4,0000034088-05-000005,2004-12-31,xslF345X02/primary_doc.xml,CIK0000034088-submissions-002.json
2005-01-04,4,0000034088-05-000004,2004-12-31,xslF345X02/primary_doc.xml,CIK0000034088-submissions-002.json
2005-01-04,4,0000034088-05-000003,2004-12-31,xslF345X02/primary_doc.xml,CIK0000034088-submissions-002.json
2005-01-04,8-K,0000034088-05-000007,2005-01-03,r8k0104052.htm,CIK0000034088-submissions-002.json
2005-01-04,8-K,0000034088-05-000006,2004-12-31,r8k010405.htm,CIK0000034088-submissions-002.json
2005-01-18,NO ACT,9999999997-05-003922,2004-12-17,9999999997-05-003922.paper,CIK0000034088-submissions-002.json
2005-01-26,4,0000034088-05-000022,2005-01-24,xslF345X02/primary_doc.xml,CIK0000034088-submissions-002.json
2005-01-28,SC 13G,0000034088-05-000024,,xom13g123104imperial.htm,CIK0000034088-submissions-002.json
2005-01-31,8-K,0000034088-05-000026,2005-01-31,r8k013105.htm,CIK0000034088-submissions-002.json
2005-02-02,4,0000034088-05-000027,2005-01-31,xslF345X02/primary_doc.xml,CIK0000034088-submissions-002.json
2005-02-03,4,0000034088-05-000029,2005-02-02,xslF345X02/primary_doc.xml,CIK0000034088-submissions-002.json
2005-02-03,4,0000034088-05-000028,2005-02-01,xslF345X02/primary_doc.xml,CIK0000034088-submissions-002.json
2005-02-07,4,0000034088-05-000030,2005-02-03,xslF345X02/primary_doc.xml,CIK0000034088-submissions-002.json
2005-02-08,4,0000034088-05-000032,2005-02-04,xslF345X02/primary_doc.xml,CIK0000034088-submissions-002.json
2005-02-08,4,0000034088-05-000031,2005-02-04,xslF345X02/primary_doc.xml,CIK0000034088-submissions-002.json
2005-02-09,4,0000034088-05-000033,2005-02-08,xslF345X02/primary_doc.xml,CIK0000034088-submissions-002.json
2005-02-11,4,0000034088-05-000037,2005-02-10,xslF345X02/primary_doc.xml,CIK0000034088-submissions-002.json
2005-02-11,4,0000034088-05-000036,2005-02-10,xslF345X02/primary_doc.xml,CIK0000034088-submissions-002.json
2005-02-14,4,0000034088-05-000038,2005-02-10,xslF345X02/primary_doc.xml,CIK0000034088-submissions-002.json
2005-02-15,4,0000034088-05-000039,2005-02-11,xslF345X02/primary_doc.xml,CIK0000034088-submissions-002.json
2005-02-17,4,0000034088-05-000040,2005-02-15,xslF345X02/primary_doc.xml,CIK0000034088-submissions-002.json
2005-02-18,4,0000034088-05-000043,2005-02-16,xslF345X02/primary_doc.xml,CIK0000034088-submissions-002.json
2005-02-18,8-K,0000034088-05-000045,2005-02-18,r8k021805.htm,CIK0000034088-submissions-002.json
2005-02-22,NO ACT,9999999997-05-007331,2005-01-14,9999999997-05-007331.paper,CIK0000034088-submissions-002.json
2005-02-24,4,0000034088-05-000050,2005-02-22,xslF345X02/primary_doc.xml,CIK0000034088-submissions-002.json
2005-02-24,4,0000034088-05-000049,2005-02-22,xslF345X02/primary_doc.xml,CIK0000034088-submissions-002.json
2005-02-24,4,0000034088-05-000048,2005-02-22,xslF345X02/primary_doc.xml,CIK0000034088-submissions-002.json
2005-02-24,4,0000034088-05-000047,2005-02-22,xslF345X02/primary_doc.xml,CIK0000034088-submissions-002.json
2005-02-24,4,0000034088-05-000046,2005-02-22,xslF345X02/primary_doc.xml,CIK0000034088-submissions-002.json
2005-02-28,10-K,0001193125-05-038144,2004-12-31,d10k.htm,CIK0000034088-submissions-002.json
2005-02-28,4,0000034088-05-000053,2005-02-24,xslF345X02/primary_doc.xml,CIK0000034088-submissions-002.json
2005-02-28,4,0000034088-05-000052,2005-02-24,xslF345X02/primary_doc.xml,CIK0000034088-submissions-002.json
2005-03-01,4,0000034088-05-000060,2005-02-25,xslF345X02/primary_doc.xml,CIK0000034088-submissions-002.json
2005-03-01,4,0000034088-05-000059,2005-02-25,xslF345X02/primary_doc.xml,CIK0000034088-submissions-002.json
2005-03-01,4,0000034088-05-000058,2005-02-25,xslF345X02/primary_doc.xml,CIK0000034088-submissions-002.json
2005-03-01,4,0000034088-05-000057,2005-02-25,xslF345X02/primary_doc.xml,CIK0000034088-submissions-002.json
2005-03-01,4,0000034088-05-000056,2005-02-25,xslF345X02/primary_doc.xml,CIK0000034088-submissions-002.json
2005-03-01,4,0000034088-05-000055,2005-02-25,xslF345X02/primary_doc.xml,CIK0000034088-submissions-002.json
2005-03-01,8-K,0000034088-05-000063,2005-03-01,f8k030105.htm,CIK0000034088-submissions-002.json
2005-03-02,NO ACT,9999999997-05-008508,2005-01-14,9999999997-05-008508.paper,CIK0000034088-submissions-002.json
2005-03-04,4,0000034088-05-000064,2005-03-02,xslF345X02/primary_doc.xml,CIK0000034088-submissions-002.json
2005-03-04,4/A,0000034088-05-000065,2005-02-16,xslF345X02/primary_doc.xml,CIK0000034088-submissions-002.json
2005-03-07,4,0000034088-05-000067,2005-03-03,xslF345X02/primary_doc.xml,CIK0000034088-submissions-002.json
2005-03-07,4,0000034088-05-000066,2005-03-03,xslF345X02/primary_doc.xml,CIK0000034088-submissions-002.json
2005-03-10,4,0000034088-05-000068,2005-03-08,xslF345X02/primary_doc.xml,CIK0000034088-submissions-002.json
2005-03-14,NO ACT,9999999997-05-011272,2005-01-17,9999999997-05-011272.paper,CIK0000034088-submissions-002.json
2005-03-15,8-K,0001193125-05-050581,2005-03-09,d8k.htm,CIK0000034088-submissions-002.json
2005-03-15,NO ACT,9999999997-05-011856,2005-01-19,9999999997-05-011856.paper,CIK0000034088-submissions-002.json
2005-03-17,8-K,0000950134-05-005336,2005-03-17,d23132e8vk.htm,CIK0000034088-submissions-002.json
2005-03-18,8-K/A,0000950134-05-005471,2005-03-17,d23132a1e8vkza.htm,CIK0000034088-submissions-002.json
2005-03-18,NO ACT,9999999997-05-015513,2005-01-20,9999999997-05-015513.paper,CIK0000034088-submissions-002.json
2005-03-21,NO ACT,9999999997-05-017955,2005-01-20,9999999997-05-017955.paper,CIK0000034088-submissions-002.json
2005-03-21,NO ACT,9999999997-05-015612,2005-01-20,9999999997-05-015612.paper,CIK0000034088-submissions-002.json
2005-04-04,4,0000034088-05-000073,2005-03-31,xslF345X02/primary_doc.xml,CIK0000034088-submissions-002.json
2005-04-04,4,0000034088-05-000072,2005-03-31,xslF345X02/primary_doc.xml,CIK0000034088-submissions-002.json
2005-04-04,4,0000034088-05-000071,2005-03-31,xslF345X02/primary_doc.xml,CIK0000034088-submissions-002.json
2005-04-04,8-K,0000034088-05-000070,2005-03-31,r8k040405.htm,CIK0000034088-submissions-002.json
2005-04-13,DEF 14A,0001047469-05-009977,2005-05-25,a2153225zdef14a.htm,CIK0000034088-submissions-002.json
2005-04-14,ARS,9999999997-05-018753,2004-12-31,9999999997-05-018753.paper,CIK0000034088-submissions-002.json
2005-04-28,8-K,0000034088-05-000080,2005-04-28,r8k042805.htm,CIK0000034088-submissions-002.json
2005-05-05,10-Q,0000034088-05-000084,2005-03-31,r10q050505.htm,CIK0000034088-submissions-002.json
2005-05-11,4,0000034088-05-000086,2005-05-10,xslF345X02/primary_doc.xml,CIK0000034088-submissions-002.json
2005-05-26,3,0000034088-05-000087,2005-05-25,xslF345X02/primary_doc.xml,CIK0000034088-submissions-002.json
2005-05-27,4,0000034088-05-000088,2005-05-25,xslF345X02/primary_doc.xml,CIK0000034088-submissions-002.json
2005-06-09,8-K,0000034088-05-000094,2005-06-03,r8k060905.htm,CIK0000034088-submissions-002.json
2005-06-10,11-K,0000034088-05-000099,2004-12-31,r11kfuelsmktg061005.htm,CIK0000034088-submissions-002.json
2005-06-10,11-K,0000034088-05-000098,2004-12-31,r11kemsp061005.htm,CIK0000034088-submissions-002.json
2005-06-27,8-K,0000034088-05-000102,2005-06-23,r8k062705.htm,CIK0000034088-submissions-002.json
2005-07-01,4,0000034088-05-000105,2005-06-30,xslF345X02/primary_doc.xml,CIK0000034088-submissions-002.json
2005-07-01,4,0000034088-05-000104,2005-06-30,xslF345X02/primary_doc.xml,CIK0000034088-submissions-002.json
2005-07-01,4,0000034088-05-000103,2005-06-30,xslF345X02/primary_doc.xml,CIK0000034088-submissions-002.json
2005-07-05,8-K,0000034088-05-000106,2005-07-01,r8k070505.htm,CIK0000034088-submissions-002.json
2005-07-28,8-K,0000034088-05-000110,2005-07-28,r8k072805.htm,CIK0000034088-submissions-002.json
2005-08-03,4,0000034088-05-000117,2005-08-03,xslF345X02/primary_doc.xml,CIK0000034088-submissions-002.json
2005-08-03,4,0000034088-05-000116,2005-08-03,xslF345X02/primary_doc.xml,CIK0000034088-submissions-002.json
2005-08-03,4,0000034088-05-000115,2005-08-03,xslF345X02/primary_doc.xml,CIK0000034088-submissions-002.json
2005-08-03,4,0000034088-05-000114,2005-08-03,xslF345X02/primary_doc.xml,CIK0000034088-submissions-002.json
2005-08-03,4,0000034088-05-000113,2005-08-03,xslF345X02/primary_doc.xml,CIK0000034088-submissions-002.json
2005-08-03,4,0000034088-05-000112,2005-08-03,xslF345X02/primary_doc.xml,CIK0000034088-submissions-002.json
2005-08-04,10-Q,0000034088-05-000119,2005-06-30,r10q080405.htm,CIK0000034088-submissions-002.json
2005-08-04,4,0000034088-05-000120,2005-08-02,xslF345X02/primary_doc.xml,CIK0000034088-submissions-002.json
2005-08-04,8-K,0000034088-05-000122,2005-08-03,r8k080305.htm,CIK0000034088-submissions-002.json
2005-08-11,4,0000034088-05-000124,2005-08-10,xslF345X02/primary_doc.xml,CIK0000034088-submissions-002.json
2005-08-11,4,0000034088-05-000123,2005-08-10,xslF345X02/primary_doc.xml,CIK0000034088-submissions-002.json
2005-08-15,4,0000034088-05-000126,2005-08-11,xslF345X02/primary_doc.xml,CIK0000034088-submissions-002.json
2005-08-18,4,0000034088-05-000127,2005-08-16,xslF345X02/primary_doc.xml,CIK0000034088-submissions-002.json
2005-08-24,4,0000034088-05-000128,2005-08-23,xslF345X02/primary_doc.xml,CIK0000034088-submissions-002.json
2005-09-02,4,0000034088-05-000131,2005-08-31,xslF345X02/primary_doc.xml,CIK0000034088-submissions-002.json
2005-09-08,4,0000034088-05-000134,2005-09-06,xslF345X02/primary_doc.xml,CIK0000034088-submissions-002.json
2005-09-08,4,0000034088-05-000133,2005-09-07,xslF345X02/primary_doc.xml,CIK0000034088-submissions-002.json
2005-09-13,4,0000034088-05-000137,2005-09-09,xslF345X02/primary_doc.xml,CIK0000034088-submissions-002.json
2005-09-13,4,0000034088-05-000136,2005-09-09,xslF345X02/primary_doc.xml,CIK0000034088-submissions-002.json
2005-09-13,4,0000034088-05-000135,2005-09-09,xslF345X02/primary_doc.xml,CIK0000034088-submissions-002.json
2005-09-14,4,0000034088-05-000139,2005-09-12,xslF345X02/primary_doc.xml,CIK0000034088-submissions-002.json
2005-09-14,4,0000034088-05-000138,2005-09-12,xslF345X02/primary_doc.xml,CIK0000034088-submissions-002.json
2005-09-15,4,0000034088-05-000142,2005-09-14,xslF345X02/primary_doc.xml,CIK0000034088-submissions-002.json
2005-09-15,4,0000034088-05-000141,2005-09-14,xslF345X02/primary_doc.xml,CIK0000034088-submissions-002.json
2005-09-15,4,0000034088-05-000140,2005-09-13,xslF345X02/primary_doc.xml,CIK0000034088-submissions-002.json
2005-09-26,4,0000034088-05-000143,2005-09-23,xslF345X02/primary_doc.xml,CIK0000034088-submissions-002.json
2005-10-04,4,0000034088-05-000147,2005-09-30,xslF345X02/primary_doc.xml,CIK0000034088-submissions-001.json
2005-10-04,4,0000034088-05-000146,2005-09-30,xslF345X02/primary_doc.xml,CIK0000034088-submissions-001.json
2005-10-04,4,0000034088-05-000145,2005-09-30,xslF345X02/primary_doc.xml,CIK0000034088-submissions-001.json
2005-10-27,8-K,0000034088-05-000154,2005-10-27,f8k102705.htm,CIK0000034088-submissions-001.json
2005-10-31,4,0000034088-05-000155,2005-10-27,xslF345X02/primary_doc.xml,CIK0000034088-submissions-001.json
2005-10-31,SC TO-C,0001342582-05-000002,,sctoc-1.txt,CIK0000034088-submissions-001.json
2005-10-31,SC TO-C,0001342582-05-000001,,sctoc-2.txt,CIK0000034088-submissions-001.json
2005-11-04,10-Q,0000034088-05-000158,2005-09-30,r10q110405.htm,CIK0000034088-submissions-001.json
2005-11-08,4,0000034088-05-000159,2005-11-04,xslF345X02/primary_doc.xml,CIK0000034088-submissions-001.json
2005-11-14,SC TO-C,0001342582-05-000003,,sctoc-a3.txt,CIK0000034088-submissions-001.json
2005-11-18,SC TO-C,0001342582-05-000005,,sctoc-4.txt,CIK0000034088-submissions-001.json
2005-11-22,4,0000034088-05-000161,2005-11-21,xslF345X02/primary_doc.xml,CIK0000034088-submissions-001.json
2005-11-28,4,0000034088-05-000162,2005-11-23,xslF345X02/primary_doc.xml,CIK0000034088-submissions-001.json
2005-11-30,4,0000034088-05-000165,2005-11-28,xslF345X02/primary_doc.xml,CIK0000034088-submissions-001.json
2005-11-30,4,0000034088-05-000164,2005-11-28,xslF345X02/primary_doc.xml,CIK0000034088-submissions-001.json
2005-11-30,4,0000034088-05-000163,2005-11-28,xslF345X02/primary_doc.xml,CIK0000034088-submissions-001.json
2005-12-01,4,0000034088-05-000184,2005-11-29,xslF345X02/primary_doc.xml,CIK0000034088-submissions-001.json
2005-12-01,4,0000034088-05-000183,2005-11-29,xslF345X02/primary_doc.xml,CIK0000034088-submissions-001.json
2005-12-01,4,0000034088-05-000182,2005-11-29,xslF345X02/primary_doc.xml,CIK0000034088-submissions-001.json
2005-12-01,4,0000034088-05-000181,2005-11-29,xslF345X02/primary_doc.xml,CIK0000034088-submissions-001.json
2005-12-01,4,0000034088-05-000180,2005-11-29,xslF345X02/primary_doc.xml,CIK0000034088-submissions-001.json
2005-12-01,4,0000034088-05-000179,2005-11-29,xslF345X02/primary_doc.xml,CIK0000034088-submissions-001.json
2005-12-01,4,0000034088-05-000178,2005-11-29,xslF345X02/primary_doc.xml,CIK0000034088-submissions-001.json
2005-12-01,4,0000034088-05-000177,2005-11-29,xslF345X02/primary_doc.xml,CIK0000034088-submissions-001.json
2005-12-01,4,0000034088-05-000176,2005-11-29,xslF345X02/primary_doc.xml,CIK0000034088-submissions-001.json
2005-12-01,4,0000034088-05-000174,2005-11-29,xslF345X02/primary_doc.xml,CIK0000034088-submissions-001.json
2005-12-01,4,0000034088-05-000173,2005-11-29,xslF345X02/primary_doc.xml,CIK0000034088-submissions-001.json
2005-12-01,4,0000034088-05-000172,2005-11-29,xslF345X02/primary_doc.xml,CIK0000034088-submissions-001.json
2005-12-01,4,0000034088-05-000171,2005-11-29,xslF345X02/primary_doc.xml,CIK0000034088-submissions-001.json
2005-12-01,4,0000034088-05-000170,2005-11-29,xslF345X02/primary_doc.xml,CIK0000034088-submissions-001.json
2005-12-01,4,0000034088-05-000169,2005-11-29,xslF345X02/primary_doc.xml,CIK0000034088-submissions-001.json
2005-12-01,4,0000034088-05-000168,2005-11-29,xslF345X02/primary_doc.xml,CIK0000034088-submissions-001.json
2005-12-01,4,0000034088-05-000167,2005-11-29,xslF345X02/primary_doc.xml,CIK0000034088-submissions-001.json
2005-12-01,8-K,0000034088-05-000175,2005-11-29,r8k120105.htm,CIK0000034088-submissions-001.json
2005-12-07,4,0000034088-05-000185,2005-12-06,xslF345X02/primary_doc.xml,CIK0000034088-submissions-001.json
2005-12-09,4,0000034088-05-000188,2005-12-07,xslF345X02/primary_doc.xml,CIK0000034088-submissions-001.json
2005-12-09,4,0000034088-05-000187,2005-12-07,xslF345X02/primary_doc.xml,CIK0000034088-submissions-001.json
2005-12-09,4,0000034088-05-000186,2005-12-07,xslF345X02/primary_doc.xml,CIK0000034088-submissions-001.json
2005-12-13,4,0000034088-05-000189,2005-12-12,xslF345X02/primary_doc.xml,CIK0000034088-submissions-001.json
2005-12-15,4,0000034088-05-000190,2005-12-14,xslF345X02/primary_doc.xml,CIK0000034088-submissions-001.json
2005-12-16,8-K,0000034088-05-000193,2005-12-16,r8k121605.htm,CIK0000034088-submissions-001.json
2005-12-30,4,0000034088-05-000194,2005-12-27,xslF345X02/primary_doc.xml,CIK0000034088-submissions-001.json
2006-01-04,4,0000034088-06-000009,2006-01-03,xslF345X02/primary_doc.xml,CIK0000034088-submissions-001.json
2006-01-04,4,0000034088-06-000008,2006-01-03,xslF345X02/primary_doc.xml,CIK0000034088-submissions-001.json
2006-01-04,4,0000034088-06-000007,2006-01-03,xslF345X02/primary_doc.xml,CIK0000034088-submissions-001.json
2006-01-04,4,0000034088-06-000006,2006-01-03,xslF345X02/primary_doc.xml,CIK0000034088-submissions-001.json
2006-01-04,4,0000034088-06-000005,2006-01-03,xslF345X02/primary_doc.xml,CIK0000034088-submissions-001.json
2006-01-04,4,0000034088-06-000004,2006-01-03,xslF345X02/primary_doc.xml,CIK0000034088-submissions-001.json
2006-01-04,4,0000034088-06-000003,2005-12-30,xslF345X02/primary_doc.xml,CIK0000034088-submissions-001.json
2006-01-04,4,0000034088-06-000002,2005-12-30,xslF345X02/primary_doc.xml,CIK0000034088-submissions-001.json
2006-01-04,4,0000034088-06-000001,2005-12-30,xslF345X02/primary_doc.xml,CIK0000034088-submissions-001.json
2006-01-05,4,0000034088-06-000010,2005-12-31,xslF345X02/primary_doc.xml,CIK0000034088-submissions-001.json
2006-01-25,8-K,0000034088-06-000016,2006-01-25,r8k012506.htm,CIK0000034088-submissions-001.json
2006-01-26,3,0000034088-06-000017,2006-01-25,xslF345X02/primary_doc.xml,CIK0000034088-submissions-001.json
2006-01-27,4,0000034088-06-000018,2006-01-25,xslF345X02/primary_doc.xml,CIK0000034088-submissions-001.json
2006-01-30,8-K,0000034088-06-000025,2006-01-30,r8k013006.htm,CIK0000034088-submissions-001.json
2006-02-01,4,0000034088-06-000027,2006-01-30,xslF345X02/primary_doc.xml,CIK0000034088-submissions-001.json
2006-02-01,4,0000034088-06-000026,2006-01-30,xslF345X02/primary_doc.xml,CIK0000034088-submissions-001.json
2006-02-02,4,0000034088-06-000029,2006-01-31,xslF345X02/primary_doc.xml,CIK0000034088-submissions-001.json
2006-02-02,4,0000034088-06-000028,2006-01-31,xslF345X02/primary_doc.xml,CIK0000034088-submissions-001.json
2006-02-06,4,0000034088-06-000030,2006-02-02,xslF345X02/primary_doc.xml,CIK0000034088-submissions-001.json
2006-02-07,4,0000034088-06-000032,2006-02-06,xslF345X02/primary_doc.xml,CIK0000034088-submissions-001.json
2006-02-07,CORRESP,0000034088-06-000034,,filename1.htm,CIK0000034088-submissions-001.json
2006-02-10,SC 13G,0000034088-06-000036,,xom13g123105imperiala.htm,CIK0000034088-submissions-001.json
2006-02-15,4,0000034088-06-000037,2006-02-10,xslF345X02/primary_doc.xml,CIK0000034088-submissions-001.json
2006-02-15,8-K,0000034088-06-000040,2006-02-15,r8k021506.htm,CIK0000034088-submissions-001.json
2006-02-21,4,0000034088-06-000041,2006-02-16,xslF345X02/primary_doc.xml,CIK0000034088-submissions-001.json
2006-02-27,4,0000034088-06-000045,2006-02-23,xslF345X02/primary_doc.xml,CIK0000034088-submissions-001.json
2006-02-28,10-K,0001193125-06-040951,2005-12-31,d10k.htm,CIK0000034088-submissions-001.json
2006-02-28,NO ACT,9999999997-06-008847,2006-02-24,9999999997-06-008847.paper,CIK0000034088-submissions-001.json
2006-02-28,NO ACT,9999999997-06-008840,2006-02-22,9999999997-06-008840.paper,CIK0000034088-submissions-001.json
2006-02-28,NO ACT,9999999997-06-008685,2006-02-22,9999999997-06-008685.paper,CIK0000034088-submissions-001.json
2006-02-28,NO ACT,9999999997-06-008682,2006-02-22,9999999997-06-008682.paper,CIK0000034088-submissions-001.json
2006-03-07,4,0000034088-06-000046,2006-03-03,xslF345X02/primary_doc.xml,CIK0000034088-submissions-001.json
2006-03-08,NO ACT,9999999997-06-009822,2006-01-11,9999999997-06-009822.paper,CIK0000034088-submissions-001.json
2006-03-14,8-K,0001193125-06-053542,2006-03-08,d8k.htm,CIK0000034088-submissions-001.json
2006-03-16,NO ACT,9999999997-06-011555,2006-01-13,9999999997-06-011555.paper,CIK0000034088-submissions-001.json
2006-03-17,NO ACT,9999999997-06-012202,2006-01-20,9999999997-06-012202.paper,CIK0000034088-submissions-001.json
2006-03-21,NO ACT,9999999997-06-012205,2006-01-20,9999999997-06-012205.paper,CIK0000034088-submissions-001.json
2006-03-22,8-K,0000950134-06-005663,2006-03-22,d33712e8vk.htm,CIK0000034088-submissions-001.json
2006-03-30,4,0000034088-06-000052,2006-03-28,xslF345X02/primary_doc.xml,CIK0000034088-submissions-001.json
2006-04-04,4,0000034088-06-000057,2006-03-31,xslF345X02/primary_doc.xml,CIK0000034088-submissions-001.json
2006-04-04,4,0000034088-06-000056,2006-03-31,xslF345X02/primary_doc.xml,CIK0000034088-submissions-001.json
2006-04-04,4,0000034088-06-000055,2006-03-31,xslF345X02/primary_doc.xml,CIK0000034088-submissions-001.json
2006-04-04,4,0000034088-06-000054,2006-03-31,xslF345X02/primary_doc.xml,CIK0000034088-submissions-001.json
2006-04-07,UPLOAD,0000000000-06-016460,,filename1.txt,CIK0000034088-submissions-001.json
2006-04-12,DEF 14A,0001047469-06-004990,2006-05-31,a2167124zdef14a.htm,CIK0000034088-submissions-001.json
2006-04-12,NO ACT,9999999997-06-017344,2006-03-09,9999999997-06-017344.paper,CIK0000034088-submissions-001.json
2006-04-27,8-K,0000034088-06-000063,2006-04-27,r8k042706.htm,CIK0000034088-submissions-001.json
2006-05-01,4,0000034088-06-000065,2006-04-27,xslF345X02/primary_doc.xml,CIK0000034088-submissions-001.json
2006-05-01,4,0000034088-06-000064,2006-04-27,xslF345X02/primary_doc.xml,CIK0000034088-submissions-001.json
2006-05-02,4,0000034088-06-000066,2006-04-28,xslF345X02/primary_doc.xml,CIK0000034088-submissions-001.json
2006-05-03,4,0000034088-06-000073,2006-05-01,xslF345X02/primary_doc.xml,CIK0000034088-submissions-001.json
2006-05-03,4,0000034088-06-000072,2006-05-01,xslF345X02/primary_doc.xml,CIK0000034088-submissions-001.json
2006-05-03,4,0000034088-06-000071,2006-05-01,xslF345X02/primary_doc.xml,CIK0000034088-submissions-001.json
2006-05-03,4,0000034088-06-000070,2006-05-01,xslF345X02/primary_doc.xml,CIK0000034088-submissions-001.json
2006-05-03,4,0000034088-06-000069,2006-05-01,xslF345X02/primary_doc.xml,CIK0000034088-submissions-001.json
2006-05-04,10-Q,0000034088-06-000075,2006-03-31,r10q050406.htm,CIK0000034088-submissions-001.json
2006-05-04,4,0000034088-06-000076,2006-05-02,xslF345X02/primary_doc.xml,CIK0000034088-submissions-001.json
2006-05-19,DEFA14A,0001047469-06-007461,,a2170652zdefa14a.htm,CIK0000034088-submissions-001.json
2006-06-12,11-K,0000034088-06-000083,2005-12-31,r11kfmsp061206.htm,CIK0000034088-submissions-001.json
2006-06-12,11-K,0000034088-06-000082,2005-12-31,r11kemsp061206.htm,CIK0000034088-submissions-001.json
2006-07-03,4,0000034088-06-000087,2006-06-30,xslF345X02/primary_doc.xml,CIK0000034088-submissions-001.json
2006-07-03,4,0000034088-06-000086,2006-06-30,xslF345X02/primary_doc.xml,CIK0000034088-submissions-001.json
2006-07-03,4,0000034088-06-000085,2006-06-30,xslF345X02/primary_doc.xml,CIK0000034088-submissions-001.json
2006-07-03,4,0000034088-06-000084,2006-06-30,xslF345X02/primary_doc.xml,CIK0000034088-submissions-001.json
2006-07-05,UPLOAD,0000000000-06-030956,,filename1.txt,CIK0000034088-submissions-001.json
2006-07-14,CORRESP,0000034088-06-000090,,filename1.htm,CIK0000034088-submissions-001.json
2006-07-27,8-K,0000034088-06-000097,2006-07-27,r8k072706.htm,CIK0000034088-submissions-001.json
2006-07-31,4,0000034088-06-000104,2006-07-27,xslF345X02/primary_doc.xml,CIK0000034088-submissions-001.json
2006-07-31,4,0000034088-06-000103,2006-07-27,xslF345X02/primary_doc.xml,CIK0000034088-submissions-001.json
2006-07-31,4,0000034088-06-000102,2006-07-27,xslF345X02/primary_doc.xml,CIK0000034088-submissions-001.json
2006-07-31,4,0000034088-06-000101,2006-07-27,xslF345X02/primary_doc.xml,CIK0000034088-submissions-001.json
2006-07-31,4,0000034088-06-000100,2006-07-27,xslF345X02/primary_doc.xml,CIK0000034088-submissions-001.json
2006-07-31,4,0000034088-06-000099,2006-07-27,xslF345X02/primary_doc.xml,CIK0000034088-submissions-001.json
2006-07-31,4,0000034088-06-000098,2006-07-27,xslF345X02/primary_doc.xml,CIK0000034088-submissions-001.json
2006-08-01,4,0000034088-06-000110,2006-07-31,xslF345X02/primary_doc.xml,CIK0000034088-submissions-001.json
2006-08-01,4,0000034088-06-000109,2006-07-28,xslF345X02/primary_doc.xml,CIK0000034088-submissions-001.json
2006-08-01,4,0000034088-06-000108,2006-07-28,xslF345X02/primary_doc.xml,CIK0000034088-submissions-001.json
2006-08-01,4,0000034088-06-000107,2006-07-28,xslF345X02/primary_doc.xml,CIK0000034088-submissions-001.json
2006-08-01,4,0000034088-06-000106,2006-07-28,xslF345X02/primary_doc.xml,CIK0000034088-submissions-001.json
2006-08-01,4,0000034088-06-000105,2006-07-28,xslF345X02/primary_doc.xml,CIK0000034088-submissions-001.json
2006-08-03,4,0000034088-06-000113,2006-08-02,xslF345X02/primary_doc.xml,CIK0000034088-submissions-001.json
2006-08-03,4,0000034088-06-000112,2006-08-01,xslF345X02/primary_doc.xml,CIK0000034088-submissions-001.json
2006-08-03,4,0000034088-06-000111,2006-08-01,xslF345X02/primary_doc.xml,CIK0000034088-submissions-001.json
2006-08-03,4/A,0000034088-06-000114,2006-07-28,xslF345X02/primary_doc.xml,CIK0000034088-submissions-001.json
2006-08-04,10-Q,0000034088-06-000116,2006-06-30,r10q080406.htm,CIK0000034088-submissions-001.json
2006-08-11,4,0000034088-06-000117,2006-08-09,xslF345X02/primary_doc.xml,CIK0000034088-submissions-001.json
2006-08-15,4,0000034088-06-000118,2006-08-11,xslF345X02/primary_doc.xml,CIK0000034088-submissions-001.json
2006-08-22,4,0000034088-06-000119,2006-08-21,xslF345X02/primary_doc.xml,CIK0000034088-submissions-001.json
2006-08-24,4,0000034088-06-000120,2006-08-23,xslF345X02/primary_doc.xml,CIK0000034088-submissions-001.json
2006-08-30,4,0000034088-06-000121,2006-08-28,xslF345X02/primary_doc.xml,CIK0000034088-submissions-001.json
2006-09-07,4,0000034088-06-000122,2006-09-05,xslF345X02/primary_doc.xml,CIK0000034088-submissions-001.json
2006-09-14,4,0000034088-06-000123,2006-09-12,xslF345X02/primary_doc.xml,CIK0000034088-submissions-001.json
2006-09-29,4,0000034088-06-000127,2006-09-27,xslF345X02/primary_doc.xml,CIK0000034088-submissions-001.json
2006-09-29,8-K,0000034088-06-000126,2006-09-27,r8k092906.htm,CIK0000034088-submissions-001.json
2006-10-03,4,0000034088-06-000131,2006-09-29,xslF345X02/primary_doc.xml,CIK0000034088-submissions-001.json
2006-10-03,4,0000034088-06-000130,2006-09-29,xslF345X02/primary_doc.xml,CIK0000034088-submissions-001.json
2006-10-03,4,0000034088-06-000129,2006-09-29,xslF345X02/primary_doc.xml,CIK0000034088-submissions-001.json
2006-10-03,4,0000034088-06-000128,2006-09-29,xslF345X02/primary_doc.xml,CIK0000034088-submissions-001.json
2006-10-03,CORRESP,0000034088-06-000133,,filename1.htm,CIK0000034088-submissions-001.json
2006-10-04,4,0000034088-06-000134,2006-09-06,xslF345X02/primary_doc.xml,CIK0000034088-submissions-001.json
2006-10-06,3,0000034088-06-000135,2006-10-01,xslF345X02/primary_doc.xml,CIK0000034088-submissions-001.json
2006-10-06,CORRESP,0000034088-06-000137,,filename1.htm,CIK0000034088-submissions-001.json
2006-10-12,8-K,0000034088-06-000139,2006-10-10,r8k101206.htm,CIK0000034088-submissions-001.json
2006-10-26,8-K,0000034088-06-000148,2006-10-26,r8k102606.htm,CIK0000034088-submissions-001.json
2006-10-30,4,0000034088-06-000149,2006-10-26,xslF345X02/primary_doc.xml,CIK0000034088-submissions-001.json
2006-10-31,4,0000034088-06-000150,2006-10-27,xslF345X02/primary_doc.xml,CIK0000034088-submissions-001.json
2006-11-02,4,0000034088-06-000152,2006-11-01,xslF345X02/primary_doc.xml,CIK0000034088-submissions-001.json
2006-11-02,4,0000034088-06-000151,2006-10-31,xslF345X02/primary_doc.xml,CIK0000034088-submissions-001.json
2006-11-07,4,0000034088-06-000153,2006-11-03,xslF345X02/primary_doc.xml,CIK0000034088-submissions-001.json
2006-11-08,10-Q,0000034088-06-000157,2006-09-30,r10q110806.htm,CIK0000034088-submissions-001.json
2006-11-08,4,0000034088-06-000155,2006-11-07,xslF345X02/primary_doc.xml,CIK0000034088-submissions-001.json
2006-11-09,CORRESP,0000034088-06-000158,,filename1.htm,CIK0000034088-submissions-001.json
2006-11-13,4,0000034088-06-000160,2006-11-08,xslF345X02/primary_doc.xml,CIK0000034088-submissions-001.json
2006-11-13,4,0000034088-06-000159,2006-11-08,xslF345X02/primary_doc.xml,CIK0000034088-submissions-001.json
2006-11-14,UPLOAD,0000000000-06-055868,,filename1.pdf,CIK0000034088-submissions-001.json
2006-11-16,4,0000034088-06-000163,2006-11-14,xslF345X02/primary_doc.xml,CIK0000034088-submissions-001.json
2006-11-16,4,0000034088-06-000162,2006-11-14,xslF345X02/primary_doc.xml,CIK0000034088-submissions-001.json
2006-11-16,4,0000034088-06-000161,2006-11-15,xslF345X02/primary_doc.xml,CIK0000034088-submissions-001.json
2006-11-27,4,0000034088-06-000169,2006-11-27,xslF345X02/primary_doc.xml,CIK0000034088-submissions-001.json
2006-11-27,4,0000034088-06-000168,2006-11-27,xslF345X02/primary_doc.xml,CIK0000034088-submissions-001.json
2006-11-27,4,0000034088-06-000167,2006-11-27,xslF345X02/primary_doc.xml,CIK0000034088-submissions-001.json
2006-11-27,4,0000034088-06-000166,2006-11-27,xslF345X02/primary_doc.xml,CIK0000034088-submissions-001.json
2006-11-30,4,0000034088-06-000186,2006-11-28,xslF345X02/primary_doc.xml,CIK0000034088-submissions-001.json
2006-11-30,4,0000034088-06-000185,2006-11-28,xslF345X02/primary_doc.xml,CIK0000034088-submissions-001.json
2006-11-30,4,0000034088-06-000184,2006-11-28,xslF345X02/primary_doc.xml,CIK0000034088-submissions-001.json
2006-11-30,4,0000034088-06-000183,2006-11-28,xslF345X02/primary_doc.xml,CIK0000034088-submissions-001.json
2006-11-30,4,0000034088-06-000182,2006-11-28,xslF345X02/primary_doc.xml,CIK0000034088-submissions-001.json
2006-11-30,4,0000034088-06-000181,2006-11-28,xslF345X02/primary_doc.xml,CIK0000034088-submissions-001.json
2006-11-30,4,0000034088-06-000180,2006-11-28,xslF345X02/primary_doc.xml,CIK0000034088-submissions-001.json
2006-11-30,4,0000034088-06-000179,2006-11-28,xslF345X02/primary_doc.xml,CIK0000034088-submissions-001.json
2006-11-30,4,0000034088-06-000178,2006-11-28,xslF345X02/primary_doc.xml,CIK0000034088-submissions-001.json
2006-11-30,4,0000034088-06-000177,2006-11-28,xslF345X02/primary_doc.xml,CIK0000034088-submissions-001.json
2006-11-30,4,0000034088-06-000176,2006-11-28,xslF345X02/primary_doc.xml,CIK0000034088-submissions-001.json
2006-11-30,4,0000034088-06-000175,2006-11-28,xslF345X02/primary_doc.xml,CIK0000034088-submissions-001.json
2006-11-30,4,0000034088-06-000174,2006-11-28,xslF345X02/primary_doc.xml,CIK0000034088-submissions-001.json
2006-11-30,4,0000034088-06-000173,2006-11-28,xslF345X02/primary_doc.xml,CIK0000034088-submissions-001.json
2006-11-30,4,0000034088-06-000172,2006-11-28,xslF345X02/primary_doc.xml,CIK0000034088-submissions-001.json
2006-11-30,4,0000034088-06-000171,2006-11-28,xslF345X02/primary_doc.xml,CIK0000034088-submissions-001.json
2006-12-01,8-K,0000034088-06-000188,2006-12-01,r8k120106.htm,CIK0000034088-submissions-001.json
2006-12-05,CORRESP,0000034088-06-000190,,filename1.htm,CIK0000034088-submissions-001.json
2006-12-07,4,0000034088-06-000191,2006-12-05,xslF345X02/primary_doc.xml,CIK0000034088-submissions-001.json
2006-12-11,4,0000034088-06-000192,2006-12-07,xslF345X02/primary_doc.xml,CIK0000034088-submissions-001.json
2006-12-14,4,0000034088-06-000194,2006-12-12,xslF345X02/primary_doc.xml,CIK0000034088-submissions-001.json
2006-12-14,4,0000034088-06-000193,2006-12-12,xslF345X02/primary_doc.xml,CIK0000034088-submissions-001.json
2006-12-15,4,0000034088-06-000198,2006-12-13,xslF345X02/primary_doc.xml,CIK0000034088-submissions-001.json
2006-12-15,4,0000034088-06-000197,2006-12-14,xslF345X02/primary_doc.xml,CIK0000034088-submissions-001.json
2006-12-15,4,0000034088-06-000196,2006-12-04,xslF345X02/primary_doc.xml,CIK0000034088-submissions-001.json
2006-12-15,4,0000034088-06-000195,2006-03-29,xslF345X02/primary_doc.xml,CIK0000034088-submissions-001.json
2006-12-18,8-K,0000034088-06-000200,2006-12-15,r8k121806.htm,CIK0000034088-submissions-001.json
2006-12-21,CORRESP,0000034088-06-000202,,filename1.htm,CIK0000034088-submissions-001.json
2006-12-28,8-K,0000034088-06-000205,2006-12-22,r8k122806.htm,CIK0000034088-submissions-001.json
2007-01-04,4,0000034088-07-000010,2007-01-03,xslF345X02/primary_doc.xml,CIK0000034088-submissions-001.json
2007-01-04,4,0000034088-07-000009,2007-01-03,xslF345X02/primary_doc.xml,CIK0000034088-submissions-001.json
2007-01-04,4,0000034088-07-000008,2007-01-03,xslF345X02/primary_doc.xml,CIK0000034088-submissions-001.json
2007-01-04,4,0000034088-07-000007,2007-01-03,xslF345X02/primary_doc.xml,CIK0000034088-submissions-001.json
2007-01-04,4,0000034088-07-000006,2007-01-03,xslF345X02/primary_doc.xml,CIK0000034088-submissions-001.json
2007-01-04,4,0000034088-07-000005,2007-01-03,xslF345X02/primary_doc.xml,CIK0000034088-submissions-001.json
2007-01-04,4,0000034088-07-000004,2006-12-29,xslF345X02/primary_doc.xml,CIK0000034088-submissions-001.json
2007-01-04,4,0000034088-07-000003,2006-12-29,xslF345X02/primary_doc.xml,CIK0000034088-submissions-001.json
2007-01-04,4,0000034088-07-000002,2006-12-29,xslF345X02/primary_doc.xml,CIK0000034088-submissions-001.json
2007-01-04,4,0000034088-07-000001,2006-12-29,xslF345X02/primary_doc.xml,CIK0000034088-submissions-001.json
2007-01-19,CORRESP,0000034088-07-000012,,filename1.htm,CIK0000034088-submissions-001.json
2007-02-01,8-K,0000034088-07-000021,2007-02-01,r8k020107.htm,CIK0000034088-submissions-001.json
2007-02-02,CORRESP,0000034088-07-000022,,filename1.htm,CIK0000034088-submissions-001.json
2007-02-02,UPLOAD,0000000000-07-005700,,filename1.pdf,CIK0000034088-submissions-001.json
2007-02-05,4,0000034088-07-000023,2007-02-01,xslF345X02/primary_doc.xml,CIK0000034088-submissions-001.json
2007-02-06,4,0000034088-07-000025,2007-02-02,xslF345X02/primary_doc.xml,CIK0000034088-submissions-001.json
2007-02-06,4,0000034088-07-000024,2007-02-02,xslF345X02/primary_doc.xml,CIK0000034088-submissions-001.json
2007-02-13,SC 13G,0000034088-07-000027,,xom13g123106imperial.htm,CIK0000034088-submissions-001.json
2007-02-15,8-K,0000034088-07-000031,2007-02-15,r8k021507.htm,CIK0000034088-submissions-001.json
2007-02-16,4,0000034088-07-000032,2007-02-14,xslF345X02/primary_doc.xml,CIK0000034088-submissions-001.json
2007-02-20,4,0000034088-07-000034,2007-02-16,xslF345X02/primary_doc.xml,CIK0000034088-submissions-001.json
2007-02-20,4,0000034088-07-000033,2007-02-15,xslF345X02/primary_doc.xml,CIK0000034088-submissions-001.json
2007-02-26,CORRESP,0000034088-07-000035,,filename1.htm,CIK0000034088-submissions-001.json
2007-02-27,4,0000034088-07-000036,2007-02-26,xslF345X02/primary_doc.xml,CIK0000034088-submissions-001.json
2007-02-28,10-K,0001193125-07-042435,2006-12-31,d10k.htm,CIK0000034088-submissions-001.json
2007-02-28,8-K,0000034088-07-000038,2007-02-22,r8k022807.htm,CIK0000034088-submissions-001.json
2007-02-28,NO ACT,9999999997-07-010014,2007-01-18,9999999997-07-010014.paper,CIK0000034088-submissions-001.json
2007-03-07,NO ACT,9999999997-07-014510,2007-01-18,9999999997-07-014510.paper,CIK0000034088-submissions-001.json
2007-03-07,NO ACT,9999999997-07-014347,2007-03-06,9999999997-07-014347.paper,CIK0000034088-submissions-001.json
2007-03-08,4,0000034088-07-000040,2007-03-07,xslF345X02/primary_doc.xml,CIK0000034088-submissions-001.json
2007-03-08,4,0000034088-07-000039,2007-03-06,xslF345X02/primary_doc.xml,CIK0000034088-submissions-001.json
2007-03-09,NO ACT,9999999997-07-017186,2007-01-18,9999999997-07-017186.paper,CIK0000034088-submissions-001.json
2007-03-09,UPLOAD,0000000000-07-012421,,filename1.pdf,CIK0000034088-submissions-001.json
2007-03-12,NO ACT,9999999997-07-014507,2007-01-18,9999999997-07-014507.paper,CIK0000034088-submissions-001.json
2007-03-13,8-K,0001193125-07-053472,2007-03-07,d8k.htm,CIK0000034088-submissions-001.json
2007-03-15,UPLOAD,0000000000-07-013434,,filename1.pdf,CIK0000034088-submissions-001.json
2007-03-19,NO ACT,9999999997-07-021149,2007-03-19,9999999997-07-021149.paper,CIK0000034088-submissions-001.json
2007-03-19,NO ACT,9999999997-07-017157,2007-01-25,9999999997-07-017157.paper,CIK0000034088-submissions-001.json
2007-03-19,NO ACT,9999999997-07-017147,2007-01-18,9999999997-07-017147.paper,CIK0000034088-submissions-001.json
2007-03-19,NO ACT,9999999997-07-017069,2007-01-18,9999999997-07-017069.paper,CIK0000034088-submissions-001.json
2007-03-23,8-K,0000950134-07-006488,2007-03-23,d44325e8vk.htm,CIK0000034088-submissions-001.json
2007-03-23,NO ACT,9999999997-07-017099,2007-01-18,9999999997-07-017099.paper,CIK0000034088-submissions-001.json
2007-03-23,NO ACT,9999999997-07-017098,2007-03-16,9999999997-07-017098.paper,CIK0000034088-submissions-001.json
2007-03-23,NO ACT,9999999997-07-017097,2007-01-18,9999999997-07-017097.paper,CIK0000034088-submissions-001.json
2007-03-28,UPLOAD,0000000000-07-015559,,filename1.pdf,CIK0000034088-submissions-001.json
2007-04-03,4,0000034088-07-000047,2007-03-30,xslF345X02/primary_doc.xml,CIK0000034088-submissions-001.json
2007-04-03,4,0000034088-07-000046,2007-03-30,xslF345X02/primary_doc.xml,CIK0000034088-submissions-001.json
2007-04-03,4,0000034088-07-000045,2007-03-30,xslF345X02/primary_doc.xml,CIK0000034088-submissions-001.json
2007-04-03,4,0000034088-07-000044,2007-03-30,xslF345X02/primary_doc.xml,CIK0000034088-submissions-001.json
2007-04-04,3,0000034088-07-000048,2007-04-01,xslF345X02/primary_doc.xml,CIK0000034088-submissions-001.json
2007-04-04,4,0000034088-07-000049,2007-04-01,xslF345X02/primary_doc.xml,CIK0000034088-submissions-001.json
2007-04-09,3,0000034088-07-000050,2007-04-01,xslF345X02/primary_doc.xml,CIK0000034088-submissions-001.json
2007-04-10,UPLOAD,0000000000-07-017755,,exxoninitialcmntltr41007.pdf,CIK0000034088-submissions-001.json
2007-04-11,DEF 14A,0001193125-07-078537,2007-05-30,ddef14a.htm,CIK0000034088-submissions-001.json
2007-04-12,CORRESP,0000034088-07-000053,,filename1.htm,CIK0000034088-submissions-001.json
2007-04-13,PX14A6G,0000893220-07-001314,,w33348px14a6g.htm,CIK0000034088-submissions-001.json
2007-04-17,PX14A6G,0000893220-07-001341,,w33492px14a6g.htm,CIK0000034088-submissions-001.json
2007-04-26,8-K,0000034088-07-000059,2007-04-26,r8k042607.htm,CIK0000034088-submissions-001.json
2007-04-30,4,0000034088-07-000062,2007-04-27,xslF345X02/primary_doc.xml,CIK0000034088-submissions-001.json
2007-04-30,4,0000034088-07-000061,2007-04-26,xslF345X02/primary_doc.xml,CIK0000034088-submissions-001.json
2007-04-30,4,0000034088-07-000060,2007-04-26,xslF345X02/primary_doc.xml,CIK0000034088-submissions-001.json
2007-05-02,4,0000034088-07-000064,2007-04-30,xslF345X02/primary_doc.xml,CIK0000034088-submissions-001.json
2007-05-02,4,0000034088-07-000063,2007-04-30,xslF345X02/primary_doc.xml,CIK0000034088-submissions-001.json
2007-05-04,4,0000034088-07-000066,2007-05-03,xslF345X02/primary_doc.xml,CIK0000034088-submissions-001.json
2007-05-04,4,0000034088-07-000065,2007-05-02,xslF345X02/primary_doc.xml,CIK0000034088-submissions-001.json
2007-05-07,4,0000034088-07-000067,2007-05-03,xslF345X02/primary_doc.xml,CIK0000034088-submissions-001.json
2007-05-08,10-Q,0000034088-07-000070,2007-03-31,r10q050807.htm,CIK0000034088-submissions-001.json
2007-05-08,4,0000034088-07-000071,2007-05-04,xslF345X02/primary_doc.xml,CIK0000034088-submissions-001.json
2007-05-10,4,0000034088-07-000074,2007-05-08,xslF345X02/primary_doc.xml,CIK0000034088-submissions-001.json
2007-05-10,CORRESP,0000034088-07-000076,,filename1.htm,CIK0000034088-submissions-001.json
2007-05-11,4,0000034088-07-000077,2007-05-09,xslF345X02/primary_doc.xml,CIK0000034088-submissions-001.json
2007-05-21,4,0000034088-07-000078,2007-05-17,xslF345X02/primary_doc.xml,CIK0000034088-submissions-001.json
2007-05-23,4,0000034088-07-000080,2007-05-21,xslF345X02/primary_doc.xml,CIK0000034088-submissions-001.json
2007-05-23,4,0000034088-07-000079,2007-05-21,xslF345X02/primary_doc.xml,CIK0000034088-submissions-001.json
2007-05-25,4,0000034088-07-000082,2007-05-23,xslF345X02/primary_doc.xml,CIK0000034088-submissions-001.json
2007-05-25,8-K,0000034088-07-000083,2007-05-23,r8k052507.htm,CIK0000034088-submissions-001.json
2007-05-29,UPLOAD,0000000000-07-026605,,exxon2cmntltr52907.pdf,CIK0000034088-submissions-001.json
2007-05-31,3,0000034088-07-000084,2007-05-30,xslF345X02/primary_doc.xml,CIK0000034088-submissions-001.json
2007-06-01,4,0000034088-07-000086,2007-05-30,xslF345X02/primary_doc.xml,CIK0000034088-submissions-001.json
2007-06-01,4,0000034088-07-000085,2007-05-30,xslF345X02/primary_doc.xml,CIK0000034088-submissions-001.json
2007-06-05,4,0000034088-07-000087,2007-06-01,xslF345X02/primary_doc.xml,CIK0000034088-submissions-001.json
2007-06-07,4,0000034088-07-000088,2007-06-05,xslF345X02/primary_doc.xml,CIK0000034088-submissions-001.json
2007-06-11,11-K,0000034088-07-000091,2006-12-31,r11kfmsp061107.htm,CIK0000034088-submissions-001.json
2007-06-11,11-K,0000034088-07-000090,2006-12-31,r11kemsp061107.htm,CIK0000034088-submissions-001.json
2007-06-11,CORRESP,0000034088-07-000089,,filename1.htm,CIK0000034088-submissions-001.json
2007-06-15,8-K,0000034088-07-000093,2007-06-15,r8k061507.htm,CIK0000034088-submissions-001.json
2007-06-18,4,0000034088-07-000096,2007-06-14,xslF345X02/primary_doc.xml,CIK0000034088-submissions-001.json
2007-06-18,4,0000034088-07-000095,2007-06-14,xslF345X02/primary_doc.xml,CIK0000034088-submissions-001.json
2007-06-18,4,0000034088-07-000094,2007-06-14,xslF345X02/primary_doc.xml,CIK0000034088-submissions-001.json
2007-07-02,4,0000034088-07-000099,2007-06-29,xslF345X02/primary_doc.xml,CIK0000034088-submissions-001.json
2007-07-02,4,0000034088-07-000098,2007-06-29,xslF345X02/primary_doc.xml,CIK0000034088-submissions-001.json
2007-07-02,4,0000034088-07-000097,2007-06-29,xslF345X02/primary_doc.xml,CIK0000034088-submissions-001.json
2007-07-02,8-K,0000034088-07-000103,2007-07-02,f8kcerronegro.htm,CIK0000034088-submissions-001.json
2007-07-26,8-K,0000034088-07-000107,2007-07-26,r8k072607.htm,CIK0000034088-submissions-001.json
2007-07-26,UPLOAD,0000000000-07-036333,,exxon2006nofurthercmnts72607.pdf,CIK0000034088-submissions-001.json
2007-07-30,4,0000034088-07-000109,2007-07-26,xslF345X02/primary_doc.xml,CIK0000034088-submissions-001.json
2007-07-30,4,0000034088-07-000108,2007-07-27,xslF345X02/primary_doc.xml,CIK0000034088-submissions-001.json
2007-08-02,4,0000034088-07-000110,2007-08-01,xslF345X02/primary_doc.xml,CIK0000034088-submissions-001.json
2007-08-07,10-Q,0000034088-07-000114,2007-06-30,r10q080707.htm,CIK0000034088-submissions-001.json
2007-08-07,S-8,0000034088-07-000115,,s080707.htm,CIK0000034088-submissions-001.json
2007-08-16,4,0000034088-07-000116,2007-08-08,xslF345X02/primary_doc.xml,CIK0000034088-submissions-001.json
2007-08-22,4,0000034088-07-000117,2007-08-21,xslF345X02/primary_doc.xml,CIK0000034088-submissions-001.json
2007-08-28,CORRESP,0000034088-07-000119,,filename1.htm,CIK0000034088-submissions-001.json
2007-08-30,4,0000034088-07-000120,2007-08-28,xslF345X02/primary_doc.xml,CIK0000034088-submissions-001.json
2007-09-06,4,0000034088-07-000121,2007-09-05,xslF345X02/primary_doc.xml,CIK0000034088-submissions-001.json
2007-09-07,4,0000034088-07-000122,2007-09-06,xslF345X02/primary_doc.xml,CIK0000034088-submissions-001.json
2007-09-12,8-K,0000034088-07-000125,2007-09-06,r8k091207.htm,CIK0000034088-submissions-001.json
2007-09-17,4,0000034088-07-000126,2007-09-13,xslF345X02/primary_doc.xml,CIK0000034088-submissions-001.json
2007-09-18,4,0000034088-07-000128,2007-09-14,xslF345X02/primary_doc.xml,CIK0000034088-submissions-001.json
2007-09-18,4,0000034088-07-000127,2007-09-14,xslF345X02/primary_doc.xml,CIK0000034088-submissions-001.json
2007-09-27,8-K,0000034088-07-000130,2007-09-21,r8k092707.htm,CIK0000034088-submissions-001.json
2007-09-28,CORRESP,0000034088-07-000132,,filename1.htm,CIK0000034088-submissions-001.json
2007-10-01,4,0000034088-07-000135,2007-09-28,xslF345X02/primary_doc.xml,CIK0000034088-submissions-001.json
2007-10-01,4,0000034088-07-000134,2007-09-28,xslF345X02/primary_doc.xml,CIK0000034088-submissions-001.json
2007-10-01,4,0000034088-07-000133,2007-09-28,xslF345X02/primary_doc.xml,CIK0000034088-submissions-001.json
2007-10-01,UPLOAD,0000000000-07-047810,,filename1.pdf,CIK0000034088-submissions-001.json
2007-10-18,4,0000034088-07-000136,2007-10-16,xslF345X02/primary_doc.xml,CIK0000034088-submissions-001.json
2007-10-29,8-K,0000034088-07-000139,2007-10-29,r8k102907.htm,CIK0000034088-submissions-001.json
2007-11-01,8-K,0000034088-07-000142,2007-11-01,r8k110107.htm,CIK0000034088-submissions-001.json
2007-11-02,8-K,0000034088-07-000148,2007-11-02,f8k110207.htm,CIK0000034088-submissions-001.json
2007-11-07,10-Q,0000034088-07-000152,2007-09-30,r10q110707.htm,CIK0000034088-submissions-001.json
2007-11-08,4,0000034088-07-000153,2007-11-07,xslF345X02/primary_doc.xml,CIK0000034088-submissions-001.json
2007-11-13,4,0000034088-07-000154,2007-11-12,xslF345X02/primary_doc.xml,CIK0000034088-submissions-001.json
2007-11-21,4,0000034088-07-000155,2007-11-20,xslF345X02/primary_doc.xml,CIK0000034088-submissions-001.json
2007-11-26,4,0000034088-07-000158,2007-11-23,xslF345X02/primary_doc.xml,CIK0000034088-submissions-001.json
2007-11-26,4,0000034088-07-000157,2007-11-23,xslF345X02/primary_doc.xml,CIK0000034088-submissions-001.json
2007-11-26,4,0000034088-07-000156,2007-11-23,xslF345X02/primary_doc.xml,CIK0000034088-submissions-001.json
2007-11-29,4,0000034088-07-000168,2007-11-27,xslF345X02/primary_doc.xml,CIK0000034088-submissions-001.json
2007-11-29,4,0000034088-07-000167,2007-11-27,xslF345X02/primary_doc.xml,CIK0000034088-submissions-001.json
2007-11-29,4,0000034088-07-000166,2007-11-27,xslF345X02/primary_doc.xml,CIK0000034088-submissions-001.json
2007-11-29,4,0000034088-07-000165,2007-11-27,xslF345X02/primary_doc.xml,CIK0000034088-submissions-001.json
2007-11-29,4,0000034088-07-000164,2007-11-27,xslF345X02/primary_doc.xml,CIK0000034088-submissions-001.json
2007-11-29,4,0000034088-07-000163,2007-11-27,xslF345X02/primary_doc.xml,CIK0000034088-submissions-001.json
2007-11-29,4,0000034088-07-000162,2007-11-27,xslF345X02/primary_doc.xml,CIK0000034088-submissions-001.json
2007-11-29,4,0000034088-07-000161,2007-11-27,xslF345X02/primary_doc.xml,CIK0000034088-submissions-001.json
2007-11-29,4,0000034088-07-000160,2007-11-27,xslF345X02/primary_doc.xml,CIK0000034088-submissions-001.json
2007-11-29,4,0000034088-07-000159,2007-11-27,xslF345X02/primary_doc.xml,CIK0000034088-submissions-001.json
2007-11-30,4,0000034088-07-000183,2007-11-28,xslF345X02/primary_doc.xml,CIK0000034088-submissions-001.json
2007-11-30,4,0000034088-07-000182,2007-11-28,xslF345X02/primary_doc.xml,CIK0000034088-submissions-001.json
2007-11-30,4,0000034088-07-000181,2007-11-28,xslF345X02/primary_doc.xml,CIK0000034088-submissions-001.json
2007-11-30,4,0000034088-07-000180,2007-11-28,xslF345X02/primary_doc.xml,CIK0000034088-submissions-001.json
2007-11-30,4,0000034088-07-000179,2007-11-28,xslF345X02/primary_doc.xml,CIK0000034088-submissions-001.json
2007-11-30,4,0000034088-07-000178,2007-11-28,xslF345X02/primary_doc.xml,CIK0000034088-submissions-001.json
2007-11-30,4,0000034088-07-000177,2007-11-28,xslF345X02/primary_doc.xml,CIK0000034088-submissions-001.json
2007-11-30,4,0000034088-07-000176,2007-11-28,xslF345X02/primary_doc.xml,CIK0000034088-submissions-001.json
2007-11-30,4,0000034088-07-000175,2007-11-28,xslF345X02/primary_doc.xml,CIK0000034088-submissions-001.json
2007-11-30,4,0000034088-07-000174,2007-11-28,xslF345X02/primary_doc.xml,CIK0000034088-submissions-001.json
2007-11-30,4,0000034088-07-000173,2007-11-28,xslF345X02/primary_doc.xml,CIK0000034088-submissions-001.json
2007-11-30,4,0000034088-07-000172,2007-11-28,xslF345X02/primary_doc.xml,CIK0000034088-submissions-001.json
2007-11-30,4,0000034088-07-000171,2007-11-28,xslF345X02/primary_doc.xml,CIK0000034088-submissions-001.json
2007-11-30,4,0000034088-07-000170,2007-11-28,xslF345X02/primary_doc.xml,CIK0000034088-submissions-001.json
2007-11-30,4,0000034088-07-000169,2007-11-28,xslF345X02/primary_doc.xml,CIK0000034088-submissions-001.json
2007-12-04,3,0000034088-07-000187,2007-12-01,xslF345X02/primary_doc.xml,CIK0000034088-submissions-001.json
2007-12-04,4,0000034088-07-000188,2007-12-01,xslF345X02/primary_doc.xml,CIK0000034088-submissions-001.json
2007-12-04,8-K,0000034088-07-000186,2007-12-04,r8k120407.htm,CIK0000034088-submissions-001.json
2007-12-07,4,0000034088-07-000192,2007-12-05,xslF345X02/primary_doc.xml,CIK0000034088-submissions-001.json
2007-12-07,4,0000034088-07-000191,2007-12-05,xslF345X02/primary_doc.xml,CIK0000034088-submissions-001.json
2007-12-07,4,0000034088-07-000190,2007-12-05,xslF345X02/primary_doc.xml,CIK0000034088-submissions-001.json
2007-12-07,4,0000034088-07-000189,2007-12-05,xslF345X02/primary_doc.xml,CIK0000034088-submissions-001.json
2007-12-10,4,0000034088-07-000194,2007-12-06,xslF345X02/primary_doc.xml,CIK0000034088-submissions-001.json
2007-12-10,4,0000034088-07-000193,2007-12-06,xslF345X02/primary_doc.xml,CIK0000034088-submissions-001.json
2007-12-11,4,0000034088-07-000198,2007-12-07,xslF345X02/primary_doc.xml,CIK0000034088-submissions-001.json
2007-12-11,4,0000034088-07-000197,2007-12-07,xslF345X02/primary_doc.xml,CIK0000034088-submissions-001.json
2007-12-11,4,0000034088-07-000196,2007-12-07,xslF345X02/primary_doc.xml,CIK0000034088-submissions-001.json
2007-12-11,4,0000034088-07-000195,2007-12-07,xslF345X02/primary_doc.xml,CIK0000034088-submissions-001.json
2007-12-12,4,0000034088-07-000200,2007-12-10,xslF345X02/primary_doc.xml,CIK0000034088-submissions-001.json
2007-12-12,8-K,0000034088-07-000201,2007-12-07,r8k121207.htm,CIK0000034088-submissions-001.json
2007-12-13,NO ACT,9999999997-07-051544,2007-11-27,9999999997-07-051544.paper,CIK0000034088-submissions-001.json
2007-12-14,4,0000034088-07-000203,2007-12-12,xslF345X02/primary_doc.xml,CIK0000034088-submissions-001.json
2007-12-14,4,0000034088-07-000202,2007-12-12,xslF345X02/primary_doc.xml,CIK0000034088-submissions-001.json
2007-12-17,4,0000034088-07-000207,2007-12-14,xslF345X02/primary_doc.xml,CIK0000034088-submissions-001.json
2007-12-17,4,0000034088-07-000206,2007-12-13,xslF345X02/primary_doc.xml,CIK0000034088-submissions-001.json
2007-12-17,CORRESP,0000034088-07-000208,,filename1.htm,CIK0000034088-submissions-001.json
2007-12-19,4,0000034088-07-000209,2007-12-17,xslF345X02/primary_doc.xml,CIK0000034088-submissions-001.json
2007-12-20,NO ACT,9999999997-08-000978,2007-11-28,9999999997-08-000978.paper,CIK0000034088-submissions-001.json
2008-01-02,NO ACT,9999999997-08-001076,2007-12-13,9999999997-08-001076.paper,CIK0000034088-submissions-001.json
2008-01-03,4,0000034088-08-000011,2007-12-19,xslF345X02/primary_doc.xml,CIK0000034088-submissions-001.json
2008-01-03,4,0000034088-08-000010,2008-01-02,xslF345X02/primary_doc.xml,CIK0000034088-submissions-001.json
2008-01-03,4,0000034088-08-000009,2008-01-02,xslF345X02/primary_doc.xml,CIK0000034088-submissions-001.json
2008-01-03,4,0000034088-08-000008,2007-12-31,xslF345X02/primary_doc.xml,CIK0000034088-submissions-001.json
2008-01-03,4,0000034088-08-000007,2007-12-31,xslF345X02/primary_doc.xml,CIK0000034088-submissions-001.json
2008-01-03,4,0000034088-08-000006,2008-01-02,xslF345X02/primary_doc.xml,CIK0000034088-submissions-001.json
2008-01-03,4,0000034088-08-000005,2007-12-31,xslF345X02/primary_doc.xml,CIK0000034088-submissions-001.json
2008-01-03,4,0000034088-08-000004,2008-01-02,xslF345X02/primary_doc.xml,CIK0000034088-submissions-001.json
2008-01-03,4,0000034088-08-000003,2008-01-02,xslF345X02/primary_doc.xml,CIK0000034088-submissions-001.json
2008-01-03,4,0000034088-08-000002,2008-01-02,xslF345X02/primary_doc.xml,CIK0000034088-submissions-001.json
2008-01-03,4,0000034088-08-000001,2008-01-02,xslF345X02/primary_doc.xml,CIK0000034088-submissions-001.json
2008-01-03,NO ACT,9999999997-08-001582,2007-12-11,9999999997-08-001582.paper,CIK0000034088-submissions-001.json
2008-01-03,NO ACT,9999999997-08-001094,2007-12-07,9999999997-08-001094.paper,CIK0000034088-submissions-001.json
2008-01-14,3/A,0000034088-08-000012,2007-05-30,xslF345X02/primary_doc.xml,CIK0000034088-submissions-001.json
2008-01-18,4,0000034088-08-000013,2008-01-16,xslF345X02/primary_doc.xml,CIK0000034088-submissions-001.json
2008-01-28,NO ACT,9999999997-08-005007,2007-12-13,9999999997-08-005007.paper,CIK0000034088-submissions-001.json
2008-01-29,NO ACT,9999999997-08-005011,2008-01-22,9999999997-08-005011.paper,CIK0000034088-submissions-001.json
2008-01-30,8-K,0000034088-08-000014,2008-01-30,r8k013008.htm,CIK0000034088-submissions-001.json
2008-01-31,3,0000034088-08-000018,2008-01-30,xslF345X02/primary_doc.xml,CIK0000034088-submissions-001.json
2008-01-31,NO ACT,9999999997-08-005024,2008-01-31,9999999997-08-005024.paper,CIK0000034088-submissions-001.json
2008-02-01,4,0000034088-08-000022,2008-01-30,xslF345X02/primary_doc.xml,CIK0000034088-submissions-001.json
2008-02-01,8-K,0000034088-08-000021,2008-02-01,r8k020108.htm,CIK0000034088-submissions-001.json
2008-02-04,4,0000034088-08-000025,2008-01-15,xslF345X02/primary_doc.xml,CIK0000034088-submissions-001.json
2008-02-04,4,0000034088-08-000024,2008-01-15,xslF345X02/primary_doc.xml,CIK0000034088-submissions-001.json
2008-02-04,4,0000034088-08-000023,2008-01-15,xslF345X02/primary_doc.xml,CIK0000034088-submissions-001.json
2008-02-07,NO ACT,9999999997-08-006056,2008-01-22,9999999997-08-006056.paper,CIK0000034088-submissions-001.json
2008-02-11,4,0000034088-08-000026,2008-02-07,xslF345X02/primary_doc.xml,CIK0000034088-submissions-001.json
2008-02-12,4,0000034088-08-000029,2008-02-11,xslF345X02/primary_doc.xml,CIK0000034088-submissions-001.json
2008-02-12,SC 13G,0000034088-08-000028,,xom13g123107imperial.htm,CIK0000034088-submissions-001.json
2008-02-15,4,0000034088-08-000033,2008-02-14,xslF345X02/primary_doc.xml,CIK0000034088-submissions-001.json
2008-02-15,8-K,0000034088-08-000032,2008-02-15,r8k021508.htm,CIK0000034088-submissions-001.json
2008-02-25,4,0000034088-08-000034,2008-02-21,xslF345X02/primary_doc.xml,CIK0000034088-submissions-001.json
2008-02-25,NO ACT,9999999997-08-008638,2008-01-18,9999999997-08-008638.paper,CIK0000034088-submissions-001.json
2008-02-28,10-K,0001193125-08-041781,2007-12-31,d10k.htm,CIK0000034088-submissions-001.json
2008-02-28,4,0000034088-08-000036,2008-02-27,xslF345X02/primary_doc.xml,CIK0000034088-submissions-001.json
2008-02-28,4,0000034088-08-000035,2008-02-26,xslF345X02/primary_doc.xml,CIK0000034088-submissions-001.json
2008-02-29,4,0000034088-08-000037,2008-02-28,xslF345X02/primary_doc.xml,CIK0000034088-submissions-001.json
2008-03-11,8-K,0001193125-08-052872,2008-03-05,d8k.htm,CIK0000034088-submissions-001.json
2008-03-13,UPLOAD,0000000000-08-013264,,filename1.pdf,CIK0000034088-submissions-001.json
2008-03-14,NO ACT,9999999997-08-012187,2008-01-21,9999999997-08-012187.paper,CIK0000034088-submissions-001.json
2008-03-14,NO ACT,9999999997-08-012183,2008-01-22,9999999997-08-012183.paper,CIK0000034088-submissions-001.json
2008-03-18,NO ACT,9999999997-08-012599,2008-01-21,9999999997-08-012599.paper,CIK0000034088-submissions-001.json
2008-03-19,NO ACT,9999999997-08-014338,2008-01-22,9999999997-08-014338.paper,CIK0000034088-submissions-001.json
2008-03-19,NO ACT,9999999997-08-014337,2008-01-22,9999999997-08-014337.paper,CIK0000034088-submissions-001.json
2008-03-24,8-K,0000950134-08-005240,2008-03-24,d54663e8vk.htm,CIK0000034088-submissions-001.json
2008-03-24,NO ACT,9999999997-08-016552,2008-01-29,9999999997-08-016552.paper,CIK0000034088-submissions-001.json
2008-03-24,NO ACT,9999999997-08-016551,2008-03-10,9999999997-08-016551.paper,CIK0000034088-submissions-001.json
2008-04-01,NO ACT,9999999997-08-018140,2008-03-25,9999999997-08-018140.paper,CIK0000034088-submissions-001.json
2008-04-02,4,0000034088-08-000038,2008-04-01,xslF345X02/primary_doc.xml,CIK0000034088-submissions-001.json
2008-04-02,NO ACT,9999999997-08-018141,2008-03-25,9999999997-08-018141.paper,CIK0000034088-submissions-001.json
2008-04-03,3,0000034088-08-000040,2008-04-01,xslF345X02/primary_doc.xml,CIK0000034088-submissions-001.json
2008-04-03,3,0000034088-08-000039,2008-04-01,xslF345X02/primary_doc.xml,CIK0000034088-submissions-001.json
2008-04-04,CORRESP,0000034088-08-000042,,filename1.htm,CIK0000034088-submissions-001.json
2008-04-10,DEF 14A,0001193125-08-078618,2008-05-28,ddef14a.htm,CIK0000034088-submissions-001.json
2008-04-11,ARS,9999999997-08-020277,2007-12-31,9999999997-08-020277.paper,CIK0000034088-submissions-001.json
2008-04-18,8-K,0000034088-08-000045,2008-04-18,r8k041808.htm,CIK0000034088-submissions-001.json
2008-04-28,4,0000034088-08-000046,2008-04-26,xslF345X02/primary_doc.xml,CIK0000034088-submissions-001.json
2008-05-01,8-K,0000034088-08-000053,2008-05-01,r8k050108.htm,CIK0000034088-submissions-001.json
2008-05-06,10-Q,0000034088-08-000057,2008-03-31,r10q050608.htm,CIK0000034088-submissions-001.json
2008-05-06,4,0000034088-08-000058,2008-05-05,xslF345X02/primary_doc.xml,CIK0000034088-submissions-001.json
2008-05-08,4,0000034088-08-000060,2008-05-06,xslF345X02/primary_doc.xml,CIK0000034088-submissions-001.json
2008-05-08,CORRESP,0000034088-08-000061,,filename1.htm,CIK0000034088-submissions-001.json
2008-05-09,4,0000034088-08-000062,2008-05-07,xslF345X02/primary_doc.xml,CIK0000034088-submissions-001.json
2008-05-12,DEFA14A,0001193125-08-111436,,ddefa14a.htm,CIK0000034088-submissions-001.json
2008-05-13,PX14A6G,0001430148-08-000011,,xomlettertoshareholdersfinal.txt,CIK0000034088-submissions-001.json
2008-05-14,4,0000034088-08-000063,2008-05-13,xslF345X02/primary_doc.xml,CIK0000034088-submissions-001.json
2008-05-16,PX14A6G,0000893220-08-001591,,w58736px14a6g.htm,CIK0000034088-submissions-001.json
2008-05-20,4,0000034088-08-000066,2008-05-16,xslF345X02/primary_doc.xml,CIK0000034088-submissions-001.json
2008-05-20,4,0000034088-08-000065,2008-05-16,xslF345X02/primary_doc.xml,CIK0000034088-submissions-001.json
2008-05-20,4,0000034088-08-000064,2008-05-16,xslF345X02/primary_doc.xml,CIK0000034088-submissions-001.json
2008-05-21,4,0000034088-08-000071,2008-05-19,xslF345X02/primary_doc.xml,CIK0000034088-submissions-001.json
2008-05-21,4,0000034088-08-000070,2008-05-19,xslF345X02/primary_doc.xml,CIK0000034088-submissions-001.json
2008-05-21,4,0000034088-08-000069,2008-05-19,xslF345X02/primary_doc.xml,CIK0000034088-submissions-001.json
2008-05-21,4,0000034088-08-000068,2008-05-19,xslF345X02/primary_doc.xml,CIK0000034088-submissions-001.json
2008-05-21,4,0000034088-08-000067,2008-05-19,xslF345X02/primary_doc.xml,CIK0000034088-submissions-001.json
2008-05-22,4,0000034088-08-000072,2008-05-20,xslF345X02/primary_doc.xml,CIK0000034088-submissions-001.json
2008-05-23,4,0000034088-08-000076,2008-05-21,xslF345X02/primary_doc.xml,CIK0000034088-submissions-001.json
2008-05-23,4,0000034088-08-000075,2008-05-21,xslF345X02/primary_doc.xml,CIK0000034088-submissions-001.json
2008-05-23,4,0000034088-08-000074,2008-05-21,xslF345X02/primary_doc.xml,CIK0000034088-submissions-001.json
2008-05-23,4,0000034088-08-000073,2008-05-21,xslF345X02/primary_doc.xml,CIK0000034088-submissions-001.json
2008-05-23,4/A,0000034088-08-000077,2008-05-21,xslF345X02/primary_doc.xml,CIK0000034088-submissions-001.json
2008-05-29,3,0000034088-08-000078,2008-05-28,xslF345X02/primary_doc.xml,CIK0000034088-submissions-001.json
2008-05-30,4,0000034088-08-000082,2008-05-28,xslF345X02/primary_doc.xml,CIK0000034088-submissions-001.json
2008-05-30,4,0000034088-08-000081,2008-05-28,xslF345X02/primary_doc.xml,CIK0000034088-submissions-001.json
2008-05-30,4,0000034088-08-000080,2008-05-28,xslF345X02/primary_doc.xml,CIK0000034088-submissions-001.json
2008-05-30,4,0000034088-08-000079,2008-05-28,xslF345X02/primary_doc.xml,CIK0000034088-submissions-001.json
2008-06-02,4,0000034088-08-000083,2008-05-29,xslF345X02/primary_doc.xml,CIK0000034088-submissions-001.json
2008-06-05,4,0000034088-08-000084,2008-06-04,xslF345X02/primary_doc.xml,CIK0000034088-submissions-001.json
2008-06-11,11-K,0000034088-08-000087,2007-12-31,r11kfmsp061108.htm,CIK0000034088-submissions-001.json
2008-06-11,11-K,0000034088-08-000086,2007-12-31,r11kemsp061108.htm,CIK0000034088-submissions-001.json
2008-06-20,4,0000034088-08-000088,2008-06-18,xslF345X02/primary_doc.xml,CIK0000034088-submissions-001.json
2008-06-26,4,0000034088-08-000091,2008-06-21,xslF345X03/primary_doc.xml,CIK0000034088-submissions-001.json
2008-06-26,CORRESP,0000034088-08-000090,,filename1.htm,CIK0000034088-submissions-001.json
2008-06-30,8-K,0000034088-08-000093,2008-06-25,r8k063008.htm,CIK0000034088-submissions-001.json
2008-07-03,8-K,0000034088-08-000096,2008-07-01,r8k070308.htm,CIK0000034088-submissions-001.json
2008-07-17,CORRESP,0000034088-08-000098,,filename1.htm,CIK0000034088-submissions-001.json
2008-07-31,8-K,0000034088-08-000102,2008-07-31,r8k073108.htm,CIK0000034088-submissions-001.json
2008-08-05,10-Q,0000034088-08-000104,2008-06-30,r10q080508.htm,CIK0000034088-submissions-001.json
2008-08-07,4,0000034088-08-000105,2008-08-06,xslF345X03/primary_doc.xml,CIK0000034088-submissions-001.json
2008-08-26,CORRESP,0000034088-08-000107,,filename1.htm,CIK0000034088-submissions-001.json
2008-09-09,4,0000034088-08-000108,2008-09-05,xslF345X03/primary_doc.xml,CIK0000034088-submissions-001.json
2008-09-10,4,0000034088-08-000109,2008-09-08,xslF345X03/primary_doc.xml,CIK0000034088-submissions-001.json
2008-09-12,CORRESP,0000034088-08-000112,,filename1.htm,CIK0000034088-submissions-001.json
2008-10-01,CORRESP,0000034088-08-000113,,filename1.htm,CIK0000034088-submissions-001.json
2008-10-03,3,0000034088-08-000114,2008-10-01,xslF345X02/primary_doc.xml,CIK0000034088-submissions-001.json
2008-10-03,4,0000034088-08-000115,2008-10-01,xslF345X03/primary_doc.xml,CIK0000034088-submissions-001.json
2008-10-10,CORRESP,0000034088-08-000117,,filename1.htm,CIK0000034088-submissions-001.json
2008-10-15,4,0000034088-08-000118,2008-10-14,xslF345X03/primary_doc.xml,CIK0000034088-submissions-001.json
2008-10-30,8-K,0000034088-08-000124,2008-10-30,r8k103008.htm,CIK0000034088-submissions-001.json
2008-11-04,10-Q,0000034088-08-000127,2008-09-30,r10q110408.htm,CIK0000034088-submissions-001.json
2008-11-05,4,0000034088-08-000128,2008-11-03,xslF345X03/primary_doc.xml,CIK0000034088-submissions-001.json
2008-11-06,4,0000034088-08-000129,2008-11-04,xslF345X03/primary_doc.xml,CIK0000034088-submissions-001.json
2008-11-26,4,0000034088-08-000130,2008-11-25,xslF345X03/primary_doc.xml,CIK0000034088-submissions-001.json
2008-11-28,4,0000034088-08-000146,2008-11-25,xslF345X03/primary_doc.xml,CIK0000034088-submissions-001.json
2008-11-28,4,0000034088-08-000145,2008-11-25,xslF345X03/primary_doc.xml,CIK0000034088-submissions-001.json
2008-11-28,4,0000034088-08-000144,2008-11-25,xslF345X03/primary_doc.xml,CIK0000034088-submissions-001.json
2008-11-28,4,0000034088-08-000143,2008-11-25,xslF345X03/primary_doc.xml,CIK0000034088-submissions-001.json
2008-11-28,4,0000034088-08-000142,2008-11-25,xslF345X03/primary_doc.xml,CIK0000034088-submissions-001.json
2008-11-28,4,0000034088-08-000141,2008-11-25,xslF345X03/primary_doc.xml,CIK0000034088-submissions-001.json
2008-11-28,4,0000034088-08-000140,2008-11-25,xslF345X03/primary_doc.xml,CIK0000034088-submissions-001.json
2008-11-28,4,0000034088-08-000139,2008-11-25,xslF345X03/primary_doc.xml,CIK0000034088-submissions-001.json
2008-11-28,4,0000034088-08-000138,2008-11-25,xslF345X03/primary_doc.xml,CIK0000034088-submissions-001.json
2008-11-28,4,0000034088-08-000137,2008-11-25,xslF345X03/primary_doc.xml,CIK0000034088-submissions-001.json
2008-11-28,4,0000034088-08-000136,2008-11-25,xslF345X03/primary_doc.xml,CIK0000034088-submissions-001.json
2008-11-28,4,0000034088-08-000135,2008-11-24,xslF345X03/primary_doc.xml,CIK0000034088-submissions-001.json
2008-11-28,4,0000034088-08-000134,2008-11-25,xslF345X03/primary_doc.xml,CIK0000034088-submissions-001.json
2008-11-28,4,0000034088-08-000133,2008-11-25,xslF345X03/primary_doc.xml,CIK0000034088-submissions-001.json
2008-11-28,4,0000034088-08-000132,2008-11-25,xslF345X03/primary_doc.xml,CIK0000034088-submissions-001.json
2008-11-28,4,0000034088-08-000131,2008-11-25,xslF345X03/primary_doc.xml,CIK0000034088-submissions-001.json
2008-12-02,8-K,0000034088-08-000148,2008-11-25,r8k120208.htm,CIK0000034088-submissions-001.json
2008-12-03,4,0000034088-08-000156,2008-12-01,xslF345X03/primary_doc.xml,CIK0000034088-submissions-001.json
2008-12-03,4,0000034088-08-000155,2008-12-01,xslF345X03/primary_doc.xml,CIK0000034088-submissions-001.json
2008-12-03,4,0000034088-08-000154,2008-12-01,xslF345X03/primary_doc.xml,CIK0000034088-submissions-001.json
2008-12-03,4,0000034088-08-000153,2008-12-01,xslF345X03/primary_doc.xml,CIK0000034088-submissions-001.json
2008-12-03,4,0000034088-08-000152,2008-12-01,xslF345X03/primary_doc.xml,CIK0000034088-submissions-001.json
2008-12-03,4,0000034088-08-000151,2008-12-01,xslF345X03/primary_doc.xml,CIK0000034088-submissions-001.json
2008-12-03,4,0000034088-08-000150,2008-12-01,xslF345X03/primary_doc.xml,CIK0000034088-submissions-001.json
2008-12-03,4,0000034088-08-000149,2008-12-01,xslF345X03/primary_doc.xml,CIK0000034088-submissions-001.json
2008-12-05,4,0000034088-08-000162,2008-12-03,xslF345X03/primary_doc.xml,CIK0000034088-submissions-001.json
2008-12-05,4,0000034088-08-000161,2008-12-03,xslF345X03/primary_doc.xml,CIK0000034088-submissions-001.json
2008-12-05,4,0000034088-08-000160,2008-12-03,xslF345X03/primary_doc.xml,CIK0000034088-submissions-001.json
2008-12-05,4,0000034088-08-000159,2008-12-03,xslF345X03/primary_doc.xml,CIK0000034088-submissions-001.json
2008-12-05,4,0000034088-08-000158,2008-12-03,xslF345X03/primary_doc.xml,CIK0000034088-submissions-001.json
2008-12-05,4,0000034088-08-000157,2008-12-03,xslF345X03/primary_doc.xml,CIK0000034088-submissions-001.json
2008-12-09,UPLOAD,0000000000-08-060537,,filename1.pdf,CIK0000034088-submissions-001.json
2008-12-09,UPLOAD,0000000000-08-060536,,filename1.pdf,CIK0000034088-submissions-001.json
2008-12-09,UPLOAD,0000000000-08-060535,,filename1.pdf,CIK0000034088-submissions-001.json
2008-12-09,UPLOAD,0000000000-08-060534,,filename1.pdf,CIK0000034088-submissions-001.json
2008-12-09,UPLOAD,0000000000-08-060533,,filename1.pdf,CIK0000034088-submissions-001.json
2008-12-09,UPLOAD,0000000000-08-060532,,filename1.pdf,CIK0000034088-submissions-001.json
2008-12-12,4,0000034088-08-000163,2008-12-10,xslF345X03/primary_doc.xml,CIK0000034088-submissions-001.json
2008-12-15,4,0000034088-08-000165,2008-12-12,xslF345X03/primary_doc.xml,CIK0000034088-submissions-001.json
2008-12-15,4,0000034088-08-000164,2008-12-12,xslF345X03/primary_doc.xml,CIK0000034088-submissions-001.json
2008-12-16,4,0000034088-08-000166,2008-12-12,xslF345X03/primary_doc.xml,CIK0000034088-submissions-001.json
2008-12-17,4,0000034088-08-000171,2008-12-16,xslF345X03/primary_doc.xml,CIK0000034088-submissions-001.json
2008-12-17,4,0000034088-08-000170,2008-12-15,xslF345X03/primary_doc.xml,CIK0000034088-submissions-001.json
2008-12-17,4,0000034088-08-000169,2008-12-15,xslF345X03/primary_doc.xml,CIK0000034088-submissions-001.json
2008-12-17,4,0000034088-08-000168,2008-12-15,xslF345X03/primary_doc.xml,CIK0000034088-submissions-001.json
2008-12-17,4,0000034088-08-000167,2008-12-15,xslF345X03/primary_doc.xml,CIK0000034088-submissions-001.json
2008-12-18,4,0000034088-08-000174,2008-12-17,xslF345X03/primary_doc.xml,CIK0000034088-submissions-001.json
2008-12-18,4,0000034088-08-000173,2008-12-17,xslF345X03/primary_doc.xml,CIK0000034088-submissions-001.json
2008-12-18,4,0000034088-08-000172,2008-12-17,xslF345X03/primary_doc.xml,CIK0000034088-submissions-001.json
2008-12-22,4,0000034088-08-000175,2008-12-18,xslF345X03/primary_doc.xml,CIK0000034088-submissions-001.json
2008-12-23,4,0000034088-08-000176,2008-12-23,xslF345X03/primary_doc.xml,CIK0000034088-submissions-001.json
2009-01-06,4,0000034088-09-000010,2009-01-02,xslF345X03/primary_doc.xml,CIK0000034088-submissions-001.json
2009-01-06,4,0000034088-09-000009,2009-01-02,xslF345X03/primary_doc.xml,CIK0000034088-submissions-001.json
2009-01-06,4,0000034088-09-000008,2009-01-02,xslF345X03/primary_doc.xml,CIK0000034088-submissions-001.json
2009-01-06,4,0000034088-09-000007,2009-01-02,xslF345X03/primary_doc.xml,CIK0000034088-submissions-001.json
2009-01-06,4,0000034088-09-000006,2009-01-02,xslF345X03/primary_doc.xml,CIK0000034088-submissions-001.json
2009-01-06,4,0000034088-09-000005,2009-01-02,xslF345X03/primary_doc.xml,CIK0000034088-submissions-001.json
2009-01-06,4,0000034088-09-000004,2009-01-02,xslF345X03/primary_doc.xml,CIK0000034088-submissions-001.json
2009-01-06,4,0000034088-09-000003,2009-01-02,xslF345X03/primary_doc.xml,CIK0000034088-submissions-001.json
2009-01-06,4,0000034088-09-000002,2009-01-02,xslF345X03/primary_doc.xml,CIK0000034088-submissions-001.json
2009-01-06,4,0000034088-09-000001,2009-01-02,xslF345X03/primary_doc.xml,CIK0000034088-submissions-001.json
2009-01-16,4,0000034088-09-000011,2009-01-15,xslF345X03/primary_doc.xml,CIK0000034088-submissions-001.json
2009-01-30,8-K,0000034088-09-000016,2009-01-30,r8k013009.htm,CIK0000034088-submissions-001.json
2009-02-03,SC 13G,0000034088-09-000018,,xom13g123108imperial.htm,CIK0000034088-submissions-001.json
2009-02-04,3,0000034088-09-000019,2009-02-01,xslF345X02/primary_doc.xml,CIK0000034088-submissions-001.json
2009-02-04,4,0000034088-09-000020,2009-02-03,xslF345X03/primary_doc.xml,CIK0000034088-submissions-001.json
2009-02-10,4,0000034088-09-000021,2009-02-06,xslF345X03/primary_doc.xml,CIK0000034088-submissions-001.json
2009-02-12,4,0000034088-09-000022,2009-02-10,xslF345X03/primary_doc.xml,CIK0000034088-submissions-001.json
2009-02-17,4,0000034088-09-000023,2009-02-12,xslF345X03/primary_doc.xml,CIK0000034088-submissions-001.json
2009-02-17,8-K,0000034088-09-000025,2009-02-17,r8k021709.htm,CIK0000034088-submissions-001.json
2009-02-17,NO ACT,9999999997-09-007117,2009-02-17,9999999997-09-007117.paper,CIK0000034088-submissions-001.json
2009-02-23,NO ACT,9999999997-09-007024,2009-02-20,9999999997-09-007024.paper,CIK0000034088-submissions-001.json
2009-02-26,4,0000034088-09-000026,2009-02-24,xslF345X03/primary_doc.xml,CIK0000034088-submissions-001.json
2009-02-27,10-K,0001193125-09-040966,2008-12-31,d10k.htm,CIK0000034088-submissions-001.json
2009-03-09,4,0000034088-09-000027,2009-03-05,xslF345X03/primary_doc.xml,CIK0000034088-submissions-001.json
2009-03-11,8-K,0001193125-09-050959,2009-03-05,d8k.htm,CIK0000034088-submissions-001.json
2009-03-11,NO ACT,9999999997-09-013233,2009-01-23,9999999997-09-013233.paper,CIK0000034088-submissions-001.json
2009-03-13,4,0000034088-09-000028,2009-03-11,xslF345X03/primary_doc.xml,CIK0000034088-submissions-001.json
2009-03-17,NO ACT,9999999997-09-016566,2009-01-16,9999999997-09-016566.paper,CIK0000034088-submissions-001.json
2009-03-17,NO ACT,9999999997-09-016563,2009-01-16,9999999997-09-016563.paper,CIK0000034088-submissions-001.json
2009-03-23,NO ACT,9999999997-09-018946,2009-01-23,9999999997-09-018946.paper,CIK0000034088-submissions-001.json
2009-03-23,NO ACT,9999999997-09-016676,2009-03-23,9999999997-09-016676.paper,CIK0000034088-submissions-001.json
2009-03-23,NO ACT,9999999997-09-016675,2009-01-23,9999999997-09-016675.paper,CIK0000034088-submissions-001.json
2009-03-23,NO ACT,9999999997-09-016674,2009-01-21,9999999997-09-016674.paper,CIK0000034088-submissions-001.json
2009-03-30,8-K,0000950134-09-006406,2009-03-30,d66829e8vk.htm,CIK0000034088-submissions-001.json
2009-04-01,S-8 POS,0000034088-09-000032,,s040109.htm,CIK0000034088-submissions-001.json
2009-04-03,3,0000034088-09-000033,2009-04-01,xslF345X02/primary_doc.xml,CIK0000034088-submissions-001.json
2009-04-13,DEF 14A,0001193125-09-077572,2009-05-27,ddef14a.htm,CIK0000034088-submissions-001.json
2009-04-14,ARS,9999999997-09-017690,2008-12-31,9999999997-09-017690.paper,CIK0000034088-submissions-001.json
2009-04-30,8-K,0000034088-09-000037,2009-04-30,r8k043009.htm,CIK0000034088-submissions-001.json
2009-05-05,10-Q,0000034088-09-000039,2009-03-31,r10q050509.htm,CIK0000034088-submissions-001.json
2009-05-05,3,0000034088-09-000041,2009-05-01,xslF345X02/primary_doc.xml,CIK0000034088-submissions-001.json
2009-05-05,4,0000034088-09-000040,2009-05-04,xslF345X03/primary_doc.xml,CIK0000034088-submissions-001.json
2009-05-12,4,0000034088-09-000044,2009-05-08,xslF345X03/primary_doc.xml,CIK0000034088-submissions-001.json
2009-05-12,4,0000034088-09-000043,2009-05-08,xslF345X03/primary_doc.xml,CIK0000034088-submissions-001.json
2009-05-12,4,0000034088-09-000042,2009-05-08,xslF345X03/primary_doc.xml,CIK0000034088-submissions-001.json
2009-05-29,3,0000034088-09-000045,2009-05-27,xslF345X02/primary_doc.xml,CIK0000034088-submissions-001.json
2009-05-29,4,0000034088-09-000048,2009-05-27,xslF345X03/primary_doc.xml,CIK0000034088-submissions-001.json
2009-05-29,4,0000034088-09-000047,2009-05-27,xslF345X03/primary_doc.xml,CIK0000034088-submissions-001.json
2009-05-29,4,0000034088-09-000046,2009-05-27,xslF345X03/primary_doc.xml,CIK0000034088-submissions-001.json
2009-06-02,4,0000034088-09-000049,2009-06-01,xslF345X03/primary_doc.xml,CIK0000034088-submissions-001.json
2009-06-03,4,0000034088-09-000050,2009-06-02,xslF345X03/primary_doc.xml,CIK0000034088-submissions-001.json
2009-06-05,4,0000034088-09-000051,2009-06-04,xslF345X03/primary_doc.xml,CIK0000034088-submissions-001.json
2009-06-11,4,0000034088-09-000052,2009-06-09,xslF345X03/primary_doc.xml,CIK0000034088-submissions-001.json
2009-06-17,4,0000034088-09-000053,2009-06-15,xslF345X03/primary_doc.xml,CIK0000034088-submissions-001.json
2009-06-19,8-K,0000034088-09-000056,2009-06-15,r8k061909.htm,CIK0000034088-submissions-001.json
2009-06-23,4,0000034088-09-000057,2009-06-19,xslF345X03/primary_doc.xml,CIK0000034088-submissions-001.json
2009-06-24,11-K,0000034088-09-000059,2008-12-31,r11kemsp062409.htm,CIK0000034088-submissions-001.json
2009-07-06,UPLOAD,0000000000-09-035424,,filename1.pdf,CIK0000034088-submissions-001.json
2009-07-09,CORRESP,0000034088-09-000061,,filename1.htm,CIK0000034088-submissions-001.json
2009-07-30,8-K,0000034088-09-000064,2009-07-30,r8k073009.htm,CIK0000034088-submissions-001.json
2009-08-03,4,0000034088-09-000065,2009-07-31,xslF345X03/primary_doc.xml,CIK0000034088-submissions-001.json
2009-08-04,4,0000034088-09-000066,2009-08-03,xslF345X03/primary_doc.xml,CIK0000034088-submissions-001.json
2009-08-05,10-Q,0001193125-09-165196,2009-06-30,d10q.htm,CIK0000034088-submissions-001.json
2009-08-07,4,0001127602-09-017028,2009-08-06,xslF345X03/form4.xml,CIK0000034088-submissions-001.json
2009-08-10,4,0001127602-09-017103,2009-08-06,xslF345X03/form4.xml,CIK0000034088-submissions-001.json
2009-08-12,4,0001127602-09-017228,2009-08-11,xslF345X03/form4.xml,CIK0000034088-submissions-001.json
2009-08-19,4,0001127602-09-017601,2009-08-17,xslF345X03/form4.xml,CIK0000034088-submissions-001.json
2009-08-25,4,0001127602-09-017963,2009-08-24,xslF345X03/form4.xml,CIK0000034088-submissions-001.json
2009-08-25,4,0001127602-09-017956,2009-08-24,xslF345X03/form4.xml,CIK0000034088-submissions-001.json
2009-08-26,4,0001127602-09-018041,2009-08-25,xslF345X03/form4.xml,CIK0000034088-submissions-001.json
2009-08-26,CORRESP,0000034088-09-000069,,filename1.htm,CIK0000034088-submissions-001.json
2009-08-26,CORRESP,0000034088-09-000068,,filename1.htm,CIK0000034088-submissions-001.json
2009-09-01,4,0001127602-09-018270,2009-08-28,xslF345X03/form4.xml,CIK0000034088-submissions-001.json
2009-09-10,4,0001127602-09-018594,2009-09-08,xslF345X03/form4.xml,CIK0000034088-submissions-001.json
2009-09-11,4,0001127602-09-018629,2009-09-09,xslF345X03/form4.xml,CIK0000034088-submissions-001.json
2009-09-14,4,0001127602-09-018817,2009-09-11,xslF345X03/form4.xml,CIK0000034088-submissions-001.json
2009-09-16,4,0001127602-09-018940,2009-09-14,xslF345X03/form4.xml,CIK0000034088-submissions-001.json
2009-09-21,4,0001127602-09-019253,2009-09-18,xslF345X03/form4.xml,CIK0000034088-submissions-001.json
2009-10-23,UPLOAD,0000000000-09-059819,,filename1.pdf,CIK0000034088-submissions-001.json
2009-10-28,8-K,0000034088-09-000073,2009-10-28,r8k102809.htm,CIK0000034088-submissions-001.json
2009-10-29,8-K,0000034088-09-000076,2009-10-29,r8k102909.htm,CIK0000034088-submissions-001.json
2009-11-03,4,0001127602-09-021478,2009-10-30,xslF345X03/form4.xml,CIK0000034088-submissions-001.json
2009-11-05,10-Q,0001193125-09-225285,2009-09-30,d10q.htm,CIK0000034088-submissions-001.json
2009-11-05,4,0001127602-09-021898,2009-11-03,xslF345X03/form4.xml,CIK0000034088-submissions-001.json
2009-11-09,4,0001127602-09-022105,2009-11-06,xslF345X03/form4.xml,CIK0000034088-submissions-001.json
2009-11-09,4,0001127602-09-022103,2009-11-06,xslF345X03/form4.xml,CIK0000034088-submissions-001.json
2009-11-12,4,0001127602-09-022327,2009-11-10,xslF345X03/form4.xml,CIK0000034088-submissions-001.json
2009-11-12,4,0001127602-09-022316,2009-11-09,xslF345X03/form4.xml,CIK0000034088-submissions-001.json
2009-11-13,4,0001127602-09-022506,2009-11-11,xslF345X03/form4.xml,CIK0000034088-submissions-001.json
2009-11-18,4,0001127602-09-022850,2009-11-16,xslF345X03/form4.xml,CIK0000034088-submissions-001.json
2009-11-20,4,0001127602-09-023127,2009-11-18,xslF345X03/form4.xml,CIK0000034088-submissions-001.json
2009-11-23,4,0001127602-09-023443,2009-11-20,xslF345X03/form4.xml,CIK0000034088-submissions-001.json
2009-11-23,4,0001127602-09-023421,2009-11-20,xslF345X03/form4.xml,CIK0000034088-submissions-001.json
2009-11-24,4,0001127602-09-023489,2009-11-20,xslF345X03/form4.xml,CIK0000034088-submissions-001.json
2009-11-27,4,0001127602-09-023751,2009-11-24,xslF345X03/form4.xml,CIK0000034088-submissions-001.json
2009-11-27,4,0001127602-09-023749,2009-11-24,xslF345X03/form4.xml,CIK0000034088-submissions-001.json
2009-11-27,4,0001127602-09-023747,2009-11-24,xslF345X03/form4.xml,CIK0000034088-submissions-001.json
2009-11-27,4,0001127602-09-023743,2009-11-24,xslF345X03/form4.xml,CIK0000034088-submissions-001.json
2009-11-27,4,0001127602-09-023736,2009-11-24,xslF345X03/form4.xml,CIK0000034088-submissions-001.json
2009-11-27,4,0001127602-09-023734,2009-11-24,xslF345X03/form4.xml,CIK0000034088-submissions-001.json
2009-11-27,4,0001127602-09-023732,2009-11-24,xslF345X03/form4.xml,CIK0000034088-submissions-001.json
2009-11-27,4,0001127602-09-023730,2009-11-24,xslF345X03/form4.xml,CIK0000034088-submissions-001.json
2009-11-27,4,0001127602-09-023728,2009-11-24,xslF345X03/form4.xml,CIK0000034088-submissions-001.json
2009-11-27,4,0001127602-09-023726,2009-11-24,xslF345X03/form4.xml,CIK0000034088-submissions-001.json
2009-11-27,4,0001127602-09-023724,2009-11-24,xslF345X03/form4.xml,CIK0000034088-submissions-001.json
2009-11-27,4,0001127602-09-023722,2009-11-24,xslF345X03/form4.xml,CIK0000034088-submissions-001.json
2009-11-27,4,0001127602-09-023720,2009-11-24,xslF345X03/form4.xml,CIK0000034088-submissions-001.json
2009-11-27,4,0001127602-09-023718,2009-11-24,xslF345X03/form4.xml,CIK0000034088-submissions-001.json
2009-11-27,4,0001127602-09-023715,2009-11-24,xslF345X03/form4.xml,CIK0000034088-submissions-001.json
2009-11-27,4,0001127602-09-023712,2009-11-24,xslF345X03/form4.xml,CIK0000034088-submissions-001.json
2009-11-27,4,0001127602-09-023709,2009-11-24,xslF345X03/form4.xml,CIK0000034088-submissions-001.json
2009-11-27,4,0001127602-09-023707,2009-11-24,xslF345X03/form4.xml,CIK0000034088-submissions-001.json
2009-11-27,4,0001127602-09-023705,2009-11-24,xslF345X03/form4.xml,CIK0000034088-submissions-001.json
2009-12-01,8-K,0000034088-09-000078,2009-12-01,r8k120109.htm,CIK0000034088-submissions-001.json
2009-12-02,4,0001127602-09-023985,2009-11-30,xslF345X03/form4.xml,CIK0000034088-submissions-001.json
2009-12-02,4,0001127602-09-023980,2009-11-30,xslF345X03/form4.xml,CIK0000034088-submissions-001.json
2009-12-02,4,0001127602-09-023974,2009-11-30,xslF345X03/form4.xml,CIK0000034088-submissions-001.json
2009-12-02,4,0001127602-09-023972,2009-11-30,xslF345X03/form4.xml,CIK0000034088-submissions-001.json
2009-12-02,4,0001127602-09-023968,2009-11-30,xslF345X03/form4.xml,CIK0000034088-submissions-001.json
2009-12-02,4,0001127602-09-023963,2009-11-30,xslF345X03/form4.xml,CIK0000034088-submissions-001.json
2009-12-02,4,0001127602-09-023960,2009-11-30,xslF345X03/form4.xml,CIK0000034088-submissions-001.json
2009-12-02,4,0001127602-09-023956,2009-11-30,xslF345X03/form4.xml,CIK0000034088-submissions-001.json
2009-12-02,4,0001127602-09-023954,2009-11-30,xslF345X03/form4.xml,CIK0000034088-submissions-001.json
2009-12-02,4,0001127602-09-023950,2009-11-30,xslF345X03/form4.xml,CIK0000034088-submissions-001.json
2009-12-02,4/A,0001127602-09-023943,2009-11-24,xslF345X03/form4a.xml,CIK0000034088-submissions-001.json
2009-12-03,4,0001127602-09-024136,2009-12-01,xslF345X03/form4.xml,CIK0000034088-submissions-001.json
2009-12-04,4,0001127602-09-024349,2009-12-02,xslF345X03/form4.xml,CIK0000034088-submissions-001.json
2009-12-04,4,0001127602-09-024345,2009-12-02,xslF345X03/form4.xml,CIK0000034088-submissions-001.json
2009-12-04,4,0001127602-09-024343,2009-12-02,xslF345X03/form4.xml,CIK0000034088-submissions-001.json
2009-12-04,4,0001127602-09-024341,2009-12-02,xslF345X03/form4.xml,CIK0000034088-submissions-001.json
2009-12-04,4,0001127602-09-024339,2009-12-02,xslF345X03/form4.xml,CIK0000034088-submissions-001.json
2009-12-04,4,0001127602-09-024337,2009-12-02,xslF345X03/form4.xml,CIK0000034088-submissions-001.json
2009-12-04,4,0001127602-09-024335,2009-12-02,xslF345X03/form4.xml,CIK0000034088-submissions-001.json
2009-12-04,4,0001127602-09-024333,2009-12-02,xslF345X03/form4.xml,CIK0000034088-submissions-001.json
2009-12-04,4,0001127602-09-024331,2009-12-02,xslF345X03/form4.xml,CIK0000034088-submissions-001.json
2009-12-04,4,0001127602-09-024328,2009-12-02,xslF345X03/form4.xml,CIK0000034088-submissions-001.json
2009-12-04,4,0001127602-09-024325,2009-12-02,xslF345X03/form4.xml,CIK0000034088-submissions-001.json
2009-12-08,4,0001127602-09-024551,2009-12-04,xslF345X03/form4.xml,CIK0000034088-submissions-001.json
2009-12-08,4,0001127602-09-024549,2009-12-04,xslF345X03/form4.xml,CIK0000034088-submissions-001.json
2009-12-09,4,0001127602-09-024654,2009-12-07,xslF345X03/form4.xml,CIK0000034088-submissions-001.json
2009-12-09,4,0001127602-09-024652,2009-12-07,xslF345X03/form4.xml,CIK0000034088-submissions-001.json
2009-12-09,4,0001127602-09-024650,2009-12-07,xslF345X03/form4.xml,CIK0000034088-submissions-001.json
2009-12-09,4,0001127602-09-024648,2009-12-07,xslF345X03/form4.xml,CIK0000034088-submissions-001.json
2009-12-09,4,0001127602-09-024646,2009-12-07,xslF345X03/form4.xml,CIK0000034088-submissions-001.json
2009-12-09,4,0001127602-09-024644,2009-12-07,xslF345X03/form4.xml,CIK0000034088-submissions-001.json
2009-12-09,4,0001127602-09-024642,2009-12-07,xslF345X03/form4.xml,CIK0000034088-submissions-001.json
2009-12-14,425,0000950103-09-003247,,dp15865_8k.htm,CIK0000034088-submissions-001.json
2009-12-14,425,0000950103-09-003241,,dp15879_425.htm,CIK0000034088-submissions-001.json
2009-12-14,425,0000950103-09-003240,,dp15880_425.htm,CIK0000034088-submissions-001.json
2009-12-14,8-K,0000950103-09-003246,2009-12-13,dp15865_8k.htm,CIK0000034088-submissions-001.json
2009-12-15,425,0000950103-09-003250,,dp15891_425.htm,CIK0000034088-submissions-001.json
2009-12-17,4,0001127602-09-025560,2009-12-15,xslF345X03/form4.xml,CIK0000034088-submissions-001.json
2009-12-18,4,0001127602-09-025686,2009-12-17,xslF345X03/form4.xml,CIK0000034088-submissions-001.json
2009-12-18,4,0001127602-09-025683,2009-12-17,xslF345X03/form4.xml,CIK0000034088-submissions-001.json
2009-12-18,4,0001127602-09-025638,2009-12-16,xslF345X03/form4.xml,CIK0000034088-submissions-001.json
2009-12-18,4,0001127602-09-025634,2009-12-16,xslF345X03/form4.xml,CIK0000034088-submissions-001.json
2009-12-21,4,0001127602-09-025768,2009-12-17,xslF345X03/form4.xml,CIK0000034088-submissions-001.json
2009-12-22,4,0001127602-09-025952,2009-12-18,xslF345X03/form4.xml,CIK0000034088-submissions-001.json
2010-01-06,4,0001127602-10-000898,2010-01-04,xslF345X03/form4.xml,CIK0000034088-submissions-001.json
2010-01-06,4,0001127602-10-000893,2010-01-04,xslF345X03/form4.xml,CIK0000034088-submissions-001.json
2010-01-06,4,0001127602-10-000889,2010-01-04,xslF345X03/form4.xml,CIK0000034088-submissions-001.json
2010-01-06,4,0001127602-10-000887,2010-01-04,xslF345X03/form4.xml,CIK0000034088-submissions-001.json
2010-01-06,4,0001127602-10-000883,2010-01-04,xslF345X03/form4.xml,CIK0000034088-submissions-001.json
2010-01-06,4,0001127602-10-000873,2010-01-04,xslF345X03/form4.xml,CIK0000034088-submissions-001.json
2010-01-06,4,0001127602-10-000866,2010-01-04,xslF345X03/form4.xml,CIK0000034088-submissions-001.json
2010-01-06,4,0001127602-10-000860,2010-01-04,xslF345X03/form4.xml,CIK0000034088-submissions-001.json
2010-01-06,4,0001127602-10-000847,2010-01-04,xslF345X03/form4.xml,CIK0000034088-submissions-001.json
2010-01-21,425,0000950103-10-000142,,dp16220_425.htm,CIK0000034088-submissions-001.json
2010-01-21,NO ACT,9999999997-10-001200,2009-12-18,9999999997-10-001200.paper,CIK0000034088-submissions-001.json
2010-01-27,NO ACT,9999999997-10-018916,2010-01-12,9999999997-10-018916.paper,CIK0000034088-submissions-001.json
2010-01-29,SC 13G,0001086364-10-008225,,exxonmobil123109.txt,CIK0000034088-submissions-001.json
2010-02-01,8-K,0000034088-10-000008,2010-02-01,r8k020109.htm,CIK0000034088-submissions-001.json
2010-02-01,S-4,0001193125-10-018170,,ds4.htm,CIK0000034088-submissions-001.json
2010-02-03,4,0001127602-10-003307,2010-02-02,xslF345X03/form4.xml,CIK0000034088-submissions-001.json
2010-02-03,SC 13G,0000034088-10-000011,,xom13g123109imperial.htm,CIK0000034088-submissions-001.json
2010-02-05,4,0001127602-10-003562,2010-02-03,xslF345X03/form4.xml,CIK0000034088-submissions-001.json
2010-02-08,4,0001127602-10-003806,2010-02-04,xslF345X03/form4.xml,CIK0000034088-submissions-001.json
2010-02-12,NO ACT,9999999997-10-002362,2010-02-10,9999999997-10-002362.paper,CIK0000034088-submissions-001.json
2010-02-16,NO ACT,9999999997-10-003935,2009-12-18,9999999997-10-003935.paper,CIK0000034088-submissions-001.json
2010-02-16,NO ACT,9999999997-10-002377,2010-01-20,9999999997-10-002377.paper,CIK0000034088-submissions-001.json
2010-02-17,8-K,0000034088-10-000013,2010-02-16,r8k021610.htm,CIK0000034088-submissions-001.json
2010-02-25,4,0001127602-10-006300,2010-02-24,xslF345X03/form4.xml,CIK0000034088-submissions-001.json
2010-02-26,10-K,0001193125-10-042929,2009-12-31,d10k.htm,CIK0000034088-submissions-001.json
2010-02-26,UPLOAD,0000000000-10-011100,,filename1.pdf,CIK0000034088-submissions-001.json
2010-03-03,3,0001127602-10-007124,2010-03-01,xslF345X02/form3.xml,CIK0000034088-submissions-001.json
2010-03-03,3,0001127602-10-007121,2010-03-01,xslF345X02/form3.xml,CIK0000034088-submissions-001.json
2010-03-05,4,0001127602-10-007702,2010-03-05,xslF345X03/form4.xml,CIK0000034088-submissions-001.json
2010-03-05,4,0001127602-10-007695,2010-03-05,xslF345X03/form4.xml,CIK0000034088-submissions-001.json
2010-03-05,4,0001127602-10-007693,2010-03-03,xslF345X03/form4.xml,CIK0000034088-submissions-001.json
2010-03-15,4,0001127602-10-008588,2010-03-11,xslF345X03/form4.xml,CIK0000034088-submissions-001.json
2010-03-16,4,0001127602-10-008824,2010-03-15,xslF345X03/form4.xml,CIK0000034088-submissions-001.json
2010-03-16,8-K,0000034088-10-000014,2010-03-15,r8k031610.htm,CIK0000034088-submissions-001.json
2010-03-17,8-K,0001193125-10-059597,2010-03-11,d8k.htm,CIK0000034088-submissions-001.json
2010-03-19,NO ACT,9999999997-10-007075,2010-01-22,9999999997-10-007075.paper,CIK0000034088-submissions-001.json
2010-03-22,4,0001127602-10-009273,2010-03-19,xslF345X03/form4.xml,CIK0000034088-submissions-001.json
2010-03-24,CORRESP,0001193125-10-065843,,filename1.htm,CIK0000034088-submissions-001.json
2010-03-24,S-4/A,0001193125-10-065836,,ds4a.htm,CIK0000034088-submissions-001.json
2010-03-29,8-K,0000950123-10-029236,2010-03-29,d71412e8vk.htm,CIK0000034088-submissions-001.json
2010-04-01,UPLOAD,0000000000-10-018024,,filename1.pdf,CIK0000034088-submissions-001.json
2010-04-07,CORRESP,0000034088-10-000016,,filename1.htm,CIK0000034088-submissions-001.json
2010-04-09,UPLOAD,0000000000-10-019664,,filename1.pdf,CIK0000034088-submissions-001.json
2010-04-13,DEF 14A,0001193125-10-082074,2010-05-26,ddef14a.htm,CIK0000034088-submissions-001.json
2010-04-14,ARS,9999999997-10-009380,2009-12-31,9999999997-10-009380.paper,CIK0000034088-submissions-001.json
2010-04-20,CORRESP,0001193125-10-087528,,filename1.htm,CIK0000034088-submissions-001.json
2010-04-20,S-4/A,0001193125-10-087526,,ds4a.htm,CIK0000034088-submissions-001.json
2010-04-22,CORRESP,0000034088-10-000021,,filename1.htm,CIK0000034088-submissions-001.json
2010-04-29,8-K,0000034088-10-000025,2010-04-29,r8k042910.htm,CIK0000034088-submissions-001.json
2010-05-05,4,0001127602-10-013160,2010-05-03,xslF345X03/form4.xml,CIK0000034088-submissions-001.json
2010-05-06,10-Q,0001193125-10-110539,2010-03-31,d10q.htm,CIK0000034088-submissions-001.json
2010-05-06,S-8,0000034088-10-000027,,s050610.htm,CIK0000034088-submissions-001.json
2010-05-07,UPLOAD,0000000000-10-025440,,filename1.pdf,CIK0000034088-submissions-001.json
2010-05-11,4,0001127602-10-013736,2010-05-10,xslF345X03/form4.xml,CIK0000034088-submissions-001.json
2010-05-12,CORRESP,0001193125-10-117964,,filename1.htm,CIK0000034088-submissions-001.json
2010-05-14,4,0001127602-10-014236,2010-05-12,xslF345X03/form4.xml,CIK0000034088-submissions-001.json
2010-05-14,CORRESP,0000034088-10-000029,,filename1.htm,CIK0000034088-submissions-001.json
2010-05-17,4,0001127602-10-014417,2010-05-13,xslF345X03/form4.xml,CIK0000034088-submissions-001.json
2010-05-19,4,0001127602-10-014765,2010-05-17,xslF345X03/form4.xml,CIK0000034088-submissions-001.json
2010-05-20,CORRESP,0001193125-10-124978,,filename1.htm,CIK0000034088-submissions-001.json
2010-05-20,CORRESP,0000034088-10-000031,,filename1.htm,CIK0000034088-submissions-001.json
2010-05-20,S-4/A,0001193125-10-124976,,ds4a.htm,CIK0000034088-submissions-001.json
2010-05-21,424B3,0001193125-10-126140,,d424b3.htm,CIK0000034088-submissions-001.json
2010-05-21,EFFECT,9999999995-10-001583,,xslEFFECTX01/primary_doc.xml,CIK0000034088-submissions-001.json
2010-05-21,PX14A6G,0001214659-10-001496,,c520100px14a6g.htm,CIK0000034088-submissions-001.json
2010-05-25,4,0001127602-10-015306,2010-05-21,xslF345X03/form4.xml,CIK0000034088-submissions-001.json
2010-05-26,4,0001127602-10-015466,2010-05-25,xslF345X03/form4.xml,CIK0000034088-submissions-001.json
2010-05-26,UPLOAD,0000000000-10-029249,,filename1.pdf,CIK0000034088-submissions-001.json
2010-05-27,3,0001127602-10-015534,2010-05-26,xslF345X02/form3.xml,CIK0000034088-submissions-001.json
2010-05-27,3,0001127602-10-015532,2010-05-26,xslF345X02/form3.xml,CIK0000034088-submissions-001.json
2010-05-28,4,0001127602-10-015642,2010-05-28,xslF345X03/form4.xml,CIK0000034088-submissions-001.json
2010-05-28,4,0001127602-10-015583,2010-05-26,xslF345X03/form4.xml,CIK0000034088-submissions-001.json
2010-05-28,4,0001127602-10-015579,2010-05-26,xslF345X03/form4.xml,CIK0000034088-submissions-001.json
2010-06-01,8-K,0000034088-10-000033,2010-05-26,r8k060110.htm,CIK0000034088-submissions-001.json
2010-06-02,4,0001127602-10-016052,2010-05-28,xslF345X03/form4.xml,CIK0000034088-submissions-001.json
2010-06-04,4,0001127602-10-016448,2010-06-02,xslF345X03/form4.xml,CIK0000034088-submissions-001.json
2010-06-09,11-K,0000034088-10-000035,2009-12-31,r11kemsp060910.htm,CIK0000034088-submissions-001.json
2010-06-10,4,0001127602-10-016889,2010-06-08,xslF345X03/form4.xml,CIK0000034088-submissions-001.json
2010-06-10,4,0001127602-10-016887,2010-06-08,xslF345X03/form4.xml,CIK0000034088-submissions-001.json
2010-06-18,4,0001127602-10-017532,2010-06-16,xslF345X03/form4.xml,CIK0000034088-submissions-001.json
2010-06-22,4,0001127602-10-017699,2010-06-18,xslF345X03/form4.xml,CIK0000034088-submissions-001.json
2010-06-25,8-K,0000950103-10-001865,2010-06-25,dp18258_8k.htm,CIK0000034088-submissions-001.json
2010-06-25,S-3ASR,0000950103-10-001868,,dp18223_s3asr.htm,CIK0000034088-submissions-001.json
2010-06-25,S-8,0000950103-10-001864,,dp18221_s8.htm,CIK0000034088-submissions-001.json
2010-06-25,S-8 POS,0000950103-10-001866,,dp18222_s8-pos.htm,CIK0000034088-submissions-001.json
2010-06-29,3,0001127602-10-017963,2010-06-25,xslF345X02/form3.xml,CIK0000034088-submissions-001.json
2010-07-29,8-K,0000034088-10-000044,2010-07-29,r8k072910.htm,CIK0000034088-submissions-001.json
2010-08-02,4,0001127602-10-020282,2010-07-30,xslF345X03/form4.xml,CIK0000034088-submissions-001.json
2010-08-04,10-Q,0001193125-10-177038,2010-06-30,d10q.htm,CIK0000034088-submissions-001.json
2010-08-04,4,0001127602-10-020623,2010-08-02,xslF345X03/form4.xml,CIK0000034088-submissions-001.json
2010-08-05,4,0001127602-10-020687,2010-08-03,xslF345X03/form4.xml,CIK0000034088-submissions-001.json
2010-08-06,4,0001127602-10-020807,2010-08-05,xslF345X03/form4.xml,CIK0000034088-submissions-001.json
2010-08-06,4,0001127602-10-020805,2010-08-04,xslF345X03/form4.xml,CIK0000034088-submissions-001.json
2010-08-09,4,0001127602-10-020908,2010-08-06,xslF345X03/form4.xml,CIK0000034088-submissions-001.json
2010-08-20,4,0001127602-10-021749,2010-08-18,xslF345X03/form4.xml,CIK0000034088-submissions-001.json
2010-08-23,4,0001127602-10-021823,2010-08-20,xslF345X03/form4.xml,CIK0000034088-submissions-001.json
2010-08-24,4,0001127602-10-021905,2010-08-23,xslF345X03/form4.xml,CIK0000034088-submissions-001.json
2010-08-31,4,0001127602-10-022182,2010-08-27,xslF345X03/form4.xml,CIK0000034088-submissions-001.json
2010-09-01,4,0001127602-10-022281,2010-08-30,xslF345X03/form4.xml,CIK0000034088-submissions-001.json
2010-09-02,4,0001127602-10-022384,2010-09-01,xslF345X03/form4.xml,CIK0000034088-submissions-001.json
2010-09-02,4,0001127602-10-022377,2010-09-02,xslF345X03/form4.xml,CIK0000034088-submissions-001.json
2010-09-03,3,0001127602-10-022486,2010-09-01,xslF345X02/form3.xml,CIK0000034088-submissions-001.json
2010-09-07,4,0001127602-10-022608,2010-09-02,xslF345X03/form4.xml,CIK0000034088-submissions-001.json
2010-09-10,4,0001127602-10-022818,2010-09-08,xslF345X03/form4.xml,CIK0000034088-submissions-001.json
2010-09-15,4,0001127602-10-023121,2010-09-13,xslF345X03/form4.xml,CIK0000034088-submissions-001.json
2010-09-16,4,0001127602-10-023222,2010-09-14,xslF345X03/form4.xml,CIK0000034088-submissions-001.json
2010-09-16,4,0001127602-10-023214,2010-09-14,xslF345X03/form4.xml,CIK0000034088-submissions-001.json
2010-09-17,4,0001127602-10-023340,2010-09-15,xslF345X03/form4.xml,CIK0000034088-submissions-001.json
2010-09-20,4,0001127602-10-023508,2010-09-16,xslF345X03/form4.xml,CIK0000034088-submissions-001.json
2010-09-20,4,0001127602-10-023485,2010-09-16,xslF345X03/form4.xml,CIK0000034088-submissions-001.json
2010-09-21,4,0001127602-10-023556,2010-09-17,xslF345X03/form4.xml,CIK0000034088-submissions-001.json
2010-10-07,4,0001127602-10-025151,2010-09-13,xslF345X03/form4.xml,CIK0000034088-submissions-001.json
2010-10-28,8-K,0000034088-10-000048,2010-10-28,r8k102810.htm,CIK0000034088-submissions-001.json
2010-11-02,4,0001127602-10-026448,2010-10-29,xslF345X03/form4.xml,CIK0000034088-submissions-001.json
2010-11-02,4,0001127602-10-026444,2010-10-29,xslF345X03/form4.xml,CIK0000034088-submissions-001.json
2010-11-03,10-Q,0001193125-10-246050,2010-09-30,d10q.htm,CIK0000034088-submissions-001.json
2010-11-03,4,0001127602-10-026683,2010-11-01,xslF345X03/form4.xml,CIK0000034088-submissions-001.json
2010-11-05,4,0001127602-10-027068,2010-11-03,xslF345X03/form4.xml,CIK0000034088-submissions-001.json
2010-11-05,4,0001127602-10-027064,2010-11-03,xslF345X03/form4.xml,CIK0000034088-submissions-001.json
2010-11-05,4,0001127602-10-027062,2010-11-03,xslF345X03/form4.xml,CIK0000034088-submissions-001.json
2010-11-08,4,0001127602-10-027243,2010-11-04,xslF345X03/form4.xml,CIK0000034088-submissions-001.json
2010-11-09,4,0001127602-10-027495,2010-11-05,xslF345X03/form4.xml,CIK0000034088-submissions-001.json
2010-11-09,4,0001127602-10-027491,2010-11-05,xslF345X03/form4.xml,CIK0000034088-submissions-001.json
2010-11-09,4,0001127602-10-027489,2010-11-05,xslF345X03/form4.xml,CIK0000034088-submissions-001.json
2010-11-10,4,0001127602-10-027620,2010-11-08,xslF345X03/form4.xml,CIK0000034088-submissions-001.json
2010-11-10,4,0001127602-10-027616,2010-11-08,xslF345X03/form4.xml,CIK0000034088-submissions-001.json
2010-11-10,4,0001127602-10-027611,2010-11-08,xslF345X03/form4.xml,CIK0000034088-submissions-001.json
2010-11-12,4,0001127602-10-027834,2010-11-11,xslF345X03/form4.xml,CIK0000034088-submissions-001.json
2010-11-12,4,0001127602-10-027749,2010-11-09,xslF345X03/form4.xml,CIK0000034088-submissions-001.json
2010-11-12,4,0001127602-10-027747,2010-11-09,xslF345X03/form4.xml,CIK0000034088-submissions-001.json
2010-11-18,4,0001127602-10-028308,2010-11-16,xslF345X03/form4.xml,CIK0000034088-submissions-001.json
2010-11-18,4,0001127602-10-028306,2010-11-16,xslF345X03/form4.xml,CIK0000034088-submissions-001.json
2010-11-22,4,0001127602-10-028679,2010-11-18,xslF345X03/form4.xml,CIK0000034088-submissions-001.json
2010-11-22,4,0001127602-10-028607,2010-11-18,xslF345X03/form4.xml,CIK0000034088-submissions-001.json
2010-11-22,4,0001127602-10-028605,2010-11-19,xslF345X03/form4.xml,CIK0000034088-submissions-001.json
2010-11-26,4,0001127602-10-028947,2010-11-23,xslF345X03/form4.xml,CIK0000034088-submissions-001.json
2010-11-26,4,0001127602-10-028945,2010-11-23,xslF345X03/form4.xml,CIK0000034088-submissions-001.json
2010-11-26,4,0001127602-10-028943,2010-11-23,xslF345X03/form4.xml,CIK0000034088-submissions-001.json
2010-11-26,4,0001127602-10-028937,2010-11-23,xslF345X03/form4.xml,CIK0000034088-submissions-001.json
2010-11-26,4,0001127602-10-028935,2010-11-23,xslF345X03/form4.xml,CIK0000034088-submissions-001.json
2010-11-26,4,0001127602-10-028933,2010-11-23,xslF345X03/form4.xml,CIK0000034088-submissions-001.json
2010-11-26,4,0001127602-10-028931,2010-11-23,xslF345X03/form4.xml,CIK0000034088-submissions-001.json
2010-11-26,4,0001127602-10-028929,2010-11-23,xslF345X03/form4.xml,CIK0000034088-submissions-001.json
2010-11-26,4,0001127602-10-028927,2010-11-23,xslF345X03/form4.xml,CIK0000034088-submissions-001.json
2010-11-26,4,0001127602-10-028925,2010-11-23,xslF345X03/form4.xml,CIK0000034088-submissions-001.json
2010-11-26,4,0001127602-10-028923,2010-11-23,xslF345X03/form4.xml,CIK0000034088-submissions-001.json
2010-11-26,4,0001127602-10-028921,2010-11-23,xslF345X03/form4.xml,CIK0000034088-submissions-001.json
2010-11-26,4,0001127602-10-028919,2010-11-23,xslF345X03/form4.xml,CIK0000034088-submissions-001.json
2010-11-26,4,0001127602-10-028917,2010-11-23,xslF345X03/form4.xml,CIK0000034088-submissions-001.json
2010-11-26,4,0001127602-10-028914,2010-11-23,xslF345X03/form4.xml,CIK0000034088-submissions-001.json
2010-11-26,4,0001127602-10-028910,2010-11-23,xslF345X03/form4.xml,CIK0000034088-submissions-001.json
2010-11-26,4,0001127602-10-028908,2010-11-23,xslF345X03/form4.xml,CIK0000034088-submissions-001.json
2010-11-26,4,0001127602-10-028906,2010-11-23,xslF345X03/form4.xml,CIK0000034088-submissions-001.json
2010-11-26,4,0001127602-10-028902,2010-11-23,xslF345X03/form4.xml,CIK0000034088-submissions-001.json
2010-11-26,4,0001127602-10-028898,2010-11-23,xslF345X03/form4.xml,CIK0000034088-submissions-001.json
2010-11-30,8-K,0000034088-10-000051,2010-11-23,r8k113010.htm,CIK0000034088-submissions-001.json
2010-12-01,UPLOAD,0000000000-10-071739,,filename1.pdf,CIK0000034088-submissions-001.json
2010-12-03,4,0001127602-10-029575,2010-12-01,xslF345X03/form4.xml,CIK0000034088-submissions-001.json
2010-12-03,4,0001127602-10-029567,2010-12-01,xslF345X03/form4.xml,CIK0000034088-submissions-001.json
2010-12-03,4,0001127602-10-029562,2010-12-01,xslF345X03/form4.xml,CIK0000034088-submissions-001.json
2010-12-03,4,0001127602-10-029555,2010-12-01,xslF345X03/form4.xml,CIK0000034088-submissions-001.json
2010-12-03,4,0001127602-10-029544,2010-12-01,xslF345X03/form4.xml,CIK0000034088-submissions-001.json
2010-12-03,4,0001127602-10-029540,2010-12-01,xslF345X03/form4.xml,CIK0000034088-submissions-001.json
2010-12-03,4,0001127602-10-029537,2010-12-01,xslF345X03/form4.xml,CIK0000034088-submissions-001.json
2010-12-03,4,0001127602-10-029534,2010-12-01,xslF345X03/form4.xml,CIK0000034088-submissions-001.json
2010-12-03,4,0001127602-10-029532,2010-12-01,xslF345X03/form4.xml,CIK0000034088-submissions-001.json
2010-12-03,4,0001127602-10-029530,2010-12-01,xslF345X03/form4.xml,CIK0000034088-submissions-001.json
2010-12-03,4,0001127602-10-029528,2010-12-01,xslF345X03/form4.xml,CIK0000034088-submissions-001.json
2010-12-03,4,0001127602-10-029526,2010-12-01,xslF345X03/form4.xml,CIK0000034088-submissions-001.json
2010-12-03,4,0001127602-10-029524,2010-12-01,xslF345X03/form4.xml,CIK0000034088-submissions-001.json
2010-12-03,4,0001127602-10-029522,2010-12-01,xslF345X03/form4.xml,CIK0000034088-submissions-001.json
2010-12-06,4,0001127602-10-029741,2010-12-02,xslF345X03/form4.xml,CIK0000034088-submissions-001.json
2010-12-06,4,0001127602-10-029739,2010-12-02,xslF345X03/form4.xml,CIK0000034088-submissions-001.json
2010-12-06,4,0001127602-10-029737,2010-12-02,xslF345X03/form4.xml,CIK0000034088-submissions-001.json
2010-12-06,4,0001127602-10-029735,2010-12-02,xslF345X03/form4.xml,CIK0000034088-submissions-001.json
2010-12-06,4,0001127602-10-029733,2010-12-02,xslF345X03/form4.xml,CIK0000034088-submissions-001.json
2010-12-06,4,0001127602-10-029731,2010-12-02,xslF345X03/form4.xml,CIK0000034088-submissions-001.json
2010-12-08,4,0001127602-10-029933,2010-12-06,xslF345X03/form4.xml,CIK0000034088-submissions-001.json
2010-12-08,CORRESP,0000034088-10-000053,,filename1.htm,CIK0000034088-submissions-001.json
2010-12-09,4,0001127602-10-030096,2010-12-07,xslF345X03/form4.xml,CIK0000034088-submissions-001.json
2010-12-09,4,0001127602-10-030086,2010-12-07,xslF345X03/form4.xml,CIK0000034088-submissions-001.json
2010-12-09,4,0001127602-10-030081,2010-12-07,xslF345X03/form4.xml,CIK0000034088-submissions-001.json
2010-12-09,4,0001127602-10-030078,2010-12-07,xslF345X03/form4.xml,CIK0000034088-submissions-001.json
2010-12-09,4,0001127602-10-030073,2010-12-07,xslF345X03/form4.xml,CIK0000034088-submissions-001.json
2010-12-09,4,0001127602-10-030070,2010-12-07,xslF345X03/form4.xml,CIK0000034088-submissions-001.json
2010-12-09,4,0001127602-10-030068,2010-12-07,xslF345X03/form4.xml,CIK0000034088-submissions-001.json
2010-12-09,4,0001127602-10-030066,2010-12-07,xslF345X03/form4.xml,CIK0000034088-submissions-001.json
2010-12-09,4,0001127602-10-030064,2010-12-07,xslF345X03/form4.xml,CIK0000034088-submissions-001.json
2010-12-09,4,0001127602-10-030062,2010-12-07,xslF345X03/form4.xml,CIK0000034088-submissions-001.json
2010-12-09,4,0001127602-10-030060,2010-12-07,xslF345X03/form4.xml,CIK0000034088-submissions-001.json
2010-12-10,4,0001127602-10-030166,2010-12-08,xslF345X03/form4.xml,CIK0000034088-submissions-001.json
2010-12-15,4,0001127602-10-030721,2010-12-13,xslF345X03/form4.xml,CIK0000034088-submissions-001.json
2010-12-15,4,0001127602-10-030719,2010-12-13,xslF345X03/form4.xml,CIK0000034088-submissions-001.json
2010-12-17,4,0001127602-10-031062,2010-12-15,xslF345X03/form4.xml,CIK0000034088-submissions-001.json
2010-12-20,4,0001127602-10-031223,2010-12-17,xslF345X03/form4.xml,CIK0000034088-submissions-001.json
2010-12-20,4,0001127602-10-031220,2010-12-17,xslF345X03/form4.xml,CIK0000034088-submissions-001.json
2010-12-20,4,0001127602-10-031217,2010-12-16,xslF345X03/form4.xml,CIK0000034088-submissions-001.json
2010-12-29,15-15D,0000950103-10-003872,,dp20486_1515d.htm,CIK0000034088-submissions-001.json
2010-12-29,S-8 POS,0000950103-10-003871,,dp20485_s8pos.htm,CIK0000034088-submissions-001.json
2011-01-05,4,0001127602-11-000909,2011-01-03,xslF345X03/form4.xml,CIK0000034088-submissions-001.json
2011-01-05,4,0001127602-11-000906,2011-01-03,xslF345X03/form4.xml,CIK0000034088-submissions-001.json
2011-01-05,4,0001127602-11-000903,2011-01-03,xslF345X03/form4.xml,CIK0000034088-submissions-001.json
2011-01-05,4,0001127602-11-000901,2011-01-03,xslF345X03/form4.xml,CIK0000034088-submissions-001.json
2011-01-05,4,0001127602-11-000898,2011-01-03,xslF345X03/form4.xml,CIK0000034088-submissions-001.json
2011-01-05,4,0001127602-11-000896,2011-01-03,xslF345X03/form4.xml,CIK0000034088-submissions-001.json
2011-01-05,4,0001127602-11-000892,2011-01-03,xslF345X03/form4.xml,CIK0000034088-submissions-001.json
2011-01-05,4,0001127602-11-000889,2011-01-03,xslF345X03/form4.xml,CIK0000034088-submissions-001.json
2011-01-05,4,0001127602-11-000887,2011-01-03,xslF345X03/form4.xml,CIK0000034088-submissions-001.json
2011-01-05,4,0001127602-11-000884,2011-01-03,xslF345X03/form4.xml,CIK0000034088-submissions-001.json
2011-01-21,CORRESP,0000034088-11-000002,,filename1.htm,CIK0000034088-submissions-001.json
2011-01-28,UPLOAD,0000000000-11-005933,,filename1.pdf,CIK0000034088-submissions-001.json
2011-01-31,8-K,0000034088-11-000006,2010-12-31,r8k013111.htm,CIK0000034088-submissions-001.json
2011-02-03,4,0001127602-11-003679,2011-02-01,xslF345X03/form4.xml,CIK0000034088-submissions-001.json
2011-02-03,4,0001127602-11-003676,2011-02-01,xslF345X03/form4.xml,CIK0000034088-submissions-001.json
2011-02-03,4,0001127602-11-003672,2011-02-01,xslF345X03/form4.xml,CIK0000034088-submissions-001.json
2011-02-03,4,0001127602-11-003666,2011-02-01,xslF345X03/form4.xml,CIK0000034088-submissions-001.json
2011-02-03,4,0001127602-11-003663,2011-02-01,xslF345X03/form4.xml,CIK0000034088-submissions-001.json
2011-02-04,4,0001127602-11-003854,2011-02-02,xslF345X03/form4.xml,CIK0000034088-submissions-001.json
2011-02-04,SC 13G/A,0001086364-11-002867,,exxonmobilcorp123110.txt,CIK0000034088-submissions-001.json
2011-02-08,4,0001127602-11-004278,2011-02-04,xslF345X03/form4.xml,CIK0000034088-submissions-001.json
2011-02-09,4,0001127602-11-004593,2011-02-08,xslF345X03/form4.xml,CIK0000034088-submissions-001.json
2011-02-15,4,0001127602-11-005596,2011-02-14,xslF345X03/form4.xml,CIK0000034088-submissions-001.json
2011-02-15,4,0001127602-11-005594,2011-02-14,xslF345X03/form4.xml,CIK0000034088-submissions-001.json
2011-02-15,4,0001127602-11-005588,2011-02-14,xslF345X03/form4.xml,CIK0000034088-submissions-001.json
2011-02-15,4,0001127602-11-005583,2011-02-14,xslF345X03/form4.xml,CIK0000034088-submissions-001.json
2011-02-15,8-K,0000034088-11-000009,2011-02-15,r8k021511.htm,CIK0000034088-submissions-001.json
2011-02-16,4,0001127602-11-005713,2011-02-14,xslF345X03/form4.xml,CIK0000034088-submissions-001.json
2011-02-18,4,0001127602-11-006275,2011-02-16,xslF345X03/form4.xml,CIK0000034088-submissions-001.json
2011-02-25,10-K,0001193125-11-047394,2010-12-31,d10k.htm,CIK0000034088-submissions-001.json
2011-02-25,4,0001127602-11-007651,2011-02-24,xslF345X03/form4.xml,CIK0000034088-submissions-001.json
2011-02-25,4,0001127602-11-007647,2011-02-23,xslF345X03/form4.xml,CIK0000034088-submissions-001.json
2011-02-25,4,0001127602-11-007642,2011-02-23,xslF345X03/form4.xml,CIK0000034088-submissions-001.json
2011-02-25,4,0001127602-11-007639,2011-02-23,xslF345X03/form4.xml,CIK0000034088-submissions-001.json
2011-02-25,4,0001127602-11-007632,2011-02-23,xslF345X03/form4.xml,CIK0000034088-submissions-001.json
2011-02-28,10-K/A,0001193125-11-050134,2010-12-31,d10ka.htm,CIK0000034088-submissions-001.json
2011-03-01,4,0001127602-11-008088,2011-02-28,xslF345X03/form4.xml,CIK0000034088-submissions-001.json
2011-03-03,NO ACT,9999999997-11-003204,2011-01-22,9999999997-11-003204.paper,CIK0000034088-submissions-001.json
2011-03-04,4,0001127602-11-009017,2011-03-03,xslF345X03/form4.xml,CIK0000034088-submissions-001.json
2011-03-14,4,0001127602-11-010073,2011-03-10,xslF345X03/form4.xml,CIK0000034088-submissions-001.json
2011-03-14,NO ACT,9999999997-11-005153,2011-01-21,9999999997-11-005153.paper,CIK0000034088-submissions-001.json
2011-03-15,8-K,0001193125-11-066892,2011-03-09,d8k.htm,CIK0000034088-submissions-001.json
2011-03-17,NO ACT,9999999997-11-005161,2011-01-21,9999999997-11-005161.paper,CIK0000034088-submissions-001.json
2011-03-18,NO ACT,9999999997-11-005228,2011-01-21,9999999997-11-005228.paper,CIK0000034088-submissions-001.json
2011-03-21,4,0001127602-11-010795,2011-03-18,xslF345X03/form4.xml,CIK0000034088-submissions-001.json
2011-03-21,NO ACT,9999999997-11-006625,2011-01-21,9999999997-11-006625.paper,CIK0000034088-submissions-001.json
2011-03-21,NO ACT,9999999997-11-006622,2011-03-08,9999999997-11-006622.paper,CIK0000034088-submissions-001.json
2011-03-21,NO ACT,9999999997-11-005450,2011-01-21,9999999997-11-005450.paper,CIK0000034088-submissions-001.json
2011-03-21,NO ACT,9999999997-11-005234,2011-03-06,9999999997-11-005234.paper,CIK0000034088-submissions-001.json
2011-03-22,NO ACT,9999999997-11-006628,2011-01-21,9999999997-11-006628.paper,CIK0000034088-submissions-001.json
2011-03-31,8-K,0000950123-11-031215,2011-03-31,d80379e8vk.htm,CIK0000034088-submissions-001.json
2011-04-13,DEF 14A,0001193125-11-095944,2011-05-25,ddef14a.htm,CIK0000034088-submissions-001.json
2011-04-13,DEFA14A,0001193125-11-095945,,ddefa14a.htm,CIK0000034088-submissions-001.json
2011-04-14,ARS,9999999997-11-008808,2010-12-31,9999999997-11-008808.paper,CIK0000034088-submissions-001.json
2011-04-28,8-K,0000034088-11-000012,2011-04-28,r8k042811.htm,CIK0000034088-submissions-001.json
2011-04-29,8-K,0000034088-11-000016,2011-04-27,r8k042911.htm,CIK0000034088-submissions-001.json
2011-05-03,3,0001127602-11-014557,2011-05-01,xslF345X02/form3.xml,CIK0000034088-submissions-001.json
2011-05-03,4,0001127602-11-014504,2011-04-29,xslF345X03/form4.xml,CIK0000034088-submissions-001.json
2011-05-03,4,0001127602-11-014502,2011-04-29,xslF345X03/form4.xml,CIK0000034088-submissions-001.json
2011-05-04,PX14A6G,0001214659-11-001530,,f53110px14a6g.htm,CIK0000034088-submissions-001.json
2011-05-05,10-Q,0001193125-11-127973,2011-03-31,d10q.htm,CIK0000034088-submissions-001.json
2011-05-06,4,0001127602-11-015324,2011-05-05,xslF345X03/form4.xml,CIK0000034088-submissions-001.json
2011-05-06,4,0001127602-11-015319,2011-05-04,xslF345X03/form4.xml,CIK0000034088-submissions-001.json
2011-05-06,DEFA14A,0001193125-11-130860,,ddefa14a.htm,CIK0000034088-submissions-001.json
2011-05-12,4,0001127602-11-016064,2011-05-11,xslF345X03/form4.xml,CIK0000034088-submissions-001.json
2011-05-26,4,0001127602-11-017579,2011-05-24,xslF345X03/form4.xml,CIK0000034088-submissions-001.json
2011-05-31,8-K,0000034088-11-000018,2011-05-25,r8k053111.htm,CIK0000034088-submissions-001.json
2011-06-14,4,0001127602-11-019172,2011-06-10,xslF345X03/form4.xml,CIK0000034088-submissions-001.json
2011-06-15,11-K,0000034088-11-000020,2010-12-31,r11kemsp061511.htm,CIK0000034088-submissions-001.json
2011-06-16,4,0001127602-11-019377,2011-06-14,xslF345X03/form4.xml,CIK0000034088-submissions-001.json
2011-06-27,11-K,0001193125-11-174540,2010-12-31,d11k.htm,CIK0000034088-submissions-001.json
2011-07-06,UPLOAD,0000000000-11-041024,,filename1.pdf,CIK0000034088-submissions-001.json
2011-07-07,8-K,0000034088-11-000025,2011-06-30,r8k070711.htm,CIK0000034088-submissions-001.json
2011-07-12,CORRESP,0000034088-11-000027,,filename1.htm,CIK0000034088-submissions-001.json
2011-07-28,8-K,0000034088-11-000029,2011-07-28,r8k072811.htm,CIK0000034088-submissions-001.json
2011-08-01,4,0001127602-11-022413,2011-07-29,xslF345X03/form4.xml,CIK0000034088-submissions-001.json
2011-08-02,4,0001127602-11-022577,2011-08-01,xslF345X03/form4.xml,CIK0000034088-submissions-001.json
2011-08-04,10-Q,0001193125-11-209772,2011-06-30,d10q.htm,CIK0000034088-submissions-001.json
2011-08-08,4,0001127602-11-022984,2011-08-05,xslF345X03/form4.xml,CIK0000034088-submissions-001.json
2011-08-08,4,0001127602-11-022982,2011-08-05,xslF345X03/form4.xml,CIK0000034088-submissions-001.json
2011-08-08,4,0001127602-11-022980,2011-08-05,xslF345X03/form4.xml,CIK0000034088-submissions-001.json
2011-08-11,4,0001127602-11-023320,2011-08-09,xslF345X03/form4.xml,CIK0000034088-submissions-001.json
2011-08-15,4,0001127602-11-023579,2011-08-11,xslF345X03/form4.xml,CIK0000034088-submissions-001.json
2011-08-16,4,0001127602-11-023710,2011-08-11,xslF345X03/form4.xml,CIK0000034088-submissions-001.json
2011-08-23,4,0001127602-11-024125,2011-08-22,xslF345X03/form4.xml,CIK0000034088-submissions-001.json
2011-08-25,CORRESP,0000034088-11-000031,,filename1.htm,CIK0000034088-submissions-001.json
2011-08-30,4,0001127602-11-024461,2011-08-26,xslF345X03/form4.xml,CIK0000034088-submissions-001.json
2011-08-31,4,0001127602-11-024547,2011-08-29,xslF345X03/form4.xml,CIK0000034088-submissions-001.json
2011-09-02,4,0001127602-11-024695,2011-08-31,xslF345X03/form4.xml,CIK0000034088-submissions-001.json
2011-09-13,4,0001127602-11-025088,2011-09-09,xslF345X03/form4.xml,CIK0000034088-submissions-001.json
2011-09-16,4,0001127602-11-025388,2011-09-14,xslF345X03/form4.xml,CIK0000034088-submissions-001.json
2011-09-16,4,0001127602-11-025371,2011-09-14,xslF345X03/form4.xml,CIK0000034088-submissions-001.json
2011-09-16,4,0001127602-11-025368,2011-09-14,xslF345X03/form4.xml,CIK0000034088-submissions-001.json
2011-09-19,4,0001127602-11-025530,2011-09-15,xslF345X03/form4.xml,CIK0000034088-submissions-001.json
2011-09-19,4,0001127602-11-025500,2011-09-15,xslF345X03/form4.xml,CIK0000034088-submissions-001.json
2011-09-19,4,0001127602-11-025493,2011-09-15,xslF345X03/form4.xml,CIK0000034088-submissions-001.json
2011-09-20,4,0001127602-11-025618,2011-09-16,xslF345X03/form4.xml,CIK0000034088-submissions-001.json
2011-09-20,4,0001127602-11-025610,2011-09-16,xslF345X03/form4.xml,CIK0000034088-submissions-001.json
2011-09-20,4,0001127602-11-025604,2011-09-16,xslF345X03/form4.xml,CIK0000034088-submissions-001.json
2011-10-27,8-K,0000034088-11-000037,2011-10-27,r8k102711.htm,CIK0000034088-submissions-001.json
2011-11-01,4,0001127602-11-028152,2011-10-28,xslF345X03/form4.xml,CIK0000034088-submissions-001.json
2011-11-01,4,0001127602-11-028126,2011-10-28,xslF345X03/form4.xml,CIK0000034088-submissions-001.json
2011-11-01,4,0001127602-11-028124,2011-10-28,xslF345X03/form4.xml,CIK0000034088-submissions-001.json
2011-11-01,4,0001127602-11-028119,2011-10-28,xslF345X03/form4.xml,CIK0000034088-submissions-001.json
2011-11-01,4,0001127602-11-028114,2011-10-28,xslF345X03/form4.xml,CIK0000034088-submissions-001.json
2011-11-02,4,0001127602-11-028312,2011-10-31,xslF345X03/form4.xml,CIK0000034088-submissions-001.json
2011-11-02,4,0001127602-11-028310,2011-10-31,xslF345X03/form4.xml,CIK0000034088-submissions-001.json
2011-11-02,4,0001127602-11-028308,2011-10-31,xslF345X03/form4.xml,CIK0000034088-submissions-001.json
2011-11-03,10-Q,0001193125-11-294424,2011-09-30,d232655d10q.htm,CIK0000034088-submissions-001.json
2011-11-03,4,0001127602-11-028554,2011-11-01,xslF345X03/form4.xml,CIK0000034088-submissions-001.json
2011-11-07,4,0001127602-11-028725,2011-11-03,xslF345X03/form4.xml,CIK0000034088-submissions-001.json
2011-11-10,4,0001127602-11-029231,2011-11-09,xslF345X03/form4.xml,CIK0000034088-submissions-001.json
2011-11-10,4,0001127602-11-029228,2011-11-08,xslF345X03/form4.xml,CIK0000034088-submissions-001.json
2011-11-14,4,0001127602-11-029448,2011-11-11,xslF345X03/form4.xml,CIK0000034088-submissions-001.json
2011-11-16,4,0001127602-11-029758,2011-11-14,xslF345X03/form4.xml,CIK0000034088-submissions-001.json
2011-11-16,4,0001127602-11-029752,2011-11-14,xslF345X03/form4.xml,CIK0000034088-submissions-001.json
2011-11-21,4,0001127602-11-030235,2011-11-18,xslF345X03/form4.xml,CIK0000034088-submissions-001.json
2011-11-29,8-K,0000034088-11-000042,2011-11-29,r8k112811.htm,CIK0000034088-submissions-001.json
2011-12-02,4,0001127602-11-031097,2011-11-30,xslF345X03/form4.xml,CIK0000034088-submissions-001.json
2011-12-02,4,0001127602-11-031095,2011-11-30,xslF345X03/form4.xml,CIK0000034088-submissions-001.json
2011-12-02,4,0001127602-11-031090,2011-11-30,xslF345X03/form4.xml,CIK0000034088-submissions-001.json
2011-12-02,4,0001127602-11-031087,2011-11-30,xslF345X03/form4.xml,CIK0000034088-submissions-001.json
2011-12-02,4,0001127602-11-031081,2011-11-30,xslF345X03/form4.xml,CIK0000034088-submissions-001.json
2011-12-02,4,0001127602-11-031078,2011-11-30,xslF345X03/form4.xml,CIK0000034088-submissions-001.json
2011-12-02,4,0001127602-11-031066,2011-11-30,xslF345X03/form4.xml,CIK0000034088-submissions-001.json
2011-12-02,4,0001127602-11-031056,2011-11-30,xslF345X03/form4.xml,CIK0000034088-submissions-001.json
2011-12-02,4,0001127602-11-031047,2011-11-30,xslF345X03/form4.xml,CIK0000034088-submissions-001.json
2011-12-02,4,0001127602-11-031044,2011-11-30,xslF345X03/form4.xml,CIK0000034088-submissions-001.json
2011-12-02,4,0001127602-11-031039,2011-11-30,xslF345X03/form4.xml,CIK0000034088-submissions-001.json
2011-12-02,4,0001127602-11-031032,2011-11-30,xslF345X03/form4.xml,CIK0000034088-submissions-001.json
2011-12-02,4,0001127602-11-031027,2011-11-30,xslF345X03/form4.xml,CIK0000034088-submissions-001.json
2011-12-02,4,0001127602-11-031025,2011-11-30,xslF345X03/form4.xml,CIK0000034088-submissions-001.json
2011-12-02,4,0001127602-11-031023,2011-11-30,xslF345X03/form4.xml,CIK0000034088-submissions-001.json
2011-12-02,4,0001127602-11-031018,2011-11-30,xslF345X03/form4.xml,CIK0000034088-submissions-001.json
2011-12-02,4,0001127602-11-031014,2011-11-30,xslF345X03/form4.xml,CIK0000034088-submissions-001.json
2011-12-02,4,0001127602-11-031011,2011-11-30,xslF345X03/form4.xml,CIK0000034088-submissions-001.json
2011-12-02,4,0001127602-11-031009,2011-11-30,xslF345X03/form4.xml,CIK0000034088-submissions-001.json
2011-12-02,4,0001127602-11-031007,2011-11-30,xslF345X03/form4.xml,CIK0000034088-submissions-001.json
2011-12-02,4,0001127602-11-030997,2011-11-30,xslF345X03/form4.xml,CIK0000034088-submissions-001.json
2011-12-06,8-K,0000034088-11-000045,2011-11-30,r8k120611.htm,CIK0000034088-submissions-001.json
2011-12-07,4,0001127602-11-031426,2011-12-05,xslF345X03/form4.xml,CIK0000034088-submissions-001.json
2011-12-07,4,0001127602-11-031424,2011-12-05,xslF345X03/form4.xml,CIK0000034088-submissions-001.json
2011-12-08,4,0001127602-11-031558,2011-12-06,xslF345X03/form4.xml,CIK0000034088-submissions-001.json
2011-12-08,4,0001127602-11-031552,2011-12-06,xslF345X03/form4.xml,CIK0000034088-submissions-001.json
2011-12-08,4,0001127602-11-031547,2011-12-06,xslF345X03/form4.xml,CIK0000034088-submissions-001.json
2011-12-08,4,0001127602-11-031545,2011-12-06,xslF345X03/form4.xml,CIK0000034088-submissions-001.json
2011-12-08,4,0001127602-11-031541,2011-12-06,xslF345X03/form4.xml,CIK0000034088-submissions-001.json
2011-12-08,4,0001127602-11-031535,2011-12-06,xslF345X03/form4.xml,CIK0000034088-submissions-001.json
2011-12-08,4,0001127602-11-031533,2011-12-06,xslF345X03/form4.xml,CIK0000034088-submissions-001.json
2011-12-09,4,0001127602-11-031757,2011-12-07,xslF345X03/form4.xml,CIK0000034088-submissions-001.json
2011-12-09,CORRESP,0000034088-11-000046,,filename1.htm,CIK0000034088-submissions-001.json
2011-12-13,UPLOAD,0000000000-11-071257,,filename1.pdf,CIK0000034088-submissions-001.json
2011-12-14,4,0001127602-11-032189,2011-12-12,xslF345X03/form4.xml,CIK0000034088-submissions-001.json
2011-12-14,4,0001127602-11-032187,2011-12-12,xslF345X03/form4.xml,CIK0000034088-submissions-001.json
2011-12-15,4,0001127602-11-032319,2011-12-13,xslF345X03/form4.xml,CIK0000034088-submissions-001.json
2011-12-19,4,0001127602-11-032656,2011-12-15,xslF345X03/form4.xml,CIK0000034088-submissions-001.json
2011-12-20,4,0001127602-11-032920,2011-12-19,xslF345X03/form4.xml,CIK0000034088-submissions-001.json
2011-12-20,4,0001127602-11-032838,2011-12-16,xslF345X03/form4.xml,CIK0000034088-submissions-001.json
2011-12-20,4,0001127602-11-032836,2011-12-16,xslF345X03/form4.xml,CIK0000034088-submissions-001.json
2012-01-03,4,0001127602-12-000125,2012-01-03,xslF345X03/form4.xml,CIK0000034088-submissions-001.json
2012-01-05,4,0001127602-12-000974,2012-01-03,xslF345X03/form4.xml,CIK0000034088-submissions-001.json
2012-01-05,4,0001127602-12-000972,2012-01-03,xslF345X03/form4.xml,CIK0000034088-submissions-001.json
2012-01-05,4,0001127602-12-000970,2012-01-03,xslF345X03/form4.xml,CIK0000034088-submissions-001.json
2012-01-05,4,0001127602-12-000968,2012-01-03,xslF345X03/form4.xml,CIK0000034088-submissions-001.json
2012-01-05,4,0001127602-12-000963,2012-01-03,xslF345X03/form4.xml,CIK0000034088-submissions-001.json
2012-01-05,4,0001127602-12-000957,2012-01-03,xslF345X03/form4.xml,CIK0000034088-submissions-001.json
2012-01-05,4,0001127602-12-000950,2012-01-03,xslF345X03/form4.xml,CIK0000034088-submissions-001.json
2012-01-05,4,0001127602-12-000947,2012-01-03,xslF345X03/form4.xml,CIK0000034088-submissions-001.json
2012-01-05,4,0001127602-12-000936,2012-01-03,xslF345X03/form4.xml,CIK0000034088-submissions-001.json
2012-01-05,4,0001127602-12-000934,2012-01-03,xslF345X03/form4.xml,CIK0000034088-submissions-001.json
2012-01-09,4,0001127602-12-001313,2011-12-15,xslF345X03/form4.xml,CIK0000034088-submissions-001.json
2012-01-11,CORRESP,0000034088-12-000003,,filename1.htm,CIK0000034088-submissions-001.json
2012-01-31,8-K,0000034088-12-000005,2012-01-31,r8k013112.htm,CIK0000034088-submissions-001.json
2012-02-03,4,0001127602-12-003872,2012-02-01,xslF345X03/form4.xml,CIK0000034088-submissions-001.json
2012-02-03,4,0001127602-12-003869,2012-02-01,xslF345X03/form4.xml,CIK0000034088-submissions-001.json
2012-02-07,4,0001127602-12-004344,2012-02-06,xslF345X03/form4.xml,CIK0000034088-submissions-001.json
2012-02-07,4,0001127602-12-004341,2012-02-03,xslF345X03/form4.xml,CIK0000034088-submissions-001.json
2012-02-07,UPLOAD,0000000000-12-006624,,filename1.pdf,CIK0000034088-submissions-001.json
2012-02-10,NO ACT,9999999997-12-002112,2012-02-09,9999999997-12-002112.paper,CIK0000034088-submissions-001.json
2012-02-10,NO ACT,9999999997-12-001590,2012-02-10,9999999997-12-001590.paper,CIK0000034088-submissions-001.json
2012-02-10,NO ACT,9999999997-12-001589,2012-02-09,9999999997-12-001589.paper,CIK0000034088-submissions-001.json
2012-02-13,SC 13G/A,0001086364-12-001719,,exxon.mobil.corp..txt,CIK0000034088-submissions-001.json
2012-02-14,4,0001127602-12-005838,2012-02-13,xslF345X03/form4.xml,CIK0000034088-submissions-001.json
2012-02-16,4,0001127602-12-006361,2012-02-15,xslF345X03/form4.xml,CIK0000034088-submissions-001.json
2012-02-21,CORRESP,0000034088-12-000008,,filename1.htm,CIK0000034088-submissions-001.json
2012-02-23,4,0001127602-12-007523,2012-02-21,xslF345X03/form4.xml,CIK0000034088-submissions-001.json
2012-02-23,4,0001127602-12-007520,2012-02-21,xslF345X03/form4.xml,CIK0000034088-submissions-001.json
2012-02-23,8-K,0000034088-12-000010,2012-02-23,r8k022312.htm,CIK0000034088-submissions-001.json
2012-02-24,10-K,0001193125-12-078102,2011-12-31,d257530d10k.htm,CIK0000034088-submissions-001.json
2012-02-29,8-K,0000034088-12-000012,2012-02-24,r8k022912.htm,CIK0000034088-submissions-001.json
2012-03-02,3,0001127602-12-009082,2012-02-29,xslF345X02/form3.xml,CIK0000034088-submissions-001.json
2012-03-02,4,0001127602-12-009148,2012-02-29,xslF345X03/form4.xml,CIK0000034088-submissions-001.json
2012-03-06,NO ACT,9999999997-12-002222,2012-01-23,9999999997-12-002222.paper,CIK0000034088-submissions-001.json
2012-03-08,UPLOAD,0000000000-12-012064,,filename1.pdf,CIK0000034088-submissions-001.json
2012-03-14,8-K,0001193125-12-114034,2012-03-08,d307721d8k.htm,CIK0000034088-submissions-001.json
2012-03-16,4,0001127602-12-010872,2012-03-14,xslF345X03/form4.xml,CIK0000034088-submissions-001.json
2012-03-20,NO ACT,9999999997-12-004313,2012-01-20,9999999997-12-004313.paper,CIK0000034088-submissions-001.json
2012-03-21,NO ACT,9999999997-12-004316,2012-01-20,9999999997-12-004316.paper,CIK0000034088-submissions-001.json
2012-03-22,NO ACT,9999999997-12-004318,2012-01-23,9999999997-12-004318.paper,CIK0000034088-submissions-001.json
2012-03-23,NO ACT,9999999997-12-004965,2012-01-23,9999999997-12-004965.paper,CIK0000034088-submissions-001.json
2012-03-28,8-K,0000950123-12-005338,2012-03-26,d86258e8vk.htm,CIK0000034088-submissions-001.json
2012-04-12,DEF 14A,0001193125-12-160085,2012-05-30,d277949ddef14a.htm,CIK0000034088-submissions-001.json
2012-04-12,DEFA14A,0001193125-12-160121,,d326957ddefa14a.htm,CIK0000034088-submissions-001.json
2012-04-13,ARS,9999999997-12-008922,2011-12-31,9999999997-12-008922.paper,CIK0000034088-submissions-001.json
2012-04-26,8-K,0000034088-12-000017,2012-04-26,r8k042612.htm,CIK0000034088-submissions-001.json
2012-05-03,10-Q,0001193125-12-208076,2012-03-31,d328062d10q.htm,CIK0000034088-submissions-001.json
2012-05-03,4,0001127602-12-015686,2012-05-01,xslF345X03/form4.xml,CIK0000034088-submissions-001.json
2012-05-11,DEFA14A,0001193125-12-227539,,d351419ddefa14a.htm,CIK0000034088-submissions-001.json
2012-05-16,DEFA14A,0001193125-12-236164,,d353135ddefa14a.htm,CIK0000034088-submissions-001.json
2012-05-17,PX14A6G,0001214659-12-002351,,j517120px14a6g.htm,CIK0000034088-submissions-001.json
2012-05-21,4,0001127602-12-017564,2012-05-18,xslF345X03/form4.xml,CIK0000034088-submissions-001.json
2012-05-30,4,0001127602-12-018588,2012-05-30,xslF345X03/form4.xml,CIK0000034088-submissions-001.json
2012-06-01,8-K,0000034088-12-000021,2012-05-30,r8k060112.htm,CIK0000034088-submissions-001.json
2012-06-14,11-K,0000034088-12-000026,2011-12-31,r11kemsp061412.htm,CIK0000034088-submissions-001.json
2012-07-26,8-K,0000034088-12-000030,2012-07-26,r8k072612.htm,CIK0000034088-submissions-001.json
2012-08-01,4,0001127602-12-023322,2012-08-01,xslF345X03/form4.xml,CIK0000034088-submissions-001.json
2012-08-02,10-Q,0000034088-12-000036,2012-06-30,xom10q2q12.htm,CIK0000034088-submissions-001.json
2012-08-02,S-8,0000034088-12-000038,,fs80080212.htm,CIK0000034088-submissions-001.json
2012-08-03,3,0001127602-12-023710,2012-08-01,xslF345X02/form3.xml,CIK0000034088-submissions-001.json
2012-08-20,4,0001127602-12-024870,2012-08-17,xslF345X03/form4.xml,CIK0000034088-submissions-001.json
2012-08-24,4,0001127602-12-025146,2012-08-24,xslF345X03/form4.xml,CIK0000034088-submissions-001.json
2012-08-29,4,0001127602-12-025309,2012-08-27,xslF345X03/form4.xml,CIK0000034088-submissions-001.json
2012-09-10,4,0001127602-12-026004,2012-09-06,xslF345X03/form4.xml,CIK0000034088-submissions-001.json
2012-09-11,4,0001127602-12-026106,2012-09-10,xslF345X03/form4.xml,CIK0000034088-submissions-001.json
2012-09-12,4,0001127602-12-026157,2012-09-10,xslF345X03/form4.xml,CIK0000034088-submissions-001.json
2012-09-17,4,0001127602-12-026417,2012-09-14,xslF345X03/form4.xml,CIK0000034088-submissions-001.json
2012-11-01,8-K,0000034088-12-000044,2012-11-01,r8k110112.htm,CIK0000034088-submissions-001.json
2012-11-02,8-K,0000034088-12-000048,2012-11-02,r8k110212.htm,CIK0000034088-submissions-001.json
2012-11-06,10-Q,0000034088-12-000050,2012-11-06,xom10q3q12.htm,CIK0000034088-submissions-001.json
2012-11-14,4,0001127602-12-030704,2012-11-12,xslF345X03/form4.xml,CIK0000034088-submissions-001.json
2012-11-20,4,0001127602-12-031729,2012-11-20,xslF345X03/form4.xml,CIK0000034088-submissions-001.json
2012-11-20,4,0001127602-12-031724,2012-11-20,xslF345X03/form4.xml,CIK0000034088-submissions-001.json
2012-11-20,4,0001127602-12-031540,2012-11-19,xslF345X03/form4.xml,CIK0000034088-submissions-001.json
2012-11-28,4,0001127602-12-032181,2012-11-26,xslF345X03/form4.xml,CIK0000034088-submissions-001.json
2012-11-28,4,0001127602-12-032179,2012-11-26,xslF345X03/form4.xml,CIK0000034088-submissions-001.json
2012-11-28,4,0001127602-12-032176,2012-11-26,xslF345X03/form4.xml,CIK0000034088-submissions-001.json
2012-11-28,4,0001127602-12-032174,2012-11-26,xslF345X03/form4.xml,CIK0000034088-submissions-001.json
2012-11-29,3,0001127602-12-032264,2012-11-27,xslF345X02/form3.xml,CIK0000034088-submissions-001.json
2012-11-29,4,0001127602-12-032269,2012-11-27,xslF345X03/form4.xml,CIK0000034088-submissions-001.json
2012-11-30,4,0001127602-12-032465,2012-11-28,xslF345X03/form4.xml,CIK0000034088-submissions-001.json
2012-11-30,4,0001127602-12-032460,2012-11-28,xslF345X03/form4.xml,CIK0000034088-submissions-001.json
2012-11-30,4,0001127602-12-032456,2012-11-28,xslF345X03/form4.xml,CIK0000034088-submissions-001.json
2012-11-30,4,0001127602-12-032452,2012-11-28,xslF345X03/form4.xml,CIK0000034088-submissions-001.json
2012-11-30,4,0001127602-12-032444,2012-11-28,xslF345X03/form4.xml,CIK0000034088-submissions-001.json
2012-11-30,4,0001127602-12-032441,2012-11-28,xslF345X03/form4.xml,CIK0000034088-submissions-001.json
2012-11-30,4,0001127602-12-032437,2012-11-28,xslF345X03/form4.xml,CIK0000034088-submissions-001.json
2012-11-30,4,0001127602-12-032434,2012-11-28,xslF345X03/form4.xml,CIK0000034088-submissions-001.json
2012-11-30,4,0001127602-12-032432,2012-11-28,xslF345X03/form4.xml,CIK0000034088-submissions-001.json
2012-11-30,4,0001127602-12-032426,2012-11-28,xslF345X03/form4.xml,CIK0000034088-submissions-001.json
2012-11-30,4,0001127602-12-032420,2012-11-28,xslF345X03/form4.xml,CIK0000034088-submissions-001.json
2012-11-30,4,0001127602-12-032414,2012-11-28,xslF345X03/form4.xml,CIK0000034088-submissions-001.json
2012-11-30,4,0001127602-12-032412,2012-11-28,xslF345X03/form4.xml,CIK0000034088-submissions-001.json
2012-11-30,4,0001127602-12-032409,2012-11-28,xslF345X03/form4.xml,CIK0000034088-submissions-001.json
2012-11-30,4,0001127602-12-032407,2012-11-28,xslF345X03/form4.xml,CIK0000034088-submissions-001.json
2012-11-30,4,0001127602-12-032405,2012-11-28,xslF345X03/form4.xml,CIK0000034088-submissions-001.json
2012-11-30,4,0001127602-12-032403,2012-11-28,xslF345X03/form4.xml,CIK0000034088-submissions-001.json
2012-11-30,4,0001127602-12-032398,2012-11-28,xslF345X03/form4.xml,CIK0000034088-submissions-001.json
2012-11-30,4,0001127602-12-032395,2012-11-28,xslF345X03/form4.xml,CIK0000034088-submissions-001.json
2012-11-30,4,0001127602-12-032393,2012-11-28,xslF345X03/form4.xml,CIK0000034088-submissions-001.json
2012-11-30,8-K,0000034088-12-000052,2012-11-28,r8k112812.htm,CIK0000034088-submissions-001.json
2012-12-03,4,0001127602-12-032550,2012-11-29,xslF345X03/form4.xml,CIK0000034088-submissions-001.json
2012-12-03,4,0001127602-12-032545,2012-11-29,xslF345X03/form4.xml,CIK0000034088-submissions-001.json
2012-12-03,4,0001127602-12-032543,2012-11-29,xslF345X03/form4.xml,CIK0000034088-submissions-001.json
2012-12-03,4,0001127602-12-032541,2012-11-29,xslF345X03/form4.xml,CIK0000034088-submissions-001.json
2012-12-03,4,0001127602-12-032537,2012-11-29,xslF345X03/form4.xml,CIK0000034088-submissions-001.json
2012-12-03,4,0001127602-12-032533,2012-11-29,xslF345X03/form4.xml,CIK0000034088-submissions-001.json
2012-12-03,4,0001127602-12-032529,2012-11-29,xslF345X03/form4.xml,CIK0000034088-submissions-001.json
2012-12-03,4,0001127602-12-032523,2012-11-29,xslF345X03/form4.xml,CIK0000034088-submissions-001.json
2012-12-03,4,0001127602-12-032522,2012-11-29,xslF345X03/form4.xml,CIK0000034088-submissions-001.json
2012-12-03,4,0001127602-12-032520,2012-11-29,xslF345X03/form4.xml,CIK0000034088-submissions-001.json
2012-12-04,8-K,0000034088-12-000054,2012-11-28,r8k120412.htm,CIK0000034088-submissions-001.json
2012-12-05,4,0001127602-12-032937,2012-12-03,xslF345X03/form4.xml,CIK0000034088-submissions-001.json
2012-12-05,4,0001127602-12-032934,2012-12-03,xslF345X03/form4.xml,CIK0000034088-submissions-001.json
2012-12-05,4,0001127602-12-032932,2012-12-03,xslF345X03/form4.xml,CIK0000034088-submissions-001.json
2012-12-05,4,0001127602-12-032930,2012-12-03,xslF345X03/form4.xml,CIK0000034088-submissions-001.json
2012-12-05,4,0001127602-12-032927,2012-12-03,xslF345X03/form4.xml,CIK0000034088-submissions-001.json
2012-12-05,4,0001127602-12-032924,2012-12-03,xslF345X03/form4.xml,CIK0000034088-submissions-001.json
2012-12-05,4,0001127602-12-032922,2012-12-03,xslF345X03/form4.xml,CIK0000034088-submissions-001.json
2012-12-05,4,0001127602-12-032919,2012-12-03,xslF345X03/form4.xml,CIK0000034088-submissions-001.json
2012-12-05,4,0001127602-12-032916,2012-12-03,xslF345X03/form4.xml,CIK0000034088-submissions-001.json
2012-12-05,4,0001127602-12-032914,2012-12-03,xslF345X03/form4.xml,CIK0000034088-submissions-001.json
2012-12-05,4,0001127602-12-032912,2012-12-03,xslF345X03/form4.xml,CIK0000034088-submissions-001.json
2012-12-05,4,0001127602-12-032910,2012-12-03,xslF345X03/form4.xml,CIK0000034088-submissions-001.json
2012-12-05,4,0001127602-12-032907,2012-12-03,xslF345X03/form4.xml,CIK0000034088-submissions-001.json
2012-12-07,4,0001127602-12-033168,2012-12-05,xslF345X03/form4.xml,CIK0000034088-submissions-001.json
2012-12-07,4,0001127602-12-033164,2012-12-05,xslF345X03/form4.xml,CIK0000034088-submissions-001.json
2012-12-11,4,0001127602-12-033452,2012-12-07,xslF345X03/form4.xml,CIK0000034088-submissions-001.json
2012-12-12,4,0001127602-12-033720,2012-12-11,xslF345X03/form4.xml,CIK0000034088-submissions-001.json
2012-12-12,4,0001127602-12-033612,2012-12-11,xslF345X03/form4.xml,CIK0000034088-submissions-001.json
2012-12-14,4,0001127602-12-033885,2012-12-12,xslF345X03/form4.xml,CIK0000034088-submissions-001.json
2012-12-17,4,0001127602-12-034161,2012-12-13,xslF345X03/form4.xml,CIK0000034088-submissions-001.json
2012-12-17,4,0001127602-12-034088,2012-12-13,xslF345X03/form4.xml,CIK0000034088-submissions-001.json
2012-12-17,4,0001127602-12-034082,2012-12-13,xslF345X03/form4.xml,CIK0000034088-submissions-001.json
2012-12-18,4,0001127602-12-034237,2012-12-14,xslF345X03/form4.xml,CIK0000034088-submissions-001.json
2012-12-19,4,0001127602-12-034613,2012-12-17,xslF345X03/form4.xml,CIK0000034088-submissions-001.json
2012-12-19,4,0001127602-12-034589,2012-12-17,xslF345X03/form4.xml,CIK0000034088-submissions-001.json
2012-12-19,4,0001127602-12-034505,2012-12-18,xslF345X03/form4.xml,CIK0000034088-submissions-001.json
2012-12-19,4,0001127602-12-034498,2012-12-17,xslF345X03/form4.xml,CIK0000034088-submissions-001.json
2012-12-19,4,0001127602-12-034493,2012-12-17,xslF345X03/form4.xml,CIK0000034088-submissions-001.json
2012-12-19,4,0001127602-12-034487,2012-12-17,xslF345X03/form4.xml,CIK0000034088-submissions-001.json
2012-12-19,4,0001127602-12-034484,2012-12-17,xslF345X03/form4.xml,CIK0000034088-submissions-001.json
2013-01-04,4,0001127602-13-001044,2013-01-02,xslF345X03/form4.xml,CIK0000034088-submissions-001.json
2013-01-04,4,0001127602-13-001041,2013-01-02,xslF345X03/form4.xml,CIK0000034088-submissions-001.json
2013-01-04,4,0001127602-13-001036,2013-01-02,xslF345X03/form4.xml,CIK0000034088-submissions-001.json
2013-01-04,4,0001127602-13-001028,2013-01-02,xslF345X03/form4.xml,CIK0000034088-submissions-001.json
2013-01-04,4,0001127602-13-001023,2013-01-02,xslF345X03/form4.xml,CIK0000034088-submissions-001.json
2013-01-04,4,0001127602-13-001020,2013-01-02,xslF345X03/form4.xml,CIK0000034088-submissions-001.json
2013-01-04,4,0001127602-13-001018,2013-01-02,xslF345X03/form4.xml,CIK0000034088-submissions-001.json
2013-01-04,4,0001127602-13-001016,2013-01-02,xslF345X03/form4.xml,CIK0000034088-submissions-001.json
2013-01-04,4,0001127602-13-001014,2013-01-02,xslF345X03/form4.xml,CIK0000034088-submissions-001.json
2013-01-04,4,0001127602-13-001012,2013-01-02,xslF345X03/form4.xml,CIK0000034088-submissions-001.json
2013-01-04,4,0001127602-13-001008,2013-01-02,xslF345X03/form4.xml,CIK0000034088-submissions-001.json
2013-02-01,4,0001127602-13-003514,2013-02-01,xslF345X03/form4.xml,CIK0000034088-submissions-001.json
2013-02-01,8-K,0000034088-13-000003,2013-02-01,r8k020113.htm,CIK0000034088-submissions-001.json
2013-02-08,4,0001127602-13-004980,2013-02-06,xslF345X03/form4.xml,CIK0000034088-submissions-001.json
2013-02-08,SC 13G/A,0001305227-13-000450,,exxon.mobil.corp..txt,CIK0000034088-submissions-001.json
2013-02-13,4,0001127602-13-005799,2013-02-11,xslF345X03/form4.xml,CIK0000034088-submissions-001.json
2013-02-19,8-K,0000034088-13-000006,2013-02-19,r8k021913.htm,CIK0000034088-submissions-001.json
2013-02-27,10-K,0000034088-13-000011,2012-12-31,xom10k2012.htm,CIK0000034088-submissions-001.json
2013-02-27,IRANNOTICE,0000034088-13-000012,,IRANNOTICE.htm,CIK0000034088-submissions-001.json
2013-02-28,4,0001127602-13-008465,2013-02-26,xslF345X03/form4.xml,CIK0000034088-submissions-001.json
2013-03-01,4,0001127602-13-008775,2013-03-01,xslF345X03/form4.xml,CIK0000034088-submissions-001.json
2013-03-06,3,0001127602-13-009535,2013-03-01,xslF345X02/form3.xml,CIK0000034088-submissions-001.json
2013-03-07,NO ACT,9999999997-13-005145,2013-01-22,9999999997-13-005145.paper,CIK0000034088-submissions-001.json
2013-03-12,8-K,0001193125-13-102513,2013-03-06,d488859d8k.htm,CIK0000034088-submissions-001.json
2013-03-12,NO ACT,9999999997-13-009674,2013-03-08,9999999997-13-009674.paper,CIK0000034088-submissions-001.json
2013-03-14,NO ACT,9999999997-13-009672,2013-01-22,9999999997-13-009672.paper,CIK0000034088-submissions-001.json
2013-03-15,4,0001127602-13-010933,2013-03-14,xslF345X03/form4.xml,CIK0000034088-submissions-001.json
2013-03-15,4,0001127602-13-010859,2013-03-13,xslF345X03/form4.xml,CIK0000034088-submissions-001.json
2013-03-15,NO ACT,9999999997-13-006845,2013-01-22,9999999997-13-006845.paper,CIK0000034088-submissions-001.json
2013-03-18,4,0001127602-13-011112,2013-03-15,xslF345X03/form4.xml,CIK0000034088-submissions-001.json
2013-03-26,8-K,0000950123-13-001786,2013-03-25,b87386e8vk.htm,CIK0000034088-submissions-001.json
2013-04-12,DEF 14A,0001193125-13-152355,2013-05-29,d460324ddef14a.htm,CIK0000034088-submissions-001.json
2013-04-12,DEFA14A,0000950123-13-002229,,d87388defa14a.htm,CIK0000034088-submissions-001.json
2013-04-15,ARS,9999999997-13-008334,2012-12-31,9999999997-13-008334.paper,CIK0000034088-submissions-001.json
2013-04-25,8-K,0000034088-13-000015,2013-04-25,r8k042513.htm,CIK0000034088-submissions-001.json
2013-04-26,PX14A6G,0001214659-13-002246,,j425134px14a6g.htm,CIK0000034088-submissions-001.json
2013-05-02,10-Q,0000034088-13-000019,2013-03-31,xom10q1q2013.htm,CIK0000034088-submissions-001.json
2013-05-03,4,0001127602-13-015516,2013-05-01,xslF345X03/form4.xml,CIK0000034088-submissions-001.json
2013-05-03,4,0001127602-13-015408,2013-05-01,xslF345X03/form4.xml,CIK0000034088-submissions-001.json
2013-05-07,PX14A6G,0001214659-13-002553,,j56131px14a6g.htm,CIK0000034088-submissions-001.json
2013-05-09,UPLOAD,0000000000-13-025475,,filename1.pdf,CIK0000034088-submissions-001.json
2013-05-10,DEFA14A,0001193125-13-213969,,d532494ddefa14a.htm,CIK0000034088-submissions-001.json
2013-05-10,DEFA14A,0001193125-13-213936,,d532488ddefa14a.htm,CIK0000034088-submissions-001.json
2013-05-13,CORRESP,0000034088-13-000021,,filename1.htm,CIK0000034088-submissions-001.json
2013-05-13,DEFA14A,0001193125-13-216877,,d538428ddefa14a.htm,CIK0000034088-submissions-001.json
2013-05-30,3,0001127602-13-018748,2013-05-29,xslF345X02/form3.xml,CIK0000034088-submissions-001.json
2013-05-31,4,0001127602-13-018824,2013-05-29,xslF345X03/form4.xml,CIK0000034088-submissions-001.json
2013-06-03,4,0001127602-13-018953,2013-06-03,xslF345X03/form4.xml,CIK0000034088-submissions-001.json
2013-06-03,8-K,0000034088-13-000023,2013-05-29,r8k060313.htm,CIK0000034088-submissions-001.json
2013-06-06,3,0001127602-13-019708,2013-06-01,xslF345X02/form3.xml,CIK0000034088-submissions-001.json
2013-06-19,CORRESP,0000034088-13-000025,,filename1.htm,CIK0000034088-submissions-001.json
2013-06-28,11-K,0000034088-13-000029,2012-12-31,r11kemsp062813.htm,CIK0000034088-submissions-001.json
2013-08-01,8-K,0000034088-13-000033,2013-08-01,r8k080113.htm,CIK0000034088-submissions-001.json
2013-08-06,10-Q,0000034088-13-000035,2013-06-30,xom10q2q2013.htm,CIK0000034088-submissions-001.json
2013-08-19,4,0001127602-13-025510,2013-08-15,xslF345X03/form4.xml,CIK0000034088-submissions-001.json
2013-09-16,4,0001127602-13-027205,2013-09-13,xslF345X03/form4.xml,CIK0000034088-submissions-001.json
2013-09-20,UPLOAD,0000000000-13-051887,,filename1.pdf,CIK0000034088-submissions-001.json
2013-09-24,CORRESP,0000034088-13-000037,,filename1.htm,CIK0000034088-submissions-001.json
2013-10-18,CORRESP,0000034088-13-000039,,filename1.htm,CIK0000034088-submissions-001.json
2013-10-31,8-K,0000034088-13-000043,2013-10-31,r8k103113.htm,CIK0000034088-submissions-001.json
2013-11-05,10-Q,0000034088-13-000046,2013-09-30,xom10q3q2013.htm,CIK0000034088-submissions-001.json
2013-11-12,4,0001127602-13-031283,2013-11-07,xslF345X03/form4.xml,CIK0000034088-submissions-001.json
2013-11-13,4,0001127602-13-031477,2013-11-12,xslF345X03/form4.xml,CIK0000034088-submissions-001.json
2013-11-19,4,0001127602-13-032169,2013-11-18,xslF345X03/form4.xml,CIK0000034088-submissions-001.json
2013-11-19,4,0001127602-13-032097,2013-11-15,xslF345X03/form4.xml,CIK0000034088-submissions-001.json
2013-11-20,4,0001127602-13-032371,2013-11-19,xslF345X03/form4.xml,CIK0000034088-submissions-001.json
2013-11-20,4,0001127602-13-032295,2013-11-18,xslF345X03/form4.xml,CIK0000034088-submissions-001.json
2013-11-26,4,0001127602-13-032939,2013-11-25,xslF345X03/form4.xml,CIK0000034088-submissions-001.json
2013-11-26,4,0001127602-13-032937,2013-11-25,xslF345X03/form4.xml,CIK0000034088-submissions-001.json
2013-11-26,4,0001127602-13-032935,2013-11-25,xslF345X03/form4.xml,CIK0000034088-submissions-001.json
2013-11-26,4,0001127602-13-032932,2013-11-25,xslF345X03/form4.xml,CIK0000034088-submissions-001.json
2013-11-29,4,0001127602-13-033193,2013-11-26,xslF345X03/form4.xml,CIK0000034088-submissions-001.json
2013-11-29,4,0001127602-13-033189,2013-11-26,xslF345X03/form4.xml,CIK0000034088-submissions-001.json
2013-11-29,4,0001127602-13-033185,2013-11-26,xslF345X03/form4.xml,CIK0000034088-submissions-001.json
2013-11-29,4,0001127602-13-033179,2013-11-26,xslF345X03/form4.xml,CIK0000034088-submissions-001.json
2013-11-29,4,0001127602-13-033175,2013-11-26,xslF345X03/form4.xml,CIK0000034088-submissions-001.json
2013-11-29,4,0001127602-13-033173,2013-11-26,xslF345X03/form4.xml,CIK0000034088-submissions-001.json
2013-11-29,4,0001127602-13-033171,2013-11-26,xslF345X03/form4.xml,CIK0000034088-submissions-001.json
2013-11-29,4,0001127602-13-033169,2013-11-26,xslF345X03/form4.xml,CIK0000034088-submissions-001.json
2013-11-29,4,0001127602-13-033167,2013-11-26,xslF345X03/form4.xml,CIK0000034088-submissions-001.json
2013-11-29,4,0001127602-13-033165,2013-11-26,xslF345X03/form4.xml,CIK0000034088-submissions-001.json
2013-11-29,4,0001127602-13-033163,2013-11-26,xslF345X03/form4.xml,CIK0000034088-submissions-001.json
2013-11-29,4,0001127602-13-033161,2013-11-26,xslF345X03/form4.xml,CIK0000034088-submissions-001.json
2013-11-29,4,0001127602-13-033159,2013-11-26,xslF345X03/form4.xml,CIK0000034088-submissions-001.json
2013-11-29,4,0001127602-13-033156,2013-11-26,xslF345X03/form4.xml,CIK0000034088-submissions-001.json
2013-11-29,4,0001127602-13-033154,2013-11-26,xslF345X03/form4.xml,CIK0000034088-submissions-001.json
2013-11-29,4,0001127602-13-033152,2013-11-26,xslF345X03/form4.xml,CIK0000034088-submissions-001.json
2013-11-29,4,0001127602-13-033150,2013-11-26,xslF345X03/form4.xml,CIK0000034088-submissions-001.json
2013-11-29,4,0001127602-13-033148,2013-11-26,xslF345X03/form4.xml,CIK0000034088-submissions-001.json
2013-11-29,4,0001127602-13-033146,2013-11-26,xslF345X03/form4.xml,CIK0000034088-submissions-001.json
2013-12-04,4,0001127602-13-033576,2013-12-02,xslF345X03/form4.xml,CIK0000034088-submissions-001.json
2013-12-04,4,0001127602-13-033572,2013-12-02,xslF345X03/form4.xml,CIK0000034088-submissions-001.json
2013-12-04,4,0001127602-13-033569,2013-12-02,xslF345X03/form4.xml,CIK0000034088-submissions-001.json
2013-12-04,4,0001127602-13-033567,2013-12-02,xslF345X03/form4.xml,CIK0000034088-submissions-001.json
2013-12-04,4,0001127602-13-033565,2013-12-02,xslF345X03/form4.xml,CIK0000034088-submissions-001.json
2013-12-04,4,0001127602-13-033563,2013-12-02,xslF345X03/form4.xml,CIK0000034088-submissions-001.json
2013-12-04,4,0001127602-13-033550,2013-12-02,xslF345X03/form4.xml,CIK0000034088-submissions-001.json
2013-12-04,4,0001127602-13-033548,2013-12-02,xslF345X03/form4.xml,CIK0000034088-submissions-001.json
2013-12-04,4,0001127602-13-033546,2013-12-02,xslF345X03/form4.xml,CIK0000034088-submissions-001.json
2013-12-04,4,0001127602-13-033543,2013-12-02,xslF345X03/form4.xml,CIK0000034088-submissions-001.json
2013-12-04,4,0001127602-13-033541,2013-12-02,xslF345X03/form4.xml,CIK0000034088-submissions-001.json
2013-12-04,4,0001127602-13-033539,2013-12-02,xslF345X03/form4.xml,CIK0000034088-submissions-001.json
2013-12-04,UPLOAD,0000000000-13-066192,,filename1.pdf,CIK0000034088-submissions-001.json
2013-12-05,4,0001127602-13-033782,2013-12-04,xslF345X03/form4.xml,CIK0000034088-submissions-001.json
2013-12-05,CORRESP,0000034088-13-000049,,filename1.htm,CIK0000034088-submissions-001.json
2013-12-10,4,0001127602-13-034174,2013-12-06,xslF345X03/form4.xml,CIK0000034088-submissions-001.json
2013-12-10,4,0001127602-13-034172,2013-12-06,xslF345X03/form4.xml,CIK0000034088-submissions-001.json
2013-12-11,4,0001127602-13-034291,2013-12-09,xslF345X03/form4.xml,CIK0000034088-submissions-001.json
2013-12-17,4,0001127602-13-034817,2013-12-16,xslF345X03/form4.xml,CIK0000034088-submissions-001.json
2013-12-18,4,0001127602-13-034920,2013-12-17,xslF345X03/form4.xml,CIK0000034088-submissions-001.json
2013-12-19,4,0001127602-13-035226,2013-12-18,xslF345X03/form4.xml,CIK0000034088-submissions-001.json
2013-12-19,4,0001127602-13-035169,2013-12-18,xslF345X03/form4.xml,CIK0000034088-submissions-001.json
2013-12-19,4,0001127602-13-035162,2013-12-18,xslF345X03/form4.xml,CIK0000034088-submissions-001.json
2013-12-19,CORRESP,0000034088-13-000054,,filename1.htm,CIK0000034088-submissions-001.json
2014-01-03,UPLOAD,0000000000-14-000289,,filename1.pdf,CIK0000034088-submissions-001.json
2014-01-06,4,0001127602-14-001192,2014-01-02,xslF345X03/form4.xml,CIK0000034088-submissions-001.json
2014-01-06,4,0001127602-14-001138,2014-01-02,xslF345X03/form4.xml,CIK0000034088-submissions-001.json
2014-01-06,4,0001127602-14-001136,2014-01-02,xslF345X03/form4.xml,CIK0000034088-submissions-001.json
2014-01-06,4,0001127602-14-001134,2014-01-02,xslF345X03/form4.xml,CIK0000034088-submissions-001.json
2014-01-06,4,0001127602-14-001132,2014-01-02,xslF345X03/form4.xml,CIK0000034088-submissions-001.json
2014-01-06,4,0001127602-14-001129,2014-01-02,xslF345X03/form4.xml,CIK0000034088-submissions-001.json
2014-01-06,4,0001127602-14-001127,2014-01-02,xslF345X03/form4.xml,CIK0000034088-submissions-001.json
2014-01-06,4,0001127602-14-001123,2014-01-02,xslF345X03/form4.xml,CIK0000034088-submissions-001.json
2014-01-06,4,0001127602-14-001121,2014-01-02,xslF345X03/form4.xml,CIK0000034088-submissions-001.json
2014-01-06,4,0001127602-14-001119,2014-01-02,xslF345X03/form4.xml,CIK0000034088-submissions-001.json
2014-01-06,4,0001127602-14-001116,2014-01-02,xslF345X03/form4.xml,CIK0000034088-submissions-001.json
2014-01-06,4,0001127602-14-001114,2014-01-02,xslF345X03/form4.xml,CIK0000034088-submissions-001.json
2014-01-29,SC 13G/A,0001086364-14-000843,,exxon.mobil.corp..txt,CIK0000034088-submissions-001.json
2014-01-30,8-K,0000034088-14-000002,2014-01-30,r8k013014.htm,CIK0000034088-submissions-001.json
2014-02-04,4,0001127602-14-004342,2014-01-31,xslF345X03/form4.xml,CIK0000034088-submissions-001.json
2014-02-04,4,0001127602-14-004339,2014-01-31,xslF345X03/form4.xml,CIK0000034088-submissions-001.json
2014-02-10,4,0001127602-14-005376,2014-02-07,xslF345X03/form4.xml,CIK0000034088-submissions-001.json
2014-02-10,5,0001127602-14-005371,2013-12-31,xslF345X03/form5.xml,CIK0000034088-submissions-001.json
2014-02-10,NO ACT,9999999997-14-001132,2014-02-10,9999999997-14-001132.paper,CIK0000034088-submissions-001.json
2014-02-12,SC 13G,0000932471-14-004264,,exxonmobilcorp.htm,CIK0000034088-submissions-001.json
2014-02-21,8-K,0000034088-14-000005,2014-02-21,r8k022114.htm,CIK0000034088-submissions-001.json
2014-02-24,NO ACT,9999999997-14-001600,2014-01-15,9999999997-14-001600.paper,CIK0000034088-submissions-001.json
2014-02-26,10-K,0000034088-14-000012,2013-12-31,xom10k2013.htm,CIK0000034088-submissions-001.json
2014-02-28,4,0001127602-14-009165,2014-02-26,xslF345X03/form4.xml,CIK0000034088-submissions-001.json
2014-03-11,8-K,0001193125-14-093064,2014-03-05,d681421d8k.htm,CIK0000034088-submissions-001.json
2014-03-17,424B2,0001193125-14-101160,,d692921d424b2.htm,CIK0000034088-submissions-001.json
2014-03-17,NO ACT,9999999997-14-004244,2014-01-21,9999999997-14-004244.paper,CIK0000034088-submissions-001.json
2014-03-17,S-3ASR,0001193125-14-101128,,d686133ds3asr.htm,CIK0000034088-submissions-001.json
2014-03-18,424B2,0001193125-14-104504,,d692921d424b2.htm,CIK0000034088-submissions-001.json
2014-03-18,FWP,0001193125-14-102900,,d694374dfwp.htm,CIK0000034088-submissions-001.json
2014-03-19,NO ACT,9999999997-14-004249,2014-01-21,9999999997-14-004249.paper,CIK0000034088-submissions-001.json
2014-03-20,8-K,0001193125-14-107397,2014-03-17,d696509d8k.htm,CIK0000034088-submissions-001.json
2014-03-24,8-K,0001193125-14-112142,2014-03-24,d687041d8k.htm,CIK0000034088-submissions-001.json
2014-03-31,4,0001127602-14-012950,2014-03-27,xslF345X03/form4.xml,CIK0000034088-submissions-001.json
2014-04-11,DEF 14A,0001193125-14-139818,2014-05-28,d656765ddef14a.htm,CIK0000034088-submissions-001.json
2014-04-11,DEFA14A,0001193125-14-139850,,d698466ddefa14a.htm,CIK0000034088-submissions-001.json
2014-04-14,ARS,9999999997-14-009002,2013-12-31,9999999997-14-009002.paper,CIK0000034088-submissions-001.json
2014-04-22,DEFA14A,0001193125-14-152380,,d715310ddefa14a.htm,CIK0000034088-submissions-001.json
2014-05-01,4,0001127602-14-015752,2014-04-29,xslF345X03/form4.xml,CIK0000034088-submissions-001.json
2014-05-01,8-K,0000034088-14-000017,2014-05-01,r8k050114.htm,CIK0000034088-submissions-001.json
2014-05-05,4,0001127602-14-016233,2014-05-02,xslF345X03/form4.xml,CIK0000034088-submissions-001.json
2014-05-07,10-Q,0000034088-14-000019,2014-03-31,xom10q1q2014.htm,CIK0000034088-submissions-001.json
2014-05-07,4,0001127602-14-016693,2014-05-05,xslF345X03/form4.xml,CIK0000034088-submissions-001.json
2014-05-12,4,0001127602-14-017053,2014-05-08,xslF345X03/form4.xml,CIK0000034088-submissions-001.json
2014-05-14,DEFA14A,0001193125-14-198900,,d722596ddefa14a.htm,CIK0000034088-submissions-001.json
2014-05-19,4,0001127602-14-018053,2014-05-15,xslF345X03/form4.xml,CIK0000034088-submissions-001.json
2014-05-28,4,0001127602-14-019023,2014-05-28,xslF345X03/form4.xml,CIK0000034088-submissions-001.json
2014-05-29,SD,0000034088-14-000022,,filename1.htm,CIK0000034088-submissions-001.json
2014-06-02,8-K,0000034088-14-000024,2014-05-28,r8k060214.htm,CIK0000034088-submissions-001.json
2014-06-06,3,0001127602-14-020113,2014-06-01,xslF345X02/form3.xml,CIK0000034088-submissions-001.json
2014-06-19,4,0001127602-14-021374,2014-06-17,xslF345X03/form4.xml,CIK0000034088-submissions-001.json
2014-06-24,11-K,0000034088-14-000028,2013-12-31,r11kemsp062414.htm,CIK0000034088-submissions-001.json
2014-07-31,8-K,0000034088-14-000033,2014-07-31,r8k073114.htm,CIK0000034088-submissions-001.json
2014-08-05,3,0001127602-14-024777,2014-08-01,xslF345X02/form3.xml,CIK0000034088-submissions-001.json
2014-08-06,10-Q,0000034088-14-000036,2014-06-30,xom10q2q2014.htm,CIK0000034088-submissions-001.json
2014-08-06,8-K,0000034088-14-000037,2014-07-30,r8k073014.htm,CIK0000034088-submissions-001.json
2014-09-02,4,0001127602-14-026870,2014-09-02,xslF345X03/form4.xml,CIK0000034088-submissions-001.json
2014-09-05,3,0001127602-14-027253,2014-09-01,xslF345X02/form3.xml,CIK0000034088-submissions-001.json
2014-09-12,4,0001127602-14-027679,2014-09-10,xslF345X03/form4.xml,CIK0000034088-submissions-001.json
2014-10-31,8-K,0000034088-14-000042,2014-10-31,r8k103114.htm,CIK0000034088-submissions-001.json
2014-11-04,4,0001127602-14-031027,2014-11-03,xslF345X03/form4.xml,CIK0000034088-submissions-001.json
2014-11-05,10-Q,0000034088-14-000044,2014-09-30,xom10q3q2014.htm,CIK0000034088-submissions-001.json
2014-11-05,4,0001127602-14-031245,2014-11-04,xslF345X03/form4.xml,CIK0000034088-submissions-001.json
2014-11-10,4,0001127602-14-031692,2014-11-07,xslF345X03/form4.xml,CIK0000034088-submissions-001.json
2014-11-24,8-K,0000034088-14-000046,2014-11-21,r8K112114.htm,CIK0000034088-submissions-001.json
2014-11-25,4,0001127602-14-033440,2014-11-24,xslF345X03/form4.xml,CIK0000034088-submissions-001.json
2014-11-28,4,0001127602-14-033637,2014-11-25,xslF345X03/form4.xml,CIK0000034088-submissions-001.json
2014-11-28,4,0001127602-14-033635,2014-11-25,xslF345X03/form4.xml,CIK0000034088-submissions-001.json
2014-11-28,4,0001127602-14-033633,2014-11-25,xslF345X03/form4.xml,CIK0000034088-submissions-001.json
2014-11-28,4,0001127602-14-033631,2014-11-25,xslF345X03/form4.xml,CIK0000034088-submissions-001.json
2014-11-28,4,0001127602-14-033629,2014-11-25,xslF345X03/form4.xml,CIK0000034088-submissions-001.json
2014-11-28,4,0001127602-14-033627,2014-11-25,xslF345X03/form4.xml,CIK0000034088-submissions-001.json
2014-11-28,4,0001127602-14-033625,2014-11-25,xslF345X03/form4.xml,CIK0000034088-submissions-001.json
2014-11-28,4,0001127602-14-033623,2014-11-25,xslF345X03/form4.xml,CIK0000034088-submissions-001.json
2014-11-28,4,0001127602-14-033621,2014-11-25,xslF345X03/form4.xml,CIK0000034088-submissions-001.json
2014-11-28,4,0001127602-14-033619,2014-11-25,xslF345X03/form4.xml,CIK0000034088-submissions-001.json
2014-11-28,4,0001127602-14-033617,2014-11-25,xslF345X03/form4.xml,CIK0000034088-submissions-001.json
2014-11-28,4,0001127602-14-033615,2014-11-25,xslF345X03/form4.xml,CIK0000034088-submissions-001.json
2014-11-28,4,0001127602-14-033613,2014-11-25,xslF345X03/form4.xml,CIK0000034088-submissions-001.json
2014-11-28,4,0001127602-14-033610,2014-11-25,xslF345X03/form4.xml,CIK0000034088-submissions-001.json
2014-11-28,4,0001127602-14-033608,2014-11-25,xslF345X03/form4.xml,CIK0000034088-submissions-001.json
2014-11-28,4,0001127602-14-033606,2014-11-25,xslF345X03/form4.xml,CIK0000034088-submissions-001.json
2014-11-28,4,0001127602-14-033603,2014-11-25,xslF345X03/form4.xml,CIK0000034088-submissions-001.json
2014-11-28,4,0001127602-14-033601,2014-11-25,xslF345X03/form4.xml,CIK0000034088-submissions-001.json
2014-11-28,4,0001127602-14-033599,2014-11-25,xslF345X03/form4.xml,CIK0000034088-submissions-001.json
2014-11-28,4,0001127602-14-033597,2014-11-25,xslF345X03/form4.xml,CIK0000034088-submissions-001.json
2014-11-28,4,0001127602-14-033595,2014-11-25,xslF345X03/form4.xml,CIK0000034088-submissions-001.json
2014-12-02,4,0001127602-14-033793,2014-11-28,xslF345X03/form4.xml,CIK0000034088-submissions-001.json
2014-12-03,4,0001127602-14-034044,2014-12-01,xslF345X03/form4.xml,CIK0000034088-submissions-001.json
2014-12-03,4,0001127602-14-034041,2014-12-01,xslF345X03/form4.xml,CIK0000034088-submissions-001.json
2014-12-03,4,0001127602-14-034035,2014-12-01,xslF345X03/form4.xml,CIK0000034088-submissions-001.json
2014-12-03,4,0001127602-14-034033,2014-12-01,xslF345X03/form4.xml,CIK0000034088-submissions-001.json
2014-12-03,4,0001127602-14-034031,2014-12-01,xslF345X03/form4.xml,CIK0000034088-submissions-001.json
2014-12-03,4,0001127602-14-034029,2014-12-01,xslF345X03/form4.xml,CIK0000034088-submissions-001.json
2014-12-03,4,0001127602-14-034027,2014-12-01,xslF345X03/form4.xml,CIK0000034088-submissions-001.json
2014-12-03,4,0001127602-14-034025,2014-12-01,xslF345X03/form4.xml,CIK0000034088-submissions-001.json
2014-12-03,4,0001127602-14-034020,2014-12-01,xslF345X03/form4.xml,CIK0000034088-submissions-001.json
2014-12-03,4,0001127602-14-034015,2014-12-01,xslF345X03/form4.xml,CIK0000034088-submissions-001.json
2014-12-03,4,0001127602-14-034012,2014-12-01,xslF345X03/form4.xml,CIK0000034088-submissions-001.json
2014-12-03,4,0001127602-14-034009,2014-12-01,xslF345X03/form4.xml,CIK0000034088-submissions-001.json
2014-12-03,4,0001127602-14-034006,2014-12-01,xslF345X03/form4.xml,CIK0000034088-submissions-001.json
2014-12-04,4,0001127602-14-034204,2014-12-02,xslF345X03/form4.xml,CIK0000034088-submissions-001.json
2014-12-05,4,0001127602-14-034267,2014-12-03,xslF345X03/form4.xml,CIK0000034088-submissions-001.json
2014-12-08,4,0001127602-14-034473,2014-12-05,xslF345X03/form4.xml,CIK0000034088-submissions-001.json
2014-12-08,4,0001127602-14-034380,2014-12-04,xslF345X03/form4.xml,CIK0000034088-submissions-001.json
2014-12-08,4,0001127602-14-034377,2014-12-04,xslF345X03/form4.xml,CIK0000034088-submissions-001.json
2014-12-08,4,0001127602-14-034375,2014-12-04,xslF345X03/form4.xml,CIK0000034088-submissions-001.json
2014-12-08,4,0001127602-14-034370,2014-12-04,xslF345X03/form4.xml,CIK0000034088-submissions-001.json
2014-12-11,4,0001127602-14-034832,2014-12-09,xslF345X03/form4.xml,CIK0000034088-submissions-001.json
2014-12-16,4,0001127602-14-035174,2014-12-12,xslF345X03/form4.xml,CIK0000034088-submissions-001.json
2014-12-17,4,0001127602-14-035338,2014-12-15,xslF345X03/form4.xml,CIK0000034088-submissions-001.json
2014-12-18,4,0001127602-14-035658,2014-12-17,xslF345X03/form4.xml,CIK0000034088-submissions-001.json
2014-12-19,4,0001127602-14-035721,2014-12-19,xslF345X03/form4.xml,CIK0000034088-submissions-001.json
2014-12-19,4,0001127602-14-035688,2014-12-18,xslF345X03/form4.xml,CIK0000034088-submissions-001.json
2014-12-19,4,0001127602-14-035682,2014-12-18,xslF345X03/form4.xml,CIK0000034088-submissions-001.json
2014-12-19,4,0001127602-14-035677,2014-12-18,xslF345X03/form4.xml,CIK0000034088-submissions-001.json
2014-12-30,4,0001127602-14-036129,2014-12-29,xslF345X03/form4.xml,CIK0000034088-submissions-001.json
2015-01-02,4,0001127602-15-000050,2015-01-02,xslF345X03/form4.xml,CIK0000034088-submissions-001.json
2015-01-06,3,0001127602-15-001220,2015-01-01,xslF345X02/form3.xml,CIK0000034088-submissions-001.json
2015-01-06,4,0001127602-15-001110,2015-01-02,xslF345X03/form4.xml,CIK0000034088-submissions-001.json
2015-01-06,4,0001127602-15-001107,2015-01-02,xslF345X03/form4.xml,CIK0000034088-submissions-001.json
2015-01-06,4,0001127602-15-001105,2015-01-02,xslF345X03/form4.xml,CIK0000034088-submissions-001.json
2015-01-06,4,0001127602-15-001097,2015-01-02,xslF345X03/form4.xml,CIK0000034088-submissions-001.json
2015-01-06,4,0001127602-15-001090,2015-01-02,xslF345X03/form4.xml,CIK0000034088-submissions-001.json
2015-01-06,4,0001127602-15-001087,2015-01-02,xslF345X03/form4.xml,CIK0000034088-submissions-001.json
2015-01-06,4,0001127602-15-001082,2015-01-02,xslF345X03/form4.xml,CIK0000034088-submissions-001.json
2015-01-06,4,0001127602-15-001077,2015-01-02,xslF345X03/form4.xml,CIK0000034088-submissions-001.json
2015-01-06,4,0001127602-15-001071,2015-01-02,xslF345X03/form4.xml,CIK0000034088-submissions-001.json
2015-01-06,4,0001127602-15-001069,2015-01-02,xslF345X03/form4.xml,CIK0000034088-submissions-001.json
2015-01-06,4,0001127602-15-001066,2015-01-02,xslF345X03/form4.xml,CIK0000034088-submissions-001.json
2015-02-02,8-K,0000034088-15-000004,2015-02-02,r8k020215.htm,CIK0000034088-submissions-001.json
2015-02-03,NO ACT,9999999997-15-000933,2015-02-02,9999999997-15-000933.paper,CIK0000034088-submissions-001.json
2015-02-04,4,0001127602-15-004325,2015-02-03,xslF345X03/form4.xml,CIK0000034088-submissions-001.json
2015-02-04,NO ACT,9999999997-15-001277,2015-02-04,9999999997-15-001277.paper,CIK0000034088-submissions-001.json
2015-02-09,SC 13G/A,0000215457-15-000185,,exxon.mobil.corp.txt,CIK0000034088-submissions-001.json
2015-02-10,SC 13G,0000034088-15-000007,,xom13g123114imperial.txt,CIK0000034088-submissions-001.json
2015-02-11,SC 13G/A,0000932471-15-005142,,exxonmobilcorp.htm,CIK0000034088-submissions-001.json
2015-02-12,4,0001127602-15-005654,2015-02-10,xslF345X03/form4.xml,CIK0000034088-submissions-001.json
2015-02-12,NO ACT,9999999997-15-001053,2015-02-12,9999999997-15-001053.paper,CIK0000034088-submissions-001.json
2015-02-17,4,0001127602-15-006132,2015-02-13,xslF345X03/form4.xml,CIK0000034088-submissions-001.json
2015-02-23,NO ACT,9999999997-15-002568,2015-01-23,9999999997-15-002568.paper,CIK0000034088-submissions-001.json
2015-02-24,4,0001127602-15-007954,2015-02-23,xslF345X03/form4.xml,CIK0000034088-submissions-001.json
2015-02-24,8-K,0000034088-15-000011,2015-02-23,r8k022315.htm,CIK0000034088-submissions-001.json
2015-02-25,10-K,0000034088-15-000013,2014-12-31,xom10k2014.htm,CIK0000034088-submissions-001.json
2015-02-25,NO ACT,9999999997-15-002281,2015-02-25,9999999997-15-002281.paper,CIK0000034088-submissions-001.json
2015-03-02,4,0001127602-15-008985,2015-03-02,xslF345X03/form4.xml,CIK0000034088-submissions-001.json
2015-03-03,424B2,0001193125-15-074309,,d881148d424b2.htm,CIK0000034088-submissions-001.json
2015-03-04,FWP,0001193125-15-075580,,d881148dfwp.htm,CIK0000034088-submissions-001.json
2015-03-05,424B2,0001193125-15-077273,,d881148d424b2.htm,CIK0000034088-submissions-001.json
2015-03-06,3,0001127602-15-010395,2015-03-01,xslF345X02/form3.xml,CIK0000034088-submissions-001.json
2015-03-06,8-K,0001193125-15-080166,2015-03-03,d886514d8k.htm,CIK0000034088-submissions-001.json
2015-03-10,8-K,0001193125-15-084805,2015-03-04,d880164d8k.htm,CIK0000034088-submissions-001.json
2015-03-13,NO ACT,9999999997-15-006648,2015-01-23,9999999997-15-006648.paper,CIK0000034088-submissions-001.json
2015-03-16,NO ACT,9999999997-15-006651,2015-01-23,9999999997-15-006651.paper,CIK0000034088-submissions-001.json
2015-03-17,4,0001127602-15-011647,2015-03-13,xslF345X03/form4.xml,CIK0000034088-submissions-001.json
2015-03-17,NO ACT,9999999997-15-007797,2015-03-17,9999999997-15-007797.paper,CIK0000034088-submissions-001.json
2015-03-18,NO ACT,9999999997-15-007112,2015-01-23,9999999997-15-007112.paper,CIK0000034088-submissions-001.json
2015-03-20,4,0001127602-15-012162,2015-03-19,xslF345X03/form4.xml,CIK0000034088-submissions-001.json
2015-03-20,4,0001127602-15-012160,2015-03-13,xslF345X03/form4.xml,CIK0000034088-submissions-001.json
2015-03-20,4,0001127602-15-012158,2015-03-19,xslF345X03/form4.xml,CIK0000034088-submissions-001.json
2015-03-23,8-K,0001193125-15-101332,2015-03-23,d885026d8k.htm,CIK0000034088-submissions-001.json
2015-03-26,NO ACT,9999999997-15-008262,2015-03-23,9999999997-15-008262.paper,CIK0000034088-submissions-001.json
2015-04-14,ARS,9999999997-15-008909,2014-12-31,9999999997-15-008909.paper,CIK0000034088-submissions-001.json
2015-04-14,DEF 14A,0001193125-15-128602,2015-05-27,d855824ddef14a.htm,CIK0000034088-submissions-001.json
2015-04-14,DEFA14A,0001193125-15-128611,,d899724ddefa14a.htm,CIK0000034088-submissions-001.json
2015-04-21,DEFA14A,0001193125-15-139579,,d912362ddefa14a.htm,CIK0000034088-submissions-001.json
2015-04-21,PX14A6G,0001214659-15-003187,,c421150px14a6g.htm,CIK0000034088-submissions-001.json
2015-04-30,8-K,0000034088-15-000017,2015-04-30,r8k043015.htm,CIK0000034088-submissions-001.json
2015-05-01,PX14A6G,0001214659-15-003519,,n51152px14a6g.htm,CIK0000034088-submissions-001.json
2015-05-04,4,0001127602-15-015972,2015-05-01,xslF345X03/form4.xml,CIK0000034088-submissions-001.json
2015-05-05,PX14A6G,0001140361-15-017732,,formpx14a6g.htm,CIK0000034088-submissions-001.json
2015-05-06,10-Q,0000034088-15-000021,2015-03-31,xom10q1q2015.htm,CIK0000034088-submissions-001.json
2015-05-06,4,0001127602-15-016457,2015-05-05,xslF345X03/form4.xml,CIK0000034088-submissions-001.json
2015-05-06,4,0001127602-15-016436,2015-05-04,xslF345X03/form4.xml,CIK0000034088-submissions-001.json
2015-05-14,DEFA14A,0001193125-15-188329,,d923467ddefa14a.htm,CIK0000034088-submissions-001.json
2015-05-27,4,0001127602-15-018682,2015-05-27,xslF345X03/form4.xml,CIK0000034088-submissions-001.json
2015-05-28,3,0001127602-15-018796,2015-05-27,xslF345X02/form3.xml,CIK0000034088-submissions-001.json
2015-05-28,SD,0000034088-15-000025,,filename1.htm,CIK0000034088-submissions-001.json
2015-05-29,4,0001127602-15-018915,2015-05-27,xslF345X03/form4.xml,CIK0000034088-submissions-001.json
2015-06-01,8-K,0000034088-15-000027,2015-05-27,r8k060115.htm,CIK0000034088-submissions-001.json
2015-06-16,4,0001127602-15-020755,2015-06-15,xslF345X03/form4.xml,CIK0000034088-submissions-001.json
2015-06-19,11-K,0000034088-15-000029,2014-12-31,r11kemsp061915.htm,CIK0000034088-submissions-001.json
2015-07-31,8-K,0000034088-15-000033,2015-07-31,r8k073115.htm,CIK0000034088-submissions-001.json
2015-08-05,10-Q,0000034088-15-000035,2015-06-30,xom10q2q2015.htm,CIK0000034088-submissions-001.json
2015-08-05,4,0001127602-15-024228,2015-08-04,xslF345X03/form4.xml,CIK0000034088-submissions-001.json
2015-08-06,4,0001127602-15-024361,2015-08-05,xslF345X03/form4.xml,CIK0000034088-submissions-001.json
2015-10-30,8-K,0000034088-15-000041,2015-10-30,r8k103015.htm,CIK0000034088-submissions-001.json
2015-11-04,10-Q,0000034088-15-000044,2015-09-30,xom10q3q2015.htm,CIK0000034088-submissions-001.json
2015-11-04,4,0001127602-15-030263,2015-11-02,xslF345X03/form4.xml,CIK0000034088-submissions-001.json
2015-11-05,4,0001127602-15-030362,2015-11-03,xslF345X03/form4.xml,CIK0000034088-submissions-001.json
2015-11-06,4,0001127602-15-030613,2015-11-04,xslF345X03/form4.xml,CIK0000034088-submissions-001.json
2015-11-06,4,0001127602-15-030495,2015-11-04,xslF345X03/form4.xml,CIK0000034088-submissions-001.json
2015-11-12,4,0001127602-15-031133,2015-11-10,xslF345X03/form4.xml,CIK0000034088-submissions-001.json
2015-11-13,4,0001127602-15-031273,2015-11-11,xslF345X03/form4.xml,CIK0000034088-submissions-001.json
2015-11-27,4,0001127602-15-032670,2015-11-27,xslF345X03/form4.xml,CIK0000034088-submissions-001.json
2015-11-27,4,0001127602-15-032663,2015-11-24,xslF345X03/form4.xml,CIK0000034088-submissions-001.json
2015-11-27,4,0001127602-15-032661,2015-11-24,xslF345X03/form4.xml,CIK0000034088-submissions-001.json
2015-11-27,4,0001127602-15-032659,2015-11-24,xslF345X03/form4.xml,CIK0000034088-submissions-001.json
2015-11-27,4,0001127602-15-032657,2015-11-24,xslF345X03/form4.xml,CIK0000034088-submissions-001.json
2015-11-27,4,0001127602-15-032655,2015-11-24,xslF345X03/form4.xml,CIK0000034088-submissions-001.json
2015-11-27,4,0001127602-15-032653,2015-11-24,xslF345X03/form4.xml,CIK0000034088-submissions-001.json
2015-11-27,4,0001127602-15-032651,2015-11-24,xslF345X03/form4.xml,CIK0000034088-submissions-001.json
2015-11-27,4,0001127602-15-032649,2015-11-24,xslF345X03/form4.xml,CIK0000034088-submissions-001.json
2015-11-27,4,0001127602-15-032647,2015-11-24,xslF345X03/form4.xml,CIK0000034088-submissions-001.json
2015-11-27,4,0001127602-15-032644,2015-11-24,xslF345X03/form4.xml,CIK0000034088-submissions-001.json
2015-11-27,4,0001127602-15-032641,2015-11-24,xslF345X03/form4.xml,CIK0000034088-submissions-001.json
2015-11-27,4,0001127602-15-032639,2015-11-24,xslF345X03/form4.xml,CIK0000034088-submissions-001.json
2015-11-27,4,0001127602-15-032637,2015-11-24,xslF345X03/form4.xml,CIK0000034088-submissions-001.json
2015-11-27,4,0001127602-15-032633,2015-11-24,xslF345X03/form4.xml,CIK0000034088-submissions-001.json
2015-11-27,4,0001127602-15-032631,2015-11-24,xslF345X03/form4.xml,CIK0000034088-submissions-001.json
2015-11-27,4,0001127602-15-032629,2015-11-24,xslF345X03/form4.xml,CIK0000034088-submissions-001.json
2015-11-27,4,0001127602-15-032627,2015-11-24,xslF345X03/form4.xml,CIK0000034088-submissions-001.json
2015-11-27,4,0001127602-15-032625,2015-11-24,xslF345X03/form4.xml,CIK0000034088-submissions-001.json
2015-11-27,4,0001127602-15-032623,2015-11-24,xslF345X03/form4.xml,CIK0000034088-submissions-001.json
2015-11-27,4,0001127602-15-032621,2015-11-24,xslF345X03/form4.xml,CIK0000034088-submissions-001.json
2015-11-27,4,0001127602-15-032619,2015-11-24,xslF345X03/form4.xml,CIK0000034088-submissions-001.json
2015-11-30,4,0001127602-15-032732,2015-11-25,xslF345X03/form4.xml,CIK0000034088-submissions-001.json
2015-12-01,4,0001127602-15-032841,2015-11-27,xslF345X03/form4.xml,CIK0000034088-submissions-001.json
2015-12-01,4,0001127602-15-032839,2015-11-27,xslF345X03/form4.xml,CIK0000034088-submissions-001.json
2015-12-01,4,0001127602-15-032837,2015-11-27,xslF345X03/form4.xml,CIK0000034088-submissions-001.json
2015-12-01,4,0001127602-15-032835,2015-11-27,xslF345X03/form4.xml,CIK0000034088-submissions-001.json
2015-12-01,4,0001127602-15-032833,2015-11-27,xslF345X03/form4.xml,CIK0000034088-submissions-001.json
2015-12-01,4,0001127602-15-032831,2015-11-27,xslF345X03/form4.xml,CIK0000034088-submissions-001.json
2015-12-01,4,0001127602-15-032829,2015-11-27,xslF345X03/form4.xml,CIK0000034088-submissions-001.json
2015-12-01,4,0001127602-15-032827,2015-11-27,xslF345X03/form4.xml,CIK0000034088-submissions-001.json
2015-12-01,4,0001127602-15-032819,2015-11-27,xslF345X03/form4.xml,CIK0000034088-submissions-001.json
2015-12-01,4,0001127602-15-032814,2015-11-27,xslF345X03/form4.xml,CIK0000034088-submissions-001.json
2015-12-01,4,0001127602-15-032810,2015-11-27,xslF345X03/form4.xml,CIK0000034088-submissions-001.json
2015-12-01,4,0001127602-15-032808,2015-11-27,xslF345X03/form4.xml,CIK0000034088-submissions-001.json
2015-12-07,4,0001127602-15-033383,2015-12-04,xslF345X03/form4.xml,CIK0000034088-submissions-001.json
2015-12-07,4,0001127602-15-033329,2015-12-03,xslF345X03/form4.xml,CIK0000034088-submissions-001.json
2015-12-07,4,0001127602-15-033327,2015-12-03,xslF345X03/form4.xml,CIK0000034088-submissions-001.json
2015-12-07,4,0001127602-15-033324,2015-12-03,xslF345X03/form4.xml,CIK0000034088-submissions-001.json
2015-12-11,4,0001127602-15-033915,2015-12-09,xslF345X03/form4.xml,CIK0000034088-submissions-001.json
2015-12-11,4,0001127602-15-033911,2015-12-09,xslF345X03/form4.xml,CIK0000034088-submissions-001.json
2015-12-15,8-K,0000034088-15-000048,2015-12-09,r8k120915.htm,CIK0000034088-submissions-001.json
2015-12-16,4,0001127602-15-034210,2015-12-14,xslF345X03/form4.xml,CIK0000034088-submissions-001.json
2015-12-17,4,0001127602-15-034362,2015-12-15,xslF345X03/form4.xml,CIK0000034088-submissions-001.json
2016-01-06,4,0001127602-16-036274,2016-01-04,xslF345X03/form4.xml,CIK0000034088-submissions-001.json
2016-01-06,4,0001127602-16-036270,2016-01-04,xslF345X03/form4.xml,CIK0000034088-submissions-001.json
2016-01-06,4,0001127602-16-036266,2016-01-04,xslF345X03/form4.xml,CIK0000034088-submissions-001.json
2016-01-06,4,0001127602-16-036239,2016-01-04,xslF345X03/form4.xml,CIK0000034088-submissions-001.json
2016-01-06,4,0001127602-16-036237,2016-01-04,xslF345X03/form4.xml,CIK0000034088-submissions-001.json
2016-01-06,4,0001127602-16-036235,2016-01-04,xslF345X03/form4.xml,CIK0000034088-submissions-001.json
2016-01-06,4,0001127602-16-036233,2016-01-04,xslF345X03/form4.xml,CIK0000034088-submissions-001.json
2016-01-06,4,0001127602-16-036231,2016-01-04,xslF345X03/form4.xml,CIK0000034088-submissions-001.json
2016-01-06,4,0001127602-16-036229,2016-01-04,xslF345X03/form4.xml,CIK0000034088-submissions-001.json
2016-01-06,4,0001127602-16-036227,2016-01-04,xslF345X03/form4.xml,CIK0000034088-submissions-001.json
2016-01-06,4,0001127602-16-036221,2016-01-04,xslF345X03/form4.xml,CIK0000034088-submissions-001.json
2016-01-06,4/A,0001127602-16-036431,2016-01-04,xslF345X03/form4a.xml,CIK0000034088-submissions-001.json
2016-01-06,4/A,0001127602-16-036419,2016-01-04,xslF345X03/form4a.xml,CIK0000034088-submissions-001.json
2016-01-07,4,0001127602-16-036520,2015-12-17,xslF345X03/form4.xml,CIK0000034088-submissions-001.json
2016-01-28,NO ACT,9999999997-16-016606,2016-01-19,9999999997-16-016606.paper,CIK0000034088-submissions-001.json
2016-01-29,8-K/A,0000034088-16-000051,2015-12-09,r8ka120915.htm,CIK0000034088-submissions-001.json
2016-02-02,8-K,0000034088-16-000053,2016-02-02,r8k020216.htm,CIK0000034088-submissions-001.json
2016-02-05,4,0001127602-16-039888,2016-02-03,xslF345X03/form4.xml,CIK0000034088-submissions-001.json
2016-02-05,4,0001127602-16-039717,2016-02-03,xslF345X03/form4.xml,CIK0000034088-submissions-001.json
2016-02-08,4,0001127602-16-040018,2016-02-05,xslF345X03/form4.xml,CIK0000034088-submissions-001.json
2016-02-08,4,0001127602-16-040016,2016-02-05,xslF345X03/form4.xml,CIK0000034088-submissions-001.json
2016-02-08,4,0001127602-16-040012,2016-02-04,xslF345X03/form4.xml,CIK0000034088-submissions-001.json
2016-02-08,SC 13G,0000034088-16-000057,,xom13g123115imperial.txt,CIK0000034088-submissions-001.json
2016-02-10,4,0001127602-16-040404,2016-02-08,xslF345X03/form4.xml,CIK0000034088-submissions-001.json
2016-02-10,SC 13G/A,0000215457-16-005570,,exxon.mobil.corp.2015.txt,CIK0000034088-submissions-001.json
2016-02-10,SC 13G/A,0000932471-16-010846,,exxonmobilecorp.htm,CIK0000034088-submissions-001.json
2016-02-11,4,0001127602-16-040714,2016-02-09,xslF345X03/form4.xml,CIK0000034088-submissions-001.json
2016-02-17,NO ACT,9999999997-16-017365,2016-02-17,9999999997-16-017365.paper,CIK0000034088-submissions-001.json
2016-02-18,4,0001127602-16-042047,2016-02-16,xslF345X03/form4.xml,CIK0000034088-submissions-001.json
2016-02-19,8-K,0000034088-16-000060,2016-02-19,r8k021916.htm,CIK0000034088-submissions-001.json
2016-02-24,10-K,0000034088-16-000065,2015-12-31,xom10k2015.htm,CIK0000034088-submissions-001.json
2016-02-24,4,0001127602-16-043093,2016-02-22,xslF345X03/form4.xml,CIK0000034088-submissions-001.json
2016-02-29,424B2,0001193125-16-483681,,d135825d424b2.htm,CIK0000034088-submissions-001.json
2016-03-01,FWP,0001193125-16-486405,,d135825dfwp.htm,CIK0000034088-submissions-001.json
2016-03-02,424B2,0001193125-16-488833,,d135825d424b2.htm,CIK0000034088-submissions-001.json
2016-03-03,8-K,0001193125-16-490848,2016-02-29,d64926d8k.htm,CIK0000034088-submissions-001.json
2016-03-03,NO ACT,9999999997-16-018411,2016-01-20,9999999997-16-018411.paper,CIK0000034088-submissions-001.json
2016-03-08,8-K,0001193125-16-496516,2016-03-02,d144223d8k.htm,CIK0000034088-submissions-001.json
2016-03-09,4,0001127602-16-045667,2016-03-07,xslF345X03/form4.xml,CIK0000034088-submissions-001.json
2016-03-14,NO ACT,9999999997-16-022126,2016-01-22,9999999997-16-022126.paper,CIK0000034088-submissions-001.json
2016-03-18,4,0001127602-16-046957,2016-03-17,xslF345X03/form4.xml,CIK0000034088-submissions-001.json
2016-03-22,NO ACT,9999999997-16-022322,2016-01-22,9999999997-16-022322.paper,CIK0000034088-submissions-001.json
2016-03-22,NO ACT,9999999997-16-021981,2016-01-21,9999999997-16-021981.paper,CIK0000034088-submissions-001.json
2016-03-23,NO ACT,9999999997-16-022327,2016-01-22,9999999997-16-022327.paper,CIK0000034088-submissions-001.json
2016-03-23,NO ACT,9999999997-16-022321,2016-03-15,9999999997-16-022321.paper,CIK0000034088-submissions-001.json
2016-04-13,DEF 14A,0001193125-16-539460,2016-05-25,d14941ddef14a.htm,CIK0000034088-submissions-001.json
2016-04-13,DEFA14A,0001193125-16-539483,,d169999ddefa14a.htm,CIK0000034088-submissions-001.json
2016-04-13,DEFA14A,0001193125-16-539471,,d159677ddefa14a.htm,CIK0000034088-submissions-001.json
2016-04-20,DEFA14A,0001193125-16-548191,,d119932ddefa14a.htm,CIK0000034088-submissions-001.json
2016-04-25,PX14A6G,0001214659-16-010954,,d425160px14a6g.htm,CIK0000034088-submissions-001.json
2016-04-29,8-K,0000034088-16-000068,2016-04-29,rk042916.htm,CIK0000034088-submissions-001.json
2016-05-04,10-Q,0000034088-16-000071,2016-03-31,xom10q1q2016.htm,CIK0000034088-submissions-001.json
2016-05-05,4,0001127602-16-051262,2016-05-04,xslF345X03/form4.xml,CIK0000034088-submissions-001.json
2016-05-05,PX14A6G,0001214659-16-011260,,f541609x14a6g.htm,CIK0000034088-submissions-001.json
2016-05-06,PX14A6G,0000810265-16-000008,,noticeofexemptsolicitation.txt,CIK0000034088-submissions-001.json
2016-05-11,PX14A6G,0001214659-16-011453,,p511161px14a6g.htm,CIK0000034088-submissions-001.json
2016-05-11,PX14A6G,0001140361-16-064552,,formpx14ag.htm,CIK0000034088-submissions-001.json
2016-05-12,DEFA14A,0001193125-16-588670,,d190580ddefa14a.htm,CIK0000034088-submissions-001.json
2016-05-13,PX14A6G,0001214659-16-011514,,l512160px14a6g.htm,CIK0000034088-submissions-001.json
2016-05-16,DEFA14A,0001193125-16-591302,,d162434ddefa14a.htm,CIK0000034088-submissions-001.json
2016-05-24,PX14A6G,0000810265-16-000012,,xomrelease.txt,CIK0000034088-submissions-001.json
2016-05-26,3,0001127602-16-053471,2016-05-25,xslF345X02/form3.xml,CIK0000034088-submissions-001.json
2016-05-26,SD,0000034088-16-000073,,filename1.htm,CIK0000034088-submissions-001.json
2016-05-27,4,0001127602-16-053651,2016-05-25,xslF345X03/form4.xml,CIK0000034088-submissions-001.json
2016-05-31,4,0001127602-16-053918,2016-05-27,xslF345X03/form4.xml,CIK0000034088-submissions-001.json
2016-05-31,8-K,0000034088-16-000075,2016-05-25,r8k052516.htm,CIK0000034088-submissions-001.json
2016-06-07,4,0001127602-16-054893,2016-06-06,xslF345X03/form4.xml,CIK0000034088-submissions-001.json
2016-06-08,4,0001127602-16-055059,2016-06-07,xslF345X03/form4.xml,CIK0000034088-submissions-001.json
2016-06-14,4,0001127602-16-055498,2016-06-10,xslF345X03/form4.xml,CIK0000034088-submissions-001.json
2016-06-15,4,0001127602-16-055549,2016-06-13,xslF345X03/form4.xml,CIK0000034088-submissions-001.json
2016-06-16,11-K,0000034088-16-000077,2015-12-31,r11kemsp061616.htm,CIK0000034088-submissions-001.json
2016-07-29,8-K,0000034088-16-000080,2016-07-29,r8k072916.htm,CIK0000034088-submissions-001.json
2016-08-01,4,0001127602-16-059068,2016-08-01,xslF345X03/form4.xml,CIK0000034088-submissions-001.json
2016-08-03,10-Q,0000034088-16-000082,2016-06-30,xom10q2q2016.htm,CIK0000034088-submissions-001.json
2016-08-04,3,0001127602-16-059496,2016-08-01,xslF345X02/form3.xml,CIK0000034088-submissions-001.json
2016-08-25,4,0001127602-16-061121,2016-08-25,xslF345X03/form4.xml,CIK0000034088-submissions-001.json
2016-08-26,4,0001127602-16-061191,2016-08-24,xslF345X03/form4.xml,CIK0000034088-submissions-001.json
2016-09-09,UPLOAD,0000000000-16-092100,,filename1.pdf,CIK0000034088-submissions-001.json
2016-09-12,CORRESP,0000034088-16-000086,,filename1.htm,CIK0000034088-submissions-001.json
2016-09-30,4,0001127602-16-063534,2016-09-28,xslF345X03/form4.xml,CIK0000034088-submissions-001.json
2016-10-19,4,0001127602-16-064978,2016-10-07,xslF345X03/form4.xml,CIK0000034088-submissions-001.json
2016-10-24,CORRESP,0000034088-16-000090,,filename1.htm,CIK0000034088-submissions-001.json
2016-10-28,8-K,0000034088-16-000093,2016-10-28,r8k102816.htm,CIK0000034088-submissions-001.json
2016-11-01,4,0001127602-16-065708,2016-11-01,xslF345X03/form4.xml,CIK0000034088-submissions-001.json
2016-11-01,4,0001127602-16-065700,2016-11-01,xslF345X03/form4.xml,CIK0000034088-submissions-001.json
2016-11-01,8-K,0000034088-16-000096,2016-10-26,r8k102616.htm,CIK0000034088-submissions-001.json
2016-11-03,10-Q,0000034088-16-000097,2016-09-30,xom10q3q2016.htm,CIK0000034088-submissions-001.json
2016-11-03,3,0001127602-16-066013,2016-11-01,xslF345X02/form3.xml,CIK0000034088-submissions-001.json
2016-11-07,3,0001127602-16-066248,2016-11-01,xslF345X02/form3.xml,CIK0000034088-submissions-001.json
2016-11-15,4,0001127602-16-067179,2016-11-11,xslF345X03/form4.xml,CIK0000034088-submissions-001.json
2016-11-17,4,0001127602-16-067515,2016-11-15,xslF345X03/form4.xml,CIK0000034088-submissions-001.json
2016-11-29,4,0001127602-16-068593,2016-11-25,xslF345X03/form4.xml,CIK0000034088-submissions-001.json
2016-11-29,4,0001127602-16-068590,2016-11-25,xslF345X03/form4.xml,CIK0000034088-submissions-001.json
2016-11-29,4,0001127602-16-068588,2016-11-25,xslF345X03/form4.xml,CIK0000034088-submissions-001.json
2016-11-29,4,0001127602-16-068586,2016-11-25,xslF345X03/form4.xml,CIK0000034088-submissions-001.json
2016-11-29,4,0001127602-16-068583,2016-11-25,xslF345X03/form4.xml,CIK0000034088-submissions-001.json
2016-11-29,4,0001127602-16-068579,2016-11-25,xslF345X03/form4.xml,CIK0000034088-submissions-001.json
2016-11-29,4,0001127602-16-068577,2016-11-25,xslF345X03/form4.xml,CIK0000034088-submissions-001.json
2016-11-29,4,0001127602-16-068574,2016-11-25,xslF345X03/form4.xml,CIK0000034088-submissions-001.json
2016-11-29,4,0001127602-16-068572,2016-11-25,xslF345X03/form4.xml,CIK0000034088-submissions-001.json
2016-11-29,4,0001127602-16-068569,2016-11-25,xslF345X03/form4.xml,CIK0000034088-submissions-001.json
2016-11-30,4,0001127602-16-068652,2016-11-28,xslF345X03/form4.xml,CIK0000034088-submissions-001.json
2016-12-02,4,0001127602-16-068968,2016-11-30,xslF345X03/form4.xml,CIK0000034088-submissions-001.json
2016-12-02,4,0001127602-16-068963,2016-11-30,xslF345X03/form4.xml,CIK0000034088-submissions-001.json
2016-12-02,4,0001127602-16-068962,2016-11-30,xslF345X03/form4.xml,CIK0000034088-submissions-001.json
2016-12-02,4,0001127602-16-068959,2016-11-30,xslF345X03/form4.xml,CIK0000034088-submissions-001.json
2016-12-02,4,0001127602-16-068956,2016-11-30,xslF345X03/form4.xml,CIK0000034088-submissions-001.json
2016-12-02,4,0001127602-16-068952,2016-11-30,xslF345X03/form4.xml,CIK0000034088-submissions-001.json
2016-12-02,4,0001127602-16-068951,2016-11-30,xslF345X03/form4.xml,CIK0000034088-submissions-001.json
2016-12-02,4,0001127602-16-068948,2016-11-30,xslF345X03/form4.xml,CIK0000034088-submissions-001.json
2016-12-02,4,0001127602-16-068946,2016-11-30,xslF345X03/form4.xml,CIK0000034088-submissions-001.json
2016-12-02,4,0001127602-16-068944,2016-11-30,xslF345X03/form4.xml,CIK0000034088-submissions-001.json
2016-12-02,4,0001127602-16-068942,2016-11-30,xslF345X03/form4.xml,CIK0000034088-submissions-001.json
2016-12-02,4,0001127602-16-068940,2016-11-30,xslF345X03/form4.xml,CIK0000034088-submissions-001.json
2016-12-02,4,0001127602-16-068937,2016-11-30,xslF345X03/form4.xml,CIK0000034088-submissions-001.json
2016-12-02,4,0001127602-16-068934,2016-11-30,xslF345X03/form4.xml,CIK0000034088-submissions-001.json
2016-12-02,4,0001127602-16-068932,2016-11-30,xslF345X03/form4.xml,CIK0000034088-submissions-001.json
2016-12-02,4,0001127602-16-068926,2016-11-30,xslF345X03/form4.xml,CIK0000034088-submissions-001.json
2016-12-02,4,0001127602-16-068921,2016-11-30,xslF345X03/form4.xml,CIK0000034088-submissions-001.json
2016-12-02,4,0001127602-16-068919,2016-11-30,xslF345X03/form4.xml,CIK0000034088-submissions-001.json
2016-12-02,4,0001127602-16-068914,2016-11-30,xslF345X03/form4.xml,CIK0000034088-submissions-001.json
2016-12-02,4,0001127602-16-068913,2016-11-30,xslF345X03/form4.xml,CIK0000034088-submissions-001.json
2016-12-02,4,0001127602-16-068906,2016-11-30,xslF345X03/form4.xml,CIK0000034088-submissions-001.json
2016-12-06,8-K,0000034088-16-000100,2016-11-30,r8k120616.htm,CIK0000034088-submissions-001.json
2016-12-07,4,0001127602-16-069382,2016-12-06,xslF345X03/form4.xml,CIK0000034088-submissions-001.json
2016-12-07,4,0001127602-16-069367,2016-12-05,xslF345X03/form4.xml,CIK0000034088-submissions-001.json
2016-12-08,4,0001127602-16-069494,2016-12-07,xslF345X03/form4.xml,CIK0000034088-submissions-001.json
2016-12-08,4,0001127602-16-069490,2016-12-07,xslF345X03/form4.xml,CIK0000034088-submissions-001.json
2016-12-08,4,0001127602-16-069486,2016-12-07,xslF345X03/form4.xml,CIK0000034088-submissions-001.json
2016-12-14,4,0001127602-16-069972,2016-12-13,xslF345X03/form4.xml,CIK0000034088-submissions-001.json
2016-12-16,8-K,0000034088-16-000103,2016-12-14,r8k121616.htm,CIK0000034088-submissions-001.json
2016-12-19,4,0001127602-16-070387,2016-12-15,xslF345X03/form4.xml,CIK0000034088-submissions-001.json
2016-12-19,4,0001127602-16-070359,2016-12-15,xslF345X03/form4.xml,CIK0000034088-submissions-001.json
2016-12-20,4,0001127602-16-070515,2016-12-19,xslF345X03/form4.xml,CIK0000034088-submissions-001.json
2016-12-20,4,0001127602-16-070509,2016-12-16,xslF345X03/form4.xml,CIK0000034088-submissions-001.json
2017-01-03,4,0001127602-17-000267,2017-01-03,xslF345X03/form4.xml,CIK0000034088-submissions-001.json
2017-01-03,4,0001127602-17-000256,2017-01-03,xslF345X03/form4.xml,CIK0000034088-submissions-001.json
2017-01-04,8-K,0000034088-17-000002,2017-01-03,r8k010317.htm,CIK0000034088-submissions-001.json
2017-01-05,3,0001127602-17-001030,2017-01-01,xslF345X02/form3.xml,CIK0000034088-submissions-001.json
2017-01-05,4,0001127602-17-001006,2017-01-03,xslF345X03/form4.xml,CIK0000034088-submissions-001.json
2017-01-05,4,0001127602-17-001004,2017-01-03,xslF345X03/form4.xml,CIK0000034088-submissions-001.json
2017-01-05,4,0001127602-17-000994,2017-01-03,xslF345X03/form4.xml,CIK0000034088-submissions-001.json
2017-01-05,4,0001127602-17-000989,2017-01-03,xslF345X03/form4.xml,CIK0000034088-submissions-001.json
2017-01-05,4,0001127602-17-000987,2017-01-03,xslF345X03/form4.xml,CIK0000034088-submissions-001.json
2017-01-05,4,0001127602-17-000982,2017-01-03,xslF345X03/form4.xml,CIK0000034088-submissions-001.json
2017-01-05,4,0001127602-17-000971,2017-01-03,xslF345X03/form4.xml,CIK0000034088-submissions-001.json
2017-01-05,4,0001127602-17-000963,2017-01-03,xslF345X03/form4.xml,CIK0000034088-submissions-001.json
2017-01-05,4,0001127602-17-000962,2017-01-03,xslF345X03/form4.xml,CIK0000034088-submissions-001.json
2017-01-05,4,0001127602-17-000957,2017-01-03,xslF345X03/form4.xml,CIK0000034088-submissions-001.json
2017-01-05,4,0001127602-17-000956,2017-01-03,xslF345X03/form4.xml,CIK0000034088-submissions-001.json
2017-01-13,UPLOAD,0000000000-17-001499,,filename1.pdf,CIK0000034088-submissions-001.json
2017-01-17,8-K,0000034088-17-000005,2017-01-16,r8k011717.htm,CIK0000034088-submissions-001.json
2017-01-17,CORRESP,0000034088-17-000006,,filename1.htm,CIK0000034088-submissions-001.json
2017-01-24,SC 13G/A,0000353480-17-000644,,exxon.mobil.corp.txt,CIK0000034088-submissions-001.json
2017-01-26,8-K,0000034088-17-000009,2017-01-25,r8k012617.htm,CIK0000034088-submissions-001.json
2017-01-30,CORRESP,0000034088-17-000011,,filename1.htm,CIK0000034088-submissions-001.json
2017-01-31,8-K,0000034088-17-000014,2017-01-31,r8k013117.htm,CIK0000034088-submissions-001.json
2017-02-02,3,0001127602-17-003499,2017-02-01,xslF345X02/form3.xml,CIK0000034088-submissions-001.json
2017-02-03,4,0001127602-17-003782,2017-02-01,xslF345X03/form4.xml,CIK0000034088-submissions-001.json
2017-02-10,SC 13G/A,0000932471-17-002034,,exxonmobilcorp.htm,CIK0000034088-submissions-001.json
2017-02-13,4,0001127602-17-005374,2017-02-10,xslF345X03/form4.xml,CIK0000034088-submissions-001.json
2017-02-13,NO ACT,9999999997-17-001591,2017-01-23,9999999997-17-001591.paper,CIK0000034088-submissions-001.json
2017-02-22,10-K,0000034088-17-000017,2016-12-31,xom10k2016.htm,CIK0000034088-submissions-001.json
2017-02-22,4,0001127602-17-007768,2017-02-20,xslF345X03/form4.xml,CIK0000034088-submissions-001.json
2017-02-22,4,0001127602-17-007735,2017-02-20,xslF345X03/form4.xml,CIK0000034088-submissions-001.json
2017-02-23,8-K,0000034088-17-000019,2017-02-22,r8k022217.htm,CIK0000034088-submissions-001.json
2017-02-28,4,0001127602-17-008840,2017-02-24,xslF345X03/form4.xml,CIK0000034088-submissions-001.json
2017-02-28,S-3ASR,0001193125-17-061164,,d330590ds3asr.htm,CIK0000034088-submissions-001.json
2017-03-07,8-K,0001193125-17-072778,2017-03-01,d350900d8k.htm,CIK0000034088-submissions-001.json
2017-03-07,NO ACT,9999999997-17-005101,2017-01-23,9999999997-17-005101.paper,CIK0000034088-submissions-001.json
2017-03-08,NO ACT,9999999997-17-005100,2017-01-23,9999999997-17-005100.paper,CIK0000034088-submissions-001.json
2017-03-09,NO ACT,9999999997-17-005099,2017-01-23,9999999997-17-005099.paper,CIK0000034088-submissions-001.json
2017-03-10,S-3ASR,0001193125-17-078222,,d364316ds3asr.htm,CIK0000034088-submissions-001.json
2017-03-13,NO ACT,9999999997-17-005103,2017-01-23,9999999997-17-005103.paper,CIK0000034088-submissions-001.json
2017-03-13,NO ACT,9999999997-17-005098,2017-01-23,9999999997-17-005098.paper,CIK0000034088-submissions-001.json
2017-03-16,4,0001127602-17-011906,2017-03-15,xslF345X03/form4.xml,CIK0000034088-submissions-001.json
2017-03-27,8-K,0000034088-17-000022,2017-03-24,r8k032417.htm,CIK0000034088-submissions-001.json
2017-04-11,UPLOAD,0000000000-17-012383,,filename1.pdf,CIK0000034088-submissions-001.json
2017-04-13,DEF 14A,0001193125-17-122538,2017-05-31,d182248ddef14a.htm,CIK0000034088-submissions-001.json
2017-04-13,DEFA14A,0001193125-17-122608,,d332556ddefa14a.htm,CIK0000034088-submissions-001.json
2017-04-13,DEFA14A,0001193125-17-122586,,d364886ddefa14a.htm,CIK0000034088-submissions-001.json
2017-04-13,DEFA14A,0001193125-17-122557,,d364677ddefa14a.htm,CIK0000034088-submissions-001.json
2017-04-20,PX14A6G,0001140361-17-016271,,formpx14a6g.htm,CIK0000034088-submissions-001.json
2017-04-21,DEFA14A,0001193125-17-131721,,d383474ddefa14a.htm,CIK0000034088-submissions-001.json
2017-04-21,PX14A6G,0001214659-17-002667,,t421170px14a6g.htm,CIK0000034088-submissions-001.json
2017-04-28,8-K,0000034088-17-000025,2017-04-28,r8k042817.htm,CIK0000034088-submissions-001.json
2017-04-28,PX14A6G,0000810265-17-000006,,ExxonPR-FINAL-04.25.2017.htm,CIK0000034088-submissions-001.json
2017-05-03,10-Q,0000034088-17-000027,2017-03-31,xom10q1q2017.htm,CIK0000034088-submissions-001.json
2017-05-04,4,0001127602-17-016822,2017-05-02,xslF345X03/form4.xml,CIK0000034088-submissions-001.json
2017-05-09,PX14A6G,0001214659-17-003135,,f58170px14a6g.htm,CIK0000034088-submissions-001.json
2017-05-11,DEFA14A,0001193125-17-167481,,d393743ddefa14a.htm,CIK0000034088-submissions-001.json
2017-05-16,PX14A6G,0001387131-17-002850,,cp5050-px14a6g_051617.htm,CIK0000034088-submissions-001.json
2017-05-18,DEFA14A,0001193125-17-175419,,d399379ddefa14a.htm,CIK0000034088-submissions-001.json
2017-05-19,4,0001127602-17-018752,2017-05-17,xslF345X03/form4.xml,CIK0000034088-submissions-001.json
2017-05-19,DEFA14A,0001193125-17-176852,,d360050ddefa14a.htm,CIK0000034088-submissions-001.json
2017-05-22,PX14A6G,0001214659-17-003519,,d511171px14a6g.htm,CIK0000034088-submissions-001.json
2017-05-24,SD,0000034088-17-000029,,filename1.htm,CIK0000034088-submissions-001.json
2017-05-30,DEFA14A,0001193125-17-186715,,d403781ddefa14a.htm,CIK0000034088-submissions-001.json
2017-05-30,DEFA14A,0001193125-17-186684,,d378085ddefa14a.htm,CIK0000034088-submissions-001.json
2017-05-31,PX14A6G,0000810265-17-000008,,ExxonPR-FINAL-05.30.2017.htm,CIK0000034088-submissions-001.json
2017-06-01,4,0001127602-17-019921,2017-05-31,xslF345X03/form4.xml,CIK0000034088-submissions-001.json
2017-06-01,4,0001127602-17-019919,2017-05-31,xslF345X03/form4.xml,CIK0000034088-submissions-001.json
2017-06-06,8-K,0000034088-17-000031,2017-05-31,r8k053117.htm,CIK0000034088-submissions-001.json
2017-06-13,4,0001127602-17-021250,2017-05-18,xslF345X03/form4.xml,CIK0000034088-submissions-001.json
2017-06-15,11-K,0000034088-17-000034,2016-12-31,r11kemsp061517.htm,CIK0000034088-submissions-001.json
2017-07-28,8-K,0000034088-17-000038,2017-07-28,r8k072817.htm,CIK0000034088-submissions-001.json
2017-08-02,10-Q,0000034088-17-000041,2017-06-30,xom10q2q2017.htm,CIK0000034088-submissions-001.json
2017-08-02,4,0001127602-17-024789,2017-08-01,xslF345X03/form4.xml,CIK0000034088-submissions-001.json
2017-08-08,4,0001127602-17-025197,2017-08-04,xslF345X03/form4.xml,CIK0000034088-submissions-001.json
2017-08-10,3,0001127602-17-025393,2017-08-01,xslF345X02/form3.xml,CIK0000034088-submissions-001.json
2017-09-07,POSASR,0001193125-17-278798,,d447899dposasr.htm,CIK0000034088-submissions-001.json
2017-09-19,4,0001127602-17-027667,2017-09-18,xslF345X03/form4.xml,CIK0000034088-submissions-001.json
2017-10-27,8-K,0000034088-17-000044,2017-10-27,r8k102717.htm,CIK0000034088-submissions-001.json
2017-10-31,8-K,0000034088-17-000047,2017-10-25,r8k102517.htm,CIK0000034088-submissions-001.json
2017-11-01,10-Q,0000034088-17-000052,2017-09-30,xom10q3q2017.htm,CIK0000034088-submissions-001.json
2017-11-03,4,0001127602-17-031176,2017-11-01,xslF345X03/form4.xml,CIK0000034088-submissions-001.json
2017-11-13,4,0001127602-17-031836,2017-11-10,xslF345X03/form4.xml,CIK0000034088-submissions-001.json
2017-11-16,4,0001127602-17-032281,2017-11-15,xslF345X03/form4.xml,CIK0000034088-submissions-001.json
2017-11-28,4,0001127602-17-033369,2017-11-24,xslF345X03/form4.xml,CIK0000034088-submissions-001.json
2017-11-28,4,0001127602-17-033367,2017-11-24,xslF345X03/form4.xml,CIK0000034088-submissions-001.json
2017-11-28,4,0001127602-17-033364,2017-11-24,xslF345X03/form4.xml,CIK0000034088-submissions-001.json
2017-11-28,4,0001127602-17-033361,2017-11-24,xslF345X03/form4.xml,CIK0000034088-submissions-001.json
2017-11-28,4,0001127602-17-033357,2017-11-24,xslF345X03/form4.xml,CIK0000034088-submissions-001.json
2017-11-28,4,0001127602-17-033353,2017-11-24,xslF345X03/form4.xml,CIK0000034088-submissions-001.json
2017-11-28,4,0001127602-17-033351,2017-11-24,xslF345X03/form4.xml,CIK0000034088-submissions-001.json
2017-11-28,4,0001127602-17-033349,2017-11-24,xslF345X03/form4.xml,CIK0000034088-submissions-001.json
2017-11-28,4,0001127602-17-033345,2017-11-24,xslF345X03/form4.xml,CIK0000034088-submissions-001.json
2017-12-01,4,0001127602-17-033663,2017-11-29,xslF345X03/form4.xml,CIK0000034088-submissions-001.json
2017-12-01,4,0001127602-17-033661,2017-11-29,xslF345X03/form4.xml,CIK0000034088-submissions-001.json
2017-12-01,4,0001127602-17-033659,2017-11-29,xslF345X03/form4.xml,CIK0000034088-submissions-001.json
2017-12-01,4,0001127602-17-033656,2017-11-29,xslF345X03/form4.xml,CIK0000034088-submissions-001.json
2017-12-01,4,0001127602-17-033653,2017-11-29,xslF345X03/form4.xml,CIK0000034088-submissions-001.json
2017-12-01,4,0001127602-17-033650,2017-11-29,xslF345X03/form4.xml,CIK0000034088-submissions-001.json
2017-12-01,4,0001127602-17-033646,2017-11-29,xslF345X03/form4.xml,CIK0000034088-submissions-001.json
2017-12-01,4,0001127602-17-033644,2017-11-29,xslF345X03/form4.xml,CIK0000034088-submissions-001.json
2017-12-01,4,0001127602-17-033642,2017-11-29,xslF345X03/form4.xml,CIK0000034088-submissions-001.json
2017-12-01,4,0001127602-17-033640,2017-11-29,xslF345X03/form4.xml,CIK0000034088-submissions-001.json
2017-12-01,4,0001127602-17-033630,2017-11-29,xslF345X03/form4.xml,CIK0000034088-submissions-001.json
2017-12-01,4,0001127602-17-033628,2017-11-29,xslF345X03/form4.xml,CIK0000034088-submissions-001.json
2017-12-01,4,0001127602-17-033623,2017-11-29,xslF345X03/form4.xml,CIK0000034088-submissions-001.json
2017-12-01,4,0001127602-17-033616,2017-11-29,xslF345X03/form4.xml,CIK0000034088-submissions-001.json
2017-12-01,4,0001127602-17-033606,2017-11-29,xslF345X03/form4.xml,CIK0000034088-submissions-001.json
2017-12-01,4,0001127602-17-033602,2017-11-29,xslF345X03/form4.xml,CIK0000034088-submissions-001.json
2017-12-01,4,0001127602-17-033600,2017-11-29,xslF345X03/form4.xml,CIK0000034088-submissions-001.json
2017-12-01,4,0001127602-17-033598,2017-11-29,xslF345X03/form4.xml,CIK0000034088-submissions-001.json
2017-12-01,4,0001127602-17-033594,2017-11-29,xslF345X03/form4.xml,CIK0000034088-submissions-001.json
2017-12-01,4,0001127602-17-033592,2017-11-29,xslF345X03/form4.xml,CIK0000034088-submissions-001.json
2017-12-01,8-K,0000034088-17-000054,2017-11-29,r8k120117.htm,CIK0000034088-submissions-001.json
2017-12-04,4,0001127602-17-033835,2017-12-01,xslF345X03/form4.xml,CIK0000034088-submissions-001.json
2017-12-06,4,0001127602-17-034053,2017-12-05,xslF345X03/form4.xml,CIK0000034088-submissions-001.json
2017-12-06,4,0001127602-17-034027,2017-12-05,xslF345X03/form4.xml,CIK0000034088-submissions-001.json
2017-12-06,4,0001127602-17-034025,2017-12-05,xslF345X03/form4.xml,CIK0000034088-submissions-001.json
2017-12-06,4,0001127602-17-034023,2017-12-05,xslF345X03/form4.xml,CIK0000034088-submissions-001.json
2017-12-07,4,0001127602-17-034154,2017-12-05,xslF345X03/form4.xml,CIK0000034088-submissions-001.json
2017-12-11,8-K,0000034088-17-000057,2017-12-11,r8k121117.htm,CIK0000034088-submissions-001.json
2017-12-12,4,0001127602-17-034507,2017-12-11,xslF345X03/form4.xml,CIK0000034088-submissions-001.json
2017-12-13,4,0001127602-17-034582,2017-12-12,xslF345X03/form4.xml,CIK0000034088-submissions-001.json
2017-12-15,4,0001127602-17-034812,2017-12-14,xslF345X03/form4.xml,CIK0000034088-submissions-001.json
2017-12-18,4,0001127602-17-034958,2017-12-15,xslF345X03/form4.xml,CIK0000034088-submissions-001.json
2017-12-19,4,0001127602-17-035183,2017-12-18,xslF345X03/form4.xml,CIK0000034088-submissions-001.json
2017-12-27,8-K,0000034088-17-000059,2017-12-22,r8k122717.htm,CIK0000034088-submissions-001.json
2018-01-03,4,0001127602-18-000844,2018-01-01,xslF345X03/form4.xml,CIK0000034088-submissions-001.json
2018-01-03,4,0001127602-18-000512,2017-12-31,xslF345X03/form4.xml,CIK0000034088-submissions-001.json
2018-01-04,4,0001127602-18-001117,2018-01-02,xslF345X03/form4.xml,CIK0000034088-submissions-001.json
2018-01-04,4,0001127602-18-001087,2018-01-02,xslF345X03/form4.xml,CIK0000034088-submissions-001.json
2018-01-04,4,0001127602-18-001061,2018-01-02,xslF345X03/form4.xml,CIK0000034088-submissions-001.json
2018-01-04,4,0001127602-18-001055,2018-01-02,xslF345X03/form4.xml,CIK0000034088-submissions-001.json
2018-01-04,4,0001127602-18-000979,2018-01-02,xslF345X03/form4.xml,CIK0000034088-submissions-001.json
2018-01-04,4,0001127602-18-000976,2018-01-02,xslF345X03/form4.xml,CIK0000034088-submissions-001.json
2018-01-04,4,0001127602-18-000963,2018-01-02,xslF345X03/form4.xml,CIK0000034088-submissions-001.json
2018-01-04,4,0001127602-18-000947,2018-01-02,xslF345X03/form4.xml,CIK0000034088-submissions-001.json
2018-01-04,4,0001127602-18-000941,2018-01-02,xslF345X03/form4.xml,CIK0000034088-submissions-001.json
2018-01-10,3,0001127602-18-001544,2018-01-01,xslF345X02/form3.xml,CIK0000034088-submissions-001.json
2018-01-19,8-K,0000034088-18-000002,2018-01-19,r8k011918.htm,CIK0000034088-submissions-001.json
2018-02-02,3,0001127602-18-003521,2018-02-01,xslF345X02/form3.xml,CIK0000034088-submissions-001.json
2018-02-02,4,0001127602-18-003805,2018-02-01,xslF345X03/form4.xml,CIK0000034088-submissions-001.json
2018-02-02,8-K,0000034088-18-000008,2018-01-31,r8k020218.htm,CIK0000034088-submissions-001.json
2018-02-02,8-K,0000034088-18-000006,2018-02-02,r8k020218.htm,CIK0000034088-submissions-001.json
2018-02-08,4,0001127602-18-004534,2018-02-06,xslF345X03/form4.xml,CIK0000034088-submissions-001.json
2018-02-08,SC 13G/A,0000034088-18-000010,,xom13g123117imperial.txt,CIK0000034088-submissions-001.json
2018-02-08,SC 13G/A,0000215457-18-005185,,us30231g1022_012418.txt,CIK0000034088-submissions-001.json
2018-02-09,8-K,0000034088-18-000012,2018-02-08,r8k020918.htm,CIK0000034088-submissions-001.json
2018-02-09,SC 13G/A,0000932471-18-003753,,exxonmobilcorp.htm,CIK0000034088-submissions-001.json
2018-02-14,SC 13G,0000093751-18-000123,,EXXONMOBILCORPORATION.txt,CIK0000034088-submissions-001.json
2018-02-28,10-K,0000034088-18-000015,2017-12-31,xom10k2017.htm,CIK0000034088-submissions-001.json
2018-03-01,4,0001127602-18-009416,2018-02-28,xslF345X03/form4.xml,CIK0000034088-submissions-001.json
2018-03-09,4,0001127602-18-011004,2018-03-09,xslF345X03/form4.xml,CIK0000034088-submissions-001.json
2018-03-12,3,0001127602-18-011079,2018-03-01,xslF345X02/form3.xml,CIK0000034088-submissions-001.json
2018-03-13,4,0001127602-18-011340,2018-03-12,xslF345X03/form4.xml,CIK0000034088-submissions-001.json
2018-03-16,8-K,0000034088-18-000017,2018-03-15,r8k031518.htm,CIK0000034088-submissions-001.json
2018-04-02,4,0001127602-18-013237,2018-04-02,xslF345X03/form4.xml,CIK0000034088-submissions-001.json
2018-04-12,DEF 14A,0001193125-18-115091,2018-05-30,d527562ddef14a.htm,CIK0000034088-submissions-001.json
2018-04-12,DEFA14A,0001193125-18-115143,,d560512ddefa14a.htm,CIK0000034088-submissions-001.json
2018-04-12,DEFA14A,0001193125-18-115129,,d557956ddefa14a.htm,CIK0000034088-submissions-001.json
2018-04-12,DEFA14A,0001193125-18-115101,,d556705ddefa14a.htm,CIK0000034088-submissions-001.json
2018-04-27,8-K,0000034088-18-000020,2018-04-27,r8k042718.htm,CIK0000034088-submissions-001.json
2018-05-02,DEFA14A,0001193125-18-148588,,d575295ddefa14a.htm,CIK0000034088-submissions-001.json
2018-05-03,10-Q,0000034088-18-000024,2018-03-31,xom10q1q2018.htm,CIK0000034088-submissions-001.json
2018-05-10,DEFA14A,0001193125-18-158829,,d581555ddefa14a.htm,CIK0000034088-submissions-001.json
2018-05-14,4,0001127602-18-017383,2018-05-11,xslF345X03/form4.xml,CIK0000034088-submissions-001.json
2018-05-16,DEFA14A,0001193125-18-164959,,d589753ddefa14a.htm,CIK0000034088-submissions-001.json
2018-05-18,PX14A6G,0001214659-18-003904,,j518181px14a6g.htm,CIK0000034088-submissions-001.json
2018-05-21,PX14A6G,0001214659-18-003910,,p517183px14a6g.htm,CIK0000034088-submissions-001.json
2018-05-23,SD,0000034088-18-000026,,filename1.htm,CIK0000034088-submissions-001.json
2018-05-30,4,0001127602-18-019255,2018-05-30,xslF345X03/form4.xml,CIK0000034088-submissions-001.json
2018-06-05,8-K,0000034088-18-000028,2018-05-30,r8k053018.htm,CIK0000034088-submissions-001.json
2018-06-08,8-K,0000034088-18-000030,2018-06-07,r8k060818.htm,CIK0000034088-submissions-001.json
2018-06-14,11-K,0000034088-18-000034,2017-12-31,r11kemsp061418.htm,CIK0000034088-submissions-001.json
2018-07-02,4,0001127602-18-022202,2018-07-02,xslF345X03/form4.xml,CIK0000034088-submissions-001.json
2018-07-05,3,0001127602-18-022823,2018-07-01,xslF345X02/form3.xml,CIK0000034088-submissions-001.json
2018-07-27,8-K,0000034088-18-000037,2018-07-27,r8k072718.htm,CIK0000034088-submissions-001.json
2018-08-01,4,0001127602-18-024280,2018-08-01,xslF345X03/form4.xml,CIK0000034088-submissions-001.json
2018-08-02,10-Q,0000034088-18-000039,2018-06-30,xom10q2q2018.htm,CIK0000034088-submissions-001.json
2018-09-21,4,0001127602-18-028190,2018-09-19,xslF345X03/form4.xml,CIK0000034088-submissions-001.json
2018-11-02,8-K,0000034088-18-000046,2018-11-02,r8k110218.htm,CIK0000034088-submissions-001.json
2018-11-07,10-Q,0000034088-18-000048,2018-09-30,xom10q3q2018.htm,CIK0000034088-submissions-001.json
2018-11-13,4,0001127602-18-032749,2018-11-09,xslF345X03/form4.xml,CIK0000034088-submissions-001.json
2018-11-16,4,0001127602-18-033447,2018-11-15,xslF345X03/form4.xml,CIK0000034088-submissions-001.json
2018-11-27,4,0001127602-18-034521,2018-11-26,xslF345X03/form4.xml,CIK0000034088-submissions-001.json
2018-11-27,4,0001127602-18-034517,2018-11-26,xslF345X03/form4.xml,CIK0000034088-submissions-001.json
2018-11-27,4,0001127602-18-034514,2018-11-26,xslF345X03/form4.xml,CIK0000034088-submissions-001.json
2018-11-28,4,0001127602-18-034606,2018-11-27,xslF345X03/form4.xml,CIK0000034088-submissions-001.json
2018-11-28,4,0001127602-18-034603,2018-11-27,xslF345X03/form4.xml,CIK0000034088-submissions-001.json
2018-11-28,4,0001127602-18-034601,2018-11-27,xslF345X03/form4.xml,CIK0000034088-submissions-001.json
2018-11-28,4,0001127602-18-034599,2018-11-27,xslF345X03/form4.xml,CIK0000034088-submissions-001.json
2018-11-28,4,0001127602-18-034597,2018-11-27,xslF345X03/form4.xml,CIK0000034088-submissions-001.json
2018-11-28,4,0001127602-18-034595,2018-11-27,xslF345X03/form4.xml,CIK0000034088-submissions-001.json
2018-11-28,4,0001127602-18-034591,2018-11-27,xslF345X03/form4.xml,CIK0000034088-submissions-001.json
2018-11-28,4,0001127602-18-034586,2018-11-27,xslF345X03/form4.xml,CIK0000034088-submissions-001.json
2018-11-28,4,0001127602-18-034583,2018-11-27,xslF345X03/form4.xml,CIK0000034088-submissions-001.json
2018-11-28,4,0001127602-18-034581,2018-11-27,xslF345X03/form4.xml,CIK0000034088-submissions-001.json
2018-11-28,4,0001127602-18-034576,2018-11-27,xslF345X03/form4.xml,CIK0000034088-submissions-001.json
2018-11-28,4,0001127602-18-034574,2018-11-27,xslF345X03/form4.xml,CIK0000034088-submissions-001.json
2018-11-28,4,0001127602-18-034564,2018-11-26,xslF345X03/form4.xml,CIK0000034088-submissions-001.json
2018-11-28,4,0001127602-18-034562,2018-11-26,xslF345X03/form4.xml,CIK0000034088-submissions-001.json
2018-11-30,4,0001127602-18-034816,2018-11-28,xslF345X03/form4.xml,CIK0000034088-submissions-001.json
2018-11-30,4,0001127602-18-034813,2018-11-28,xslF345X03/form4.xml,CIK0000034088-submissions-001.json
2018-11-30,4,0001127602-18-034811,2018-11-28,xslF345X03/form4.xml,CIK0000034088-submissions-001.json
2018-11-30,4,0001127602-18-034809,2018-11-28,xslF345X03/form4.xml,CIK0000034088-submissions-001.json
2018-11-30,4,0001127602-18-034807,2018-11-28,xslF345X03/form4.xml,CIK0000034088-submissions-001.json
2018-11-30,4,0001127602-18-034805,2018-11-28,xslF345X03/form4.xml,CIK0000034088-submissions-001.json
2018-11-30,4,0001127602-18-034803,2018-11-28,xslF345X03/form4.xml,CIK0000034088-submissions-001.json
2018-11-30,4,0001127602-18-034801,2018-11-28,xslF345X03/form4.xml,CIK0000034088-submissions-001.json
2018-11-30,4,0001127602-18-034799,2018-11-28,xslF345X03/form4.xml,CIK0000034088-submissions-001.json
2018-11-30,4,0001127602-18-034797,2018-11-28,xslF345X03/form4.xml,CIK0000034088-submissions-001.json
2018-11-30,4,0001127602-18-034795,2018-11-28,xslF345X03/form4.xml,CIK0000034088-submissions-001.json
2018-11-30,4,0001127602-18-034793,2018-11-28,xslF345X03/form4.xml,CIK0000034088-submissions-001.json
2018-11-30,4,0001127602-18-034790,2018-11-28,xslF345X03/form4.xml,CIK0000034088-submissions-001.json
2018-11-30,4,0001127602-18-034788,2018-11-28,xslF345X03/form4.xml,CIK0000034088-submissions-001.json
2018-11-30,4,0001127602-18-034786,2018-11-28,xslF345X03/form4.xml,CIK0000034088-submissions-001.json
2018-11-30,4,0001127602-18-034784,2018-11-28,xslF345X03/form4.xml,CIK0000034088-submissions-001.json
2018-11-30,4,0001127602-18-034782,2018-11-28,xslF345X03/form4.xml,CIK0000034088-submissions-001.json
2018-11-30,4,0001127602-18-034780,2018-11-28,xslF345X03/form4.xml,CIK0000034088-submissions-001.json
2018-12-04,4,0001127602-18-035069,2018-12-03,xslF345X03/form4.xml,CIK0000034088-submissions-001.json
2018-12-04,4,0001127602-18-035067,2018-12-03,xslF345X03/form4.xml,CIK0000034088-submissions-001.json
2018-12-04,4,0001127602-18-035065,2018-12-03,xslF345X03/form4.xml,CIK0000034088-submissions-001.json
2018-12-04,4,0001127602-18-035063,2018-12-03,xslF345X03/form4.xml,CIK0000034088-submissions-001.json
2018-12-04,4,0001127602-18-035061,2018-12-03,xslF345X03/form4.xml,CIK0000034088-submissions-001.json
2018-12-04,4,0001127602-18-035059,2018-12-03,xslF345X03/form4.xml,CIK0000034088-submissions-001.json
2018-12-04,4,0001127602-18-035056,2018-12-03,xslF345X03/form4.xml,CIK0000034088-submissions-001.json
2018-12-06,4,0001127602-18-035302,2018-12-04,xslF345X03/form4.xml,CIK0000034088-submissions-001.json
2018-12-06,4,0001127602-18-035297,2018-12-04,xslF345X03/form4.xml,CIK0000034088-submissions-001.json
2018-12-12,4,0001127602-18-035970,2018-12-11,xslF345X03/form4.xml,CIK0000034088-submissions-001.json
2018-12-14,4,0001127602-18-036281,2018-12-14,xslF345X03/form4.xml,CIK0000034088-submissions-001.json
2018-12-14,4,0001127602-18-036250,2018-12-12,xslF345X03/form4.xml,CIK0000034088-submissions-001.json
2018-12-19,4,0001127602-18-036929,2018-12-19,xslF345X03/form4.xml,CIK0000034088-submissions-001.json
2018-12-19,4,0001127602-18-036912,2018-12-19,xslF345X03/form4.xml,CIK0000034088-submissions-001.json
2019-01-04,4,0001127602-19-001086,2019-01-02,xslF345X03/form4.xml,CIK0000034088-submissions-001.json
2019-01-04,4,0001127602-19-001083,2019-01-02,xslF345X03/form4.xml,CIK0000034088-submissions-001.json
2019-01-04,4,0001127602-19-001078,2019-01-02,xslF345X03/form4.xml,CIK0000034088-submissions-001.json
2019-01-04,4,0001127602-19-001067,2019-01-02,xslF345X03/form4.xml,CIK0000034088-submissions-001.json
2019-01-04,4,0001127602-19-001058,2019-01-02,xslF345X03/form4.xml,CIK0000034088-submissions-001.json
2019-01-04,4,0001127602-19-001052,2019-01-02,xslF345X03/form4.xml,CIK0000034088-submissions-001.json
2019-01-04,4,0001127602-19-001048,2019-01-02,xslF345X03/form4.xml,CIK0000034088-submissions-001.json
2019-01-04,4,0001127602-19-001044,2019-01-02,xslF345X03/form4.xml,CIK0000034088-submissions-001.json
2019-01-04,4,0001127602-19-001041,2019-01-02,xslF345X03/form4.xml,CIK0000034088-submissions-001.json
2019-02-01,8-K,0000034088-19-000002,2019-02-01,r8k020119.htm,CIK0000034088-submissions-001.json
2019-02-06,SC 13G/A,0000034088-19-000005,,xom13g123118imperial.txt,CIK0000034088-submissions-001.json
2019-02-11,SC 13G/A,0000932471-19-004963,,exxonmobilcorp.htm,CIK0000034088-submissions-001.json
2019-02-11,SC 13G/A,0000215457-19-007218,,us30231g1022_020819.txt,CIK0000034088-submissions-001.json
2019-02-13,SC 13G/A,0000093751-19-000072,,ExxonMobilCorporation.txt,CIK0000034088-submissions-001.json
2019-02-19,4,0001127602-19-006697,2019-02-15,xslF345X03/form4.xml,CIK0000034088-submissions-001.json
2019-02-25,PX14A6G,0001214659-19-001463,,j225190px14a6g.htm,CIK0000034088-submissions-001.json
2019-02-26,8-K,0000034088-19-000007,2019-02-26,r8k022619.htm,CIK0000034088-submissions-001.json
2019-02-27,10-K,0000034088-19-000010,2018-12-31,xom10k2018.htm,CIK0000034088-submissions-001.json
2019-03-04,4,0001127602-19-009456,2019-03-01,xslF345X03/form4.xml,CIK0000034088-submissions-001.json
2019-03-08,4,0001127602-19-010526,2019-03-07,xslF345X03/form4.xml,CIK0000034088-submissions-001.json
2019-03-13,4,0001127602-19-011225,2019-03-12,xslF345X03/form4.xml,CIK0000034088-submissions-001.json
2019-03-25,8-K,0001193125-19-084325,2019-03-25,d692113d8k.htm,CIK0000034088-submissions-001.json
2019-04-01,4,0001127602-19-013907,2019-03-31,xslF345X03/form4.xml,CIK0000034088-submissions-001.json
2019-04-01,4,0001127602-19-013904,2019-03-31,xslF345X03/form4.xml,CIK0000034088-submissions-001.json
2019-04-01,4,0001127602-19-013898,2019-03-31,xslF345X03/form4.xml,CIK0000034088-submissions-001.json
2019-04-03,3,0001127602-19-014397,2019-04-01,xslF345X02/form3.xml,CIK0000034088-submissions-001.json
2019-04-09,3,0001127602-19-015092,2019-04-01,xslF345X02/form3.xml,CIK0000034088-submissions-001.json
2019-04-10,8-K,0000034088-19-000013,2019-04-10,r8k041019.htm,CIK0000034088-submissions-001.json
2019-04-11,DEF 14A,0001193125-19-103474,2019-05-29,d686227ddef14a.htm,CIK0000034088-submissions-001.json
2019-04-11,DEFA14A,0001193125-19-103496,,d723815ddefa14a.htm,CIK0000034088-submissions-001.json
2019-04-11,DEFA14A,0001193125-19-103480,,d723911ddefa14a.htm,CIK0000034088-submissions-001.json
2019-04-18,PX14A6G,0001214659-19-002788,,d418190px14a6g.htm,CIK0000034088-submissions-001.json
2019-04-23,PX14A6G,0001214659-19-002848,,d423191px14a6g.htm,CIK0000034088-submissions-001.json
2019-04-26,8-K,0000034088-19-000015,2019-04-26,r8k042619.htm,CIK0000034088-submissions-001.json
2019-04-29,PX14A6G,0001214659-19-002985,,j429190px14a6g.htm,CIK0000034088-submissions-001.json
2019-04-29,PX14A6G,0001214659-19-002964,,p426193px14a6g.htm,CIK0000034088-submissions-001.json
2019-05-02,10-Q,0000034088-19-000017,2019-03-31,xom10q1q2019.htm,CIK0000034088-submissions-001.json
2019-05-03,DEFA14A,0001193125-19-136747,,d740905ddefa14a.htm,CIK0000034088-submissions-001.json
2019-05-03,PX14A6G,0001214659-19-003152,,d53190px14a6g.htm,CIK0000034088-submissions-001.json
2019-05-08,3/A,0001127602-19-017794,2019-04-01,xslF345X02/form3a.xml,CIK0000034088-submissions-001.json
2019-05-08,4,0001127602-19-017714,2019-05-07,xslF345X03/form4.xml,CIK0000034088-submissions-001.json
2019-05-09,DEFA14A,0001193125-19-142728,,d745596ddefa14a.htm,CIK0000034088-submissions-001.json
2019-05-09,PX14A6G,0001214659-19-003308,,j59190px14a6g.htm,CIK0000034088-submissions-001.json
2019-05-13,DEFA14A,0001193125-19-145039,,d734918ddefa14a.htm,CIK0000034088-submissions-001.json
2019-05-16,4,0001127602-19-018802,2019-05-15,xslF345X03/form4.xml,CIK0000034088-submissions-001.json
2019-05-22,SD,0000034088-19-000019,,filename1.htm,CIK0000034088-submissions-001.json
2019-06-04,8-K,0000034088-19-000025,2019-05-29,r8k052919.htm,CIK0000034088-submissions-001.json
2019-06-21,11-K,0000034088-19-000030,2018-12-31,r11kemsp062119.htm,CIK0000034088-submissions-001.json
2019-07-01,8-K,0000034088-19-000032,2019-07-01,r8k070119.htm,CIK0000034088-submissions-001.json
2019-08-02,8-K,0000034088-19-000039,2019-08-02,r8k080219.htm,CIK0000034088-submissions-001.json
2019-08-06,4,0001127602-19-026126,2019-08-05,xslF345X03/form4.xml,CIK0000034088-submissions-001.json
2019-08-07,10-Q,0000034088-19-000042,2019-06-30,xom10q2q2019.htm,CIK0000034088-submissions-001.json
2019-08-13,424B2,0001193125-19-219548,,d787937d424b2.htm,CIK0000034088-submissions-001.json
2019-08-13,FWP,0001193125-19-220122,,d790468dfwp.htm,CIK0000034088-submissions-001.json
2019-08-14,424B2,0001193125-19-221346,,d787937d424b2.htm,CIK0000034088-submissions-001.json
2019-08-16,8-K,0001193125-19-223042,2019-08-13,d793163d8k.htm,CIK0000034088-submissions-001.json
2019-10-01,8-K,0000034088-19-000051,2019-10-01,r8k100119.htm,CIK0000034088-submissions-001.json
2019-11-01,8-K,0000034088-19-000060,2019-11-01,r8k110119.htm,CIK0000034088-submissions-001.json
2019-11-06,10-Q,0000034088-19-000062,2019-09-30,xom10q3q2019.htm,CIK0000034088-submissions-001.json
2019-11-22,4,0001127602-19-033562,2019-11-20,xslF345X03/form4.xml,CIK0000034088-submissions-001.json
2019-11-29,4,0001127602-19-033889,2019-11-26,xslF345X03/form4.xml,CIK0000034088-submissions-001.json
2019-11-29,4,0001127602-19-033887,2019-11-26,xslF345X03/form4.xml,CIK0000034088-submissions-001.json
2019-11-29,4,0001127602-19-033885,2019-11-26,xslF345X03/form4.xml,CIK0000034088-submissions-001.json
2019-11-29,4,0001127602-19-033883,2019-11-26,xslF345X03/form4.xml,CIK0000034088-submissions-001.json
2019-11-29,4,0001127602-19-033880,2019-11-26,xslF345X03/form4.xml,CIK0000034088-submissions-001.json
2019-11-29,4,0001127602-19-033877,2019-11-26,xslF345X03/form4.xml,CIK0000034088-submissions-001.json
2019-11-29,4,0001127602-19-033875,2019-11-26,xslF345X03/form4.xml,CIK0000034088-submissions-001.json
2019-11-29,4,0001127602-19-033873,2019-11-26,xslF345X03/form4.xml,CIK0000034088-submissions-001.json
2019-11-29,4,0001127602-19-033871,2019-11-26,xslF345X03/form4.xml,CIK0000034088-submissions-001.json
2019-11-29,4,0001127602-19-033869,2019-11-26,xslF345X03/form4.xml,CIK0000034088-submissions-001.json
2019-11-29,4,0001127602-19-033867,2019-11-26,xslF345X03/form4.xml,CIK0000034088-submissions-001.json
2019-11-29,4,0001127602-19-033864,2019-11-26,xslF345X03/form4.xml,CIK0000034088-submissions-001.json
2019-11-29,4,0001127602-19-033862,2019-11-26,xslF345X03/form4.xml,CIK0000034088-submissions-001.json
2019-11-29,4,0001127602-19-033859,2019-11-26,xslF345X03/form4.xml,CIK0000034088-submissions-001.json
2019-11-29,4,0001127602-19-033855,2019-11-26,xslF345X03/form4.xml,CIK0000034088-submissions-001.json
2019-11-29,4,0001127602-19-033853,2019-11-26,xslF345X03/form4.xml,CIK0000034088-submissions-001.json
2019-12-02,8-K,0000034088-19-000064,2019-11-26,r8k112619.htm,CIK0000034088-submissions-001.json
2019-12-03,4,0001127602-19-034090,2019-11-29,xslF345X03/form4.xml,CIK0000034088-submissions-001.json
2019-12-03,4,0001127602-19-034088,2019-11-29,xslF345X03/form4.xml,CIK0000034088-submissions-001.json
2019-12-03,4,0001127602-19-034084,2019-11-29,xslF345X03/form4.xml,CIK0000034088-submissions-001.json
2019-12-03,4,0001127602-19-034082,2019-11-29,xslF345X03/form4.xml,CIK0000034088-submissions-001.json
2019-12-03,4,0001127602-19-034080,2019-11-29,xslF345X03/form4.xml,CIK0000034088-submissions-001.json
2019-12-06,4,0001127602-19-034415,2019-12-04,xslF345X03/form4.xml,CIK0000034088-submissions-001.json
2019-12-06,4,0001127602-19-034413,2019-12-04,xslF345X03/form4.xml,CIK0000034088-submissions-001.json
2019-12-09,4,0001127602-19-034580,2019-12-06,xslF345X03/form4.xml,CIK0000034088-submissions-001.json
2019-12-09,4,0001127602-19-034570,2019-12-05,xslF345X03/form4.xml,CIK0000034088-submissions-001.json
2019-12-11,4,0001127602-19-034804,2019-12-10,xslF345X03/form4.xml,CIK0000034088-submissions-001.json
2019-12-11,4,0001127602-19-034796,2019-12-10,xslF345X03/form4.xml,CIK0000034088-submissions-001.json
2019-12-13,4,0001127602-19-034940,2019-12-11,xslF345X03/form4.xml,CIK0000034088-submissions-001.json
2019-12-18,4,0001127602-19-035375,2019-12-18,xslF345X03/form4.xml,CIK0000034088-submissions-001.json
2020-01-02,3,0001127602-20-000102,2020-01-01,xslF345X02/form3.xml,CIK0000034088-submissions-001.json
2020-01-03,4,0001127602-20-000824,2020-01-03,xslF345X03/form4.xml,recent
2020-01-03,4,0001127602-20-000818,2020-01-02,xslF345X03/form4.xml,recent
2020-01-03,4,0001127602-20-000803,2020-01-02,xslF345X03/form4.xml,recent
2020-01-03,4,0001127602-20-000788,2020-01-02,xslF345X03/form4.xml,recent
2020-01-03,4,0001127602-20-000754,2020-01-02,xslF345X03/form4.xml,recent
2020-01-03,4,0001127602-20-000708,2020-01-02,xslF345X03/form4.xml,recent
2020-01-03,4,0001127602-20-000644,2020-01-02,xslF345X03/form4.xml,recent
2020-01-03,4,0001127602-20-000598,2020-01-02,xslF345X03/form4.xml,recent
2020-01-03,4,0001127602-20-000588,2020-01-02,xslF345X03/form4.xml,recent
2020-01-03,4,0001127602-20-000540,2020-01-02,xslF345X03/form4.xml,recent
2020-01-03,4,0001127602-20-000515,2020-01-02,xslF345X03/form4.xml,recent
2020-01-03,8-K,0000034088-20-000004,2020-01-03,r8k010320.htm,recent
2020-01-06,4/A,0001127602-20-001148,2020-01-03,xslF345X03/form4a.xml,recent
2020-01-31,8-K,0000034088-20-000011,2020-01-31,r8k013120.htm,recent
2020-02-05,4,0001127602-20-003697,2020-02-03,xslF345X03/form4.xml,recent
2020-02-05,SC 13G/A,0000034088-20-000013,,xom13g123119imperial.txt,recent
2020-02-05,SC 13G/A,0000834237-20-005485,,us30231g1022_020420.txt,recent
2020-02-11,4,0001127602-20-004981,2020-02-10,xslF345X03/form4.xml,recent
2020-02-12,SC 13G/A,0001104659-20-018249,,tv01546-exxonmobilcorp.htm,recent
2020-02-26,10-K,0000034088-20-000016,2019-12-31,xom10k2019.htm,recent
2020-03-03,8-K,0000034088-20-000019,2020-02-26,r8k022620.htm,recent
2020-03-10,S-3ASR,0001193125-20-068776,,d872215ds3asr.htm,recent
2020-03-13,4,0001127602-20-010580,2020-03-06,xslF345X03/form4.xml,recent
2020-03-13,PX14A6G,0001214659-20-002597,,d313201px14a6g.htm,recent
2020-03-17,4,0001127602-20-011019,2020-03-15,xslF345X03/form4.xml,recent
2020-03-17,424B2,0001193125-20-075573,,d872215d424b2.htm,recent
2020-03-18,4,0001127602-20-011270,2020-03-18,xslF345X03/form4.xml,recent
2020-03-18,4,0001127602-20-011261,2020-03-17,xslF345X03/form4.xml,recent
2020-03-18,424B2,0001193125-20-077329,,d872215d424b2.htm,recent
2020-03-18,FWP,0001193125-20-076189,,d860448dfwp.htm,recent
2020-03-19,4,0001127602-20-011408,2020-03-19,xslF345X03/form4.xml,recent
2020-03-19,8-K,0001193125-20-078352,2020-03-17,d851825d8k.htm,recent
2020-03-20,3,0001127602-20-011587,2020-03-15,xslF345X02/form3.xml,recent
2020-04-02,4,0001127602-20-012570,2020-04-02,xslF345X03/form4.xml,recent
2020-04-07,8-K,0000034088-20-000028,2020-04-07,r8k040720.htm,recent
2020-04-09,DEF 14A,0001193125-20-102226,2020-05-27,d869473ddef14a.htm,recent
2020-04-09,DEFA14A,0001193125-20-102247,,d913439ddefa14a.htm,recent
2020-04-13,424B2,0001193125-20-104852,,d913955d424b2.htm,recent
2020-04-14,424B2,0001193125-20-107223,,d913955d424b2.htm,recent
2020-04-14,FWP,0001193125-20-105481,,d919381dfwp.htm,recent
2020-04-14,PX14A6G,0001214659-20-003347,,r413200px14a6g.htm,recent
2020-04-15,8-K,0001193125-20-107736,2020-04-13,d883818d8k.htm,recent
2020-04-15,PX14A6G,0001214659-20-003359,,r414205px14a6g.htm,recent
2020-04-23,DEFA14A,0001193125-20-117248,,d913563ddefa14a.htm,recent
2020-04-23,PX14A6G,0001214659-20-003635,,r422201px14a6g.htm,recent
2020-04-23,PX14A6G,0001214659-20-003633,,p422204px14a6g.htm,recent
2020-04-30,PX14A6G,0001214659-20-003879,,j430201px14a6g.htm,recent
2020-05-01,8-K,0000034088-20-000035,2020-05-01,r8k050120.htm,recent
2020-05-06,10-Q,0000034088-20-000037,2020-03-31,xom10q1q2020.htm,recent
2020-05-06,DEFA14A,0001193125-20-134592,,d889767ddefa14a.htm,recent
2020-05-07,PX14A6G,0001140361-20-010904,,formpx14a6g.htm,recent
2020-05-08,DEFA14A,0001193125-20-137359,,d898732ddefa14a.htm,recent
2020-05-13,DEFA14A,0001193125-20-141338,,d851704ddefa14a.htm,recent
2020-05-20,DEFA14A,0001193125-20-146928,,d934705ddefa14a.htm,recent
2020-05-20,SD,0000034088-20-000039,,filename1.htm,recent
2020-05-28,4,0001127602-20-018056,2020-05-27,xslF345X03/form4.xml,recent
2020-06-02,8-K,0000034088-20-000042,2020-05-27,r8k052720.htm,recent
2020-06-11,11-K,0000034088-20-000044,2019-12-31,r11kemsp061120.htm,recent
2020-06-23,424B2,0001193125-20-175989,,d945130d424b2.htm,recent
2020-06-24,FWP,0001193125-20-176683,,d949057dfwp.htm,recent
2020-06-25,424B2,0001193125-20-179099,,d945130d424b2.htm,recent
2020-06-26,8-A12B,0001193125-20-180042,,d925504d8a12b.htm,recent
2020-06-26,8-K,0001193125-20-180037,2020-06-23,d914260d8k.htm,recent
2020-06-26,CERT,0000876661-20-000529,,XOM8A06262020.pdf,recent
2020-07-01,4,0001127602-20-020669,2020-07-01,xslF345X03/form4.xml,recent
2020-07-02,8-K,0000034088-20-000050,2020-07-02,r8k070220.htm,recent
2020-07-28,8-K,0000034088-20-000057,2020-07-28,r8k072820.htm,recent
2020-07-31,8-K,0000034088-20-000066,2020-07-31,r8k073120.htm,recent
2020-07-31,8-K,0000034088-20-000062,2020-07-30,r8k073020.htm,recent
2020-08-05,10-Q,0000034088-20-000073,2020-06-30,xom10q2q2020.htm,recent
2020-09-01,4,0001127602-20-024585,2020-09-01,xslF345X03/form4.xml,recent
2020-09-09,3,0001127602-20-024804,2020-09-01,xslF345X02/form3.xml,recent
2020-10-01,8-K,0000034088-20-000081,2020-10-01,r8k100120.htm,recent
2020-10-30,8-K,0000034088-20-000087,2020-10-30,xom-20201030.htm,recent
2020-11-02,4,0001127602-20-027894,2020-11-01,xslF345X03/form4.xml,recent
2020-11-04,10-Q,0000034088-20-000090,2020-09-30,xom-20200930.htm,recent
2020-11-04,3,0001127602-20-028071,2020-11-01,xslF345X02/form3.xml,recent
2020-11-27,4,0001127602-20-030084,2020-11-24,xslF345X03/form4.xml,recent
2020-11-27,4,0001127602-20-030082,2020-11-24,xslF345X03/form4.xml,recent
2020-11-27,4,0001127602-20-030080,2020-11-24,xslF345X03/form4.xml,recent
2020-11-27,4,0001127602-20-030078,2020-11-24,xslF345X03/form4.xml,recent
2020-11-27,4,0001127602-20-030076,2020-11-24,xslF345X03/form4.xml,recent
2020-11-27,4,0001127602-20-030074,2020-11-24,xslF345X03/form4.xml,recent
2020-11-27,4,0001127602-20-030072,2020-11-24,xslF345X03/form4.xml,recent
2020-11-27,4,0001127602-20-030070,2020-11-24,xslF345X03/form4.xml,recent
2020-11-27,4,0001127602-20-030068,2020-11-24,xslF345X03/form4.xml,recent
2020-11-27,4,0001127602-20-030066,2020-11-24,xslF345X03/form4.xml,recent
2020-11-27,4,0001127602-20-030064,2020-11-24,xslF345X03/form4.xml,recent
2020-11-27,4,0001127602-20-030061,2020-11-24,xslF345X03/form4.xml,recent
2020-11-27,4,0001127602-20-030059,2020-11-24,xslF345X03/form4.xml,recent
2020-11-27,4,0001127602-20-030057,2020-11-24,xslF345X03/form4.xml,recent
2020-11-30,8-K,0000034088-20-000093,2020-11-24,xom-20201124.htm,recent
2020-12-01,4,0001127602-20-030173,2020-11-27,xslF345X03/form4.xml,recent
2020-12-01,4,0001127602-20-030167,2020-11-27,xslF345X03/form4.xml,recent
2020-12-01,4,0001127602-20-030163,2020-11-27,xslF345X03/form4.xml,recent
2020-12-01,4,0001127602-20-030158,2020-11-27,xslF345X03/form4.xml,recent
2020-12-01,4,0001127602-20-030154,2020-11-27,xslF345X03/form4.xml,recent
2020-12-01,8-K,0000034088-20-000095,2020-11-24,xom-20201124.htm,recent
2020-12-08,4,0001127602-20-030810,2020-12-07,xslF345X03/form4.xml,recent
2020-12-08,DFAN14A,0000902664-20-004147,,p20-2107dfan14a.htm,recent
2020-12-10,UPLOAD,0000000000-20-011868,,filename1.pdf,recent
2020-12-11,4,0001127602-20-031152,2020-12-09,xslF345X03/form4.xml,recent
2020-12-11,DFAN14A,0000902664-20-004200,,p20-2128dfan14a.htm,recent
2020-12-14,DFAN14A,0000902664-20-004220,,p20-2147dfan14a.htm,recent
2020-12-15,DFAN14A,0000902664-20-004230,,p20-2152dfan14a.htm,recent
2020-12-15,DFAN14A,0000902664-20-004222,,p20-2150dfan14a.htm,recent
2020-12-17,4,0001127602-20-031747,2020-12-16,xslF345X03/form4.xml,recent
2020-12-18,DFAN14A,0000902664-20-004307,,p20-2162dfan14a.htm,recent
2020-12-18,DFAN14A,0000902664-20-004306,,p20-2151dfan14a.htm,recent
2020-12-22,DFAN14A,0000902664-20-004325,,p20-2201dfan14a.htm,recent
2020-12-23,DFAN14A,0000902664-20-004338,,p20-2208dfan14a.htm,recent
2020-12-29,4,0001127602-20-032419,2020-12-23,xslF345X03/form4.xml,recent
2020-12-29,DFAN14A,0000902664-20-004360,,p20-2224dfan14a.htm,recent
2020-12-30,8-K,0000034088-20-000100,2020-12-30,xom-20201230.htm,recent
2021-01-06,4,0001127602-21-000933,2021-01-04,xslF345X03/form4.xml,recent
2021-01-06,4,0001127602-21-000931,2021-01-04,xslF345X03/form4.xml,recent
2021-01-06,4,0001127602-21-000929,2021-01-04,xslF345X03/form4.xml,recent
2021-01-06,4,0001127602-21-000927,2021-01-04,xslF345X03/form4.xml,recent
2021-01-06,4,0001127602-21-000924,2021-01-04,xslF345X03/form4.xml,recent
2021-01-06,4,0001127602-21-000922,2021-01-04,xslF345X03/form4.xml,recent
2021-01-06,4,0001127602-21-000919,2021-01-04,xslF345X03/form4.xml,recent
2021-01-06,4,0001127602-21-000915,2021-01-04,xslF345X03/form4.xml,recent
2021-01-06,4,0001127602-21-000911,2021-01-04,xslF345X03/form4.xml,recent
2021-01-06,DFAN14A,0000902664-21-000044,,p21-0018dfan14a.htm,recent
2021-01-12,DFAN14A,0000902664-21-000155,,p21-0087dfan14a.htm,recent
2021-01-20,DFAN14A,0000902664-21-000348,,p21-0199dfan14a.htm,recent
2021-01-27,DEFA14A,0001193125-21-019222,,d103309ddefa14a.htm,recent
2021-01-27,DFAN14A,0000902664-21-000606,,p21-0311dfan14a.htm,recent
2021-01-27,DFAN14A,0000902664-21-000568,,p20-0280dfan14a.htm,recent
2021-01-28,DEFA14A,0001193125-21-020924,,d114666ddefa14a.htm,recent
2021-02-01,DEFA14A,0001193125-21-024763,,d212123ddefa14a.htm,recent
2021-02-01,DEFA14A,0001193125-21-024757,,d212123ddefa14a.htm,recent
2021-02-01,DEFA14A,0001193125-21-024751,,d212123ddefa14a.htm,recent
2021-02-01,DEFA14A,0001193125-21-024743,,d212123ddefa14a.htm,recent
2021-02-01,DEFA14A,0001193125-21-024741,,d212123ddefa14a.htm,recent
2021-02-01,DFAN14A,0000902664-21-000721,,p21-0411dfan14a.htm,recent
2021-02-02,3,0001127602-21-003573,2021-01-27,xslF345X02/form3.xml,recent
2021-02-02,8-K,0000034088-21-000006,2021-01-27,xom-20210127.htm,recent
2021-02-02,8-K,0000034088-21-000004,2021-02-02,xom-20210202.htm,recent
2021-02-02,DEFA14A,0001193125-21-025939,,d45351ddefa14a.htm,recent
2021-02-02,DEFA14A,0001193125-21-025909,,d64674ddefa14a.htm,recent
2021-02-02,DFAN14A,0000902664-21-000766,,p21-0441dfan14a.htm,recent
2021-02-02,UPLOAD,0000000000-21-001301,,filename1.pdf,recent
2021-02-03,4,0001127602-21-003653,2021-02-01,xslF345X03/form4.xml,recent
2021-02-03,DEFA14A,0001193125-21-027442,,d127023ddefa14a.htm,recent
2021-02-03,DEFA14A,0001193125-21-027387,,d55830ddefa14a.htm,recent
2021-02-03,DFAN14A,0000902664-21-000819,,p21-0488dfan14a.htm,recent
2021-02-04,DEFA14A,0001193125-21-028879,,d41612ddefa14a.htm,recent
2021-02-04,DEFA14A,0001193125-21-028876,,d63804ddefa14a.htm,recent
2021-02-04,DEFA14A,0001193125-21-028868,,d41612ddefa14a.htm,recent
2021-02-05,DEFA14A,0001193125-21-030631,,d117295ddefa14a.htm,recent
2021-02-05,DEFA14A,0001193125-21-030607,,d110684ddefa14a.htm,recent
2021-02-05,SC 13G/A,0000834237-21-007487,,us30231g1022_020421.txt,recent
2021-02-09,DEFA14A,0001193125-21-034637,,d118944ddefa14a.htm,recent
2021-02-09,DEFA14A,0001193125-21-034555,,d22397ddefa14a.htm,recent
2021-02-09,DEFA14A,0001193125-21-034452,,d130504ddefa14a.htm,recent
2021-02-09,DEFA14A,0001193125-21-034438,,d61640ddefa14a.htm,recent
2021-02-10,DEFA14A,0001193125-21-036490,,d122495ddefa14a.htm,recent
2021-02-10,DEFA14A,0001193125-21-036342,,d93466ddefa14a.htm,recent
2021-02-10,DEFA14A,0001193125-21-034680,,d112875ddefa14a.htm,recent
2021-02-10,DFAN14A,0000902664-21-001090,,p21-0662dfan14a.htm,recent
2021-02-10,SC 13G,0000093751-21-000164,,Exxon_Mobil_Corp.txt,recent
2021-02-10,SC 13G/A,0001104659-21-017224,,tv0035-exxonmobilcorp.htm,recent
2021-02-12,DEFA14A,0001193125-21-041957,,d120740ddefa14a.htm,recent
2021-02-12,DEFA14A,0001193125-21-041952,,d126796ddefa14a.htm,recent
2021-02-12,DEFA14A,0001193125-21-041945,,d123388ddefa14a.htm,recent
2021-02-12,SC 13G/A,0000034088-21-000008,,xom13g123120imperial.txt,recent
2021-02-16,DEFA14A,0001193125-21-043641,,d94423ddefa14a.htm,recent
2021-02-19,DEFA14A,0001193125-21-049082,,d130659ddefa14a.htm,recent
2021-02-19,DEFA14A,0001193125-21-049047,,d134309ddefa14a.htm,recent
2021-02-19,DEFA14A,0001193125-21-049008,,d115661ddefa14a.htm,recent
2021-02-19,DEFA14A,0001193125-21-048961,,d115683ddefa14a.htm,recent
2021-02-19,DFAN14A,0000902664-21-001531,,p21-0783dfan14a.htm,recent
2021-02-22,DFAN14A,0000902664-21-001563,,p21-0806dfan14a.htm,recent
2021-02-22,DFAN14A,0000902664-21-001561,,p21-0798dfan14a.htm,recent
2021-02-24,10-K,0000034088-21-000012,2020-12-31,xom-20201231.htm,recent
2021-02-24,DEFA14A,0001193125-21-054891,,d121386ddefa14a.htm,recent
2021-02-24,DEFA14A,0001193125-21-054646,,d14714ddefa14a.htm,recent
2021-02-25,DEFA14A,0001193125-21-057095,,d44784ddefa14a.htm,recent
2021-02-25,DEFA14A,0001193125-21-057077,,d44784ddefa14a.htm,recent
2021-02-25,DEFA14A,0001193125-21-056401,,d44784ddefa14a.htm,recent
2021-02-25,DEFA14A,0001193125-21-056326,,d44784ddefa14a.htm,recent
2021-03-01,8-K,0000034088-21-000014,2021-02-24,xom-20210224.htm,recent
2021-03-01,DEFA14A,0001193125-21-063819,,d299006ddefa14a.htm,recent
2021-03-01,DEFA14A,0001193125-21-062818,,d299006ddefa14a.htm,recent
2021-03-01,DEFA14A,0001193125-21-062579,,d477262ddefa14a.htm,recent
2021-03-01,DFAN14A,0000902664-21-001671,,p21-0870dfan14a.htm,recent
2021-03-01,PREC14A,0001193125-21-063129,,d94159dprec14a.htm,recent
2021-03-02,3,0001127602-21-008725,2021-03-01,xslF345X02/form3.xml,recent
2021-03-02,3,0001127602-21-008597,2021-03-01,xslF345X02/form3.xml,recent
2021-03-02,4,0001127602-21-008874,2021-03-01,xslF345X03/form4.xml,recent
2021-03-02,4,0001127602-21-008656,2021-03-01,xslF345X03/form4.xml,recent
2021-03-02,DEFA14A,0001193125-21-064939,,d127909ddefa14a.htm,recent
2021-03-02,PREC14A,0000902664-21-001694,,p21-0854prec14a.htm,recent
2021-03-02,UPLOAD,0000000000-21-002493,,filename1.pdf,recent
2021-03-03,3,0001214659-21-002689,2021-03-01,xslF345X02/ownership.xml,recent
2021-03-03,4,0001214659-21-002691,2021-03-01,xslF345X03/ownership.xml,recent
2021-03-03,DEFA14A,0001193125-21-067483,,d149994ddefa14a.htm,recent
2021-03-03,DEFA14A,0001193125-21-067400,,d149994ddefa14a.htm,recent
2021-03-03,DEFA14A,0001193125-21-067305,,d117971ddefa14a.htm,recent
2021-03-03,DEFA14A,0001193125-21-066962,,d149994ddefa14a.htm,recent
2021-03-03,DFAN14A,0000902664-21-001715,,p21-0886dfn14a.htm,recent
2021-03-03,DFAN14A,0000902664-21-001704,,p21-0876dfan14a.htm,recent
2021-03-04,DEFA14A,0001193125-21-068856,,d115777ddefa14a.htm,recent
2021-03-05,DEFA14A,0001193125-21-071644,,d130820ddefa14a.htm,recent
2021-03-05,DEFA14A,0001193125-21-071389,,d125704ddefa14a.htm,recent
2021-03-05,DEFA14A,0001193125-21-071183,,d125855ddefa14a.htm,recent
2021-03-05,DEFA14A,0001193125-21-070461,,d51349ddefa14a.htm,recent
2021-03-08,DEFA14A,0001193125-21-073015,,d42943ddefa14a.htm,recent
2021-03-08,DEFA14A,0001193125-21-072574,,d155424ddefa14a.htm,recent
2021-03-09,DEFA14A,0001193125-21-074787,,d132124ddefa14a.htm,recent
2021-03-09,DEFA14A,0001193125-21-074609,,d128180ddefa14a.htm,recent
2021-03-09,DEFA14A,0001193125-21-074561,,d106538ddefa14a.htm,recent
2021-03-09,UPLOAD,0000000000-21-002825,,filename1.pdf,recent
2021-03-10,DEFA14A,0001193125-21-076447,,d147582ddefa14a.htm,recent
2021-03-10,DEFA14A,0001193125-21-076337,,d89794ddefa14a.htm,recent
2021-03-11,DEFA14A,0001193125-21-077813,,d149629ddefa14a.htm,recent
2021-03-11,DEFA14A,0001193125-21-077748,,d334380ddefa14a.htm,recent
2021-03-11,DEFA14A,0001193125-21-077701,,d156775ddefa14a.htm,recent
2021-03-11,DEFA14A,0001193125-21-077591,,d358684ddefa14a.htm,recent
2021-03-11,PRRN14A,0000902664-21-001842,,p21-0937prrn14a.htm,recent
2021-03-12,DEFA14A,0001193125-21-079478,,d144536ddefa14a.htm,recent
2021-03-12,DEFA14A,0001193125-21-079430,,d155667ddefa14a.htm,recent
2021-03-12,DEFA14A,0001193125-21-079405,,d161448ddefa14a.htm,recent
2021-03-12,DEFA14A,0001193125-21-079391,,d128521ddefa14a.htm,recent
2021-03-12,DEFA14A,0001193125-21-079364,,d154824ddefa14a.htm,recent
2021-03-15,DEFA14A,0001193125-21-081554,,d157945ddefa14a.htm,recent
2021-03-15,DEFA14A,0001193125-21-081211,,d157945ddefa14a.htm,recent
2021-03-15,DEFC14A,0000902664-21-001931,,p21-0957defc14a.htm,recent
2021-03-15,DFAN14A,0000930413-21-000586,,c101292_dfan14a.htm,recent
2021-03-15,DFAN14A,0000902664-21-001933,,p21-0967dfan14a.htm,recent
2021-03-15,DFAN14A,0000902664-21-001932,,p21-0965dfan14a.htm,recent
2021-03-16,DEFA14A,0001193125-21-083048,,d142775ddefa14a.htm,recent
2021-03-16,DEFA14A,0001193125-21-082763,,d39079ddefa14a.htm,recent
2021-03-16,DEFA14A,0001193125-21-082741,,d153302ddefa14a.htm,recent
2021-03-16,DEFA14A,0001193125-21-082335,,d66166ddefa14a.htm,recent
2021-03-16,DEFA14A,0001193125-21-082318,,d152464ddefa14a.htm,recent
2021-03-16,DEFC14A,0001193125-21-082140,,d94159ddefc14a.htm,recent
2021-03-17,DEFA14A,0001193125-21-083199,,d119451ddefa14a.htm,recent
2021-03-17,DFAN14A,0000902664-21-001963,,p21-0966dfan14a.htm,recent
2021-03-18,DEFA14A,0001193125-21-084774,,d162228ddefa14a.htm,recent
2021-03-18,DEFA14A,0001193125-21-084771,,d201443ddefa14a.htm,recent
2021-03-18,DEFA14A,0001193125-21-084769,,d150102ddefa14a.htm,recent
2021-03-18,DEFA14A,0001193125-21-084767,,d116639ddefa14a.htm,recent
2021-03-18,DEFA14A,0001193125-21-084766,,d162120ddefa14a.htm,recent
2021-03-18,DEFA14A,0001193125-21-084763,,d153138ddefa14a.htm,recent
2021-03-18,DEFA14A,0001193125-21-084761,,d161544ddefa14a.htm,recent
2021-03-18,DEFA14A,0001193125-21-084758,,d48499ddefa14a.htm,recent
2021-03-18,DEFA14A,0001193125-21-084753,,d150160ddefa14a.htm,recent
2021-03-23,DEFA14A,0001193125-21-090842,,d157101ddefa14a.htm,recent
2021-03-23,DFRN14A,0000902664-21-002032,,p21-0983dfrn14a.htm,recent
2021-03-24,DEFA14A,0001193125-21-092801,,d122220ddefa14a.htm,recent
2021-03-24,DEFA14A,0001193125-21-092550,,d152914ddefa14a.htm,recent
2021-03-24,DEFA14A,0001193125-21-092415,,d163057ddefa14a.htm,recent
2021-03-24,DFAN14A,0000902664-21-002048,,p21-1033dfan14a.htm,recent
2021-03-25,DEFA14A,0001193125-21-094556,,d165592ddefa14a.htm,recent
2021-03-25,DEFA14A,0001193125-21-093847,,d144241ddefa14a.htm,recent
2021-03-25,DEFA14A,0001193125-21-093801,,d174878ddefa14a.htm,recent
2021-03-25,DEFA14A,0001193125-21-093529,,d141524ddefa14a.htm,recent
2021-03-26,DEFA14A,0001193125-21-095655,,d103897ddefa14a.htm,recent
2021-03-29,DEFA14A,0001193125-21-098150,,d132153ddefa14a.htm,recent
2021-03-29,DEFA14A,0001193125-21-098102,,d176586ddefa14a.htm,recent
2021-03-29,DEFA14A,0001193125-21-098007,,d120075ddefa14a.htm,recent
2021-03-30,DEFA14A,0001193125-21-100621,,d154538ddefa14a.htm,recent
2021-03-30,DEFA14A,0001193125-21-100622,,d167493ddefa14a.htm,recent
2021-03-30,DEFA14A,0001193125-21-100610,,d168218ddefa14a.htm,recent
2021-03-30,DEFA14A,0001193125-21-100481,,d166582ddefa14a.htm,recent
2021-03-30,DEFA14A,0001193125-21-100462,,d166687ddefa14a.htm,recent
2021-03-30,DEFA14A,0001193125-21-100461,,d168753ddefa14a.htm,recent
2021-03-30,DEFA14A,0001193125-21-100460,,d160230ddefa14a.htm,recent
2021-03-30,DEFA14A,0001193125-21-099588,,d30410ddefa14a.htm,recent
2021-03-30,DEFA14A,0001193125-21-098582,,d124043ddefa14a.htm,recent
2021-03-30,DFAN14A,0000902664-21-002126,,p21-1060dfan14a.htm,recent
2021-03-31,8-K,0000034088-21-000017,2021-03-31,xom-20210331.htm,recent
2021-03-31,DEFA14A,0001193125-21-102331,,d155615ddefa14a.htm,recent
2021-03-31,DEFA14A,0001193125-21-102180,,d24825ddefa14a.htm,recent
2021-03-31,DEFA14A,0001193125-21-102133,,d155520ddefa14a.htm,recent
2021-03-31,DEFA14A,0001193125-21-102098,,d150414ddefa14a.htm,recent
2021-03-31,DEFA14A,0001193125-21-101457,,d123708ddefa14a.htm,recent
2021-03-31,DFAN14A,0000902664-21-002140,,p21-1061dfan14a.htm,recent
2021-04-01,DEFA14A,0001193125-21-104144,,d166570ddefa14a.htm,recent
2021-04-01,DEFA14A,0001193125-21-103892,,d269377ddefa14a.htm,recent
2021-04-01,DEFA14A,0001193125-21-103567,,d160679ddefa14a.htm,recent
2021-04-02,DEFA14A,0001193125-21-105107,,d16871ddefa14a.htm,recent
2021-04-05,4,0001395482-21-000001,2021-04-01,xslF345X03/primary_doc.xml,recent
2021-04-05,DEFA14A,0001193125-21-106453,,d169061ddefa14a.htm,recent
2021-04-05,DEFA14A,0001193125-21-106384,,d136064ddefa14a.htm,recent
2021-04-05,DEFA14A,0001193125-21-106153,,d140835ddefa14a.htm,recent
2021-04-06,DEFA14A,0001193125-21-107400,,d132935ddefa14a.htm,recent
2021-04-06,UPLOAD,0000000000-21-004134,,filename1.pdf,recent
2021-04-07,3,0001127602-21-013386,2021-04-01,xslF345X02/form3.xml,recent
2021-04-07,DFAN14A,0000902664-21-002209,,p21-1113dfan14a.htm,recent
2021-04-08,DEFA14A,0001193125-21-110308,,d371010ddefa14a.htm,recent
2021-04-08,DEFA14A,0001193125-21-110140,,d324352ddefa14a.htm,recent
2021-04-08,DEFA14A,0001193125-21-109802,,d168614ddefa14a.htm,recent
2021-04-09,DEFA14A,0001193125-21-111704,,d152674ddefa14a.htm,recent
2021-04-09,DEFA14A,0001193125-21-111211,,d144657ddefa14a.htm,recent
2021-04-12,DEFA14A,0001193125-21-113258,,d279929ddefa14a.htm,recent
2021-04-12,DEFA14A,0001193125-21-113142,,d116662ddefa14a.htm,recent
2021-04-12,DEFA14A,0001193125-21-113106,,d162460ddefa14a.htm,recent
2021-04-12,DEFA14A,0001193125-21-112934,,d140117ddefa14a.htm,recent
2021-04-12,DEFA14A,0001193125-21-112817,,d171202ddefa14a.htm,recent
2021-04-13,DEFA14A,0001193125-21-114847,,d46527ddefa14a.htm,recent
2021-04-13,DEFA14A,0001193125-21-114650,,d173206ddefa14a.htm,recent
2021-04-13,DEFA14A,0001193125-21-114431,,d145665ddefa14a.htm,recent
2021-04-14,DEFA14A,0001193125-21-116495,,d123901ddefa14a.htm,recent
2021-04-14,DEFA14A,0001193125-21-116288,,d91033ddefa14a.htm,recent
2021-04-14,DEFA14A,0001193125-21-116228,,d168317ddefa14a.htm,recent
2021-04-14,DEFA14A,0001193125-21-116044,,d180995ddefa14a.htm,recent
2021-04-14,DFAN14A,0000930413-21-000768,,c101585_dfan14a.htm,recent
2021-04-15,DEFA14A,0001193125-21-117886,,d157159ddefa14a.htm,recent
2021-04-15,DEFA14A,0001193125-21-117361,,d157010ddefa14a.htm,recent
2021-04-16,DEFA14A,0001193125-21-119485,,d152607ddefa14a.htm,recent
2021-04-16,DEFA14A,0001193125-21-119178,,d162658ddefa14a.htm,recent
2021-04-16,DEFA14A,0001193125-21-118712,,d152071ddefa14a.htm,recent
2021-04-16,DEFA14A,0001193125-21-118699,,d90355ddefa14a.htm,recent
2021-04-16,DFAN14A,0000902664-21-002382,,p21-1194dfan14a.htm,recent
2021-04-19,DEFA14A,0001193125-21-121429,,d173388ddefa14a.htm,recent
2021-04-19,DEFA14A,0001193125-21-121213,,d155687ddefa14a.htm,recent
2021-04-19,DEFA14A,0001193125-21-120780,,d175478ddefa14a.htm,recent
2021-04-20,DEFA14A,0001193125-21-122489,,d146648ddefa14a.htm,recent
2021-04-20,DFAN14A,0000902664-21-002401,,p21-1202dfan14a.htm,recent
2021-04-20,DFAN14A,0000902664-21-002400,,p21-1201dfan14a.htm,recent
2021-04-21,DEFA14A,0001193125-21-124512,,d162909ddefa14a.htm,recent
2021-04-21,DEFA14A,0001193125-21-123981,,d108361ddefa14a.htm,recent
2021-04-21,DEFA14A,0001193125-21-123963,,d178754ddefa14a.htm,recent
2021-04-21,DEFA14A,0001193125-21-123153,,d177864ddefa14a.htm,recent
2021-04-21,DFAN14A,0000902664-21-002410,,p21-1216dfan14a.htm,recent
2021-04-22,DEFA14A,0001193125-21-126671,,d166727ddefa14a.htm,recent
2021-04-22,DEFA14A,0001193125-21-126422,,d147828ddefa14a.htm,recent
2021-04-22,DEFA14A,0001193125-21-126016,,d178892ddefa14a.htm,recent
2021-04-22,DEFA14A,0001193125-21-125846,,d117163ddefa14a.htm,recent
2021-04-22,DFAN14A,0000930413-21-000847,,c101614_dfan14a.htm,recent
2021-04-22,PX14A6G,0001214659-21-004380,,cg421210px14a6g.htm,recent
2021-04-23,DEFA14A,0001193125-21-129208,,d147868ddefa14a.htm,recent
2021-04-23,DEFA14A,0001193125-21-128528,,d139219ddefa14a.htm,recent
2021-04-23,DEFA14A,0001193125-21-128513,,d137519ddefa14a.htm,recent
2021-04-23,DEFA14A,0001193125-21-128482,,d127515ddefa14a.htm,recent
2021-04-26,DEFA14A,0001193125-21-131831,,d167234ddefa14a.htm,recent
2021-04-26,DEFA14A,0001193125-21-131718,,d70882ddefa14a.htm,recent
2021-04-26,DEFA14A,0001193125-21-131563,,d153268ddefa14a.htm,recent
2021-04-26,DEFA14A,0001193125-21-131236,,d130866ddefa14a.htm,recent
2021-04-26,DEFA14A,0001193125-21-130907,,d290209ddefa14a.htm,recent
2021-04-26,DFAN14A,0000902664-21-002468,,p21-1253dfan14a.htm,recent
2021-04-26,DFAN14A,0000930413-21-000874,,c101627_dfan14a.htm,recent
2021-04-27,DEFA14A,0001193125-21-134377,,d144965ddefa14a.htm,recent
2021-04-27,DEFA14A,0001193125-21-133763,,d168157ddefa14a.htm,recent
2021-04-27,DFAN14A,0000902664-21-002484,,p21-1267dfan14a.htm,recent
2021-04-28,DEFA14A,0001193125-21-137185,,d148855ddefa14a.htm,recent
2021-04-28,DEFA14A,0001193125-21-136975,,d158409ddefa14a.htm,recent
2021-04-28,DEFA14A,0001193125-21-136813,,d180313ddefa14a.htm,recent
2021-04-28,DEFA14A,0001193125-21-136673,,d171271ddefa14a.htm,recent
2021-04-28,DFAN14A,0000902664-21-002509,,p21-1274dfan14a.htm,recent
2021-04-28,DFAN14A,0000902664-21-002508,,p12-1281dfan14a.htm,recent
2021-04-29,DEFA14A,0001193125-21-140172,,d101787ddefa14a.htm,recent
2021-04-29,DEFA14A,0001193125-21-139821,,d183194ddefa14a.htm,recent
2021-04-29,DFAN14A,0000902664-21-002525,,p21-1287dfan14a.htm,recent
2021-04-29,PX14A6G,0001214659-21-004626,,p429211px14a6g.htm,recent
2021-04-30,8-K,0000034088-21-000021,2021-04-30,xom-20210430.htm,recent
2021-04-30,DEFA14A,0001193125-21-145340,,d55661ddefa14a.htm,recent
2021-04-30,DEFA14A,0001193125-21-144919,,d83684ddefa14a.htm,recent
2021-04-30,DFAN14A,0000902664-21-002550,,p21-1304dfan14a.htm,recent
2021-05-03,DEFA14A,0001193125-21-148040,,d289905ddefa14a.htm,recent
2021-05-03,DEFA14A,0001193125-21-147479,,d379701ddefa14a.htm,recent
2021-05-03,DFAN14A,0000930413-21-001021,,c101681_dfan14a.htm,recent
2021-05-04,DEFA14A,0001193125-21-150097,,d244370ddefa14a.htm,recent
2021-05-04,DEFA14A,0001193125-21-150035,,d254018ddefa14a.htm,recent
2021-05-04,DEFA14A,0001193125-21-149945,,d234242ddefa14a.htm,recent
2021-05-04,DEFA14A,0001193125-21-149933,,d251889ddefa14a.htm,recent
2021-05-04,DEFA14A,0001193125-21-149834,,d236941ddefa14a.htm,recent
2021-05-04,DEFA14A,0001193125-21-149810,,d242276ddefa14a.htm,recent
2021-05-04,DFAN14A,0000902664-21-002583,,p21-1316dfan14a.htm,recent
2021-05-05,10-Q,0000034088-21-000024,2021-03-31,xom-20210331.htm,recent
2021-05-05,DEFA14A,0001193125-21-151640,,d586323ddefa14a.htm,recent
2021-05-05,DEFA14A,0001193125-21-151200,,d314218ddefa14a.htm,recent
2021-05-05,DEFA14A,0001193125-21-151056,,d281514ddefa14a.htm,recent
2021-05-05,DFAN14A,0000902664-21-002601,,p21-1323dfan14a.htm,recent
2021-05-06,DEFA14A,0001193125-21-153401,,d435444ddefa14a.htm,recent
2021-05-06,DEFA14A,0001193125-21-153156,,d347285ddefa14a.htm,recent
2021-05-06,DEFA14A,0001193125-21-152656,,d389725ddefa14a.htm,recent
2021-05-06,DFAN14A,0000930413-21-001038,,c101702_dfan14a.htm,recent
2021-05-06,DFAN14A,0000902664-21-002618,,p21-1341dfan14a.htm,recent
2021-05-06,PX14A6G,0001387131-21-005386,,xom-px14a6g_050621.htm,recent
2021-05-07,DEFA14A,0001193125-21-154775,,d66124ddefa14a.htm,recent
2021-05-10,DEFA14A,0001193125-21-156210,,d60194ddefa14a.htm,recent
2021-05-10,DEFA14A,0001193125-21-156101,,d89444ddefa14a.htm,recent
2021-05-10,DEFA14A,0001193125-21-155936,,d676744ddefa14a.htm,recent
2021-05-10,PX14A6G,0001140361-21-016599,,brhc10024367_px14a6g.htm,recent
2021-05-11,DEFA14A,0001193125-21-157446,,d866977ddefa14a.htm,recent
2021-05-12,DEFA14A,0001193125-21-159290,,d492104ddefa14a.htm,recent
2021-05-13,4,0001127602-21-016663,2021-05-12,xslF345X03/form4.xml,recent
2021-05-13,DEFA14A,0001193125-21-160505,,d531669ddefa14a.htm,recent
2021-05-13,DEFA14A,0001193125-21-160278,,d487737ddefa14a.htm,recent
2021-05-13,DFAN14A,0000902664-21-002720,,p21-1391dfan14a.htm,recent
2021-05-14,DEFA14A,0001193125-21-162151,,d168327ddefa14a.htm,recent
2021-05-14,DEFA14A,0001193125-21-161968,,d163534ddefa14a.htm,recent
2021-05-14,DFAN14A,0000902664-21-002763,,p21-1414dfan14a.htm,recent
2021-05-17,DEFA14A,0001193125-21-163282,,d168159ddefa14a.htm,recent
2021-05-17,DFAN14A,0000930413-21-001096,,c101738_dfan14a.htm,recent
2021-05-17,DFAN14A,0000902664-21-002801,,p21-1421dfan14a.htm,recent
2021-05-18,DEFA14A,0001193125-21-165546,,d185541ddefa14a.htm,recent
2021-05-18,DEFA14A,0001193125-21-165085,,d185871ddefa14a.htm,recent
2021-05-18,DFAN14A,0000902664-21-002833,,p21-1423dfan14a.htm,recent
2021-05-19,DEFA14A,0001193125-21-166761,,d181032ddefa14a.htm,recent
2021-05-19,DEFA14A,0001193125-21-166584,,d115301ddefa14a.htm,recent
2021-05-19,DEFA14A,0001193125-21-166489,,d154162ddefa14a.htm,recent
2021-05-19,DEFA14A,0001193125-21-166317,,d152228ddefa14a.htm,recent
2021-05-19,DFAN14A,0000902664-21-002852,,p21-1441dfan14a.htm,recent
2021-05-19,DFAN14A,0000902664-21-002851,,p21-1429dfan14a.htm,recent
2021-05-19,DFAN14A,0000902664-21-002850,,p21-1433dfan14a.htm,recent
2021-05-19,PX14A6G,0000950159-21-000161,,calstrspx14a6g.htm,recent
2021-05-20,DEFA14A,0001193125-21-167884,,d184893ddefa14a.htm,recent
2021-05-20,DEFA14A,0001193125-21-167731,,d170144ddefa14a.htm,recent
2021-05-20,DFAN14A,0000902664-21-002866,,p21-1448dfan14a.htm,recent
2021-05-20,DFAN14A,0000902664-21-002867,,p21-1450dfan14a.htm,recent
2021-05-20,DFAN14A,0000902664-21-002865,,p21-1447dfan14a.htm,recent
2021-05-21,DEFA14A,0001193125-21-169409,,d175598ddefa14a.htm,recent
2021-05-21,DEFA14A,0001193125-21-169135,,d187435ddefa14a.htm,recent
2021-05-21,DEFA14A,0001193125-21-168975,,d158862ddefa14a.htm,recent
2021-05-21,DFAN14A,0000902664-21-002889,,p21-1452dfan14a.htm,recent
2021-05-21,DFAN14A,0000902664-21-002888,,p21-1457dfan14a.htm,recent
2021-05-21,PX14A6G,0001623632-21-000589,,form.htm,recent
2021-05-24,DEFA14A,0000950103-21-007668,,dp151549_defa14a.htm,recent
2021-05-24,DFAN14A,0000902664-21-002901,,p21-1462dfan14a.htm,recent
2021-05-24,DFAN14A,0000902664-21-002899,,p21-1464dfan14a.htm,recent
2021-05-26,DEFA14A,0001193125-21-173248,,d159370ddefa14a.htm,recent
2021-05-26,DFAN14A,0000902664-21-002914,,p21-1471dfan14a.htm,recent
2021-05-26,DFAN14A,0000902664-21-002912,,p21-1470dfan14a.htm,recent
2021-05-26,SD,0000034088-21-000028,,a2021formsd.htm,recent
2021-06-01,4,0001127602-21-018577,2021-05-26,xslF345X03/form4.xml,recent
2021-06-02,8-K,0000034088-21-000031,2021-05-26,xom-20210526.htm,recent
2021-06-10,11-K,0000034088-21-000034,2020-12-31,xom-20201231x11k.htm,recent
2021-06-14,4,0001127602-21-019815,2021-06-11,xslF345X03/form4.xml,recent
2021-06-21,8-K/A,0000034088-21-000037,2021-05-26,xom-20210526.htm,recent
2021-06-23,3,0001127602-21-020558,2021-06-21,xslF345X02/form3.xml,recent
2021-06-23,3,0001127602-21-020537,2021-06-21,xslF345X02/form3.xml,recent
2021-06-23,3,0001127602-21-020526,2021-06-21,xslF345X02/form3.xml,recent
2021-06-23,4,0001127602-21-020577,2021-06-21,xslF345X03/form4.xml,recent
2021-06-23,4,0001127602-21-020575,2021-06-21,xslF345X03/form4.xml,recent
2021-06-23,4,0001127602-21-020572,2021-06-21,xslF345X03/form4.xml,recent
2021-06-23,4,0001127602-21-020564,2021-06-21,xslF345X03/form4.xml,recent
2021-06-23,4,0001127602-21-020562,2021-06-21,xslF345X03/form4.xml,recent
2021-06-23,4,0001127602-21-020560,2021-06-21,xslF345X03/form4.xml,recent
2021-06-28,UPLOAD,0000000000-21-007933,,filename1.pdf,recent
2021-06-30,8-K,0000034088-21-000041,2021-06-30,xom-20210630.htm,recent
2021-07-22,8-K,0000034088-21-000043,2021-07-16,xom-20210716.htm,recent
2021-07-30,8-K,0000034088-21-000046,2021-07-30,xom-20210730.htm,recent
2021-08-04,10-Q,0000034088-21-000051,2021-06-30,xom-20210630.htm,recent
2021-08-11,3,0001127602-21-023501,2021-08-09,xslF345X02/form3.xml,recent
2021-08-11,4,0001127602-21-023505,2021-08-09,xslF345X03/form4.xml,recent
2021-09-02,4,0001127602-21-024731,2021-09-01,xslF345X03/form4.xml,recent
2021-09-17,UPLOAD,0000000000-21-011330,,filename1.pdf,recent
2021-09-23,CORRESP,0000034088-21-000054,,filename1.htm,recent
2021-09-30,8-K,0000034088-21-000057,2021-09-30,xom-20210930.htm,recent
2021-10-29,8-K,0000034088-21-000061,2021-10-29,xom-20211029.htm,recent
2021-10-29,CORRESP,0000034088-21-000062,,filename1.htm,recent
2021-11-03,10-Q,0000034088-21-000064,2021-09-30,xom-20210930.htm,recent
2021-11-04,4,0001127602-21-028410,2021-11-03,xslF345X03/form4.xml,recent
2021-11-17,8-K,0000034088-21-000066,2021-11-17,xom-20211117.htm,recent
2021-11-24,4,0001555145-21-000001,2021-11-22,xslF345X03/primary_doc.xml,recent
2021-11-26,4,0001555145-21-000002,2021-11-23,xslF345X03/primary_doc.xml,recent
2021-11-26,4,0001713456-21-000001,2021-11-23,xslF345X03/primary_doc.xml,recent
2021-11-26,4,0001495010-21-000001,2021-11-23,xslF345X03/primary_doc.xml,recent
2021-11-26,4,0001484306-21-000001,2021-11-23,xslF345X03/primary_doc.xml,recent
2021-11-26,4,0001434592-21-000002,2021-11-23,xslF345X03/primary_doc.xml,recent
2021-11-26,4,0001807216-21-000002,2021-11-23,xslF345X03/primary_doc.xml,recent
2021-11-26,4,0001771280-21-000001,2021-11-23,xslF345X03/primary_doc.xml,recent
2021-11-26,4,0001692881-21-000001,2021-11-23,xslF345X03/primary_doc.xml,recent
2021-11-26,4,0001807216-21-000001,2021-11-23,xslF345X03/primary_doc.xml,recent
2021-11-26,4,0001853120-21-000001,2021-11-23,xslF345X03/primary_doc.xml,recent
2021-11-26,4,0001847774-21-000001,2021-11-23,xslF345X03/primary_doc.xml,recent
2021-11-26,4,0001771272-21-000001,2021-11-23,xslF345X03/primary_doc.xml,recent
2021-11-26,4,0001823326-21-000001,2021-11-23,xslF345X03/primary_doc.xml,recent
2021-11-26,4,0001628306-21-000001,2021-11-23,xslF345X03/primary_doc.xml,recent
2021-11-30,4,0001127602-21-029867,2021-11-26,xslF345X03/form4.xml,recent
2021-11-30,4,0001127602-21-029849,2021-11-26,xslF345X03/form4.xml,recent
2021-11-30,4,0001127602-21-029847,2021-11-26,xslF345X03/form4.xml,recent
2021-11-30,4,0001127602-21-029845,2021-11-26,xslF345X03/form4.xml,recent
2021-11-30,4,0001127602-21-029843,2021-11-26,xslF345X03/form4.xml,recent
2021-11-30,4,0001127602-21-029841,2021-11-26,xslF345X03/form4.xml,recent
2021-11-30,4,0001127602-21-029839,2021-11-26,xslF345X03/form4.xml,recent
2021-11-30,4,0001127602-21-029831,2021-11-26,xslF345X03/form4.xml,recent
2021-11-30,8-K,0000034088-21-000069,2021-11-23,xom-20211123.htm,recent
2021-12-02,4,0001127602-21-030142,2021-11-30,xslF345X03/form4.xml,recent
2021-12-02,4,0001127602-21-030017,2021-12-01,xslF345X03/form4.xml,recent
2021-12-02,4,0001127602-21-030012,2021-12-01,xslF345X03/form4.xml,recent
2021-12-02,4,0001127602-21-030008,2021-12-01,xslF345X03/form4.xml,recent
2021-12-02,4,0001127602-21-030006,2021-12-01,xslF345X03/form4.xml,recent
2021-12-02,4,0001127602-21-030002,2021-12-01,xslF345X03/form4.xml,recent
2021-12-02,4,0001127602-21-029996,2021-12-01,xslF345X03/form4.xml,recent
2021-12-09,4,0001127602-21-030623,2021-12-07,xslF345X03/form4.xml,recent
2021-12-10,4,0001127602-21-030695,2021-12-08,xslF345X03/form4.xml,recent
2021-12-10,4,0001127602-21-030693,2021-12-08,xslF345X03/form4.xml,recent
2021-12-13,4,0001127602-21-030794,2021-12-10,xslF345X03/form4.xml,recent
2021-12-15,4,0001127602-21-030964,2021-12-14,xslF345X03/form4.xml,recent
2021-12-17,8-K,0000950103-21-019926,2021-12-16,dp163764_8k.htm,recent
2021-12-30,8-K,0000034088-21-000072,2021-12-30,xom-20211230.htm,recent
2022-01-04,4,0001127602-22-000670,2022-01-03,xslF345X03/form4.xml,recent
2022-01-04,4,0001127602-22-000665,2022-01-03,xslF345X03/form4.xml,recent
2022-01-04,4,0001127602-22-000661,2022-01-03,xslF345X03/form4.xml,recent
2022-01-04,4,0001127602-22-000657,2022-01-03,xslF345X03/form4.xml,recent
2022-01-04,4,0001127602-22-000650,2022-01-03,xslF345X03/form4.xml,recent
2022-01-04,4,0001127602-22-000642,2022-01-03,xslF345X03/form4.xml,recent
2022-01-04,4,0001127602-22-000634,2022-01-03,xslF345X03/form4.xml,recent
2022-01-04,4,0001127602-22-000608,2022-01-03,xslF345X03/form4.xml,recent
2022-01-04,4,0000902664-22-000038,2022-01-03,xslF345X03/ownership.xml,recent
2022-01-04,4,0001127602-22-000601,2022-01-03,xslF345X03/form4.xml,recent
2022-01-04,4,0001127602-22-000583,2022-01-03,xslF345X03/form4.xml,recent
2022-01-21,UPLOAD,0000000000-22-000838,,filename1.pdf,recent
2022-01-31,8-K,0000034088-22-000002,2022-01-31,xom-20220131.htm,recent
2022-02-01,8-K,0000034088-22-000005,2022-02-01,xom-20220201.htm,recent
2022-02-04,4,0001214659-22-001929,2022-02-02,xslF345X03/ownership.xml,recent
2022-02-08,4,0001127602-22-003640,2022-02-04,xslF345X03/form4.xml,recent
2022-02-08,SC 13G,0000834237-22-008353,,us30231g1022_020822.txt,recent
2022-02-09,SC 13G/A,0001104659-22-016260,,tv0047-exxonmobilcorp.htm,recent
2022-02-10,SC 13G/A,0000034088-22-000008,,xom13g123121imperial.txt,recent
2022-02-11,SC 13G/A,0000093751-22-000212,,EXXON_MOBIL_CORP.txt,recent
2022-02-23,10-K,0000034088-22-000011,2021-12-31,xom-20211231.htm,recent
2022-03-01,4,0001127602-22-007434,2022-03-01,xslF345X03/form4.xml,recent
2022-03-03,8-K,0000034088-22-000013,2022-03-01,xom-20220301.htm,recent
2022-03-08,4,0001127602-22-008525,2022-03-04,xslF345X03/form4.xml,recent
2022-03-11,SC 13G/A,0000834237-22-009145,,us30231g1022_031122.txt,recent
2022-03-22,8-K,0000034088-22-000016,2022-03-17,xom-20220317.htm,recent
2022-04-04,4,0001127602-22-011043,2022-04-01,xslF345X03/form4.xml,recent
2022-04-04,4,0001127602-22-011023,2022-04-01,xslF345X03/form4.xml,recent
2022-04-04,4,0001127602-22-011021,2022-04-01,xslF345X03/form4.xml,recent
2022-04-04,8-K,0000034088-22-000018,2022-04-04,xom-20220404.htm,recent
2022-04-07,DEF 14A,0001193125-22-098314,2022-05-25,d280259ddef14a.htm,recent
2022-04-07,DEFA14A,0001193125-22-098406,,d280259ddefa14a.htm,recent
2022-04-08,3,0001127602-22-011751,2022-04-01,xslF345X02/form3.xml,recent
2022-04-12,PX14A6G,0001214659-22-005118,,g411220px14a6g.htm,recent
2022-04-15,PX14A6G,0001214659-22-005292,,o414225px14a6g.htm,recent
2022-04-19,DEFA14A,0001193125-22-109467,,d355967ddefa14a.htm,recent
2022-04-20,PX14A6G,0001214659-22-005472,,d420221px14a6g.htm,recent
2022-04-29,3,0000950103-22-007499,2022-02-23,xslF345X02/dp171838_3.xml,recent
2022-04-29,8-K,0000034088-22-000023,2022-04-29,xom-20220429.htm,recent
2022-04-29,PX14A6G,0001387131-22-005498,,xom-px14a6g_042922.htm,recent
2022-04-29,SC 13D,0000950103-22-007497,,dp171839_sc13d.htm,recent
2022-05-03,4,0001127602-22-013081,2022-05-02,xslF345X03/form4.xml,recent
2022-05-04,10-Q,0000034088-22-000026,2022-03-31,xom-20220331.htm,recent
2022-05-04,S-8,0000950103-22-007913,,dp171421_s8.htm,recent
2022-05-05,4,0001127602-22-013480,2022-05-05,xslF345X03/form4.xml,recent
2022-05-11,DEFA14A,0001193125-22-147592,,d313738ddefa14a.htm,recent
2022-05-17,DEFA14A,0001193125-22-153063,,d345495ddefa14a.htm,recent
2022-05-18,DEFA14A,0001193125-22-154077,,d535270ddefa14a.htm,recent
2022-05-26,4,0001127602-22-015720,2022-05-25,xslF345X03/form4.xml,recent
2022-05-26,SD,0000034088-22-000031,,a2022formsd.htm,recent
2022-05-27,4,0001127602-22-015816,2022-05-26,xslF345X03/form4.xml,recent
2022-06-01,8-K,0000034088-22-000034,2022-05-25,xom-20220525.htm,recent
2022-06-08,4,0001127602-22-017028,2022-06-07,xslF345X03/form4.xml,recent
2022-06-16,11-K,0000034088-22-000038,2021-12-31,xom-20211231x11k.htm,recent
2022-06-17,8-K,0000034088-22-000040,2022-06-17,xom-20220617.htm,recent
2022-07-01,8-K,0000034088-22-000044,2022-07-01,xom-20220701.htm,recent
2022-07-29,8-K,0000034088-22-000048,2022-07-29,xom-20220729.htm,recent
2022-08-02,4,0001127602-22-020079,2022-08-01,xslF345X03/form4.xml,recent
2022-08-03,10-Q,0000034088-22-000051,2022-06-30,xom-20220630.htm,recent
2022-08-08,4,0001214659-22-009757,2022-08-04,xslF345X03/ownership.xml,recent
2022-08-09,4,0000950103-22-013800,2022-08-05,xslF345X03/dp178458_4-exxon.xml,recent
2022-08-09,SC 13D/A,0000950103-22-013799,,dp178457_sc13da.htm,recent
2022-10-04,8-K,0000034088-22-000054,2022-10-04,xom-20221004.htm,recent
2022-10-28,8-K,0000034088-22-000057,2022-10-28,xom-20221028.htm,recent
2022-10-31,8-K,0000034088-22-000062,2022-10-28,xom-20221028.htm,recent
2022-10-31,8-K,0000034088-22-000060,2022-10-25,xom-20221025.htm,recent
2022-11-01,4,0001127602-22-024583,2022-10-31,xslF345X03/form4.xml,recent
2022-11-02,10-Q,0000034088-22-000064,2022-09-30,xom-20220930.htm,recent
2022-11-18,8-K,0000034088-22-000067,2022-11-18,xom-20221118.htm,recent
2022-11-29,4,0001127602-22-026483,2022-11-25,xslF345X03/form4.xml,recent
2022-11-29,4,0001127602-22-026480,2022-11-28,xslF345X03/form4.xml,recent
2022-11-29,4,0001127602-22-026478,2022-11-25,xslF345X03/form4.xml,recent
2022-11-29,4,0001127602-22-026476,2022-11-25,xslF345X03/form4.xml,recent
2022-11-29,4,0001127602-22-026474,2022-11-25,xslF345X03/form4.xml,recent
2022-11-29,4,0001127602-22-026472,2022-11-25,xslF345X03/form4.xml,recent
2022-11-30,3,0001127602-22-026553,2022-11-28,xslF345X02/form3.xml,recent
2022-11-30,4,0001127602-22-026574,2022-11-28,xslF345X03/form4.xml,recent
2022-11-30,4,0001127602-22-026548,2022-11-28,xslF345X03/form4.xml,recent
2022-12-02,4,0001127602-22-026796,2022-11-30,xslF345X03/form4.xml,recent
2022-12-02,4,0001127602-22-026794,2022-11-30,xslF345X03/form4.xml,recent
2022-12-02,4,0001127602-22-026792,2022-11-30,xslF345X03/form4.xml,recent
2022-12-02,4,0001127602-22-026787,2022-11-30,xslF345X03/form4.xml,recent
2022-12-02,4,0001127602-22-026783,2022-11-30,xslF345X03/form4.xml,recent
2022-12-02,4,0001127602-22-026780,2022-11-30,xslF345X03/form4.xml,recent
2022-12-02,4,0001127602-22-026777,2022-11-30,xslF345X03/form4.xml,recent
2022-12-02,4,0001127602-22-026775,2022-11-30,xslF345X03/form4.xml,recent
2022-12-02,4,0001127602-22-026756,2022-11-30,xslF345X03/form4.xml,recent
2022-12-02,4,0001127602-22-026748,2022-11-30,xslF345X03/form4.xml,recent
2022-12-02,4,0001127602-22-026738,2022-11-30,xslF345X03/form4.xml,recent
2022-12-02,8-K,0000034088-22-000069,2022-11-30,xom-20221130.htm,recent
2022-12-05,8-K,0000034088-22-000071,2022-11-30,xom-20221130.htm,recent
2022-12-07,4,0001127602-22-027023,2022-12-05,xslF345X03/form4.xml,recent
2022-12-07,4,0001127602-22-027017,2022-12-06,xslF345X03/form4.xml,recent
2022-12-13,4,0001127602-22-027385,2022-12-09,xslF345X03/form4.xml,recent
2022-12-16,4,0001127602-22-027650,2022-12-15,xslF345X03/form4.xml,recent
2022-12-23,8-K,0000950103-22-021377,2022-12-22,dp185948_8k.htm,recent
2023-01-04,4,0001127602-23-000416,2023-01-03,xslF345X03/form4.xml,recent
2023-01-04,4,0001127602-23-000413,2023-01-03,xslF345X03/form4.xml,recent
2023-01-04,4,0001127602-23-000403,2023-01-03,xslF345X03/form4.xml,recent
2023-01-04,4,0001127602-23-000393,2023-01-03,xslF345X03/form4.xml,recent
2023-01-04,4,0001127602-23-000383,2023-01-03,xslF345X03/form4.xml,recent
2023-01-04,4,0001214659-23-000106,2023-01-03,xslF345X03/ownership.xml,recent
2023-01-04,4,0001127602-23-000353,2023-01-03,xslF345X03/form4.xml,recent
2023-01-04,4,0001127602-23-000348,2023-01-03,xslF345X03/form4.xml,recent
2023-01-04,4,0001127602-23-000343,2023-01-03,xslF345X03/form4.xml,recent
2023-01-04,4,0001127602-23-000332,2023-01-03,xslF345X03/form4.xml,recent
2023-01-04,8-K,0000034088-23-000003,2023-01-04,xom-20230104.htm,recent
2023-01-05,3,0001127602-23-000778,2023-01-01,xslF345X02/form3.xml,recent
2023-01-05,3,0001127602-23-000771,2023-01-01,xslF345X02/form3.xml,recent
2023-01-05,4,0001127602-23-000986,2023-01-03,xslF345X03/form4.xml,recent
2023-01-05,4,0001127602-23-000975,2023-01-03,xslF345X03/form4.xml,recent
2023-01-26,8-K/A,0000034088-23-000008,2022-11-30,xom-20221130.htm,recent
2023-01-31,8-K,0000034088-23-000011,2023-01-31,xom-20230131.htm,recent
2023-01-31,SC 13G/A,0001306550-23-005014,,us30231g1022_013123.txt,recent
2023-02-03,4,0001127602-23-003284,2023-02-01,xslF345X03/form4.xml,recent
2023-02-06,SC 13G/A,0000093751-23-000252,,Exxon_Mobil_Corp.txt,recent
2023-02-09,SC 13G/A,0001104659-23-015097,,tv0059-exxonmobilcorp.htm,recent
2023-02-09,SC 13G/A,0000034088-23-000014,,xom13g123122imperial.txt,recent
2023-02-22,10-K,0000034088-23-000020,2022-12-31,xom-20221231.htm,recent
2023-02-24,8-K,0000034088-23-000022,2023-02-21,xom-20230221.htm,recent
2023-03-02,SC 13D/A,0000950103-23-003594,,dp190082_sc13da-2.htm,recent
2023-03-10,S-3ASR,0001193125-23-067624,,d462300ds3asr.htm,recent
2023-04-04,8-K,0000034088-23-000025,2023-04-04,xom-20230404.htm,recent
2023-04-13,ARS,0001193125-23-100102,2022-12-31,d389523dars.pdf,recent
2023-04-13,DEF 14A,0001193125-23-100079,,d429320ddef14a.htm,recent
2023-04-13,DEFA14A,0001193125-23-100090,,d429320ddefa14a.htm,recent
2023-04-13,PX14A6G,0001214659-23-005363,,r413230px14a6g.htm,recent
2023-04-18,PX14A6G,0001214659-23-005534,,o418230px14a6g.htm,recent
2023-04-19,PX14A6G,0001214659-23-005620,,j419230px14a6g.htm,recent
2023-04-20,DEFA14A,0001193125-23-107952,,d305695ddefa14a.htm,recent
2023-04-20,DEFA14A,0001193125-23-107917,,d484885ddefa14a.htm,recent
2023-04-21,DEFA14A,0001193125-23-110117,,d462691ddefa14a.htm,recent
2023-04-24,DEFA14A,0001193125-23-113041,,d447908ddefa14a.htm,recent
2023-04-25,PX14A6G,0001214659-23-005901,,e424230px14a6g.htm,recent
2023-04-27,PX14A6G,0001214659-23-006093,,g427231px14a6g.htm,recent
2023-04-27,PX14A6G,0001214659-23-006080,,o427232px14a6g.htm,recent
2023-04-28,8-K,0000034088-23-000028,2023-04-28,xom-20230428.htm,recent
2023-04-28,PX14A6G,0001214659-23-006168,,x428235px14a6g.htm,recent
2023-05-02,10-Q,0000034088-23-000030,2023-03-31,xom-20230331.htm,recent
2023-05-03,4,0001127602-23-014200,2023-05-01,xslF345X04/form4.xml,recent
2023-05-05,PX14A6G,0001214659-23-006550,,z54230px14a6g.htm,recent
2023-05-05,PX14A6G,0001214659-23-006547,,d55232px14a6g.htm,recent
2023-05-09,DEFA14A,0001193125-23-139335,,d585607ddefa14a.htm,recent
2023-05-10,DEFA14A,0001193125-23-140691,,d502137ddefa14a.htm,recent
2023-05-10,PX14A6G,0001839882-23-012483,,xom_px14a6g-051023.htm,recent
2023-05-11,DEFA14A,0001193125-23-140907,,d372523ddefa14a.htm,recent
2023-05-15,DEFA14A,0001193125-23-144798,,d481940ddefa14a.htm,recent
2023-05-15,PX14A6G,0001214659-23-007069,,o512233px14a6g.htm,recent
2023-05-17,DEFA14A,0001193125-23-146870,,d512031ddefa14a.htm,recent
2023-05-17,DEFA14A,0001193125-23-146780,,d513384ddefa14a.htm,recent
2023-05-19,SC 13D/A,0000950103-23-007551,,dp194033_sc13da-3.htm,recent
2023-05-25,PX14A6G,0001214659-23-007809,,x525230px14a6g.htm,recent
2023-05-25,SD,0000034088-23-000033,,a2023formsd.htm,recent
2023-05-30,DEFA14A,0001193125-23-156296,,d478218ddefa14a.htm,recent
2023-05-30,PX14A6G,0001214659-23-008011,,x530230px14a6g.htm,recent
2023-05-31,PX14A6G,0001214659-23-008067,,o530233px14a6g.htm,recent
2023-06-01,4,0001127602-23-017315,2023-05-31,xslF345X04/form4.xml,recent
2023-06-01,4,0001628306-23-000001,2023-05-30,xslF345X04/primary_doc.xml,recent
2023-06-06,8-K,0000034088-23-000036,2023-05-31,xom-20230531.htm,recent
2023-06-13,11-K,0000034088-23-000039,2022-12-31,xom-20221231x11k.htm,recent
2023-07-05,8-K,0000034088-23-000043,2023-07-05,xom-20230705.htm,recent
2023-07-13,425,0000950103-23-010299,,dp196774_425.htm,recent
2023-07-13,425,0000950103-23-010297,,dp196762_425-threads.htm,recent
2023-07-13,425,0000950103-23-010296,,dp196763_425-twitter.htm,recent
2023-07-13,425,0000950103-23-010295,,dp196760_425-instagram.htm,recent
2023-07-13,425,0000950103-23-010294,,dp196761_425-linkedin.htm,recent
2023-07-13,425,0000950103-23-010293,,dp196734_425-exxonmobilcorp2.htm,recent
2023-07-13,425,0000950103-23-010292,,dp196733_425-exxonmobilcorp.htm,recent
2023-07-13,8-K,0000950103-23-010291,2023-07-13,dp196727_8k.htm,recent
2023-07-24,425,0000950103-23-010669,,dp197140_425.htm,recent
2023-07-28,425,0000950103-23-011013,,dp197485_425-earningscall.htm,recent
2023-07-28,425,0000950103-23-011000,,dp197471_425.htm,recent
2023-07-28,8-K,0000034088-23-000046,2023-07-28,xom-20230728.htm,recent
2023-08-01,10-Q,0000034088-23-000048,2023-06-30,xom-20230630.htm,recent
2023-08-02,4,0001214659-23-010685,2023-07-31,xslF345X05/ownership.xml,recent
2023-08-03,4,0001214659-23-010729,2023-08-01,xslF345X05/ownership.xml,recent
2023-08-03,4,0001495010-23-000002,2023-08-01,xslF345X05/primary_doc.xml,recent
2023-08-24,144,0001969223-23-000323,,xsl144X01/primary_doc.xml,recent
2023-08-29,S-4,0001193125-23-223884,,d483131ds4.htm,recent
2023-09-05,4,0001127602-23-023659,2023-09-05,xslF345X05/form4.xml,recent
2023-09-27,CORRESP,0001193125-23-243777,,filename1.htm,recent
2023-09-27,CORRESP,0001193125-23-243735,,filename1.htm,recent
2023-09-27,S-4/A,0001193125-23-243723,,d483131ds4a.htm,recent
2023-09-29,424B3,0001193125-23-247459,,d483131d424b3.htm,recent
2023-09-29,EFFECT,9999999995-23-002884,,xslEFFECTX01/primary_doc.xml,recent
2023-10-04,8-K,0000034088-23-000051,2023-10-04,xom-20231004.htm,recent
2023-10-11,425,0000950103-23-014893,,dp201350_425.htm,recent
2023-10-11,425,0000950103-23-014892,,dp201370_425-tresco.htm,recent
2023-10-11,425,0000950103-23-014891,,dp201372_425-linkedin.htm,recent
2023-10-11,425,0000950103-23-014890,,dp201374_425-x.htm,recent
2023-10-11,425,0000950103-23-014889,,dp201375_425-facebook.htm,recent
2023-10-11,425,0000950103-23-014887,,dp201366_425-employees.htm,recent
2023-10-11,425,0000950103-23-014886,,dp201373_425-instagram.htm,recent
2023-10-11,8-K,0000950103-23-014885,2023-10-10,dp201349_8k.htm,recent
2023-10-12,425,0000950103-23-014927,,dp201367_425-iem.htm,recent
2023-10-12,425,0000950103-23-014925,,dp201369_425-video.htm,recent
2023-10-12,425,0000950103-23-014894,,dp201384_425-tresco.htm,recent
2023-10-18,425,0000950103-23-015096,,dp201491_425-iem.htm,recent
2023-10-18,425,0000950103-23-015095,,dp201565_425.htm,recent
2023-10-18,425,0000950103-23-015094,,dp201573_425-bloomberg.htm,recent
2023-10-20,425,0001193125-23-260006,,d564047d425.htm,recent
2023-10-20,8-K,0001193125-23-260004,2023-10-20,d564047d8k.htm,recent
2023-10-27,425,0000950103-23-015462,,dp201941_425.htm,recent
2023-10-27,8-K,0000034088-23-000054,2023-10-27,xom-20231027.htm,recent
2023-10-30,425,0000950103-23-015556,,dp202051_425-tresco.htm,recent
2023-10-31,10-Q,0000034088-23-000056,2023-09-30,xom-20230930.htm,recent
2023-10-31,425,0000950103-23-015691,,dp202108_425-q3transcript.htm,recent
2023-11-02,8-K,0001193125-23-268938,2023-11-02,d566751d8k.htm,recent
2023-11-07,8-K,0000034088-23-000059,2023-11-06,xom-20231106.htm,recent
2023-11-08,4,0001214659-23-014710,2023-11-06,xslF345X05/ownership.xml,recent
2023-11-13,425,0000950103-23-016180,,dp202720_425.htm,recent
2023-11-15,8-K,0000034088-23-000062,2023-11-15,xom-20231115.htm,recent
2023-11-21,S-4,0001193125-23-281591,,d558467ds4.htm,recent
2023-11-28,144,0001214659-23-015679,,xsl144X01/primary_doc.xml,recent
2023-11-28,4,0001127602-23-028337,2023-11-27,xslF345X05/form4.xml,recent
2023-11-30,4,0001214659-23-015834,2023-11-28,xslF345X05/ownership.xml,recent
2023-12-01,4,0001127602-23-028600,2023-11-29,xslF345X05/form4.xml,recent
2023-12-01,4,0001127602-23-028597,2023-11-29,xslF345X05/form4.xml,recent
2023-12-01,4,0001127602-23-028575,2023-11-29,xslF345X05/form4.xml,recent
2023-12-01,4,0001127602-23-028573,2023-11-29,xslF345X05/form4.xml,recent
2023-12-01,4,0001127602-23-028570,2023-11-29,xslF345X05/form4.xml,recent
2023-12-01,4,0001127602-23-028568,2023-11-29,xslF345X05/form4.xml,recent
2023-12-01,4,0001127602-23-028562,2023-11-29,xslF345X05/form4.xml,recent
2023-12-01,4,0001127602-23-028559,2023-11-29,xslF345X05/form4.xml,recent
2023-12-01,4,0001127602-23-028557,2023-11-29,xslF345X05/form4.xml,recent
2023-12-01,4,0001127602-23-028555,2023-11-29,xslF345X05/form4.xml,recent
2023-12-01,4,0001127602-23-028552,2023-11-29,xslF345X05/form4.xml,recent
2023-12-05,4,0001127602-23-028962,2023-12-04,xslF345X05/form4.xml,recent
2023-12-05,4,0001127602-23-028960,2023-12-04,xslF345X05/form4.xml,recent
2023-12-05,4,0001127602-23-028958,2023-12-04,xslF345X05/form4.xml,recent
2023-12-05,4,0001127602-23-028955,2023-12-04,xslF345X05/form4.xml,recent
2023-12-05,4,0001127602-23-028949,2023-12-04,xslF345X05/form4.xml,recent
2023-12-06,425,0000950103-23-017258,,dp203719_425.htm,recent
2023-12-06,425,0000950103-23-017255,,dp203762_425.htm,recent
2023-12-06,8-K,0000950103-23-017257,2023-12-04,dp203718_8k.htm,recent
2023-12-11,425,0000950103-23-017378,,dp203857_425.htm,recent
2023-12-11,425,0000950103-23-017377,,dp203880_425-interview.htm,recent
2023-12-18,UPLOAD,0000000000-23-013795,,filename1.pdf,recent
2023-12-19,4,0001127602-23-029937,2023-12-18,xslF345X05/form4.xml,recent
2023-12-19,4,0001127602-23-029924,2023-12-18,xslF345X05/form4.xml,recent
2023-12-19,4,0001127602-23-029892,2023-12-18,xslF345X05/form4.xml,recent
2023-12-22,CORRESP,0001193125-23-302217,,filename1.htm,recent
2023-12-22,S-4/A,0001193125-23-302209,,d558467ds4a.htm,recent
2024-01-03,4,0001214659-24-000217,2024-01-02,xslF345X05/ownership.xml,recent
2024-01-03,4,0001127602-24-000279,2024-01-02,xslF345X05/form4.xml,recent
2024-01-03,4,0001127602-24-000263,2024-01-02,xslF345X05/form4.xml,recent
2024-01-03,4,0001127602-24-000260,2024-01-02,xslF345X05/form4.xml,recent
2024-01-03,4,0001127602-24-000252,2024-01-02,xslF345X05/form4.xml,recent
2024-01-03,4,0001127602-24-000244,2024-01-02,xslF345X05/form4.xml,recent
2024-01-03,4,0001127602-24-000238,2024-01-02,xslF345X05/form4.xml,recent
2024-01-03,4,0001127602-24-000232,2024-01-02,xslF345X05/form4.xml,recent
2024-01-03,4,0001127602-24-000226,2024-01-02,xslF345X05/form4.xml,recent
2024-01-03,4,0001127602-24-000224,2024-01-02,xslF345X05/form4.xml,recent
2024-01-03,4,0001127602-24-000219,2024-01-02,xslF345X05/form4.xml,recent
2024-01-04,3,0001127602-24-000706,2024-01-01,xslF345X02/form3.xml,recent
2024-01-04,4,0001127602-24-000745,2024-01-02,xslF345X05/form4.xml,recent
2024-01-04,8-K,0000034088-24-000003,2024-01-04,xom-20240104.htm,recent
2024-01-05,CORRESP,0001193125-24-002890,,filename1.htm,recent
2024-01-05,EFFECT,9999999995-24-000050,,xslEFFECTX01/primary_doc.xml,recent
2024-01-08,424B3,0001193125-24-003809,,d558467d424b3.htm,recent
2024-01-26,SC 13G/A,0001086364-24-004833,,us30231g1022_012624.txt,recent
2024-01-29,SC 13G/A,0000093751-24-000306,,Exxon_Mobil_Corp.txt,recent
2024-02-02,425,0000950103-24-001709,,dp206302_425.htm,recent
2024-02-02,8-K,0000034088-24-000007,2024-02-02,xom-20240202.htm,recent
2024-02-09,SC 13G,0001434592-24-000002,,xom13g123123imperial.txt,recent
2024-02-13,SC 13G/A,0001104659-24-020055,,tv0063-exxonmobilcorp.htm,recent
2024-02-15,SC 13G/A,0000034088-24-000010,,xom13g123123imperial.txt,recent
2024-02-23,4,0001127602-24-006451,2024-02-22,xslF345X05/form4.xml,recent
2024-02-28,10-K,0000034088-24-000018,2023-12-31,xom-20231231.htm,recent
2024-02-28,8-K,0000034088-24-000015,2024-02-27,xom-20240227.htm,recent
2024-02-28,8-K/A,0000034088-24-000017,2023-11-06,xom-20231106.htm,recent
2024-03-19,4,0001127602-24-010621,2024-03-19,xslF345X05/form4.xml,recent
2024-04-03,8-K,0000034088-24-000021,2024-04-03,xom-20240403.htm,recent
2024-04-11,ARS,0001193125-24-092555,2023-12-31,d738095dars.pdf,recent
2024-04-11,DEF 14A,0001193125-24-092545,2024-05-29,d784249ddef14a.htm,recent
2024-04-11,DEFA14A,0001193125-24-092572,,d817942ddefa14a.htm,recent
2024-04-11,DEFA14A,0001193125-24-092564,,d784249ddefa14a.htm,recent
2024-04-18,PX14A6G,0001214659-24-007057,,g418240px14a6g.htm,recent
2024-04-22,PX14A6G,0001214659-24-007247,,z419246px14a6g.htm,recent
2024-04-26,8-K,0000034088-24-000025,2024-04-26,xom-20240426.htm,recent
2024-04-29,10-Q,0000034088-24-000029,2024-03-31,xom-20240331.htm,recent
2024-04-30,4,0001127602-24-013610,2024-04-29,xslF345X05/form4.xml,recent
2024-04-30,PX14A6G,0001214659-24-007864,,o429249px14a6g.htm,recent
2024-05-01,DEFA14A,0001193125-24-126821,,d793186ddefa14a.htm,recent
2024-05-01,DEFA14A,0001193125-24-126820,,d793194ddefa14a.htm,recent
2024-05-01,DEFA14A,0001193125-24-126819,,d793190ddefa14a.htm,recent
2024-05-02,DEFA14A,0001193125-24-129352,,d624565ddefa14a.htm,recent
2024-05-03,3,0000950103-24-006341,2024-05-03,xslF345X02/dp210551_3.xml,recent
2024-05-03,8-K,0000950103-24-006322,2024-05-03,dp210867_8k.htm,recent
2024-05-03,PX14A6G,0001096906-24-001016,,nlpc_px14a6g.htm,recent
2024-05-03,S-8,0000950103-24-006350,,dp210868_s8.htm,recent
2024-05-03,SC 13D/A,0000950103-24-006342,,dp210646_sc13da-1.htm,recent
2024-05-06,3,0001127602-24-014260,2024-05-03,xslF345X02/form3.xml,recent
2024-05-06,PX14A6G,0001096906-24-001030,,nlpc_px14a6g.htm,recent
2024-05-07,4,0001127602-24-014374,2024-05-03,xslF345X05/form4.xml,recent
2024-05-07,PX14A6G,0001999371-24-005715,,xom_px14a6g-050724.htm,recent
2024-05-08,PX14A6G,0001214659-24-008587,,o58240px14a6g.htm,recent
2024-05-09,PX14A6G,0001096906-24-001077,,nlpc_px14a6g.htm,recent
2024-05-10,8-K,0000950103-24-006564,2024-05-10,dp211023_8k.htm,recent
2024-05-10,DEFA14A,0001193125-24-135807,,d819402ddefa14a.htm,recent
2024-05-13,PX14A6G,0001214659-24-008868,,d513244px14a6g.htm,recent
2024-05-15,DEFA14A,0001193125-24-139185,,d822081ddefa14a.htm,recent
2024-05-15,SD,0000034088-24-000033,,a2024formsd.htm,recent
2024-05-17,DEFA14A,0001193125-24-141423,,d794350ddefa14a.htm,recent
2024-05-20,DEFA14A,0001193125-24-142403,,d841242ddefa14a.htm,recent
2024-05-20,PX14A6G,0001140361-24-026784,,ef20029479_px14a6g.htm,recent
2024-05-21,PX14A6G,0001214659-24-009671,,j521244px14a6g.htm,recent
2024-05-28,4,0001127602-24-016634,2024-05-24,xslF345X05/form4.xml,recent
2024-05-28,DEFA14A,0001193125-24-147226,,d717960ddefa14a.htm,recent
2024-05-28,PX14A6G,0001096906-24-001241,,bowy_px14a6g.htm,recent
2024-05-29,4,0001127602-24-016784,2024-05-29,xslF345X05/form4.xml,recent
2024-05-31,8-K,0000034088-24-000036,2024-05-29,xom-20240529.htm,recent
2024-06-20,11-K,0000034088-24-000039,2023-12-31,xom-20231231x11k.htm,recent
2024-06-20,4,0001127602-24-018937,2024-06-17,xslF345X05/form4.xml,recent
2024-06-26,25-NSE,0000876661-24-000522,,xslF25X02/primary_doc.xml,recent
2024-06-26,4,0001127602-24-019287,2023-11-02,xslF345X05/form4.xml,recent
2024-06-26,4,0000950103-24-008876,2024-06-25,xslF345X05/dp213304_4-exxon.xml,recent
2024-07-01,3,0001127602-24-019484,2024-07-01,xslF345X02/form3.xml,recent
2024-07-01,4,0001127602-24-019475,2024-07-01,xslF345X05/form4.xml,recent
2024-07-08,8-K,0000034088-24-000042,2024-07-08,xom-20240708.htm,recent
2024-08-01,8-K/A,0000034088-24-000045,2024-05-03,xom-20240503.htm,recent
2024-08-02,8-K,0000034088-24-000048,2024-08-02,xom-20240802.htm,recent
2024-08-05,10-Q,0000034088-24-000050,2024-06-30,xom-20240630.htm,recent
2024-08-14,4,0001127602-24-022154,2024-05-03,xslF345X05/form4.xml,recent
2024-09-25,SD,0000034088-24-000056,,xom2023formsd.htm,recent
2024-09-30,424B2,0001193125-24-228477,,d831859d424b2.htm,recent
2024-10-03,8-K,0000034088-24-000059,2024-10-03,xom-20241003.htm,recent
2024-10-04,FWP,0001193125-24-233053,,d828814dfwp.htm,recent
2024-10-07,424B2,0001193125-24-233865,,d831859d424b2.htm,recent
2024-10-08,8-K,0001193125-24-234137,2024-10-04,d888049d8k.htm,recent
2024-10-17,SC 13G/A,0000093751-24-000836,,Exxon_Mobil_Corp.htm,recent
2024-10-18,8-K,0000034088-24-000062,2024-10-17,xom-20241017.htm,recent
2024-10-21,4,0001127602-24-025800,2024-10-17,xslF345X05/form4.xml,recent
2024-11-01,8-K,0000034088-24-000066,2024-11-01,xom-20241101.htm,recent
2024-11-04,10-Q,0000034088-24-000068,2024-09-30,xom-20240930.htm,recent
2024-11-12,8-K,0000034088-24-000071,2024-11-12,xom-20241112.htm,recent
2024-11-27,4,0001127602-24-028217,2024-11-26,xslF345X05/form4.xml,recent
2024-11-27,4,0001127602-24-028215,2024-11-26,xslF345X05/form4.xml,recent
2024-11-27,4,0001127602-24-028210,2024-11-26,xslF345X05/form4.xml,recent
2024-11-27,4,0001127602-24-028205,2024-11-26,xslF345X05/form4.xml,recent
2024-11-27,4,0001127602-24-028202,2024-11-26,xslF345X05/form4.xml,recent
2024-11-27,4,0001127602-24-028198,2024-11-26,xslF345X05/form4.xml,recent
2024-11-27,4,0001127602-24-028194,2024-11-26,xslF345X05/form4.xml,recent
2024-11-27,4,0001127602-24-028190,2024-11-26,xslF345X05/form4.xml,recent
2024-11-27,4,0001127602-24-028188,2024-11-26,xslF345X05/form4.xml,recent
2024-11-27,4,0001127602-24-028186,2024-11-26,xslF345X05/form4.xml,recent
2024-11-27,4,0001127602-24-028183,2024-11-26,xslF345X05/form4.xml,recent
2024-12-02,4,0001127602-24-028322,2024-12-02,xslF345X05/form4.xml,recent
2024-12-02,4,0001127602-24-028318,2024-12-02,xslF345X05/form4.xml,recent
2024-12-02,4,0001127602-24-028315,2024-12-02,xslF345X05/form4.xml,recent
2024-12-02,4,0001127602-24-028313,2024-12-02,xslF345X05/form4.xml,recent
2024-12-16,4,0001127602-24-029398,2024-12-13,xslF345X05/form4.xml,recent
2024-12-18,4,0001127602-24-029737,2024-12-17,xslF345X05/form4.xml,recent
2025-01-03,4,0001127602-25-000303,2025-01-02,xslF345X05/form4.xml,recent
2025-01-03,4,0001127602-25-000230,2025-01-02,xslF345X05/form4.xml,recent
2025-01-03,4,0001127602-25-000225,2025-01-02,xslF345X05/form4.xml,recent
2025-01-03,4,0001127602-25-000219,2025-01-02,xslF345X05/form4.xml,recent
2025-01-03,4,0001127602-25-000213,2025-01-02,xslF345X05/form4.xml,recent
2025-01-03,4,0001127602-25-000210,2025-01-02,xslF345X05/form4.xml,recent
2025-01-03,4,0001127602-25-000205,2025-01-02,xslF345X05/form4.xml,recent
2025-01-03,4,0001127602-25-000202,2025-01-02,xslF345X05/form4.xml,recent
2025-01-03,4,0001127602-25-000199,2025-01-02,xslF345X05/form4.xml,recent
2025-01-03,4,0001127602-25-000195,2025-01-02,xslF345X05/form4.xml,recent
2025-01-03,4,0001127602-25-000185,2025-01-02,xslF345X05/form4.xml,recent
2025-01-07,8-K,0000034088-25-000003,2025-01-07,xom-20250107.htm,recent
2025-01-31,8-K,0000034088-25-000006,2025-01-31,xom-20250131.htm,recent
2025-02-03,3,0001127602-25-002743,2025-02-01,xslF345X02/form3.xml,recent
2025-02-03,4,0001127602-25-002680,2025-02-03,xslF345X05/form4.xml,recent
2025-02-04,SCHEDULE 13G,0000093751-25-000015,,xslSCHEDULE_13G_X01/primary_doc.xml,recent
2025-02-05,4,0001127602-25-003114,2025-02-04,xslF345X05/form4.xml,recent
2025-02-05,4,0001127602-25-003110,2025-02-04,xslF345X05/form4.xml,recent
2025-02-19,10-K,0000034088-25-000010,2024-12-31,xom-20241231.htm,recent
2025-03-06,SCHEDULE 13G/A,0000932471-25-000367,,xslSCHEDULE_13G_X01/primary_doc.xml,recent
2025-03-18,4,0001127602-25-009797,2025-03-17,xslF345X05/form4.xml,recent
2025-03-24,424B2,0001193125-25-060879,,d912237d424b2.htm,recent
2025-03-28,FWP,0001193125-25-067235,,d912237dfwp.htm,recent
2025-03-31,424B2,0001193125-25-068852,,d912237d424b2.htm,recent
2025-04-01,8-K,0001193125-25-070417,2025-03-28,d924442d8k.htm,recent
2025-04-03,8-K,0000034088-25-000017,2025-04-03,xom-20250403.htm,recent
2025-04-03,8-K,0000034088-25-000015,2025-04-02,xom-20250402.htm,recent
2025-04-07,ARS,0001193125-25-073990,2024-12-31,d898774dars.pdf,recent
2025-04-07,DEF 14A,0001193125-25-073986,2025-05-28,d895092ddef14a.htm,recent
2025-04-07,DEFA14A,0001193125-25-074002,,d935480ddefa14a.htm,recent
2025-04-07,DEFA14A,0001193125-25-073994,,d888014ddefa14a.htm,recent
2025-05-01,4,0001127602-25-012837,2025-05-01,xslF345X05/form4.xml,recent
2025-05-02,8-K,0000034088-25-000022,2025-05-02,xom-20250502.htm,recent
2025-05-02,DEFA14A,0001193125-25-110691,,d70387ddefa14a.htm,recent
2025-05-05,10-Q,0000034088-25-000024,2025-03-31,xom-20250331.htm,recent
2025-05-06,4,0001127602-25-013449,2025-05-05,xslF345X05/form4.xml,recent
2025-05-07,DEFA14A,0001193125-25-114610,,d85925ddefa14a.htm,recent
2025-05-13,PX14A6G,0001096906-25-000764,,nlpc_px14a6g.htm,recent
2025-05-13,SCHEDULE 13G,0000093751-25-000266,,xslSCHEDULE_13G_X01/primary_doc.xml,recent
2025-05-14,3,0001127602-25-014179,2025-05-01,xslF345X02/form3.xml,recent
2025-05-15,SD,0000034088-25-000027,,a2025formsd.htm,recent
2025-05-20,DEFA14A,0001193125-25-122886,,d906493ddefa14a.htm,recent
2025-05-20,DEFA14A,0001193125-25-122883,,d906493ddefa14a.htm,recent
2025-05-30,8-K,0000034088-25-000030,2025-05-28,xom-20250528.htm,recent
2025-06-03,3/A,0001127602-25-016410,2025-05-01,xslF345X02/form3a.xml,recent
2025-06-12,11-K,0000034088-25-000033,2024-12-31,xom-20241231x11k.htm,recent
2025-07-07,8-K,0000034088-25-000036,2025-07-07,xom-20250707.htm,recent
2025-08-01,8-K,0000034088-25-000040,2025-08-01,xom-20250801.htm,recent
2025-08-04,10-Q,0000034088-25-000042,2025-06-30,xom-20250630.htm,recent
2025-08-25,4,0001127602-25-020897,2025-08-22,xslF345X05/form4.xml,recent
2025-09-17,DEFA14A,0001193125-25-205261,,d940666ddefa14a.htm,recent
2025-09-26,SD,0000034088-25-000052,,xom2024formsd.htm,recent
2025-10-06,8-K,0000034088-25-000055,2025-10-06,xom-20251006.htm,recent
2025-10-31,8-K,0000034088-25-000059,2025-10-31,xom-20251031.htm,recent
2025-11-03,10-Q,0000034088-25-000061,2025-09-30,xom-20250930.htm,recent
2025-11-03,3,0000034088-25-000069,2025-11-03,xslF345X02/form3.xml,recent
2025-11-03,8-K,0000034088-25-000063,2025-10-28,xom-20251028.htm,recent
2025-11-04,4,0000034088-25-000071,2025-11-03,xslF345X05/form4.xml,recent
2025-11-05,424B2,0001193125-25-266333,,d18783d424b2.htm,recent
2025-11-07,FWP,0001193125-25-272481,,d82368dfwp.htm,recent
2025-11-12,424B2,0001193125-25-276097,,d18783d424b2.htm,recent
2025-11-13,8-K,0001193125-25-279379,2025-11-07,d82416d8k.htm,recent
2025-11-18,8-K,0000034088-25-000074,2025-11-18,xom-20251118.htm,recent
2025-11-26,4,0000034088-25-000111,2025-11-25,xslF345X05/form4.xml,recent
2025-11-26,4,0000034088-25-000109,2025-11-25,xslF345X05/form4.xml,recent
2025-11-26,4,0000034088-25-000107,2025-11-25,xslF345X05/form4.xml,recent
2025-11-26,4,0000034088-25-000104,2025-11-25,xslF345X05/form4.xml,recent
2025-11-26,4,0000034088-25-000102,2025-11-25,xslF345X05/form4.xml,recent
2025-11-26,4,0000034088-25-000100,2025-11-25,xslF345X05/form4.xml,recent
2025-11-26,4,0000034088-25-000098,2025-11-25,xslF345X05/form4.xml,recent
2025-11-26,4,0000034088-25-000096,2025-11-25,xslF345X05/form4.xml,recent
2025-11-26,4,0000034088-25-000094,2025-11-25,xslF345X05/form4.xml,recent
2025-11-26,4,0000034088-25-000092,2025-11-25,xslF345X05/form4.xml,recent
2025-11-26,4,0000034088-25-000090,2025-11-25,xslF345X05/form4.xml,recent
2025-12-02,4,0000034088-25-000119,2025-11-30,xslF345X05/form4.xml,recent
2025-12-02,4,0000034088-25-000117,2025-11-30,xslF345X05/form4.xml,recent
2025-12-02,4,0000034088-25-000115,2025-11-30,xslF345X05/form4.xml,recent
2025-12-02,4,0000034088-25-000113,2025-11-30,xslF345X05/form4.xml,recent
2025-12-09,8-K,0000034088-25-000122,2025-12-08,xom-20251208.htm,recent
2025-12-12,4,0000034088-25-000124,2025-12-11,xslF345X05/form4.xml,recent
2025-12-15,4,0000034088-25-000129,2025-12-15,xslF345X05/form4.xml,recent
2025-12-15,4,0000034088-25-000127,2025-12-12,xslF345X05/form4.xml,recent
2025-12-18,4,0000034088-25-000131,2025-12-17,xslF345X05/form4.xml,recent
2025-12-19,4,0000034088-25-000133,2025-12-18,xslF345X05/form4.xml,recent
2026-01-05,3,0000034088-26-000003,2026-01-01,xslF345X02/form3.xml,recent
2026-01-05,4,0000034088-26-000028,2026-01-02,xslF345X05/form4.xml,recent
2026-01-05,4,0000034088-26-000026,2026-01-02,xslF345X05/form4.xml,recent
2026-01-05,4,0000034088-26-000023,2026-01-02,xslF345X05/form4.xml,recent
2026-01-05,4,0000034088-26-000021,2026-01-02,xslF345X05/form4.xml,recent
2026-01-05,4,0000034088-26-000019,2026-01-02,xslF345X05/form4.xml,recent
2026-01-05,4,0000034088-26-000017,2026-01-02,xslF345X05/form4.xml,recent
2026-01-05,4,0000034088-26-000015,2026-01-02,xslF345X05/form4.xml,recent
2026-01-05,4,0000034088-26-000013,2026-01-02,xslF345X05/form4.xml,recent
2026-01-05,4,0000034088-26-000011,2026-01-02,xslF345X05/form4.xml,recent
2026-01-05,4,0000034088-26-000009,2026-01-02,xslF345X05/form4.xml,recent
2026-01-05,4,0000034088-26-000007,2026-01-02,xslF345X05/form4.xml,recent
2026-01-05,4,0000034088-26-000005,2026-01-02,xslF345X05/form4.xml,recent
2026-01-07,8-K,0000034088-26-000030,2026-01-07,xom-20260107.htm,recent
2026-01-30,8-K,0000034088-26-000033,2026-01-30,xom-20260130.htm,recent
2026-02-02,4,0000034088-26-000035,2026-02-01,xslF345X05/form4.xml,recent
2026-02-02,DEFA14A,0001193125-26-032995,,d11419ddefa14a.htm,recent
2026-02-03,3,0000034088-26-000037,2026-02-01,xslF345X02/form3.xml,recent
2026-02-03,4,0000034088-26-000039,2026-02-02,xslF345X05/form4.xml,recent
2026-02-09,4,0000034088-26-000042,2026-02-09,xslF345X05/form4.xml,recent
2026-02-18,10-K,0000034088-26-000045,2025-12-31,xom-20251231.htm,recent
2026-02-18,S-3ASR,0001193125-26-057490,,d56144ds3asr.htm,recent
2026-02-20,8-K,0000034088-26-000047,2026-02-18,xom-20260218.htm,recent
2026-03-03,4,0000034088-26-000049,2026-03-02,xslF345X05/form4.xml,recent
2026-03-10,DEFA14A,0001193125-26-099413,,d10491ddefa14a.htm,recent
2026-03-10,PRE 14A,0001193125-26-098908,2026-05-27,d16317dpre14a.htm,recent
2026-03-17,4,0000034088-26-000052,2026-03-16,xslF345X05/form4.xml,recent
2026-03-23,424B2,0001193125-26-118969,,d272925d424b2.htm,recent
2026-03-26,FWP,0001193125-26-126679,,d137060dfwp.htm,recent
2026-03-26,SCHEDULE 13G/A,0000102909-26-001239,,xslSCHEDULE_13G_X02/primary_doc.xml,recent
2026-03-27,424B2,0001193125-26-129477,,d272925d424b2.htm,recent
2026-03-31,8-K,0001193125-26-134838,2026-03-26,d121881d8k.htm,recent
2026-04-08,8-K,0000034088-26-000056,2026-04-08,xom-20260408.htm,recent
2026-04-08,ARS,0001193125-26-147617,2025-12-31,d46748dars.pdf,recent
2026-04-08,DEF 14A,0001193125-26-147614,2026-05-27,d16317ddef14a.htm,recent
2026-04-08,DEFA14A,0001193125-26-147646,,d26253ddefa14a.htm,recent
2026-04-08,DEFA14A,0001193125-26-147624,,d26207ddefa14a.htm,recent
2026-04-09,DEFA14A,0001193125-26-149088,,d105012ddefa14a.htm,recent
2026-04-29,SCHEDULE 13G,0002100119-26-000524,,xslSCHEDULE_13G_X02/primary_doc.xml,recent
2026-05-01,8-K,0000034088-26-000065,2026-05-01,xom-20260501.htm,recent
2026-05-04,10-Q,0000034088-26-000067,2026-03-31,xom-20260331.htm,recent
2026-05-04,8-K,0000034088-26-000069,2026-04-28,xom-20260428.htm,recent
2026-05-05,PX14A6G,0001214659-26-005560,,o542610px14a6g.htm,recent
2026-05-08,DEFA14A,0001193125-26-213650,,d42285ddefa14a.htm,recent
2026-05-12,DEFA14A,0001193125-26-219320,,d121241ddefa14a.htm,recent
2026-05-12,DEFA14A,0001193125-26-219305,,d124618ddefa14a.htm,recent
2026-05-12,SCHEDULE 13G,0000093751-26-000236,,xslSCHEDULE_13G_X02/primary_doc.xml,recent
2026-05-14,SD,0000034088-26-000073,,a2026formsd.htm,recent
2026-05-15,DEFA14A,0001193125-26-226496,,d119691ddefa14a.htm,recent
2026-05-20,144,0001193125-26-232863,,xsl144X01/primary_doc.xml,recent
2026-05-20,SCHEDULE 13D/A,0001193125-26-232878,,xslSCHEDULE_13D_X02/primary_doc.xml,recent
2026-05-22,4,0001193125-26-236842,2026-05-20,xslF345X06/ownership.xml,recent
2026-05-26,DEFA14A,0001193125-26-239631,,d156813ddefa14a.htm,recent
2026-05-27,4,0000034088-26-000075,2026-05-27,xslF345X06/form4.xml,recent
2026-05-29,8-K,0000034088-26-000078,2026-05-27,xom-20260527.htm,recent
2026-06-10,11-K,0000034088-26-000081,2025-12-31,xom-20260610.htm,recent
2026-07-01,4,0000034088-26-000085,2026-07-01,xslF345X06/form4.xml,recent
2026-07-01,4,0000034088-26-000083,2026-07-01,xslF345X06/form4.xml,recent
2026-07-01,8-K,0001193125-26-291986,2026-07-01,d70995d8k.htm,recent
2026-07-01,POSASR,0001193125-26-292453,,d54886dposasr.htm,recent
2026-07-02,25-NSE,0000876661-26-000593,,xslF25X02/primary_doc.xml,recent
2026-07-06,3,0000034088-26-000087,2026-07-01,xslF345X06/form3.xml,recent
2026-08-03,10-Q,0000034088-26-000093,2026-06-30,xom-20260630.htm,recent
2026-08-07,SCHEDULE 13G,0000093751-26-000461,,xslSCHEDULE_13G_X02/primary_doc.xml,recent
2026-09-21,424B3,0001193125-26-396148,,d137820d424b3.htm,recent
2026-09-23,FWP,0001193125-26-399637,,d188276dfwp.htm,recent
2026-09-25,424B2,0001193125-26-401391,,d137820d424b2.htm,recent
