filingDate,form,accession,reportDate,primaryDocument,source
1994-02-11,SC 13G/A,0000748054-94-000017,,,CIK0000826083-submissions-001.json
1994-02-14,SC 13G/A,0000888002-94-000063,,,CIK0000826083-submissions-001.json
1994-04-01,10-K,0000950134-94-000347,1994-01-30,,CIK0000826083-submissions-001.json
1994-04-07,SC 13G,0000315066-94-001084,,,CIK0000826083-submissions-001.json
1994-05-24,DEF 14A,0000950134-94-000615,1994-06-22,,CIK0000826083-submissions-001.json
1994-06-08,10-Q,0000950134-94-000674,1994-05-01,,CIK0000826083-submissions-001.json
1994-07-07,SC 13G/A,0000315066-94-001370,,,CIK0000826083-submissions-001.json
1994-07-07,SC 13G/A,0000315066-94-001315,,,CIK0000826083-submissions-001.json
1994-07-14,S-8,0000950134-94-000805,,,CIK0000826083-submissions-001.json
1994-07-14,S-8 POS,0000950134-94-000803,,,CIK0000826083-submissions-001.json
1994-07-15,S-8,0000950134-94-000809,,,CIK0000826083-submissions-001.json
1994-09-14,10-Q,0000950134-94-001107,1994-07-31,,CIK0000826083-submissions-001.json
1994-10-07,SC 13G,0000315066-94-001659,,,CIK0000826083-submissions-001.json
1994-12-13,10-Q,0000950134-94-001504,1994-10-30,,CIK0000826083-submissions-001.json
1995-02-08,SC 13G/A,0000748054-95-000004,,,CIK0000826083-submissions-001.json
1995-02-09,SC 13G/A,0000315066-95-001454,,,CIK0000826083-submissions-001.json
1995-02-21,8-K,0000950134-95-000248,1995-02-21,,CIK0000826083-submissions-001.json
1995-02-21,S-3,0000950134-95-000249,,,CIK0000826083-submissions-001.json
1995-02-21,SC 13E4,0000950134-95-000250,,,CIK0000826083-submissions-001.json
1995-02-24,SC 13E4/A,0000950134-95-000273,,,CIK0000826083-submissions-001.json
1995-03-02,SC 13E4/A,0000950134-95-000290,,,CIK0000826083-submissions-001.json
1995-03-08,SC 13E4/A,0000950134-95-000318,,,CIK0000826083-submissions-001.json
1995-03-17,10-K405,0000950134-95-000391,1995-01-29,,CIK0000826083-submissions-001.json
1995-03-17,SC 13E4/A,0000950134-95-000393,,,CIK0000826083-submissions-001.json
1995-03-28,SC 13E4/A,0000950134-95-000507,,,CIK0000826083-submissions-001.json
1995-04-06,10-C,0000950134-95-000667,1995-03-31,,CIK0000826083-submissions-001.json
1995-04-07,10-K405/A,0000950134-95-000670,1995-01-29,,CIK0000826083-submissions-001.json
1995-04-07,S-3/A,0000950134-95-000668,,,CIK0000826083-submissions-001.json
1995-04-20,10-K405/A,0000950134-95-000783,1995-01-29,,CIK0000826083-submissions-001.json
1995-04-20,S-3/A,0000950134-95-000782,,,CIK0000826083-submissions-001.json
1995-04-26,S-3/A,0000950134-95-000829,,,CIK0000826083-submissions-001.json
1995-05-11,PRE 14A,0000950134-95-001006,1995-07-21,,CIK0000826083-submissions-001.json
1995-06-02,8-K,0000950134-95-001289,1995-05-15,,CIK0000826083-submissions-001.json
1995-06-02,S-3,0000950134-95-001301,,,CIK0000826083-submissions-001.json
1995-06-09,424B2,0000950134-95-001339,,,CIK0000826083-submissions-001.json
1995-06-09,DEF 14A,0000950134-95-001352,1995-07-21,,CIK0000826083-submissions-001.json
1995-06-14,10-Q,0000950134-95-001394,1995-04-30,,CIK0000826083-submissions-001.json
1995-06-26,POS AM,0000950134-95-001453,,,CIK0000826083-submissions-001.json
1995-09-12,10-Q,0000950134-95-002259,1995-07-30,,CIK0000826083-submissions-001.json
1995-10-06,S-8,0000950134-95-002435,,,CIK0000826083-submissions-001.json
1995-10-31,10-C,0000950134-95-002641,1995-10-27,,CIK0000826083-submissions-001.json
1995-11-30,8-A12G,0000950134-95-003161,,,CIK0000826083-submissions-001.json
1995-11-30,8-K,0000950134-95-003162,1995-11-29,,CIK0000826083-submissions-001.json
1995-12-08,10-Q,0000950134-95-003263,1995-10-29,,CIK0000826083-submissions-001.json
1996-01-10,SC 13G/A,0000315066-96-000030,,,CIK0000826083-submissions-001.json
1996-02-09,SC 13G/A,0000748054-96-000005,,,CIK0000826083-submissions-001.json
1996-02-14,SC 13G,0000729057-96-000230,,,CIK0000826083-submissions-001.json
1996-03-28,10-K405,0000950134-96-000963,1996-01-28,,CIK0000826083-submissions-001.json
1996-05-23,8-K,0000950134-96-002421,1996-05-23,,CIK0000826083-submissions-001.json
1996-05-24,DEF 14A,0000950134-96-002447,1996-07-12,,CIK0000826083-submissions-001.json
1996-06-03,DEFA14A,0000950134-96-002608,,,CIK0000826083-submissions-001.json
1996-06-06,10-Q,0000950134-96-002712,1996-04-28,,CIK0000826083-submissions-001.json
1996-09-06,10-Q,0000950134-96-004702,1996-07-28,,CIK0000826083-submissions-001.json
1996-12-09,10-Q,0000950134-96-006745,1996-10-27,,CIK0000826083-submissions-001.json
1996-12-10,10-C,0000950134-96-006761,1996-12-06,,CIK0000826083-submissions-001.json
1997-02-03,SC 13G/A,0000053417-97-000078,,,CIK0000826083-submissions-001.json
1997-02-06,SC 13G/A,0000729057-97-000094,,,CIK0000826083-submissions-001.json
1997-02-10,SC 13G/A,0000748054-97-000073,,,CIK0000826083-submissions-001.json
1997-02-11,SC 13G,0000315066-97-000408,,,CIK0000826083-submissions-001.json
1997-02-12,SC 13G/A,0000950129-97-000543,,,CIK0000826083-submissions-001.json
1997-04-07,10-K405,0000950134-97-002688,1997-02-02,,CIK0000826083-submissions-001.json
1997-05-22,PRE 14A,0000950134-97-004205,1997-07-18,,CIK0000826083-submissions-001.json
1997-06-02,10-Q,0000950134-97-004374,1997-05-04,,CIK0000826083-submissions-001.json
1997-06-02,DEF 14A,0000950134-97-004376,1997-07-18,,CIK0000826083-submissions-001.json
1997-06-09,DEFA14A,0000950134-97-004506,,,CIK0000826083-submissions-001.json
1997-09-03,10-Q,0000950134-97-006524,1997-08-03,,CIK0000826083-submissions-001.json
1997-12-05,10-Q,0000950134-97-009155,1997-11-02,,CIK0000826083-submissions-001.json
1998-02-10,SC 13G/A,0000315066-98-000458,,,CIK0000826083-submissions-001.json
1998-02-13,SC 13G,0000888002-98-000031,,,CIK0000826083-submissions-001.json
1998-03-12,S-3,0000950134-98-001994,,,CIK0000826083-submissions-001.json
1998-04-03,S-3/A,0000950134-98-002949,,,CIK0000826083-submissions-001.json
1998-04-14,10-K,0000950134-98-003218,1998-02-01,,CIK0000826083-submissions-001.json
1998-04-14,424B2,0000950134-98-003229,,,CIK0000826083-submissions-001.json
1998-04-17,305B2,0000950134-98-003349,,,CIK0000826083-submissions-001.json
1998-04-23,424B2,0000950134-98-003472,,,CIK0000826083-submissions-001.json
1998-04-28,8-K,0000950134-98-003605,1998-04-22,,CIK0000826083-submissions-001.json
1998-05-08,PRE 14A,0000950134-98-003949,1998-07-17,,CIK0000826083-submissions-001.json
1998-05-27,10-K/A,0000950134-98-004736,1998-02-01,,CIK0000826083-submissions-001.json
1998-06-02,DEF 14A,0000950134-98-004977,1998-07-17,,CIK0000826083-submissions-001.json
1998-06-11,10-Q,0000950134-98-005193,1998-05-03,,CIK0000826083-submissions-001.json
1998-06-29,S-8,0000950134-98-005602,,,CIK0000826083-submissions-001.json
1998-09-11,10-Q,0000950134-98-007515,1998-08-02,,CIK0000826083-submissions-001.json
1998-10-30,S-8,0000950134-98-008367,,,CIK0000826083-submissions-001.json
1998-12-14,10-Q,0000950134-98-009625,1998-11-01,,CIK0000826083-submissions-001.json
1998-12-21,8-K,0000950134-98-009817,1998-12-11,,CIK0000826083-submissions-001.json
1999-02-09,4,0001077818-99-000004,1999-01-01,,CIK0000826083-submissions-001.json
1999-02-12,SC 13G/A,0000888002-99-000027,,,CIK0000826083-submissions-001.json
1999-03-09,4,0001077829-99-000001,1999-02-01,,CIK0000826083-submissions-001.json
1999-03-09,4,0001077825-99-000001,1999-02-01,,CIK0000826083-submissions-001.json
1999-03-09,4,0001077819-99-000001,1999-02-01,,CIK0000826083-submissions-001.json
1999-03-10,4,0001077817-99-000001,1999-02-01,,CIK0000826083-submissions-001.json
1999-03-10,4,0000908724-99-000002,1999-02-01,,CIK0000826083-submissions-001.json
1999-03-15,5,0001077848-99-000001,1999-01-29,,CIK0000826083-submissions-001.json
1999-03-15,5,0001077846-99-000001,1999-01-29,,CIK0000826083-submissions-001.json
1999-03-15,5,0001077845-99-000001,1999-01-29,,CIK0000826083-submissions-001.json
1999-03-15,5,0001077844-99-000001,1999-01-29,,CIK0000826083-submissions-001.json
1999-03-15,5,0001077841-99-000001,1999-01-29,,CIK0000826083-submissions-001.json
1999-03-15,5,0001077840-99-000001,1999-01-29,,CIK0000826083-submissions-001.json
1999-03-15,5,0001077837-99-000001,1999-01-29,,CIK0000826083-submissions-001.json
1999-03-15,5,0001077834-99-000001,1999-01-29,,CIK0000826083-submissions-001.json
1999-03-15,5,0001077832-99-000003,1999-01-29,,CIK0000826083-submissions-001.json
1999-03-15,5,0001077832-99-000002,1999-01-29,,CIK0000826083-submissions-001.json
1999-03-15,5,0001077832-99-000001,1999-01-29,,CIK0000826083-submissions-001.json
1999-03-15,5,0001077830-99-000001,1999-01-29,,CIK0000826083-submissions-001.json
1999-03-15,5,0001077829-99-000003,1999-01-29,,CIK0000826083-submissions-001.json
1999-03-15,5,0001077827-99-000001,1999-01-29,,CIK0000826083-submissions-001.json
1999-03-15,5,0001077826-99-000001,1999-01-29,,CIK0000826083-submissions-001.json
1999-03-15,5,0001077825-99-000002,1999-01-29,,CIK0000826083-submissions-001.json
1999-03-15,5,0001077824-99-000001,1999-01-29,,CIK0000826083-submissions-001.json
1999-03-15,5,0001077823-99-000001,1999-01-29,,CIK0000826083-submissions-001.json
1999-03-15,5,0001077822-99-000001,1999-01-29,,CIK0000826083-submissions-001.json
1999-03-15,5,0001077821-99-000001,1999-01-29,,CIK0000826083-submissions-001.json
1999-03-15,5,0001077820-99-000001,1999-01-29,,CIK0000826083-submissions-001.json
1999-03-15,5,0001077819-99-000002,1999-01-29,,CIK0000826083-submissions-001.json
1999-03-15,5,0001077818-99-000005,1999-01-29,,CIK0000826083-submissions-001.json
1999-03-15,5,0001077817-99-000002,1999-01-29,,CIK0000826083-submissions-001.json
1999-03-15,5,0001077816-99-000002,1999-01-29,,CIK0000826083-submissions-001.json
1999-03-15,5,0001077816-99-000001,1999-01-29,,CIK0000826083-submissions-001.json
1999-03-15,5,0001052297-99-000001,1999-01-29,,CIK0000826083-submissions-001.json
1999-03-15,5,0000908724-99-000003,1999-01-29,,CIK0000826083-submissions-001.json
1999-04-08,4,0001077841-99-000004,1999-03-01,,CIK0000826083-submissions-001.json
1999-04-08,4,0001077832-99-000004,1999-03-01,,CIK0000826083-submissions-001.json
1999-04-08,4,0001077824-99-000002,1999-03-01,,CIK0000826083-submissions-001.json
1999-04-08,4,0001077823-99-000002,1999-03-01,,CIK0000826083-submissions-001.json
1999-04-08,4,0001077821-99-000002,1999-03-01,,CIK0000826083-submissions-001.json
1999-04-08,4,0001077818-99-000006,1999-03-01,,CIK0000826083-submissions-001.json
1999-04-08,4,0000908724-99-000004,1999-03-01,,CIK0000826083-submissions-001.json
1999-04-27,10-K,0000950134-99-003281,1999-01-29,,CIK0000826083-submissions-001.json
1999-05-05,PRE 14A,0000950134-99-003547,1999-07-16,,CIK0000826083-submissions-001.json
1999-05-18,5,0001052297-99-000002,1999-02-01,,CIK0000826083-submissions-001.json
1999-05-28,DEF 14A,0000950134-99-004989,1999-07-16,,CIK0000826083-submissions-001.json
1999-06-09,4,0001077845-99-000002,1999-05-01,,CIK0000826083-submissions-001.json
1999-06-09,4,0000908724-99-000005,1999-05-01,,CIK0000826083-submissions-001.json
1999-06-14,10-Q,0000950134-99-005482,1999-04-30,,CIK0000826083-submissions-001.json
1999-07-09,4,0001077845-99-000003,1999-06-01,,CIK0000826083-submissions-001.json
1999-07-09,4,0001077841-99-000005,1999-06-01,,CIK0000826083-submissions-001.json
1999-07-09,4,0001077834-99-000003,1999-06-01,,CIK0000826083-submissions-001.json
1999-07-09,4,0001077829-99-000004,1999-06-01,,CIK0000826083-submissions-001.json
1999-07-09,4,0001077825-99-000003,1999-06-01,,CIK0000826083-submissions-001.json
1999-07-09,4,0001077823-99-000003,1999-06-01,,CIK0000826083-submissions-001.json
1999-07-09,4,0001077819-99-000003,1999-06-01,,CIK0000826083-submissions-001.json
1999-07-09,4,0000908724-99-000006,1999-06-01,,CIK0000826083-submissions-001.json
1999-09-10,10-Q,0000950134-99-008196,1999-07-30,0000950134-99-008196-d1.html,CIK0000826083-submissions-001.json
1999-09-10,4,0001077848-99-000002,1999-08-01,,CIK0000826083-submissions-001.json
1999-09-10,4,0001077845-99-000004,1999-08-01,,CIK0000826083-submissions-001.json
1999-09-10,4,0001077841-99-000006,1999-08-01,,CIK0000826083-submissions-001.json
1999-09-10,4,0001077834-99-000004,1999-08-01,,CIK0000826083-submissions-001.json
1999-09-10,4,0001077832-99-000005,1999-08-01,,CIK0000826083-submissions-001.json
1999-09-10,4,0001077826-99-000002,1999-08-01,,CIK0000826083-submissions-001.json
1999-09-10,4,0001077824-99-000003,1999-08-01,,CIK0000826083-submissions-001.json
1999-09-10,4,0001077822-99-000004,1999-08-01,,CIK0000826083-submissions-001.json
1999-09-10,4,0001077821-99-000003,1999-08-01,,CIK0000826083-submissions-001.json
1999-09-10,4,0001077819-99-000004,1999-08-01,,CIK0000826083-submissions-001.json
1999-09-10,4,0001077818-99-000007,1999-08-01,,CIK0000826083-submissions-001.json
1999-09-10,4,0001077816-99-000004,1999-08-01,,CIK0000826083-submissions-001.json
1999-09-10,4,0001077816-99-000003,1999-08-01,,CIK0000826083-submissions-001.json
1999-09-10,4,0000908724-99-000007,1999-08-01,,CIK0000826083-submissions-001.json
1999-10-08,4,0001077848-99-000003,1999-09-01,,CIK0000826083-submissions-001.json
1999-10-08,4,0001077834-99-000005,1999-09-01,,CIK0000826083-submissions-001.json
1999-10-08,4,0001077829-99-000005,1999-09-01,,CIK0000826083-submissions-001.json
1999-10-08,4,0001077826-99-000003,1999-09-01,,CIK0000826083-submissions-001.json
1999-10-08,4,0001077825-99-000005,1999-09-01,,CIK0000826083-submissions-001.json
1999-10-08,4,0001077824-99-000004,1999-09-01,,CIK0000826083-submissions-001.json
1999-10-08,4,0001077823-99-000004,1999-09-01,,CIK0000826083-submissions-001.json
1999-10-08,4,0001077821-99-000004,1999-09-01,,CIK0000826083-submissions-001.json
1999-10-08,4,0001077820-99-000002,1999-09-01,,CIK0000826083-submissions-001.json
1999-10-08,4,0000908724-99-000008,1999-09-01,,CIK0000826083-submissions-001.json
1999-12-07,4,0001077829-99-000006,1999-11-01,,CIK0000826083-submissions-001.json
1999-12-07,4,0001077826-99-000004,1999-11-01,,CIK0000826083-submissions-001.json
1999-12-07,4,0001077823-99-000005,1999-11-01,,CIK0000826083-submissions-001.json
1999-12-07,4,0001077821-99-000005,1999-11-01,,CIK0000826083-submissions-001.json
1999-12-07,4,0001077820-99-000003,1999-11-01,,CIK0000826083-submissions-001.json
1999-12-07,4,0000908724-99-000009,1999-11-01,,CIK0000826083-submissions-001.json
1999-12-13,10-Q,0000950134-99-011001,1999-10-29,0000950134-99-011001-d1.html,CIK0000826083-submissions-001.json
2000-01-10,4,0001077848-00-000001,1999-12-01,,CIK0000826083-submissions-001.json
2000-01-10,4,0001077845-00-000001,1999-12-01,,CIK0000826083-submissions-001.json
2000-01-10,4,0001077841-00-000001,1999-12-01,,CIK0000826083-submissions-001.json
2000-01-10,4,0001077829-00-000001,1999-12-01,,CIK0000826083-submissions-001.json
2000-01-10,4,0001077825-00-000001,1999-12-01,,CIK0000826083-submissions-001.json
2000-01-10,4,0001077821-00-000001,1999-12-01,,CIK0000826083-submissions-001.json
2000-01-10,4,0001077820-00-000001,1999-12-01,,CIK0000826083-submissions-001.json
2000-01-10,4,0001077816-00-000004,1999-12-01,,CIK0000826083-submissions-001.json
2000-01-10,4,0000908724-00-000001,1999-12-01,,CIK0000826083-submissions-001.json
2000-01-11,4,0001077824-00-000004,1999-12-01,,CIK0000826083-submissions-001.json
2000-01-11,4,0001077818-00-000001,1999-12-01,,CIK0000826083-submissions-001.json
2000-01-20,4,0001077829-00-000002,1999-12-01,,CIK0000826083-submissions-001.json
2000-02-09,4,0001077848-00-000002,2000-01-01,,CIK0000826083-submissions-001.json
2000-02-09,4,0001077844-00-000001,2000-01-01,,CIK0000826083-submissions-001.json
2000-02-09,4,0001077834-00-000001,2000-01-01,,CIK0000826083-submissions-001.json
2000-02-09,4,0001077824-00-000005,2000-01-01,,CIK0000826083-submissions-001.json
2000-02-09,4,0000908724-00-000002,2000-01-01,,CIK0000826083-submissions-001.json
2000-03-07,4,0001106854-00-000001,2000-02-01,,CIK0000826083-submissions-001.json
2000-03-07,4,0001077817-00-000001,2000-02-01,,CIK0000826083-submissions-001.json
2000-03-07,4,0000908724-00-000004,2000-01-01,,CIK0000826083-submissions-001.json
2000-03-07,4,0000908724-00-000003,1999-09-01,,CIK0000826083-submissions-001.json
2000-03-09,5,0001088860-00-000001,2000-01-28,,CIK0000826083-submissions-001.json
2000-03-09,5,0001077848-00-000003,2000-01-28,,CIK0000826083-submissions-001.json
2000-03-09,5,0001077846-00-000001,2000-01-29,,CIK0000826083-submissions-001.json
2000-03-09,5,0001077845-00-000002,2000-01-28,,CIK0000826083-submissions-001.json
2000-03-09,5,0001077844-00-000002,2000-01-28,,CIK0000826083-submissions-001.json
2000-03-09,5,0001077841-00-000002,2000-01-28,,CIK0000826083-submissions-001.json
2000-03-09,5,0001077840-00-000001,2000-01-28,,CIK0000826083-submissions-001.json
2000-03-09,5,0001077834-00-000002,2000-01-28,,CIK0000826083-submissions-001.json
2000-03-09,5,0001077829-00-000003,2000-01-28,,CIK0000826083-submissions-001.json
2000-03-09,5,0001077826-00-000001,2000-01-28,,CIK0000826083-submissions-001.json
2000-03-09,5,0001077825-00-000002,2000-01-28,,CIK0000826083-submissions-001.json
2000-03-09,5,0001077824-00-000006,2000-01-28,,CIK0000826083-submissions-001.json
2000-03-09,5,0001077821-00-000002,2000-01-28,,CIK0000826083-submissions-001.json
2000-03-09,5,0001077818-00-000002,2000-01-28,,CIK0000826083-submissions-001.json
2000-03-09,5,0001077817-00-000002,2000-01-28,,CIK0000826083-submissions-001.json
2000-03-09,5,0001052297-00-000001,2000-01-28,,CIK0000826083-submissions-001.json
2000-03-09,5,0001012107-00-000001,2000-01-28,,CIK0000826083-submissions-001.json
2000-03-09,5,0000908724-00-000005,2000-01-28,,CIK0000826083-submissions-001.json
2000-03-10,5,0001077830-00-000001,2000-01-28,,CIK0000826083-submissions-001.json
2000-03-10,5,0001077823-00-000001,2000-01-28,,CIK0000826083-submissions-001.json
2000-03-10,5,0001077820-00-000002,2000-01-28,,CIK0000826083-submissions-001.json
2000-03-10,5,0001077816-00-000005,2000-01-28,,CIK0000826083-submissions-001.json
2000-03-10,5,0001021567-00-000001,2000-01-28,,CIK0000826083-submissions-001.json
2000-03-23,5,0001077823-00-000003,2000-01-28,,CIK0000826083-submissions-001.json
2000-04-07,4,0001077846-00-000002,2000-03-01,,CIK0000826083-submissions-001.json
2000-04-07,4,0001077841-00-000003,2000-03-01,,CIK0000826083-submissions-001.json
2000-04-07,4,0001077829-00-000004,2000-03-01,,CIK0000826083-submissions-001.json
2000-04-07,4,0001077826-00-000002,2000-03-01,,CIK0000826083-submissions-001.json
2000-04-07,4,0001077825-00-000003,2000-03-01,,CIK0000826083-submissions-001.json
2000-04-07,4,0001077820-00-000003,2000-03-01,,CIK0000826083-submissions-001.json
2000-04-07,4,0001077818-00-000003,2000-03-01,,CIK0000826083-submissions-001.json
2000-04-07,4,0001077816-00-000006,2000-03-01,,CIK0000826083-submissions-001.json
2000-04-07,4,0000908724-00-000006,2000-03-01,,CIK0000826083-submissions-001.json
2000-04-14,10-K,0000950134-00-003430,2000-01-28,0000950134-00-003430-d1.html,CIK0000826083-submissions-001.json
2000-05-11,4,0001088860-00-000002,2000-03-01,,CIK0000826083-submissions-001.json
2000-05-11,5,0001077824-00-000009,2000-01-28,,CIK0000826083-submissions-001.json
2000-05-25,4,0000908724-00-000007,2000-04-01,,CIK0000826083-submissions-001.json
2000-05-30,DEF 14A,0000950134-00-005074,2000-07-20,,CIK0000826083-submissions-001.json
2000-06-08,4,0000908724-00-000008,2000-05-01,0001.txt,CIK0000826083-submissions-001.json
2000-06-09,10-Q,0000950129-00-002972,2000-04-28,0001.htm,CIK0000826083-submissions-001.json
2000-07-10,4,0001077848-00-000004,2000-06-01,0001.txt,CIK0000826083-submissions-001.json
2000-07-10,4,0001077841-00-000004,2000-06-01,0001.txt,CIK0000826083-submissions-001.json
2000-07-10,4,0001077829-00-000005,2000-06-01,0001.txt,CIK0000826083-submissions-001.json
2000-07-10,4,0001077825-00-000004,2000-06-01,0001.txt,CIK0000826083-submissions-001.json
2000-07-10,4,0001077820-00-000004,2000-06-01,0001.txt,CIK0000826083-submissions-001.json
2000-07-10,4,0001077818-00-000004,2000-06-01,0001.txt,CIK0000826083-submissions-001.json
2000-07-10,4,0000908724-00-000009,2000-06-01,0001.txt,CIK0000826083-submissions-001.json
2000-07-20,SC 13G,0000950134-00-005830,,sc13g.htm,CIK0000826083-submissions-001.json
2000-08-09,4,0001077826-00-000003,2000-07-01,0001.txt,CIK0000826083-submissions-001.json
2000-08-09,4,0001077821-00-000003,2000-07-01,0001.txt,CIK0000826083-submissions-001.json
2000-08-09,4,0000908724-00-000010,2000-07-01,0001.txt,CIK0000826083-submissions-001.json
2000-09-08,10-Q,0000950134-00-007774,2000-07-28,d80128e10-q.htm,CIK0000826083-submissions-001.json
2000-09-08,4,0001077818-00-000005,2000-08-01,0001.txt,CIK0000826083-submissions-001.json
2000-09-11,4,0000908724-00-000012,2000-08-01,0001.txt,CIK0000826083-submissions-001.json
2000-09-11,4,0000908724-00-000011,2000-08-01,0001.txt,CIK0000826083-submissions-001.json
2000-10-10,4,0001077841-00-000005,2000-09-01,0001.txt,CIK0000826083-submissions-001.json
2000-10-10,4,0001077829-00-000006,2000-09-01,0001.txt,CIK0000826083-submissions-001.json
2000-10-10,4,0001052297-00-000002,2000-09-01,0001.txt,CIK0000826083-submissions-001.json
2000-10-10,4,0000908724-00-000013,2000-09-01,0001.txt,CIK0000826083-submissions-001.json
2000-10-12,4,0001077848-00-000005,2000-09-01,0001.txt,CIK0000826083-submissions-001.json
2000-10-31,S-8,0000950134-00-008949,,d81329s-8.htm,CIK0000826083-submissions-001.json
2000-10-31,S-8,0000950134-00-008947,,d81330s-8.htm,CIK0000826083-submissions-001.json
2000-11-09,4,0001106854-00-000002,2000-10-01,0001.txt,CIK0000826083-submissions-001.json
2000-11-09,4,0001077844-00-000003,2000-10-01,0001.txt,CIK0000826083-submissions-001.json
2000-11-09,4,0000908724-00-000014,2000-10-01,0001.txt,CIK0000826083-submissions-001.json
2000-12-08,10-Q,0000950134-00-010368,2000-10-27,d82529e10-q.htm,CIK0000826083-submissions-001.json
2000-12-08,4,0001109494-00-000002,2000-11-01,0001.txt,CIK0000826083-submissions-001.json
2000-12-08,4,0001077848-00-000006,2000-11-01,0001.txt,CIK0000826083-submissions-001.json
2000-12-11,4,0001077820-00-000005,2000-11-01,0001.txt,CIK0000826083-submissions-001.json
2000-12-12,4,0000908724-00-000016,2000-12-01,0001.txt,CIK0000826083-submissions-001.json
2000-12-12,4,0000908724-00-000015,2000-12-01,0001.txt,CIK0000826083-submissions-001.json
2001-01-05,4,0000908724-01-000001,2001-01-01,0001.txt,CIK0000826083-submissions-001.json
2001-01-08,4,0001109494-01-000001,2000-12-01,0001.txt,CIK0000826083-submissions-001.json
2001-01-08,4,0001077848-01-000001,2000-12-01,0001.txt,CIK0000826083-submissions-001.json
2001-01-08,4,0001077829-01-000001,2000-12-01,0001.txt,CIK0000826083-submissions-001.json
2001-01-08,4,0001077825-01-000001,2000-12-01,0001.txt,CIK0000826083-submissions-001.json
2001-01-08,4,0001012107-01-000001,2000-12-01,0001.txt,CIK0000826083-submissions-001.json
2001-02-14,SC 13G,0000950134-01-001335,,d83937fsc13g.htm,CIK0000826083-submissions-001.json
2001-02-14,SC 13G,0000950134-01-001334,,d83937gsc13g.htm,CIK0000826083-submissions-001.json
2001-02-14,SC 13G,0000950134-01-001333,,d83937esc13g.htm,CIK0000826083-submissions-001.json
2001-02-14,SC 13G,0000950134-01-001331,,d83937dsc13g.htm,CIK0000826083-submissions-001.json
2001-02-14,SC 13G,0000950134-01-001330,,d83937csc13g.htm,CIK0000826083-submissions-001.json
2001-02-14,SC 13G/A,0000950134-01-001328,,d83937bsc13ga.htm,CIK0000826083-submissions-001.json
2001-02-14,SC 13G/A,0000950134-01-001326,,d83937sc13ga.htm,CIK0000826083-submissions-001.json
2001-03-05,3,0001106852-01-000001,1999-12-09,0001.txt,CIK0000826083-submissions-001.json
2001-03-06,5,0001106852-01-000002,2001-02-01,0001.txt,CIK0000826083-submissions-001.json
2001-03-06,5,0001077841-01-000001,2001-02-01,0001.txt,CIK0000826083-submissions-001.json
2001-03-06,5,0001077830-01-000001,2001-02-01,0001.txt,CIK0000826083-submissions-001.json
2001-03-06,5,0001077829-01-000002,2001-02-01,0001.txt,CIK0000826083-submissions-001.json
2001-03-06,5,0001077826-01-000001,2001-02-01,0001.txt,CIK0000826083-submissions-001.json
2001-03-06,5,0001077821-01-000001,2001-02-01,0001.txt,CIK0000826083-submissions-001.json
2001-03-06,5,0001052297-01-000001,2001-02-01,0001.txt,CIK0000826083-submissions-001.json
2001-03-06,5,0001012107-01-000002,2001-02-01,0001.txt,CIK0000826083-submissions-001.json
2001-03-09,4,0001077817-01-000002,2001-02-01,0001.txt,CIK0000826083-submissions-001.json
2001-03-09,4,0001052297-01-000002,2001-02-01,0001.txt,CIK0000826083-submissions-001.json
2001-03-09,5,0001109495-01-000001,2001-02-01,0001.txt,CIK0000826083-submissions-001.json
2001-03-09,5,0001106854-01-000001,2001-02-01,0001.txt,CIK0000826083-submissions-001.json
2001-03-09,5,0001088860-01-000001,2001-02-01,0001.txt,CIK0000826083-submissions-001.json
2001-03-09,5,0001077848-01-000002,2001-02-01,0001.txt,CIK0000826083-submissions-001.json
2001-03-09,5,0001077846-01-000002,2001-02-01,0001.txt,CIK0000826083-submissions-001.json
2001-03-09,5,0001077844-01-000001,2001-02-01,0001.txt,CIK0000826083-submissions-001.json
2001-03-09,5,0001077825-01-000002,2001-02-01,0001.txt,CIK0000826083-submissions-001.json
2001-03-09,5,0001077824-01-000001,2001-02-01,0001.txt,CIK0000826083-submissions-001.json
2001-03-09,5,0001077820-01-000001,2001-02-01,0001.txt,CIK0000826083-submissions-001.json
2001-03-09,5,0001077818-01-000001,2001-02-01,0001.txt,CIK0000826083-submissions-001.json
2001-03-09,5,0001077817-01-000001,2001-02-01,0001.txt,CIK0000826083-submissions-001.json
2001-03-09,5,0001077816-01-000001,2001-02-01,0001.txt,CIK0000826083-submissions-001.json
2001-03-09,5,0000908724-01-000002,2001-02-01,0001.txt,CIK0000826083-submissions-001.json
2001-04-09,4,0001077829-01-000003,2001-03-01,0001.txt,CIK0000826083-submissions-001.json
2001-04-09,4,0001077825-01-000004,2001-03-01,0001.txt,CIK0000826083-submissions-001.json
2001-04-09,4,0001077821-01-000002,2001-03-01,0001.txt,CIK0000826083-submissions-001.json
2001-04-09,4,0001077820-01-000002,2001-03-01,0001.txt,CIK0000826083-submissions-001.json
2001-04-09,4,0000908724-01-000003,2001-03-01,0001.txt,CIK0000826083-submissions-001.json
2001-04-09,5,0001077825-01-000003,2001-02-01,0001.txt,CIK0000826083-submissions-001.json
2001-05-02,10-K,0000950134-01-501052,2001-02-02,d86544e10-k.htm,CIK0000826083-submissions-001.json
2001-05-31,DEF 14A,0001021408-01-501579,2001-07-19,ddef14a.htm,CIK0000826083-submissions-001.json
2001-06-07,4,0001077846-01-500003,2001-05-01,edgar.txt,CIK0000826083-submissions-001.json
2001-06-07,4,0000908724-01-500006,2001-05-01,edgar.txt,CIK0000826083-submissions-001.json
2001-06-08,4,0001077825-01-500002,2001-05-01,edgar.txt,CIK0000826083-submissions-001.json
2001-06-08,4,0001077816-01-500002,2001-05-01,edgar.txt,CIK0000826083-submissions-001.json
2001-06-15,10-Q,0000950134-01-503239,2001-05-04,d88431e10-q.htm,CIK0000826083-submissions-001.json
2001-06-19,4,0000908724-01-500007,2001-06-01,edgar.txt,CIK0000826083-submissions-001.json
2001-07-09,4,0001077829-01-500002,2001-06-01,edgar.txt,CIK0000826083-submissions-001.json
2001-07-09,4,0001077825-01-500003,2001-06-01,edgar.txt,CIK0000826083-submissions-001.json
2001-07-09,4,0001077824-01-500002,2001-06-01,edgar.txt,CIK0000826083-submissions-001.json
2001-07-09,4,0001077820-01-500002,2001-06-01,edgar.txt,CIK0000826083-submissions-001.json
2001-07-09,4,0001077818-01-500002,2001-06-01,edgar.txt,CIK0000826083-submissions-001.json
2001-07-09,4,0001077816-01-500003,2001-06-01,edgar.txt,CIK0000826083-submissions-001.json
2001-08-07,4,0001077844-01-500002,2001-07-01,edgar.txt,CIK0000826083-submissions-001.json
2001-08-07,4,0001077826-01-500002,2001-07-01,edgar.txt,CIK0000826083-submissions-001.json
2001-08-08,4,0001077824-01-500003,2001-07-01,edgar.txt,CIK0000826083-submissions-001.json
2001-08-08,4,0001077821-01-500002,2001-07-01,edgar.txt,CIK0000826083-submissions-001.json
2001-08-22,4,0001077824-01-500004,2001-07-01,edgar.txt,CIK0000826083-submissions-001.json
2001-09-04,4,0000908724-01-500008,2001-09-01,edgar.txt,CIK0000826083-submissions-001.json
2001-09-10,4,0001077824-01-500005,2001-08-01,edgar.txt,CIK0000826083-submissions-001.json
2001-09-10,4,0001077818-01-500003,2001-08-01,edgar.txt,CIK0000826083-submissions-001.json
2001-09-17,10-Q,0000950134-01-506403,2001-08-03,d90539e10-q.htm,CIK0000826083-submissions-001.json
2001-09-20,11-K,0000950134-01-506513,2000-12-31,d90770e11-k.htm,CIK0000826083-submissions-001.json
2001-09-20,11-K,0000950134-01-506511,2000-12-31,d90772e11-k.htm,CIK0000826083-submissions-001.json
2001-09-20,S-8,0000950134-01-506504,,d90771s-8.htm,CIK0000826083-submissions-001.json
2001-09-20,S-8,0000950134-01-506503,,d90769s-8.htm,CIK0000826083-submissions-001.json
2001-10-02,4/A,0000950134-01-506956,2001-09-04,d91094ae4a.htm,CIK0000826083-submissions-001.json
2001-11-08,4,0001077829-01-500003,2001-10-01,edgar.txt,CIK0000826083-submissions-001.json
2001-12-06,4,0001077841-01-500002,2001-11-01,edgar.txt,CIK0000826083-submissions-001.json
2001-12-06,4,0001077826-01-500003,2001-11-01,edgar.txt,CIK0000826083-submissions-001.json
2001-12-06,4,0001077816-01-500004,2001-11-01,edgar.txt,CIK0000826083-submissions-001.json
2001-12-06,4,0001052297-01-500002,2001-11-01,edgar.txt,CIK0000826083-submissions-001.json
2001-12-07,4,0001077829-01-500004,2001-11-01,edgar.txt,CIK0000826083-submissions-001.json
2001-12-17,10-Q,0000950134-01-509549,2001-11-02,d92912e10-q.htm,CIK0000826083-submissions-001.json
2002-01-09,4,0001077829-02-000001,2001-12-01,edgar.txt,CIK0000826083-submissions-001.json
2002-01-09,4,0001077826-02-000001,2001-12-01,edgar.txt,CIK0000826083-submissions-001.json
2002-01-09,4,0001077824-02-000001,2001-12-01,edgar.txt,CIK0000826083-submissions-001.json
2002-01-09,4,0001077816-02-000001,2001-12-01,edgar.txt,CIK0000826083-submissions-001.json
2002-01-09,4,0001012107-02-000001,2001-12-01,edgar.txt,CIK0000826083-submissions-001.json
2002-02-08,4,0001077829-02-000002,2002-01-01,edgar.txt,CIK0000826083-submissions-001.json
2002-02-08,4,0001077826-02-000002,2002-01-01,edgar.txt,CIK0000826083-submissions-001.json
2002-02-08,4,0001077824-02-000002,2002-01-01,edgar.txt,CIK0000826083-submissions-001.json
2002-02-13,SC 13G/A,0000950134-02-001183,,d94187a2sc13ga.txt,CIK0000826083-submissions-001.json
2002-02-13,SC 13G/A,0000950134-02-001182,,d94166a1sc13ga.txt,CIK0000826083-submissions-001.json
2002-02-13,SC 13G/A,0000950134-02-001181,,d94164a1sc13ga.txt,CIK0000826083-submissions-001.json
2002-02-13,SC 13G/A,0000950134-02-001179,,d94165a1sc13ga.txt,CIK0000826083-submissions-001.json
2002-02-13,SC 13G/A,0000950134-02-001178,,d94163a1sc13ga.txt,CIK0000826083-submissions-001.json
2002-02-13,SC 13G/A,0000950134-02-001177,,d94238a1sc13ga.txt,CIK0000826083-submissions-001.json
2002-02-14,SC 13G/A,0000950134-02-001343,,d94167a2sc13ga.txt,CIK0000826083-submissions-001.json
2002-03-14,5,0001140890-02-000001,2002-01-01,edgar.txt,CIK0000826083-submissions-001.json
2002-03-14,5,0001140889-02-000002,2002-01-01,edgar.txt,CIK0000826083-submissions-001.json
2002-03-14,5,0001140889-02-000001,2002-01-01,edgar.txt,CIK0000826083-submissions-001.json
2002-03-14,5,0001106854-02-000002,2002-01-01,edgar.txt,CIK0000826083-submissions-001.json
2002-03-14,5,0001106854-02-000001,2002-01-01,edgar.txt,CIK0000826083-submissions-001.json
2002-03-14,5,0001077846-02-000001,2002-01-01,edgar.txt,CIK0000826083-submissions-001.json
2002-03-14,5,0001077844-02-000001,2002-01-01,edgar.txt,CIK0000826083-submissions-001.json
2002-03-14,5,0001077841-02-000001,2002-01-01,edgar.txt,CIK0000826083-submissions-001.json
2002-03-14,5,0001077830-02-000001,2002-01-01,edgar.txt,CIK0000826083-submissions-001.json
2002-03-15,5,0001052297-02-000001,2002-01-01,edgar.txt,CIK0000826083-submissions-001.json
2002-03-18,5,0001077829-02-000003,2002-01-01,edgar.txt,CIK0000826083-submissions-001.json
2002-03-18,5,0001077826-02-000003,2002-01-01,edgar.txt,CIK0000826083-submissions-001.json
2002-03-18,5,0001077825-02-000001,2002-01-01,edgar.txt,CIK0000826083-submissions-001.json
2002-03-18,5,0001077824-02-000003,2002-01-01,edgar.txt,CIK0000826083-submissions-001.json
2002-03-18,5,0001077821-02-000001,2002-01-01,edgar.txt,CIK0000826083-submissions-001.json
2002-03-18,5,0001077818-02-000001,2002-01-01,edgar.txt,CIK0000826083-submissions-001.json
2002-03-18,5,0001077816-02-000002,2002-01-01,edgar.txt,CIK0000826083-submissions-001.json
2002-03-18,5,0001012107-02-000002,2002-01-01,edgar.txt,CIK0000826083-submissions-001.json
2002-03-18,5,0000908724-02-000001,2002-01-01,edgar.txt,CIK0000826083-submissions-001.json
2002-04-01,11-K,0000950134-02-003097,2001-12-31,d95614e11-k.htm,CIK0000826083-submissions-001.json
2002-04-01,11-K,0000950134-02-003095,2001-12-31,d95611e11-k.htm,CIK0000826083-submissions-001.json
2002-04-05,NO ACT,9999999997-02-031601,2002-02-27,9999999997-02-031601.paper,CIK0000826083-submissions-001.json
2002-05-01,10-K,0000950134-02-004432,2002-02-01,d96254e10-k.htm,CIK0000826083-submissions-001.json
2002-05-09,4,0000908724-02-000004,2002-04-01,edgar.txt,CIK0000826083-submissions-001.json
2002-05-09,4,0001012107-02-000004,2002-04-01,edgar.txt,CIK0000826083-submissions-001.json
2002-05-29,DEF 14A,0000950134-02-006292,2002-07-18,d97249ddef14a.htm,CIK0000826083-submissions-001.json
2002-06-04,ARS,9999999997-02-033168,2002-02-01,9999999997-02-033168.paper,CIK0000826083-submissions-001.json
2002-06-17,10-Q,0000950134-02-007299,2002-05-03,d97700e10vq.htm,CIK0000826083-submissions-001.json
2002-07-08,4,0001077844-02-000002,2002-06-01,edgar.txt,CIK0000826083-submissions-001.json
2002-07-08,4,0001077841-02-000002,2002-06-01,edgar.txt,CIK0000826083-submissions-001.json
2002-08-08,4,0001077844-02-000006,2002-07-01,edgar.txt,CIK0000826083-submissions-001.json
2002-08-08,4,0001077821-02-000003,2002-07-01,edgar.txt,CIK0000826083-submissions-001.json
2002-08-14,8-K,0000950134-02-010144,2002-08-14,d99202e8vk.htm,CIK0000826083-submissions-001.json
2002-09-03,4,0001077824-02-000004,2002-08-01,edgar.txt,CIK0000826083-submissions-001.json
2002-09-03,4,0001077829-02-000004,2002-08-01,edgar.txt,CIK0000826083-submissions-001.json
2002-09-03,4,0001077844-02-000007,2002-08-01,edgar.txt,CIK0000826083-submissions-001.json
2002-09-03,4,0001077821-02-000004,2002-08-01,edgar.txt,CIK0000826083-submissions-001.json
2002-09-06,4,0001077826-02-000004,2002-09-05,edgar.txt,CIK0000826083-submissions-001.json
2002-09-06,4,0001077824-02-000005,2002-09-05,edgar.txt,CIK0000826083-submissions-001.json
2002-09-06,4,0001077821-02-000005,2002-09-05,edgar.txt,CIK0000826083-submissions-001.json
2002-09-06,4,0001077818-02-000002,2002-09-05,edgar.txt,CIK0000826083-submissions-001.json
2002-09-06,4,0001179971-02-000001,2002-09-05,edgar.txt,CIK0000826083-submissions-001.json
2002-09-06,4,0001077816-02-000003,2002-09-05,edgar.txt,CIK0000826083-submissions-001.json
2002-09-11,4,0001077824-02-000006,2002-09-10,edgar.txt,CIK0000826083-submissions-001.json
2002-09-16,10-Q,0000950134-02-011317,2002-08-02,d99823e10vq.htm,CIK0000826083-submissions-001.json
2002-09-17,4,0001077826-02-000005,2002-09-16,edgar.txt,CIK0000826083-submissions-001.json
2002-09-18,4,0001077841-02-000003,2002-09-17,edgar.txt,CIK0000826083-submissions-001.json
2002-10-03,4,0001077844-02-000008,2002-10-02,edgar.txt,CIK0000826083-submissions-001.json
2002-10-04,S-8,0000950134-02-012185,,d00220sv8.htm,CIK0000826083-submissions-001.json
2002-10-04,S-8 POS,0000950134-02-012182,,d00221sv8pos.htm,CIK0000826083-submissions-001.json
2002-10-15,4,0001077844-02-000009,2002-10-11,edgar.txt,CIK0000826083-submissions-001.json
2002-10-18,4,0001077844-02-000010,2002-10-17,edgar.txt,CIK0000826083-submissions-001.json
2002-10-22,4,0001077844-02-000011,2002-10-21,edgar.txt,CIK0000826083-submissions-001.json
2002-11-06,4,0001077844-02-000012,2002-11-04,edgar.txt,CIK0000826083-submissions-001.json
2002-11-06,4,0001077826-02-000008,2002-11-04,edgar.txt,CIK0000826083-submissions-001.json
2002-11-06,4,0001077826-02-000007,2002-11-04,edgar.txt,CIK0000826083-submissions-001.json
2002-11-06,4,0001077821-02-000006,2002-11-04,edgar.txt,CIK0000826083-submissions-001.json
2002-11-07,4,0001077829-02-000005,2002-11-01,edgar.txt,CIK0000826083-submissions-001.json
2002-11-20,4,0001077829-02-000006,2002-11-19,edgar.txt,CIK0000826083-submissions-001.json
2002-11-25,4,0001052297-02-000003,2002-11-21,edgar.txt,CIK0000826083-submissions-001.json
2002-11-25,4,0000908724-02-000005,2002-11-22,edgar.txt,CIK0000826083-submissions-001.json
2002-11-27,4,0001077824-02-000007,2002-11-26,edgar.txt,CIK0000826083-submissions-001.json
2002-12-16,10-Q,0000950134-02-015659,2002-11-01,d01981e10vq.htm,CIK0000826083-submissions-001.json
2002-12-30,4,0001077837-02-000004,2002-12-26,edgar.txt,CIK0000826083-submissions-001.json
2003-01-03,4,0001077826-03-000001,2003-01-02,edgar.txt,CIK0000826083-submissions-001.json
2003-01-03,4,0001077824-03-000001,2003-01-02,edgar.txt,CIK0000826083-submissions-001.json
2003-01-31,3,0001215591-03-000003,2003-01-21,edgar.txt,CIK0000826083-submissions-001.json
2003-01-31,3,0001215591-03-000002,2003-01-21,edgar.txt,CIK0000826083-submissions-001.json
2003-01-31,3,0001215588-03-000002,2003-01-21,edgar.txt,CIK0000826083-submissions-001.json
2003-02-14,SC 13G/A,0000950134-03-002572,,d03073bsc13gza.htm,CIK0000826083-submissions-001.json
2003-02-14,SC 13G/A,0000950134-03-002569,,d03073asc13gza.htm,CIK0000826083-submissions-001.json
2003-03-04,4,0001215590-03-000002,2003-02-28,edgar.txt,CIK0000826083-submissions-001.json
2003-03-04,4,0001077825-03-000002,2003-02-28,edgar.txt,CIK0000826083-submissions-001.json
2003-03-04,5,0001077825-03-000001,2003-01-01,edgar.txt,CIK0000826083-submissions-001.json
2003-03-07,4,0001215588-03-000003,2003-03-05,edgar.txt,CIK0000826083-submissions-001.json
2003-03-10,4,0001215588-03-000004,2003-03-06,edgar.txt,CIK0000826083-submissions-001.json
2003-03-10,4,0001207812-03-000001,2003-03-06,edgar.txt,CIK0000826083-submissions-001.json
2003-03-10,4,0001077818-03-000001,2003-03-06,edgar.txt,CIK0000826083-submissions-001.json
2003-03-10,4,0001215591-03-000004,2003-03-06,edgar.txt,CIK0000826083-submissions-001.json
2003-03-10,4,0001077826-03-000003,2003-03-06,edgar.txt,CIK0000826083-submissions-001.json
2003-03-10,4,0000908724-03-000002,2003-03-06,edgar.txt,CIK0000826083-submissions-001.json
2003-03-10,4,0001215590-03-000003,2003-03-06,edgar.txt,CIK0000826083-submissions-001.json
2003-03-10,4,0001179971-03-000001,2003-03-06,edgar.txt,CIK0000826083-submissions-001.json
2003-03-10,4,0001077816-03-000001,2003-03-06,edgar.txt,CIK0000826083-submissions-001.json
2003-03-10,4,0001077825-03-000003,2003-03-06,edgar.txt,CIK0000826083-submissions-001.json
2003-03-10,4,0001077821-03-000001,2003-03-06,edgar.txt,CIK0000826083-submissions-001.json
2003-03-10,4,0001077824-03-000002,2003-03-06,edgar.txt,CIK0000826083-submissions-001.json
2003-03-10,5,0000908724-03-000001,2003-01-01,edgar.txt,CIK0000826083-submissions-001.json
2003-03-13,5,0001106854-03-000001,2003-01-01,edgar.txt,CIK0000826083-submissions-001.json
2003-03-13,5,0001077846-03-000001,2003-01-01,edgar.txt,CIK0000826083-submissions-001.json
2003-03-13,5,0001052297-03-000001,2003-01-01,edgar.txt,CIK0000826083-submissions-001.json
2003-03-13,5,0001140889-03-000002,2003-01-01,edgar.txt,CIK0000826083-submissions-001.json
2003-03-13,5,0001077837-03-000001,2003-01-01,edgar.txt,CIK0000826083-submissions-001.json
2003-03-13,5,0001077829-03-000001,2003-01-01,edgar.txt,CIK0000826083-submissions-001.json
2003-03-13,5,0001140890-03-000001,2003-01-01,edgar.txt,CIK0000826083-submissions-001.json
2003-03-13,5,0001077830-03-000001,2003-01-01,edgar.txt,CIK0000826083-submissions-001.json
2003-03-13,5,0001077841-03-000001,2003-01-01,edgar.txt,CIK0000826083-submissions-001.json
2003-03-13,5,0001077844-03-000001,2003-01-01,edgar.txt,CIK0000826083-submissions-001.json
2003-03-14,4,0001179971-03-000002,2003-03-12,edgar.txt,CIK0000826083-submissions-001.json
2003-03-17,4,0000908724-03-000004,2003-03-13,edgar.txt,CIK0000826083-submissions-001.json
2003-03-19,4,0001077826-03-000004,2003-03-17,edgar.txt,CIK0000826083-submissions-001.json
2003-03-25,4,0000908724-03-000005,2003-03-21,edgar.txt,CIK0000826083-submissions-001.json
2003-03-26,4,0001215590-03-000004,2003-03-17,edgar.txt,CIK0000826083-submissions-001.json
2003-03-31,11-K,0000950134-03-005064,2002-12-31,d04491e11vk.htm,CIK0000826083-submissions-001.json
2003-04-04,4,0001215590-03-000005,2003-04-02,edgar.txt,CIK0000826083-submissions-001.json
2003-04-28,10-K,0000950134-03-006596,2003-01-31,d05041e10vk.htm,CIK0000826083-submissions-001.json
2003-05-05,PRE 14A,0000950134-03-007092,2003-07-18,d05332ppre14a.htm,CIK0000826083-submissions-001.json
2003-05-15,8-K,0000950134-03-008172,2003-05-15,d06000e8vk.htm,CIK0000826083-submissions-001.json
2003-05-20,4,0001215588-03-000012,2003-05-16,xslF345X01/doc4.xml,CIK0000826083-submissions-001.json
2003-05-22,4,0001077824-03-000007,2003-05-20,xslF345X01/primary_doc.xml,CIK0000826083-submissions-001.json
2003-05-27,4,0000908724-03-000006,2003-05-22,xslF345X01/primary_doc.xml,CIK0000826083-submissions-001.json
2003-05-29,4,0001077826-03-000005,2003-05-28,xslF345X01/doc4.xml,CIK0000826083-submissions-001.json
2003-05-29,4,0001077825-03-000005,2003-05-28,xslF345X01/doc4.xml,CIK0000826083-submissions-001.json
2003-05-29,5/A,0001077829-03-000002,2003-01-01,xslF345X01/doc5a.xml,CIK0000826083-submissions-001.json
2003-05-30,DEF 14A,0000950134-03-008721,2003-07-18,d05332ddef14a.htm,CIK0000826083-submissions-001.json
2003-06-03,4,0000908724-03-000009,2003-05-30,xslF345X01/doc4.xml,CIK0000826083-submissions-001.json
2003-06-03,4,0001077824-03-000010,2003-05-30,xslF345X01/doc4.xml,CIK0000826083-submissions-001.json
2003-06-05,4,0001215590-03-000006,2003-06-03,xslF345X01/doc4.xml,CIK0000826083-submissions-001.json
2003-06-05,4,0001077826-03-000006,2003-06-04,xslF345X01/doc4.xml,CIK0000826083-submissions-001.json
2003-06-09,4,0001077821-03-000002,2003-06-06,xslF345X01/doc4.xml,CIK0000826083-submissions-001.json
2003-06-09,4,0001077826-03-000007,2003-06-06,xslF345X01/doc4.xml,CIK0000826083-submissions-001.json
2003-06-16,10-Q,0000950134-03-009229,2003-05-02,d06755e10vq.htm,CIK0000826083-submissions-001.json
2003-06-18,4,0001077826-03-000008,2003-06-16,xslF345X01/doc4.xml,CIK0000826083-submissions-001.json
2003-06-18,4,0001215591-03-000005,2003-06-16,xslF345X01/doc4.xml,CIK0000826083-submissions-001.json
2003-06-19,4,0001215590-03-000008,2003-06-18,xslF345X01/doc4.xml,CIK0000826083-submissions-001.json
2003-06-19,4,0001077821-03-000003,2003-06-17,xslF345X01/doc4.xml,CIK0000826083-submissions-001.json
2003-06-19,4,0001215591-03-000006,2003-06-18,xslF345X01/doc4.xml,CIK0000826083-submissions-001.json
2003-06-20,4,0001077818-03-000002,2003-06-19,xslF345X01/doc4.xml,CIK0000826083-submissions-001.json
2003-06-30,11-K,0000950134-03-009666,2002-12-31,d06446e11vk.htm,CIK0000826083-submissions-001.json
2003-07-02,4,0001077821-03-000005,2003-07-01,xslF345X01/doc4.xml,CIK0000826083-submissions-001.json
2003-07-02,4,0001077846-03-000004,2003-07-01,xslF345X01/doc4.xml,CIK0000826083-submissions-001.json
2003-07-02,4,0001077824-03-000011,2003-07-01,xslF345X01/doc4.xml,CIK0000826083-submissions-001.json
2003-07-22,4,0001077829-03-000003,2003-07-18,xslF345X01/doc4.xml,CIK0000826083-submissions-001.json
2003-07-22,4,0001106854-03-000002,2003-07-18,xslF345X01/doc4.xml,CIK0000826083-submissions-001.json
2003-07-22,4,0001077846-03-000005,2003-07-18,xslF345X01/doc4.xml,CIK0000826083-submissions-001.json
2003-07-22,4,0001077841-03-000004,2003-07-18,xslF345X01/doc4.xml,CIK0000826083-submissions-001.json
2003-07-22,4,0001052297-03-000002,2003-07-18,xslF345X01/doc4.xml,CIK0000826083-submissions-001.json
2003-07-22,4,0001077844-03-000002,2003-07-18,xslF345X01/doc4.xml,CIK0000826083-submissions-001.json
2003-07-22,4,0001140890-03-000002,2003-07-18,xslF345X01/doc4.xml,CIK0000826083-submissions-001.json
2003-07-22,4,0001140889-03-000005,2003-07-18,xslF345X01/doc4.xml,CIK0000826083-submissions-001.json
2003-07-22,4,0001077830-03-000002,2003-07-18,xslF345X01/doc4.xml,CIK0000826083-submissions-001.json
2003-08-14,8-K,0001157523-03-004301,2003-08-14,a4455290.txt,CIK0000826083-submissions-001.json
2003-08-21,4,0000908724-03-000013,2003-08-19,xslF345X02/doc4.xml,CIK0000826083-submissions-001.json
2003-08-21,4,0001077821-03-000010,2003-08-19,xslF345X02/doc4.xml,CIK0000826083-submissions-001.json
2003-08-21,4,0001077826-03-000010,2003-08-19,xslF345X02/doc4.xml,CIK0000826083-submissions-001.json
2003-08-21,4/A,0001077826-03-000011,2003-08-19,xslF345X02/doc4a.xml,CIK0000826083-submissions-001.json
2003-08-22,4,0000908724-03-000014,2003-08-22,xslF345X02/doc4.xml,CIK0000826083-submissions-001.json
2003-08-26,4,0000908724-03-000015,2003-08-22,xslF345X02/doc4.xml,CIK0000826083-submissions-001.json
2003-08-26,4,0001077825-03-000007,2003-08-22,xslF345X02/doc4.xml,CIK0000826083-submissions-001.json
2003-08-27,4/A,0001215588-03-000018,2003-03-06,xslF345X02/doc4a.xml,CIK0000826083-submissions-001.json
2003-08-29,4,0001215588-03-000021,2003-08-28,xslF345X02/doc4.xml,CIK0000826083-submissions-001.json
2003-09-03,4,0001215588-03-000023,2003-09-02,xslF345X02/doc4.xml,CIK0000826083-submissions-001.json
2003-09-04,4,0001077826-03-000012,2003-09-03,xslF345X02/doc4.xml,CIK0000826083-submissions-001.json
2003-09-08,4,0000908724-03-000016,2003-09-04,xslF345X02/doc4.xml,CIK0000826083-submissions-001.json
2003-09-08,4,0001077825-03-000008,2003-09-04,xslF345X02/doc4.xml,CIK0000826083-submissions-001.json
2003-09-08,4,0001077824-03-000013,2003-09-04,xslF345X02/doc4.xml,CIK0000826083-submissions-001.json
2003-09-08,4,0001077826-03-000013,2003-09-04,xslF345X02/doc4.xml,CIK0000826083-submissions-001.json
2003-09-08,4,0001077816-03-000003,2003-09-04,xslF345X02/doc4.xml,CIK0000826083-submissions-001.json
2003-09-08,4,0001215588-03-000024,2003-09-04,xslF345X02/doc4.xml,CIK0000826083-submissions-001.json
2003-09-08,4,0001077818-03-000004,2003-09-04,xslF345X02/doc4.xml,CIK0000826083-submissions-001.json
2003-09-08,4,0001215591-03-000008,2003-09-04,xslF345X02/doc4.xml,CIK0000826083-submissions-001.json
2003-09-08,4,0001215590-03-000010,2003-09-04,xslF345X02/doc4.xml,CIK0000826083-submissions-001.json
2003-09-08,4,0001179971-03-000004,2003-09-04,xslF345X02/doc4.xml,CIK0000826083-submissions-001.json
2003-09-08,4,0001207812-03-000003,2003-09-04,xslF345X02/doc4.xml,CIK0000826083-submissions-001.json
2003-09-08,4,0001077821-03-000011,2003-09-04,xslF345X02/doc4.xml,CIK0000826083-submissions-001.json
2003-09-09,4,0000908724-03-000018,2003-09-05,xslF345X02/doc4.xml,CIK0000826083-submissions-001.json
2003-09-10,4,0001077821-03-000012,2003-09-08,xslF345X02/doc4.xml,CIK0000826083-submissions-001.json
2003-09-10,4,0001207812-03-000005,2003-09-09,xslF345X02/doc4.xml,CIK0000826083-submissions-001.json
2003-09-15,10-Q,0000950134-03-012743,2003-08-01,d08946e10vq.htm,CIK0000826083-submissions-001.json
2003-09-19,4,0001077825-03-000009,2003-09-18,xslF345X02/doc4.xml,CIK0000826083-submissions-001.json
2003-09-19,4,0001215590-03-000011,2003-09-17,xslF345X02/doc4.xml,CIK0000826083-submissions-001.json
2003-09-23,4,0001215591-03-000010,2003-09-22,xslF345X02/doc4.xml,CIK0000826083-submissions-001.json
2003-10-20,S-8 POS,0000950134-03-013664,,d09714p1sv8pos.htm,CIK0000826083-submissions-001.json
2003-10-20,S-8 POS,0000950134-03-013663,,d09713p1sv8pos.htm,CIK0000826083-submissions-001.json
2003-10-20,S-8 POS,0000950134-03-013662,,d09712p1sv8pos.htm,CIK0000826083-submissions-001.json
2003-11-13,8-K,0001157523-03-006640,2003-11-13,a4515782.txt,CIK0000826083-submissions-001.json
2003-11-25,4,0001207812-03-000007,2003-11-24,xslF345X02/doc4.xml,CIK0000826083-submissions-001.json
2003-11-25,4,0001215588-03-000026,2003-11-24,xslF345X02/doc4.xml,CIK0000826083-submissions-001.json
2003-11-28,4,0001215588-03-000027,2003-11-25,xslF345X02/doc4.xml,CIK0000826083-submissions-001.json
2003-12-03,4,0001215588-03-000029,2003-12-01,xslF345X02/doc4.xml,CIK0000826083-submissions-001.json
2003-12-03,4/A,0001215588-03-000028,2003-11-24,xslF345X02/doc4a.xml,CIK0000826083-submissions-001.json
2003-12-15,10-Q,0000950134-03-016655,2003-10-31,d11166e10vq.htm,CIK0000826083-submissions-001.json
2003-12-16,11-K,0000950134-03-016736,2002-12-31,d11173e11vk.htm,CIK0000826083-submissions-001.json
2003-12-16,4,0000908724-03-000020,2003-12-12,xslF345X02/doc4.xml,CIK0000826083-submissions-001.json
2003-12-16,S-8,0000950134-03-016737,,d11175sv8.htm,CIK0000826083-submissions-001.json
2003-12-16,S-8,0000950134-03-016735,,d11174sv8.htm,CIK0000826083-submissions-001.json
2003-12-19,4,0000908724-03-000021,2003-12-17,xslF345X02/doc4.xml,CIK0000826083-submissions-001.json
2004-01-02,4,0001077824-04-000002,2003-12-30,xslF345X02/doc4.xml,CIK0000826083-submissions-001.json
2004-01-07,4,0001077826-04-000001,2004-01-05,xslF345X02/doc4.xml,CIK0000826083-submissions-001.json
2004-02-12,8-K,0001157523-04-001327,2004-02-12,a4571689.txt,CIK0000826083-submissions-001.json
2004-02-17,SC 13G/A,0000950134-04-002078,,d12630a4sc13gza.htm,CIK0000826083-submissions-001.json
2004-02-20,4,0001077829-04-000001,2004-02-18,xslF345X02/doc4.xml,CIK0000826083-submissions-001.json
2004-02-23,4,0001215590-04-000002,2004-02-19,xslF345X02/doc4.xml,CIK0000826083-submissions-001.json
2004-03-02,5,0001215590-04-000005,2004-01-01,xslF345X02/doc5.xml,CIK0000826083-submissions-001.json
2004-03-02,5,0001077824-04-000003,2004-01-01,xslF345X02/doc5.xml,CIK0000826083-submissions-001.json
2004-03-02,5/A,0001215590-04-000007,2004-01-01,xslF345X02/doc5a.xml,CIK0000826083-submissions-001.json
2004-03-08,4,0001207812-04-000001,2004-03-04,xslF345X02/doc4.xml,CIK0000826083-submissions-001.json
2004-03-08,4,0001077826-04-000002,2004-03-04,xslF345X02/doc4.xml,CIK0000826083-submissions-001.json
2004-03-08,4,0001077825-04-000001,2004-03-04,xslF345X02/doc4.xml,CIK0000826083-submissions-001.json
2004-03-08,4,0001077824-04-000004,2004-03-04,xslF345X02/doc4.xml,CIK0000826083-submissions-001.json
2004-03-08,4,0001215591-04-000001,2004-03-04,xslF345X02/doc4.xml,CIK0000826083-submissions-001.json
2004-03-08,4,0001077821-04-000001,2004-03-04,xslF345X02/doc4.xml,CIK0000826083-submissions-001.json
2004-03-08,4,0001215590-04-000008,2004-03-04,xslF345X02/doc4.xml,CIK0000826083-submissions-001.json
2004-03-08,4,0000908724-04-000001,2004-03-04,xslF345X02/doc4.xml,CIK0000826083-submissions-001.json
2004-03-08,4,0001215588-04-000001,2004-03-04,xslF345X02/doc4.xml,CIK0000826083-submissions-001.json
2004-03-08,4,0001077816-04-000002,2004-03-04,xslF345X02/doc4.xml,CIK0000826083-submissions-001.json
2004-03-08,4,0001179971-04-000001,2004-03-04,xslF345X02/doc4.xml,CIK0000826083-submissions-001.json
2004-03-10,4,0001215590-04-000009,2004-03-10,xslF345X02/doc4.xml,CIK0000826083-submissions-001.json
2004-03-10,4,0001215588-04-000004,2004-03-08,xslF345X02/doc4.xml,CIK0000826083-submissions-001.json
2004-03-11,4,0001052297-04-000001,2004-03-10,xslF345X02/doc4.xml,CIK0000826083-submissions-001.json
2004-03-15,4,0001179971-04-000005,2004-03-12,xslF345X02/doc4.xml,CIK0000826083-submissions-001.json
2004-04-01,4,0001179971-04-000006,2004-03-31,xslF345X02/doc4.xml,CIK0000826083-submissions-001.json
2004-04-08,4,0001215590-04-000010,2004-04-07,xslF345X02/doc4.xml,CIK0000826083-submissions-001.json
2004-04-08,4,0001077824-04-000005,2004-04-07,xslF345X02/doc4.xml,CIK0000826083-submissions-001.json
2004-04-12,10-K,0000950134-04-005058,2004-01-30,d14085e10vk.htm,CIK0000826083-submissions-001.json
2004-05-13,8-K,0001157523-04-004791,2004-05-13,a4640101.txt,CIK0000826083-submissions-001.json
2004-05-19,4,0001215590-04-000012,2004-05-18,xslF345X02/doc4.xml,CIK0000826083-submissions-001.json
2004-05-26,4,0001215588-04-000005,2004-05-25,xslF345X02/doc4.xml,CIK0000826083-submissions-001.json
2004-05-27,4,0001077826-04-000004,2004-05-26,xslF345X02/doc4.xml,CIK0000826083-submissions-001.json
2004-05-27,DEF 14A,0000950134-04-008188,2004-07-16,d15689ddef14a.htm,CIK0000826083-submissions-001.json
2004-05-28,4,0001077826-04-000005,2004-05-27,xslF345X02/doc4.xml,CIK0000826083-submissions-001.json
2004-06-03,4,0001077826-04-000006,2004-06-02,xslF345X02/doc4.xml,CIK0000826083-submissions-001.json
2004-06-03,4,0001215590-04-000013,2004-06-02,xslF345X02/doc4.xml,CIK0000826083-submissions-001.json
2004-06-09,10-Q,0000950134-04-008577,2004-04-30,d15947e10vq.htm,CIK0000826083-submissions-001.json
2004-06-09,4,0001077825-04-000002,2004-06-08,xslF345X02/doc4.xml,CIK0000826083-submissions-001.json
2004-06-17,4,0000908724-04-000002,2004-06-15,xslF345X02/doc4.xml,CIK0000826083-submissions-001.json
2004-06-17,4,0001077821-04-000002,2004-06-15,xslF345X02/doc4.xml,CIK0000826083-submissions-001.json
2004-06-22,4,0000908724-04-000003,2004-06-18,xslF345X02/doc4.xml,CIK0000826083-submissions-001.json
2004-06-22,4,0001215590-04-000014,2004-06-18,xslF345X02/doc4.xml,CIK0000826083-submissions-001.json
2004-06-25,11-K,0000950134-04-009234,2003-12-31,d16231e11vk.htm,CIK0000826083-submissions-001.json
2004-06-25,4,0001215590-04-000015,2004-06-23,xslF345X02/doc4.xml,CIK0000826083-submissions-001.json
2004-06-28,11-K,0000950134-04-009378,2003-12-31,d16230e11vk.htm,CIK0000826083-submissions-001.json
2004-06-29,4,0001077824-04-000006,2004-06-28,xslF345X02/primary_doc.xml,CIK0000826083-submissions-001.json
2004-07-06,4,0001077821-04-000003,2004-07-02,xslF345X02/doc4.xml,CIK0000826083-submissions-001.json
2004-07-09,4,0001077830-04-000002,2004-07-07,xslF345X02/primary_doc.xml,CIK0000826083-submissions-001.json
2004-07-20,4,0001077825-04-000003,2004-07-16,xslF345X02/doc4.xml,CIK0000826083-submissions-001.json
2004-07-20,4,0001140890-04-000005,2004-07-16,xslF345X02/doc4.xml,CIK0000826083-submissions-001.json
2004-07-20,4,0001106854-04-000003,2004-07-16,xslF345X02/doc4.xml,CIK0000826083-submissions-001.json
2004-07-20,4,0001052297-04-000002,2004-07-16,xslF345X02/doc4.xml,CIK0000826083-submissions-001.json
2004-07-20,4,0001077846-04-000005,2004-07-16,xslF345X02/doc4.xml,CIK0000826083-submissions-001.json
2004-07-20,4,0001077844-04-000002,2004-07-16,xslF345X02/doc4.xml,CIK0000826083-submissions-001.json
2004-07-20,4,0001077841-04-000001,2004-07-16,xslF345X02/doc4.xml,CIK0000826083-submissions-001.json
2004-07-20,4,0001140889-04-000001,2004-07-16,xslF345X02/doc4.xml,CIK0000826083-submissions-001.json
2004-07-20,4,0001077830-04-000003,2004-07-16,xslF345X02/doc4.xml,CIK0000826083-submissions-001.json
2004-08-06,3,0001299977-04-000002,2004-07-30,xslF345X02/doc3.xml,CIK0000826083-submissions-001.json
2004-08-12,4,0001299977-04-000004,2004-08-10,xslF345X02/doc4.xml,CIK0000826083-submissions-001.json
2004-08-12,8-K,0001157523-04-007685,2004-08-12,a4700989.txt,CIK0000826083-submissions-001.json
2004-08-18,3,0001300798-04-000002,2004-08-16,xslF345X02/doc3.xml,CIK0000826083-submissions-001.json
2004-08-18,4,0001077825-04-000004,2004-08-17,xslF345X02/doc4.xml,CIK0000826083-submissions-001.json
2004-08-18,4,0001077830-04-000004,2004-08-17,xslF345X02/doc4.xml,CIK0000826083-submissions-001.json
2004-08-18,4,0001300798-04-000003,2004-08-16,xslF345X02/doc4.xml,CIK0000826083-submissions-001.json
2004-08-19,4,0001077846-04-000006,2004-08-18,xslF345X02/doc4.xml,CIK0000826083-submissions-001.json
2004-08-20,4,0000908724-04-000004,2004-08-18,xslF345X02/doc4.xml,CIK0000826083-submissions-001.json
2004-08-25,4,0000908724-04-000005,2004-08-23,xslF345X02/doc4.xml,CIK0000826083-submissions-001.json
2004-09-02,4,0001215588-04-000006,2004-08-31,xslF345X02/doc4.xml,CIK0000826083-submissions-001.json
2004-09-07,10-Q,0000950134-04-013240,2004-07-30,d18124e10vq.htm,CIK0000826083-submissions-001.json
2004-09-07,4,0001215591-04-000002,2004-09-02,xslF345X02/doc4.xml,CIK0000826083-submissions-001.json
2004-09-07,4,0001215588-04-000007,2004-09-02,xslF345X02/doc4.xml,CIK0000826083-submissions-001.json
2004-09-07,4,0001077826-04-000007,2004-09-02,xslF345X02/doc4.xml,CIK0000826083-submissions-001.json
2004-09-07,4,0001215590-04-000016,2004-09-02,xslF345X02/doc4.xml,CIK0000826083-submissions-001.json
2004-09-07,4,0001179971-04-000007,2004-09-02,xslF345X02/doc4.xml,CIK0000826083-submissions-001.json
2004-09-07,4,0001077816-04-000003,2004-09-02,xslF345X02/doc4.xml,CIK0000826083-submissions-001.json
2004-09-07,4,0001077824-04-000007,2004-09-02,xslF345X02/doc4.xml,CIK0000826083-submissions-001.json
2004-09-07,4,0001077821-04-000004,2004-09-02,xslF345X02/doc4.xml,CIK0000826083-submissions-001.json
2004-09-07,4,0001207812-04-000002,2004-09-02,xslF345X02/doc4.xml,CIK0000826083-submissions-001.json
2004-09-13,4,0001215590-04-000017,2004-09-09,xslF345X02/doc4.xml,CIK0000826083-submissions-001.json
2004-09-14,4,0001077821-04-000005,2004-09-10,xslF345X02/doc4.xml,CIK0000826083-submissions-001.json
2004-09-22,4,0001207812-04-000003,2004-09-20,xslF345X02/doc4.xml,CIK0000826083-submissions-001.json
2004-10-04,4,0001077826-04-000008,2004-10-01,xslF345X02/doc4.xml,CIK0000826083-submissions-001.json
2004-10-07,4,0001077824-04-000008,2004-10-05,xslF345X02/doc4.xml,CIK0000826083-submissions-001.json
2004-11-15,8-K,0000950134-04-017608,2004-11-11,d20146e8vk.htm,CIK0000826083-submissions-001.json
2004-11-18,4,0001077821-04-000007,2004-11-16,xslF345X02/doc4.xml,CIK0000826083-submissions-001.json
2004-11-18,4,0001077841-04-000002,2004-11-16,xslF345X02/doc4.xml,CIK0000826083-submissions-001.json
2004-11-18,4,0001077825-04-000005,2004-11-16,xslF345X02/doc4.xml,CIK0000826083-submissions-001.json
2004-11-18,4,0001215590-04-000019,2004-11-16,xslF345X02/doc4.xml,CIK0000826083-submissions-001.json
2004-11-18,4,0001215588-04-000008,2004-11-16,xslF345X02/doc4.xml,CIK0000826083-submissions-001.json
2004-11-19,4,0000908724-04-000007,2004-11-17,xslF345X02/doc4.xml,CIK0000826083-submissions-001.json
2004-11-19,4,0001207812-04-000004,2004-11-17,xslF345X02/doc4.xml,CIK0000826083-submissions-001.json
2004-11-24,4,0001077826-04-000009,2004-11-23,xslF345X02/doc4.xml,CIK0000826083-submissions-001.json
2004-11-30,4,0001077826-04-000010,2004-11-26,xslF345X02/doc4.xml,CIK0000826083-submissions-001.json
2004-12-01,10-Q,0000950134-04-018429,2004-10-29,d20557e10vq.htm,CIK0000826083-submissions-001.json
2004-12-02,4,0001077821-04-000008,2004-12-01,xslF345X02/doc4.xml,CIK0000826083-submissions-001.json
2004-12-06,4,0001077824-04-000009,2004-12-03,xslF345X02/doc4.xml,CIK0000826083-submissions-001.json
2004-12-07,4,0001179971-04-000008,2004-12-06,xslF345X02/doc4.xml,CIK0000826083-submissions-001.json
2004-12-08,4,0001077826-04-000011,2004-12-07,xslF345X02/doc4.xml,CIK0000826083-submissions-001.json
2004-12-08,4,0001215591-04-000003,2004-12-06,xslF345X02/doc4.xml,CIK0000826083-submissions-001.json
2004-12-10,4,0001077825-04-000006,2004-12-09,xslF345X02/doc4.xml,CIK0000826083-submissions-001.json
2004-12-10,4,0001077826-04-000012,2004-12-08,xslF345X02/doc4.xml,CIK0000826083-submissions-001.json
2004-12-22,4,0001207812-04-000005,2004-12-20,xslF345X02/doc4.xml,CIK0000826083-submissions-001.json
2005-02-02,8-K,0000950134-05-001885,2005-01-31,d22156e8vk.htm,CIK0000826083-submissions-001.json
2005-02-09,3,0001209191-05-007893,2005-01-31,xslF345X02/doc3.xml,CIK0000826083-submissions-001.json
2005-02-09,3,0001209191-05-007842,2005-01-31,xslF345X02/doc3.xml,CIK0000826083-submissions-001.json
2005-02-10,3,0001209191-05-008283,2005-01-31,xslF345X02/doc3.xml,CIK0000826083-submissions-001.json
2005-02-10,3,0001209191-05-008185,2005-01-31,xslF345X02/doc3.xml,CIK0000826083-submissions-001.json
2005-02-10,8-K,0001157523-05-001319,2005-02-10,a4819903.txt,CIK0000826083-submissions-001.json
2005-02-14,SC 13G,0000315066-05-000628,,filing.txt,CIK0000826083-submissions-001.json
2005-02-14,SC 13G/A,0000950134-05-003037,,d22357a5sc13gza.htm,CIK0000826083-submissions-001.json
2005-02-17,4,0001209191-05-010473,2005-02-15,xslF345X02/doc4.xml,CIK0000826083-submissions-001.json
2005-03-01,3,0001209191-05-012867,2005-02-25,xslF345X02/doc3.xml,CIK0000826083-submissions-001.json
2005-03-01,4,0001209191-05-012769,2005-02-28,xslF345X02/doc4.xml,CIK0000826083-submissions-001.json
2005-03-01,4,0001209191-05-012742,2005-02-25,xslF345X02/doc4.xml,CIK0000826083-submissions-001.json
2005-03-01,4/A,0001209191-05-012938,2005-02-28,xslF345X02/doc4a.xml,CIK0000826083-submissions-001.json
2005-03-01,5,0001077824-05-000002,2005-01-31,xslF345X02/doc5.xml,CIK0000826083-submissions-001.json
2005-03-01,5,0001215588-05-000001,2005-01-31,xslF345X02/doc5.xml,CIK0000826083-submissions-001.json
2005-03-03,4,0001209191-05-013415,2005-03-01,xslF345X02/doc4.xml,CIK0000826083-submissions-001.json
2005-03-07,4,0001209191-05-014195,2005-03-03,xslF345X02/doc4.xml,CIK0000826083-submissions-001.json
2005-03-07,4,0001209191-05-014167,2005-03-03,xslF345X02/doc4.xml,CIK0000826083-submissions-001.json
2005-03-07,4,0001209191-05-014164,2005-03-03,xslF345X02/doc4.xml,CIK0000826083-submissions-001.json
2005-03-07,4,0001209191-05-014160,2005-03-07,xslF345X02/doc4.xml,CIK0000826083-submissions-001.json
2005-03-07,4,0001209191-05-014151,2005-03-03,xslF345X02/doc4.xml,CIK0000826083-submissions-001.json
2005-03-07,4,0001209191-05-014138,2005-03-03,xslF345X02/doc4.xml,CIK0000826083-submissions-001.json
2005-03-07,4,0001209191-05-014136,2005-03-03,xslF345X02/doc4.xml,CIK0000826083-submissions-001.json
2005-03-07,4,0001209191-05-014134,2005-03-03,xslF345X02/doc4.xml,CIK0000826083-submissions-001.json
2005-03-07,4,0001209191-05-014132,2005-03-03,xslF345X02/doc4.xml,CIK0000826083-submissions-001.json
2005-03-07,4,0001209191-05-014130,2005-03-03,xslF345X02/doc4.xml,CIK0000826083-submissions-001.json
2005-03-07,4,0001209191-05-014129,2005-03-03,xslF345X02/doc4.xml,CIK0000826083-submissions-001.json
2005-03-07,4,0001209191-05-014128,2005-03-03,xslF345X02/doc4.xml,CIK0000826083-submissions-001.json
2005-03-07,4,0001209191-05-014126,2005-03-03,xslF345X02/doc4.xml,CIK0000826083-submissions-001.json
2005-03-07,4,0001209191-05-014124,2005-03-03,xslF345X02/doc4.xml,CIK0000826083-submissions-001.json
2005-03-07,4,0001209191-05-014123,2005-03-03,xslF345X02/doc4.xml,CIK0000826083-submissions-001.json
2005-03-07,4,0001209191-05-014119,2005-03-03,xslF345X02/doc4.xml,CIK0000826083-submissions-001.json
2005-03-08,10-K,0000950134-05-004423,2005-01-28,d22995e10vk.htm,CIK0000826083-submissions-001.json
2005-03-08,4,0001209191-05-014401,2005-03-07,xslF345X02/doc4.xml,CIK0000826083-submissions-001.json
2005-03-15,4,0001209191-05-015671,2005-03-14,xslF345X02/doc4.xml,CIK0000826083-submissions-001.json
2005-03-15,4,0001209191-05-015599,2005-03-14,xslF345X02/doc4.xml,CIK0000826083-submissions-001.json
2005-03-25,NO ACT,9999999997-05-041138,2005-03-10,9999999997-05-041138.paper,CIK0000826083-submissions-001.json
2005-04-06,4,0001209191-05-019730,2005-04-05,xslF345X02/doc4.xml,CIK0000826083-submissions-001.json
2005-05-06,3/A,0001209191-05-024302,2005-01-31,xslF345X02/doc3a.xml,CIK0000826083-submissions-001.json
2005-05-12,8-K,0001157523-05-004702,2005-05-12,a4887241.txt,CIK0000826083-submissions-001.json
2005-05-18,4,0001209191-05-026612,2005-05-17,xslF345X02/doc4.xml,CIK0000826083-submissions-001.json
2005-05-23,4,0001209191-05-027768,2005-05-20,xslF345X02/doc4.xml,CIK0000826083-submissions-001.json
2005-05-23,4,0001209191-05-027536,2005-05-19,xslF345X02/doc4.xml,CIK0000826083-submissions-001.json
2005-05-24,4,0001209191-05-027985,2005-05-23,xslF345X02/doc4.xml,CIK0000826083-submissions-001.json
2005-05-24,4,0001209191-05-027974,2005-05-20,xslF345X02/doc4.xml,CIK0000826083-submissions-001.json
2005-05-26,4,0001209191-05-028419,2005-05-25,xslF345X02/doc4.xml,CIK0000826083-submissions-001.json
2005-05-26,4,0001209191-05-028416,2005-05-24,xslF345X02/doc4.xml,CIK0000826083-submissions-001.json
2005-05-31,DEF 14A,0000950134-05-011115,2005-07-15,d25345ddef14a.htm,CIK0000826083-submissions-001.json
2005-06-03,10-Q,0000950134-05-011302,2005-04-29,d25830e10vq.htm,CIK0000826083-submissions-001.json
2005-06-03,4,0001209191-05-030003,2005-06-01,xslF345X02/doc4.xml,CIK0000826083-submissions-001.json
2005-06-07,4,0001209191-05-030555,2005-06-06,xslF345X02/doc4.xml,CIK0000826083-submissions-001.json
2005-06-13,4,0001209191-05-031582,2005-06-10,xslF345X02/doc4.xml,CIK0000826083-submissions-001.json
2005-06-22,11-K,0000950134-05-012329,2004-12-31,d26331e11vk.htm,CIK0000826083-submissions-001.json
2005-06-22,11-K,0000950134-05-012327,2004-12-31,d26330e11vk.htm,CIK0000826083-submissions-001.json
2005-06-22,4,0001209191-05-033140,2005-06-20,xslF345X02/doc4.xml,CIK0000826083-submissions-001.json
2005-06-22,4,0001209191-05-033139,2005-06-20,xslF345X02/doc4.xml,CIK0000826083-submissions-001.json
2005-06-22,4,0001209191-05-033136,2005-06-20,xslF345X02/doc4.xml,CIK0000826083-submissions-001.json
2005-06-22,4,0001209191-05-033135,2005-06-20,xslF345X02/doc4.xml,CIK0000826083-submissions-001.json
2005-06-22,4,0001209191-05-033134,2005-06-20,xslF345X02/doc4.xml,CIK0000826083-submissions-001.json
2005-06-22,4,0001209191-05-033133,2005-06-20,xslF345X02/doc4.xml,CIK0000826083-submissions-001.json
2005-06-22,4,0001209191-05-033130,2005-06-20,xslF345X02/doc4.xml,CIK0000826083-submissions-001.json
2005-06-24,4,0001209191-05-033409,2005-06-23,xslF345X02/doc4.xml,CIK0000826083-submissions-001.json
2005-06-24,4,0001209191-05-033407,2005-06-22,xslF345X02/doc4.xml,CIK0000826083-submissions-001.json
2005-06-30,4,0001209191-05-034132,2005-06-28,xslF345X02/doc4.xml,CIK0000826083-submissions-001.json
2005-07-08,4,0001209191-05-036330,2005-07-06,xslF345X02/doc4.xml,CIK0000826083-submissions-001.json
2005-07-08,4,0001209191-05-036329,2005-07-06,xslF345X02/doc4.xml,CIK0000826083-submissions-001.json
2005-07-19,3,0001209191-05-037781,2005-07-18,xslF345X02/doc3.xml,CIK0000826083-submissions-001.json
2005-07-19,4,0001209191-05-037814,2005-07-15,xslF345X02/doc4.xml,CIK0000826083-submissions-001.json
2005-07-19,4,0001209191-05-037812,2005-07-15,xslF345X02/doc4.xml,CIK0000826083-submissions-001.json
2005-07-19,4,0001209191-05-037807,2005-07-15,xslF345X02/doc4.xml,CIK0000826083-submissions-001.json
2005-07-19,4,0001209191-05-037797,2005-07-15,xslF345X02/doc4.xml,CIK0000826083-submissions-001.json
2005-07-19,4,0001209191-05-037796,2005-07-15,xslF345X02/doc4.xml,CIK0000826083-submissions-001.json
2005-07-19,4,0001209191-05-037784,2005-07-15,xslF345X02/doc4.xml,CIK0000826083-submissions-001.json
2005-07-19,4,0001209191-05-037775,2005-07-15,xslF345X02/doc4.xml,CIK0000826083-submissions-001.json
2005-07-19,4,0001209191-05-037773,2005-07-15,xslF345X02/doc4.xml,CIK0000826083-submissions-001.json
2005-07-20,4,0001209191-05-037890,2005-07-18,xslF345X02/doc4.xml,CIK0000826083-submissions-001.json
2005-08-03,3,0001209191-05-040539,2005-08-01,xslF345X02/doc3.xml,CIK0000826083-submissions-001.json
2005-08-03,4,0001209191-05-040544,2005-08-01,xslF345X02/doc4.xml,CIK0000826083-submissions-001.json
2005-08-11,8-K,0001157523-05-007361,2005-08-11,a4951195.txt,CIK0000826083-submissions-001.json
2005-08-18,4,0001209191-05-043535,2005-08-16,xslF345X02/doc4.xml,CIK0000826083-submissions-001.json
2005-08-19,4,0001209191-05-043708,2005-08-17,xslF345X02/doc4.xml,CIK0000826083-submissions-001.json
2005-08-23,4,0001209191-05-044112,2005-08-23,xslF345X02/doc4.xml,CIK0000826083-submissions-001.json
2005-08-23,4,0001209191-05-044098,2005-08-22,xslF345X02/doc4.xml,CIK0000826083-submissions-001.json
2005-08-24,3/A,0001209191-05-044303,2005-08-01,xslF345X02/doc3a.xml,CIK0000826083-submissions-001.json
2005-08-24,4/A,0001209191-05-044306,2005-06-20,xslF345X02/doc4a.xml,CIK0000826083-submissions-001.json
2005-09-01,10-Q,0000950134-05-017053,2005-07-29,d28453e10vq.htm,CIK0000826083-submissions-001.json
2005-09-01,4,0001209191-05-045345,2005-08-31,xslF345X02/doc4.xml,CIK0000826083-submissions-001.json
2005-09-02,8-K,0000950134-05-017116,2005-09-01,d28582e8vk.htm,CIK0000826083-submissions-001.json
2005-09-06,3,0001209191-05-046009,2005-09-01,xslF345X02/doc3.xml,CIK0000826083-submissions-001.json
2005-09-06,4,0001209191-05-046017,2005-09-01,xslF345X02/doc4.xml,CIK0000826083-submissions-001.json
2005-09-08,4,0001209191-05-046369,2005-09-07,xslF345X02/doc4.xml,CIK0000826083-submissions-001.json
2005-10-11,UPLOAD,0000000000-05-052025,,filename1.txt,CIK0000826083-submissions-001.json
2005-10-14,CORRESP,0000950134-05-019197,,filename1.htm,CIK0000826083-submissions-001.json
2005-10-31,8-K,0001157523-05-009417,2005-10-31,a5008552.txt,CIK0000826083-submissions-001.json
2005-11-10,8-K,0001157523-05-009999,2005-11-10,a5017784.txt,CIK0000826083-submissions-001.json
2005-11-22,4,0001209191-05-059094,1999-01-06,xslF345X02/doc4.xml,CIK0000826083-submissions-001.json
2005-11-28,10-Q,0000950134-05-022266,2005-10-28,d30727e10vq.htm,CIK0000826083-submissions-001.json
2005-12-13,15-12G,0000950134-05-023050,,d31213e15v12g.htm,CIK0000826083-submissions-001.json
2006-01-03,4,0001209191-06-000504,2005-04-06,xslF345X02/doc4.xml,CIK0000826083-submissions-001.json
2006-01-06,4,0001209191-06-002397,2006-01-04,xslF345X02/doc4.xml,CIK0000826083-submissions-001.json
2006-01-06,8-K,0001157523-06-000110,2006-01-05,a5050891.txt,CIK0000826083-submissions-001.json
2006-01-17,UPLOAD,0000000000-06-002350,,filename1.txt,CIK0000826083-submissions-001.json
2006-01-27,CORRESP,0000950134-06-001323,,filename1.htm,CIK0000826083-submissions-001.json
2006-02-02,8-K,0000950134-06-001756,2006-01-31,d32587e8vk.htm,CIK0000826083-submissions-001.json
2006-02-14,SC 13G/A,0000950134-06-003023,,d33068sc13gza.htm,CIK0000826083-submissions-001.json
2006-02-14,SC 13G/A,0000315066-06-002670,,filing.txt,CIK0000826083-submissions-001.json
2006-02-16,8-K,0001157523-06-001693,2006-02-16,a5082863.txt,CIK0000826083-submissions-001.json
2006-02-24,4,0001209191-06-013041,2006-02-22,xslF345X02/doc4.xml,CIK0000826083-submissions-001.json
2006-03-02,5,0001209191-06-014689,2006-02-03,xslF345X02/doc5.xml,CIK0000826083-submissions-001.json
2006-03-02,5,0001209191-06-014679,2006-02-03,xslF345X02/doc5.xml,CIK0000826083-submissions-001.json
2006-03-09,4,0001209191-06-016439,2006-03-07,xslF345X02/doc4.xml,CIK0000826083-submissions-001.json
2006-03-09,4,0001209191-06-016436,2006-03-07,xslF345X02/doc4.xml,CIK0000826083-submissions-001.json
2006-03-09,4,0001209191-06-016430,2006-03-07,xslF345X02/doc4.xml,CIK0000826083-submissions-001.json
2006-03-09,4,0001209191-06-016419,2006-03-07,xslF345X02/doc4.xml,CIK0000826083-submissions-001.json
2006-03-13,4,0001209191-06-017236,2006-03-09,xslF345X02/doc4.xml,CIK0000826083-submissions-001.json
2006-03-13,4,0001209191-06-017088,2006-03-09,xslF345X02/doc4.xml,CIK0000826083-submissions-001.json
2006-03-13,4,0001209191-06-017087,2006-03-09,xslF345X02/doc4.xml,CIK0000826083-submissions-001.json
2006-03-13,4,0001209191-06-017074,2006-03-09,xslF345X02/doc4.xml,CIK0000826083-submissions-001.json
2006-03-13,4,0001209191-06-017070,2006-03-09,xslF345X02/doc4.xml,CIK0000826083-submissions-001.json
2006-03-13,4,0001209191-06-017064,2006-03-09,xslF345X02/doc4.xml,CIK0000826083-submissions-001.json
2006-03-13,4,0001209191-06-017052,2006-03-09,xslF345X02/doc4.xml,CIK0000826083-submissions-001.json
2006-03-13,4,0001209191-06-017044,2006-03-09,xslF345X02/doc4.xml,CIK0000826083-submissions-001.json
2006-03-13,4,0001209191-06-017040,2006-03-09,xslF345X02/doc4.xml,CIK0000826083-submissions-001.json
2006-03-13,4,0001209191-06-017034,2006-03-09,xslF345X02/doc4.xml,CIK0000826083-submissions-001.json
2006-03-14,8-K,0000950134-06-005009,2006-03-09,d33947e8vk.htm,CIK0000826083-submissions-001.json
2006-03-15,10-K,0000950134-06-005149,2006-02-03,d33857e10vk.htm,CIK0000826083-submissions-001.json
2006-03-23,8-K,0001157523-06-002942,2006-03-22,a5108869.txt,CIK0000826083-submissions-001.json
2006-03-29,UPLOAD,0000000000-06-014870,,filename1.txt,CIK0000826083-submissions-001.json
2006-04-05,4,0001209191-06-022428,2006-04-04,xslF345X02/doc4.xml,CIK0000826083-submissions-001.json
2006-04-13,NO ACT,9999999997-06-017259,2006-03-24,9999999997-06-017259.paper,CIK0000826083-submissions-001.json
2006-05-08,8-K,0001157523-06-004819,2006-05-08,a5143615.txt,CIK0000826083-submissions-001.json
2006-05-09,8-K,0001157523-06-004905,2006-05-08,a5144598.txt,CIK0000826083-submissions-001.json
2006-05-18,8-K,0001157523-06-005374,2006-05-18,a5152504.txt,CIK0000826083-submissions-001.json
2006-05-26,4,0001209191-06-033074,2006-05-24,xslF345X02/doc4.xml,CIK0000826083-submissions-001.json
2006-05-30,4,0001209191-06-033334,2006-05-30,xslF345X02/doc4.xml,CIK0000826083-submissions-001.json
2006-06-05,DEF 14A,0000950134-06-011098,2006-07-21,d36573ddef14a.htm,CIK0000826083-submissions-001.json
2006-06-07,10-Q,0000950134-06-011261,2006-05-05,d36837e10vq.htm,CIK0000826083-submissions-001.json
2006-06-20,4,0001209191-06-037422,2006-06-19,xslF345X02/doc4.xml,CIK0000826083-submissions-001.json
2006-06-20,4,0001209191-06-037415,2006-06-19,xslF345X02/doc4.xml,CIK0000826083-submissions-001.json
2006-06-20,4,0001209191-06-037410,2006-06-19,xslF345X02/doc4.xml,CIK0000826083-submissions-001.json
2006-06-20,4,0001209191-06-037409,2006-06-19,xslF345X02/doc4.xml,CIK0000826083-submissions-001.json
2006-06-21,4,0001209191-06-037611,2006-06-21,xslF345X02/doc4.xml,CIK0000826083-submissions-001.json
2006-06-27,11-K,0000950134-06-012195,2005-12-31,d37282e11vk.htm,CIK0000826083-submissions-001.json
2006-06-28,11-K,0000950134-06-012298,2005-12-31,d37281e11vk.htm,CIK0000826083-submissions-001.json
2006-07-21,8-K,0001157523-06-007127,2006-07-21,a5192974.txt,CIK0000826083-submissions-001.json
2006-07-25,3,0001209191-06-042245,2006-07-25,xslF345X02/doc3.xml,CIK0000826083-submissions-001.json
2006-07-25,3,0001209191-06-042241,2006-07-21,xslF345X02/doc3.xml,CIK0000826083-submissions-001.json
2006-07-25,4,0001209191-06-042364,2006-07-21,xslF345X02/doc4.xml,CIK0000826083-submissions-001.json
2006-07-25,4,0001209191-06-042363,2006-07-21,xslF345X02/doc4.xml,CIK0000826083-submissions-001.json
2006-07-25,4,0001209191-06-042339,2006-07-21,xslF345X02/doc4.xml,CIK0000826083-submissions-001.json
2006-07-25,4,0001209191-06-042334,2006-07-21,xslF345X02/doc4.xml,CIK0000826083-submissions-001.json
2006-07-25,4,0001209191-06-042329,2006-07-21,xslF345X02/doc4.xml,CIK0000826083-submissions-001.json
2006-07-25,4,0001209191-06-042326,2006-07-21,xslF345X02/doc4.xml,CIK0000826083-submissions-001.json
2006-07-25,4,0001209191-06-042324,2006-07-21,xslF345X02/doc4.xml,CIK0000826083-submissions-001.json
2006-07-25,4,0001209191-06-042323,2006-07-21,xslF345X02/doc4.xml,CIK0000826083-submissions-001.json
2006-07-25,4,0001209191-06-042317,2006-07-21,xslF345X02/doc4.xml,CIK0000826083-submissions-001.json
2006-07-27,8-K,0000950134-06-014067,2006-07-21,d38146e8vk.htm,CIK0000826083-submissions-001.json
2006-08-17,8-K,0001157523-06-008578,2006-08-17,a5211876.txt,CIK0000826083-submissions-001.json
2006-08-24,4,0001209191-06-047320,2006-08-22,xslF345X02/doc4.xml,CIK0000826083-submissions-001.json
2006-08-24,4,0001209191-06-047310,2006-08-22,xslF345X02/doc4.xml,CIK0000826083-submissions-001.json
2006-08-30,4,0001209191-06-048110,2006-08-28,xslF345X02/doc4.xml,CIK0000826083-submissions-001.json
2006-09-11,8-K,0000950134-06-017558,2006-09-11,d39582e8vk.htm,CIK0000826083-submissions-001.json
2006-09-14,NT 10-Q,0000950134-06-017769,2006-08-04,d39660ntnt10vq.htm,CIK0000826083-submissions-001.json
2006-09-20,3,0001209191-06-051048,2006-09-18,xslF345X02/doc3.xml,CIK0000826083-submissions-001.json
2006-09-21,8-K,0000950134-06-018085,2006-09-15,d39832e8vk.htm,CIK0000826083-submissions-001.json
2006-11-14,8-K,0000950134-06-021583,2006-11-14,d41348e8vk.htm,CIK0000826083-submissions-001.json
2006-11-16,8-K,0001157523-06-011433,2006-11-15,a5276116.txt,CIK0000826083-submissions-001.json
2006-11-21,8-K,0001157523-06-011589,2006-11-21,a5279884.txt,CIK0000826083-submissions-001.json
2006-12-11,4,0001209191-06-063987,2006-12-07,xslF345X02/doc4.xml,CIK0000826083-submissions-001.json
2006-12-14,NT 10-Q,0000950134-06-023143,2006-11-03,d42105ntnt10vq.htm,CIK0000826083-submissions-001.json
2006-12-15,8-K,0001157523-06-012178,2006-12-15,a5295816.txt,CIK0000826083-submissions-001.json
2006-12-20,8-K,0000950134-06-023417,2006-12-15,d42202e8vk.htm,CIK0000826083-submissions-001.json
2007-01-03,4,0001209191-07-000174,2006-12-27,xslF345X02/doc4.xml,CIK0000826083-submissions-001.json
2007-01-03,8-K,0000950134-07-000059,2006-12-28,d42468e8vk.htm,CIK0000826083-submissions-001.json
2007-01-04,4,0001209191-07-001063,2007-01-02,xslF345X02/doc4.xml,CIK0000826083-submissions-001.json
2007-01-09,3,0001209191-07-002783,2007-01-08,xslF345X02/doc3.xml,CIK0000826083-submissions-001.json
2007-01-10,4,0001209191-07-003116,2007-01-08,xslF345X02/doc4.xml,CIK0000826083-submissions-001.json
2007-01-23,8-K,0001157523-07-000515,2007-01-17,a5316831.txt,CIK0000826083-submissions-001.json
2007-02-05,8-K,0000950134-07-002027,2007-01-30,d43276e8vk.htm,CIK0000826083-submissions-001.json
2007-02-12,SC 13G,0000807985-07-000006,,dell13g.txt,CIK0000826083-submissions-001.json
2007-02-16,SC 13G/A,0001362310-07-000169,,c70225sc13gza.htm,CIK0000826083-submissions-001.json
2007-02-20,8-K,0001362310-07-000176,2007-02-13,c70211e8vk.htm,CIK0000826083-submissions-001.json
2007-02-21,3,0001209191-07-012148,2007-02-19,xslF345X02/doc3.xml,CIK0000826083-submissions-001.json
2007-02-21,4,0001209191-07-012151,2007-02-19,xslF345X02/doc4.xml,CIK0000826083-submissions-001.json
2007-02-21,8-K,0000950134-07-003778,2007-02-14,d43805e8vk.htm,CIK0000826083-submissions-001.json
2007-02-28,3,0001209191-07-013932,2007-02-26,xslF345X02/doc3.xml,CIK0000826083-submissions-001.json
2007-02-28,4,0001209191-07-013933,2007-02-26,xslF345X02/doc4.xml,CIK0000826083-submissions-001.json
2007-03-01,8-K,0001157523-07-002249,2007-02-28,a5346282.txt,CIK0000826083-submissions-001.json
2007-03-08,4,0001209191-07-016381,2007-03-06,xslF345X02/doc4.xml,CIK0000826083-submissions-001.json
2007-03-08,4,0001209191-07-016380,2007-03-06,xslF345X02/doc4.xml,CIK0000826083-submissions-001.json
2007-03-08,4,0001209191-07-016378,2007-03-06,xslF345X02/doc4.xml,CIK0000826083-submissions-001.json
2007-03-08,4,0001209191-07-016377,2007-03-06,xslF345X02/doc4.xml,CIK0000826083-submissions-001.json
2007-03-08,4,0001209191-07-016376,2007-03-06,xslF345X02/doc4.xml,CIK0000826083-submissions-001.json
2007-03-12,3,0001209191-07-017170,2007-03-08,xslF345X02/doc3.xml,CIK0000826083-submissions-001.json
2007-03-12,3/A,0001209191-07-017206,2007-03-08,xslF345X02/doc3a.xml,CIK0000826083-submissions-001.json
2007-03-12,4,0001209191-07-017207,2007-03-08,xslF345X02/doc4.xml,CIK0000826083-submissions-001.json
2007-03-12,4,0001209191-07-017204,2007-03-08,xslF345X02/doc4.xml,CIK0000826083-submissions-001.json
2007-03-12,4,0001209191-07-017203,2007-03-08,xslF345X02/doc4.xml,CIK0000826083-submissions-001.json
2007-03-12,4,0001209191-07-017201,2007-03-08,xslF345X02/doc4.xml,CIK0000826083-submissions-001.json
2007-03-12,4,0001209191-07-017200,2007-03-08,xslF345X02/doc4.xml,CIK0000826083-submissions-001.json
2007-03-12,4,0001209191-07-017199,2007-03-08,xslF345X02/doc4.xml,CIK0000826083-submissions-001.json
2007-03-12,4,0001209191-07-017198,2007-03-08,xslF345X02/doc4.xml,CIK0000826083-submissions-001.json
2007-03-13,8-K,0000950134-07-005400,2007-03-08,d44543e8vk.htm,CIK0000826083-submissions-001.json
2007-03-28,4,0001209191-07-020292,2007-03-26,xslF345X02/doc4.xml,recent
2007-03-28,4,0001209191-07-020218,2007-03-26,xslF345X02/doc4.xml,recent
2007-03-29,8-K,0001157523-07-003102,2007-03-29,a5367031.htm,recent
2007-04-02,NO ACT,9999999997-07-021178,2007-03-13,9999999997-07-021178.paper,recent
2007-04-04,NT 10-K,0000950134-07-007558,2007-02-02,d45311ntnt10vk.htm,recent
2007-04-09,8-K,0001157523-07-003397,2007-04-05,a5373147.txt,recent
2007-04-10,UPLOAD,0000000000-07-017563,,filename1.txt,recent
2007-04-30,CORRESP,0000950134-07-009547,,filename1.htm,recent
2007-05-18,8-K,0000950134-07-011945,2007-05-14,d46922e8vk.htm,recent
2007-05-23,3,0001209191-07-032318,2007-05-14,xslF345X02/doc3.xml,recent
2007-05-23,4,0001209191-07-032398,2007-05-21,xslF345X02/doc4.xml,recent
2007-05-24,8-K/A,0000950134-07-012282,2007-05-14,d47067e8vkza.htm,recent
2007-05-31,8-K,0001157523-07-005742,2007-05-31,a5415809.txt,recent
2007-06-14,NT 10-Q,0000950134-07-013430,2007-05-04,d47522ntnt10vq.htm,recent
2007-06-19,8-K,0001157523-07-006189,2007-06-14,a5429880.txt,recent
2007-07-02,NT 11-K,0000950134-07-014552,2006-12-31,d47960bnt11vk.htm,recent
2007-07-02,NT 11-K,0000950134-07-014551,2006-12-31,d47960ant11vk.htm,recent
2007-07-03,8-K,0001157523-07-006570,2007-06-27,a5440233.txt,recent
2007-07-16,8-K,0001157523-07-006873,2007-07-10,a5448172.txt,recent
2007-07-24,8-K,0000950134-07-015755,2007-07-18,d48408e8vk.htm,recent
2007-08-08,8-K,0000950134-07-017350,2007-08-03,d48974e8vk.htm,recent
2007-08-16,8-K,0000950134-07-018421,2007-08-13,d49260e8vk.htm,recent
2007-08-21,8-K,0001157523-07-008635,2007-08-17,a5476261.txt,recent
2007-08-30,8-K,0001157523-07-008890,2007-08-30,a5482547.txt,recent
2007-09-10,4,0001209191-07-052681,2007-09-06,xslF345X02/doc4.xml,recent
2007-09-12,8-K,0000950134-07-019890,2007-09-06,d49865e8vk.htm,recent
2007-09-13,3,0001209191-07-053307,2007-09-06,xslF345X02/doc3.xml,recent
2007-09-13,NT 10-Q,0000950134-07-019947,2007-08-03,d49888nt10vq.htm,recent
2007-09-17,8-K,0000950134-07-020049,2007-09-14,d49927e8vk.htm,recent
2007-09-18,8-K/A,0000950134-07-020090,2007-09-14,d49927ae8vkza.htm,recent
2007-10-04,4,0001209191-07-057183,2007-10-03,xslF345X02/doc4.xml,recent
2007-10-17,3,0001209191-07-058602,2007-10-15,xslF345X02/doc3.xml,recent
2007-10-17,4,0001209191-07-058603,2007-10-15,xslF345X02/doc4.xml,recent
2007-10-30,10-K,0000950134-07-022267,2007-02-02,d48366e10vk.htm,recent
2007-10-30,10-Q,0000950134-07-022270,2007-08-03,d50660e10vq.htm,recent
2007-10-30,10-Q,0000950134-07-022269,2007-05-04,d50659e10vq.htm,recent
2007-10-30,10-Q,0000950134-07-022266,2006-11-03,d50658e10vq.htm,recent
2007-10-30,10-Q,0000950134-07-022265,2006-08-04,d50657e10vq.htm,recent
2007-10-30,10-Q/A,0000950134-07-022264,2006-05-05,d50656e10vqza.htm,recent
2007-10-30,8-K,0001157523-07-010410,2007-10-30,a5532545.txt,recent
2007-10-31,DEF 14A,0000950134-07-022403,2007-12-04,d50578dedef14a.htm,recent
2007-11-01,8-K,0000950134-07-022559,2007-10-31,d51070e8vk.htm,recent
2007-11-08,8-K,0000950134-07-023369,2007-11-04,d51228e8vk.htm,recent
2007-11-16,8-K,0001157523-07-011438,2007-11-12,a5548629.txt,recent
2007-11-29,8-K,0001157523-07-011798,2007-11-29,a5557213.txt,recent
2007-12-06,11-K,0000950134-07-025035,2006-12-31,d52130e11vk.htm,recent
2007-12-06,4,0001209191-07-068053,2007-12-04,xslF345X02/doc4.xml,recent
2007-12-06,4,0001209191-07-068049,2007-12-04,xslF345X02/doc4.xml,recent
2007-12-06,4,0001209191-07-068047,2007-12-04,xslF345X02/doc4.xml,recent
2007-12-06,4,0001209191-07-068034,2007-12-04,xslF345X02/doc4.xml,recent
2007-12-06,4,0001209191-07-068015,2007-12-04,xslF345X02/doc4.xml,recent
2007-12-06,4,0001209191-07-068014,2007-12-04,xslF345X02/doc4.xml,recent
2007-12-06,4,0001209191-07-068013,2007-12-04,xslF345X02/doc4.xml,recent
2007-12-06,4,0001209191-07-068010,2007-12-04,xslF345X02/doc4.xml,recent
2007-12-06,4,0001209191-07-068008,2007-12-04,xslF345X02/doc4.xml,recent
2007-12-07,11-K,0000950134-07-025069,2006-12-31,d52140e11vk.htm,recent
2007-12-07,S-8,0000950134-07-025044,,d52082sv8.htm,recent
2007-12-10,10-Q,0000950134-07-025157,2007-11-02,d52196e10vq.htm,recent
2007-12-21,8-K,0001157523-07-012416,2007-12-20,a5573262.txt,recent
2008-01-03,4,0001209191-08-000749,2008-01-02,xslF345X02/doc4.xml,recent
2008-01-04,4,0001209191-08-001760,2008-01-03,xslF345X02/doc4.xml,recent
2008-01-28,8-K,0001157523-08-000616,2008-01-28,a5595645.htm,recent
2008-02-12,8-K,0001157523-08-001219,2008-02-11,a5608424.htm,recent
2008-02-13,SC 13G/A,0000807985-08-000009,,dell13g1.txt,recent
2008-02-14,SC 13G/A,0000950134-08-002709,,d54011sc13gza.htm,recent
2008-02-28,8-K,0001157523-08-001866,2008-02-28,a5622334.htm,recent
2008-03-06,3/A,0001209191-08-016513,2007-09-06,xslF345X02/doc3a.xml,recent
2008-03-06,4,0001209191-08-016573,2008-03-04,xslF345X02/doc4.xml,recent
2008-03-06,4,0001209191-08-016549,2008-03-04,xslF345X02/doc4.xml,recent
2008-03-06,4,0001209191-08-016547,2008-03-04,xslF345X02/doc4.xml,recent
2008-03-06,4,0001209191-08-016545,2008-03-04,xslF345X02/doc4.xml,recent
2008-03-06,4,0001209191-08-016544,2008-03-04,xslF345X02/doc4.xml,recent
2008-03-06,4,0001209191-08-016542,2008-03-04,xslF345X02/doc4.xml,recent
2008-03-06,4,0001209191-08-016540,2008-03-04,xslF345X02/doc4.xml,recent
2008-03-06,4,0001209191-08-016539,2008-03-04,xslF345X02/doc4.xml,recent
2008-03-06,4,0001209191-08-016538,2008-03-04,xslF345X02/doc4.xml,recent
2008-03-06,4,0001209191-08-016537,2008-03-04,xslF345X02/doc4.xml,recent
2008-03-06,4,0001209191-08-016534,2008-03-04,xslF345X02/doc4.xml,recent
2008-03-06,4,0001209191-08-016531,2008-03-04,xslF345X02/doc4.xml,recent
2008-03-06,4,0001209191-08-016530,2008-03-04,xslF345X02/doc4.xml,recent
2008-03-06,4/A,0001209191-08-016512,2008-01-03,xslF345X02/doc4a.xml,recent
2008-03-13,4,0001209191-08-018037,2008-03-12,xslF345X02/doc4.xml,recent
2008-03-13,4,0001209191-08-018036,2008-03-12,xslF345X02/doc4.xml,recent
2008-03-13,4,0001209191-08-018034,2008-03-12,xslF345X02/doc4.xml,recent
2008-03-13,4,0001209191-08-018033,2008-03-12,xslF345X02/doc4.xml,recent
2008-03-19,4,0001209191-08-019100,2008-03-18,xslF345X02/doc4.xml,recent
2008-03-19,4,0001209191-08-019099,2008-03-17,xslF345X02/doc4.xml,recent
2008-03-27,4,0001209191-08-020477,2008-03-26,xslF345X02/doc4.xml,recent
2008-03-31,10-K,0000950134-08-005718,2008-02-01,d55156e10vk.htm,recent
2008-03-31,8-K,0001157523-08-002640,2008-03-31,a5645966.htm,recent
2008-04-03,4,0001209191-08-022292,2008-04-02,xslF345X02/doc4.xml,recent
2008-04-17,8-K,0000950134-08-006801,2008-04-17,d55879e8vk.htm,recent
2008-04-24,8-K,0001157523-08-003247,2008-04-22,a5666371.htm,recent
2008-05-19,8-K,0001157523-08-004400,2008-05-19,a5688862.htm,recent
2008-05-22,3,0001209191-08-032457,2008-05-20,xslF345X02/doc3.xml,recent
2008-05-22,4,0001209191-08-032477,2008-05-20,xslF345X02/doc4.xml,recent
2008-05-29,8-K,0001157523-08-004655,2008-05-29,a5696918.htm,recent
2008-06-02,DEF 14A,0000950134-08-010544,2008-07-18,d57231def14a.htm,recent
2008-06-02,DEFA14A,0000950134-08-010567,,d57231adefa14a.htm,recent
2008-06-03,10-Q,0000950134-08-010645,2008-05-02,d57361e10vq.htm,recent
2008-06-05,8-K,0000950134-08-010817,2008-06-05,d57416e8vk.htm,recent
2008-06-05,S-1,0000950134-08-010831,,d57412sv1.htm,recent
2008-06-05,S-1,0000950134-08-010830,,d57413sv1.htm,recent
2008-06-05,S-1,0000950134-08-010828,,d57355sv1.htm,recent
2008-06-06,4,0001209191-08-035634,2008-06-05,xslF345X02/doc4.xml,recent
2008-06-13,4,0001209191-08-036961,2008-06-13,xslF345X02/doc4.xml,recent
2008-06-13,4,0001209191-08-036930,2008-06-10,xslF345X02/doc4.xml,recent
2008-06-27,10-Q/A,0000950134-08-011954,2008-05-02,d57855e10vqza.htm,recent
2008-06-30,11-K,0000950134-08-012126,2007-12-31,d58040e11vk.htm,recent
2008-06-30,11-K,0000950134-08-012125,2007-12-31,d58059e11vk.htm,recent
2008-06-30,8-K,0000950134-08-012049,2008-06-24,d58039e8vk.htm,recent
2008-07-01,4,0001209191-08-039752,2008-07-01,xslF345X03/doc4.xml,recent
2008-07-02,UPLOAD,0000000000-08-032895,,filename1.pdf,recent
2008-07-21,S-1/A,0000950134-08-013021,,d57412a1sv1za.htm,recent
2008-07-21,S-1/A,0000950134-08-013020,,d57355a1sv1za.htm,recent
2008-07-21,S-1/A,0000950134-08-013019,,d57413a1sv1za.htm,recent
2008-07-22,4,0001209191-08-043287,2008-07-18,xslF345X03/doc4.xml,recent
2008-07-22,4,0001209191-08-043276,2008-07-18,xslF345X03/doc4.xml,recent
2008-07-22,4,0001209191-08-043275,2008-07-18,xslF345X03/doc4.xml,recent
2008-07-22,4,0001209191-08-043273,2008-07-18,xslF345X03/doc4.xml,recent
2008-07-22,4,0001209191-08-043270,2008-07-18,xslF345X03/doc4.xml,recent
2008-07-22,4,0001209191-08-043269,2008-07-18,xslF345X03/doc4.xml,recent
2008-07-22,4,0001209191-08-043267,2008-07-18,xslF345X03/doc4.xml,recent
2008-07-22,4,0001209191-08-043265,2008-07-18,xslF345X03/doc4.xml,recent
2008-07-22,4,0001209191-08-043263,2008-07-18,xslF345X03/doc4.xml,recent
2008-07-22,4,0001209191-08-043261,2008-07-18,xslF345X03/doc4.xml,recent
2008-07-22,CORRESP,0000950134-08-013112,,filename1.htm,recent
2008-08-07,UPLOAD,0000000000-08-039706,,filename1.pdf,recent
2008-08-08,CORRESP,0000950134-08-014768,,filename1.htm,recent
2008-08-08,S-1/A,0000950134-08-014760,,d57412a2sv1za.htm,recent
2008-08-08,S-1/A,0000950134-08-014759,,d57413a2sv1za.htm,recent
2008-08-08,S-1/A,0000950134-08-014758,,d57355a2sv1za.htm,recent
2008-08-11,CORRESP,0000950134-08-014954,,filename1.htm,recent
2008-08-12,EFFECT,9999999995-08-002536,,xslEFFECTX01/primary_doc.xml,recent
2008-08-12,EFFECT,9999999995-08-002537,,xslEFFECTX01/primary_doc.xml,recent
2008-08-12,EFFECT,9999999995-08-002535,,xslEFFECTX01/primary_doc.xml,recent
2008-08-28,8-K,0001157523-08-007178,2008-08-28,a5765879.htm,recent
2008-09-04,10-Q,0000950134-08-016132,2008-08-01,d60020e10vq.htm,recent
2008-09-08,4,0001209191-08-050940,2008-09-04,xslF345X03/doc4.xml,recent
2008-09-11,4,0001209191-08-051457,2008-09-09,xslF345X03/doc4.xml,recent
2008-09-11,4,0001209191-08-051456,2008-09-09,xslF345X03/doc4.xml,recent
2008-09-11,S-4,0000950134-08-016478,,d60133sv4.htm,recent
2008-09-12,4/A,0001209191-08-051587,2008-09-09,xslF345X03/doc4a.xml,recent
2008-09-16,8-K,0001157523-08-007410,2008-09-16,a5779691.htm,recent
2008-10-07,UPLOAD,0000000000-08-050605,,filename1.pdf,recent
2008-10-14,S-4/A,0000950134-08-017861,,d60133a1sv4za.htm,recent
2008-10-28,CORRESP,0000950134-08-018574,,filename1.htm,recent
2008-10-28,S-4/A,0000950134-08-018573,,d60133a2sv4za.htm,recent
2008-10-29,424B3,0000950134-08-018667,,d60133b3e424b3.htm,recent
2008-10-29,EFFECT,9999999995-08-003237,,xslEFFECTX01/primary_doc.xml,recent
2008-11-04,S-3ASR,0001193125-08-224321,,ds3asr.htm,recent
2008-11-13,UPLOAD,0000000000-08-056230,,filename1.pdf,recent
2008-11-20,8-K,0001157523-08-009475,2008-11-20,a5837022.htm,recent
2008-12-03,4,0001209191-08-063888,2008-12-02,xslF345X03/doc4.xml,recent
2008-12-04,10-Q,0000950134-08-021635,2008-10-31,d65443e10vq.htm,recent
2008-12-04,4,0001209191-08-064167,2008-12-03,xslF345X03/doc4.xml,recent
2008-12-11,11-KT,0000950134-08-022033,2008-07-08,d65506e11vkt.htm,recent
2008-12-31,8-K,0001157523-08-010136,2008-12-31,a5862275.htm,recent
2009-01-07,4,0001209191-09-002204,2009-01-05,xslF345X03/doc4.xml,recent
2009-01-07,4,0001209191-09-002203,2009-01-05,xslF345X03/doc4.xml,recent
2009-01-08,8-K,0000950134-09-000272,2009-01-05,d65806e8vk.htm,recent
2009-01-09,8-K/A,0000950134-09-000289,2009-01-05,d65806ae8vkza.htm,recent
2009-01-28,8-K,0001157523-09-000592,2009-01-23,a5882761.htm,recent
2009-02-06,SC 13G/A,0000807985-09-000004,,dell13g2.txt,recent
2009-02-17,SC 13G/A,0000950134-09-003136,,d66417sc13gza.htm,recent
2009-02-19,8-K,0001157523-09-001408,2009-02-16,a5900252.htm,recent
2009-02-26,8-K,0001157523-09-001669,2009-02-26,a5905532.htm,recent
2009-03-05,4,0001209191-09-013977,2009-03-03,xslF345X03/doc4.xml,recent
2009-03-05,4,0001209191-09-013973,2009-03-03,xslF345X03/doc4.xml,recent
2009-03-05,4,0001209191-09-013972,2009-03-03,xslF345X03/doc4.xml,recent
2009-03-05,4,0001209191-09-013970,2009-03-03,xslF345X03/doc4.xml,recent
2009-03-09,4,0001209191-09-014908,2009-03-05,xslF345X03/doc4.xml,recent
2009-03-09,4,0001209191-09-014853,2009-03-05,xslF345X03/doc4.xml,recent
2009-03-09,4,0001209191-09-014846,2009-03-05,xslF345X03/doc4.xml,recent
2009-03-09,4,0001209191-09-014832,2009-03-05,xslF345X03/doc4.xml,recent
2009-03-09,4,0001209191-09-014829,2009-03-05,xslF345X03/doc4.xml,recent
2009-03-09,4,0001209191-09-014826,2009-03-05,xslF345X03/doc4.xml,recent
2009-03-09,4,0001209191-09-014813,2009-03-05,xslF345X03/doc4.xml,recent
2009-03-09,4,0001209191-09-014809,2009-03-05,xslF345X03/doc4.xml,recent
2009-03-09,4,0001209191-09-014802,2009-03-05,xslF345X03/doc4.xml,recent
2009-03-09,4,0001209191-09-014799,2009-03-05,xslF345X03/doc4.xml,recent
2009-03-09,8-K,0000950134-09-004823,2009-03-05,d66747e8vk.htm,recent
2009-03-11,3,0001209191-09-015483,2009-03-06,xslF345X02/doc3.xml,recent
2009-03-11,4,0001209191-09-015488,2009-03-09,xslF345X03/doc4.xml,recent
2009-03-11,4,0001209191-09-015486,2009-03-09,xslF345X03/doc4.xml,recent
2009-03-11,4,0001209191-09-015484,2009-03-09,xslF345X03/doc4.xml,recent
2009-03-16,4,0001209191-09-016305,2009-03-12,xslF345X03/doc4.xml,recent
2009-03-26,10-K,0000950134-09-006106,2009-01-30,d66204e10vk.htm,recent
2009-03-26,S-8,0000950134-09-006131,,d66935sv8.htm,recent
2009-03-31,4,0001209191-09-018987,2009-03-30,xslF345X03/doc4.xml,recent
2009-03-31,4/A,0001209191-09-018983,2008-07-18,xslF345X03/doc4a.xml,recent
2009-04-01,424B5,0001193125-09-070297,,d424b5.htm,recent
2009-04-01,8-K,0001193125-09-070241,2009-04-01,d8k.htm,recent
2009-04-02,FWP,0001193125-09-070907,,dfwp.htm,recent
2009-04-03,424B5,0001193125-09-071813,,d424b5.htm,recent
2009-04-06,8-K,0001193125-09-073812,2009-04-01,d8k.htm,recent
2009-04-13,8-K,0001157523-09-002658,2009-04-09,a5937758.htm,recent
2009-04-14,3,0001209191-09-021471,2009-04-09,xslF345X02/doc3.xml,recent
2009-05-28,8-K,0001157523-09-004189,2009-05-28,a5975014.htm,recent
2009-05-29,4,0001209191-09-029455,2008-03-07,xslF345X03/doc4.xml,recent
2009-06-01,DEF 14A,0001193125-09-122251,2009-07-17,ddef14a.htm,recent
2009-06-01,DEFA14A,0001193125-09-122259,,ddefa14a.htm,recent
2009-06-04,10-Q,0000950123-09-011432,2009-05-01,d67896e10vq.htm,recent
2009-06-04,4,0001209191-09-030801,2009-06-02,xslF345X03/doc4.xml,recent
2009-06-04,4,0001209191-09-030798,2009-06-02,xslF345X03/doc4.xml,recent
2009-06-04,4,0001209191-09-030794,2009-06-02,xslF345X03/doc4.xml,recent
2009-06-04,4,0001209191-09-030791,2009-06-02,xslF345X03/doc4.xml,recent
2009-06-10,424B5,0001193125-09-128610,,d424b5.htm,recent
2009-06-10,8-K,0001193125-09-128358,2009-06-10,d8k.htm,recent
2009-06-10,FWP,0001193125-09-128788,,dfwp.htm,recent
2009-06-12,4,0001209191-09-032027,2009-06-11,xslF345X03/doc4.xml,recent
2009-06-12,424B5,0001193125-09-130158,,d424b5.htm,recent
2009-06-15,8-K,0001193125-09-131012,2009-06-10,d8k.htm,recent
2009-06-19,4/A,0001209191-09-033095,2005-08-31,xslF345X03/doc4a.xml,recent
2009-06-19,4/A,0001209191-09-033093,2005-08-16,xslF345X03/doc4a.xml,recent
2009-06-25,11-K,0000950123-09-017374,2008-12-31,d68196e11vk.htm,recent
2009-07-08,8-K,0000950123-09-020878,2009-07-08,d68289e8vk.htm,recent
2009-07-13,8-K,0001157523-09-004850,2009-07-13,a6005491.htm,recent
2009-07-21,4,0001209191-09-037224,2009-07-17,xslF345X03/doc4.xml,recent
2009-07-21,4,0001209191-09-037223,2009-07-17,xslF345X03/doc4.xml,recent
2009-07-21,4,0001209191-09-037221,2009-07-17,xslF345X03/doc4.xml,recent
2009-07-21,4,0001209191-09-037220,2009-07-17,xslF345X03/doc4.xml,recent
2009-07-21,4,0001209191-09-037219,2009-07-17,xslF345X03/doc4.xml,recent
2009-07-21,4,0001209191-09-037218,2009-07-17,xslF345X03/doc4.xml,recent
2009-07-21,4,0001209191-09-037217,2009-07-17,xslF345X03/doc4.xml,recent
2009-07-21,4,0001209191-09-037216,2009-07-17,xslF345X03/doc4.xml,recent
2009-07-21,4,0001209191-09-037215,2009-07-17,xslF345X03/doc4.xml,recent
2009-07-21,4/A,0001209191-09-037214,2009-06-02,xslF345X03/doc4a.xml,recent
2009-08-27,8-K,0001157523-09-006265,2009-08-27,a6037917.htm,recent
2009-09-03,10-Q,0000950123-09-040630,2009-07-31,d68996e10vq.htm,recent
2009-09-03,4,0001209191-09-043219,2009-09-01,xslF345X03/doc4.xml,recent
2009-09-03,4,0001209191-09-043218,2009-09-01,xslF345X03/doc4.xml,recent
2009-09-10,4,0001209191-09-043740,2009-09-08,xslF345X03/doc4.xml,recent
2009-09-11,10-Q/A,0000950123-09-042709,2009-07-31,d68996ae10vqza.htm,recent
2009-09-21,8-K,0000950123-09-044357,2009-09-20,d69193e8vk.htm,recent
2009-09-21,SC TO-C,0000950123-09-044611,,d69195sctovc.htm,recent
2009-09-21,SC TO-C,0000950123-09-044358,,d69193e8vk.htm,recent
2009-09-22,SC TO-C,0000950123-09-044917,,d69219sctovc.htm,recent
2009-09-24,4,0001209191-09-045643,2009-09-23,xslF345X03/doc4.xml,recent
2009-09-24,SC TO-C,0000950123-09-045750,,d69249sctovc.htm,recent
2009-09-25,8-K,0000950123-09-045957,2009-09-22,d69266e8vk.htm,recent
2009-09-28,8-K,0000950123-09-046527,2009-09-23,d69289e8vk.htm,recent
2009-09-29,8-K,0001157523-09-006661,2009-09-25,a6060940.htm,recent
2009-10-01,3,0001209191-09-046284,2009-09-25,xslF345X02/doc3.xml,recent
2009-10-01,8-K,0000950123-09-047581,2009-09-30,d69364e8vk.htm,recent
2009-10-01,SC TO-C,0000950123-09-047582,,d69364e8vk.htm,recent
2009-10-02,SC TO-T,0000950123-09-047856,,d69347sctovt.htm,recent
2009-10-05,4,0001209191-09-047381,2009-10-02,xslF345X03/doc4.xml,recent
2009-10-08,SC TO-T/A,0000950123-09-049299,,d69423sctovtza.htm,recent
2009-10-09,SC TO-T/A,0000950123-09-049585,,d69448sctovtza.htm,recent
2009-10-13,SC TO-T/A,0000950123-09-049999,,d69525sctovtza.htm,recent
2009-10-19,CORRESP,0000950123-09-051289,,filename1.htm,recent
2009-10-19,CORRESP,0000950123-09-051284,,filename1.htm,recent
2009-10-19,SC TO-T/A,0000950123-09-051287,,d69596sctovtza.htm,recent
2009-10-26,SC TO-T/A,0000950123-09-053113,,d69735sctovtza.htm,recent
2009-10-30,SC TO-T/A,0000950123-09-055488,,d69828sctovtza.htm,recent
2009-11-03,8-K,0000950123-09-056990,2009-11-03,d69891e8vk.htm,recent
2009-11-03,SC TO-T/A,0000950123-09-056923,,d69888sctovtza.htm,recent
2009-11-04,3,0001209191-09-050995,2009-11-03,xslF345X02/doc3.xml,recent
2009-11-04,4,0001209191-09-051001,2009-11-03,xslF345X03/doc4.xml,recent
2009-11-06,3,0001209191-09-051364,2009-11-03,xslF345X02/c91992_3x0.xml,recent
2009-11-06,SC 13D,0000950123-09-059031,,d69890sc13d.htm,recent
2009-11-19,8-K,0001157523-09-008192,2009-11-19,a6104653.htm,recent
2009-12-02,4,0001209191-09-054934,2009-12-01,xslF345X03/doc4.xml,recent
2009-12-03,10-Q,0000950123-09-068042,2009-10-30,d69123e10vq.htm,recent
2009-12-04,4/A,0001209191-09-055466,2009-12-01,xslF345X03/doc4a.xml,recent
2009-12-04,8-K,0001157523-09-008421,2009-12-03,a6113716.htm,recent
2009-12-07,3,0001209191-09-055668,2009-12-03,xslF345X02/doc3.xml,recent
2009-12-07,4,0001209191-09-055670,2009-12-03,xslF345X03/doc4.xml,recent
2009-12-07,4,0001209191-09-055669,2009-12-03,xslF345X03/doc4.xml,recent
2009-12-16,8-K,0001157523-09-008608,2009-12-16,a6121612.htm,recent
2010-01-29,SC 13G,0001086364-10-008174,,dell123109.txt,recent
2010-02-02,4,0001209191-10-006120,2010-02-01,xslF345X03/doc4.xml,recent
2010-02-02,4,0001209191-10-006117,2010-01-08,xslF345X03/doc4.xml,recent
2010-02-05,SC 13G/A,0000807985-10-000006,,dell13g3.txt,recent
2010-02-16,SC 13G/A,0000950123-10-012984,,c96331sc13gza.htm,recent
2010-02-18,8-K,0001157523-10-001038,2010-02-18,a6184778.htm,recent
2010-02-23,4,0001209191-10-011314,2010-02-19,xslF345X03/doc4.xml,recent
2010-02-26,4,0001209191-10-012774,2010-02-24,xslF345X03/doc4.xml,recent
2010-02-26,4,0001209191-10-012772,2010-02-24,xslF345X03/doc4.xml,recent
2010-02-26,4,0001209191-10-012769,2010-02-24,xslF345X03/doc4.xml,recent
2010-02-26,4,0001209191-10-012768,2010-02-24,xslF345X03/doc4.xml,recent
2010-02-26,4,0001209191-10-012766,2010-02-24,xslF345X03/doc4.xml,recent
2010-02-26,4,0001209191-10-012753,2010-02-24,xslF345X03/doc4.xml,recent
2010-02-26,4,0001209191-10-012742,2010-02-24,xslF345X03/doc4.xml,recent
2010-02-26,4,0001209191-10-012741,2010-02-24,xslF345X03/doc4.xml,recent
2010-02-26,4,0001209191-10-012731,2010-02-24,xslF345X03/doc4.xml,recent
2010-02-26,4,0001209191-10-012729,2010-02-24,xslF345X03/doc4.xml,recent
2010-03-02,4,0001209191-10-013307,2010-03-01,xslF345X03/doc4.xml,recent
2010-03-03,4,0001209191-10-013828,2010-03-03,xslF345X03/doc4.xml,recent
2010-03-05,4,0001209191-10-014747,2010-03-03,xslF345X03/doc4.xml,recent
2010-03-10,4,0001209191-10-015907,2010-03-08,xslF345X03/doc4.xml,recent
2010-03-10,4,0001209191-10-015906,2010-03-09,xslF345X03/doc4.xml,recent
2010-03-10,4,0001209191-10-015905,2010-03-09,xslF345X03/doc4.xml,recent
2010-03-11,4,0001209191-10-016292,2010-03-09,xslF345X03/doc4.xml,recent
2010-03-11,4,0001209191-10-016210,2010-03-10,xslF345X03/doc4.xml,recent
2010-03-12,4,0001209191-10-016602,2010-03-12,xslF345X03/doc4.xml,recent
2010-03-12,4,0001209191-10-016597,2010-03-10,xslF345X03/doc4.xml,recent
2010-03-16,8-K,0000950123-10-024910,2010-03-15,c97791e8vk.htm,recent
2010-03-18,10-K,0000950123-10-025998,2010-01-29,d70787e10vk.htm,recent
2010-03-30,4,0001209191-10-019268,2010-03-26,xslF345X03/doc4.xml,recent
2010-03-30,4,0001209191-10-019265,2010-03-26,xslF345X03/doc4.xml,recent
2010-03-30,4,0001209191-10-019264,2010-03-26,xslF345X03/doc4.xml,recent
2010-03-30,4,0001209191-10-019262,2010-03-26,xslF345X03/doc4.xml,recent
2010-03-30,4,0001209191-10-019260,2010-03-26,xslF345X03/doc4.xml,recent
2010-03-30,4,0001209191-10-019259,2010-03-26,xslF345X03/doc4.xml,recent
2010-03-30,4,0001209191-10-019257,2010-03-26,xslF345X03/doc4.xml,recent
2010-03-30,4,0001209191-10-019254,2010-03-26,xslF345X03/doc4.xml,recent
2010-03-30,4,0001209191-10-019251,2010-03-26,xslF345X03/doc4.xml,recent
2010-03-30,4,0001209191-10-019249,2010-03-26,xslF345X03/doc4.xml,recent
2010-03-30,4/A,0001209191-10-019143,2010-02-24,xslF345X03/doc4a.xml,recent
2010-03-30,4/A,0001209191-10-019142,2010-02-24,xslF345X03/doc4a.xml,recent
2010-03-30,4/A,0001209191-10-019141,2010-02-24,xslF345X03/doc4a.xml,recent
2010-03-30,4/A,0001209191-10-019140,2010-02-24,xslF345X03/doc4a.xml,recent
2010-03-30,4/A,0001209191-10-019139,2010-02-24,xslF345X03/doc4a.xml,recent
2010-03-30,4/A,0001209191-10-019138,2010-02-24,xslF345X03/doc4a.xml,recent
2010-03-30,4/A,0001209191-10-019137,2010-02-24,xslF345X03/doc4a.xml,recent
2010-03-30,4/A,0001209191-10-019136,2010-02-24,xslF345X03/doc4a.xml,recent
2010-03-30,4/A,0001209191-10-019135,2010-02-24,xslF345X03/doc4a.xml,recent
2010-03-30,4/A,0001209191-10-019132,2010-02-24,xslF345X03/doc4a.xml,recent
2010-03-30,8-K,0000950123-10-030068,2010-03-26,c98584e8vk.htm,recent
2010-03-31,4,0001209191-10-019542,2010-03-29,xslF345X03/doc4.xml,recent
2010-03-31,4,0001209191-10-019541,2010-03-29,xslF345X03/doc4.xml,recent
2010-03-31,4,0001209191-10-019536,2010-03-29,xslF345X03/doc4.xml,recent
2010-03-31,4,0001209191-10-019532,2010-03-29,xslF345X03/doc4.xml,recent
2010-03-31,4,0001209191-10-019525,2010-03-29,xslF345X03/doc4.xml,recent
2010-04-01,8-K,0000950123-10-031585,2010-04-01,c98768e8vk.htm,recent
2010-04-19,3,0001209191-10-022734,2010-04-12,xslF345X02/doc3.xml,recent
2010-04-30,PRE 14A,0000950123-10-041511,2010-07-16,d72405ppre14a.htm,recent
2010-05-05,4,0001209191-10-025304,2010-05-04,xslF345X03/doc4.xml,recent
2010-05-07,4,0001209191-10-025929,2010-05-05,xslF345X03/doc4.xml,recent
2010-05-18,4,0001209191-10-028461,2010-05-15,xslF345X03/doc4.xml,recent
2010-05-20,8-K,0001157523-10-003314,2010-05-20,a6299309.htm,recent
2010-05-24,4,0001209191-10-029945,2010-05-21,xslF345X03/doc4.xml,recent
2010-05-24,4,0001209191-10-029891,2010-05-20,xslF345X03/doc4.xml,recent
2010-05-27,DEF 14A,0000950123-10-053687,2010-07-16,d72405ddef14a.htm,recent
2010-05-27,DEFA14A,0000950123-10-053693,,d72405dadefa14a.htm,recent
2010-06-02,4,0001209191-10-031461,2010-06-01,xslF345X03/doc4.xml,recent
2010-06-03,ARS,9999999997-10-012463,2010-01-29,9999999997-10-012463.paper,recent
2010-06-10,10-Q,0000950123-10-057270,2010-04-30,d72690e10vq.htm,recent
2010-06-10,8-K/A,0001157523-10-003647,2010-06-10,a6321732.htm,recent
2010-06-10,NT 10-Q,0000950123-10-057266,2010-04-30,d72690ntnt10vq.htm,recent
2010-06-11,3,0001209191-10-033817,2010-06-03,xslF345X02/doc3.xml,recent
2010-06-14,3,0001209191-10-034053,2010-06-03,xslF345X02/doc3.xml,recent
2010-06-23,8-K,0001157523-10-003786,2010-06-23,a6338746.htm,recent
2010-06-24,11-K,0000950123-10-060724,2009-12-31,d73957e11vk.htm,recent
2010-07-16,8-K,0001157523-10-004059,2010-07-16,a6362406.htm,recent
2010-07-16,DEFA14A,0001157523-10-004060,,a6362448.htm,recent
2010-07-19,4,0001209191-10-038870,2010-07-19,xslF345X03/doc4.xml,recent
2010-07-22,8-K,0001157523-10-004192,2010-07-22,a6369853.htm,recent
2010-07-23,DEFA14A,0000950123-10-067744,,d74192defa14a.htm,recent
2010-07-27,UPLOAD,0000000000-10-042502,,filename1.pdf,recent
2010-08-10,CORRESP,0000950123-10-075651,,filename1.htm,recent
2010-08-11,4,0001209191-10-042061,2010-08-10,xslF345X03/doc4.xml,recent
2010-08-11,4,0001209191-10-042059,2010-08-10,xslF345X03/doc4.xml,recent
2010-08-16,8-K,0000950123-10-077673,2010-08-16,d75414e8vk.htm,recent
2010-08-16,SC TO-C,0000950123-10-078138,,d75313sctovc.htm,recent
2010-08-16,SC TO-C,0000950123-10-077675,,d75414e8vk.htm,recent
2010-08-17,4,0001209191-10-043062,2010-08-14,xslF345X03/doc4.xml,recent
2010-08-17,4,0001209191-10-043061,2010-08-14,xslF345X03/doc4.xml,recent
2010-08-17,4,0001209191-10-043060,2010-08-14,xslF345X03/doc4.xml,recent
2010-08-17,4,0001209191-10-043059,2010-08-14,xslF345X03/doc4.xml,recent
2010-08-17,4,0001209191-10-043058,2010-08-14,xslF345X03/doc4.xml,recent
2010-08-17,4,0001209191-10-043057,2010-08-14,xslF345X03/doc4.xml,recent
2010-08-17,4,0001209191-10-043055,2010-08-14,xslF345X03/doc4.xml,recent
2010-08-17,4,0001209191-10-043053,2010-08-14,xslF345X03/doc4.xml,recent
2010-08-17,4,0001209191-10-043049,2010-08-14,xslF345X03/doc4.xml,recent
2010-08-17,4,0001209191-10-043047,2010-08-14,xslF345X03/doc4.xml,recent
2010-08-17,8-K,0000950123-10-078547,2010-08-12,d75444e8vk.htm,recent
2010-08-17,SC TO-C,0000950123-10-078601,,d75313asctovc.htm,recent
2010-08-18,SC TO-C,0000950123-10-078886,,d75313bsctovc.htm,recent
2010-08-19,8-K,0001157523-10-005171,2010-08-19,a6402433.htm,recent
2010-08-19,SC TO-C,0000950123-10-079253,,d75313csctovc.htm,recent
2010-08-20,SC 13D,0000950123-10-079559,,d75466sc13d.htm,recent
2010-08-20,SC TO-C,0000950123-10-079640,,d75313dsctovc.htm,recent
2010-08-23,SC TO-T,0000950123-10-079902,,y75531sctovt.htm,recent
2010-08-26,10-Q,0000950123-10-081330,2010-07-30,d74314e10vq.htm,recent
2010-08-26,SC TO-T/A,0000950123-10-081333,,y75531a1sctovtza.htm,recent
2010-08-26,UPLOAD,0000000000-10-049407,,filename1.pdf,recent
2010-08-27,4,0001209191-10-044154,2010-08-26,xslF345X03/doc4.xml,recent
2010-08-27,SC TO-T/A,0000950123-10-081823,,y75531a2sctovtza.htm,recent
2010-08-30,SC 13D/A,0000950123-10-082219,,y75775sc13dza.htm,recent
2010-08-30,SC TO-T/A,0000950123-10-082203,,y75531a3sctovtza.htm,recent
2010-09-01,10-Q/A,0000950123-10-083010,2010-07-30,d74314ae10vqza.htm,recent
2010-09-02,4,0001209191-10-044791,2010-09-01,xslF345X03/doc4.xml,recent
2010-09-02,SC TO-T/A,0000950123-10-083442,,y75531a4sctovtza.htm,recent
2010-09-03,SC 13D/A,0000950123-10-083808,,z75531a2sc13dza.htm,recent
2010-09-03,SC TO-T/A,0000950123-10-083803,,z75531a5sctovtza.htm,recent
2010-09-07,4,0001209191-10-045257,2010-09-03,xslF345X03/doc4.xml,recent
2010-09-07,4,0001209191-10-045254,2010-09-06,xslF345X03/doc4.xml,recent
2010-09-07,424B5,0000950123-10-084029,,d75744e424b5.htm,recent
2010-09-07,8-K,0000950123-10-084027,2010-09-07,d75836e8vk.htm,recent
2010-09-08,424B5,0000950123-10-084580,,d75744be424b5.htm,recent
2010-09-08,FWP,0000950123-10-084332,,d75744fwfwp.htm,recent
2010-09-09,4,0001209191-10-045576,2010-09-08,xslF345X03/doc4.xml,recent
2010-09-10,4,0001209191-10-045681,2010-09-10,xslF345X03/doc4.xml,recent
2010-09-10,8-K,0000950123-10-085135,2010-09-10,d75835e8vk.htm,recent
2010-09-15,8-K,0000950123-10-086370,2010-09-15,d76203e8vk.htm,recent
2010-09-20,4,0001209191-10-046894,2010-09-17,xslF345X03/doc4.xml,recent
2010-09-27,3,0001209191-10-047520,2010-09-16,xslF345X02/doc3.xml,recent
2010-11-05,4,0001209191-10-053354,2010-11-05,xslF345X03/doc4.xml,recent
2010-11-10,4,0001209191-10-054121,2010-11-09,xslF345X03/doc4.xml,recent
2010-11-17,8-K,0000950123-10-106646,2010-11-14,d77828e8vk.htm,recent
2010-11-18,8-K,0001157523-10-007013,2010-11-18,a6518095.htm,recent
2010-11-23,4,0001209191-10-056466,2010-11-22,xslF345X03/doc4.xml,recent
2010-12-02,10-Q,0000950123-10-110442,2010-10-29,d77106e10vq.htm,recent
2010-12-02,4,0001209191-10-057897,2010-12-01,xslF345X03/doc4.xml,recent
2010-12-08,8-K,0001157523-10-007233,2010-12-07,a6539122.htm,recent
2010-12-13,8-K,0000950123-10-113205,2010-12-13,d78320e8vk.htm,recent
2010-12-13,DEFA14A,0000950123-10-113208,,d78320smdefa14a.htm,recent
2010-12-13,DEFA14A,0000950123-10-113206,,d78320e8vk.htm,recent
2010-12-14,DEFA14A,0000950123-10-113553,,d78338adefa14a.htm,recent
2010-12-16,8-K,0000950123-10-114287,2010-12-13,d78400e8vk.htm,recent
2010-12-17,3,0001209191-10-061251,2010-12-07,xslF345X02/doc3.xml,recent
2010-12-20,4,0001209191-10-061598,2010-12-17,xslF345X03/doc4.xml,recent
2010-12-22,3,0001209191-10-062241,2010-12-12,xslF345X02/c10148_3x0.xml,recent
2010-12-22,SC 13D,0000950123-10-115840,,d78478sc13d.htm,recent
2011-01-11,4,0001209191-11-002773,2011-01-10,xslF345X03/doc4.xml,recent
2011-01-13,8-K,0000950123-11-002555,2011-01-10,d78916e8vk.htm,recent
2011-02-04,SC 13G/A,0001086364-11-002740,,dellinc123110.txt,recent
2011-02-07,SC 13G/A,0000807985-11-000017,,dell13g4.txt,recent
2011-02-09,4,0001209191-11-008023,2011-02-08,xslF345X03/doc4.xml,recent
2011-02-09,4,0001209191-11-008018,2011-02-08,xslF345X03/doc4.xml,recent
2011-02-14,SC 13G/A,0000950123-11-013847,,d79667sc13gza.htm,recent
2011-02-15,8-K,0001157523-11-000878,2011-02-15,a6612666.htm,recent
2011-02-23,4,0001209191-11-011902,2011-02-22,xslF345X03/c13074_4x0.xml,recent
2011-03-01,4,0001209191-11-013678,2011-02-28,xslF345X03/doc4.xml,recent
2011-03-02,4,0001209191-11-014267,2011-03-01,xslF345X03/doc4.xml,recent
2011-03-04,4,0001209191-11-015711,2011-03-02,xslF345X03/doc4.xml,recent
2011-03-04,4,0001209191-11-015709,2011-03-02,xslF345X03/doc4.xml,recent
2011-03-04,4,0001209191-11-015708,2011-03-02,xslF345X03/doc4.xml,recent
2011-03-04,4,0001209191-11-015706,2011-03-02,xslF345X03/doc4.xml,recent
2011-03-04,4,0001209191-11-015703,2011-03-02,xslF345X03/doc4.xml,recent
2011-03-04,4,0001209191-11-015701,2011-03-02,xslF345X03/doc4.xml,recent
2011-03-04,4,0001209191-11-015700,2011-03-02,xslF345X03/doc4.xml,recent
2011-03-04,4,0001209191-11-015696,2011-03-02,xslF345X03/doc4.xml,recent
2011-03-04,4,0001209191-11-015693,2011-03-02,xslF345X03/doc4.xml,recent
2011-03-04,4,0001209191-11-015692,2011-03-02,xslF345X03/doc4.xml,recent
2011-03-04,4,0001209191-11-015691,2011-03-02,xslF345X03/doc4.xml,recent
2011-03-04,4,0001209191-11-015689,2011-03-04,xslF345X03/doc4.xml,recent
2011-03-04,4,0001209191-11-015686,2011-03-02,xslF345X03/doc4.xml,recent
2011-03-07,4,0001209191-11-015945,2011-03-03,xslF345X03/doc4.xml,recent
2011-03-08,4,0001209191-11-016234,2011-03-04,xslF345X03/doc4.xml,recent
2011-03-08,4,0001209191-11-016220,2011-03-04,xslF345X03/doc4.xml,recent
2011-03-08,4,0001209191-11-016188,2011-03-05,xslF345X03/doc4.xml,recent
2011-03-08,4,0001209191-11-016186,2011-03-04,xslF345X03/doc4.xml,recent
2011-03-08,4,0001209191-11-016183,2011-03-04,xslF345X03/doc4.xml,recent
2011-03-08,4,0001209191-11-016142,2011-03-04,xslF345X03/doc4.xml,recent
2011-03-08,4,0001209191-11-016140,2011-03-04,xslF345X03/doc4.xml,recent
2011-03-08,4,0001209191-11-016138,2011-03-04,xslF345X03/doc4.xml,recent
2011-03-08,4/A,0001209191-11-016317,2011-03-03,xslF345X03/doc4a.xml,recent
2011-03-08,8-K,0000950123-11-023237,2011-03-02,d80440e8vk.htm,recent
2011-03-10,4,0001209191-11-016955,2011-03-09,xslF345X03/doc4.xml,recent
2011-03-11,4,0001209191-11-017268,2011-03-09,xslF345X03/doc4.xml,recent
2011-03-11,4,0001209191-11-017264,2011-03-09,xslF345X03/doc4.xml,recent
2011-03-11,4,0001209191-11-017262,2011-03-11,xslF345X03/doc4.xml,recent
2011-03-14,4,0001209191-11-017600,2011-03-11,xslF345X03/doc4.xml,recent
2011-03-14,4,0001209191-11-017597,2011-03-11,xslF345X03/doc4.xml,recent
2011-03-14,POSASR,0000950123-11-025231,,d80489posasr.htm,recent
2011-03-15,10-K,0000950123-11-025579,2011-01-28,d78468e10vk.htm,recent
2011-03-16,S-3,0000950123-11-025989,,d80499sv3.htm,recent
2011-03-18,4,0001209191-11-018894,2011-03-16,xslF345X03/doc4.xml,recent
2011-03-22,4,0001209191-11-019214,2011-03-21,xslF345X03/doc4.xml,recent
2011-03-28,424B5,0000950123-11-029480,,d80904be424b5.htm,recent
2011-03-29,424B5,0000950123-11-030247,,z80904be424b5.htm,recent
2011-03-29,FWP,0000950123-11-029905,,d80904fwfwp.htm,recent
2011-03-31,8-K,0000950123-11-031594,2011-03-28,d81054e8vk.htm,recent
2011-04-08,3/A,0001209191-11-022309,2010-06-03,xslF345X02/doc3a.xml,recent
2011-04-08,4,0001209191-11-022319,2011-03-28,xslF345X03/doc4.xml,recent
2011-04-08,4,0001209191-11-022307,2011-03-28,xslF345X03/doc4.xml,recent
2011-04-08,SC 13G/A,0001086364-11-004500,,dellinc03312011.txt,recent
2011-05-06,4,0001209191-11-026577,2010-12-15,xslF345X03/doc4.xml,recent
2011-05-06,4,0001209191-11-026565,2011-05-05,xslF345X03/doc4.xml,recent
2011-05-17,8-K,0001157523-11-003218,2011-05-17,a6727198.htm,recent
2011-05-23,4,0001209191-11-030452,2011-05-20,xslF345X03/doc4.xml,recent
2011-05-25,4,0001209191-11-030849,2011-05-23,xslF345X03/doc4.xml,recent
2011-05-26,10-Q,0000826083-11-000006,2011-04-29,dellq1fy1210q.htm,recent
2011-05-26,DEF 14A,0000950123-11-054499,2011-07-15,d82379adef14a.htm,recent
2011-05-26,DEFA14A,0000950123-11-054522,,d82379dadefa14a.htm,recent
2011-05-31,4,0001209191-11-031745,2011-05-27,xslF345X03/doc4.xml,recent
2011-06-01,4,0001209191-11-032296,2011-05-31,xslF345X03/doc4.xml,recent
2011-06-01,4,0001209191-11-032288,2011-05-31,xslF345X03/doc4.xml,recent
2011-06-01,EFFECT,9999999995-11-001704,,xslEFFECTX01/primary_doc.xml,recent
2011-06-01,S-3/A,0000950123-11-055685,,d82381a1sv3za.htm,recent
2011-06-03,4,0001209191-11-032804,2011-06-02,xslF345X03/doc4.xml,recent
2011-06-03,4,0001209191-11-032768,2011-05-20,xslF345X03/doc4.xml,recent
2011-06-03,ARS,9999999997-11-011491,2011-01-28,9999999997-11-011491.paper,recent
2011-06-21,11-K,0000950123-11-060540,2010-12-31,d83048e11vk.htm,recent
2011-07-05,UPLOAD,0000000000-11-040651,,filename1.pdf,recent
2011-07-06,4,0001209191-11-038294,2011-07-05,xslF345X03/doc4.xml,recent
2011-07-19,4,0001209191-11-040004,2011-07-15,xslF345X03/doc4.xml,recent
2011-07-19,4,0001209191-11-039953,2011-07-15,xslF345X03/doc4.xml,recent
2011-07-19,4,0001209191-11-039942,2011-07-15,xslF345X03/doc4.xml,recent
2011-07-19,4,0001209191-11-039941,2011-07-15,xslF345X03/doc4.xml,recent
2011-07-19,4,0001209191-11-039940,2011-07-15,xslF345X03/doc4.xml,recent
2011-07-19,4,0001209191-11-039936,2011-07-15,xslF345X03/doc4.xml,recent
2011-07-19,4,0001209191-11-039934,2011-07-15,xslF345X03/doc4.xml,recent
2011-07-19,4,0001209191-11-039933,2011-07-15,xslF345X03/doc4.xml,recent
2011-07-19,4,0001209191-11-039932,2011-07-15,xslF345X03/doc4.xml,recent
2011-07-19,CORRESP,0000950123-11-066407,,filename1.htm,recent
2011-07-20,8-K,0000950123-11-066855,2011-07-15,d83658e8vk.htm,recent
2011-08-02,UPLOAD,0000000000-11-046801,,filename1.pdf,recent
2011-08-04,4,0001209191-11-042459,2011-07-13,xslF345X03/doc4.xml,recent
2011-08-09,CORRESP,0000950123-11-074762,,filename1.htm,recent
2011-08-10,8-K,0000950123-11-075688,2011-08-10,d84095e8vk.htm,recent
2011-08-15,UPLOAD,0000000000-11-049149,,filename1.pdf,recent
2011-08-16,8-K,0001157523-11-005089,2011-08-16,a6831941.htm,recent
2011-08-25,10-Q,0000826083-11-000011,2011-07-29,dellq2fy1210q.htm,recent
2011-08-31,4,0001209191-11-046086,2011-08-29,xslF345X03/doc4.xml,recent
2011-09-02,4,0001209191-11-046417,2011-09-01,xslF345X03/doc4.xml,recent
2011-09-09,8-K,0001157523-11-005331,2011-09-08,a6855400.htm,recent
2011-09-12,3,0001209191-11-047479,2011-09-08,xslF345X02/doc3.xml,recent
2011-09-12,3,0001209191-11-047474,2011-09-08,xslF345X02/doc3.xml,recent
2011-09-12,3,0001209191-11-047469,2011-09-08,xslF345X02/doc3.xml,recent
2011-09-12,4,0001209191-11-047498,2011-09-08,xslF345X03/doc4.xml,recent
2011-09-12,4,0001209191-11-047495,2011-09-08,xslF345X03/doc4.xml,recent
2011-09-12,4,0001209191-11-047493,2011-09-08,xslF345X03/doc4.xml,recent
2011-10-06,S-8,0000950123-11-088937,,d84932sv8.htm,recent
2011-11-15,8-K,0001157523-11-006835,2011-11-15,a50071127.htm,recent
2011-11-23,10-Q,0000826083-11-000015,2011-10-28,dellq3fy1210q.htm,recent
2011-12-02,4,0001209191-11-059034,2011-12-01,xslF345X03/doc4.xml,recent
2011-12-19,4,0001209191-11-062062,2011-12-15,xslF345X03/doc4.xml,recent
2011-12-21,4,0001209191-11-062473,2011-12-20,xslF345X03/doc4.xml,recent
2011-12-22,8-K,0001193125-11-349867,2011-12-20,d273142d8k.htm,recent
2012-01-05,4,0001209191-12-001936,2012-01-03,xslF345X03/doc4.xml,recent
2012-01-06,8-K,0001157523-12-000060,2012-01-02,a50124914.htm,recent
2012-01-09,4,0001209191-12-002710,2012-01-05,xslF345X03/doc4.xml,recent
2012-01-09,4,0001209191-12-002709,2012-01-09,xslF345X03/doc4.xml,recent
2012-02-07,SC 13G/A,0000807985-12-000019,,dell13g5.txt,recent
2012-02-08,3,0001209191-12-008401,2012-02-06,xslF345X02/doc3.xml,recent
2012-02-09,SC 13G,0001086364-12-000485,,dell.inc..txt,recent
2012-02-14,SC 13G/A,0001193125-12-060690,,d301377dsc13ga.htm,recent
2012-02-17,4,0001209191-12-011115,2012-02-15,xslF345X03/doc4.xml,recent
2012-02-17,4,0001209191-12-011112,2012-02-15,xslF345X03/doc4.xml,recent
2012-02-17,4,0001209191-12-011110,2012-02-15,xslF345X03/doc4.xml,recent
2012-02-17,4,0001209191-12-011109,2012-02-15,xslF345X03/doc4.xml,recent
2012-02-17,4,0001209191-12-011108,2012-02-15,xslF345X03/doc4.xml,recent
2012-02-17,4,0001209191-12-011107,2012-02-15,xslF345X03/doc4.xml,recent
2012-02-17,4,0001209191-12-011106,2012-02-15,xslF345X03/doc4.xml,recent
2012-02-17,4,0001209191-12-011105,2012-02-15,xslF345X03/doc4.xml,recent
2012-02-17,4,0001209191-12-011060,2012-02-15,xslF345X03/doc4.xml,recent
2012-02-21,8-K,0001157523-12-000918,2012-02-21,a50175733.htm,recent
2012-02-24,4,0001209191-12-012712,2012-02-23,xslF345X03/doc4.xml,recent
2012-02-27,4,0001209191-12-013126,2012-02-24,xslF345X03/doc4.xml,recent
2012-03-05,4,0001209191-12-015533,2012-03-01,xslF345X03/doc4.xml,recent
2012-03-05,4,0001209191-12-015525,2012-03-01,xslF345X03/doc4.xml,recent
2012-03-05,4,0001209191-12-015524,2012-03-01,xslF345X03/doc4.xml,recent
2012-03-05,4,0001209191-12-015520,2012-03-01,xslF345X03/doc4.xml,recent
2012-03-05,4,0001209191-12-015516,2012-03-01,xslF345X03/doc4.xml,recent
2012-03-05,4,0001209191-12-015511,2012-03-01,xslF345X03/doc4.xml,recent
2012-03-05,4,0001209191-12-015510,2012-03-01,xslF345X03/doc4.xml,recent
2012-03-05,4,0001209191-12-015509,2012-03-01,xslF345X03/doc4.xml,recent
2012-03-05,4,0001209191-12-015494,2012-03-01,xslF345X03/doc4.xml,recent
2012-03-05,4,0001209191-12-015485,2012-03-01,xslF345X03/doc4.xml,recent
2012-03-06,4,0001209191-12-016050,2012-03-05,xslF345X03/doc4.xml,recent
2012-03-06,4,0001209191-12-016048,2012-03-05,xslF345X03/doc4.xml,recent
2012-03-06,4,0001209191-12-016037,2012-03-05,xslF345X03/doc4.xml,recent
2012-03-06,4,0001209191-12-016035,2012-03-05,xslF345X03/doc4.xml,recent
2012-03-06,4,0001209191-12-016025,2012-03-05,xslF345X03/doc4.xml,recent
2012-03-06,4,0001209191-12-016018,2012-03-05,xslF345X03/doc4.xml,recent
2012-03-06,4,0001209191-12-016016,2012-03-05,xslF345X03/doc4.xml,recent
2012-03-06,4,0001209191-12-016014,2012-03-05,xslF345X03/doc4.xml,recent
2012-03-06,4,0001209191-12-016012,2012-03-05,xslF345X03/doc4.xml,recent
2012-03-07,4,0001209191-12-016370,2012-03-06,xslF345X03/doc4.xml,recent
2012-03-07,4,0001209191-12-016369,2012-03-01,xslF345X03/doc4.xml,recent
2012-03-08,4,0001209191-12-016728,2012-03-08,xslF345X03/doc4.xml,recent
2012-03-08,8-K,0001193125-12-103747,2012-03-05,d312869d8k.htm,recent
2012-03-13,10-K,0000826083-12-000006,2012-02-03,dell10k020312.htm,recent
2012-03-13,4,0001209191-12-017697,2012-03-09,xslF345X03/doc4.xml,recent
2012-03-14,4,0001209191-12-018126,2012-03-13,xslF345X03/doc4.xml,recent
2012-03-15,4,0001209191-12-018558,2012-03-15,xslF345X03/doc4.xml,recent
2012-03-19,4,0001209191-12-018907,2012-03-15,xslF345X03/doc4.xml,recent
2012-03-28,4,0001209191-12-020180,2013-03-26,xslF345X03/doc4.xml,recent
2012-03-28,4,0001209191-12-020179,2012-03-26,xslF345X03/doc4.xml,recent
2012-04-09,4,0001209191-12-022487,2012-04-09,xslF345X03/doc4.xml,recent
2012-04-11,4,0001209191-12-022730,2012-04-10,xslF345X03/doc4.xml,recent
2012-05-03,NO ACT,9999999997-12-009548,2012-03-02,9999999997-12-009548.paper,recent
2012-05-22,8-K,0001157523-12-003044,2012-05-22,a50286410.htm,recent
2012-05-24,DEF 14A,0001193125-12-247047,2012-07-13,d355712ddef14a.htm,recent
2012-05-24,DEFA14A,0001193125-12-247057,,d355712ddefa14a.htm,recent
2012-05-31,10-Q,0000826083-12-000011,2012-05-04,dellq1fy1310q.htm,recent
2012-05-31,ARS,9999999997-12-010332,2012-02-03,9999999997-12-010332.paper,recent
2012-06-12,8-K,0001157523-12-003296,2012-06-11,a50308330.htm,recent
2012-06-26,11-K,0001193125-12-283844,2011-12-31,d365237d11k.htm,recent
2012-06-26,NO ACT,9999999997-12-011293,2012-05-16,9999999997-12-011293.paper,recent
2012-07-02,8-K,0001193125-12-291776,2012-06-30,d376176d8k.htm,recent
2012-07-05,3,0001181431-12-039678,2012-06-30,xslF345X02/rrd350308.xml,recent
2012-07-05,SC 13D,0001193125-12-294896,,d375110dsc13d.htm,recent
2012-07-16,4,0001209191-12-038157,2012-07-13,xslF345X03/doc4.xml,recent
2012-07-17,4,0001209191-12-038345,2012-07-13,xslF345X03/doc4.xml,recent
2012-07-17,4,0001209191-12-038326,2012-07-13,xslF345X03/doc4.xml,recent
2012-07-17,4,0001209191-12-038321,2012-07-13,xslF345X03/doc4.xml,recent
2012-07-17,4,0001209191-12-038305,2012-07-13,xslF345X03/doc4.xml,recent
2012-07-17,4,0001209191-12-038275,2012-07-13,xslF345X03/doc4.xml,recent
2012-07-17,4,0001209191-12-038273,2012-07-13,xslF345X03/doc4.xml,recent
2012-07-17,4,0001209191-12-038271,2012-07-13,xslF345X03/doc4.xml,recent
2012-07-17,4,0001209191-12-038262,2012-07-13,xslF345X03/doc4.xml,recent
2012-07-17,4,0001209191-12-038258,2012-07-13,xslF345X03/doc4.xml,recent
2012-07-17,4,0001209191-12-038253,2012-07-13,xslF345X03/doc4.xml,recent
2012-07-17,4,0001209191-12-038251,2012-07-13,xslF345X03/doc4.xml,recent
2012-07-19,8-K,0001193125-12-307394,2012-07-13,d379391d8k.htm,recent
2012-07-19,S-8,0001193125-12-307576,,d378108ds8.htm,recent
2012-08-02,8-K,0001193125-12-331927,2012-07-31,d390915d8k.htm,recent
2012-08-06,4,0001209191-12-040363,2012-08-03,xslF345X03/doc4.xml,recent
2012-08-09,SC 13G/A,0001086364-12-002776,,dell.inc..txt,recent
2012-08-14,4,0001209191-12-041569,2012-08-10,xslF345X03/doc4.xml,recent
2012-08-21,8-K,0001157523-12-004620,2012-08-21,a50383649.htm,recent
2012-08-22,3,0001209191-12-042841,2012-08-21,xslF345X02/doc3.xml,recent
2012-08-24,4,0001209191-12-043107,2012-07-13,xslF345X03/doc4.xml,recent
2012-08-29,10-Q,0000826083-12-000015,2012-08-03,dellq2fy1310q.htm,recent
2012-09-05,4,0001209191-12-044146,2012-09-05,xslF345X03/doc4.xml,recent
2012-09-17,4,0001209191-12-045687,2012-09-15,xslF345X03/doc4.xml,recent
2012-09-19,3,0001209191-12-046137,2012-09-13,xslF345X02/doc3.xml,recent
2012-11-14,S-8,0001193125-12-470687,,d438009ds8.htm,recent
2012-11-15,8-K,0001157523-12-006101,2012-11-15,a50480711.htm,recent
2012-12-03,10-Q,0000826083-12-000019,2012-11-02,dellq3fy1310q.htm,recent
2012-12-05,4,0001209191-12-055857,2012-12-03,xslF345X03/doc4.xml,recent
2012-12-05,8-K,0001157523-12-006301,2012-12-01,a50499021.htm,recent
2012-12-11,3,0001209191-12-056821,2012-12-05,xslF345X02/doc3.xml,recent
2012-12-18,4,0001209191-12-058168,2012-12-17,xslF345X03/doc4.xml,recent
2013-01-10,8-K,0001193125-13-009362,2013-01-10,d465613d8k.htm,recent
2013-01-16,4,0001209191-13-003245,2013-01-15,xslF345X03/doc4.xml,recent
2013-02-05,8-K,0001193125-13-038969,2013-02-05,d480650d8k.htm,recent
2013-02-05,DEFA14A,0001193125-13-038970,,d480650d8k.htm,recent
2013-02-06,8-K,0001193125-13-041273,2013-02-05,d480506d8k.htm,recent
2013-02-06,DEFA14A,0001193125-13-041344,,d481767ddefa14a.htm,recent
2013-02-06,DEFA14A,0001193125-13-041274,,d480506d8k.htm,recent
2013-02-07,DEFA14A,0001193125-13-043726,,d484781ddefa14a.htm,recent
2013-02-08,DEFA14A,0001193125-13-046236,,d483995ddefa14a.htm,recent
2013-02-08,SC 13D,0000947871-13-000078,,ss164605_sc13d.htm,recent
2013-02-11,DEFA14A,0001193125-13-046524,,d483619ddefa14a.htm,recent
2013-02-12,SC 13D/A,0000947871-13-000086,,ss165042_sc13da.htm,recent
2013-02-14,DEFA14A,0001193125-13-057589,,d487364ddefa14a.htm,recent
2013-02-14,SC 13G/A,0001193125-13-060138,,d486500dsc13ga.htm,recent
2013-02-15,8-K/A,0001193125-13-062972,2013-02-05,d487963d8ka.htm,recent
2013-02-15,DEFA14A,0001193125-13-062974,,d487963d8ka.htm,recent
2013-02-19,4,0001209191-13-009773,2013-02-18,xslF345X03/doc4.xml,recent
2013-02-19,4,0001209191-13-009765,2013-02-18,xslF345X03/doc4.xml,recent
2013-02-19,4,0001209191-13-009755,2013-02-18,xslF345X03/doc4.xml,recent
2013-02-19,4,0001209191-13-009717,2013-02-18,xslF345X03/doc4.xml,recent
2013-02-19,4,0001209191-13-009688,2013-02-18,xslF345X03/doc4.xml,recent
2013-02-19,8-K,0001193125-13-065444,2013-02-19,d489020d8k.htm,recent
2013-02-19,8-K,0001157523-13-000866,2013-02-19,a50568803.htm,recent
2013-02-19,DEFA14A,0001193125-13-065445,,d489020d8k.htm,recent
2013-02-28,8-K,0001193125-13-084107,2013-02-22,d494259d8k.htm,recent
2013-03-04,DEFA14A,0001193125-13-089854,,d496041ddefa14a.htm,recent
2013-03-05,4,0001209191-13-014261,2013-03-01,xslF345X03/doc4.xml,recent
2013-03-05,4,0001209191-13-014258,2013-03-01,xslF345X03/doc4.xml,recent
2013-03-05,4,0001209191-13-014254,2013-03-01,xslF345X03/doc4.xml,recent
2013-03-05,4,0001209191-13-014217,2013-03-01,xslF345X03/doc4.xml,recent
2013-03-05,4,0001209191-13-014199,2013-03-01,xslF345X03/doc4.xml,recent
2013-03-05,4,0001209191-13-014186,2013-03-01,xslF345X03/doc4.xml,recent
2013-03-05,4,0001209191-13-014019,2013-03-01,xslF345X03/doc4.xml,recent
2013-03-05,4,0001209191-13-014012,2013-03-01,xslF345X03/doc4.xml,recent
2013-03-05,4,0001209191-13-013988,2013-03-01,xslF345X03/doc4.xml,recent
2013-03-05,DEFA14A,0001193125-13-091734,,d496842ddefa14a.htm,recent
2013-03-05,DFAN14A,0000947871-13-000158,,ss167326_dfan14a.htm,recent
2013-03-05,SC 13D/A,0000947871-13-000150,,ss167158_sc13da.htm,recent
2013-03-06,DEFA14A,0001193125-13-092739,,d497291ddefa14a.htm,recent
2013-03-07,DEFA14A,0001193125-13-094825,,d498430ddefa14a.htm,recent
2013-03-08,4,0001209191-13-015158,2013-03-02,xslF345X03/doc4.xml,recent
2013-03-08,DEFA14A,0001193125-13-098784,,d499440ddefa14a.htm,recent
2013-03-11,DEFA14A,0001193125-13-101052,,d499440ddefa14a.htm,recent
2013-03-12,10-K,0000826083-13-000005,2013-02-01,dellfy1310k.htm,recent
2013-03-12,DEFA14A,0001193125-13-103315,,d501052ddefa14a.htm,recent
2013-03-15,DEFA14A,0001193125-13-109939,,d504902ddefa14a.htm,recent
2013-03-15,IRANNOTICE,0001193125-13-109923,,d505006dirannotice.htm,recent
2013-03-15,SC 13D/A,0000947871-13-000197,,ss169115_sc13da.htm,recent
2013-03-18,4,0001209191-13-017052,2013-03-15,xslF345X03/doc4.xml,recent
2013-03-25,4/A,0001209191-13-018261,2013-02-18,xslF345X03/doc4a.xml,recent
2013-03-25,4/A,0001209191-13-018249,2013-02-18,xslF345X03/doc4a.xml,recent
2013-03-25,4/A,0001209191-13-018233,2013-02-18,xslF345X03/doc4a.xml,recent
2013-03-25,4/A,0001209191-13-018230,2013-02-18,xslF345X03/doc4a.xml,recent
2013-03-25,4/A,0001209191-13-018213,2013-02-18,xslF345X03/doc4a.xml,recent
2013-03-25,DEFA14A,0001193125-13-124347,,d509734ddefa14a.htm,recent
2013-03-28,4,0001209191-13-018741,2013-03-26,xslF345X03/doc4.xml,recent
2013-03-28,4,0001209191-13-018728,2013-03-26,xslF345X03/doc4.xml,recent
2013-03-28,4,0001209191-13-018725,2013-03-26,xslF345X03/doc4.xml,recent
2013-03-28,4,0001209191-13-018724,2013-03-26,xslF345X03/doc4.xml,recent
2013-03-28,4,0001209191-13-018722,2013-03-26,xslF345X03/doc4.xml,recent
2013-03-28,4,0001209191-13-018721,2013-03-26,xslF345X03/doc4.xml,recent
2013-03-28,4,0001209191-13-018718,2013-03-26,xslF345X03/doc4.xml,recent
2013-03-28,4,0001209191-13-018717,2013-03-26,xslF345X03/doc4.xml,recent
2013-03-29,DEFA14A,0001193125-13-134697,,d513680ddefa14a.htm,recent
2013-03-29,PREM14A,0001193125-13-134486,2013-03-29,d505470dprem14a.htm,recent
2013-03-29,SC 13E3,0001193125-13-134593,,d505474dsc13e3.htm,recent
2013-03-29,SC 13E3/A,0001193125-13-134621,,d505474dsc13e3a.htm,recent
2013-04-01,DEFA14A,0001193125-13-136708,,d514517ddefa14a.htm,recent
2013-04-08,DEFA14A,0001193125-13-144604,,d517898ddefa14a.htm,recent
2013-04-09,DFAN14A,0000947871-13-000246,,ss171530_dfan14a.htm,recent
2013-04-12,DFAN14A,0000947871-13-000253,,ss172029_dfan14a.htm,recent
2013-04-16,DEFA14A,0001193125-13-156046,,d521766ddefa14a.htm,recent
2013-04-16,DFAN14A,0000928464-13-000062,,delldfan14a041613.htm,recent
2013-04-19,DEFA14A,0001193125-13-162917,,d525750ddefa14a.htm,recent
2013-04-19,DEFA14A,0001193125-13-162837,,d521907ddefa14a.htm,recent
2013-04-23,8-K,0001193125-13-167317,2013-04-17,d526183d8k.htm,recent
2013-04-23,DEFA14A,0001193125-13-167404,,d523827ddefa14a.htm,recent
2013-04-25,UPLOAD,0000000000-13-022565,,filename1.pdf,recent
2013-04-29,8-K,0001157523-13-002112,2013-04-26,a50620554.htm,recent
2013-05-02,PRER14A,0001193125-13-196127,,d505470dprer14a.htm,recent
2013-05-02,SC 13E3/A,0001193125-13-196158,,d505474dsc13e3a.htm,recent
2013-05-08,UPLOAD,0000000000-13-025260,,filename1.pdf,recent
2013-05-10,DEFA14A,0001193125-13-214267,,d537500ddefa14a.htm,recent
2013-05-10,DFAN14A,0000947871-13-000311,,ss175186_dfan14a.htm,recent
2013-05-10,DFAN14A,0000928464-13-000108,,delldfan14a051013.htm,recent
2013-05-10,PRER14A,0001193125-13-214591,,d505470dprer14a.htm,recent
2013-05-10,SC 13D,0000928464-13-000106,,dellsch13d051013.htm,recent
2013-05-10,SC 13D/A,0000947871-13-000306,,ss175056_sc13da.htm,recent
2013-05-10,SC 13E3/A,0001193125-13-214601,,d505474dsc13e3a.htm,recent
2013-05-13,DEFA14A,0001193125-13-216744,,d538085ddefa14a.htm,recent
2013-05-13,DEFA14A,0001193125-13-216388,,d538147ddefa14a.htm,recent
2013-05-13,DFAN14A,0000947871-13-000322,,ss175425_dfan14a.htm,recent
2013-05-13,DFAN14A,0000928464-13-000118,,delldfan14a051313.htm,recent
2013-05-13,PRER14A,0001193125-13-214955,,d505470dprer14a.htm,recent
2013-05-13,SC 13D/A,0000928464-13-000117,,dellsch13damd1051313.htm,recent
2013-05-13,SC 13D/A,0000947871-13-000321,,ss175382_sc13da.htm,recent
2013-05-13,SC 13E3/A,0001193125-13-214959,,d505474dsc13e3a.htm,recent
2013-05-14,DFAN14A,0000947871-13-000327,,ss175533_dfan14a.htm,recent
2013-05-14,DFAN14A,0000947871-13-000326,,ss175481_dfan14a.htm,recent
2013-05-14,DFAN14A,0000928464-13-000120,,delldfan14a051413.htm,recent
2013-05-16,4,0001209191-13-026879,2013-05-15,xslF345X03/doc4.xml,recent
2013-05-16,8-K,0001157523-13-002746,2013-05-16,a50634403.htm,recent
2013-05-16,SC 13D/A,0000947871-13-000337,,ss175482_sc13da.htm,recent
2013-05-17,3,0000807985-13-000035,2013-05-09,xslF345X02/primary_doc.xml,recent
2013-05-17,UPLOAD,0000000000-13-027244,,filename1.pdf,recent
2013-05-20,3,0001140361-13-021898,2013-05-10,xslF345X02/doc1.xml,recent
2013-05-20,DEFA14A,0001193125-13-227983,,d541704ddefa14a.htm,recent
2013-05-20,PRER14A,0001193125-13-227999,,d505470dprer14a.htm,recent
2013-05-20,SC 13E3/A,0001193125-13-228037,,d505474dsc13e3a.htm,recent
2013-05-22,DFAN14A,0000947871-13-000352,,ss176196_dfan14a.htm,recent
2013-05-23,UPLOAD,0000000000-13-028524,,filename1.pdf,recent
2013-05-28,CORRESP,0001193125-13-236489,,filename1.htm,recent
2013-05-31,DEFA14A,0001193125-13-242547,,d545407ddefa14a.htm,recent
2013-05-31,DEFA14A,0001193125-13-242465,,d546749ddefa14a.htm,recent
2013-05-31,DEFM14A,0001193125-13-242115,,d505470ddefm14a.htm,recent
2013-05-31,DFAN14A,0000947871-13-000381,,ss177387_dfan14a.htm,recent
2013-05-31,PRER14A,0001193125-13-242080,,d505470dprer14a.htm,recent
2013-05-31,SC 13E3/A,0001193125-13-242117,,d505474dsc13e3a.htm,recent
2013-05-31,SC 13E3/A,0001193125-13-242090,,d505474dsc13e3a.htm,recent
2013-06-03,10-K/A,0000826083-13-000014,2013-02-01,dell10-kafy2013.htm,recent
2013-06-05,DEFA14A,0001193125-13-248762,,d548080ddefa14a.htm,recent
2013-06-05,DEFA14A,0001193125-13-248739,,d548187ddefa14a.htm,recent
2013-06-05,DEFA14A,0001193125-13-247883,,d550356ddefa14a.htm,recent
2013-06-06,PREC14A,0001133796-13-000127,,k347143_prec14a.htm,recent
2013-06-12,10-Q,0000826083-13-000020,2013-05-03,dellq1fy1410q.htm,recent
2013-06-14,UPLOAD,0000000000-13-032457,,filename1.pdf,recent
2013-06-18,DEFA14A,0001193125-13-262031,,d555957ddefa14a.htm,recent
2013-06-18,DFAN14A,0000947871-13-000427,,ss176193_dfan14a.htm,recent
2013-06-18,DFAN14A,0000921669-13-000015,,delldfan14a061813.htm,recent
2013-06-18,SC 13D/A,0000921669-13-000013,,dellsch13damd261713.htm,recent
2013-06-19,DEFA14A,0001193125-13-264356,,d556597ddefa14a.htm,recent
2013-06-19,DEFA14A,0001193125-13-262989,,d556006ddefa14a.htm,recent
2013-06-19,DFAN14A,0000947871-13-000430,,ss179414_dfan14a.htm,recent
2013-06-19,SC 13D/A,0000947871-13-000428,,ss176197_sc13da.htm,recent
2013-06-20,4,0001140361-13-025881,2013-06-18,xslF345X03/doc1.xml,recent
2013-06-20,DFAN14A,0000928464-13-000137,,delldfan14a062013.htm,recent
2013-06-20,PRRN14A,0001133796-13-000137,,k348192_prrn14a.htm,recent
2013-06-21,11-K,0001193125-13-267056,2012-12-31,d548435d11k.htm,recent
2013-06-21,DFAN14A,0001193125-13-266621,,d558010ddfan14a.htm,recent
2013-06-24,DEFA14A,0001193125-13-268194,,d558509ddefa14a.htm,recent
2013-06-24,DFAN14A,0000928464-13-000139,,delldfan14a062413.htm,recent
2013-06-24,DFAN14A,0000947871-13-000437,,ss179783_dfan14a.htm,recent
2013-06-26,DEFC14A,0001133796-13-000151,,k348709_defc14a.htm,recent
2013-06-26,DEFC14A,0001133796-13-000148,,k348536_defc14a.htm,recent
2013-06-26,DFAN14A,0000928464-13-000144,,delldfan14a062613no2.htm,recent
2013-06-26,DFAN14A,0000928464-13-000142,,delldfan14a062613.htm,recent
2013-06-26,DFAN14A,0000947871-13-000439,,ss180074_dfan14a.htm,recent
2013-06-27,DFAN14A,0000947871-13-000441,,ss180150_dfan14a.htm,recent
2013-07-01,DEFA14A,0001193125-13-279784,,d562963ddefa14a.htm,recent
2013-07-01,DEFA14A,0001193125-13-279741,,d561825ddefa14a.htm,recent
2013-07-01,DFAN14A,0000928464-13-000147,,delldfan14a070113.htm,recent
2013-07-02,4,0001123292-13-001175,2013-07-01,xslF345X03/edgar.xml,recent
2013-07-02,4,0001123292-13-001174,2013-07-01,xslF345X03/edgar.xml,recent
2013-07-02,CORRESP,0001193125-13-280642,,filename1.htm,recent
2013-07-02,DFAN14A,0000947871-13-000483,,ss180586_dfan14a.htm,recent
2013-07-02,DFAN14A,0000928464-13-000154,,delldfan14a070213.htm,recent
2013-07-02,SC 13D/A,0000947871-13-000481,,ss180559_sc13da.htm,recent
2013-07-02,SC 13D/A,0000928464-13-000152,,dellsch13damd3070113.htm,recent
2013-07-03,UPLOAD,0000000000-13-036325,,filename1.pdf,recent
2013-07-05,DEFA14A,0001193125-13-283401,,d564716ddefa14a.htm,recent
2013-07-05,DEFA14A,0001193125-13-283391,,d564007ddefa14a.htm,recent
2013-07-08,DEFA14A,0001193125-13-284991,,d565160ddefa14a.htm,recent
2013-07-08,DEFA14A,0001193125-13-284987,,d565152ddefa14a.htm,recent
2013-07-08,DEFA14A,0001193125-13-284692,,d565407ddefa14a.htm,recent
2013-07-08,DEFA14A,0001193125-13-284508,,d565341ddefa14a.htm,recent
2013-07-08,DFAN14A,0000947871-13-000489,,ss181048_dfan14a.htm,recent
2013-07-08,DFAN14A,0000928464-13-000163,,delldfan14a07082013.htm,recent
2013-07-08,DFAN14A,0000928464-13-000158,,delldfan14a070813.htm,recent
2013-07-08,SC 13D/A,0000928464-13-000162,,dellsch13damd5070813.htm,recent
2013-07-08,SC 13D/A,0000928464-13-000160,,dellsch13damd5070813.htm,recent
2013-07-08,SC 13D/A,0000928464-13-000157,,dellsch13damd4070813.htm,recent
2013-07-09,DEFA14A,0001193125-13-285145,,d565652ddefa14a.htm,recent
2013-07-10,DFAN14A,0000928464-13-000167,,delldfan14a071013.htm,recent
2013-07-10,SC 13D/A,0000928464-13-000166,,dellsch13damd6071013.htm,recent
2013-07-10,UPLOAD,0000000000-13-037520,,filename1.pdf,recent
2013-07-11,DEFA14A,0001193125-13-288232,,d566456ddefa14a.htm,recent
2013-07-11,DFAN14A,0000928464-13-000174,,delldfan14a071113.htm,recent
2013-07-11,SC 13D/A,0000928464-13-000172,,dellsch13damd8071113.htm,recent
2013-07-11,SC 13D/A,0000928464-13-000169,,dellsch13damd7071113.htm,recent
2013-07-12,DEFA14A,0001193125-13-288558,,d567354ddefa14a.htm,recent
2013-07-12,DFAN14A,0000947871-13-000506,,ss181583_dfan14a.htm,recent
2013-07-12,DFAN14A,0000928464-13-000176,,delldfan14a071213.htm,recent
2013-07-12,DFAN14A,0000947871-13-000500,,ss181530_dfan14a.htm,recent
2013-07-12,SC 13D/A,0000947871-13-000505,,ss181556_sc13da.htm,recent
2013-07-12,SC 13D/A,0000921669-13-000017,,dellsch13damd971213.htm,recent
2013-07-12,SC 13D/A,0000947871-13-000499,,ss181531_sc13da.htm,recent
2013-07-15,DEFA14A,0001193125-13-289753,,d567598ddefa14a.htm,recent
2013-07-15,DEFA14A,0001193125-13-289751,,d567596ddefa14a.htm,recent
2013-07-15,DEFA14A,0001193125-13-289716,,d568059ddefa14a.htm,recent
2013-07-15,DFAN14A,0000928464-13-000182,,delldfan14a071513.htm,recent
2013-07-15,SC 13D/A,0000928464-13-000181,,dellsch13damd10071513.htm,recent
2013-07-15,UPLOAD,0000000000-13-038466,,filename1.pdf,recent
2013-07-16,CORRESP,0001193125-13-291822,,filename1.htm,recent
2013-07-16,DFAN14A,0000928464-13-000184,,delldfan14a071613.htm,recent
2013-07-16,DFAN14A,0000947871-13-000515,,ss181860_dfan14a.htm,recent
2013-07-17,4,0001123292-13-001212,2013-07-15,xslF345X03/edgar.xml,recent
2013-07-17,DEFA14A,0001193125-13-292080,,d570119ddefa14a.htm,recent
2013-07-17,DFAN14A,0000947871-13-000519,,ss181949_dfan14a.htm,recent
2013-07-17,DFAN14A,0000947871-13-000518,,ss181996_dfan14a.htm,recent
2013-07-17,DFAN14A,0000928464-13-000188,,delldfan14a071713.htm,recent
2013-07-17,SC 13D/A,0000928464-13-000187,,dellsch13damd11071713.htm,recent
2013-07-18,DEFA14A,0001193125-13-293872,,d570802ddefa14a.htm,recent
2013-07-18,DFAN14A,0000928464-13-000194,,delldfan14a071813.htm,recent
2013-07-18,DFAN14A,0000947871-13-000525,,ss182076_dfan14a.htm,recent
2013-07-18,SC 13D/A,0000928464-13-000193,,dellsch13damd12071813.htm,recent
2013-07-22,DEFA14A,0001193125-13-297382,,d572037ddefa14a.htm,recent
2013-07-22,DEFA14A,0001193125-13-296713,,d571196ddefa14a.htm,recent
2013-07-23,DFAN14A,0000947871-13-000538,,ss182579_dfan14a.htm,recent
2013-07-23,DFAN14A,0000921669-13-000021,,delldfan14a072313.htm,recent
2013-07-23,SC 13D/A,0000921669-13-000019,,dellsch13damd13072313.htm,recent
2013-07-24,DEFA14A,0001193125-13-300681,,d573259ddefa14a.htm,recent
2013-07-24,DEFA14A,0001193125-13-299876,,d572907ddefa14a.htm,recent
2013-07-24,DFAN14A,0000947871-13-000544,,ss182735_dfan14a.htm,recent
2013-07-24,DFAN14A,0001193125-13-300601,,d572976ddfan14a.htm,recent
2013-07-24,DFAN14A,0001193125-13-300591,,d573193ddfan14a.htm,recent
2013-07-24,DFAN14A,0000921669-13-000027,,delldfan14a10724132.htm,recent
2013-07-24,DFAN14A,0001193125-13-300279,,d572976ddfan14a.htm,recent
2013-07-24,DFAN14A,0001193125-13-300274,,d573193ddfan14a.htm,recent
2013-07-24,DFAN14A,0000921669-13-000023,,delldfan14a072413.htm,recent
2013-07-24,SC 13D/A,0000921669-13-000025,,dellsch13damd14072413.htm,recent
2013-07-25,DFAN14A,0001193125-13-301076,,d573544ddfan14a.htm,recent
2013-07-25,UPLOAD,0000000000-13-040741,,filename1.pdf,recent
2013-07-29,DFAN14A,0000947871-13-000552,,ss183112_dfan14a.htm,recent
2013-07-29,DFAN14A,0000947871-13-000551,,ss183111_dfan14a.htm,recent
2013-07-29,DFAN14A,0000928464-13-000198,,delldfan14a072913.htm,recent
2013-07-29,DFAN14A,0001193125-13-306190,,d574719ddfan14a.htm,recent
2013-07-29,DFAN14A,0001193125-13-306053,,d574675ddfan14a.htm,recent
2013-07-29,SC 13D/A,0000928464-13-000197,,dellsch13damd15072913.htm,recent
2013-07-31,DEFA14A,0001193125-13-311604,,d577078ddefa14a.htm,recent
2013-07-31,DFAN14A,0000928464-13-000202,,delldfan14a073113.htm,recent
2013-07-31,DFAN14A,0000947871-13-000559,,ss183379_dfan14a.htm,recent
2013-07-31,SC 13D/A,0000928464-13-000201,,dellsch13damd16073113.htm,recent
2013-08-01,8-K,0001193125-13-314198,2013-07-29,d577232d8k.htm,recent
2013-08-01,DFAN14A,0000928464-13-000206,,delldfan14a080113.htm,recent
2013-08-01,SC 13D/A,0000928464-13-000205,,dellsch13damd17080113.htm,recent
2013-08-02,8-K,0001193125-13-317394,2013-08-02,d578718d8k.htm,recent
2013-08-02,DEFA14A,0001193125-13-317441,,d578825ddefa14a.htm,recent
2013-08-02,DEFA14A,0001193125-13-317406,,d578615ddefa14a.htm,recent
2013-08-02,DEFA14A,0001193125-13-316414,,d578714ddefa14a.htm,recent
2013-08-02,DFAN14A,0000947871-13-000565,,ss183584_dfan14a.htm,recent
2013-08-02,DFAN14A,0000928464-13-000210,,delldfan14a080213.htm,recent
2013-08-02,SC 13D/A,0000928464-13-000209,,dellsch13damd18080213.htm,recent
2013-08-05,4,0001140361-13-030430,2013-08-01,xslF345X03/doc1.xml,recent
2013-08-05,DFAN14A,0000928464-13-000215,,delldfan14a080513.htm,recent
2013-08-05,SC 13D/A,0000928464-13-000213,,dellsch13damd19080513.htm,recent
2013-08-06,8-K,0000826083-13-000024,2013-08-06,dellfy13dawn8k.htm,recent
2013-08-07,8-K,0001193125-13-324136,2013-08-02,d581354d8k.htm,recent
2013-08-07,DEFA14A,0001193125-13-324139,,d581354d8k.htm,recent
2013-08-08,DFAN14A,0001193125-13-327198,,d582558ddfan14a.htm,recent
2013-08-12,DFAN14A,0000947871-13-000578,,ss184200_dfan14a.htm,recent
2013-08-12,DFAN14A,0001193125-13-329984,,d582823ddfan14a.htm,recent
2013-08-13,4,0001123292-13-001286,2013-08-10,xslF345X03/edgar.xml,recent
2013-08-13,DEFA14A,0001193125-13-332900,,d583676ddefa14a.htm,recent
2013-08-14,DEFA14A,0001193125-13-334938,,d584929ddefa14a.htm,recent
2013-08-14,DEFR14A,0001193125-13-333740,,d580075ddefr14a.htm,recent
2013-08-14,SC 13E3/A,0001193125-13-333748,,d579379dsc13e3a.htm,recent
2013-08-15,8-K,0001193125-13-336770,2013-08-15,d585425d8k.htm,recent
2013-08-16,4,0001123292-13-001296,2012-10-22,xslF345X03/edgar.xml,recent
2013-08-16,4,0001123292-13-001295,2013-08-14,xslF345X03/edgar.xml,recent
2013-08-16,4,0001123292-13-001294,2013-01-23,xslF345X03/edgar.xml,recent
2013-08-16,4/A,0001123292-13-001298,2013-03-26,xslF345X03/edgar.xml,recent
2013-08-16,4/A,0001123292-13-001297,2013-03-26,xslF345X03/edgar.xml,recent
2013-08-16,4/A,0001123292-13-001293,2010-06-01,xslF345X03/edgar.xml,recent
2013-08-16,DEFA14A,0001193125-13-338459,,d587768ddefa14a.htm,recent
2013-08-16,DFAN14A,0000947871-13-000602,,ss184829_dfan14a.htm,recent
2013-08-16,DFAN14A,0000928464-13-000228,,delldfan14a081613.htm,recent
2013-08-16,DFAN14A,0000947871-13-000599,,ss184760_dfan14a.htm,recent
2013-08-16,PREC14A,0001133796-13-000179,,k353185_prec14a.htm,recent
2013-08-16,PREC14A,0001133796-13-000177,,k353184_prec14a.htm,recent
2013-08-16,PREC14A,0001133796-13-000175,,k353023_prec14a.htm,recent
2013-08-16,PREC14A,0001193125-13-337155,,d584692dprec14a.htm,recent
2013-08-16,SC 13D/A,0000947871-13-000601,,ss184774_sc13da.htm,recent
2013-08-16,SC 13D/A,0000928464-13-000227,,dellsch13damd20081613.htm,recent
2013-08-22,UPLOAD,0000000000-13-046337,,filename1.pdf,recent
2013-08-22,UPLOAD,0000000000-13-046302,,filename1.pdf,recent
2013-08-26,CORRESP,0001193125-13-346347,,filename1.htm,recent
2013-08-26,DEFA14A,0001193125-13-346204,,d588946ddefa14a.htm,recent
2013-08-28,10-Q,0000826083-13-000028,2013-08-02,dellq2fy1410q.htm,recent
2013-08-28,CORRESP,0001193125-13-349962,,filename1.htm,recent
2013-09-03,DEFA14A,0001193125-13-355414,,d592908ddefa14a.htm,recent
2013-09-09,DFAN14A,0000947871-13-000646,,ss186920_dfan14a.htm,recent
2013-09-09,DFAN14A,0000921669-13-000031,,delldfan14a9913.htm,recent
2013-09-09,SC 13D/A,0000921669-13-000029,,dellsch13damd219913.htm,recent
2013-09-12,4,0001140361-13-035742,2013-09-12,xslF345X03/doc1.xml,recent
2013-09-12,SC 13D/A,0000928464-13-000243,,dellsch13damd22090913.htm,recent
2013-09-12,SC 13G,0000807985-13-000049,,dell13g-0.txt,recent
2013-09-17,4,0001123292-13-001385,2013-09-16,xslF345X03/edgar.xml,recent
2013-09-18,8-K,0001193125-13-370487,2013-09-12,d597295d8k.htm,recent
2013-09-24,ARS,9999999997-13-014709,2013-02-01,9999999997-13-014709.paper,recent
2013-09-24,DEF 14A,0001193125-13-375975,2013-10-17,d584692ddef14a.htm,recent
2013-09-26,SC TO-I,0001193125-13-380149,,d542215dsctoi.htm,recent
2013-09-27,SC 13E3/A,0001193125-13-382601,,d599308dsc13e3a.htm,recent
2013-10-04,8-K,0001193125-13-391193,2013-10-02,d607748d8k.htm,recent
2013-10-09,CT ORDER,9999999997-13-015518,,filename1.pdf,recent
2013-10-21,8-K,0001193125-13-405277,2013-10-17,d614730d8k.htm,recent
2013-10-23,4,0001123292-13-001501,2013-10-21,xslF345X03/edgar.xml,recent
2013-10-25,SC TO-I/A,0001193125-13-411622,,d617014dsctoia.htm,recent
2013-10-29,25-NSE,0001354457-13-000201,,xslF25X02/primary_doc.xml,recent
2013-10-29,8-K,0001193125-13-416110,2013-10-29,d619138d8k.htm,recent
2013-10-29,SC 13E3/A,0001193125-13-415302,,d610376dsc13e3a.htm,recent
2013-10-30,POS AM,0001193125-13-418614,,d617374dposam.htm,recent
2013-10-30,RW,0001193125-13-418622,,d617412drw.htm,recent
2013-10-30,S-8 POS,0001193125-13-418720,,d617382ds8pos.htm,recent
2013-10-30,S-8 POS,0001193125-13-418718,,d617382ds8pos.htm,recent
2013-10-30,S-8 POS,0001193125-13-418715,,d617382ds8pos.htm,recent
2013-10-30,S-8 POS,0001193125-13-418712,,d617382ds8pos.htm,recent
2013-10-30,S-8 POS,0001193125-13-418708,,d617382ds8pos.htm,recent
2013-10-30,S-8 POS,0001193125-13-418705,,d617382ds8pos.htm,recent
2013-10-30,S-8 POS,0001193125-13-418700,,d617382ds8pos.htm,recent
2013-10-30,S-8 POS,0001193125-13-418696,,d617382ds8pos.htm,recent
2013-10-30,S-8 POS,0001193125-13-418687,,d617382ds8pos.htm,recent
2013-10-30,S-8 POS,0001193125-13-418669,,d617382ds8pos.htm,recent
2013-10-30,S-8 POS,0001193125-13-418663,,d617382ds8pos.htm,recent
2013-10-30,S-8 POS,0001193125-13-418652,,d617382ds8pos.htm,recent
2013-10-30,S-8 POS,0001193125-13-418639,,d617382ds8pos.htm,recent
2013-10-30,SC 13D/A,0000928464-13-000264,,dellsch13damd23102913.htm,recent
2013-10-31,4,0001123292-13-001567,2013-10-29,xslF345X03/edgar.xml,recent
2013-10-31,4,0001123292-13-001566,2013-10-29,xslF345X03/edgar.xml,recent
2013-10-31,4,0001123292-13-001565,2013-10-29,xslF345X03/edgar.xml,recent
2013-10-31,4,0001123292-13-001564,2013-10-29,xslF345X03/edgar.xml,recent
2013-10-31,4,0001123292-13-001563,2013-10-29,xslF345X03/edgar.xml,recent
2013-10-31,4,0001123292-13-001562,2013-10-29,xslF345X03/edgar.xml,recent
2013-10-31,4,0001123292-13-001561,2013-10-29,xslF345X03/edgar.xml,recent
2013-10-31,4,0001123292-13-001560,2013-10-29,xslF345X03/edgar.xml,recent
2013-10-31,4,0001123292-13-001559,2013-10-29,xslF345X03/edgar.xml,recent
2013-10-31,4,0001123292-13-001558,2013-10-29,xslF345X03/edgar.xml,recent
2013-10-31,4,0001123292-13-001557,2013-10-29,xslF345X03/edgar.xml,recent
2013-10-31,4,0001123292-13-001556,2013-10-29,xslF345X03/edgar.xml,recent
2013-10-31,4,0001123292-13-001555,2013-10-29,xslF345X03/edgar.xml,recent
2013-10-31,4,0001123292-13-001554,2013-10-29,xslF345X03/edgar.xml,recent
2013-10-31,4,0001123292-13-001553,2013-10-29,xslF345X03/edgar.xml,recent
2013-10-31,4,0001123292-13-001552,2013-10-29,xslF345X03/edgar.xml,recent
2013-10-31,4,0001123292-13-001551,2013-10-29,xslF345X03/edgar.xml,recent
2013-10-31,4,0001123292-13-001550,2013-10-29,xslF345X03/edgar.xml,recent
2013-10-31,4,0001123292-13-001549,2013-10-29,xslF345X03/edgar.xml,recent
2013-10-31,4,0001123292-13-001548,2013-10-29,xslF345X03/edgar.xml,recent
2013-10-31,EFFECT,9999999995-13-003127,,xslEFFECTX01/primary_doc.xml,recent
2013-10-31,SC TO-I/A,0001193125-13-420783,,d620592dsctoia.htm,recent
2013-11-08,15-12G,0001193125-13-434530,,d617412d1512g.htm,recent
2021-04-15,CORRESP,0001193125-21-117848,,filename1.htm,recent
2021-04-15,S-4,0001193125-21-117831,,d131098ds4.htm,recent
2021-04-20,UPLOAD,0000000000-21-004866,,filename1.pdf,recent
2021-05-13,CORRESP,0001193125-21-159930,,filename1.htm,recent
2021-05-13,S-4/A,0001193125-21-159925,,d131098ds4a.htm,recent
2021-05-17,424B3,0001193125-21-163729,,d131098d424b3.htm,recent
2021-05-17,EFFECT,9999999995-21-001972,,xslEFFECTX01/primary_doc.xml,recent
2021-10-27,3,0001123292-21-001409,2021-10-25,xslF345X02/edgar.xml,recent
2021-11-02,4,0001123292-21-001419,2021-11-01,xslF345X03/edgar.xml,recent
2023-01-09,424B3,0001193125-23-004236,,d446353d424b3.htm,recent
2023-01-09,FWP,0001193125-23-004866,,d426523dfwp.htm,recent
2023-01-09,S-3ASR,0001193125-23-004209,,d436748ds3asr.htm,recent
2023-01-11,424B5,0001193125-23-006508,,d446353d424b5.htm,recent
2023-08-15,CORRESP,0001193125-23-213463,,filename1.htm,recent
2023-08-15,S-4,0001193125-23-213450,,d539073ds4.htm,recent
2023-08-23,UPLOAD,0000000000-23-009271,,filename1.pdf,recent
2023-08-25,CORRESP,0001193125-23-220769,,filename1.htm,recent
2023-08-29,424B3,0001193125-23-223895,,d539073d424b3.htm,recent
2023-08-29,EFFECT,9999999995-23-002522,,xslEFFECTX01/primary_doc.xml,recent
2023-09-01,424B3,0001193125-23-226824,,d547357d424b3.htm,recent
2023-12-20,4,0001062993-23-023000,2023-12-19,xslF345X05/form4.xml,recent
2023-12-20,4,0001062993-23-022999,2023-12-18,xslF345X05/form4.xml,recent
2024-03-04,424B3,0001193125-24-056961,,d792053d424b3.htm,recent
2024-03-05,FWP,0001193125-24-058246,,d754877dfwp.htm,recent
2024-03-06,424B5,0001193125-24-060764,,d792053d424b5.htm,recent
2024-10-01,424B3,0001193125-24-229570,,d866647d424b3.htm,recent
2024-10-02,FWP,0001193125-24-230375,,d848742dfwp.htm,recent
2024-10-03,424B5,0001193125-24-232279,,d866647d424b5.htm,recent
2025-03-26,424B2,0001193125-25-063305,,d853495d424b2.htm,recent
2025-03-26,FWP,0001193125-25-064185,,d947263dfwp.htm,recent
2025-03-27,424B2,0001193125-25-065592,,d853495d424b2.htm,recent
2025-09-22,424B2,0001193125-25-210143,,d154491d424b2.htm,recent
2025-09-22,FWP,0001193125-25-211594,,d18011dfwp.htm,recent
2025-09-24,424B2,0001193125-25-214309,,d154491d424b2.htm,recent
2026-06-11,424B2,0001193125-26-266814,,d159213d424b2.htm,recent
2026-06-11,FWP,0001193125-26-267910,,d55655dfwp.htm,recent
2026-06-11,S-3ASR,0001193125-26-266776,,d123610ds3asr.htm,recent
2026-06-15,424B2,0001193125-26-271266,,d159213d424b2.htm,recent
2026-09-09,424B2,0001193125-26-385954,,d207421d424b2.htm,recent
2026-09-10,FWP,0001193125-26-386741,,d126769dfwp.htm,recent
2026-09-11,424B2,0001193125-26-389295,,d207421d424b2.htm,recent
