filingDate,form,accession,reportDate,primaryDocument,source
1994-02-03,SC 13G/A,0000064782-94-000028,,,CIK0000093410-submissions-001.json
1994-02-28,PRE 14A,0000950131-94-000255,1994-05-03,,CIK0000093410-submissions-001.json
1994-03-25,DEF 14A,0000950131-94-000406,1994-05-03,,CIK0000093410-submissions-001.json
1994-03-30,10-K,0000093410-94-000002,1993-12-31,,CIK0000093410-submissions-001.json
1994-05-16,10-Q,0000093410-94-000003,1994-03-31,,CIK0000093410-submissions-001.json
1994-06-24,11-K,0000093410-94-000004,1993-12-31,,CIK0000093410-submissions-001.json
1994-08-04,8-K,0000093410-94-000012,1994-08-03,,CIK0000093410-submissions-001.json
1994-08-04,8-K,0000093410-94-000011,1994-07-26,,CIK0000093410-submissions-001.json
1994-08-11,8-K,0000093410-94-000014,1994-08-01,,CIK0000093410-submissions-001.json
1994-08-12,10-Q,0000093410-94-000015,1994-06-30,,CIK0000093410-submissions-001.json
1994-08-16,8-K/A,0000093410-94-000016,1994-08-01,,CIK0000093410-submissions-001.json
1994-08-19,424B2,0000093410-94-000017,,,CIK0000093410-submissions-001.json
1994-10-25,8-K,0000093410-94-000019,1994-10-25,,CIK0000093410-submissions-001.json
1994-10-28,8-K,0000093410-94-000020,1994-10-28,,CIK0000093410-submissions-001.json
1994-11-09,S-3,0000950103-94-003644,,,CIK0000093410-submissions-001.json
1994-11-09,S-3,0000950103-94-003643,,,CIK0000093410-submissions-001.json
1994-11-10,10-Q,0000093410-94-000021,1994-09-30,,CIK0000093410-submissions-001.json
1995-01-19,SC 13G/A,0000064782-95-000020,,,CIK0000093410-submissions-001.json
1995-01-24,8-K,0000093410-95-000005,1995-01-24,,CIK0000093410-submissions-001.json
1995-02-09,SC 13G/A,0000064782-95-000167,,,CIK0000093410-submissions-001.json
1995-02-28,8-K,0000093410-95-000006,1995-02-27,,CIK0000093410-submissions-001.json
1995-03-10,8-K,0000093410-95-000009,1995-03-10,,CIK0000093410-submissions-001.json
1995-03-10,8-K,0000093410-95-000008,1995-03-10,,CIK0000093410-submissions-001.json
1995-03-10,S-3/A,0000950130-95-000457,,,CIK0000093410-submissions-001.json
1995-03-10,S-3/A,0000950130-95-000456,,,CIK0000093410-submissions-001.json
1995-03-23,DEF 14A,0000898430-95-000353,1995-05-02,,CIK0000093410-submissions-001.json
1995-03-30,10-K,0000093410-95-000012,1994-12-31,,CIK0000093410-submissions-001.json
1995-03-31,424B3,0000950130-95-000632,,,CIK0000093410-submissions-001.json
1995-03-31,424B3,0000950130-95-000631,,,CIK0000093410-submissions-001.json
1995-04-06,S-3,0000093410-95-000014,,,CIK0000093410-submissions-001.json
1995-05-11,10-Q,0000093410-95-000015,1995-03-31,,CIK0000093410-submissions-001.json
1995-06-14,S-3/A,0000093410-95-000017,,,CIK0000093410-submissions-001.json
1995-08-11,10-Q,0000093410-95-000018,1995-06-30,,CIK0000093410-submissions-001.json
1995-11-13,10-Q,0000093410-95-000019,1995-09-30,,CIK0000093410-submissions-001.json
1995-12-06,8-K,0000093410-95-000020,1995-12-06,,CIK0000093410-submissions-001.json
1996-01-04,8-K,0000093410-96-000001,1996-01-04,,CIK0000093410-submissions-001.json
1996-01-22,8-K,0000093410-96-000002,1996-01-22,,CIK0000093410-submissions-001.json
1996-01-31,SC 13G/A,0000950128-96-000126,,,CIK0000093410-submissions-001.json
1996-03-21,DEF 14A,0000950149-96-000255,1996-05-07,,CIK0000093410-submissions-001.json
1996-03-27,10-K,0000093410-96-000003,1995-12-31,,CIK0000093410-submissions-001.json
1996-03-28,S-8,0000093410-96-000004,,,CIK0000093410-submissions-001.json
1996-05-10,10-Q,0000093410-96-000007,1996-03-31,,CIK0000093410-submissions-001.json
1996-08-09,10-Q,0000093410-96-000010,1996-06-30,,CIK0000093410-submissions-001.json
1996-11-08,10-Q,0000093410-96-000011,1996-09-30,,CIK0000093410-submissions-001.json
1997-01-24,8-K,0000093410-97-000002,1997-01-24,,CIK0000093410-submissions-001.json
1997-02-04,SC 13G/A,0000950128-97-000386,,,CIK0000093410-submissions-001.json
1997-02-14,S-8,0000929624-97-000132,,,CIK0000093410-submissions-001.json
1997-02-14,S-8,0000929624-97-000131,,,CIK0000093410-submissions-001.json
1997-02-14,S-8,0000929624-97-000130,,,CIK0000093410-submissions-001.json
1997-03-21,DEF 14A,0000950005-97-000329,1997-04-30,,CIK0000093410-submissions-001.json
1997-03-26,10-K405,0000093410-97-000004,1996-12-31,,CIK0000093410-submissions-001.json
1997-05-09,10-Q,0000093410-97-000005,1997-03-31,,CIK0000093410-submissions-001.json
1997-05-09,S-8,0000950008-97-000137,,,CIK0000093410-submissions-001.json
1997-06-18,8-K,0000093410-97-000006,1997-06-18,,CIK0000093410-submissions-001.json
1997-08-06,10-Q,0000093410-97-000007,1997-06-30,,CIK0000093410-submissions-001.json
1997-11-12,10-Q,0000093410-97-000008,1997-09-30,,CIK0000093410-submissions-001.json
1997-12-22,8-K,0000093410-97-000011,1997-12-22,,CIK0000093410-submissions-001.json
1998-01-29,8-K,0000093410-98-000001,1998-01-29,,CIK0000093410-submissions-001.json
1998-02-03,8-K,0000093410-98-000002,1998-02-03,,CIK0000093410-submissions-001.json
1998-02-13,S-8,0000950008-98-000055,,,CIK0000093410-submissions-001.json
1998-03-25,10-K405,0000093410-98-000003,1997-12-31,,CIK0000093410-submissions-001.json
1998-03-30,DEF 14A,0000950149-98-000554,1998-04-29,,CIK0000093410-submissions-001.json
1998-05-08,10-Q,0000093410-98-000004,1998-03-31,,CIK0000093410-submissions-001.json
1998-08-11,10-Q,0000093410-98-000018,1998-06-30,,CIK0000093410-submissions-001.json
1998-11-06,10-Q,0000093410-98-000020,1998-09-30,,CIK0000093410-submissions-001.json
1998-11-25,8-A12B,0000950008-98-000434,,,CIK0000093410-submissions-001.json
1998-11-25,8-K,0000950008-98-000435,1998-11-23,,CIK0000093410-submissions-001.json
1999-01-26,8-K,0000093410-99-000006,1999-01-26,,CIK0000093410-submissions-001.json
1999-02-02,8-K,0000093410-99-000010,1999-02-02,,CIK0000093410-submissions-001.json
1999-02-02,SC 13D,0000950008-99-000012,,,CIK0000093410-submissions-001.json
1999-02-12,S-4,0000950149-99-000181,,,CIK0000093410-submissions-001.json
1999-02-12,SC 13G,0000314965-99-000170,,,CIK0000093410-submissions-001.json
1999-03-08,8-K,0000093410-99-000012,1999-03-08,,CIK0000093410-submissions-001.json
1999-03-08,SC 13G/A,0000314965-99-000188,,,CIK0000093410-submissions-001.json
1999-03-17,SC 13D,0000950008-99-000074,,,CIK0000093410-submissions-001.json
1999-03-22,DEF 14A,0001047469-99-010609,1999-04-28,,CIK0000093410-submissions-001.json
1999-03-31,10-K,0000093410-99-000034,1998-12-31,,CIK0000093410-submissions-001.json
1999-04-23,8-K,0000093410-99-000035,1999-04-23,,CIK0000093410-submissions-001.json
1999-05-06,10-Q,0000093410-99-000038,1999-03-31,,CIK0000093410-submissions-001.json
1999-06-15,SC 13D/A,0000950008-99-000181,,,CIK0000093410-submissions-001.json
1999-06-22,8-K,0000093410-99-000042,1999-06-22,,CIK0000093410-submissions-001.json
1999-06-24,8-K,0000093410-99-000043,1999-06-24,,CIK0000093410-submissions-001.json
1999-08-05,10-Q,0000093410-99-000045,1999-06-30,,CIK0000093410-submissions-001.json
1999-08-05,10-Q/A,0000093410-99-000046,1999-06-30,,CIK0000093410-submissions-001.json
1999-09-28,8-K,0000093410-99-000051,1999-09-28,,CIK0000093410-submissions-001.json
1999-09-28,8-K,0000093410-99-000050,1999-09-28,,CIK0000093410-submissions-001.json
1999-09-30,8-K,0000093410-99-000055,1999-09-30,,CIK0000093410-submissions-001.json
1999-10-04,U-1,0000899243-99-002052,,,CIK0000093410-submissions-001.json
1999-10-07,424B2,0000898430-99-003825,,,CIK0000093410-submissions-001.json
1999-10-08,8-K,0000093410-99-000056,1999-10-08,,CIK0000093410-submissions-001.json
1999-10-15,8-K,0000093410-99-000057,1999-10-15,,CIK0000093410-submissions-001.json
1999-11-04,10-Q,0000093410-99-000058,1999-09-30,,CIK0000093410-submissions-001.json
1999-11-15,S-3,0000950008-99-000257,,,CIK0000093410-submissions-001.json
1999-11-18,8-K,0000093410-99-000059,1999-11-18,,CIK0000093410-submissions-001.json
1999-11-19,U-1/A,0000899243-99-002375,,,CIK0000093410-submissions-001.json
1999-12-23,U-1/A,0000899243-99-002552,,,CIK0000093410-submissions-001.json
2000-01-18,8-K,0000093410-00-000002,2000-01-18,,CIK0000093410-submissions-001.json
2000-01-27,POS AMC,0000899243-00-000098,,,CIK0000093410-submissions-001.json
2000-03-02,PRE 14A,0000912057-00-009442,2000-04-26,,CIK0000093410-submissions-001.json
2000-03-06,8-K,0000093410-00-000003,2000-03-06,,CIK0000093410-submissions-001.json
2000-03-07,8-K/A,0000093410-00-000004,2000-03-07,,CIK0000093410-submissions-001.json
2000-03-22,DEF 14A,0000912057-00-012842,2000-04-26,,CIK0000093410-submissions-001.json
2000-03-30,10-K,0000093410-00-000006,1999-12-31,,CIK0000093410-submissions-001.json
2000-05-05,10-Q,0000093410-00-000007,2000-03-31,,CIK0000093410-submissions-001.json
2000-06-02,8-K,0000093410-00-000008,2000-06-02,0001.txt,CIK0000093410-submissions-001.json
2000-08-09,10-Q,0000093410-00-000011,2000-06-30,0001.txt,CIK0000093410-submissions-001.json
2000-10-16,425,0000093410-00-000016,,0001.txt,CIK0000093410-submissions-001.json
2000-10-16,8-K,0000093410-00-000014,2000-10-15,0001.txt,CIK0000093410-submissions-001.json
2000-10-16,8-K/A,0000093410-00-000015,2000-10-15,0001.txt,CIK0000093410-submissions-001.json
2000-10-18,425,0000093410-00-000017,,0001.txt,CIK0000093410-submissions-001.json
2000-10-19,425,0000093410-00-000018,,0001.txt,CIK0000093410-submissions-001.json
2000-10-24,425,0000093410-00-000019,,0001.txt,CIK0000093410-submissions-001.json
2000-10-25,3,0000950103-00-001169,2000-10-15,0001.txt,CIK0000093410-submissions-001.json
2000-10-25,3,0000093410-00-000021,2000-10-15,0001.txt,CIK0000093410-submissions-001.json
2000-10-25,SC 13D,0000950103-00-001168,,0001.txt,CIK0000093410-submissions-001.json
2000-10-25,SC 13D,0000093410-00-000020,,0001.txt,CIK0000093410-submissions-001.json
2000-11-08,10-Q,0000093410-00-000022,2000-09-30,0001.txt,CIK0000093410-submissions-001.json
2000-11-08,425,0000929624-00-001538,,0001.txt,CIK0000093410-submissions-001.json
2000-11-16,425,0000950149-00-002517,,f67394e425.txt,CIK0000093410-submissions-001.json
2000-11-20,425,0000950149-00-002523,,f67509e425.txt,CIK0000093410-submissions-001.json
2000-11-22,425,0000898430-00-003621,,0001.txt,CIK0000093410-submissions-001.json
2000-12-05,SC 13D/A,0000950103-00-500126,,sc13.htm,CIK0000093410-submissions-001.json
2000-12-07,8-A12B/A,0000950008-00-000316,,0001.txt,CIK0000093410-submissions-001.json
2000-12-08,425,0000950149-00-002598,,f67868e425.txt,CIK0000093410-submissions-001.json
2000-12-21,8-K,0000093410-00-000024,2000-12-21,0001.txt,CIK0000093410-submissions-001.json
2001-01-24,S-4,0000950008-01-000021,,0001.txt,CIK0000093410-submissions-001.json
2001-01-26,425,0000950008-01-000032,,0001.txt,CIK0000093410-submissions-001.json
2001-02-12,425,0000950008-01-000053,,0001.txt,CIK0000093410-submissions-001.json
2001-02-13,425,0000950008-01-000059,,0001.txt,CIK0000093410-submissions-001.json
2001-02-16,PRE 14A,0000950149-01-000329,2001-04-25,f68302pre14a.txt,CIK0000093410-submissions-001.json
2001-02-22,425,0000950149-01-500077,,f69875e425.txt,CIK0000093410-submissions-001.json
2001-02-23,15-15D,0000093410-01-000012,,0001.txt,CIK0000093410-submissions-001.json
2001-02-23,15-15D,0000093410-01-000011,,0001.txt,CIK0000093410-submissions-001.json
2001-03-15,8-K,0000093410-01-000014,2001-03-16,0001.txt,CIK0000093410-submissions-001.json
2001-03-20,DEF 14A,0000950149-01-500276,2001-04-25,f68302d1def14a.txt,CIK0000093410-submissions-001.json
2001-03-28,10-K,0000093410-01-000015,2000-12-31,0001.txt,CIK0000093410-submissions-001.json
2001-03-29,425,0000950149-01-500329,,f71069e425.txt,CIK0000093410-submissions-001.json
2001-04-11,S-4/A,0000950008-01-000114,,0001.txt,CIK0000093410-submissions-001.json
2001-05-11,10-Q,0000093410-01-500004,2001-03-31,chv10q.txt,CIK0000093410-submissions-001.json
2001-06-04,S-4/A,0000950149-01-500852,,f73151a2s-4a.txt,CIK0000093410-submissions-001.json
2001-08-09,10-Q,0000093410-01-500007,2001-06-30,q20110q.txt,CIK0000093410-submissions-001.json
2001-08-09,10-Q/A,0000093410-01-500008,2001-06-30,q20110q.txt,CIK0000093410-submissions-001.json
2001-08-10,S-4/A,0000950149-01-501175,,f73151a3s-4a.txt,CIK0000093410-submissions-001.json
2001-08-13,425,0000950149-01-501179,,f75027e425.txt,CIK0000093410-submissions-001.json
2001-08-27,S-4/A,0000950149-01-501303,,f73151a4s-4a.txt,CIK0000093410-submissions-001.json
2001-09-10,425,0000950149-01-501371,,f75687e425.txt,CIK0000093410-submissions-001.json
2001-09-10,8-K,0000950149-01-501381,2001-09-07,f75692e8-k.txt,CIK0000093410-submissions-001.json
2001-10-01,8-K,0000093410-01-500012,2001-09-26,chv9288k.txt,CIK0000093410-submissions-001.json
2001-10-01,8-K,0000093410-01-500011,2001-09-26,chv9288k.txt,CIK0000093410-submissions-001.json
2001-10-09,8-K,0000950149-01-501502,2001-10-09,f76205e8-k.htm,CIK0000093410-submissions-001.json
2001-10-19,8-K/A,0000093410-01-500016,2001-10-09,cvx10-19.txt,CIK0000093410-submissions-001.json
2001-11-01,8-K,0000950149-01-501603,2001-11-01,f76702e8-k.htm,CIK0000093410-submissions-001.json
2001-11-01,S-8,0000950149-01-501605,,f76645s-8.txt,CIK0000093410-submissions-001.json
2001-11-13,10-Q,0000093410-01-500018,2001-09-30,q30110q.txt,CIK0000093410-submissions-001.json
2001-11-19,8-K,0000950149-01-501835,2001-10-09,f77003e8-k.txt,CIK0000093410-submissions-001.json
2002-02-28,NO ACT,9999999997-02-013754,2002-02-28,9999999997-02-013754.paper,CIK0000093410-submissions-001.json
2002-03-27,10-K405,0000950149-02-000568,2001-12-31,f80065e10-k405.htm,CIK0000093410-submissions-001.json
2002-04-15,DEF 14A,0000950149-02-000696,2002-05-15,f79393def14a.htm,CIK0000093410-submissions-001.json
2002-04-16,ARS,9999999997-02-023528,2001-12-31,9999999997-02-023528.paper,CIK0000093410-submissions-001.json
2002-05-15,10-Q,0000950149-02-001024,2002-03-31,f81693e10-q.htm,CIK0000093410-submissions-001.json
2002-05-23,11-K,9999999997-02-031585,2001-11-30,9999999997-02-031585.paper,CIK0000093410-submissions-001.json
2002-06-21,S-8 POS,0000950149-02-001286,,f82469sv8pos.htm,CIK0000093410-submissions-001.json
2002-06-25,11-K,9999999997-02-037973,2001-12-31,9999999997-02-037973.paper,CIK0000093410-submissions-001.json
2002-06-26,S-3,0001021408-02-008826,,ds3.txt,CIK0000093410-submissions-001.json
2002-06-28,11-K,9999999997-02-039461,2001-12-31,9999999997-02-039461.paper,CIK0000093410-submissions-001.json
2002-07-01,11-K,9999999997-02-038255,2001-12-31,9999999997-02-038255.paper,CIK0000093410-submissions-001.json
2002-08-07,8-K,0000950149-02-001574,2002-08-06,f83445e8vk.txt,CIK0000093410-submissions-001.json
2002-08-09,10-Q,0000950149-02-001622,2002-06-30,f83457e10vq.htm,CIK0000093410-submissions-001.json
2002-09-03,8-K,0000950149-02-001864,2002-09-02,f84249e8vk.txt,CIK0000093410-submissions-001.json
2002-09-05,424B2,0000898430-02-003360,,d424b2.txt,CIK0000093410-submissions-001.json
2002-09-06,424B2,0000898430-02-003370,,d424b2.txt,CIK0000093410-submissions-001.json
2002-09-06,SUPPL,9999999997-02-050848,,9999999997-02-050848.paper,CIK0000093410-submissions-001.json
2002-09-11,8-K,0000950149-02-001914,2002-09-10,f84377e8vk.htm,CIK0000093410-submissions-001.json
2002-10-17,S-8 POS,0000950149-02-002097,,f84967sv8pos.htm,CIK0000093410-submissions-001.json
2002-11-12,10-Q,0000950149-02-002234,2002-09-30,f85714e10vq.htm,CIK0000093410-submissions-001.json
2002-11-20,8-A12B/A,0000950149-02-002364,,f86167e8va12bza.htm,CIK0000093410-submissions-001.json
2002-11-20,8-K,0000950149-02-002365,2002-11-19,f86166e8vk.htm,CIK0000093410-submissions-001.json
2002-12-27,11-K,9999999997-03-000187,2002-06-30,9999999997-03-000187.paper,CIK0000093410-submissions-001.json
2002-12-27,11-K,9999999997-03-000186,2002-06-30,9999999997-03-000186.paper,CIK0000093410-submissions-001.json
2002-12-27,11-K,9999999997-03-000185,2002-06-30,9999999997-03-000185.paper,CIK0000093410-submissions-001.json
2002-12-30,S-8,0000950149-02-002522,,f86755sv8.htm,CIK0000093410-submissions-001.json
2003-01-31,8-K,0000950149-03-000197,2003-01-31,f87323e8vk.txt,CIK0000093410-submissions-001.json
2003-02-10,424B2,0001021408-03-002303,,d424b2.txt,CIK0000093410-submissions-001.json
2003-02-13,SC 13G,0000932471-03-000196,,chevrontexaco.txt,CIK0000093410-submissions-001.json
2003-02-18,8-K,0000950149-03-000348,2003-02-12,f87798e8vk.txt,CIK0000093410-submissions-001.json
2003-03-17,10-K,0000950149-03-000567,2002-12-31,f87939e10vk.htm,CIK0000093410-submissions-001.json
2003-04-14,ARS,9999999997-03-017068,2002-12-31,9999999997-03-017068.paper,CIK0000093410-submissions-001.json
2003-04-14,DEF 14A,0000950149-03-000848,2003-05-22,f87955ddef14a.htm,CIK0000093410-submissions-001.json
2003-05-02,8-K,0000950149-03-001013,2003-05-02,f89783e8vk.htm,CIK0000093410-submissions-001.json
2003-05-09,10-Q,0000950149-03-001091,2003-03-31,f89902e10vq.htm,CIK0000093410-submissions-001.json
2003-05-09,S-8,0000950149-03-001092,,f89970sv8.htm,CIK0000093410-submissions-001.json
2003-05-09,S-8 POS,0000950149-03-001094,,f89970p2sv8pos.htm,CIK0000093410-submissions-001.json
2003-05-09,S-8 POS,0000950149-03-001093,,f89970p1sv8pos.htm,CIK0000093410-submissions-001.json
2003-06-25,POS AMC,0000950129-03-003307,,h06786posamc.txt,CIK0000093410-submissions-001.json
2003-06-26,11-K,9999999997-03-027218,2002-12-31,9999999997-03-027218.paper,CIK0000093410-submissions-001.json
2003-06-26,11-K,9999999997-03-027217,2002-12-31,9999999997-03-027217.paper,CIK0000093410-submissions-001.json
2003-06-27,POS AMC,0000950129-03-003386,,h06786posamc.txt,CIK0000093410-submissions-001.json
2003-07-08,3,0000093410-03-000002,2003-07-01,xslF345X01/edgar.xml,CIK0000093410-submissions-001.json
2003-08-01,8-K,0000950149-03-001775,2003-08-01,f91957e8vk.htm,CIK0000093410-submissions-001.json
2003-08-12,10-Q,0000950149-03-001899,2003-06-03,f92216e10vq.htm,CIK0000093410-submissions-001.json
2003-08-26,4,0000093410-03-000005,2003-08-26,xslF345X02/edgar.xml,CIK0000093410-submissions-001.json
2003-08-26,4,0000093410-03-000004,2003-08-22,xslF345X02/edgar.xml,CIK0000093410-submissions-001.json
2003-09-03,4,0000093410-03-000007,2003-09-02,xslF345X02/edgar.xml,CIK0000093410-submissions-001.json
2003-09-04,4,0000093410-03-000014,2003-09-03,xslF345X02/edgar.xml,CIK0000093410-submissions-001.json
2003-09-04,4,0000093410-03-000013,2003-09-03,xslF345X02/edgar.xml,CIK0000093410-submissions-001.json
2003-09-04,4,0000093410-03-000012,2003-09-03,xslF345X02/edgar.xml,CIK0000093410-submissions-001.json
2003-09-04,4,0000093410-03-000011,2003-09-03,xslF345X02/edgar.xml,CIK0000093410-submissions-001.json
2003-09-04,4,0000093410-03-000010,2003-09-03,xslF345X02/edgar.xml,CIK0000093410-submissions-001.json
2003-09-04,4,0000093410-03-000009,2003-09-03,xslF345X02/edgar.xml,CIK0000093410-submissions-001.json
2003-10-31,8-K,0000950149-03-002458,2003-10-31,f94070e8vk.htm,CIK0000093410-submissions-001.json
2003-11-12,10-Q,0000950149-03-002647,2003-09-30,f94071e10vq.htm,CIK0000093410-submissions-001.json
2003-11-14,4,0000093410-03-000016,2003-11-13,xslF345X02/edgar.xml,CIK0000093410-submissions-001.json
2003-11-14,S-3,0001193125-03-081167,,ds3.txt,CIK0000093410-submissions-001.json
2003-12-04,4,0000093410-03-000025,2003-12-02,xslF345X02/edgar.xml,CIK0000093410-submissions-001.json
2003-12-04,4/A,0000093410-03-000030,2003-05-22,xslF345X02/edgar.xml,CIK0000093410-submissions-001.json
2003-12-04,4/A,0000093410-03-000029,2003-05-22,xslF345X02/edgar.xml,CIK0000093410-submissions-001.json
2003-12-04,4/A,0000093410-03-000028,2003-05-22,xslF345X02/edgar.xml,CIK0000093410-submissions-001.json
2003-12-04,4/A,0000093410-03-000027,2003-05-22,xslF345X02/edgar.xml,CIK0000093410-submissions-001.json
2003-12-04,4/A,0000093410-03-000026,2003-05-22,xslF345X02/edgar.xml,CIK0000093410-submissions-001.json
2003-12-04,4/A,0000093410-03-000024,2003-05-22,xslF345X02/edgar.xml,CIK0000093410-submissions-001.json
2003-12-04,4/A,0000093410-03-000023,2003-05-22,xslF345X02/edgar.xml,CIK0000093410-submissions-001.json
2003-12-04,4/A,0000093410-03-000022,2003-05-22,xslF345X02/edgar.xml,CIK0000093410-submissions-001.json
2003-12-04,4/A,0000093410-03-000021,2003-05-22,xslF345X02/edgar.xml,CIK0000093410-submissions-001.json
2003-12-04,4/A,0000093410-03-000020,2003-05-22,xslF345X02/edgar.xml,CIK0000093410-submissions-001.json
2003-12-04,4/A,0000093410-03-000019,2003-05-22,xslF345X02/edgar.xml,CIK0000093410-submissions-001.json
2003-12-04,4/A,0000093410-03-000018,2003-05-22,xslF345X02/edgar.xml,CIK0000093410-submissions-001.json
2003-12-05,4,0000093410-03-000037,2003-12-03,xslF345X02/edgar.xml,CIK0000093410-submissions-001.json
2003-12-05,4,0000093410-03-000036,2003-12-03,xslF345X02/edgar.xml,CIK0000093410-submissions-001.json
2003-12-05,4,0000093410-03-000035,2003-12-03,xslF345X02/edgar.xml,CIK0000093410-submissions-001.json
2003-12-05,4,0000093410-03-000034,2003-12-03,xslF345X02/edgar.xml,CIK0000093410-submissions-001.json
2003-12-05,4,0000093410-03-000033,2003-12-03,xslF345X02/edgar.xml,CIK0000093410-submissions-001.json
2003-12-05,4,0000093410-03-000032,2003-12-03,xslF345X02/edgar.xml,CIK0000093410-submissions-001.json
2004-01-28,NO ACT,9999999997-04-004887,2003-12-18,9999999997-04-004887.paper,CIK0000093410-submissions-001.json
2004-01-29,SC 13G/A,0000932471-04-000136,,chevrontexacocorp.txt,CIK0000093410-submissions-001.json
2004-01-30,8-K,0000950149-04-000234,2004-01-30,f96027e8vk.htm,CIK0000093410-submissions-001.json
2004-02-19,4,0000093410-04-000004,2004-02-18,xslF345X02/edgar.xml,CIK0000093410-submissions-001.json
2004-02-19,4,0000093410-04-000002,2004-02-17,xslF345X02/edgar.xml,CIK0000093410-submissions-001.json
2004-03-02,PRE 14A,0001193125-04-033092,2004-04-28,dpre14a.htm,CIK0000093410-submissions-001.json
2004-03-03,4,0000093410-04-000006,2004-03-01,xslF345X02/edgar.xml,CIK0000093410-submissions-001.json
2004-03-04,4,0000093410-04-000016,2004-03-03,xslF345X02/edgar.xml,CIK0000093410-submissions-001.json
2004-03-04,4,0000093410-04-000015,2004-03-03,xslF345X02/edgar.xml,CIK0000093410-submissions-001.json
2004-03-04,4,0000093410-04-000014,2004-03-03,xslF345X02/edgar.xml,CIK0000093410-submissions-001.json
2004-03-04,4,0000093410-04-000013,2004-03-03,xslF345X02/edgar.xml,CIK0000093410-submissions-001.json
2004-03-04,4,0000093410-04-000011,2004-03-03,xslF345X02/edgar.xml,CIK0000093410-submissions-001.json
2004-03-04,4,0000093410-04-000010,2004-03-03,xslF345X02/edgar.xml,CIK0000093410-submissions-001.json
2004-03-04,4/A,0000093410-04-000008,2003-08-22,xslF345X02/edgar.xml,CIK0000093410-submissions-001.json
2004-03-08,4,0000093410-04-000021,2004-03-08,xslF345X02/edgar.xml,CIK0000093410-submissions-001.json
2004-03-08,4,0000093410-04-000020,2004-03-08,xslF345X02/edgar.xml,CIK0000093410-submissions-001.json
2004-03-08,4,0000093410-04-000019,2004-03-08,xslF345X02/edgar.xml,CIK0000093410-submissions-001.json
2004-03-08,4,0000093410-04-000018,2004-03-08,xslF345X02/edgar.xml,CIK0000093410-submissions-001.json
2004-03-09,10-K,0000950134-04-003128,2003-12-31,f96742e10vk.htm,CIK0000093410-submissions-001.json
2004-03-22,4,0000093410-04-000023,2004-03-03,xslF345X02/edgar.xml,CIK0000093410-submissions-001.json
2004-03-26,DEF 14A,0001193125-04-050402,2004-04-28,ddef14a.htm,CIK0000093410-submissions-001.json
2004-04-29,3,0000093410-04-000028,2004-04-28,xslF345X02/edgar.xml,CIK0000093410-submissions-001.json
2004-04-29,4,0000093410-04-000037,2004-04-28,xslF345X02/edgar.xml,CIK0000093410-submissions-001.json
2004-04-29,4,0000093410-04-000036,2004-04-28,xslF345X02/edgar.xml,CIK0000093410-submissions-001.json
2004-04-29,4,0000093410-04-000035,2004-04-28,xslF345X02/edgar.xml,CIK0000093410-submissions-001.json
2004-04-29,4,0000093410-04-000034,2004-04-28,xslF345X02/edgar.xml,CIK0000093410-submissions-001.json
2004-04-29,4,0000093410-04-000033,2004-04-28,xslF345X02/edgar.xml,CIK0000093410-submissions-001.json
2004-04-29,4,0000093410-04-000032,2004-04-28,xslF345X02/edgar.xml,CIK0000093410-submissions-001.json
2004-04-29,4,0000093410-04-000031,2004-04-28,xslF345X02/edgar.xml,CIK0000093410-submissions-001.json
2004-04-29,4,0000093410-04-000030,2004-04-28,xslF345X02/edgar.xml,CIK0000093410-submissions-001.json
2004-04-29,4,0000093410-04-000029,2004-04-28,xslF345X02/edgar.xml,CIK0000093410-submissions-001.json
2004-04-29,4,0000093410-04-000027,2004-04-28,xslF345X02/edgar.xml,CIK0000093410-submissions-001.json
2004-04-30,8-K,0000950149-04-000892,2004-04-30,f98514e8vk.htm,CIK0000093410-submissions-001.json
2004-05-03,4,0000093410-04-000039,2004-03-03,xslF345X02/edgar.xml,CIK0000093410-submissions-001.json
2004-05-06,4,0000093410-04-000041,2004-05-05,xslF345X02/edgar.xml,CIK0000093410-submissions-001.json
2004-05-07,10-Q,0000950149-04-000945,2004-03-31,f98722e10vq.htm,CIK0000093410-submissions-001.json
2004-05-25,4/A,0000093410-04-000043,2003-12-03,xslF345X02/edgar.xml,CIK0000093410-submissions-001.json
2004-06-02,4,0000093410-04-000045,2004-06-01,xslF345X02/edgar.xml,CIK0000093410-submissions-001.json
2004-06-03,4,0000093410-04-000052,2004-06-02,xslF345X02/edgar.xml,CIK0000093410-submissions-001.json
2004-06-03,4,0000093410-04-000051,2004-06-02,xslF345X02/edgar.xml,CIK0000093410-submissions-001.json
2004-06-03,4,0000093410-04-000050,2004-06-02,xslF345X02/edgar.xml,CIK0000093410-submissions-001.json
2004-06-03,4,0000093410-04-000049,2004-06-02,xslF345X02/edgar.xml,CIK0000093410-submissions-001.json
2004-06-03,4,0000093410-04-000048,2004-06-02,xslF345X02/edgar.xml,CIK0000093410-submissions-001.json
2004-06-03,4,0000093410-04-000047,2004-06-02,xslF345X02/edgar.xml,CIK0000093410-submissions-001.json
2004-06-14,11-K,9999999997-04-025996,2003-12-31,9999999997-04-025996.paper,CIK0000093410-submissions-001.json
2004-06-14,11-K,9999999997-04-025995,2003-12-31,9999999997-04-025995.paper,CIK0000093410-submissions-001.json
2004-06-25,11-K,9999999997-04-027257,2003-12-31,9999999997-04-027257.paper,CIK0000093410-submissions-001.json
2004-07-01,4,0000093410-04-000070,2004-06-30,xslF345X02/edgar.xml,CIK0000093410-submissions-001.json
2004-07-01,4,0000093410-04-000066,2004-06-30,xslF345X02/edgar.xml,CIK0000093410-submissions-001.json
2004-07-01,4,0000093410-04-000065,2004-06-30,xslF345X02/edgar.xml,CIK0000093410-submissions-001.json
2004-07-01,4,0000093410-04-000064,2004-06-30,xslF345X02/edgar.xml,CIK0000093410-submissions-001.json
2004-07-01,4,0000093410-04-000063,2004-06-30,xslF345X02/edgar.xml,CIK0000093410-submissions-001.json
2004-07-01,4,0000093410-04-000062,2004-06-30,xslF345X02/edgar.xml,CIK0000093410-submissions-001.json
2004-07-01,4,0000093410-04-000061,2004-06-30,xslF345X02/edgar.xml,CIK0000093410-submissions-001.json
2004-07-01,4,0000093410-04-000060,2004-06-30,xslF345X02/edgar.xml,CIK0000093410-submissions-001.json
2004-07-01,4,0000093410-04-000059,2004-06-30,xslF345X02/edgar.xml,CIK0000093410-submissions-001.json
2004-07-01,4,0000093410-04-000058,2004-06-30,xslF345X02/edgar.xml,CIK0000093410-submissions-001.json
2004-07-01,4,0000093410-04-000057,2004-06-30,xslF345X02/edgar.xml,CIK0000093410-submissions-001.json
2004-07-01,4,0000093410-04-000056,2004-06-30,xslF345X02/edgar.xml,CIK0000093410-submissions-001.json
2004-07-01,4,0000093410-04-000055,2004-06-30,xslF345X02/edgar.xml,CIK0000093410-submissions-001.json
2004-07-01,4,0000093410-04-000054,2004-06-30,xslF345X02/edgar.xml,CIK0000093410-submissions-001.json
2004-07-29,8-K,0000950134-04-010822,2004-07-29,f00628e8vk.htm,CIK0000093410-submissions-001.json
2004-07-30,8-K,0000891618-04-001167,2004-07-30,f00662e8vk.htm,CIK0000093410-submissions-001.json
2004-08-04,10-Q,0000950134-04-011227,2004-06-30,f00715e10vq.htm,CIK0000093410-submissions-001.json
2004-08-05,4,0000093410-04-000071,2004-08-04,xslF345X02/edgar.xml,CIK0000093410-submissions-001.json
2004-08-09,4,0000093410-04-000073,2004-08-05,xslF345X02/edgar.xml,CIK0000093410-submissions-001.json
2004-08-10,4,0000093410-04-000075,2004-08-09,xslF345X02/edgar.xml,CIK0000093410-submissions-001.json
2004-08-30,4,0000093410-04-000079,2004-08-26,xslF345X02/edgar.xml,CIK0000093410-submissions-001.json
2004-08-30,4,0000093410-04-000077,2004-08-26,xslF345X02/edgar.xml,CIK0000093410-submissions-001.json
2004-09-02,4,0000093410-04-000087,2004-08-31,xslF345X02/edgar.xml,CIK0000093410-submissions-001.json
2004-09-02,4,0000093410-04-000086,2004-08-31,xslF345X02/edgar.xml,CIK0000093410-submissions-001.json
2004-09-02,4,0000093410-04-000085,2004-08-31,xslF345X02/edgar.xml,CIK0000093410-submissions-001.json
2004-09-02,4,0000093410-04-000084,2004-08-31,xslF345X02/edgar.xml,CIK0000093410-submissions-001.json
2004-09-02,4,0000093410-04-000083,2004-08-31,xslF345X02/edgar.xml,CIK0000093410-submissions-001.json
2004-09-02,4,0000093410-04-000082,2004-08-31,xslF345X02/edgar.xml,CIK0000093410-submissions-001.json
2004-09-02,4,0000093410-04-000081,2004-08-31,xslF345X02/edgar.xml,CIK0000093410-submissions-001.json
2004-10-20,POS AMC,0000950129-04-007897,,h19223a4posamc.txt,CIK0000093410-submissions-001.json
2004-10-28,4,0000093410-04-000089,2004-07-07,xslF345X02/edgar.xml,CIK0000093410-submissions-001.json
2004-10-29,8-K,0000950134-04-015962,2004-10-29,f02657e8vk.htm,CIK0000093410-submissions-001.json
2004-11-03,10-Q,0000950134-04-016230,2004-09-30,f02658e10vq.htm,CIK0000093410-submissions-001.json
2004-11-08,4,0000093410-04-000091,2004-11-04,xslF345X02/edgar.xml,CIK0000093410-submissions-001.json
2004-11-09,4,0000093410-04-000093,2004-11-08,xslF345X02/edgar.xml,CIK0000093410-submissions-001.json
2004-11-10,4/A,0000093410-04-000095,2004-11-08,xslF345X02/edgar.xml,CIK0000093410-submissions-001.json
2004-11-16,4,0001127602-04-001212,2004-11-12,xslF345X02/form4.xml,CIK0000093410-submissions-001.json
2004-12-02,4,0000093410-04-000106,2004-12-01,xslF345X02/edgar.xml,CIK0000093410-submissions-001.json
2004-12-02,4,0000093410-04-000105,2004-12-01,xslF345X02/edgar.xml,CIK0000093410-submissions-001.json
2004-12-02,4,0000093410-04-000104,2004-12-01,xslF345X02/edgar.xml,CIK0000093410-submissions-001.json
2004-12-02,4,0000093410-04-000103,2004-12-01,xslF345X02/edgar.xml,CIK0000093410-submissions-001.json
2004-12-02,4,0000093410-04-000102,2004-12-01,xslF345X02/edgar.xml,CIK0000093410-submissions-001.json
2004-12-02,4,0000093410-04-000101,2004-12-01,xslF345X02/edgar.xml,CIK0000093410-submissions-001.json
2004-12-02,4,0000093410-04-000099,2004-12-02,xslF345X02/edgar.xml,CIK0000093410-submissions-001.json
2004-12-02,4,0000093410-04-000097,2004-11-19,xslF345X02/edgar.xml,CIK0000093410-submissions-001.json
2004-12-07,SC 13D/A,0000950134-04-018744,,f03460sc13dza.txt,CIK0000093410-submissions-001.json
2004-12-09,8-K,0000950134-04-018900,2004-12-09,f03940e8vk.htm,CIK0000093410-submissions-001.json
2005-01-07,3,0001127602-05-000094,2005-01-01,xslF345X02/form3.xml,CIK0000093410-submissions-001.json
2005-01-18,S-8,0000950134-05-000898,,f04725sv8.htm,CIK0000093410-submissions-001.json
2005-01-18,S-8 POS,0000950134-05-000895,,f04725p4sv8pos.htm,CIK0000093410-submissions-001.json
2005-01-18,S-8 POS,0000950134-05-000894,,f04725p3sv8pos.htm,CIK0000093410-submissions-001.json
2005-01-18,S-8 POS,0000950134-05-000892,,f04725p2sv8pos.htm,CIK0000093410-submissions-001.json
2005-01-18,S-8 POS,0000950134-05-000891,,f04725p1sv8pos.htm,CIK0000093410-submissions-001.json
2005-01-28,8-K,0000950134-05-001546,2005-01-28,f05053e8vk.htm,CIK0000093410-submissions-001.json
2005-02-02,SC 13G/A,0000932471-05-000216,,chevrontexacocorp.htm,CIK0000093410-submissions-001.json
2005-02-09,4,0000093410-05-000004,2005-02-07,xslF345X02/edgar.xml,CIK0000093410-submissions-001.json
2005-02-09,4,0000093410-05-000002,2005-02-07,xslF345X02/edgar.xml,CIK0000093410-submissions-001.json
2005-02-10,3/A,0000093410-05-000006,2003-07-01,xslF345X02/edgar.xml,CIK0000093410-submissions-001.json
2005-02-10,4,0000093410-05-000010,2005-02-09,xslF345X02/edgar.xml,CIK0000093410-submissions-001.json
2005-02-10,4,0000093410-05-000008,2005-02-09,xslF345X02/edgar.xml,CIK0000093410-submissions-001.json
2005-02-17,NO ACT,9999999997-05-007455,2004-12-30,9999999997-05-007455.paper,CIK0000093410-submissions-001.json
2005-03-03,10-K,0000950134-05-004137,2004-12-31,f04196e10vk.htm,CIK0000093410-submissions-001.json
2005-03-04,4,0001127602-05-000751,2005-03-02,xslF345X02/form4.xml,CIK0000093410-submissions-001.json
2005-03-04,4,0001127602-05-000744,2005-03-02,xslF345X02/form4.xml,CIK0000093410-submissions-001.json
2005-03-04,4,0001127602-05-000741,2005-03-02,xslF345X02/form4.xml,CIK0000093410-submissions-001.json
2005-03-04,4,0001127602-05-000739,2005-03-02,xslF345X02/form4.xml,CIK0000093410-submissions-001.json
2005-03-04,4,0001127602-05-000737,2005-03-02,xslF345X02/form4.xml,CIK0000093410-submissions-001.json
2005-03-04,4,0001127602-05-000730,2005-03-02,xslF345X02/form4.xml,CIK0000093410-submissions-001.json
2005-03-21,ARS,9999999997-05-013020,2004-12-31,9999999997-05-013020.paper,CIK0000093410-submissions-001.json
2005-03-21,DEF 14A,0001193125-05-056638,2005-04-27,ddef14a.htm,CIK0000093410-submissions-001.json
2005-03-23,UPLOAD,0000000000-05-013481,,filename1.txt,CIK0000093410-submissions-001.json
2005-03-24,CORRESP,0000950134-05-005914,,filename1.htm,CIK0000093410-submissions-001.json
2005-04-04,425,0000950149-05-000160,,f07630wce425.htm,CIK0000093410-submissions-001.json
2005-04-04,425,0000950149-05-000159,,f07630e8vk.htm,CIK0000093410-submissions-001.json
2005-04-04,8-K,0000950149-05-000158,2005-04-04,f07630e8vk.htm,CIK0000093410-submissions-001.json
2005-04-06,425,0000950149-05-000214,,f07665e425.htm,CIK0000093410-submissions-001.json
2005-04-07,425,0000950134-05-007076,,f07680e8vk.htm,CIK0000093410-submissions-001.json
2005-04-07,8-K,0000950134-05-007074,2005-04-04,f07680e8vk.htm,CIK0000093410-submissions-001.json
2005-04-20,UPLOAD,0000000000-05-019409,,filename1.txt,CIK0000093410-submissions-001.json
2005-04-27,4/A,0000093410-05-000012,2003-02-03,xslF345X02/edgar.xml,CIK0000093410-submissions-001.json
2005-04-28,8-K,0000950134-05-008350,2005-04-28,f08447e8vk.htm,CIK0000093410-submissions-001.json
2005-04-29,3,0000093410-05-000014,2005-04-27,xslF345X02/edgar.xml,CIK0000093410-submissions-001.json
2005-04-29,4,0001127602-05-001195,2005-04-27,xslF345X02/form4.xml,CIK0000093410-submissions-001.json
2005-04-29,4,0001127602-05-001194,2005-04-27,xslF345X02/form4.xml,CIK0000093410-submissions-001.json
2005-04-29,4,0001127602-05-001193,2005-04-27,xslF345X02/form4.xml,CIK0000093410-submissions-001.json
2005-04-29,4,0001127602-05-001192,2005-04-27,xslF345X02/form4.xml,CIK0000093410-submissions-001.json
2005-04-29,4,0001127602-05-001191,2005-04-27,xslF345X02/form4.xml,CIK0000093410-submissions-001.json
2005-04-29,4,0001127602-05-001190,2005-04-27,xslF345X02/form4.xml,CIK0000093410-submissions-001.json
2005-04-29,4,0001127602-05-001189,2005-04-27,xslF345X02/form4.xml,CIK0000093410-submissions-001.json
2005-04-29,4,0001127602-05-001188,2005-04-27,xslF345X02/form4.xml,CIK0000093410-submissions-001.json
2005-04-29,4,0001127602-05-001187,2005-04-27,xslF345X02/form4.xml,CIK0000093410-submissions-001.json
2005-04-29,4,0001127602-05-001186,2005-04-27,xslF345X02/form4.xml,CIK0000093410-submissions-001.json
2005-04-29,425,0000950134-05-008473,,f08510e425.htm,CIK0000093410-submissions-001.json
2005-04-29,425,0000950134-05-008461,,f08451fe425.htm,CIK0000093410-submissions-001.json
2005-04-29,8-K,0000950134-05-008460,2005-04-29,f08451e8vk.htm,CIK0000093410-submissions-001.json
2005-05-03,4,0001127602-05-001199,2005-05-02,xslF345X02/form4.xml,CIK0000093410-submissions-001.json
2005-05-04,10-Q,0000950134-05-008933,2005-03-31,f07987e10vq.htm,CIK0000093410-submissions-001.json
2005-05-10,8-K,0000950149-05-000327,2005-05-09,f08996e8vk.htm,CIK0000093410-submissions-001.json
2005-05-12,4,0001127602-05-001208,2005-05-11,xslF345X02/form4.xml,CIK0000093410-submissions-001.json
2005-05-24,SC 13D/A,0000950134-05-010724,,f09451sc13dza.htm,CIK0000093410-submissions-001.json
2005-05-26,S-4,0000950149-05-000358,,f09366sv4.htm,CIK0000093410-submissions-001.json
2005-06-02,4,0001127602-05-001281,2005-06-01,xslF345X02/form4.xml,CIK0000093410-submissions-001.json
2005-06-02,4,0001127602-05-001280,2005-06-01,xslF345X02/form4.xml,CIK0000093410-submissions-001.json
2005-06-02,4,0001127602-05-001278,2005-06-01,xslF345X02/form4.xml,CIK0000093410-submissions-001.json
2005-06-02,4,0001127602-05-001276,2005-06-01,xslF345X02/form4.xml,CIK0000093410-submissions-001.json
2005-06-02,4,0001127602-05-001274,2005-06-01,xslF345X02/form4.xml,CIK0000093410-submissions-001.json
2005-06-02,4,0001127602-05-001271,2005-06-01,xslF345X02/form4.xml,CIK0000093410-submissions-001.json
2005-06-09,425,0000950134-05-011588,,f09832e425.htm,CIK0000093410-submissions-001.json
2005-06-10,425,0000950149-05-000429,,f09832ae425.htm,CIK0000093410-submissions-001.json
2005-06-22,S-4/A,0000950149-05-000439,,f09366a1sv4za.htm,CIK0000093410-submissions-001.json
2005-06-23,425,0000950149-05-000441,,f10205ae425.htm,CIK0000093410-submissions-001.json
2005-06-24,S-4/A,0000950149-05-000448,,f09366aasv4za.htm,CIK0000093410-submissions-001.json
2005-06-27,11-K,9999999997-05-029774,2004-12-31,9999999997-05-029774.paper,CIK0000093410-submissions-001.json
2005-06-27,11-K,9999999997-05-029772,2004-12-31,9999999997-05-029772.paper,CIK0000093410-submissions-001.json
2005-06-28,S-4/A,0000950149-05-000452,,f09366a3sv4za.htm,CIK0000093410-submissions-001.json
2005-06-29,4,0001127602-05-001383,2005-06-29,xslF345X02/form4.xml,CIK0000093410-submissions-001.json
2005-06-29,4,0001127602-05-001381,2005-06-29,xslF345X02/form4.xml,CIK0000093410-submissions-001.json
2005-06-29,4,0001127602-05-001379,2005-06-29,xslF345X02/form4.xml,CIK0000093410-submissions-001.json
2005-06-29,4,0001127602-05-001377,2005-06-29,xslF345X02/form4.xml,CIK0000093410-submissions-001.json
2005-06-29,4,0001127602-05-001375,2005-06-29,xslF345X02/form4.xml,CIK0000093410-submissions-001.json
2005-06-29,4,0001127602-05-001374,2005-06-29,xslF345X02/form4.xml,CIK0000093410-submissions-001.json
2005-06-29,4,0001127602-05-001373,2005-06-29,xslF345X02/form4.xml,CIK0000093410-submissions-001.json
2005-06-29,4,0001127602-05-001372,2005-06-29,xslF345X02/form4.xml,CIK0000093410-submissions-001.json
2005-06-29,4,0001127602-05-001371,2005-06-29,xslF345X02/form4.xml,CIK0000093410-submissions-001.json
2005-06-29,4,0001127602-05-001369,2005-06-29,xslF345X02/form4.xml,CIK0000093410-submissions-001.json
2005-06-29,4,0001127602-05-001368,2005-06-29,xslF345X02/form4.xml,CIK0000093410-submissions-001.json
2005-06-29,425,0000950123-05-007967,,f09366pe425.htm,CIK0000093410-submissions-001.json
2005-06-30,4,0001127602-05-001391,2005-06-29,xslF345X02/form4.xml,CIK0000093410-submissions-001.json
2005-06-30,4,0001127602-05-001389,2005-06-29,xslF345X02/form4.xml,CIK0000093410-submissions-001.json
2005-06-30,4,0001127602-05-001387,2005-06-29,xslF345X02/form4.xml,CIK0000093410-submissions-001.json
2005-06-30,4,0001127602-05-001385,2005-06-29,xslF345X02/form4.xml,CIK0000093410-submissions-001.json
2005-06-30,424B3,0000950134-05-012724,,f09366b3e424b3.htm,CIK0000093410-submissions-001.json
2005-06-30,8-K,0000950134-05-012760,2005-06-29,f10374e8vk.htm,CIK0000093410-submissions-001.json
2005-07-12,425,0000950149-05-000493,,f10205be425.htm,CIK0000093410-submissions-001.json
2005-07-13,425,0000950134-05-013326,,f10706e425.htm,CIK0000093410-submissions-001.json
2005-07-14,425,0000950134-05-013332,,f10706be425.htm,CIK0000093410-submissions-001.json
2005-07-20,425,0000950134-05-013665,,f10857e8vk.htm,CIK0000093410-submissions-001.json
2005-07-20,425,0000950134-05-013636,,f10706ce425.htm,CIK0000093410-submissions-001.json
2005-07-20,8-K,0000950134-05-013664,2005-07-19,f10857e8vk.htm,CIK0000093410-submissions-001.json
2005-07-21,425,0000950134-05-013720,,f10857a1e8vkza.htm,CIK0000093410-submissions-001.json
2005-07-21,8-K/A,0000950134-05-013719,2005-07-19,f10857a1e8vkza.htm,CIK0000093410-submissions-001.json
2005-07-25,424B3,0000950123-05-008833,,y11058b3e424b3.htm,CIK0000093410-submissions-001.json
2005-07-25,425,0000950149-05-000518,,f10963e8vk.htm,CIK0000093410-submissions-001.json
2005-07-25,8-K,0000950149-05-000517,2005-07-22,f10963e8vk.htm,CIK0000093410-submissions-001.json
2005-07-28,425,0000950149-05-000521,,f10205ce425.htm,CIK0000093410-submissions-001.json
2005-07-29,8-K,0000950134-05-014333,2005-07-29,f11080e8vk.htm,CIK0000093410-submissions-001.json
2005-08-01,425,0000950149-05-000522,,f10205de425.htm,CIK0000093410-submissions-001.json
2005-08-03,10-Q,0000950149-05-000525,2005-06-30,f11081e10vq.htm,CIK0000093410-submissions-001.json
2005-08-10,8-K,0000950134-05-015530,2005-08-10,f11579e8vk.htm,CIK0000093410-submissions-001.json
2005-08-12,3,0000093410-05-000019,2005-08-10,xslF345X02/edgar.xml,CIK0000093410-submissions-001.json
2005-08-12,4,0001127602-05-001518,2005-08-10,xslF345X02/form4.xml,CIK0000093410-submissions-001.json
2005-08-12,4,0001127602-05-001516,2005-08-10,xslF345X02/form4.xml,CIK0000093410-submissions-001.json
2005-08-12,4,0001127602-05-001514,2005-08-10,xslF345X02/form4.xml,CIK0000093410-submissions-001.json
2005-08-15,POS AM,0000950134-05-016050,,f09366p1posam.htm,CIK0000093410-submissions-001.json
2005-08-15,S-8,0000950134-05-016087,,f11808isv8.htm,CIK0000093410-submissions-001.json
2005-08-15,S-8,0000950134-05-016086,,f11808lsv8.htm,CIK0000093410-submissions-001.json
2005-08-15,S-8,0000950134-05-016084,,f11808ksv8.htm,CIK0000093410-submissions-001.json
2005-08-15,S-8,0000950134-05-016083,,f11808jsv8.htm,CIK0000093410-submissions-001.json
2005-08-15,S-8,0000950134-05-016081,,f11808hsv8.htm,CIK0000093410-submissions-001.json
2005-08-15,S-8,0000950134-05-016079,,f11808csv8.htm,CIK0000093410-submissions-001.json
2005-08-15,S-8,0000950134-05-016080,,f11808fsv8.htm,CIK0000093410-submissions-001.json
2005-08-15,S-8,0000950134-05-016078,,f11808asv8.htm,CIK0000093410-submissions-001.json
2005-08-15,S-8,0000950134-05-016077,,f11808esv8.htm,CIK0000093410-submissions-001.json
2005-08-15,S-8,0000950134-05-016076,,f11808dsv8.htm,CIK0000093410-submissions-001.json
2005-08-15,S-8,0000950134-05-016075,,f11808bsv8.htm,CIK0000093410-submissions-001.json
2005-08-15,S-8,0000950134-05-016074,,f11808gsv8.htm,CIK0000093410-submissions-001.json
2005-08-16,4,0000093410-05-000027,2005-08-12,xslF345X02/edgar.xml,CIK0000093410-submissions-001.json
2005-08-16,4,0001127602-05-001537,2005-08-12,xslF345X02/form4.xml,CIK0000093410-submissions-001.json
2005-08-17,8-K,0000950149-05-000561,2005-08-16,f11901e8vk.htm,CIK0000093410-submissions-001.json
2005-08-24,4,0001127602-05-001564,2005-08-22,xslF345X02/form4.xml,CIK0000093410-submissions-001.json
2005-08-24,AW,0000950134-05-016609,,f09366awaw.htm,CIK0000093410-submissions-001.json
2005-08-24,POS EX,0000950134-05-016610,,f09366p2posex.htm,CIK0000093410-submissions-001.json
2005-08-30,4,0001127602-05-001574,2005-08-26,xslF345X02/form4.xml,CIK0000093410-submissions-001.json
2005-09-01,4,0001127602-05-001596,2005-08-30,xslF345X02/form4.xml,CIK0000093410-submissions-001.json
2005-09-01,4,0001127602-05-001594,2005-08-30,xslF345X02/form4.xml,CIK0000093410-submissions-001.json
2005-09-01,4,0001127602-05-001592,2005-08-30,xslF345X02/form4.xml,CIK0000093410-submissions-001.json
2005-09-01,4,0001127602-05-001590,2005-08-30,xslF345X02/form4.xml,CIK0000093410-submissions-001.json
2005-09-01,4,0001127602-05-001588,2005-08-30,xslF345X02/form4.xml,CIK0000093410-submissions-001.json
2005-09-01,4,0001127602-05-001586,2005-08-30,xslF345X02/form4.xml,CIK0000093410-submissions-001.json
2005-09-01,4,0001127602-05-001584,2005-08-30,xslF345X02/form4.xml,CIK0000093410-submissions-001.json
2005-09-01,4,0001127602-05-001580,2005-08-30,xslF345X02/form4.xml,CIK0000093410-submissions-001.json
2005-09-01,4/A,0001127602-05-001582,2005-08-10,xslF345X02/form4a.xml,CIK0000093410-submissions-001.json
2005-09-01,4/A,0001127602-05-001578,2005-08-10,xslF345X02/form4a.xml,CIK0000093410-submissions-001.json
2005-09-30,3,0001127602-05-001701,2005-09-28,xslF345X02/form3.xml,CIK0000093410-submissions-001.json
2005-09-30,S-8,0000950149-05-000612,,f13048sv8.htm,CIK0000093410-submissions-001.json
2005-09-30,S-8,0000950149-05-000611,,f13047sv8.htm,CIK0000093410-submissions-001.json
2005-10-04,8-K,0000950134-05-018740,2005-09-28,f13185e8vk.htm,CIK0000093410-submissions-001.json
2005-10-28,8-K,0000950134-05-019931,2005-10-28,f13812e8vk.htm,CIK0000093410-submissions-001.json
2005-11-03,10-Q,0000950134-05-020352,2005-09-30,f13984e10vq.htm,CIK0000093410-submissions-001.json
2005-11-04,4,0001127602-05-001938,2005-11-03,xslF345X02/form4.xml,CIK0000093410-submissions-001.json
2005-11-22,CORRESP,0000950149-05-000701,,filename1.htm,CIK0000093410-submissions-001.json
2005-12-01,4,0001127602-05-002185,2005-11-30,xslF345X02/form4.xml,CIK0000093410-submissions-001.json
2005-12-01,4,0001127602-05-002184,2005-11-30,xslF345X02/form4.xml,CIK0000093410-submissions-001.json
2005-12-01,4,0001127602-05-002183,2005-11-30,xslF345X02/form4.xml,CIK0000093410-submissions-001.json
2005-12-01,4,0001127602-05-002182,2005-11-30,xslF345X02/form4.xml,CIK0000093410-submissions-001.json
2005-12-01,4,0001127602-05-002181,2005-11-30,xslF345X02/form4.xml,CIK0000093410-submissions-001.json
2005-12-05,4,0001127602-05-002201,2005-12-02,xslF345X02/form4.xml,CIK0000093410-submissions-001.json
2005-12-13,8-K,0000950134-05-023032,2005-12-07,f15310e8vk.htm,CIK0000093410-submissions-001.json
2005-12-30,NO ACT,9999999997-06-002230,2005-12-27,9999999997-06-002230.paper,CIK0000093410-submissions-001.json
2006-01-26,3,0001127602-06-000168,2006-01-24,xslF345X02/form3.xml,CIK0000093410-submissions-001.json
2006-01-27,8-K,0000950134-06-001295,2006-01-27,f16580e8vk.htm,CIK0000093410-submissions-001.json
2006-02-08,SC 13G/A,0000932471-06-000200,,chevroncorp.htm,CIK0000093410-submissions-001.json
2006-02-14,4,0001127602-06-000318,2006-02-13,xslF345X02/form4.xml,CIK0000093410-submissions-001.json
2006-02-23,CORRESP,0000950134-06-003664,,filename1.htm,CIK0000093410-submissions-001.json
2006-02-24,NO ACT,9999999997-06-009015,2005-12-27,9999999997-06-009015.paper,CIK0000093410-submissions-001.json
2006-02-28,8-K,0000950134-06-003915,2006-02-22,f17881e8vk.htm,CIK0000093410-submissions-001.json
2006-02-28,NO ACT,9999999997-06-008683,2005-12-29,9999999997-06-008683.paper,CIK0000093410-submissions-001.json
2006-03-01,10-K,0000950149-06-000076,2005-12-31,f16935e10vk.htm,CIK0000093410-submissions-001.json
2006-03-03,3,0001127602-06-000439,2006-03-01,xslF345X02/form3.xml,CIK0000093410-submissions-001.json
2006-03-03,4,0001127602-06-000435,2006-03-01,xslF345X02/form4.xml,CIK0000093410-submissions-001.json
2006-03-03,4,0001127602-06-000432,2006-03-01,xslF345X02/form4.xml,CIK0000093410-submissions-001.json
2006-03-03,4,0001127602-06-000430,2006-03-01,xslF345X02/form4.xml,CIK0000093410-submissions-001.json
2006-03-03,4,0001127602-06-000429,2006-03-01,xslF345X02/form4.xml,CIK0000093410-submissions-001.json
2006-03-03,4,0001127602-06-000427,2006-03-01,xslF345X02/form4.xml,CIK0000093410-submissions-001.json
2006-03-03,4,0001127602-06-000425,2006-03-01,xslF345X02/form4.xml,CIK0000093410-submissions-001.json
2006-03-03,4,0001127602-06-000423,2006-03-01,xslF345X02/form4.xml,CIK0000093410-submissions-001.json
2006-03-13,NO ACT,9999999997-06-017484,2006-02-24,9999999997-06-017484.paper,CIK0000093410-submissions-001.json
2006-03-20,DEF 14A,0000950134-06-005508,2006-04-26,f16491def14a.htm,CIK0000093410-submissions-001.json
2006-03-21,ARS,9999999997-06-010858,2005-12-31,9999999997-06-010858.paper,CIK0000093410-submissions-001.json
2006-03-27,4,0001127602-06-000625,2006-03-23,xslF345X02/form4.xml,CIK0000093410-submissions-001.json
2006-03-27,4,0001127602-06-000621,2006-03-23,xslF345X02/form4.xml,CIK0000093410-submissions-001.json
2006-03-27,4,0001127602-06-000619,2006-03-23,xslF345X02/form4.xml,CIK0000093410-submissions-001.json
2006-03-27,4,0001127602-06-000617,2006-03-23,xslF345X02/form4.xml,CIK0000093410-submissions-001.json
2006-03-27,4,0001127602-06-000616,2006-03-23,xslF345X02/form4.xml,CIK0000093410-submissions-001.json
2006-03-27,4,0001127602-06-000615,2006-03-23,xslF345X02/form4.xml,CIK0000093410-submissions-001.json
2006-03-27,4,0001127602-06-000614,2006-03-23,xslF345X02/form4.xml,CIK0000093410-submissions-001.json
2006-03-27,4,0001127602-06-000613,2006-03-23,xslF345X02/form4.xml,CIK0000093410-submissions-001.json
2006-03-27,4,0001127602-06-000612,2006-03-23,xslF345X02/form4.xml,CIK0000093410-submissions-001.json
2006-03-27,4,0001127602-06-000611,2006-03-23,xslF345X02/form4.xml,CIK0000093410-submissions-001.json
2006-04-04,3,0001127602-06-000755,2006-04-01,xslF345X02/form3.xml,CIK0000093410-submissions-001.json
2006-04-28,4,0001127602-06-001037,2006-04-26,xslF345X02/form4.xml,CIK0000093410-submissions-001.json
2006-04-28,4,0001127602-06-001035,2006-04-26,xslF345X02/form4.xml,CIK0000093410-submissions-001.json
2006-04-28,4,0001127602-06-001033,2006-04-26,xslF345X02/form4.xml,CIK0000093410-submissions-001.json
2006-04-28,4,0001127602-06-001030,2006-04-26,xslF345X02/form4.xml,CIK0000093410-submissions-001.json
2006-04-28,4,0001127602-06-001028,2006-04-26,xslF345X02/form4.xml,CIK0000093410-submissions-001.json
2006-04-28,4,0001127602-06-001026,2006-04-26,xslF345X02/form4.xml,CIK0000093410-submissions-001.json
2006-04-28,4,0001127602-06-001024,2006-04-26,xslF345X02/form4.xml,CIK0000093410-submissions-001.json
2006-04-28,4,0001127602-06-001022,2006-04-26,xslF345X02/form4.xml,CIK0000093410-submissions-001.json
2006-04-28,4,0001127602-06-001020,2006-04-26,xslF345X02/form4.xml,CIK0000093410-submissions-001.json
2006-04-28,4,0001127602-06-001017,2006-04-26,xslF345X02/form4.xml,CIK0000093410-submissions-001.json
2006-04-28,4,0001127602-06-001016,2006-04-26,xslF345X02/form4.xml,CIK0000093410-submissions-001.json
2006-04-28,8-K,0000950134-06-008222,2006-04-28,f19925e8vk.htm,CIK0000093410-submissions-001.json
2006-05-02,UPLOAD,0000000000-06-020616,,filename1.pdf,CIK0000093410-submissions-001.json
2006-05-04,10-Q,0000950134-06-008713,2006-03-31,f18554e10vq.htm,CIK0000093410-submissions-001.json
2006-05-05,4,0001127602-06-001093,2006-05-03,xslF345X02/form4.xml,CIK0000093410-submissions-001.json
2006-05-05,4,0001127602-06-001092,2006-05-03,xslF345X02/form4.xml,CIK0000093410-submissions-001.json
2006-05-05,4,0001127602-06-001091,2006-05-04,xslF345X02/form4.xml,CIK0000093410-submissions-001.json
2006-05-05,4,0001127602-06-001090,2006-05-04,xslF345X02/form4.xml,CIK0000093410-submissions-001.json
2006-05-05,4,0001127602-06-001089,2006-05-03,xslF345X02/form4.xml,CIK0000093410-submissions-001.json
2006-05-05,4,0001127602-06-001088,2006-05-03,xslF345X02/form4.xml,CIK0000093410-submissions-001.json
2006-05-05,4,0001127602-06-001087,2006-05-03,xslF345X02/form4.xml,CIK0000093410-submissions-001.json
2006-05-05,4,0001127602-06-001085,2006-05-03,xslF345X02/form4.xml,CIK0000093410-submissions-001.json
2006-05-05,4,0001127602-06-001083,2006-05-03,xslF345X02/form4.xml,CIK0000093410-submissions-001.json
2006-05-08,8-K,0000950134-06-009004,2006-05-08,f20225e8vk.htm,CIK0000093410-submissions-001.json
2006-05-15,CORRESP,0000950134-06-009890,,filename1.htm,CIK0000093410-submissions-001.json
2006-06-01,4,0001127602-06-001333,2006-05-31,xslF345X02/form4.xml,CIK0000093410-submissions-001.json
2006-06-01,4,0001127602-06-001332,2006-05-31,xslF345X02/form4.xml,CIK0000093410-submissions-001.json
2006-06-01,4,0001127602-06-001331,2006-05-31,xslF345X02/form4.xml,CIK0000093410-submissions-001.json
2006-06-01,4,0001127602-06-001330,2006-05-31,xslF345X02/form4.xml,CIK0000093410-submissions-001.json
2006-06-01,4,0001127602-06-001329,2006-05-31,xslF345X02/form4.xml,CIK0000093410-submissions-001.json
2006-06-01,4,0001127602-06-001328,2006-05-31,xslF345X02/form4.xml,CIK0000093410-submissions-001.json
2006-06-01,4,0001127602-06-001326,2006-05-31,xslF345X02/form4.xml,CIK0000093410-submissions-001.json
2006-06-20,11-K,0000950134-06-011867,2005-12-31,f21368e11vk.htm,CIK0000093410-submissions-001.json
2006-06-20,11-K,0000950134-06-011866,2005-12-31,f21369e11vk.htm,CIK0000093410-submissions-001.json
2006-06-28,4,0001127602-06-001625,2006-06-28,xslF345X02/form4.xml,CIK0000093410-submissions-001.json
2006-06-28,4,0001127602-06-001624,2006-06-28,xslF345X02/form4.xml,CIK0000093410-submissions-001.json
2006-06-28,4,0001127602-06-001623,2006-06-28,xslF345X02/form4.xml,CIK0000093410-submissions-001.json
2006-06-28,4,0001127602-06-001622,2006-06-28,xslF345X02/form4.xml,CIK0000093410-submissions-001.json
2006-07-03,NT 11-K,0000950134-06-012555,2005-12-31,f21841nt11vk.htm,CIK0000093410-submissions-001.json
2006-07-03,NT 11-K,0000950134-06-012554,2005-12-31,f21840nt11vk.htm,CIK0000093410-submissions-001.json
2006-07-03,UPLOAD,0000000000-06-030821,,filename1.pdf,CIK0000093410-submissions-001.json
2006-07-05,8-K,0000950134-06-012646,2006-06-28,f21842e8vk.htm,CIK0000093410-submissions-001.json
2006-07-12,11-K,0000950149-06-000374,2005-12-31,f21841ke11vk.htm,CIK0000093410-submissions-001.json
2006-07-12,11-K,0000950149-06-000373,2005-12-31,f21840ke11vk.htm,CIK0000093410-submissions-001.json
2006-07-28,8-K,0000950134-06-014133,2006-07-28,f22398e8vk.htm,CIK0000093410-submissions-001.json
2006-08-03,10-Q,0000950134-06-014650,2006-06-30,f21349e10vq.htm,CIK0000093410-submissions-001.json
2006-08-03,4,0001127602-06-001972,2006-08-02,xslF345X02/form4.xml,CIK0000093410-submissions-001.json
2006-08-07,4,0001127602-06-001995,2006-08-04,xslF345X02/form4.xml,CIK0000093410-submissions-001.json
2006-08-07,UPLOAD,0000000000-06-037316,,filename1.txt,CIK0000093410-submissions-001.json
2006-08-07,UPLOAD,0000000000-06-037314,,filename1.txt,CIK0000093410-submissions-001.json
2006-08-18,4,0001127602-06-002086,2006-08-18,xslF345X02/form4.xml,CIK0000093410-submissions-001.json
2006-08-24,4,0001127602-06-002094,2006-08-22,xslF345X02/form4.xml,CIK0000093410-submissions-001.json
2006-08-31,4,0001127602-06-002163,2006-08-29,xslF345X02/form4.xml,CIK0000093410-submissions-001.json
2006-08-31,4,0001127602-06-002162,2006-08-29,xslF345X02/form4.xml,CIK0000093410-submissions-001.json
2006-08-31,4,0001127602-06-002161,2006-08-29,xslF345X02/form4.xml,CIK0000093410-submissions-001.json
2006-08-31,4,0001127602-06-002160,2006-08-29,xslF345X02/form4.xml,CIK0000093410-submissions-001.json
2006-08-31,4,0001127602-06-002159,2006-08-29,xslF345X02/form4.xml,CIK0000093410-submissions-001.json
2006-08-31,4,0001127602-06-002158,2006-08-29,xslF345X02/form4.xml,CIK0000093410-submissions-001.json
2006-08-31,4,0001127602-06-002157,2006-08-29,xslF345X02/form4.xml,CIK0000093410-submissions-001.json
2006-08-31,4,0001127602-06-002155,2006-08-29,xslF345X02/form4.xml,CIK0000093410-submissions-001.json
2006-08-31,4,0001127602-06-002153,2006-08-29,xslF345X02/form4.xml,CIK0000093410-submissions-001.json
2006-08-31,4,0001127602-06-002151,2006-08-29,xslF345X02/form4.xml,CIK0000093410-submissions-001.json
2006-10-27,8-K,0000950134-06-019804,2006-10-27,f24502e8vk.htm,CIK0000093410-submissions-001.json
2006-11-03,10-Q,0000950134-06-020382,2006-09-30,f24501e10vq.htm,CIK0000093410-submissions-001.json
2006-11-07,4,0001127602-06-002635,2006-11-03,xslF345X02/form4.xml,CIK0000093410-submissions-001.json
2006-11-08,4,0001127602-06-002644,2006-11-07,xslF345X02/form4.xml,CIK0000093410-submissions-001.json
2006-11-09,4,0001127602-06-002651,2006-11-07,xslF345X02/form4.xml,CIK0000093410-submissions-001.json
2006-11-14,4,0001127602-06-002661,2006-11-10,xslF345X02/form4.xml,CIK0000093410-submissions-001.json
2006-11-14,4,0001127602-06-002659,2006-11-10,xslF345X02/form4.xml,CIK0000093410-submissions-001.json
2006-11-27,4,0001127602-06-002722,2006-11-22,xslF345X02/form4.xml,CIK0000093410-submissions-001.json
2006-11-30,4,0001127602-06-002783,2006-11-29,xslF345X02/form4.xml,CIK0000093410-submissions-001.json
2006-11-30,4,0001127602-06-002781,2006-11-29,xslF345X02/form4.xml,CIK0000093410-submissions-001.json
2006-11-30,4,0001127602-06-002779,2006-11-29,xslF345X02/form4.xml,CIK0000093410-submissions-001.json
2006-11-30,4,0001127602-06-002777,2006-11-29,xslF345X02/form4.xml,CIK0000093410-submissions-001.json
2006-11-30,4,0001127602-06-002775,2006-11-29,xslF345X02/form4.xml,CIK0000093410-submissions-001.json
2006-11-30,4,0001127602-06-002773,2006-11-29,xslF345X02/form4.xml,CIK0000093410-submissions-001.json
2006-11-30,4,0001127602-06-002771,2006-11-29,xslF345X02/form4.xml,CIK0000093410-submissions-001.json
2006-11-30,4,0001127602-06-002769,2006-11-29,xslF345X02/form4.xml,CIK0000093410-submissions-001.json
2006-12-12,8-K,0000950134-06-022961,2006-12-06,f25510e8vk.htm,CIK0000093410-submissions-001.json
2006-12-22,11-KT,0000950134-06-023636,2006-06-28,f25854e11vkt.htm,CIK0000093410-submissions-001.json
2007-01-10,8-K,0000950134-07-000371,2007-01-09,f26316e8vk.htm,CIK0000093410-submissions-001.json
2007-01-30,NO ACT,9999999997-07-005337,2006-12-22,9999999997-07-005337.paper,CIK0000093410-submissions-001.json
2007-02-02,8-K,0000950134-07-001844,2007-02-02,f26933e8vk.htm,CIK0000093410-submissions-001.json
2007-02-05,8-K,0000950134-07-002032,2007-01-31,f27062e8vk.htm,CIK0000093410-submissions-001.json
2007-02-08,4,0001127602-07-000512,2007-02-07,xslF345X02/form4.xml,CIK0000093410-submissions-001.json
2007-02-08,4,0001127602-07-000510,2007-02-07,xslF345X02/form4.xml,CIK0000093410-submissions-001.json
2007-02-08,4,0001127602-07-000508,2007-02-07,xslF345X02/form4.xml,CIK0000093410-submissions-001.json
2007-02-12,SC 13G,0000017283-07-000491,,edgcvx.txt,CIK0000093410-submissions-001.json
2007-02-14,4,0001127602-07-000616,2007-02-12,xslF345X02/form4.xml,CIK0000093410-submissions-001.json
2007-02-15,NO ACT,9999999997-07-010016,2006-12-28,9999999997-07-010016.paper,CIK0000093410-submissions-001.json
2007-02-28,10-K,0000950149-07-000074,2006-12-31,f27542e10vk.htm,CIK0000093410-submissions-001.json
2007-02-28,4,0001127602-07-000842,2007-02-26,xslF345X02/form4.xml,CIK0000093410-submissions-001.json
2007-03-01,4,0001127602-07-000881,2007-02-27,xslF345X02/form4.xml,CIK0000093410-submissions-001.json
2007-03-02,DEFA14A,0000950134-07-004674,,f26625d1defa14a.htm,CIK0000093410-submissions-001.json
2007-03-02,PRE 14A,0000950134-07-004625,2007-04-25,f26625prpre14a.htm,CIK0000093410-submissions-001.json
2007-03-08,POS AM,0001193125-07-049435,,dposam.htm,CIK0000093410-submissions-001.json
2007-03-08,POS AM,0001193125-07-049431,,dposam.htm,CIK0000093410-submissions-001.json
2007-03-08,S-3ASR,0001193125-07-049419,,ds3asr.htm,CIK0000093410-submissions-001.json
2007-03-09,4,0001127602-07-001013,2007-03-07,xslF345X02/form4.xml,CIK0000093410-submissions-001.json
2007-03-09,4,0001127602-07-001010,2007-03-07,xslF345X02/form4.xml,CIK0000093410-submissions-001.json
2007-03-09,4,0001127602-07-001006,2007-03-07,xslF345X02/form4.xml,CIK0000093410-submissions-001.json
2007-03-09,4,0001127602-07-001002,2007-03-07,xslF345X02/form4.xml,CIK0000093410-submissions-001.json
2007-03-09,4,0001127602-07-001000,2007-03-07,xslF345X02/form4.xml,CIK0000093410-submissions-001.json
2007-03-09,4,0001127602-07-000998,2007-03-07,xslF345X02/form4.xml,CIK0000093410-submissions-001.json
2007-03-09,4,0001127602-07-000996,2007-03-07,xslF345X02/form4.xml,CIK0000093410-submissions-001.json
2007-03-09,4,0001127602-07-000992,2007-03-07,xslF345X02/form4.xml,CIK0000093410-submissions-001.json
2007-03-14,EFFECT,9999999995-07-000912,,xslEFFECTX01/primary_doc.xml,CIK0000093410-submissions-001.json
2007-03-14,EFFECT,9999999995-07-000913,,xslEFFECTX01/primary_doc.xml,CIK0000093410-submissions-001.json
2007-03-19,ARS,9999999997-07-013385,2006-12-31,9999999997-07-013385.paper,CIK0000093410-submissions-001.json
2007-03-19,DEF 14A,0000950134-07-006117,2007-04-25,f26625def14a.htm,CIK0000093410-submissions-001.json
2007-03-29,4,0001127602-07-001247,2007-03-28,xslF345X02/form4.xml,CIK0000093410-submissions-001.json
2007-03-29,4,0001127602-07-001245,2007-03-28,xslF345X02/form4.xml,CIK0000093410-submissions-001.json
2007-03-29,4,0001127602-07-001243,2007-03-28,xslF345X02/form4.xml,CIK0000093410-submissions-001.json
2007-03-29,4,0001127602-07-001241,2007-03-28,xslF345X02/form4.xml,CIK0000093410-submissions-001.json
2007-03-29,4,0001127602-07-001239,2007-03-28,xslF345X02/form4.xml,CIK0000093410-submissions-001.json
2007-03-29,4,0001127602-07-001237,2007-03-28,xslF345X02/form4.xml,CIK0000093410-submissions-001.json
2007-03-29,4,0001127602-07-001235,2007-03-28,xslF345X02/form4.xml,CIK0000093410-submissions-001.json
2007-03-29,4,0001127602-07-001233,2007-03-28,xslF345X02/form4.xml,CIK0000093410-submissions-001.json
2007-03-29,4,0001127602-07-001231,2007-03-28,xslF345X02/form4.xml,CIK0000093410-submissions-001.json
2007-03-29,4,0001127602-07-001229,2007-03-28,xslF345X02/form4.xml,CIK0000093410-submissions-001.json
2007-04-03,8-K,0000950134-07-007411,2007-03-28,f28935e8vk.htm,CIK0000093410-submissions-001.json
2007-04-10,3,0001209191-07-023305,2007-04-02,xslF345X02/bsf29032_bsf1cu.xml,CIK0000093410-submissions-001.json
2007-04-10,3,0001209191-07-023279,2007-04-02,xslF345X02/bsf29032_bsf1cu.xml,CIK0000093410-submissions-001.json
2007-04-10,8-K,0000950134-07-007895,2007-04-10,f29122e8vk.htm,CIK0000093410-submissions-001.json
2007-04-27,3,0001127602-07-001588,2007-04-25,xslF345X02/form3.xml,CIK0000093410-submissions-001.json
2007-04-27,4,0001127602-07-001616,2007-04-25,xslF345X02/form4.xml,CIK0000093410-submissions-001.json
2007-04-27,4,0001127602-07-001612,2007-04-25,xslF345X02/form4.xml,CIK0000093410-submissions-001.json
2007-04-27,4,0001127602-07-001611,2007-04-25,xslF345X02/form4.xml,CIK0000093410-submissions-001.json
2007-04-27,4,0001127602-07-001610,2007-04-25,xslF345X02/form4.xml,CIK0000093410-submissions-001.json
2007-04-27,4,0001127602-07-001609,2007-04-25,xslF345X02/form4.xml,CIK0000093410-submissions-001.json
2007-04-27,4,0001127602-07-001607,2007-04-25,xslF345X02/form4.xml,CIK0000093410-submissions-001.json
2007-04-27,4,0001127602-07-001604,2007-04-25,xslF345X02/form4.xml,CIK0000093410-submissions-001.json
2007-04-27,4,0001127602-07-001602,2007-04-25,xslF345X02/form4.xml,CIK0000093410-submissions-001.json
2007-04-27,4,0001127602-07-001601,2007-04-25,xslF345X02/form4.xml,CIK0000093410-submissions-001.json
2007-04-27,4,0001127602-07-001600,2007-04-25,xslF345X02/form4.xml,CIK0000093410-submissions-001.json
2007-04-27,4,0001127602-07-001599,2007-04-25,xslF345X02/form4.xml,CIK0000093410-submissions-001.json
2007-04-27,4,0001127602-07-001598,2007-04-25,xslF345X02/form4.xml,CIK0000093410-submissions-001.json
2007-04-27,8-K,0000950134-07-009263,2007-04-27,f29595e8vk.htm,CIK0000093410-submissions-001.json
2007-04-27,UPLOAD,0000000000-07-021001,,filename1.pdf,CIK0000093410-submissions-001.json
2007-05-03,4,0001127602-07-001722,2007-05-02,xslF345X02/form4.xml,CIK0000093410-submissions-001.json
2007-05-04,10-Q,0000950134-07-010195,2007-03-31,f29711e10vq.htm,CIK0000093410-submissions-001.json
2007-05-07,4,0001127602-07-001744,2007-05-03,xslF345X02/form4.xml,CIK0000093410-submissions-001.json
2007-05-08,4,0001127602-07-001765,2007-05-04,xslF345X02/form4.xml,CIK0000093410-submissions-001.json
2007-05-08,4,0001127602-07-001764,2007-05-04,xslF345X02/form4.xml,CIK0000093410-submissions-001.json
2007-05-08,4,0001127602-07-001762,2007-05-04,xslF345X02/form4.xml,CIK0000093410-submissions-001.json
2007-05-09,4,0001127602-07-001769,2007-05-07,xslF345X02/form4.xml,CIK0000093410-submissions-001.json
2007-05-09,4,0001127602-07-001767,2007-05-07,xslF345X02/form4.xml,CIK0000093410-submissions-001.json
2007-05-10,CORRESP,0000950134-07-011018,,filename1.htm,CIK0000093410-submissions-001.json
2007-05-11,4,0001127602-07-001801,2007-05-09,xslF345X02/form4.xml,CIK0000093410-submissions-001.json
2007-05-23,4,0001127602-07-001941,2007-05-14,xslF345X02/form4.xml,CIK0000093410-submissions-001.json
2007-05-23,4,0001127602-07-001935,2007-05-21,xslF345X02/form4.xml,CIK0000093410-submissions-001.json
2007-05-25,4,0001209191-07-033103,2007-05-24,xslF345X02/bsf30567_bsf1ke.xml,CIK0000093410-submissions-001.json
2007-05-25,8-K,0000950134-07-012387,2007-05-21,f30607e8vk.htm,CIK0000093410-submissions-001.json
2007-06-01,4,0001127602-07-002253,2007-05-30,xslF345X02/form4.xml,CIK0000093410-submissions-001.json
2007-06-01,4,0001127602-07-002252,2007-05-30,xslF345X02/form4.xml,CIK0000093410-submissions-001.json
2007-06-01,4,0001127602-07-002251,2007-05-30,xslF345X02/form4.xml,CIK0000093410-submissions-001.json
2007-06-01,4,0001127602-07-002250,2007-05-30,xslF345X02/form4.xml,CIK0000093410-submissions-001.json
2007-06-01,4,0001127602-07-002249,2007-05-30,xslF345X02/form4.xml,CIK0000093410-submissions-001.json
2007-06-01,4,0001127602-07-002248,2007-05-30,xslF345X02/form4.xml,CIK0000093410-submissions-001.json
2007-06-01,4,0001127602-07-002247,2007-05-30,xslF345X02/form4.xml,CIK0000093410-submissions-001.json
2007-06-01,4,0001127602-07-002245,2007-05-30,xslF345X02/form4.xml,CIK0000093410-submissions-001.json
2007-06-01,4,0001127602-07-002243,2007-05-30,xslF345X02/form4.xml,CIK0000093410-submissions-001.json
2007-06-07,4,0001127602-07-002363,2007-05-30,xslF345X02/form4.xml,CIK0000093410-submissions-001.json
2007-06-08,8-K,0000950134-07-013115,2007-06-08,f30985e8vk.htm,CIK0000093410-submissions-001.json
2007-06-12,4,0001127602-07-002386,2007-05-07,xslF345X02/form4.xml,CIK0000093410-submissions-001.json
2007-06-18,11-K,0000950134-07-013560,2006-12-31,f31282e11vk.htm,CIK0000093410-submissions-001.json
2007-06-18,11-K,0000950134-07-013557,2006-12-31,f31280e11vk.htm,CIK0000093410-submissions-001.json
2007-07-10,8-K,0000950134-07-014954,2007-07-10,f31766e8vk.htm,CIK0000093410-submissions-001.json
2007-07-18,UPLOAD,0000000000-07-034845,,filename1.pdf,CIK0000093410-submissions-001.json
2007-07-27,8-K,0000950134-07-016058,2007-07-27,f32236e8vk.htm,CIK0000093410-submissions-001.json
2007-07-27,CORRESP,0000950134-07-016108,,filename1.htm,CIK0000093410-submissions-001.json
2007-08-03,10-Q,0000950134-07-016714,2007-06-30,f32319e10vq.htm,CIK0000093410-submissions-001.json
2007-08-03,4,0001127602-07-003219,2007-08-01,xslF345X02/form4.xml,CIK0000093410-submissions-001.json
2007-08-03,4,0001127602-07-003214,2007-08-01,xslF345X02/form4.xml,CIK0000093410-submissions-001.json
2007-08-03,4,0001127602-07-003213,2007-08-01,xslF345X02/form4.xml,CIK0000093410-submissions-001.json
2007-08-03,4,0001127602-07-003211,2007-08-01,xslF345X02/form4.xml,CIK0000093410-submissions-001.json
2007-08-09,4,0001127602-07-003273,2007-03-11,xslF345X02/form4.xml,CIK0000093410-submissions-001.json
2007-08-24,4,0001127602-07-003382,2007-08-22,xslF345X02/form4.xml,CIK0000093410-submissions-001.json
2007-08-27,4,0001127602-07-003396,2007-08-27,xslF345X02/form4.xml,CIK0000093410-submissions-001.json
2007-08-30,4,0001127602-07-003421,2007-08-28,xslF345X02/form4.xml,CIK0000093410-submissions-001.json
2007-08-30,4,0001127602-07-003420,2007-08-28,xslF345X02/form4.xml,CIK0000093410-submissions-001.json
2007-08-30,4,0001127602-07-003419,2007-08-28,xslF345X02/form4.xml,CIK0000093410-submissions-001.json
2007-08-30,4,0001127602-07-003418,2007-08-28,xslF345X02/form4.xml,CIK0000093410-submissions-001.json
2007-08-30,4,0001127602-07-003417,2007-08-28,xslF345X02/form4.xml,CIK0000093410-submissions-001.json
2007-08-30,4,0001127602-07-003416,2007-08-28,xslF345X02/form4.xml,CIK0000093410-submissions-001.json
2007-08-30,4,0001127602-07-003413,2007-08-28,xslF345X02/form4.xml,CIK0000093410-submissions-001.json
2007-08-30,4,0001127602-07-003412,2007-08-28,xslF345X02/form4.xml,CIK0000093410-submissions-001.json
2007-09-04,CORRESP,0000950134-07-019484,,filename1.htm,CIK0000093410-submissions-001.json
2007-10-01,UPLOAD,0000000000-07-047799,,filename1.pdf,CIK0000093410-submissions-001.json
2007-10-09,8-K,0000950134-07-021068,2007-10-09,f34376e8vk.htm,CIK0000093410-submissions-001.json
2007-11-02,8-K,0000950134-07-022626,2007-11-02,f35102e8vk.htm,CIK0000093410-submissions-001.json
2007-11-02,CORRESP,0000950134-07-022688,,filename1.htm,CIK0000093410-submissions-001.json
2007-11-06,10-Q,0000950134-07-022949,2007-09-30,f35025e10vq.htm,CIK0000093410-submissions-001.json
2007-11-08,4,0001127602-07-004472,2007-11-07,xslF345X02/form4.xml,CIK0000093410-submissions-001.json
2007-11-08,4,0001127602-07-004468,2007-11-07,xslF345X02/form4.xml,CIK0000093410-submissions-001.json
2007-11-13,4,0001127602-07-004514,2007-11-09,xslF345X02/form4.xml,CIK0000093410-submissions-001.json
2007-12-07,4,0001127602-07-004866,2007-12-05,xslF345X02/form4.xml,CIK0000093410-submissions-001.json
2007-12-07,4,0001127602-07-004865,2007-12-05,xslF345X02/form4.xml,CIK0000093410-submissions-001.json
2007-12-07,4,0001127602-07-004864,2007-12-05,xslF345X02/form4.xml,CIK0000093410-submissions-001.json
2007-12-07,4,0001127602-07-004863,2007-12-05,xslF345X02/form4.xml,CIK0000093410-submissions-001.json
2007-12-07,4,0001127602-07-004862,2007-12-05,xslF345X02/form4.xml,CIK0000093410-submissions-001.json
2007-12-07,4,0001127602-07-004861,2007-12-05,xslF345X02/form4.xml,CIK0000093410-submissions-001.json
2007-12-07,4,0001127602-07-004860,2007-12-05,xslF345X02/form4.xml,CIK0000093410-submissions-001.json
2007-12-07,4,0001127602-07-004859,2007-12-05,xslF345X02/form4.xml,CIK0000093410-submissions-001.json
2007-12-20,CORRESP,0000950134-07-025882,,filename1.htm,CIK0000093410-submissions-001.json
2007-12-20,UPLOAD,0000000000-07-061966,,filename1.pdf,CIK0000093410-submissions-001.json
2008-01-04,CORRESP,0000950134-08-000121,,filename1.htm,CIK0000093410-submissions-001.json
2008-01-10,8-K,0000950134-08-000423,2008-01-10,f37049e8vk.htm,CIK0000093410-submissions-001.json
2008-01-24,5,0001127602-08-000472,2007-12-31,xslF345X02/form5.xml,CIK0000093410-submissions-001.json
2008-02-01,8-K,0000950134-08-001500,2008-02-01,f37602e8vk.htm,CIK0000093410-submissions-001.json
2008-02-01,8-K,0000950134-08-001467,2008-02-01,f37574e8vk.htm,CIK0000093410-submissions-001.json
2008-02-01,CORRESP,0000950134-08-001530,,filename1.htm,CIK0000093410-submissions-001.json
2008-02-08,UPLOAD,0000000000-08-007200,,filename1.pdf,CIK0000093410-submissions-001.json
2008-02-13,5,0001127602-08-001005,2007-12-31,xslF345X02/form5.xml,CIK0000093410-submissions-001.json
2008-02-13,SC 13G/A,0000017283-08-000151,,edgcvx.txt,CIK0000093410-submissions-001.json
2008-02-19,NO ACT,9999999997-08-007526,2007-12-20,9999999997-08-007526.paper,CIK0000093410-submissions-001.json
2008-02-28,10-K,0000950134-08-003672,2007-12-31,f37829e10vk.htm,CIK0000093410-submissions-001.json
2008-02-29,NO ACT,9999999997-08-008925,2008-01-03,9999999997-08-008925.paper,CIK0000093410-submissions-001.json
2008-03-04,4,0001127602-08-001674,2008-02-29,xslF345X02/form4.xml,CIK0000093410-submissions-001.json
2008-03-04,NO ACT,9999999997-08-009678,2008-01-03,9999999997-08-009678.paper,CIK0000093410-submissions-001.json
2008-03-07,4,0001127602-08-001795,2008-03-05,xslF345X02/form4.xml,CIK0000093410-submissions-001.json
2008-03-07,4,0001127602-08-001794,2008-03-05,xslF345X02/form4.xml,CIK0000093410-submissions-001.json
2008-03-07,4,0001127602-08-001793,2008-03-05,xslF345X02/form4.xml,CIK0000093410-submissions-001.json
2008-03-07,4,0001127602-08-001792,2008-03-05,xslF345X02/form4.xml,CIK0000093410-submissions-001.json
2008-03-07,4,0001127602-08-001791,2008-03-05,xslF345X02/form4.xml,CIK0000093410-submissions-001.json
2008-03-07,4,0001127602-08-001790,2008-03-05,xslF345X02/form4.xml,CIK0000093410-submissions-001.json
2008-03-07,4,0001127602-08-001789,2008-03-05,xslF345X02/form4.xml,CIK0000093410-submissions-001.json
2008-03-07,4,0001127602-08-001788,2008-03-05,xslF345X02/form4.xml,CIK0000093410-submissions-001.json
2008-03-18,NO ACT,9999999997-08-012357,2008-01-22,9999999997-08-012357.paper,CIK0000093410-submissions-001.json
2008-03-18,UPLOAD,0000000000-08-014150,,filename1.pdf,CIK0000093410-submissions-001.json
2008-03-18,UPLOAD,0000000000-08-014148,,filename1.pdf,CIK0000093410-submissions-001.json
2008-03-21,NO ACT,9999999997-08-016544,2008-01-22,9999999997-08-016544.paper,CIK0000093410-submissions-001.json
2008-03-21,NO ACT,9999999997-08-015595,2008-01-22,9999999997-08-015595.paper,CIK0000093410-submissions-001.json
2008-03-24,NO ACT,9999999997-08-016545,2008-01-21,9999999997-08-016545.paper,CIK0000093410-submissions-001.json
2008-03-27,10-K/A,0000950134-08-005470,2007-12-31,f37829a1e10vkza.htm,CIK0000093410-submissions-001.json
2008-03-28,4,0001127602-08-002169,2008-03-26,xslF345X02/form4.xml,CIK0000093410-submissions-001.json
2008-03-28,4,0001127602-08-002168,2008-03-26,xslF345X02/form4.xml,CIK0000093410-submissions-001.json
2008-03-28,4,0001127602-08-002167,2008-03-26,xslF345X02/form4.xml,CIK0000093410-submissions-001.json
2008-03-28,4,0001127602-08-002164,2008-03-26,xslF345X02/form4.xml,CIK0000093410-submissions-001.json
2008-03-28,4,0001127602-08-002163,2008-03-26,xslF345X02/form4.xml,CIK0000093410-submissions-001.json
2008-03-28,4,0001127602-08-002160,2008-03-26,xslF345X02/form4.xml,CIK0000093410-submissions-001.json
2008-03-28,4,0001127602-08-002159,2008-03-26,xslF345X02/form4.xml,CIK0000093410-submissions-001.json
2008-03-28,4,0001127602-08-002158,2008-03-26,xslF345X02/form4.xml,CIK0000093410-submissions-001.json
2008-03-28,4,0001127602-08-002156,2008-03-26,xslF345X02/form4.xml,CIK0000093410-submissions-001.json
2008-03-31,8-K,0000950134-08-005700,2008-03-25,f39475e8vk.htm,CIK0000093410-submissions-001.json
2008-04-01,PRE 14A,0001047469-08-003929,2008-05-28,a2183563zpre14a.htm,CIK0000093410-submissions-001.json
2008-04-09,8-K,0000950134-08-006276,2008-04-09,f39752e8vk.htm,CIK0000093410-submissions-001.json
2008-04-10,CORRESP,0001047469-08-004458,,filename1.htm,CIK0000093410-submissions-001.json
2008-04-17,DEF 14A,0001047469-08-004790,2008-05-28,a2184580zdef14a.htm,CIK0000093410-submissions-001.json
2008-04-17,DEFA14A,0001104659-08-025061,,a08-10951_3defa14a.htm,CIK0000093410-submissions-001.json
2008-04-17,DEFA14A,0001104659-08-025017,,a08-10951_2defa14a.htm,CIK0000093410-submissions-001.json
2008-04-17,DEFA14A,0001104659-08-024983,,a08-10951_1defa14a.htm,CIK0000093410-submissions-001.json
2008-04-18,ARS,9999999997-08-021608,2007-12-31,9999999997-08-021608.paper,CIK0000093410-submissions-001.json
2008-05-02,8-K,0000950134-08-008271,2008-05-02,f40365e8vk.htm,CIK0000093410-submissions-001.json
2008-05-08,10-Q,0000950134-08-008862,2008-03-31,f40423e10vq.htm,CIK0000093410-submissions-001.json
2008-05-08,4,0001127602-08-002926,2008-05-07,xslF345X02/form4.xml,CIK0000093410-submissions-001.json
2008-05-08,4,0001127602-08-002925,2008-05-07,xslF345X02/form4.xml,CIK0000093410-submissions-001.json
2008-05-08,4,0001127602-08-002924,2008-05-07,xslF345X02/form4.xml,CIK0000093410-submissions-001.json
2008-05-08,4,0001127602-08-002922,2008-05-07,xslF345X02/form4.xml,CIK0000093410-submissions-001.json
2008-05-08,4,0001127602-08-002921,2008-05-07,xslF345X02/form4.xml,CIK0000093410-submissions-001.json
2008-05-08,4,0001127602-08-002920,2008-05-07,xslF345X02/form4.xml,CIK0000093410-submissions-001.json
2008-05-08,4,0001127602-08-002919,2008-05-07,xslF345X02/form4.xml,CIK0000093410-submissions-001.json
2008-05-08,4,0001127602-08-002918,2008-05-07,xslF345X02/form4.xml,CIK0000093410-submissions-001.json
2008-05-08,4,0001127602-08-002917,2008-05-07,xslF345X02/form4.xml,CIK0000093410-submissions-001.json
2008-05-08,4,0001127602-08-002911,2008-05-07,xslF345X02/form4.xml,CIK0000093410-submissions-001.json
2008-05-08,4,0001127602-08-002910,2008-05-07,xslF345X02/form4.xml,CIK0000093410-submissions-001.json
2008-05-08,4,0001127602-08-002909,2008-05-07,xslF345X02/form4.xml,CIK0000093410-submissions-001.json
2008-05-08,4,0001127602-08-002908,2008-05-07,xslF345X02/form4.xml,CIK0000093410-submissions-001.json
2008-05-09,4,0001127602-08-002944,2008-05-07,xslF345X02/form4.xml,CIK0000093410-submissions-001.json
2008-05-09,4,0001127602-08-002943,2008-05-07,xslF345X02/form4.xml,CIK0000093410-submissions-001.json
2008-05-09,4,0001127602-08-002942,2008-05-07,xslF345X02/form4.xml,CIK0000093410-submissions-001.json
2008-05-09,4,0001127602-08-002941,2008-05-07,xslF345X02/form4.xml,CIK0000093410-submissions-001.json
2008-05-09,4,0001127602-08-002940,2008-05-07,xslF345X02/form4.xml,CIK0000093410-submissions-001.json
2008-05-09,4,0001127602-08-002939,2008-05-07,xslF345X02/form4.xml,CIK0000093410-submissions-001.json
2008-05-12,4,0001127602-08-002995,2008-05-09,xslF345X02/form4.xml,CIK0000093410-submissions-001.json
2008-05-12,4,0001127602-08-002994,2008-05-08,xslF345X02/form4.xml,CIK0000093410-submissions-001.json
2008-05-12,4,0001127602-08-002970,2008-05-08,xslF345X02/form4.xml,CIK0000093410-submissions-001.json
2008-05-15,4,0001127602-08-003157,2008-05-13,xslF345X02/form4.xml,CIK0000093410-submissions-001.json
2008-05-20,4,0001127602-08-003434,2008-05-16,xslF345X02/form4.xml,CIK0000093410-submissions-001.json
2008-05-29,4,0001127602-08-003724,2008-05-28,xslF345X02/form4.xml,CIK0000093410-submissions-001.json
2008-05-30,3,0001127602-08-003760,2008-05-28,xslF345X02/form3.xml,CIK0000093410-submissions-001.json
2008-05-30,4,0001127602-08-003786,2008-05-28,xslF345X02/form4.xml,CIK0000093410-submissions-001.json
2008-05-30,4,0001127602-08-003782,2008-05-28,xslF345X02/form4.xml,CIK0000093410-submissions-001.json
2008-05-30,4,0001127602-08-003778,2008-05-28,xslF345X02/form4.xml,CIK0000093410-submissions-001.json
2008-05-30,4,0001127602-08-003775,2008-05-28,xslF345X02/form4.xml,CIK0000093410-submissions-001.json
2008-05-30,4,0001127602-08-003774,2008-05-28,xslF345X02/form4.xml,CIK0000093410-submissions-001.json
2008-05-30,4,0001127602-08-003773,2008-05-28,xslF345X02/form4.xml,CIK0000093410-submissions-001.json
2008-05-30,4,0001127602-08-003772,2008-05-28,xslF345X02/form4.xml,CIK0000093410-submissions-001.json
2008-05-30,4,0001127602-08-003771,2008-05-28,xslF345X02/form4.xml,CIK0000093410-submissions-001.json
2008-05-30,4,0001127602-08-003770,2008-05-28,xslF345X02/form4.xml,CIK0000093410-submissions-001.json
2008-05-30,4,0001127602-08-003764,2008-05-28,xslF345X02/form4.xml,CIK0000093410-submissions-001.json
2008-05-30,4,0001127602-08-003763,2008-05-28,xslF345X02/form4.xml,CIK0000093410-submissions-001.json
2008-05-30,4,0001127602-08-003762,2008-05-28,xslF345X02/form4.xml,CIK0000093410-submissions-001.json
2008-05-30,4,0001127602-08-003761,2008-05-28,xslF345X02/form4.xml,CIK0000093410-submissions-001.json
2008-06-02,4,0001127602-08-003837,2008-05-21,xslF345X02/form4.xml,CIK0000093410-submissions-001.json
2008-06-03,4,0001127602-08-003850,2008-05-08,xslF345X02/form4.xml,CIK0000093410-submissions-001.json
2008-06-06,4,0001127602-08-004041,2008-06-04,xslF345X02/form4.xml,CIK0000093410-submissions-001.json
2008-06-06,4,0001127602-08-004040,2008-06-04,xslF345X02/form4.xml,CIK0000093410-submissions-001.json
2008-06-06,4,0001127602-08-004039,2008-06-04,xslF345X02/form4.xml,CIK0000093410-submissions-001.json
2008-06-06,4,0001127602-08-004038,2008-06-04,xslF345X02/form4.xml,CIK0000093410-submissions-001.json
2008-06-06,4,0001127602-08-004037,2008-06-04,xslF345X02/form4.xml,CIK0000093410-submissions-001.json
2008-06-06,4,0001127602-08-004036,2008-06-04,xslF345X02/form4.xml,CIK0000093410-submissions-001.json
2008-06-06,4,0001127602-08-004035,2008-06-04,xslF345X02/form4.xml,CIK0000093410-submissions-001.json
2008-06-06,4,0001127602-08-004034,2008-06-04,xslF345X02/form4.xml,CIK0000093410-submissions-001.json
2008-06-17,11-K,0000950134-08-011343,2007-12-31,f41561e11vk.htm,CIK0000093410-submissions-001.json
2008-06-17,11-K,0000950134-08-011342,2007-12-31,f41560e11vk.htm,CIK0000093410-submissions-001.json
2008-06-30,UPLOAD,0000000000-08-032274,,filename1.pdf,CIK0000093410-submissions-001.json
2008-07-09,CORRESP,0000950134-08-012505,,filename1.htm,CIK0000093410-submissions-001.json
2008-07-10,8-K,0000950134-08-012590,2008-07-10,f42094e8vk.htm,CIK0000093410-submissions-001.json
2008-07-23,CORRESP,0000950134-08-013153,,filename1.htm,CIK0000093410-submissions-001.json
2008-07-30,CORRESP,0000950134-08-013678,,filename1.htm,CIK0000093410-submissions-001.json
2008-08-01,8-K,0000950134-08-013852,2008-08-01,f42593e8vk.htm,CIK0000093410-submissions-001.json
2008-08-04,CORRESP,0000950134-08-013990,,filename1.htm,CIK0000093410-submissions-001.json
2008-08-07,10-Q,0000950134-08-014499,2008-06-30,f42584e10vq.htm,CIK0000093410-submissions-001.json
2008-08-07,S-8,0000950134-08-014533,,f42347sv8.htm,CIK0000093410-submissions-001.json
2008-08-13,4,0001127602-08-005798,2008-08-11,xslF345X03/form4.xml,CIK0000093410-submissions-001.json
2008-08-22,CORRESP,0000950134-08-015650,,filename1.htm,CIK0000093410-submissions-001.json
2008-09-05,4,0001127602-08-006654,2008-09-03,xslF345X03/form4.xml,CIK0000093410-submissions-001.json
2008-09-05,4,0001127602-08-006653,2008-09-03,xslF345X03/form4.xml,CIK0000093410-submissions-001.json
2008-09-05,4,0001127602-08-006652,2008-09-03,xslF345X03/form4.xml,CIK0000093410-submissions-001.json
2008-09-05,4,0001127602-08-006651,2008-09-03,xslF345X03/form4.xml,CIK0000093410-submissions-001.json
2008-09-05,4,0001127602-08-006650,2008-09-03,xslF345X03/form4.xml,CIK0000093410-submissions-001.json
2008-09-05,4,0001127602-08-006649,2008-09-03,xslF345X03/form4.xml,CIK0000093410-submissions-001.json
2008-09-05,4,0001127602-08-006643,2008-09-03,xslF345X03/form4.xml,CIK0000093410-submissions-001.json
2008-09-05,4,0001127602-08-006642,2008-09-03,xslF345X03/form4.xml,CIK0000093410-submissions-001.json
2008-09-05,4,0001127602-08-006641,2008-09-03,xslF345X03/form4.xml,CIK0000093410-submissions-001.json
2008-09-05,4,0001127602-08-006640,2008-09-03,xslF345X03/form4.xml,CIK0000093410-submissions-001.json
2008-09-15,5,0000093410-08-000011,2007-12-31,xslF345X03/edgar.xml,CIK0000093410-submissions-001.json
2008-09-15,5,0000093410-08-000009,2007-12-31,xslF345X03/edgar.xml,CIK0000093410-submissions-001.json
2008-09-15,5,0000093410-08-000007,2007-12-31,xslF345X03/edgar.xml,CIK0000093410-submissions-001.json
2008-09-15,5,0000093410-08-000004,2007-12-31,xslF345X03/edgar.xml,CIK0000093410-submissions-001.json
2008-09-15,5,0000093410-08-000002,2007-12-31,xslF345X03/edgar.xml,CIK0000093410-submissions-001.json
2008-10-02,UPLOAD,0000000000-08-049797,,filename1.pdf,CIK0000093410-submissions-001.json
2008-10-09,8-K,0000950134-08-017783,2008-10-09,f50059e8vk.htm,CIK0000093410-submissions-001.json
2008-10-31,8-K,0000950134-08-018889,2008-10-31,f50298e8vk.htm,CIK0000093410-submissions-001.json
2008-11-06,10-Q,0000950134-08-019596,2008-09-30,f50197e10vq.htm,CIK0000093410-submissions-001.json
2008-11-14,UPLOAD,0000000000-08-056435,,filename1.pdf,CIK0000093410-submissions-001.json
2008-12-04,4,0001127602-08-010630,2008-12-03,xslF345X03/form4.xml,CIK0000093410-submissions-001.json
2008-12-05,4,0001127602-08-010718,2008-12-03,xslF345X03/form4.xml,CIK0000093410-submissions-001.json
2008-12-05,4,0001127602-08-010717,2008-12-03,xslF345X03/form4.xml,CIK0000093410-submissions-001.json
2008-12-05,4,0001127602-08-010714,2008-12-03,xslF345X03/form4.xml,CIK0000093410-submissions-001.json
2008-12-05,4,0001127602-08-010713,2008-12-03,xslF345X03/form4.xml,CIK0000093410-submissions-001.json
2008-12-05,4,0001127602-08-010709,2008-12-03,xslF345X03/form4.xml,CIK0000093410-submissions-001.json
2008-12-05,4,0001127602-08-010702,2008-12-03,xslF345X03/form4.xml,CIK0000093410-submissions-001.json
2008-12-05,4,0001127602-08-010701,2008-12-03,xslF345X03/form4.xml,CIK0000093410-submissions-001.json
2008-12-05,4,0001127602-08-010699,2008-12-03,xslF345X03/form4.xml,CIK0000093410-submissions-001.json
2008-12-10,3,0001127602-08-010859,2008-12-10,xslF345X02/form3.xml,CIK0000093410-submissions-001.json
2008-12-10,4,0001127602-08-010860,2008-12-10,xslF345X03/form4.xml,CIK0000093410-submissions-001.json
2008-12-11,8-K,0000950134-08-022021,2008-12-05,f50845e8vk.htm,CIK0000093410-submissions-001.json
2009-01-07,3,0001127602-09-000879,2009-01-01,xslF345X02/form3.xml,CIK0000093410-submissions-001.json
2009-01-08,8-K,0000950134-09-000279,2009-01-08,f51034e8vk.htm,CIK0000093410-submissions-001.json
2009-01-27,NO ACT,9999999997-09-003444,2009-01-26,9999999997-09-003444.paper,CIK0000093410-submissions-001.json
2009-01-30,15-12B,0000950134-09-001501,,f51226e15v12b.htm,CIK0000093410-submissions-001.json
2009-01-30,8-K,0000950134-09-001488,2009-01-30,f51310e8vk.htm,CIK0000093410-submissions-001.json
2009-02-17,SC 13G,0000093748-09-000057,,chevron08.txt,CIK0000093410-submissions-001.json
2009-02-26,10-K,0000891618-09-000054,2008-12-31,f50714e10vk.htm,CIK0000093410-submissions-001.json
2009-02-26,424B2,0001193125-09-038203,,d424b2.htm,CIK0000093410-submissions-001.json
2009-02-27,8-K,0000950134-09-003903,2009-02-26,f51678e8vk.htm,CIK0000093410-submissions-001.json
2009-02-27,FWP,0001193125-09-039586,,dfwp.htm,CIK0000093410-submissions-001.json
2009-03-02,4,0001127602-09-005396,2009-02-27,xslF345X03/form4.xml,CIK0000093410-submissions-001.json
2009-03-02,424B2,0001193125-09-042200,,d424b2.htm,CIK0000093410-submissions-001.json
2009-03-03,8-K,0001193125-09-043762,2009-03-03,d8k.htm,CIK0000093410-submissions-001.json
2009-03-05,4,0001127602-09-006050,2009-03-04,xslF345X03/form4.xml,CIK0000093410-submissions-001.json
2009-03-05,4,0001127602-09-006049,2009-03-04,xslF345X03/form4.xml,CIK0000093410-submissions-001.json
2009-03-05,4,0001127602-09-006048,2009-03-04,xslF345X03/form4.xml,CIK0000093410-submissions-001.json
2009-03-05,4,0001127602-09-006047,2009-03-04,xslF345X03/form4.xml,CIK0000093410-submissions-001.json
2009-03-05,4,0001127602-09-006046,2009-03-04,xslF345X03/form4.xml,CIK0000093410-submissions-001.json
2009-03-05,4,0001127602-09-006045,2009-03-04,xslF345X03/form4.xml,CIK0000093410-submissions-001.json
2009-03-05,4,0001127602-09-006044,2009-03-04,xslF345X03/form4.xml,CIK0000093410-submissions-001.json
2009-03-05,4,0001127602-09-006043,2009-03-04,xslF345X03/form4.xml,CIK0000093410-submissions-001.json
2009-03-05,4,0001127602-09-006042,2009-03-04,xslF345X03/form4.xml,CIK0000093410-submissions-001.json
2009-03-23,NO ACT,9999999997-09-018944,2009-01-23,9999999997-09-018944.paper,CIK0000093410-submissions-001.json
2009-03-24,NO ACT,9999999997-09-018949,2009-01-23,9999999997-09-018949.paper,CIK0000093410-submissions-001.json
2009-03-24,NO ACT,9999999997-09-018948,2009-01-23,9999999997-09-018948.paper,CIK0000093410-submissions-001.json
2009-03-27,4,0001127602-09-007841,2009-03-25,xslF345X03/form4.xml,CIK0000093410-submissions-001.json
2009-03-27,4,0001127602-09-007840,2009-03-25,xslF345X03/form4.xml,CIK0000093410-submissions-001.json
2009-03-27,4,0001127602-09-007839,2009-03-25,xslF345X03/form4.xml,CIK0000093410-submissions-001.json
2009-03-27,4,0001127602-09-007838,2009-03-25,xslF345X03/form4.xml,CIK0000093410-submissions-001.json
2009-03-27,4,0001127602-09-007837,2009-03-25,xslF345X03/form4.xml,CIK0000093410-submissions-001.json
2009-03-27,4,0001127602-09-007836,2009-03-25,xslF345X03/form4.xml,CIK0000093410-submissions-001.json
2009-03-27,4,0001127602-09-007835,2009-03-25,xslF345X03/form4.xml,CIK0000093410-submissions-001.json
2009-03-27,4,0001127602-09-007834,2009-03-25,xslF345X03/form4.xml,CIK0000093410-submissions-001.json
2009-03-27,4,0001127602-09-007833,2009-03-25,xslF345X03/form4.xml,CIK0000093410-submissions-001.json
2009-03-30,8-K,0000950134-09-006317,2009-03-25,f51972e8vk.htm,CIK0000093410-submissions-001.json
2009-04-06,NO ACT,9999999997-09-019452,2009-03-31,9999999997-09-019452.paper,CIK0000093410-submissions-001.json
2009-04-09,8-K,0000950134-09-007266,2009-04-09,f52101e8vk.htm,CIK0000093410-submissions-001.json
2009-04-13,DEF 14A,0001193125-09-077853,2009-05-27,ddef14a.htm,CIK0000093410-submissions-001.json
2009-04-13,DEFA14A,0001193125-09-077866,,ddefa14a.htm,CIK0000093410-submissions-001.json
2009-04-13,DEFA14A,0001193125-09-077863,,ddefa14a.htm,CIK0000093410-submissions-001.json
2009-04-13,DEFA14A,0001193125-09-077858,,ddefa14a.htm,CIK0000093410-submissions-001.json
2009-04-21,ARS,9999999997-09-018083,2008-12-31,9999999997-09-018083.paper,CIK0000093410-submissions-001.json
2009-05-01,8-K,0000950134-09-009034,2009-05-01,f52301e8vk.htm,CIK0000093410-submissions-001.json
2009-05-07,10-Q,0000891618-09-000166,2009-03-31,f52062e10vq.htm,CIK0000093410-submissions-001.json
2009-05-13,PX14A6G,0000884541-09-000004,,f51293px14a6g.htm,CIK0000093410-submissions-001.json
2009-05-18,PX14A6G,0000884541-09-000005,,f51591px14a6g.htm,CIK0000093410-submissions-001.json
2009-05-20,DEFA14A,0001193125-09-115135,,ddefa14a.htm,CIK0000093410-submissions-001.json
2009-05-29,4,0001127602-09-012557,2009-05-27,xslF345X03/form4.xml,CIK0000093410-submissions-001.json
2009-05-29,4,0001127602-09-012556,2009-05-27,xslF345X03/form4.xml,CIK0000093410-submissions-001.json
2009-05-29,4,0001127602-09-012555,2009-05-27,xslF345X03/form4.xml,CIK0000093410-submissions-001.json
2009-05-29,4,0001127602-09-012554,2009-05-27,xslF345X03/form4.xml,CIK0000093410-submissions-001.json
2009-05-29,4,0001127602-09-012553,2009-05-27,xslF345X03/form4.xml,CIK0000093410-submissions-001.json
2009-05-29,4,0001127602-09-012551,2009-05-27,xslF345X03/form4.xml,CIK0000093410-submissions-001.json
2009-05-29,4,0001127602-09-012550,2009-05-27,xslF345X03/form4.xml,CIK0000093410-submissions-001.json
2009-05-29,4,0001127602-09-012549,2009-05-27,xslF345X03/form4.xml,CIK0000093410-submissions-001.json
2009-05-29,4,0001127602-09-012548,2009-05-27,xslF345X03/form4.xml,CIK0000093410-submissions-001.json
2009-05-29,4,0001127602-09-012547,2009-05-27,xslF345X03/form4.xml,CIK0000093410-submissions-001.json
2009-05-29,4,0001127602-09-012546,2009-05-27,xslF345X03/form4.xml,CIK0000093410-submissions-001.json
2009-05-29,4,0001127602-09-012545,2009-05-27,xslF345X03/form4.xml,CIK0000093410-submissions-001.json
2009-06-04,4,0001127602-09-013270,2009-06-03,xslF345X03/form4.xml,CIK0000093410-submissions-001.json
2009-06-04,4,0001127602-09-013269,2009-06-03,xslF345X03/form4.xml,CIK0000093410-submissions-001.json
2009-06-04,4,0001127602-09-013268,2009-06-03,xslF345X03/form4.xml,CIK0000093410-submissions-001.json
2009-06-04,4,0001127602-09-013266,2009-06-03,xslF345X03/form4.xml,CIK0000093410-submissions-001.json
2009-06-04,4,0001127602-09-013265,2009-06-03,xslF345X03/form4.xml,CIK0000093410-submissions-001.json
2009-06-04,4,0001127602-09-013264,2009-06-03,xslF345X03/form4.xml,CIK0000093410-submissions-001.json
2009-06-04,4,0001127602-09-013262,2009-06-03,xslF345X03/form4.xml,CIK0000093410-submissions-001.json
2009-06-26,11-K,0000950123-09-017778,2008-12-31,f52855e11vk.htm,CIK0000093410-submissions-001.json
2009-07-09,8-K,0000950123-09-021254,2009-07-09,f52951e8vk.htm,CIK0000093410-submissions-001.json
2009-07-31,8-K,0000950123-09-028075,2009-07-31,f53148e8vk.htm,CIK0000093410-submissions-001.json
2009-08-05,3,0001127602-09-016777,2009-08-03,xslF345X02/form3.xml,CIK0000093410-submissions-001.json
2009-08-05,4,0001127602-09-016778,2009-08-03,xslF345X03/form4.xml,CIK0000093410-submissions-001.json
2009-08-06,10-Q,0000950123-09-030860,2009-06-30,f53053e10vq.htm,CIK0000093410-submissions-001.json
2009-09-02,4,0001127602-09-018395,2009-09-01,xslF345X03/form4.xml,CIK0000093410-submissions-001.json
2009-09-02,4,0001127602-09-018394,2009-09-01,xslF345X03/form4.xml,CIK0000093410-submissions-001.json
2009-09-02,4,0001127602-09-018393,2009-09-01,xslF345X03/form4.xml,CIK0000093410-submissions-001.json
2009-09-02,4,0001127602-09-018392,2009-09-01,xslF345X03/form4.xml,CIK0000093410-submissions-001.json
2009-09-02,4,0001127602-09-018391,2009-09-01,xslF345X03/form4.xml,CIK0000093410-submissions-001.json
2009-09-02,4,0001127602-09-018390,2009-09-01,xslF345X03/form4.xml,CIK0000093410-submissions-001.json
2009-09-02,4,0001127602-09-018389,2009-09-01,xslF345X03/form4.xml,CIK0000093410-submissions-001.json
2009-09-02,4,0001127602-09-018388,2009-09-01,xslF345X03/form4.xml,CIK0000093410-submissions-001.json
2009-09-03,4,0001127602-09-018428,2009-06-04,xslF345X03/form4.xml,CIK0000093410-submissions-001.json
2009-09-30,8-K,0000950123-09-047342,2009-09-30,f53657e8vk.htm,CIK0000093410-submissions-001.json
2009-10-08,8-K,0000950123-09-049288,2009-10-08,f53718e8vk.htm,CIK0000093410-submissions-001.json
2009-10-26,S-8,0000950123-09-052952,,f53825sv8.htm,CIK0000093410-submissions-001.json
2009-10-27,S-3,0000950123-09-053242,,f53827orsv3.htm,CIK0000093410-submissions-001.json
2009-10-30,8-K,0000950123-09-055261,2009-10-30,f53851e8vk.htm,CIK0000093410-submissions-001.json
2009-11-05,10-Q,0000950123-09-058120,2009-09-30,f53312e10vq.htm,CIK0000093410-submissions-001.json
2009-11-10,4,0001127602-09-022213,2009-11-06,xslF345X03/form4.xml,CIK0000093410-submissions-001.json
2009-11-18,UPLOAD,0000000000-09-065516,,filename1.pdf,CIK0000093410-submissions-001.json
2009-11-24,4,0001127602-09-023578,2009-11-23,xslF345X03/form4.xml,CIK0000093410-submissions-001.json
2009-11-24,4,0001127602-09-023573,2009-11-23,xslF345X03/form4.xml,CIK0000093410-submissions-001.json
2009-12-01,S-3/A,0000950123-09-067284,,f53827a1sv3za.htm,CIK0000093410-submissions-001.json
2009-12-03,4,0001127602-09-024305,2009-12-01,xslF345X03/form4.xml,CIK0000093410-submissions-001.json
2009-12-04,4,0001127602-09-024439,2009-12-02,xslF345X03/form4.xml,CIK0000093410-submissions-001.json
2009-12-04,4,0001127602-09-024438,2009-12-02,xslF345X03/form4.xml,CIK0000093410-submissions-001.json
2009-12-04,4,0001127602-09-024437,2009-12-02,xslF345X03/form4.xml,CIK0000093410-submissions-001.json
2009-12-04,4,0001127602-09-024436,2009-12-02,xslF345X03/form4.xml,CIK0000093410-submissions-001.json
2009-12-04,4,0001127602-09-024434,2009-12-02,xslF345X03/form4.xml,CIK0000093410-submissions-001.json
2009-12-04,4,0001127602-09-024432,2009-12-02,xslF345X03/form4.xml,CIK0000093410-submissions-001.json
2009-12-11,8-K,0000950123-09-070210,2009-12-08,f54364e8vk.htm,CIK0000093410-submissions-001.json
2009-12-15,S-3/A,0000950123-09-070833,,f53827a2sv3za.htm,CIK0000093410-submissions-001.json
2009-12-16,CORRESP,0000950123-09-071299,,filename1.htm,CIK0000093410-submissions-001.json
2009-12-17,EFFECT,9999999995-09-003528,,xslEFFECTX01/primary_doc.xml,CIK0000093410-submissions-001.json
2010-01-11,8-K,0000950123-10-001725,2010-01-11,f54567e8vk.htm,CIK0000093410-submissions-001.json
2010-01-29,4,0001127602-10-002588,2010-01-27,xslF345X03/form4.xml,CIK0000093410-submissions-001.json
2010-01-29,4,0001127602-10-002587,2010-01-27,xslF345X03/form4.xml,CIK0000093410-submissions-001.json
2010-01-29,4,0001127602-10-002584,2010-01-27,xslF345X03/form4.xml,CIK0000093410-submissions-001.json
2010-01-29,4,0001127602-10-002581,2010-01-27,xslF345X03/form4.xml,CIK0000093410-submissions-001.json
2010-01-29,4,0001127602-10-002580,2010-01-27,xslF345X03/form4.xml,CIK0000093410-submissions-001.json
2010-01-29,4,0001127602-10-002579,2010-01-27,xslF345X03/form4.xml,CIK0000093410-submissions-001.json
2010-01-29,4,0001127602-10-002578,2010-01-27,xslF345X03/form4.xml,CIK0000093410-submissions-001.json
2010-01-29,4,0001127602-10-002577,2010-01-27,xslF345X03/form4.xml,CIK0000093410-submissions-001.json
2010-01-29,8-K,0000950123-10-006471,2010-01-29,f54752e8vk.htm,CIK0000093410-submissions-001.json
2010-01-29,SC 13G,0001086364-10-008117,,chevroncorp123109.txt,CIK0000093410-submissions-001.json
2010-02-02,8-K,0000950123-10-007372,2010-01-27,f54794e8vk.htm,CIK0000093410-submissions-001.json
2010-02-09,SC 13G/A,0000093748-10-000017,,chevrnext09.txt,CIK0000093410-submissions-001.json
2010-02-25,10-K,0000950123-10-016846,2009-12-31,f54086e10vk.htm,CIK0000093410-submissions-001.json
2010-03-01,NO ACT,9999999997-10-005873,2010-02-22,9999999997-10-005873.paper,CIK0000093410-submissions-001.json
2010-03-01,S-3ASR,0000950123-10-019280,,f55048sv3asr.htm,CIK0000093410-submissions-001.json
2010-03-03,4,0001127602-10-007333,2010-03-01,xslF345X03/form4.xml,CIK0000093410-submissions-001.json
2010-03-03,4,0001127602-10-007329,2010-03-01,xslF345X03/form4.xml,CIK0000093410-submissions-001.json
2010-03-03,4,0001127602-10-007327,2010-03-01,xslF345X03/form4.xml,CIK0000093410-submissions-001.json
2010-03-03,4,0001127602-10-007326,2010-03-01,xslF345X03/form4.xml,CIK0000093410-submissions-001.json
2010-03-03,4,0001127602-10-007322,2010-03-01,xslF345X03/form4.xml,CIK0000093410-submissions-001.json
2010-03-03,4,0001127602-10-007321,2010-03-01,xslF345X03/form4.xml,CIK0000093410-submissions-001.json
2010-03-09,8-K,0000950123-10-022625,2010-03-09,f55207e8vk.htm,CIK0000093410-submissions-001.json
2010-03-31,PRE 14A,0001193125-10-073609,2010-05-26,dpre14a.htm,CIK0000093410-submissions-001.json
2010-03-31,UPLOAD,0000000000-10-017682,,filename1.pdf,CIK0000093410-submissions-001.json
2010-04-01,8-K,0000950123-10-031531,2010-03-30,f55426e8vk.htm,CIK0000093410-submissions-001.json
2010-04-01,DEFA14A,0001193125-10-073912,,ddefa14a.htm,CIK0000093410-submissions-001.json
2010-04-01,NO ACT,9999999997-10-009136,2010-03-31,9999999997-10-009136.paper,CIK0000093410-submissions-001.json
2010-04-08,3,0001127602-10-010790,2010-04-01,xslF345X02/form3.xml,CIK0000093410-submissions-001.json
2010-04-08,3/A,0001127602-10-010825,2010-04-01,xslF345X02/form3a.xml,CIK0000093410-submissions-001.json
2010-04-08,3/A,0001127602-10-010818,2010-04-01,xslF345X02/form3a.xml,CIK0000093410-submissions-001.json
2010-04-08,8-K,0000950123-10-033235,2010-04-08,f55477e8vk.htm,CIK0000093410-submissions-001.json
2010-04-13,CORRESP,0000950123-10-034334,,filename1.htm,CIK0000093410-submissions-001.json
2010-04-15,DEF 14A,0001193125-10-084081,2010-05-26,ddef14a.htm,CIK0000093410-submissions-001.json
2010-04-15,DEFA14A,0001193125-10-084100,,ddefa14a.htm,CIK0000093410-submissions-001.json
2010-04-15,DEFA14A,0001193125-10-084089,,ddefa14a.htm,CIK0000093410-submissions-001.json
2010-04-15,DEFA14A,0001193125-10-084084,,ddefa14a.htm,CIK0000093410-submissions-001.json
2010-04-30,8-K,0000950123-10-041222,2010-04-30,f55626e8vk.htm,CIK0000093410-submissions-001.json
2010-05-05,10-Q,0000950123-10-044204,2010-03-31,f55136e10vq.htm,CIK0000093410-submissions-001.json
2010-05-07,4,0001127602-10-013482,2010-05-06,xslF345X03/form4.xml,CIK0000093410-submissions-001.json
2010-05-12,4,0001127602-10-013900,2010-05-10,xslF345X03/form4.xml,CIK0000093410-submissions-001.json
2010-05-13,8-K,0000950123-10-048910,2010-05-13,f55717e8vk.htm,CIK0000093410-submissions-001.json
2010-05-19,DEFA14A,0001193125-10-123571,,ddefa14a.htm,CIK0000093410-submissions-001.json
2010-05-26,UPLOAD,0000000000-10-029398,,filename1.pdf,CIK0000093410-submissions-001.json
2010-05-28,3,0001127602-10-015598,2010-05-26,xslF345X02/form3.xml,CIK0000093410-submissions-001.json
2010-05-28,3,0001127602-10-015596,2010-05-26,xslF345X02/form3.xml,CIK0000093410-submissions-001.json
2010-05-28,4,0001127602-10-015614,2010-05-26,xslF345X03/form4.xml,CIK0000093410-submissions-001.json
2010-05-28,4,0001127602-10-015612,2010-05-26,xslF345X03/form4.xml,CIK0000093410-submissions-001.json
2010-05-28,4,0001127602-10-015611,2010-05-26,xslF345X03/form4.xml,CIK0000093410-submissions-001.json
2010-05-28,4,0001127602-10-015609,2010-05-26,xslF345X03/form4.xml,CIK0000093410-submissions-001.json
2010-05-28,4,0001127602-10-015608,2010-05-26,xslF345X03/form4.xml,CIK0000093410-submissions-001.json
2010-05-28,4,0001127602-10-015607,2010-05-26,xslF345X03/form4.xml,CIK0000093410-submissions-001.json
2010-05-28,4,0001127602-10-015606,2010-05-26,xslF345X03/form4.xml,CIK0000093410-submissions-001.json
2010-05-28,4,0001127602-10-015605,2010-05-26,xslF345X03/form4.xml,CIK0000093410-submissions-001.json
2010-05-28,4,0001127602-10-015604,2010-05-26,xslF345X03/form4.xml,CIK0000093410-submissions-001.json
2010-05-28,4,0001127602-10-015602,2010-05-26,xslF345X03/form4.xml,CIK0000093410-submissions-001.json
2010-05-28,4,0001127602-10-015601,2010-05-26,xslF345X03/form4.xml,CIK0000093410-submissions-001.json
2010-05-28,4,0001127602-10-015600,2010-05-26,xslF345X03/form4.xml,CIK0000093410-submissions-001.json
2010-05-28,4,0001127602-10-015599,2010-05-26,xslF345X03/form4.xml,CIK0000093410-submissions-001.json
2010-05-28,4,0001127602-10-015597,2010-05-26,xslF345X03/form4.xml,CIK0000093410-submissions-001.json
2010-06-02,4,0001127602-10-016125,2010-05-28,xslF345X03/form4.xml,CIK0000093410-submissions-001.json
2010-06-02,4,0001127602-10-016121,2010-05-28,xslF345X03/form4.xml,CIK0000093410-submissions-001.json
2010-06-02,4,0001127602-10-016117,2010-05-28,xslF345X03/form4.xml,CIK0000093410-submissions-001.json
2010-06-02,4,0001127602-10-016113,2010-05-28,xslF345X03/form4.xml,CIK0000093410-submissions-001.json
2010-06-02,4,0001127602-10-016109,2010-05-28,xslF345X03/form4.xml,CIK0000093410-submissions-001.json
2010-06-02,8-K,0001193125-10-131330,2010-05-26,d8k.htm,CIK0000093410-submissions-001.json
2010-06-08,CORRESP,0000950123-10-056680,,filename1.htm,CIK0000093410-submissions-001.json
2010-06-16,CORRESP,0000950123-10-058676,,filename1.htm,CIK0000093410-submissions-001.json
2010-06-22,11-K,0001193125-10-143986,2009-12-31,d11k.htm,CIK0000093410-submissions-001.json
2010-06-25,11-K,0001193125-10-147085,2009-12-31,d11k.htm,CIK0000093410-submissions-001.json
2010-06-25,11-K,0001193125-10-147015,2009-12-31,d11k.htm,CIK0000093410-submissions-001.json
2010-07-12,8-K,0000950123-10-064896,2010-07-12,f56330e8vk.htm,CIK0000093410-submissions-001.json
2010-07-20,UPLOAD,0000000000-10-040737,,filename1.pdf,CIK0000093410-submissions-001.json
2010-07-30,8-K,0000950123-10-070194,2010-07-30,f56447e8vk.htm,CIK0000093410-submissions-001.json
2010-08-04,4,0001127602-10-020665,2010-08-03,xslF345X03/form4.xml,CIK0000093410-submissions-001.json
2010-08-05,10-Q,0000950123-10-073101,2010-06-30,f55996e10vq.htm,CIK0000093410-submissions-001.json
2010-08-06,4,0001127602-10-020837,2010-08-04,xslF345X03/form4.xml,CIK0000093410-submissions-001.json
2010-08-10,4,0001127602-10-021070,2010-08-09,xslF345X03/form4.xml,CIK0000093410-submissions-001.json
2010-08-11,4,0001127602-10-021189,2010-08-10,xslF345X03/form4.xml,CIK0000093410-submissions-001.json
2010-08-13,4,0001127602-10-021326,2010-08-12,xslF345X03/form4.xml,CIK0000093410-submissions-001.json
2010-08-31,4,0001127602-10-022210,2010-08-27,xslF345X03/form4.xml,CIK0000093410-submissions-001.json
2010-08-31,4,0001127602-10-022209,2010-08-27,xslF345X03/form4.xml,CIK0000093410-submissions-001.json
2010-08-31,4,0001127602-10-022206,2010-08-27,xslF345X03/form4.xml,CIK0000093410-submissions-001.json
2010-08-31,4,0001127602-10-022205,2010-08-27,xslF345X03/form4.xml,CIK0000093410-submissions-001.json
2010-08-31,4,0001127602-10-022204,2010-08-27,xslF345X03/form4.xml,CIK0000093410-submissions-001.json
2010-08-31,4,0001127602-10-022203,2010-08-27,xslF345X03/form4.xml,CIK0000093410-submissions-001.json
2010-09-30,8-K,0000950123-10-090397,2010-09-29,f56977e8vk.htm,CIK0000093410-submissions-001.json
2010-10-12,8-K,0000950123-10-092796,2010-10-12,f57048e8vk.htm,CIK0000093410-submissions-001.json
2010-10-29,8-K,0000950123-10-097863,2010-10-29,f57177e8vk.htm,CIK0000093410-submissions-001.json
2010-11-03,4,0001127602-10-026871,2010-11-01,xslF345X03/form4.xml,CIK0000093410-submissions-001.json
2010-11-03,4,0001127602-10-026869,2010-11-01,xslF345X03/form4.xml,CIK0000093410-submissions-001.json
2010-11-03,4,0001127602-10-026867,2010-11-01,xslF345X03/form4.xml,CIK0000093410-submissions-001.json
2010-11-03,4,0001127602-10-026865,2010-11-01,xslF345X03/form4.xml,CIK0000093410-submissions-001.json
2010-11-03,4,0001127602-10-026862,2010-11-01,xslF345X03/form4.xml,CIK0000093410-submissions-001.json
2010-11-03,4,0001127602-10-026860,2010-11-01,xslF345X03/form4.xml,CIK0000093410-submissions-001.json
2010-11-05,10-Q,0000950123-10-101589,2010-09-30,f56750e10vq.htm,CIK0000093410-submissions-001.json
2010-11-09,DFAN14A,0000950123-10-102884,,f57304dfan14a.htm,CIK0000093410-submissions-001.json
2010-11-12,DFAN14A,0000950123-10-104558,,f57332defan14a.htm,CIK0000093410-submissions-001.json
2010-11-15,4,0001127602-10-027953,2010-11-12,xslF345X03/form4.xml,CIK0000093410-submissions-001.json
2010-11-18,SC 13D,0000950123-10-107001,,f57438sc13d.htm,CIK0000093410-submissions-001.json
2010-11-24,4,0001127602-10-028865,2010-11-23,xslF345X03/form4.xml,CIK0000093410-submissions-001.json
2010-12-01,4,0001127602-10-029212,2010-11-29,xslF345X03/form4.xml,CIK0000093410-submissions-001.json
2010-12-01,4,0001127602-10-029211,2010-11-29,xslF345X03/form4.xml,CIK0000093410-submissions-001.json
2010-12-01,4,0001127602-10-029210,2010-11-29,xslF345X03/form4.xml,CIK0000093410-submissions-001.json
2010-12-01,4,0001127602-10-029209,2010-11-29,xslF345X03/form4.xml,CIK0000093410-submissions-001.json
2010-12-01,4,0001127602-10-029208,2010-11-29,xslF345X03/form4.xml,CIK0000093410-submissions-001.json
2010-12-09,S-8,0000950123-10-112453,,f57535sv8.htm,CIK0000093410-submissions-001.json
2011-01-11,8-K,0000950123-11-002057,2011-01-11,f57887e8vk.htm,CIK0000093410-submissions-001.json
2011-01-27,4,0001127602-11-002506,2011-01-26,xslF345X03/form4.xml,CIK0000093410-submissions-001.json
2011-01-27,4,0001127602-11-002503,2011-01-26,xslF345X03/form4.xml,CIK0000093410-submissions-001.json
2011-01-27,4,0001127602-11-002501,2011-01-26,xslF345X03/form4.xml,CIK0000093410-submissions-001.json
2011-01-27,4,0001127602-11-002499,2011-01-26,xslF345X03/form4.xml,CIK0000093410-submissions-001.json
2011-01-27,4,0001127602-11-002496,2011-01-26,xslF345X03/form4.xml,CIK0000093410-submissions-001.json
2011-01-27,4,0001127602-11-002494,2011-01-26,xslF345X03/form4.xml,CIK0000093410-submissions-001.json
2011-01-27,4,0001127602-11-002492,2011-01-26,xslF345X03/form4.xml,CIK0000093410-submissions-001.json
2011-01-28,8-K,0000950123-11-006393,2011-01-28,f58047e8vk.htm,CIK0000093410-submissions-001.json
2011-02-01,8-K,0000950123-11-007813,2011-01-26,f58110e8vk.htm,CIK0000093410-submissions-001.json
2011-02-02,4,0001127602-11-003581,2011-01-31,xslF345X03/form4.xml,CIK0000093410-submissions-001.json
2011-02-03,4,0001127602-11-003815,2011-02-02,xslF345X03/form4.xml,CIK0000093410-submissions-001.json
2011-02-03,SC 13G/A,0001086364-11-002612,,chevroncorporation123110.txt,CIK0000093410-submissions-001.json
2011-02-04,4,0001127602-11-003925,2011-02-03,xslF345X03/form4.xml,CIK0000093410-submissions-001.json
2011-02-08,4,0001127602-11-004474,2011-02-07,xslF345X03/form4.xml,CIK0000093410-submissions-001.json
2011-02-08,4,0001127602-11-004472,2011-02-07,xslF345X03/form4.xml,CIK0000093410-submissions-001.json
2011-02-11,SC 13G,0000093748-11-000015,,chevron10.txt,CIK0000093410-submissions-001.json
2011-02-17,4,0001127602-11-006121,2011-02-15,xslF345X03/form4.xml,CIK0000093410-submissions-001.json
2011-02-24,10-K,0000950123-11-017688,2010-12-31,f56670e10vk.htm,CIK0000093410-submissions-001.json
2011-02-24,S-8,0000950123-11-017934,,f58403sv8.htm,CIK0000093410-submissions-001.json
2011-02-28,SC 13D/A,0000950123-11-019806,,f58504sc13dza.htm,CIK0000093410-submissions-001.json
2011-03-02,4,0001127602-11-008547,2011-02-28,xslF345X03/form4.xml,CIK0000093410-submissions-001.json
2011-03-02,4,0001127602-11-008542,2011-02-28,xslF345X03/form4.xml,CIK0000093410-submissions-001.json
2011-03-02,4,0001127602-11-008537,2011-02-28,xslF345X03/form4.xml,CIK0000093410-submissions-001.json
2011-03-02,4,0001127602-11-008534,2011-02-28,xslF345X03/form4.xml,CIK0000093410-submissions-001.json
2011-03-02,4,0001127602-11-008531,2011-02-28,xslF345X03/form4.xml,CIK0000093410-submissions-001.json
2011-03-02,4,0001127602-11-008527,2011-02-28,xslF345X03/form4.xml,CIK0000093410-submissions-001.json
2011-03-09,3,0001127602-11-009698,2011-03-01,xslF345X02/form3.xml,CIK0000093410-submissions-001.json
2011-03-09,3,0001127602-11-009695,2011-03-01,xslF345X02/form3.xml,CIK0000093410-submissions-001.json
2011-03-21,NO ACT,9999999997-11-006616,2011-01-24,9999999997-11-006616.paper,CIK0000093410-submissions-001.json
2011-03-28,NO ACT,9999999997-11-007291,2011-01-24,9999999997-11-007291.paper,CIK0000093410-submissions-001.json
2011-04-04,8-K,0001193125-11-087020,2011-03-30,d8k.htm,CIK0000093410-submissions-001.json
2011-04-11,8-K,0000950123-11-034649,2011-04-11,f58865e8vk.htm,CIK0000093410-submissions-001.json
2011-04-14,DEF 14A,0001193125-11-097814,2011-05-25,ddef14a.htm,CIK0000093410-submissions-001.json
2011-04-14,DEFA14A,0001193125-11-097828,,ddefa14a.htm,CIK0000093410-submissions-001.json
2011-04-14,DEFA14A,0001193125-11-097820,,ddefa14a.htm,CIK0000093410-submissions-001.json
2011-04-14,DEFA14A,0001193125-11-097817,,ddefa14a.htm,CIK0000093410-submissions-001.json
2011-04-27,PX14A6G,0001214659-11-001398,,a427111px14a6g.htm,CIK0000093410-submissions-001.json
2011-04-29,8-K,0000950123-11-041449,2011-04-29,f59043e8vk.htm,CIK0000093410-submissions-001.json
2011-05-05,10-Q,0000950123-11-045356,2011-03-31,f58560e10vq.htm,CIK0000093410-submissions-001.json
2011-05-20,PX14A6G,0001214659-11-001793,,f519111px14a6g.htm,CIK0000093410-submissions-001.json
2011-05-27,4,0001127602-11-017792,2011-05-25,xslF345X03/form4.xml,CIK0000093410-submissions-001.json
2011-05-27,4,0001127602-11-017745,2011-05-25,xslF345X03/form4.xml,CIK0000093410-submissions-001.json
2011-05-27,4,0001127602-11-017743,2011-05-25,xslF345X03/form4.xml,CIK0000093410-submissions-001.json
2011-05-27,4,0001127602-11-017742,2011-05-25,xslF345X03/form4.xml,CIK0000093410-submissions-001.json
2011-05-27,4,0001127602-11-017741,2011-05-25,xslF345X03/form4.xml,CIK0000093410-submissions-001.json
2011-05-27,4,0001127602-11-017740,2011-05-25,xslF345X03/form4.xml,CIK0000093410-submissions-001.json
2011-05-27,4,0001127602-11-017739,2011-05-25,xslF345X03/form4.xml,CIK0000093410-submissions-001.json
2011-05-27,4,0001127602-11-017738,2011-05-25,xslF345X03/form4.xml,CIK0000093410-submissions-001.json
2011-05-27,4,0001127602-11-017737,2011-05-25,xslF345X03/form4.xml,CIK0000093410-submissions-001.json
2011-05-27,4,0001127602-11-017736,2011-05-25,xslF345X03/form4.xml,CIK0000093410-submissions-001.json
2011-05-27,4,0001127602-11-017735,2011-05-25,xslF345X03/form4.xml,CIK0000093410-submissions-001.json
2011-05-31,8-K,0000950123-11-055377,2011-05-24,f59338e8vk.htm,CIK0000093410-submissions-001.json
2011-06-01,4,0001127602-11-018075,2011-05-27,xslF345X03/form4.xml,CIK0000093410-submissions-001.json
2011-06-01,4,0001127602-11-018074,2011-05-27,xslF345X03/form4.xml,CIK0000093410-submissions-001.json
2011-06-01,4,0001127602-11-018072,2011-05-27,xslF345X03/form4.xml,CIK0000093410-submissions-001.json
2011-06-01,4,0001127602-11-018070,2011-05-27,xslF345X03/form4.xml,CIK0000093410-submissions-001.json
2011-06-01,8-K,0000950123-11-055687,2011-05-25,f59350e8vk.htm,CIK0000093410-submissions-001.json
2011-06-23,4,0001127602-11-019808,2011-05-19,xslF345X03/form4.xml,CIK0000093410-submissions-001.json
2011-06-27,11-K,0001193125-11-174489,2010-12-31,d11k.htm,CIK0000093410-submissions-001.json
2011-06-27,11-K,0001193125-11-174482,2010-12-31,d11k.htm,CIK0000093410-submissions-001.json
2011-06-27,11-K,0001193125-11-174476,2010-12-31,d11k.htm,CIK0000093410-submissions-001.json
2011-06-29,4,0001127602-11-020067,2011-06-27,xslF345X03/form4.xml,CIK0000093410-submissions-001.json
2011-06-29,4,0001127602-11-020065,2011-06-27,xslF345X03/form4.xml,CIK0000093410-submissions-001.json
2011-06-29,4,0001127602-11-020063,2011-06-27,xslF345X03/form4.xml,CIK0000093410-submissions-001.json
2011-06-29,4,0001127602-11-020061,2011-06-27,xslF345X03/form4.xml,CIK0000093410-submissions-001.json
2011-07-01,4/A,0001127602-11-020318,2011-05-19,xslF345X03/form4a.xml,CIK0000093410-submissions-001.json
2011-07-11,8-K,0001193125-11-185988,2011-07-11,d8k.htm,CIK0000093410-submissions-001.json
2011-07-22,UPLOAD,0000000000-11-044510,,filename1.pdf,CIK0000093410-submissions-001.json
2011-07-29,8-K,0000950123-11-069999,2011-07-29,f59677e8vk.htm,CIK0000093410-submissions-001.json
2011-08-02,4,0001127602-11-022618,2011-08-01,xslF345X03/form4.xml,CIK0000093410-submissions-001.json
2011-08-03,CORRESP,0000950123-11-072442,,filename1.htm,CIK0000093410-submissions-001.json
2011-08-04,10-Q,0000950123-11-072688,2011-06-30,f59221e10vq.htm,CIK0000093410-submissions-001.json
2011-08-04,4,0001127602-11-022790,2011-08-03,xslF345X03/form4.xml,CIK0000093410-submissions-001.json
2011-08-10,4,0001127602-11-023297,2011-08-08,xslF345X03/form4.xml,CIK0000093410-submissions-001.json
2011-08-16,4,0001127602-11-023747,2011-08-12,xslF345X03/form4.xml,CIK0000093410-submissions-001.json
2011-08-30,4,0001127602-11-024492,2011-08-26,xslF345X03/form4.xml,CIK0000093410-submissions-001.json
2011-08-30,4,0001127602-11-024490,2011-08-26,xslF345X03/form4.xml,CIK0000093410-submissions-001.json
2011-08-30,4,0001127602-11-024488,2011-08-26,xslF345X03/form4.xml,CIK0000093410-submissions-001.json
2011-08-30,4,0001127602-11-024486,2011-08-26,xslF345X03/form4.xml,CIK0000093410-submissions-001.json
2011-08-30,4,0001127602-11-024484,2011-08-26,xslF345X03/form4.xml,CIK0000093410-submissions-001.json
2011-09-07,8-K/A,0001193125-11-242112,2011-05-25,d8ka.htm,CIK0000093410-submissions-001.json
2011-09-29,UPLOAD,0000000000-11-057985,,filename1.pdf,CIK0000093410-submissions-001.json
2011-10-11,8-K,0001193125-11-268472,2011-10-11,d242219d8k.htm,CIK0000093410-submissions-001.json
2011-10-28,8-K,0001193125-11-285262,2011-10-28,d248306d8k.htm,CIK0000093410-submissions-001.json
2011-11-01,4,0001127602-11-028112,2011-10-31,xslF345X03/form4.xml,CIK0000093410-submissions-001.json
2011-11-03,10-Q,0001193125-11-294378,2011-09-30,d241403d10q.htm,CIK0000093410-submissions-001.json
2011-11-14,UPLOAD,0000000000-11-065750,,filename1.pdf,CIK0000093410-submissions-001.json
2011-11-30,4,0001127602-11-030773,2011-11-28,xslF345X03/form4.xml,CIK0000093410-submissions-001.json
2011-11-30,4,0001127602-11-030758,2011-11-28,xslF345X03/form4.xml,CIK0000093410-submissions-001.json
2011-11-30,4,0001127602-11-030755,2011-11-28,xslF345X03/form4.xml,CIK0000093410-submissions-001.json
2011-11-30,4,0001127602-11-030752,2011-11-28,xslF345X03/form4.xml,CIK0000093410-submissions-001.json
2011-11-30,4,0001127602-11-030751,2011-11-28,xslF345X03/form4.xml,CIK0000093410-submissions-001.json
2011-12-08,4,0001127602-11-031637,2011-12-06,xslF345X03/form4.xml,CIK0000093410-submissions-001.json
2011-12-08,4,0001127602-11-031636,2011-12-06,xslF345X03/form4.xml,CIK0000093410-submissions-001.json
2011-12-08,4,0001127602-11-031635,2011-12-06,xslF345X03/form4.xml,CIK0000093410-submissions-001.json
2011-12-08,4/A,0001127602-11-031632,2010-01-27,xslF345X03/form4a.xml,CIK0000093410-submissions-001.json
2011-12-12,8-K,0001193125-11-337894,2011-12-06,d268613d8k.htm,CIK0000093410-submissions-001.json
2011-12-20,CORRESP,0001193125-11-347362,,filename1.htm,CIK0000093410-submissions-001.json
2012-01-04,UPLOAD,0000000000-12-000478,,filename1.pdf,CIK0000093410-submissions-001.json
2012-01-05,4,0001127602-12-001035,2012-01-03,xslF345X03/form4.xml,CIK0000093410-submissions-001.json
2012-01-11,8-K,0001193125-12-009352,2012-01-11,d281464d8k.htm,CIK0000093410-submissions-001.json
2012-01-27,4,0001127602-12-002782,2012-01-25,xslF345X03/form4.xml,CIK0000093410-submissions-001.json
2012-01-27,4,0001127602-12-002780,2012-01-25,xslF345X03/form4.xml,CIK0000093410-submissions-001.json
2012-01-27,4,0001127602-12-002778,2012-01-25,xslF345X03/form4.xml,CIK0000093410-submissions-001.json
2012-01-27,4,0001127602-12-002776,2012-01-25,xslF345X03/form4.xml,CIK0000093410-submissions-001.json
2012-01-27,4,0001127602-12-002774,2012-01-25,xslF345X03/form4.xml,CIK0000093410-submissions-001.json
2012-01-27,4,0001127602-12-002772,2012-01-25,xslF345X03/form4.xml,CIK0000093410-submissions-001.json
2012-01-27,4,0001127602-12-002770,2012-01-25,xslF345X03/form4.xml,CIK0000093410-submissions-001.json
2012-01-27,4,0001127602-12-002768,2012-01-25,xslF345X03/form4.xml,CIK0000093410-submissions-001.json
2012-01-27,8-K,0001193125-12-027182,2012-01-25,d290839d8k.htm,CIK0000093410-submissions-001.json
2012-01-27,8-K,0001193125-12-026250,2012-01-27,d288046d8k.htm,CIK0000093410-submissions-001.json
2012-02-13,SC 13G,0001519058-12-000092,,cvx.txt,CIK0000093410-submissions-001.json
2012-02-13,SC 13G/A,0001086364-12-001991,,chevron.corporation..txt,CIK0000093410-submissions-001.json
2012-02-21,4,0001127602-12-007067,2012-02-17,xslF345X03/form4.xml,CIK0000093410-submissions-001.json
2012-02-21,NO ACT,9999999997-12-002123,2012-01-16,9999999997-12-002123.paper,CIK0000093410-submissions-001.json
2012-02-22,4/A,0001127602-12-007445,2012-02-17,xslF345X03/form4a.xml,CIK0000093410-submissions-001.json
2012-02-23,10-K,0000950123-12-002976,2011-12-31,f60351e10vk.htm,CIK0000093410-submissions-001.json
2012-02-28,4,0001127602-12-008465,2012-02-24,xslF345X03/form4.xml,CIK0000093410-submissions-001.json
2012-02-28,4,0001127602-12-008461,2012-02-24,xslF345X03/form4.xml,CIK0000093410-submissions-001.json
2012-02-29,4,0001127602-12-008740,2012-02-27,xslF345X03/form4.xml,CIK0000093410-submissions-001.json
2012-02-29,4,0001127602-12-008739,2012-02-27,xslF345X03/form4.xml,CIK0000093410-submissions-001.json
2012-02-29,4,0001127602-12-008737,2012-02-27,xslF345X03/form4.xml,CIK0000093410-submissions-001.json
2012-02-29,4,0001127602-12-008736,2012-02-27,xslF345X03/form4.xml,CIK0000093410-submissions-001.json
2012-02-29,4,0001127602-12-008735,2012-02-27,xslF345X03/form4.xml,CIK0000093410-submissions-001.json
2012-03-29,8-K,0001193125-12-139980,2012-03-28,d326116d8k.htm,CIK0000093410-submissions-001.json
2012-03-29,DEFA14A,0001193125-12-139982,,d326116d8k.htm,CIK0000093410-submissions-001.json
2012-03-29,DEFA14A,0001193125-12-137916,,d324302ddefa14a.htm,CIK0000093410-submissions-001.json
2012-04-10,8-K,0001193125-12-157329,2012-04-10,d333805d8k.htm,CIK0000093410-submissions-001.json
2012-04-12,DEF 14A,0001193125-12-160701,2012-05-30,d304761ddef14a.htm,CIK0000093410-submissions-001.json
2012-04-12,DEFA14A,0001193125-12-160709,,d304767ddefa14a.htm,CIK0000093410-submissions-001.json
2012-04-12,DEFA14A,0001193125-12-160707,,d304763ddefa14a.htm,CIK0000093410-submissions-001.json
2012-04-12,DEFA14A,0001193125-12-160703,,d304765ddefa14a.htm,CIK0000093410-submissions-001.json
2012-04-17,UPLOAD,0000000000-12-019489,,filename1.pdf,CIK0000093410-submissions-001.json
2012-04-27,8-K,0001193125-12-188424,2012-04-27,d341238d8k.htm,CIK0000093410-submissions-001.json
2012-04-30,CORRESP,0001193125-12-196331,,filename1.htm,CIK0000093410-submissions-001.json
2012-05-01,4,0001127602-12-015186,2012-04-30,xslF345X03/form4.xml,CIK0000093410-submissions-001.json
2012-05-03,10-Q,0001193125-12-207154,2012-03-31,d316080d10q.htm,CIK0000093410-submissions-001.json
2012-05-03,DEFA14A,0001193125-12-205610,,d346685ddefa14a.htm,CIK0000093410-submissions-001.json
2012-05-04,PX14A6G,0001137604-12-000003,,dearshltr.txt,CIK0000093410-submissions-001.json
2012-05-08,UPLOAD,0000000000-12-023941,,filename1.pdf,CIK0000093410-submissions-001.json
2012-05-17,PX14A6G,0001214659-12-002353,,s511121px14a6g.htm,CIK0000093410-submissions-001.json
2012-05-21,DEFA14A,0001193125-12-240820,,d356215ddefa14a.htm,CIK0000093410-submissions-001.json
2012-05-30,4,0001127602-12-018617,2012-05-25,xslF345X03/form4.xml,CIK0000093410-submissions-001.json
2012-05-30,4,0001127602-12-018614,2012-05-25,xslF345X03/form4.xml,CIK0000093410-submissions-001.json
2012-05-30,4,0001127602-12-018612,2012-05-25,xslF345X03/form4.xml,CIK0000093410-submissions-001.json
2012-05-30,4,0001127602-12-018610,2012-05-25,xslF345X03/form4.xml,CIK0000093410-submissions-001.json
2012-05-30,4,0001127602-12-018609,2012-05-25,xslF345X03/form4.xml,CIK0000093410-submissions-001.json
2012-05-31,3,0001127602-12-018699,2012-05-30,xslF345X02/form3.xml,CIK0000093410-submissions-001.json
2012-05-31,4,0001127602-12-018704,2012-05-30,xslF345X03/form4.xml,CIK0000093410-submissions-001.json
2012-05-31,4,0001127602-12-018701,2012-05-30,xslF345X03/form4.xml,CIK0000093410-submissions-001.json
2012-05-31,4,0001127602-12-018700,2012-05-30,xslF345X03/form4.xml,CIK0000093410-submissions-001.json
2012-05-31,4,0001127602-12-018698,2012-05-30,xslF345X03/form4.xml,CIK0000093410-submissions-001.json
2012-05-31,4,0001127602-12-018697,2012-05-30,xslF345X03/form4.xml,CIK0000093410-submissions-001.json
2012-05-31,4,0001127602-12-018696,2012-05-30,xslF345X03/form4.xml,CIK0000093410-submissions-001.json
2012-06-04,8-K,0001193125-12-258753,2012-05-30,d360037d8k.htm,CIK0000093410-submissions-001.json
2012-06-25,11-K,0001193125-12-282263,2011-12-31,d370647d11k.htm,CIK0000093410-submissions-001.json
2012-06-25,11-K,0001193125-12-281959,2011-12-31,d370649d11k.htm,CIK0000093410-submissions-001.json
2012-06-25,11-K,0001193125-12-281950,2011-12-31,d370651d11k.htm,CIK0000093410-submissions-001.json
2012-07-11,8-K,0001193125-12-299835,2012-07-11,d378079d8k.htm,CIK0000093410-submissions-001.json
2012-07-27,8-K,0001193125-12-318280,2012-07-27,d386088d8k.htm,CIK0000093410-submissions-001.json
2012-08-02,10-Q,0001193125-12-330913,2012-06-30,d357441d10q.htm,CIK0000093410-submissions-001.json
2012-08-08,4,0001127602-12-024120,2012-08-06,xslF345X03/form4.xml,CIK0000093410-submissions-001.json
2012-08-27,4,0001127602-12-025183,2012-08-24,xslF345X03/form4.xml,CIK0000093410-submissions-001.json
2012-08-28,4,0001127602-12-025270,2012-08-24,xslF345X03/form4.xml,CIK0000093410-submissions-001.json
2012-08-28,4,0001127602-12-025268,2012-08-24,xslF345X03/form4.xml,CIK0000093410-submissions-001.json
2012-08-28,4,0001127602-12-025266,2012-08-24,xslF345X03/form4.xml,CIK0000093410-submissions-001.json
2012-08-28,4,0001127602-12-025264,2012-08-24,xslF345X03/form4.xml,CIK0000093410-submissions-001.json
2012-08-28,4,0001127602-12-025260,2012-08-24,xslF345X03/form4.xml,CIK0000093410-submissions-001.json
2012-08-28,4,0001127602-12-025258,2012-08-24,xslF345X03/form4.xml,CIK0000093410-submissions-001.json
2012-10-03,8-K,0001193125-12-414046,2012-10-03,d419459d8k.htm,CIK0000093410-submissions-001.json
2012-10-09,8-K,0001193125-12-418692,2012-10-09,d416808d8k.htm,CIK0000093410-submissions-001.json
2012-11-02,8-K,0001193125-12-448052,2012-11-02,d416769d8k.htm,CIK0000093410-submissions-001.json
2012-11-06,10-Q,0000093410-12-000003,2012-09-30,cvx-9302012x10qdoc.htm,CIK0000093410-submissions-001.json
2012-11-06,S-3ASR,0001193125-12-454086,,d428537ds3asr.htm,CIK0000093410-submissions-001.json
2012-11-28,424B3,0001193125-12-482933,,d443192d424b3.htm,CIK0000093410-submissions-001.json
2012-11-29,FWP,0001193125-12-484353,,d443192dfwp.htm,CIK0000093410-submissions-001.json
2012-11-30,424B2,0001193125-12-487316,,d443192d424b2.htm,CIK0000093410-submissions-001.json
2012-12-03,3,0001127602-12-032555,2012-12-01,xslF345X02/form3.xml,CIK0000093410-submissions-001.json
2012-12-03,4,0001127602-12-032556,2012-12-01,xslF345X03/form4.xml,CIK0000093410-submissions-001.json
2012-12-05,4,0001127602-12-033021,2012-12-03,xslF345X03/form4.xml,CIK0000093410-submissions-001.json
2012-12-05,4,0001127602-12-033020,2012-12-03,xslF345X03/form4.xml,CIK0000093410-submissions-001.json
2012-12-05,4,0001127602-12-033019,2012-12-03,xslF345X03/form4.xml,CIK0000093410-submissions-001.json
2012-12-05,4,0001127602-12-033018,2012-12-03,xslF345X03/form4.xml,CIK0000093410-submissions-001.json
2012-12-05,4,0001127602-12-033017,2012-12-03,xslF345X03/form4.xml,CIK0000093410-submissions-001.json
2012-12-05,4,0001127602-12-033016,2012-12-03,xslF345X03/form4.xml,CIK0000093410-submissions-001.json
2012-12-05,8-K,0001193125-12-491813,2012-12-05,d446976d8k.htm,CIK0000093410-submissions-001.json
2013-01-03,4,0001127602-13-000812,2012-12-31,xslF345X03/form4.xml,CIK0000093410-submissions-001.json
2013-01-10,8-K,0001193125-13-009479,2013-01-10,d466014d8k.htm,CIK0000093410-submissions-001.json
2013-01-18,3/A,0001127602-13-002237,2012-05-30,xslF345X02/form3a.xml,CIK0000093410-submissions-001.json
2013-01-28,NO ACT,9999999997-13-000701,2013-01-28,9999999997-13-000701.paper,CIK0000093410-submissions-001.json
2013-01-29,4,0001127602-13-003003,2013-01-27,xslF345X03/form4.xml,CIK0000093410-submissions-001.json
2013-02-01,4,0001127602-13-003664,2013-01-30,xslF345X03/form4.xml,CIK0000093410-submissions-001.json
2013-02-01,4,0001127602-13-003663,2013-01-30,xslF345X03/form4.xml,CIK0000093410-submissions-001.json
2013-02-01,4,0001127602-13-003662,2013-01-30,xslF345X03/form4.xml,CIK0000093410-submissions-001.json
2013-02-01,4,0001127602-13-003661,2013-01-30,xslF345X03/form4.xml,CIK0000093410-submissions-001.json
2013-02-01,4,0001127602-13-003660,2013-01-30,xslF345X03/form4.xml,CIK0000093410-submissions-001.json
2013-02-01,4,0001127602-13-003659,2013-01-30,xslF345X03/form4.xml,CIK0000093410-submissions-001.json
2013-02-01,4,0001127602-13-003658,2013-01-30,xslF345X03/form4.xml,CIK0000093410-submissions-001.json
2013-02-01,4,0001127602-13-003657,2013-01-30,xslF345X03/form4.xml,CIK0000093410-submissions-001.json
2013-02-01,8-K,0001193125-13-033682,2013-02-01,d466012d8k.htm,CIK0000093410-submissions-001.json
2013-02-04,8-K,0001193125-13-036416,2013-01-30,d479080d8k.htm,CIK0000093410-submissions-001.json
2013-02-06,SC 13G/A,0001086364-13-002678,,chevron.corporation..txt,CIK0000093410-submissions-001.json
2013-02-11,SC 13G,0001519058-13-000042,,cvx.txt,CIK0000093410-submissions-001.json
2013-02-22,10-K,0000093410-13-000003,2012-12-31,cvx-123112x10kdoc.htm,CIK0000093410-submissions-001.json
2013-02-28,4,0001127602-13-008508,2013-02-26,xslF345X03/form4.xml,CIK0000093410-submissions-001.json
2013-03-01,8-K,0001193125-13-086837,2013-02-26,d494942d8k.htm,CIK0000093410-submissions-001.json
2013-03-06,4,0001127602-13-009612,2013-03-04,xslF345X03/form4.xml,CIK0000093410-submissions-001.json
2013-03-06,4,0001127602-13-009608,2013-03-04,xslF345X03/form4.xml,CIK0000093410-submissions-001.json
2013-03-06,4,0001127602-13-009601,2013-03-04,xslF345X03/form4.xml,CIK0000093410-submissions-001.json
2013-03-06,4,0001127602-13-009595,2013-03-04,xslF345X03/form4.xml,CIK0000093410-submissions-001.json
2013-03-06,4,0001127602-13-009588,2013-03-04,xslF345X03/form4.xml,CIK0000093410-submissions-001.json
2013-03-07,NO ACT,9999999997-13-004206,2013-01-18,9999999997-13-004206.paper,CIK0000093410-submissions-001.json
2013-03-15,NO ACT,9999999997-13-006004,2013-01-16,9999999997-13-006004.paper,CIK0000093410-submissions-001.json
2013-03-19,NO ACT,9999999997-13-006859,2013-01-18,9999999997-13-006859.paper,CIK0000093410-submissions-001.json
2013-03-29,4,0001127602-13-012397,2013-03-27,xslF345X03/form4.xml,CIK0000093410-submissions-001.json
2013-03-29,4,0001127602-13-012394,2013-03-27,xslF345X03/form4.xml,CIK0000093410-submissions-001.json
2013-04-02,8-K,0001193125-13-138333,2013-03-27,d513955d8k.htm,CIK0000093410-submissions-001.json
2013-04-02,DEFA14A,0001193125-13-138334,,d513955d8k.htm,CIK0000093410-submissions-001.json
2013-04-10,8-K,0001193125-13-149408,2013-04-10,d519440d8k.htm,CIK0000093410-submissions-001.json
2013-04-11,DEF 14A,0001308179-13-000196,2013-04-11,lchevron_def14a.htm,CIK0000093410-submissions-001.json
2013-04-11,DEFA14A,0001308179-13-000199,,lchevron3_defa14a.htm,CIK0000093410-submissions-001.json
2013-04-11,DEFA14A,0001308179-13-000198,,lchevron2_defa14a.htm,CIK0000093410-submissions-001.json
2013-04-11,DEFA14A,0001308179-13-000197,,lchevron1_defa14a.htm,CIK0000093410-submissions-001.json
2013-04-24,PX14A6G,0001214659-13-002202,,j423131px14a6g.htm,CIK0000093410-submissions-001.json
2013-04-26,8-K,0000093410-13-000007,2013-04-26,cvx-03312013x8xkdoc.htm,CIK0000093410-submissions-001.json
2013-05-01,4,0001127602-13-014901,2013-04-29,xslF345X03/form4.xml,CIK0000093410-submissions-001.json
2013-05-02,10-Q,0000093410-13-000010,2013-03-31,cvx-03312013x10qdoc.htm,CIK0000093410-submissions-001.json
2013-05-02,4,0001127602-13-015346,2013-05-01,xslF345X03/form4.xml,CIK0000093410-submissions-001.json
2013-05-02,PX14A6G,0001214659-13-002431,,c51131px14a6g.htm,CIK0000093410-submissions-001.json
2013-05-03,4,0001127602-13-015467,2013-05-01,xslF345X03/form4.xml,CIK0000093410-submissions-001.json
2013-05-07,4,0001127602-13-015882,2013-05-03,xslF345X03/form4.xml,CIK0000093410-submissions-001.json
2013-05-22,4,0001127602-13-017845,2013-05-20,xslF345X03/form4.xml,CIK0000093410-submissions-001.json
2013-05-22,4,0001127602-13-017843,2013-05-21,xslF345X03/form4.xml,CIK0000093410-submissions-001.json
2013-05-22,4,0001127602-13-017841,2013-05-20,xslF345X03/form4.xml,CIK0000093410-submissions-001.json
2013-05-29,4,0001127602-13-018611,2013-05-24,xslF345X03/form4.xml,CIK0000093410-submissions-001.json
2013-05-29,4,0001127602-13-018608,2013-05-24,xslF345X03/form4.xml,CIK0000093410-submissions-001.json
2013-05-29,4,0001127602-13-018606,2013-05-24,xslF345X03/form4.xml,CIK0000093410-submissions-001.json
2013-05-29,4,0001127602-13-018604,2013-05-24,xslF345X03/form4.xml,CIK0000093410-submissions-001.json
2013-05-29,4,0001127602-13-018602,2013-05-24,xslF345X03/form4.xml,CIK0000093410-submissions-001.json
2013-05-31,4,0001127602-13-018907,2013-05-29,xslF345X03/form4.xml,CIK0000093410-submissions-001.json
2013-05-31,4,0001127602-13-018905,2013-05-29,xslF345X03/form4.xml,CIK0000093410-submissions-001.json
2013-05-31,4,0001127602-13-018902,2013-05-29,xslF345X03/form4.xml,CIK0000093410-submissions-001.json
2013-05-31,4,0001127602-13-018900,2013-05-29,xslF345X03/form4.xml,CIK0000093410-submissions-001.json
2013-05-31,4,0001127602-13-018897,2013-05-29,xslF345X03/form4.xml,CIK0000093410-submissions-001.json
2013-05-31,4,0001127602-13-018895,2013-05-29,xslF345X03/form4.xml,CIK0000093410-submissions-001.json
2013-05-31,4,0001127602-13-018892,2013-05-29,xslF345X03/form4.xml,CIK0000093410-submissions-001.json
2013-05-31,4,0001127602-13-018891,2012-06-08,xslF345X03/form4.xml,CIK0000093410-submissions-001.json
2013-05-31,4,0001127602-13-018888,2013-05-29,xslF345X03/form4.xml,CIK0000093410-submissions-001.json
2013-06-04,8-K,0000093410-13-000013,2013-05-29,form8-kannualmeeting.htm,CIK0000093410-submissions-001.json
2013-06-17,424B3,0001193125-13-260600,,d555354d424b3.htm,CIK0000093410-submissions-001.json
2013-06-18,424B2,0001193125-13-262916,,d555354d424b2.htm,CIK0000093410-submissions-001.json
2013-06-18,FWP,0001193125-13-261689,,d555354dfwp.htm,CIK0000093410-submissions-001.json
2013-06-24,8-K,0001193125-13-269164,2013-06-24,d558580d8k.htm,CIK0000093410-submissions-001.json
2013-06-26,11-K,0001193125-13-272668,2012-12-31,d560564d11k.htm,CIK0000093410-submissions-001.json
2013-06-26,11-K,0001193125-13-272178,2012-12-31,d559653d11k.htm,CIK0000093410-submissions-001.json
2013-06-26,11-K,0001193125-13-272174,2012-12-31,d559655d11k.htm,CIK0000093410-submissions-001.json
2013-07-10,8-K,0000093410-13-000015,2013-07-10,form8-k.htm,CIK0000093410-submissions-001.json
2013-07-24,UPLOAD,0000000000-13-040610,,filename1.pdf,CIK0000093410-submissions-001.json
2013-08-02,8-K,0000093410-13-000019,2013-08-02,cvx-06302013x8xkdoc.htm,CIK0000093410-submissions-001.json
2013-08-06,CORRESP,0000093410-13-000022,,filename1.htm,CIK0000093410-submissions-001.json
2013-08-07,10-Q,0000093410-13-000028,2013-06-30,cvx-06302013x10qdoc.htm,CIK0000093410-submissions-001.json
2013-08-07,S-8,0000093410-13-000032,,s-8ltip.htm,CIK0000093410-submissions-001.json
2013-08-07,S-8,0000093410-13-000030,,s-8dcp.htm,CIK0000093410-submissions-001.json
2013-09-04,4,0001127602-13-026598,2013-08-30,xslF345X03/form4.xml,CIK0000093410-submissions-001.json
2013-09-04,4,0001127602-13-026594,2013-08-30,xslF345X03/form4.xml,CIK0000093410-submissions-001.json
2013-09-04,4,0001127602-13-026592,2013-08-30,xslF345X03/form4.xml,CIK0000093410-submissions-001.json
2013-09-04,4,0001127602-13-026590,2013-08-30,xslF345X03/form4.xml,CIK0000093410-submissions-001.json
2013-09-04,4,0001127602-13-026588,2013-08-30,xslF345X03/form4.xml,CIK0000093410-submissions-001.json
2013-10-01,UPLOAD,0000000000-13-054147,,filename1.pdf,CIK0000093410-submissions-001.json
2013-10-09,8-K,0000093410-13-000034,2013-10-09,form8-k.htm,CIK0000093410-submissions-001.json
2013-10-11,CORRESP,0000093410-13-000037,,filename1.htm,CIK0000093410-submissions-001.json
2013-10-25,UPLOAD,0000000000-13-058767,,filename1.pdf,CIK0000093410-submissions-001.json
2013-11-01,8-K,0000093410-13-000042,2013-11-01,cvx-09302013x8xkdoc.htm,CIK0000093410-submissions-001.json
2013-11-08,10-Q,0000093410-13-000045,2013-09-30,cvx-09302013x10qdoc.htm,CIK0000093410-submissions-001.json
2013-12-04,4,0001127602-13-033601,2013-12-02,xslF345X03/form4.xml,CIK0000093410-submissions-001.json
2013-12-04,4,0001127602-13-033586,2013-12-02,xslF345X03/form4.xml,CIK0000093410-submissions-001.json
2013-12-04,4,0001127602-13-033585,2013-12-02,xslF345X03/form4.xml,CIK0000093410-submissions-001.json
2013-12-04,4,0001127602-13-033584,2013-12-02,xslF345X03/form4.xml,CIK0000093410-submissions-001.json
2013-12-04,4,0001127602-13-033583,2013-12-02,xslF345X03/form4.xml,CIK0000093410-submissions-001.json
2013-12-10,4,0001127602-13-034285,2013-12-06,xslF345X03/form4.xml,CIK0000093410-submissions-001.json
2013-12-10,4,0001127602-13-034283,2013-12-06,xslF345X03/form4.xml,CIK0000093410-submissions-001.json
2013-12-13,8-K,0000093410-13-000047,2013-12-11,a1213138-k.htm,CIK0000093410-submissions-001.json
2014-01-07,3,0001127602-14-001483,2014-01-01,xslF345X02/form3.xml,CIK0000093410-submissions-001.json
2014-01-07,3,0001127602-14-001435,2014-01-01,xslF345X02/form3.xml,CIK0000093410-submissions-001.json
2014-01-08,3,0001127602-14-001544,2014-01-01,xslF345X02/form3.xml,CIK0000093410-submissions-001.json
2014-01-09,8-K,0000093410-14-000002,2014-01-09,cvx4q13interimupdate8k.htm,CIK0000093410-submissions-001.json
2014-01-16,3,0001127602-14-002044,2014-01-15,xslF345X02/form3.xml,CIK0000093410-submissions-001.json
2014-01-16,4,0001127602-14-002046,2014-01-15,xslF345X03/form4.xml,CIK0000093410-submissions-001.json
2014-01-28,4,0001127602-14-003093,2014-01-26,xslF345X03/form4.xml,CIK0000093410-submissions-001.json
2014-01-28,4,0001127602-14-003087,2014-01-26,xslF345X03/form4.xml,CIK0000093410-submissions-001.json
2014-01-28,4,0001127602-14-003083,2014-01-26,xslF345X03/form4.xml,CIK0000093410-submissions-001.json
2014-01-28,4,0001127602-14-003080,2014-01-26,xslF345X03/form4.xml,CIK0000093410-submissions-001.json
2014-01-28,NO ACT,9999999997-14-001090,2014-01-28,9999999997-14-001090.paper,CIK0000093410-submissions-001.json
2014-01-31,4,0001127602-14-003643,2014-01-29,xslF345X03/form4.xml,CIK0000093410-submissions-001.json
2014-01-31,4,0001127602-14-003640,2014-01-29,xslF345X03/form4.xml,CIK0000093410-submissions-001.json
2014-01-31,4,0001127602-14-003638,2014-01-29,xslF345X03/form4.xml,CIK0000093410-submissions-001.json
2014-01-31,4,0001127602-14-003636,2014-01-29,xslF345X03/form4.xml,CIK0000093410-submissions-001.json
2014-01-31,4,0001127602-14-003632,2014-01-29,xslF345X03/form4.xml,CIK0000093410-submissions-001.json
2014-01-31,4,0001127602-14-003627,2014-01-29,xslF345X03/form4.xml,CIK0000093410-submissions-001.json
2014-01-31,4,0001127602-14-003621,2014-01-29,xslF345X03/form4.xml,CIK0000093410-submissions-001.json
2014-01-31,4,0001127602-14-003617,2014-01-29,xslF345X03/form4.xml,CIK0000093410-submissions-001.json
2014-01-31,4,0001127602-14-003606,2014-01-29,xslF345X03/form4.xml,CIK0000093410-submissions-001.json
2014-01-31,4,0001127602-14-003603,2014-01-29,xslF345X03/form4.xml,CIK0000093410-submissions-001.json
2014-01-31,8-K,0000093410-14-000007,2014-01-29,form8k.htm,CIK0000093410-submissions-001.json
2014-01-31,8-K,0000093410-14-000006,2014-01-31,cvx-12312013x8xkdoc.htm,CIK0000093410-submissions-001.json
2014-02-03,SC 13G,0001519058-14-000043,,cvx.txt,CIK0000093410-submissions-001.json
2014-02-04,SC 13G/A,0001086364-14-002021,,chevron.corporation..txt,CIK0000093410-submissions-001.json
2014-02-12,SC 13G,0000932471-14-004088,,chevroncorp.htm,CIK0000093410-submissions-001.json
2014-02-13,4,0001127602-14-006241,2014-02-12,xslF345X03/form4.xml,CIK0000093410-submissions-001.json
2014-02-18,4,0001127602-14-006858,2014-02-14,xslF345X03/form4.xml,CIK0000093410-submissions-001.json
2014-02-21,10-K,0000093410-14-000011,2013-12-31,cvx-123113x10kdoc.htm,CIK0000093410-submissions-001.json
2014-03-05,4,0001127602-14-010311,2014-03-03,xslF345X03/form4.xml,CIK0000093410-submissions-001.json
2014-03-05,4,0001127602-14-010309,2014-03-03,xslF345X03/form4.xml,CIK0000093410-submissions-001.json
2014-03-05,4,0001127602-14-010307,2014-03-03,xslF345X03/form4.xml,CIK0000093410-submissions-001.json
2014-03-05,4,0001127602-14-010302,2014-03-03,xslF345X03/form4.xml,CIK0000093410-submissions-001.json
2014-03-11,NO ACT,9999999997-14-002998,2014-01-20,9999999997-14-002998.paper,CIK0000093410-submissions-001.json
2014-03-13,NO ACT,9999999997-14-003041,2014-01-20,9999999997-14-003041.paper,CIK0000093410-submissions-001.json
2014-03-27,NO ACT,9999999997-14-006738,1999-01-20,9999999997-14-006738.paper,CIK0000093410-submissions-001.json
2014-03-28,8-K,0000093410-14-000014,2014-03-26,cvx32614form8k.htm,CIK0000093410-submissions-001.json
2014-04-09,8-K,0000093410-14-000017,2014-04-09,cvx1q14interimupdate8k.htm,CIK0000093410-submissions-001.json
2014-04-10,DEF 14A,0001193125-14-138322,2014-05-28,d660116ddef14a.htm,CIK0000093410-submissions-001.json
2014-04-10,DEFA14A,0001193125-14-138342,,d710613ddefa14a.htm,CIK0000093410-submissions-001.json
2014-04-10,DEFA14A,0001193125-14-138337,,d707822ddefa14a.htm,CIK0000093410-submissions-001.json
2014-04-10,DEFA14A,0001193125-14-138334,,d707790ddefa14a.htm,CIK0000093410-submissions-001.json
2014-04-11,UPLOAD,0000000000-14-018496,,filename1.pdf,CIK0000093410-submissions-001.json
2014-04-22,PX14A6G,0001214659-14-002925,,m422140px14a6g.htm,CIK0000093410-submissions-001.json
2014-04-24,CORRESP,0000093410-14-000019,,filename1.htm,CIK0000093410-submissions-001.json
2014-05-01,UPLOAD,0000000000-14-022255,,filename1.pdf,CIK0000093410-submissions-001.json
2014-05-02,10-Q,0000093410-14-000024,2014-03-31,cvx-03312014x10qdoc.htm,CIK0000093410-submissions-001.json
2014-05-02,8-K,0000093410-14-000023,2014-05-02,cvx-03312014x8xkdoc.htm,CIK0000093410-submissions-001.json
2014-05-08,4,0001127602-14-016866,2014-05-06,xslF345X03/form4.xml,CIK0000093410-submissions-001.json
2014-05-14,4,0001127602-14-017472,2014-05-12,xslF345X03/form4.xml,CIK0000093410-submissions-001.json
2014-05-30,4,0001127602-14-019194,2014-05-28,xslF345X03/form4.xml,CIK0000093410-submissions-001.json
2014-05-30,4,0001127602-14-019192,2014-05-28,xslF345X03/form4.xml,CIK0000093410-submissions-001.json
2014-05-30,4,0001127602-14-019190,2014-05-28,xslF345X03/form4.xml,CIK0000093410-submissions-001.json
2014-05-30,4,0001127602-14-019188,2014-05-28,xslF345X03/form4.xml,CIK0000093410-submissions-001.json
2014-05-30,4,0001127602-14-019186,2014-05-28,xslF345X03/form4.xml,CIK0000093410-submissions-001.json
2014-05-30,4,0001127602-14-019182,2014-05-28,xslF345X03/form4.xml,CIK0000093410-submissions-001.json
2014-05-30,4,0001127602-14-019180,2014-05-28,xslF345X03/form4.xml,CIK0000093410-submissions-001.json
2014-05-30,4,0001127602-14-019178,2014-05-28,xslF345X03/form4.xml,CIK0000093410-submissions-001.json
2014-05-30,4,0001127602-14-019175,2014-05-28,xslF345X03/form4.xml,CIK0000093410-submissions-001.json
2014-05-30,4,0001127602-14-019173,2014-05-28,xslF345X03/form4.xml,CIK0000093410-submissions-001.json
2014-05-30,SD,0000093410-14-000027,,formsd5-30x14conflictminer.htm,CIK0000093410-submissions-001.json
2014-06-03,4,0001127602-14-019825,2014-06-02,xslF345X03/form4.xml,CIK0000093410-submissions-001.json
2014-06-03,4,0001127602-14-019823,2014-06-02,xslF345X03/form4.xml,CIK0000093410-submissions-001.json
2014-06-03,4,0001127602-14-019821,2014-06-02,xslF345X03/form4.xml,CIK0000093410-submissions-001.json
2014-06-03,4,0001127602-14-019819,2014-06-02,xslF345X03/form4.xml,CIK0000093410-submissions-001.json
2014-06-03,8-K,0000093410-14-000029,2014-05-28,form8-k.htm,CIK0000093410-submissions-001.json
2014-06-27,11-K,0000093410-14-000036,2013-12-31,cmitaxdeferred11-k.htm,CIK0000093410-submissions-001.json
2014-06-27,11-K,0000093410-14-000035,2013-12-31,form11-kcmiwwa.htm,CIK0000093410-submissions-001.json
2014-06-27,11-K,0000093410-14-000034,2013-12-31,form11-kesip.htm,CIK0000093410-submissions-001.json
2014-07-10,8-K,0000093410-14-000038,2014-07-10,cvx2q14interimupdate8k.htm,CIK0000093410-submissions-001.json
2014-08-01,8-K,0000093410-14-000040,2014-08-01,cvx-06302014x8xkdoc.htm,CIK0000093410-submissions-001.json
2014-08-06,10-Q,0000093410-14-000042,2014-06-30,cvx-06302014x10qdoc.htm,CIK0000093410-submissions-001.json
2014-08-08,4,0001127602-14-025031,2014-08-06,xslF345X03/form4.xml,CIK0000093410-submissions-001.json
2014-08-14,8-K,0000093410-14-000044,2014-08-14,cvx814148-k.htm,CIK0000093410-submissions-001.json
2014-09-03,4,0001127602-14-027064,2014-08-29,xslF345X03/form4.xml,CIK0000093410-submissions-001.json
2014-09-03,4,0001127602-14-027062,2014-08-29,xslF345X03/form4.xml,CIK0000093410-submissions-001.json
2014-09-03,4,0001127602-14-027060,2014-08-29,xslF345X03/form4.xml,CIK0000093410-submissions-001.json
2014-09-03,4,0001127602-14-027058,2014-08-29,xslF345X03/form4.xml,CIK0000093410-submissions-001.json
2014-09-03,4,0001127602-14-027056,2014-08-29,xslF345X03/form4.xml,CIK0000093410-submissions-001.json
2014-10-31,8-K,0000093410-14-000046,2014-10-31,cvx-09302014x8xkdoc.htm,CIK0000093410-submissions-001.json
2014-11-07,10-Q,0000093410-14-000049,2014-09-30,cvx-09302014x10qdoc.htm,CIK0000093410-submissions-001.json
2014-11-10,424B3,0001193125-14-404854,,d816793d424b3.htm,CIK0000093410-submissions-001.json
2014-11-12,424B2,0001193125-14-409331,,d816793d424b2.htm,CIK0000093410-submissions-001.json
2014-11-12,FWP,0001193125-14-406652,,d819508dfwp.htm,CIK0000093410-submissions-001.json
2014-11-18,8-K,0001193125-14-416778,2014-11-18,d822071d8k.htm,CIK0000093410-submissions-001.json
2014-12-01,4,0001127602-14-033751,2014-11-26,xslF345X03/form4.xml,CIK0000093410-submissions-001.json
2014-12-03,4,0001127602-14-034082,2014-12-01,xslF345X03/form4.xml,CIK0000093410-submissions-001.json
2014-12-03,4,0001127602-14-034080,2014-12-01,xslF345X03/form4.xml,CIK0000093410-submissions-001.json
2014-12-03,4,0001127602-14-034078,2014-12-01,xslF345X03/form4.xml,CIK0000093410-submissions-001.json
2014-12-03,4,0001127602-14-034076,2014-12-01,xslF345X03/form4.xml,CIK0000093410-submissions-001.json
2014-12-09,4,0001127602-14-034650,2014-12-06,xslF345X03/form4.xml,CIK0000093410-submissions-001.json
2014-12-11,3,0001127602-14-034799,2014-12-10,xslF345X02/form3.xml,CIK0000093410-submissions-001.json
2014-12-11,4,0001127602-14-034805,2014-12-10,xslF345X03/form4.xml,CIK0000093410-submissions-001.json
2014-12-12,8-K,0000093410-14-000051,2014-12-10,cvx1212148-k.htm,CIK0000093410-submissions-001.json
2015-01-05,4,0001127602-15-000548,2014-12-31,xslF345X03/form4.xml,CIK0000093410-submissions-001.json
2015-01-29,3,0001127602-15-003229,2015-01-28,xslF345X02/form3.xml,CIK0000093410-submissions-001.json
2015-01-29,4,0001127602-15-003232,2015-01-28,xslF345X03/form4.xml,CIK0000093410-submissions-001.json
2015-01-30,4,0001127602-15-003557,2015-01-28,xslF345X03/form4.xml,CIK0000093410-submissions-001.json
2015-01-30,4,0001127602-15-003555,2015-01-28,xslF345X03/form4.xml,CIK0000093410-submissions-001.json
2015-01-30,4,0001127602-15-003553,2015-01-28,xslF345X03/form4.xml,CIK0000093410-submissions-001.json
2015-01-30,4,0001127602-15-003551,2015-01-28,xslF345X03/form4.xml,CIK0000093410-submissions-001.json
2015-01-30,4,0001127602-15-003549,2015-01-28,xslF345X03/form4.xml,CIK0000093410-submissions-001.json
2015-01-30,4,0001127602-15-003547,2015-01-28,xslF345X03/form4.xml,CIK0000093410-submissions-001.json
2015-01-30,4,0001127602-15-003545,2015-01-28,xslF345X03/form4.xml,CIK0000093410-submissions-001.json
2015-01-30,4,0001127602-15-003543,2015-01-28,xslF345X03/form4.xml,CIK0000093410-submissions-001.json
2015-01-30,4,0001127602-15-003541,2015-01-28,xslF345X03/form4.xml,CIK0000093410-submissions-001.json
2015-01-30,4,0001127602-15-003539,2015-01-28,xslF345X03/form4.xml,CIK0000093410-submissions-001.json
2015-01-30,8-K,0000093410-15-000003,2015-01-30,cvx-12312014x8xkdoc.htm,CIK0000093410-submissions-001.json
2015-02-03,8-K,0000093410-15-000005,2015-01-28,cvx23158-k.htm,CIK0000093410-submissions-001.json
2015-02-09,SC 13G/A,0000215457-15-000140,,chevron.corp.txt,CIK0000093410-submissions-001.json
2015-02-11,SC 13G/A,0000932471-15-004756,,chevroncorp.htm,CIK0000093410-submissions-001.json
2015-02-12,SC 13G,0001519058-15-000094,,cvx.txt,CIK0000093410-submissions-001.json
2015-02-17,NO ACT,9999999997-15-001447,2015-02-17,9999999997-15-001447.paper,CIK0000093410-submissions-001.json
2015-02-20,10-K,0000093410-15-000010,2014-12-31,cvx-123114x10kdoc.htm,CIK0000093410-submissions-001.json
2015-02-20,S-8,0000093410-15-000013,,a2202015s-8esip.htm,CIK0000093410-submissions-001.json
2015-02-20,S-8 POS,0000093410-15-000011,,a2202015s-8pos.htm,CIK0000093410-submissions-001.json
2015-02-23,NO ACT,9999999997-15-002569,2015-01-19,9999999997-15-002569.paper,CIK0000093410-submissions-001.json
2015-02-24,424B3,0001193125-15-059234,,d878867d424b3.htm,CIK0000093410-submissions-001.json
2015-02-25,FWP,0001193125-15-060628,,d881015dfwp.htm,CIK0000093410-submissions-001.json
2015-02-26,424B2,0001193125-15-063368,,d878867d424b2.htm,CIK0000093410-submissions-001.json
2015-03-03,8-K,0001193125-15-075230,2015-03-03,d882506d8k.htm,CIK0000093410-submissions-001.json
2015-03-04,4,0001127602-15-010132,2015-03-02,xslF345X03/form4.xml,CIK0000093410-submissions-001.json
2015-03-04,4,0001127602-15-010129,2015-03-02,xslF345X03/form4.xml,CIK0000093410-submissions-001.json
2015-03-04,4,0001127602-15-010127,2015-03-02,xslF345X03/form4.xml,CIK0000093410-submissions-001.json
2015-03-04,4,0001127602-15-010121,2015-03-02,xslF345X03/form4.xml,CIK0000093410-submissions-001.json
2015-03-04,4,0001127602-15-010119,2015-03-02,xslF345X03/form4.xml,CIK0000093410-submissions-001.json
2015-03-04,NO ACT,9999999997-15-005597,2015-01-14,9999999997-15-005597.paper,CIK0000093410-submissions-001.json
2015-03-09,NO ACT,9999999997-15-005659,2015-01-16,9999999997-15-005659.paper,CIK0000093410-submissions-001.json
2015-03-12,NO ACT,9999999997-15-005681,2015-01-19,9999999997-15-005681.paper,CIK0000093410-submissions-001.json
2015-03-31,8-K,0000093410-15-000015,2015-03-25,a331158-k.htm,CIK0000093410-submissions-001.json
2015-04-08,3,0001127602-15-014218,2015-04-01,xslF345X02/form3.xml,CIK0000093410-submissions-001.json
2015-04-09,DEF 14A,0001193125-15-123775,2015-05-27,d858886ddef14a.htm,CIK0000093410-submissions-001.json
2015-04-09,DEFA14A,0001193125-15-123797,,d905725ddefa14a.htm,CIK0000093410-submissions-001.json
2015-04-09,DEFA14A,0001193125-15-123788,,d905692ddefa14a.htm,CIK0000093410-submissions-001.json
2015-04-09,DEFA14A,0001193125-15-123784,,d905786ddefa14a.htm,CIK0000093410-submissions-001.json
2015-04-16,PX14A6G,0001214659-15-003122,,c416150px14a6g.htm,CIK0000093410-submissions-001.json
2015-04-16,PX14A6G,0001214659-15-003116,,n415153px14a6g.htm,CIK0000093410-submissions-001.json
2015-04-20,PX14A6G,0001214659-15-003149,,f417152px14a6g.htm,CIK0000093410-submissions-001.json
2015-05-01,8-K,0000093410-15-000017,2015-05-01,cvx-03312015x8xkdoc.htm,CIK0000093410-submissions-001.json
2015-05-01,PX14A6G,0001214659-15-003508,,j51150px14a6g.htm,CIK0000093410-submissions-001.json
2015-05-05,PX14A6G,0001140361-15-017699,,formpx14a6g.htm,CIK0000093410-submissions-001.json
2015-05-07,10-Q,0000093410-15-000020,2015-03-31,cvx-03312015x10qdoc.htm,CIK0000093410-submissions-001.json
2015-05-11,DEFA14A,0001193125-15-182014,,d923216ddefa14a.htm,CIK0000093410-submissions-001.json
2015-05-12,4,0001127602-15-017028,2015-05-11,xslF345X03/form4.xml,CIK0000093410-submissions-001.json
2015-05-21,SD,0000093410-15-000022,,formsd52115.htm,CIK0000093410-submissions-001.json
2015-05-29,4,0001127602-15-019031,2015-05-27,xslF345X03/form4.xml,CIK0000093410-submissions-001.json
2015-05-29,4,0001127602-15-019029,2015-05-27,xslF345X03/form4.xml,CIK0000093410-submissions-001.json
2015-05-29,4,0001127602-15-018943,2015-05-27,xslF345X03/form4.xml,CIK0000093410-submissions-001.json
2015-05-29,4,0001127602-15-018941,2015-05-27,xslF345X03/form4.xml,CIK0000093410-submissions-001.json
2015-05-29,4,0001127602-15-018939,2015-05-27,xslF345X03/form4.xml,CIK0000093410-submissions-001.json
2015-05-29,4,0001127602-15-018937,2015-05-27,xslF345X03/form4.xml,CIK0000093410-submissions-001.json
2015-05-29,4,0001127602-15-018935,2015-05-27,xslF345X03/form4.xml,CIK0000093410-submissions-001.json
2015-05-29,4,0001127602-15-018934,2015-05-27,xslF345X03/form4.xml,CIK0000093410-submissions-001.json
2015-05-29,4,0001127602-15-018932,2015-05-27,xslF345X03/form4.xml,CIK0000093410-submissions-001.json
2015-05-29,4,0001127602-15-018930,2015-05-27,xslF345X03/form4.xml,CIK0000093410-submissions-001.json
2015-05-29,4,0001127602-15-018927,2015-05-27,xslF345X03/form4.xml,CIK0000093410-submissions-001.json
2015-05-29,4/A,0001127602-15-019027,2015-05-11,xslF345X03/form4a.xml,CIK0000093410-submissions-001.json
2015-06-02,8-K,0000093410-15-000024,2015-05-27,a62158-k.htm,CIK0000093410-submissions-001.json
2015-06-03,4,0001127602-15-019768,2015-06-01,xslF345X03/form4.xml,CIK0000093410-submissions-001.json
2015-06-03,4,0001127602-15-019766,2015-06-01,xslF345X03/form4.xml,CIK0000093410-submissions-001.json
2015-06-03,4,0001127602-15-019764,2015-06-01,xslF345X03/form4.xml,CIK0000093410-submissions-001.json
2015-06-03,4,0001127602-15-019762,2015-06-01,xslF345X03/form4.xml,CIK0000093410-submissions-001.json
2015-06-05,4/A,0001127602-15-019976,2015-05-27,xslF345X03/form4a.xml,CIK0000093410-submissions-001.json
2015-06-26,11-K,0000093410-15-000026,2014-12-31,a2015form11-k.htm,CIK0000093410-submissions-001.json
2015-07-31,8-K,0000093410-15-000028,2015-07-31,cvx-06302015x8xkdoc.htm,CIK0000093410-submissions-001.json
2015-08-05,10-Q,0000093410-15-000031,2015-06-30,cvx-06302015x10qdoc.htm,CIK0000093410-submissions-001.json
2015-08-05,S-3ASR,0001193125-15-278468,,d35290ds3asr.htm,CIK0000093410-submissions-001.json
2015-08-06,4,0001127602-15-024374,2015-08-05,xslF345X03/form4.xml,CIK0000093410-submissions-001.json
2015-08-11,4,0001127602-15-024656,2015-08-07,xslF345X03/form4.xml,CIK0000093410-submissions-001.json
2015-08-20,4,0001127602-15-025503,2015-08-18,xslF345X03/form4.xml,CIK0000093410-submissions-001.json
2015-08-24,4,0001127602-15-025742,2015-08-21,xslF345X03/form4.xml,CIK0000093410-submissions-001.json
2015-08-26,4,0001127602-15-025891,2015-08-24,xslF345X03/form4.xml,CIK0000093410-submissions-001.json
2015-08-26,4,0001127602-15-025888,2015-08-24,xslF345X03/form4.xml,CIK0000093410-submissions-001.json
2015-08-28,4,0001127602-15-026123,2015-08-26,xslF345X03/form4.xml,CIK0000093410-submissions-001.json
2015-09-01,4,0001127602-15-026315,2015-08-28,xslF345X03/form4.xml,CIK0000093410-submissions-001.json
2015-09-01,4,0001127602-15-026312,2015-08-28,xslF345X03/form4.xml,CIK0000093410-submissions-001.json
2015-09-01,4,0001127602-15-026309,2015-08-28,xslF345X03/form4.xml,CIK0000093410-submissions-001.json
2015-09-01,4,0001127602-15-026304,2015-08-28,xslF345X03/form4.xml,CIK0000093410-submissions-001.json
2015-09-30,8-K,0000093410-15-000033,2015-09-30,a20150930form8-k.htm,CIK0000093410-submissions-001.json
2015-10-30,8-K,0000093410-15-000035,2015-10-30,cvx-09302015x8xkdoc.htm,CIK0000093410-submissions-001.json
2015-11-03,4,0001127602-15-030110,2015-11-02,xslF345X03/form4.xml,CIK0000093410-submissions-001.json
2015-11-06,10-Q,0000093410-15-000038,2015-09-30,cvx-09302015x10qdoc.htm,CIK0000093410-submissions-001.json
2015-11-09,424B3,0001193125-15-371104,,d55920d424b3.htm,CIK0000093410-submissions-001.json
2015-11-10,FWP,0001193125-15-372672,,d55920dfwp.htm,CIK0000093410-submissions-001.json
2015-11-12,424B2,0001193125-15-373805,,d55920d424b2.htm,CIK0000093410-submissions-001.json
2015-11-18,8-K,0001193125-15-380774,2015-11-17,d13081d8k.htm,CIK0000093410-submissions-001.json
2015-11-20,4,0001127602-15-032130,2015-11-19,xslF345X03/form4.xml,CIK0000093410-submissions-001.json
2015-12-01,4,0001127602-15-032888,2015-11-30,xslF345X03/form4.xml,CIK0000093410-submissions-001.json
2015-12-01,4,0001127602-15-032886,2015-11-30,xslF345X03/form4.xml,CIK0000093410-submissions-001.json
2015-12-01,4,0001127602-15-032881,2015-11-30,xslF345X03/form4.xml,CIK0000093410-submissions-001.json
2015-12-08,4,0001127602-15-033573,2015-12-04,xslF345X03/form4.xml,CIK0000093410-submissions-001.json
2015-12-08,4,0001127602-15-033571,2015-12-04,xslF345X03/form4.xml,CIK0000093410-submissions-001.json
2015-12-08,4,0001127602-15-033569,2015-12-04,xslF345X03/form4.xml,CIK0000093410-submissions-001.json
2016-01-28,NO ACT,9999999997-16-016608,2016-01-27,9999999997-16-016608.paper,CIK0000093410-submissions-001.json
2016-01-29,4,0001127602-16-038589,2016-01-27,xslF345X03/form4.xml,CIK0000093410-submissions-001.json
2016-01-29,4,0001127602-16-038587,2016-01-27,xslF345X03/form4.xml,CIK0000093410-submissions-001.json
2016-01-29,4,0001127602-16-038585,2016-01-27,xslF345X03/form4.xml,CIK0000093410-submissions-001.json
2016-01-29,4,0001127602-16-038583,2016-01-27,xslF345X03/form4.xml,CIK0000093410-submissions-001.json
2016-01-29,4,0001127602-16-038581,2016-01-27,xslF345X03/form4.xml,CIK0000093410-submissions-001.json
2016-01-29,4,0001127602-16-038579,2016-01-27,xslF345X03/form4.xml,CIK0000093410-submissions-001.json
2016-01-29,4,0001127602-16-038576,2016-01-27,xslF345X03/form4.xml,CIK0000093410-submissions-001.json
2016-01-29,4,0001127602-16-038574,2016-01-27,xslF345X03/form4.xml,CIK0000093410-submissions-001.json
2016-01-29,8-K,0000093410-16-000040,2016-01-29,cvx-12312015x8xkdoc.htm,CIK0000093410-submissions-001.json
2016-01-29,8-K/A,0000093410-16-000043,2016-01-29,cvx1231158kadoc.htm,CIK0000093410-submissions-001.json
2016-02-02,8-K,0000093410-16-000045,2016-01-27,a20160127form8-k.htm,CIK0000093410-submissions-001.json
2016-02-10,4,0001127602-16-040401,2016-02-08,xslF345X03/form4.xml,CIK0000093410-submissions-001.json
2016-02-10,SC 13G/A,0000215457-16-005500,,chevron.corp.2015.txt,CIK0000093410-submissions-001.json
2016-02-11,SC 13G/A,0000932471-16-011974,,chevroncorp.htm,CIK0000093410-submissions-001.json
2016-02-12,SC 13G,0000093751-16-000317,,CVX_20151231.txt,CIK0000093410-submissions-001.json
2016-02-24,NO ACT,9999999997-16-019672,2016-01-14,9999999997-16-019672.paper,CIK0000093410-submissions-001.json
2016-02-25,10-K,0000093410-16-000049,2015-12-31,cvx-123115x10kdoc.htm,CIK0000093410-submissions-001.json
2016-03-02,4,0001127602-16-044545,2016-02-29,xslF345X03/form4.xml,CIK0000093410-submissions-001.json
2016-03-02,4,0001127602-16-044497,2016-02-29,xslF345X03/form4.xml,CIK0000093410-submissions-001.json
2016-03-02,4,0001127602-16-044490,2016-02-29,xslF345X03/form4.xml,CIK0000093410-submissions-001.json
2016-03-11,NO ACT,9999999997-16-021170,2016-01-15,9999999997-16-021170.paper,CIK0000093410-submissions-001.json
2016-03-21,NO ACT,9999999997-16-021824,2016-01-15,9999999997-16-021824.paper,CIK0000093410-submissions-001.json
2016-03-23,NO ACT,9999999997-16-022326,2016-01-15,9999999997-16-022326.paper,CIK0000093410-submissions-001.json
2016-04-04,8-K,0000093410-16-000051,2016-03-30,a20160330form8-kneosalarya.htm,CIK0000093410-submissions-001.json
2016-04-07,DEF 14A,0001193125-16-533382,2016-05-25,d117593ddef14a.htm,CIK0000093410-submissions-001.json
2016-04-07,DEFA14A,0001193125-16-533392,,d165375ddefa14a.htm,CIK0000093410-submissions-001.json
2016-04-07,DEFA14A,0001193125-16-533388,,d157304ddefa14a.htm,CIK0000093410-submissions-001.json
2016-04-07,DEFA14A,0001193125-16-533385,,d169822ddefa14a.htm,CIK0000093410-submissions-001.json
2016-04-14,PX14A6G,0001214659-16-010877,,j414160px14a6g.htm,CIK0000093410-submissions-001.json
2016-04-22,PX14A6G,0001085146-16-003509,,hermeseos_cvxgignmemor.htm,CIK0000093410-submissions-001.json
2016-04-29,8-K,0000093410-16-000053,2016-04-29,cvx-03312016x8xkdoc.htm,CIK0000093410-submissions-001.json
2016-05-03,8-K,0001193125-16-574355,2016-04-27,d163742d8k.htm,CIK0000093410-submissions-001.json
2016-05-03,DEFA14A,0001193125-16-574357,,d186667ddefa14a.htm,CIK0000093410-submissions-001.json
2016-05-04,4,0001127602-16-051082,2016-05-02,xslF345X03/form4.xml,CIK0000093410-submissions-001.json
2016-05-05,10-Q,0000093410-16-000056,2016-03-31,cvx-03312016x10qdoc.htm,CIK0000093410-submissions-001.json
2016-05-05,PX14A6G,0001214659-16-011262,,g54160px14a6g.htm,CIK0000093410-submissions-001.json
2016-05-09,424B3,0001193125-16-582870,,d117223d424b3.htm,CIK0000093410-submissions-001.json
2016-05-09,DEFA14A,0001193125-16-583512,,d175442ddefa14a.htm,CIK0000093410-submissions-001.json
2016-05-09,DEFA14A,0001193125-16-583504,,d175451ddefa14a.htm,CIK0000093410-submissions-001.json
2016-05-10,424B2,0001193125-16-585843,,d117223d424b2.htm,CIK0000093410-submissions-001.json
2016-05-10,FWP,0001193125-16-584271,,d117223dfwp.htm,CIK0000093410-submissions-001.json
2016-05-11,PX14A6G,0001214659-16-011452,,d511161px14a6g.htm,CIK0000093410-submissions-001.json
2016-05-12,DEFA14A,0001193125-16-589089,,d192156ddefa14a.htm,CIK0000093410-submissions-001.json
2016-05-17,8-K,0001193125-16-593325,2016-05-16,d193649d8k.htm,CIK0000093410-submissions-001.json
2016-05-18,PX14A6G,0001140361-16-066133,,formpx14a6g.htm,CIK0000093410-submissions-001.json
2016-05-19,SD,0000093410-16-000058,,formsd51916.htm,CIK0000093410-submissions-001.json
2016-05-24,PX14A6G,0001214659-16-011732,,n523160px14a6g.htm,CIK0000093410-submissions-001.json
2016-05-27,4,0001127602-16-053819,2016-05-25,xslF345X03/form4.xml,CIK0000093410-submissions-001.json
2016-05-27,4,0001127602-16-053803,2016-05-25,xslF345X03/form4.xml,CIK0000093410-submissions-001.json
2016-05-27,4,0001127602-16-053801,2016-05-25,xslF345X03/form4.xml,CIK0000093410-submissions-001.json
2016-05-27,4,0001127602-16-053799,2016-05-25,xslF345X03/form4.xml,CIK0000093410-submissions-001.json
2016-05-27,4,0001127602-16-053797,2016-05-25,xslF345X03/form4.xml,CIK0000093410-submissions-001.json
2016-05-27,4,0001127602-16-053795,2016-05-25,xslF345X03/form4.xml,CIK0000093410-submissions-001.json
2016-05-27,4,0001127602-16-053793,2016-05-25,xslF345X03/form4.xml,CIK0000093410-submissions-001.json
2016-05-27,4,0001127602-16-053791,2016-05-25,xslF345X03/form4.xml,CIK0000093410-submissions-001.json
2016-05-27,4,0001127602-16-053789,2016-05-25,xslF345X03/form4.xml,CIK0000093410-submissions-001.json
2016-06-01,4,0001127602-16-054106,2016-05-27,xslF345X03/form4.xml,CIK0000093410-submissions-001.json
2016-06-01,4,0001127602-16-054104,2016-05-27,xslF345X03/form4.xml,CIK0000093410-submissions-001.json
2016-06-01,4,0001127602-16-054102,2016-05-27,xslF345X03/form4.xml,CIK0000093410-submissions-001.json
2016-06-01,8-K,0000093410-16-000060,2016-05-25,a20160525form8-kasmvoteres.htm,CIK0000093410-submissions-001.json
2016-06-27,11-K,0000093410-16-000062,2015-12-31,a2016form11-k.htm,CIK0000093410-submissions-001.json
2016-07-29,8-K,0000093410-16-000064,2016-07-29,cvx-06302016x8xkdoc.htm,CIK0000093410-submissions-001.json
2016-08-03,4,0001127602-16-059410,2016-08-01,xslF345X03/form4.xml,CIK0000093410-submissions-001.json
2016-08-04,10-Q,0000093410-16-000070,2016-06-30,cvx-06302016x10qdoc.htm,CIK0000093410-submissions-001.json
2016-08-04,4,0001127602-16-059492,2016-08-02,xslF345X03/form4.xml,CIK0000093410-submissions-001.json
2016-08-04,S-8,0000093410-16-000072,,s-8ned080416.htm,CIK0000093410-submissions-001.json
2016-08-04,S-8,0000093410-16-000071,,s-8dcp080416.htm,CIK0000093410-submissions-001.json
2016-08-09,8-K,0000093410-16-000074,2016-08-08,a20160808form8-kxmoyoaustin.htm,CIK0000093410-submissions-001.json
2016-08-11,4,0001127602-16-060110,2016-08-10,xslF345X03/form4.xml,CIK0000093410-submissions-001.json
2016-08-16,4,0001127602-16-060392,2016-08-15,xslF345X03/form4.xml,CIK0000093410-submissions-001.json
2016-08-16,4,0001127602-16-060378,2016-08-12,xslF345X03/form4.xml,CIK0000093410-submissions-001.json
2016-08-16,4/A,0001127602-16-060427,2016-08-12,xslF345X03/form4a.xml,CIK0000093410-submissions-001.json
2016-08-26,4,0001127602-16-061250,2016-08-25,xslF345X03/form4.xml,CIK0000093410-submissions-001.json
2016-08-29,4,0001127602-16-061415,2016-08-26,xslF345X03/form4.xml,CIK0000093410-submissions-001.json
2016-08-29,4,0001127602-16-061413,2016-08-26,xslF345X03/form4.xml,CIK0000093410-submissions-001.json
2016-08-29,4,0001127602-16-061410,2016-08-26,xslF345X03/form4.xml,CIK0000093410-submissions-001.json
2016-09-26,UPLOAD,0000000000-16-094595,,filename1.pdf,CIK0000093410-submissions-001.json
2016-10-13,3,0001127602-16-064771,2016-10-11,xslF345X02/form3.xml,CIK0000093410-submissions-001.json
2016-10-13,4,0001127602-16-064773,2016-10-11,xslF345X03/form4.xml,CIK0000093410-submissions-001.json
2016-10-18,8-K,0000093410-16-000076,2016-10-17,a20161017form8-kstumpf.htm,CIK0000093410-submissions-001.json
2016-10-21,CORRESP,0000093410-16-000078,,filename1.htm,CIK0000093410-submissions-001.json
2016-10-28,8-K,0000093410-16-000080,2016-10-28,cvx-09302016x8xkdoc.htm,CIK0000093410-submissions-001.json
2016-11-03,10-Q,0000093410-16-000083,2016-09-30,cvx-09302016x10qdoc.htm,CIK0000093410-submissions-001.json
2016-11-07,4,0001127602-16-066254,2016-11-03,xslF345X03/form4.xml,CIK0000093410-submissions-001.json
2016-11-08,4,0001127602-16-066439,2016-11-04,xslF345X03/form4.xml,CIK0000093410-submissions-001.json
2016-11-18,4,0001127602-16-067761,2016-11-17,xslF345X03/form4.xml,CIK0000093410-submissions-001.json
2016-11-18,4,0001127602-16-067757,2016-11-16,xslF345X03/form4.xml,CIK0000093410-submissions-001.json
2016-11-29,4,0001127602-16-068614,2016-11-28,xslF345X03/form4.xml,CIK0000093410-submissions-001.json
2016-11-29,4,0001127602-16-068612,2016-11-28,xslF345X03/form4.xml,CIK0000093410-submissions-001.json
2016-12-02,3,0001127602-16-069027,2016-12-01,xslF345X02/form3.xml,CIK0000093410-submissions-001.json
2016-12-02,4,0001127602-16-069030,2016-12-01,xslF345X03/form4.xml,CIK0000093410-submissions-001.json
2016-12-02,UPLOAD,0000000000-16-103251,,filename1.pdf,CIK0000093410-submissions-001.json
2016-12-08,4,0001127602-16-069531,2016-12-06,xslF345X03/form4.xml,CIK0000093410-submissions-001.json
2016-12-12,4,0001127602-16-069695,2016-12-08,xslF345X03/form4.xml,CIK0000093410-submissions-001.json
2016-12-15,CORRESP,0000093410-16-000085,,filename1.htm,CIK0000093410-submissions-001.json
2017-01-13,UPLOAD,0000000000-17-001525,,filename1.pdf,CIK0000093410-submissions-001.json
2017-01-23,SC 13G/A,0000353480-17-000251,,chevron.corp.txt,CIK0000093410-submissions-001.json
2017-01-26,8-K,0000093410-17-000002,2017-01-25,form8-kwirth.htm,CIK0000093410-submissions-001.json
2017-01-27,4,0001127602-17-002752,2017-01-25,xslF345X03/form4.xml,CIK0000093410-submissions-001.json
2017-01-27,4,0001127602-17-002749,2017-01-25,xslF345X03/form4.xml,CIK0000093410-submissions-001.json
2017-01-27,4,0001127602-17-002748,2017-01-25,xslF345X03/form4.xml,CIK0000093410-submissions-001.json
2017-01-27,4,0001127602-17-002747,2017-01-25,xslF345X03/form4.xml,CIK0000093410-submissions-001.json
2017-01-27,4,0001127602-17-002746,2017-01-25,xslF345X03/form4.xml,CIK0000093410-submissions-001.json
2017-01-27,4,0001127602-17-002745,2017-01-25,xslF345X03/form4.xml,CIK0000093410-submissions-001.json
2017-01-27,4,0001127602-17-002744,2017-01-25,xslF345X03/form4.xml,CIK0000093410-submissions-001.json
2017-01-27,4,0001127602-17-002742,2017-01-25,xslF345X03/form4.xml,CIK0000093410-submissions-001.json
2017-01-27,8-K,0000093410-17-000005,2017-01-27,cvx-12312016x8xkdoc.htm,CIK0000093410-submissions-001.json
2017-01-30,8-K,0000093410-17-000010,2017-01-25,form8-kresupplementalcompd.htm,CIK0000093410-submissions-001.json
2017-01-30,8-K,0000093410-17-000009,2017-01-25,form8kcompaction.htm,CIK0000093410-submissions-001.json
2017-01-31,4,0001127602-17-003191,2017-01-29,xslF345X03/form4.xml,CIK0000093410-submissions-001.json
2017-02-03,4,0001127602-17-003987,2017-02-02,xslF345X03/form4.xml,CIK0000093410-submissions-001.json
2017-02-09,SC 13G,0000093751-17-000107,,Chevron.txt,CIK0000093410-submissions-001.json
2017-02-10,SC 13G/A,0000932471-17-001187,,chevroncorp.htm,CIK0000093410-submissions-001.json
2017-02-23,10-K,0000093410-17-000013,2016-12-31,cvx-123116x10kdoc.htm,CIK0000093410-submissions-001.json
2017-02-28,424B3,0001193125-17-060475,,d352412d424b3.htm,CIK0000093410-submissions-001.json
2017-03-01,4,0001127602-17-009285,2017-02-27,xslF345X03/form4.xml,CIK0000093410-submissions-001.json
2017-03-01,4,0001127602-17-009281,2017-02-27,xslF345X03/form4.xml,CIK0000093410-submissions-001.json
2017-03-01,424B2,0001193125-17-065889,,d352412d424b2.htm,CIK0000093410-submissions-001.json
2017-03-01,FWP,0001193125-17-063369,,d318613dfwp.htm,CIK0000093410-submissions-001.json
2017-03-03,8-K,0001193125-17-069851,2017-03-03,d355743d8k.htm,CIK0000093410-submissions-001.json
2017-03-15,4,0001127602-17-011805,2017-03-13,xslF345X03/form4.xml,CIK0000093410-submissions-001.json
2017-04-11,DEF 14A,0001193125-17-119801,2017-05-31,d304635ddef14a.htm,CIK0000093410-submissions-001.json
2017-04-11,DEFA14A,0001193125-17-119808,,d360296ddefa14a.htm,CIK0000093410-submissions-001.json
2017-04-11,DEFA14A,0001193125-17-119806,,d352773ddefa14a.htm,CIK0000093410-submissions-001.json
2017-04-11,DEFA14A,0001193125-17-119803,,d375406ddefa14a.htm,CIK0000093410-submissions-001.json
2017-04-28,8-K,0000093410-17-000016,2017-04-28,cvx03312017-8xkdoc.htm,CIK0000093410-submissions-001.json
2017-05-04,10-Q,0000093410-17-000019,2017-03-31,cvx03312017-10qdoc.htm,CIK0000093410-submissions-001.json
2017-05-04,DEFA14A,0001193125-17-158916,,d393264ddefa14a.htm,CIK0000093410-submissions-001.json
2017-05-11,PX14A6G,0001214659-17-003223,,j511170px14a6g.htm,CIK0000093410-submissions-001.json
2017-05-18,DEFA14A,0001193125-17-175375,,d401940ddefa14a.htm,CIK0000093410-submissions-001.json
2017-05-19,PX14A6G,0001214659-17-003486,,l518170px14a6g.htm,CIK0000093410-submissions-001.json
2017-05-23,SD,0000093410-17-000021,,formsd52317.htm,CIK0000093410-submissions-001.json
2017-05-30,4,0001127602-17-019767,2017-05-26,xslF345X03/form4.xml,CIK0000093410-submissions-001.json
2017-05-30,4,0001127602-17-019760,2017-05-26,xslF345X03/form4.xml,CIK0000093410-submissions-001.json
2017-05-31,PX14A6G,0001214659-17-003726,,b531170px14a6g.htm,CIK0000093410-submissions-001.json
2017-06-02,4,0001127602-17-020421,2017-05-31,xslF345X03/form4.xml,CIK0000093410-submissions-001.json
2017-06-02,4,0001127602-17-020420,2017-05-31,xslF345X03/form4.xml,CIK0000093410-submissions-001.json
2017-06-02,4,0001127602-17-020418,2017-05-31,xslF345X03/form4.xml,CIK0000093410-submissions-001.json
2017-06-02,4,0001127602-17-020416,2017-05-31,xslF345X03/form4.xml,CIK0000093410-submissions-001.json
2017-06-02,4,0001127602-17-020409,2017-05-31,xslF345X03/form4.xml,CIK0000093410-submissions-001.json
2017-06-02,4,0001127602-17-020407,2017-05-31,xslF345X03/form4.xml,CIK0000093410-submissions-001.json
2017-06-02,4,0001127602-17-020385,2017-05-31,xslF345X03/form4.xml,CIK0000093410-submissions-001.json
2017-06-02,4,0001127602-17-020383,2017-05-31,xslF345X03/form4.xml,CIK0000093410-submissions-001.json
2017-06-02,4,0001127602-17-020381,2017-05-31,xslF345X03/form4.xml,CIK0000093410-submissions-001.json
2017-06-02,4,0001127602-17-020377,2017-05-31,xslF345X03/form4.xml,CIK0000093410-submissions-001.json
2017-06-05,8-K,0000093410-17-000024,2017-05-31,a20170531asmvoteresultsdoc.htm,CIK0000093410-submissions-001.json
2017-06-27,11-K,0000093410-17-000026,2016-12-31,a2017form11-k.htm,CIK0000093410-submissions-001.json
2017-07-28,8-K,0000093410-17-000028,2017-07-28,cvx06302017-8xkdoc.htm,CIK0000093410-submissions-001.json
2017-07-31,8-K/A,0000093410-17-000030,2017-05-31,a20170531form8-kxaxsopfreq.htm,CIK0000093410-submissions-001.json
2017-08-02,4,0001127602-17-024749,2017-07-31,xslF345X03/form4.xml,CIK0000093410-submissions-001.json
2017-08-03,10-Q,0000093410-17-000033,2017-06-30,cvx06302017-10qdoc.htm,CIK0000093410-submissions-001.json
2017-08-03,4,0001127602-17-024887,2017-08-02,xslF345X03/form4.xml,CIK0000093410-submissions-001.json
2017-08-03,4,0001127602-17-024877,2017-08-01,xslF345X03/form4.xml,CIK0000093410-submissions-001.json
2017-08-17,4,0001127602-17-025932,2017-08-16,xslF345X03/form4.xml,CIK0000093410-submissions-001.json
2017-08-29,4,0001127602-17-026641,2017-08-25,xslF345X03/form4.xml,CIK0000093410-submissions-001.json
2017-08-29,4,0001127602-17-026639,2017-08-25,xslF345X03/form4.xml,CIK0000093410-submissions-001.json
2017-09-13,UPLOAD,0000000000-17-032379,,filename1.pdf,CIK0000093410-submissions-001.json
2017-09-28,8-K,0000093410-17-000035,2017-09-27,a20170927form8-k.htm,CIK0000093410-submissions-001.json
2017-10-03,8-K,0000093410-17-000037,2017-09-28,a20170928form8-k.htm,CIK0000093410-submissions-001.json
2017-10-05,CORRESP,0000093410-17-000039,,filename1.htm,CIK0000093410-submissions-001.json
2017-10-18,4,0001127602-17-030012,2017-10-16,xslF345X03/form4.xml,CIK0000093410-submissions-001.json
2017-10-18,UPLOAD,0000000000-17-036964,,filename1.pdf,CIK0000093410-submissions-001.json
2017-10-26,8-K,0000093410-17-000041,2017-10-25,a20171025form8-k.htm,CIK0000093410-submissions-001.json
2017-10-27,8-K,0000093410-17-000043,2017-10-27,cvx09302017-8xkdoc.htm,CIK0000093410-submissions-001.json
2017-11-02,10-Q,0000093410-17-000046,2017-09-30,cvx09302017-10qdoc.htm,CIK0000093410-submissions-001.json
2017-11-03,3,0001127602-17-031277,2017-11-02,xslF345X02/form3.xml,CIK0000093410-submissions-001.json
2017-11-03,4,0001127602-17-031279,2017-11-02,xslF345X03/form4.xml,CIK0000093410-submissions-001.json
2017-11-09,4,0001127602-17-031775,2017-11-07,xslF345X03/form4.xml,CIK0000093410-submissions-001.json
2017-11-13,4,0001127602-17-031970,2017-11-09,xslF345X03/form4.xml,CIK0000093410-submissions-001.json
2017-11-13,8-K,0000093410-17-000048,2017-11-10,a20171110form8-k.htm,CIK0000093410-submissions-001.json
2017-11-15,4,0001127602-17-032261,2017-11-13,xslF345X03/form4.xml,CIK0000093410-submissions-001.json
2017-11-17,4,0001127602-17-032736,2017-11-16,xslF345X03/form4.xml,CIK0000093410-submissions-001.json
2017-11-17,4,0001127602-17-032711,2017-11-15,xslF345X03/form4.xml,CIK0000093410-submissions-001.json
2017-11-22,4,0001127602-17-033208,2017-11-20,xslF345X03/form4.xml,CIK0000093410-submissions-001.json
2017-11-27,4,0001127602-17-033289,2017-11-22,xslF345X03/form4.xml,CIK0000093410-submissions-001.json
2017-11-29,4,0001127602-17-033467,2017-11-27,xslF345X03/form4.xml,CIK0000093410-submissions-001.json
2017-11-29,4,0001127602-17-033465,2017-11-27,xslF345X03/form4.xml,CIK0000093410-submissions-001.json
2017-12-04,4,0001127602-17-033811,2017-11-30,xslF345X03/form4.xml,CIK0000093410-submissions-001.json
2018-01-30,4,0001127602-18-003023,2018-01-28,xslF345X03/form4.xml,CIK0000093410-submissions-001.json
2018-01-30,4,0001127602-18-003019,2018-01-28,xslF345X03/form4.xml,CIK0000093410-submissions-001.json
2018-01-30,4,0001127602-18-003015,2018-01-28,xslF345X03/form4.xml,CIK0000093410-submissions-001.json
2018-01-30,4,0001127602-18-003009,2018-01-28,xslF345X03/form4.xml,CIK0000093410-submissions-001.json
2018-01-30,4,0001127602-18-003003,2018-01-28,xslF345X03/form4.xml,CIK0000093410-submissions-001.json
2018-02-01,8-K,0000093410-18-000002,2018-01-31,a20180131form8-k.htm,CIK0000093410-submissions-001.json
2018-02-02,4,0001127602-18-003840,2018-01-31,xslF345X03/form4.xml,CIK0000093410-submissions-001.json
2018-02-02,4,0001127602-18-003837,2018-01-31,xslF345X03/form4.xml,CIK0000093410-submissions-001.json
2018-02-02,4,0001127602-18-003834,2018-01-31,xslF345X03/form4.xml,CIK0000093410-submissions-001.json
2018-02-02,4,0001127602-18-003816,2018-01-31,xslF345X03/form4.xml,CIK0000093410-submissions-001.json
2018-02-02,4,0001127602-18-003810,2018-01-31,xslF345X03/form4.xml,CIK0000093410-submissions-001.json
2018-02-02,4,0001127602-18-003802,2018-01-31,xslF345X03/form4.xml,CIK0000093410-submissions-001.json
2018-02-02,4,0001127602-18-003797,2018-01-31,xslF345X03/form4.xml,CIK0000093410-submissions-001.json
2018-02-02,8-K,0000093410-18-000007,2018-01-30,a20180130form8-kcompaction.htm,CIK0000093410-submissions-001.json
2018-02-02,8-K,0000093410-18-000005,2018-02-02,cvx12312017-8xkdoc.htm,CIK0000093410-submissions-001.json
2018-02-08,3,0001127602-18-004716,2018-02-01,xslF345X02/form3.xml,CIK0000093410-submissions-001.json
2018-02-08,SC 13G/A,0000215457-18-005028,,us1667641005_012418.txt,CIK0000093410-submissions-001.json
2018-02-09,SC 13G/A,0000932471-18-003168,,chevroncorp.htm,CIK0000093410-submissions-001.json
2018-02-14,SC 13G,0000093751-18-000188,,CHEVRONCORPORATION.txt,CIK0000093410-submissions-001.json
2018-02-22,10-K,0000093410-18-000010,2017-12-31,cvx12312017-10kdoc.htm,CIK0000093410-submissions-001.json
2018-03-02,3,0001127602-18-009694,2018-03-01,xslF345X02/form3.xml,CIK0000093410-submissions-001.json
2018-03-02,4,0001127602-18-009703,2018-03-01,xslF345X03/form4.xml,CIK0000093410-submissions-001.json
2018-03-06,4,0001127602-18-010443,2018-03-05,xslF345X03/form4.xml,CIK0000093410-submissions-001.json
2018-03-06,4,0001127602-18-010441,2018-03-05,xslF345X03/form4.xml,CIK0000093410-submissions-001.json
2018-04-10,DEF 14A,0001193125-18-112804,2018-05-30,d475585ddef14a.htm,CIK0000093410-submissions-001.json
2018-04-10,DEFA14A,0001193125-18-112830,,d539129ddefa14a.htm,CIK0000093410-submissions-001.json
2018-04-10,DEFA14A,0001193125-18-112821,,d565522ddefa14a.htm,CIK0000093410-submissions-001.json
2018-04-10,DEFA14A,0001193125-18-112815,,d565616ddefa14a.htm,CIK0000093410-submissions-001.json
2018-04-10,DEFA14A,0001193125-18-112807,,d558315ddefa14a.htm,CIK0000093410-submissions-001.json
2018-04-16,SC 13G,0001193125-18-118621,,d489804dsc13g.htm,CIK0000093410-submissions-001.json
2018-04-19,4,0001127602-18-014961,2018-04-17,xslF345X03/form4.xml,CIK0000093410-submissions-001.json
2018-04-27,8-K,0000093410-18-000012,2018-04-27,cvx03312018-8xkdoc.htm,CIK0000093410-submissions-001.json
2018-05-03,10-Q,0000093410-18-000016,2018-03-31,cvx03312018-10qdoc.htm,CIK0000093410-submissions-001.json
2018-05-03,S-3ASR,0001193125-18-150411,,d576711ds3asr.htm,CIK0000093410-submissions-001.json
2018-05-07,4,0001127602-18-016542,2018-05-03,xslF345X03/form4.xml,CIK0000093410-submissions-001.json
2018-05-07,PX14A6G,0001214659-18-003366,,j53180px14a6g.htm,CIK0000093410-submissions-001.json
2018-05-07,PX14A6G,0001214659-18-003339,,g54180px14a6g.htm,CIK0000093410-submissions-001.json
2018-05-08,PX14A6G,0001214659-18-003401,,j57182px14a6g.htm,CIK0000093410-submissions-001.json
2018-05-09,4,0001127602-18-016764,2018-05-07,xslF345X03/form4.xml,CIK0000093410-submissions-001.json
2018-05-09,4,0001127602-18-016756,2018-05-07,xslF345X03/form4.xml,CIK0000093410-submissions-001.json
2018-05-11,4,0001127602-18-017212,2018-05-09,xslF345X03/form4.xml,CIK0000093410-submissions-001.json
2018-05-11,4,0001127602-18-017210,2018-05-09,xslF345X03/form4.xml,CIK0000093410-submissions-001.json
2018-05-14,DEFA14A,0001193125-18-162710,,d576041ddefa14a.htm,CIK0000093410-submissions-001.json
2018-05-15,4,0001127602-18-017548,2018-05-11,xslF345X03/form4.xml,CIK0000093410-submissions-001.json
2018-05-15,4,0001127602-18-017546,2018-05-11,xslF345X03/form4.xml,CIK0000093410-submissions-001.json
2018-05-16,4,0001127602-18-017733,2018-05-14,xslF345X03/form4.xml,CIK0000093410-submissions-001.json
2018-05-17,SC 13G/A,0001193125-18-166575,,d593548dsc13ga.htm,CIK0000093410-submissions-001.json
2018-05-24,4,0001127602-18-018840,2018-05-17,xslF345X03/form4.xml,CIK0000093410-submissions-001.json
2018-05-24,4,0001127602-18-018836,2018-05-22,xslF345X03/form4.xml,CIK0000093410-submissions-001.json
2018-05-24,SD,0000093410-18-000018,,formsd52418.htm,CIK0000093410-submissions-001.json
2018-05-29,4,0001127602-18-019131,2018-05-25,xslF345X03/form4.xml,CIK0000093410-submissions-001.json
2018-05-29,4,0001127602-18-019122,2018-05-25,xslF345X03/form4.xml,CIK0000093410-submissions-001.json
2018-06-01,4,0001127602-18-019548,2018-05-30,xslF345X03/form4.xml,CIK0000093410-submissions-001.json
2018-06-01,4,0001127602-18-019545,2018-05-30,xslF345X03/form4.xml,CIK0000093410-submissions-001.json
2018-06-01,4,0001127602-18-019543,2018-05-30,xslF345X03/form4.xml,CIK0000093410-submissions-001.json
2018-06-01,4,0001127602-18-019541,2018-05-30,xslF345X03/form4.xml,CIK0000093410-submissions-001.json
2018-06-01,4,0001127602-18-019539,2018-05-30,xslF345X03/form4.xml,CIK0000093410-submissions-001.json
2018-06-01,4,0001127602-18-019536,2018-05-30,xslF345X03/form4.xml,CIK0000093410-submissions-001.json
2018-06-01,4,0001127602-18-019534,2018-05-30,xslF345X03/form4.xml,CIK0000093410-submissions-001.json
2018-06-01,4,0001127602-18-019530,2018-05-30,xslF345X03/form4.xml,CIK0000093410-submissions-001.json
2018-06-01,4,0001127602-18-019527,2018-05-30,xslF345X03/form4.xml,CIK0000093410-submissions-001.json
2018-06-04,8-K,0000093410-18-000020,2018-05-30,form8-kxasmvoteresults.htm,CIK0000093410-submissions-001.json
2018-06-18,4,0001127602-18-021161,2018-06-14,xslF345X03/form4.xml,CIK0000093410-submissions-001.json
2018-06-27,11-K,0000093410-18-000024,2017-12-31,a2018form11-k.htm,CIK0000093410-submissions-001.json
2018-07-16,4,0001127602-18-023271,2018-07-12,xslF345X03/form4.xml,CIK0000093410-submissions-001.json
2018-07-26,4,0001127602-18-023911,2018-07-24,xslF345X03/form4.xml,CIK0000093410-submissions-001.json
2018-07-27,8-K,0000093410-18-000026,2018-07-27,cvx06302018-8xkdoc.htm,CIK0000093410-submissions-001.json
2018-08-02,10-Q,0000093410-18-000029,2018-06-30,cvx06302018-10qdoc.htm,CIK0000093410-submissions-001.json
2018-08-28,4,0001127602-18-026409,2018-08-24,xslF345X03/form4.xml,CIK0000093410-submissions-001.json
2018-08-28,4,0001127602-18-026407,2018-08-24,xslF345X03/form4.xml,CIK0000093410-submissions-001.json
2018-09-17,4,0001127602-18-027775,2018-09-13,xslF345X03/form4.xml,CIK0000093410-submissions-001.json
2018-10-15,4,0001127602-18-030199,2018-10-11,xslF345X03/form4.xml,CIK0000093410-submissions-001.json
2018-11-02,8-K,0000093410-18-000031,2018-11-02,cvx09302018-8xkdoc.htm,CIK0000093410-submissions-001.json
2018-11-08,10-Q,0000093410-18-000035,2018-09-30,cvx09302018-10qdoc.htm,CIK0000093410-submissions-001.json
2018-12-03,4,0001127602-18-035004,2018-11-29,xslF345X03/form4.xml,CIK0000093410-submissions-001.json
2018-12-06,3,0001127602-18-035375,2018-12-04,xslF345X02/form3.xml,CIK0000093410-submissions-001.json
2018-12-06,4,0001127602-18-035390,2018-12-04,xslF345X03/form4.xml,CIK0000093410-submissions-001.json
2018-12-06,4,0001127602-18-035370,2018-12-03,xslF345X03/form4.xml,CIK0000093410-submissions-001.json
2018-12-06,4,0001127602-18-035358,2018-12-03,xslF345X03/form4.xml,CIK0000093410-submissions-001.json
2018-12-06,8-K,0000093410-18-000037,2018-12-04,a20181204form8-knewdirector.htm,CIK0000093410-submissions-001.json
2018-12-10,4,0001127602-18-035700,2018-12-06,xslF345X03/form4.xml,CIK0000093410-submissions-001.json
2018-12-19,4,0001127602-18-036902,2018-12-17,xslF345X03/form4.xml,CIK0000093410-submissions-001.json
2018-12-19,4,0001127602-18-036899,2018-12-17,xslF345X03/form4.xml,CIK0000093410-submissions-001.json
2018-12-19,4,0001127602-18-036897,2018-12-17,xslF345X03/form4.xml,CIK0000093410-submissions-001.json
2018-12-19,4,0001127602-18-036895,2018-12-17,xslF345X03/form4.xml,CIK0000093410-submissions-001.json
2018-12-19,4,0001127602-18-036892,2018-12-17,xslF345X03/form4.xml,CIK0000093410-submissions-001.json
2018-12-19,4,0001127602-18-036888,2018-12-17,xslF345X03/form4.xml,CIK0000093410-submissions-001.json
2019-01-17,4,0001127602-19-002313,2019-01-15,xslF345X03/form4.xml,CIK0000093410-submissions-001.json
2019-01-29,4,0001127602-19-002920,2019-01-27,xslF345X03/form4.xml,CIK0000093410-submissions-001.json
2019-01-29,4,0001127602-19-002914,2019-01-27,xslF345X03/form4.xml,CIK0000093410-submissions-001.json
2019-01-29,4,0001127602-19-002902,2019-01-27,xslF345X03/form4.xml,CIK0000093410-submissions-001.json
2019-02-01,4,0001127602-19-003473,2019-01-30,xslF345X03/form4.xml,CIK0000093410-submissions-001.json
2019-02-01,4,0001127602-19-003469,2019-01-30,xslF345X03/form4.xml,CIK0000093410-submissions-001.json
2019-02-01,4,0001127602-19-003462,2019-01-30,xslF345X03/form4.xml,CIK0000093410-submissions-001.json
2019-02-01,4,0001127602-19-003458,2019-01-30,xslF345X03/form4.xml,CIK0000093410-submissions-001.json
2019-02-01,4,0001127602-19-003451,2019-01-30,xslF345X03/form4.xml,CIK0000093410-submissions-001.json
2019-02-01,4,0001127602-19-003448,2019-01-30,xslF345X03/form4.xml,CIK0000093410-submissions-001.json
2019-02-01,4,0001127602-19-003442,2019-01-30,xslF345X03/form4.xml,CIK0000093410-submissions-001.json
2019-02-01,4,0001127602-19-003438,2019-01-30,xslF345X03/form4.xml,CIK0000093410-submissions-001.json
2019-02-01,8-K,0000093410-19-000002,2019-02-01,cvx12312018-8xkdoc.htm,CIK0000093410-submissions-001.json
2019-02-04,8-K,0000093410-19-000004,2019-01-29,a20190129form8-kcompaction.htm,CIK0000093410-submissions-001.json
2019-02-05,8-K,0000093410-19-000006,2019-01-30,a20190130form8-k.htm,CIK0000093410-submissions-001.json
2019-02-06,4,0001127602-19-004330,2019-02-04,xslF345X03/form4.xml,CIK0000093410-submissions-001.json
2019-02-11,3,0001127602-19-005139,2019-02-01,xslF345X02/form3.xml,CIK0000093410-submissions-001.json
2019-02-11,SC 13G/A,0000215457-19-007222,,us1667641005_020819.txt,CIK0000093410-submissions-001.json
2019-02-11,SC 13G/A,0000932471-19-004322,,chevroncorp.htm,CIK0000093410-submissions-001.json
2019-02-14,SC 13G,0000093751-19-000232,,ChevronCorporation.txt,CIK0000093410-submissions-001.json
2019-02-22,10-K,0000093410-19-000008,2018-12-31,cvx12312018-10kdoc.htm,CIK0000093410-submissions-001.json
2019-03-06,4,0001127602-19-010308,2019-03-04,xslF345X03/form4.xml,CIK0000093410-submissions-001.json
2019-03-06,4,0001127602-19-010304,2019-03-04,xslF345X03/form4.xml,CIK0000093410-submissions-001.json
2019-03-08,3,0001127602-19-010634,2019-03-01,xslF345X02/form3.xml,CIK0000093410-submissions-001.json
2019-03-15,4,0001127602-19-011564,2019-03-14,xslF345X03/form4.xml,CIK0000093410-submissions-001.json
2019-04-12,425,0000950142-19-000817,,eh1900535_425-mkw.htm,CIK0000093410-submissions-001.json
2019-04-12,425,0000950142-19-000815,,eh1900531_425-tweets.htm,CIK0000093410-submissions-001.json
2019-04-12,425,0000950142-19-000809,,eh1900526_425-faq.htm,CIK0000093410-submissions-001.json
2019-04-12,425,0000950142-19-000808,,eh1900527_425.htm,CIK0000093410-submissions-001.json
2019-04-12,425,0000950142-19-000805,,eh1900525_425-apc.htm,CIK0000093410-submissions-001.json
2019-04-12,425,0000950142-19-000804,,eh1900529_425-id.htm,CIK0000093410-submissions-001.json
2019-04-12,425,0000950142-19-000801,,eh1900523_8k.htm,CIK0000093410-submissions-001.json
2019-04-12,8-K,0000950142-19-000800,2019-04-12,eh1900523_8k.htm,CIK0000093410-submissions-001.json
2019-04-15,4,0001127602-19-015460,2019-04-11,xslF345X03/form4.xml,CIK0000093410-submissions-001.json
2019-04-15,425,0000950142-19-000827,,eh1900534_425-cnbc.htm,CIK0000093410-submissions-001.json
2019-04-15,425,0000950142-19-000826,,eh1900551_425-sm.htm,CIK0000093410-submissions-001.json
2019-04-15,425,0000950142-19-000823,,eh1900536_425-mwvs.htm,CIK0000093410-submissions-001.json
2019-04-15,DEF 14A,0001193125-19-106207,2019-05-29,d581752ddef14a.htm,CIK0000093410-submissions-001.json
2019-04-15,DEFA14A,0001193125-19-106218,,d702802ddefa14a.htm,CIK0000093410-submissions-001.json
2019-04-15,DEFA14A,0001193125-19-106214,,d929436ddefa14a.htm,CIK0000093410-submissions-001.json
2019-04-15,DEFA14A,0001193125-19-106211,,d12325ddefa14a.htm,CIK0000093410-submissions-001.json
2019-04-16,425,0000950142-19-000835,,eh1900552_425-mm.htm,CIK0000093410-submissions-001.json
2019-04-16,425,0000950142-19-000833,,eh1900550_425-transconf.htm,CIK0000093410-submissions-001.json
2019-04-16,425,0000950142-19-000832,,eh1900524_8k.htm,CIK0000093410-submissions-001.json
2019-04-16,8-K,0000950142-19-000831,2019-04-11,eh1900524_8k.htm,CIK0000093410-submissions-001.json
2019-04-18,425,0000950142-19-000884,,eh1900533_425-bloom.htm,recent
2019-04-24,425,0000950142-19-000941,,eh1900601_425-pw.htm,recent
2019-04-24,PX14A6G,0001214659-19-002858,,g423190px14a6g.htm,recent
2019-04-25,425,0000950142-19-000957,,eh1900603_425-receipt.htm,recent
2019-04-26,425,0000950142-19-000976,,eh1900605_425.htm,recent
2019-04-26,8-K,0000093410-19-000011,2019-04-26,cvx03312019-8xkdoc.htm,recent
2019-04-29,425,0000950142-19-000983,,eh1900619_425.htm,recent
2019-04-30,PX14A6G,0001214659-19-003049,,j430192px14a6g.htm,recent
2019-05-01,4,0001127602-19-016827,2019-04-30,xslF345X03/form4.xml,recent
2019-05-02,10-Q,0000093410-19-000014,2019-03-31,cvx03312019-10qdoc.htm,recent
2019-05-07,425,0000950142-19-001023,,eh1900638_425.htm,recent
2019-05-09,425,0000950142-19-001038,,eh1900642_8k.htm,recent
2019-05-09,8-K,0000950142-19-001037,2019-05-09,eh1900642_8k.htm,recent
2019-05-10,8-K,0000950142-19-001066,2019-05-09,eh1900660_8k.htm,recent
2019-05-10,DEFA14A,0001193125-19-144238,,d726387ddefa14a.htm,recent
2019-05-17,4,0001127602-19-019028,2019-05-15,xslF345X03/form4.xml,recent
2019-05-23,4,0001127602-19-019617,2019-05-21,xslF345X03/form4.xml,recent
2019-05-28,SD,0000093410-19-000018,,formsd52919.htm,recent
2019-05-29,4,0001127602-19-020151,2019-05-24,xslF345X03/form4.xml,recent
2019-05-29,4,0001127602-19-020148,2019-05-24,xslF345X03/form4.xml,recent
2019-05-31,4,0001127602-19-020354,2019-05-29,xslF345X03/form4.xml,recent
2019-05-31,4,0001127602-19-020353,2019-05-29,xslF345X03/form4.xml,recent
2019-05-31,4,0001127602-19-020351,2019-05-29,xslF345X03/form4.xml,recent
2019-05-31,4,0001127602-19-020347,2019-05-29,xslF345X03/form4.xml,recent
2019-05-31,4,0001127602-19-020345,2019-05-29,xslF345X03/form4.xml,recent
2019-05-31,4,0001127602-19-020343,2019-05-29,xslF345X03/form4.xml,recent
2019-05-31,4,0001127602-19-020341,2019-05-29,xslF345X03/form4.xml,recent
2019-05-31,4,0001127602-19-020339,2019-05-29,xslF345X03/form4.xml,recent
2019-05-31,4,0001127602-19-020337,2019-05-29,xslF345X03/form4.xml,recent
2019-05-31,4,0001127602-19-020334,2019-05-29,xslF345X03/form4.xml,recent
2019-06-03,8-K,0000093410-19-000022,2019-05-28,a20190529form8-knewpri.htm,recent
2019-06-03,8-K,0000093410-19-000020,2019-05-29,a20190529form8-kasmvot.htm,recent
2019-06-21,3,0001127602-19-022537,2019-06-16,xslF345X02/form3.xml,recent
2019-06-25,4,0001127602-19-022793,2019-06-21,xslF345X03/form4.xml,recent
2019-06-27,11-K,0000093410-19-000024,2018-12-31,a2019form11-k.htm,recent
2019-08-02,8-K,0000093410-19-000026,2019-08-02,cvx06302019-8xkdoc.htm,recent
2019-08-07,10-Q,0000093410-19-000029,2019-06-30,cvx06302019-10qdoc.htm,recent
2019-08-09,4,0001127602-19-026330,2019-08-07,xslF345X03/form4.xml,recent
2019-08-12,4,0001127602-19-026410,2019-08-08,xslF345X03/form4.xml,recent
2019-08-15,4,0001127602-19-026734,2019-08-13,xslF345X03/form4.xml,recent
2019-08-29,4,0001127602-19-027572,2019-08-27,xslF345X03/form4.xml,recent
2019-09-04,4,0001127602-19-027893,2019-08-30,xslF345X03/form4.xml,recent
2019-09-04,4,0001127602-19-027885,2019-08-30,xslF345X03/form4.xml,recent
2019-09-04,4,0001127602-19-027877,2019-08-30,xslF345X03/form4.xml,recent
2019-09-18,4,0001127602-19-028750,2019-09-16,xslF345X03/form4.xml,recent
2019-09-18,4,0001127602-19-028746,2019-09-16,xslF345X03/form4.xml,recent
2019-09-27,8-K,0000093410-19-000032,2019-09-25,cvx09252019-8xkdoc.htm,recent
2019-11-01,8-K,0000093410-19-000035,2019-11-01,cvx09302019-8xkdoc.htm,recent
2019-11-06,4,0001127602-19-032054,2019-11-04,xslF345X03/form4.xml,recent
2019-11-06,4,0001127602-19-032051,2019-11-04,xslF345X03/form4.xml,recent
2019-11-07,10-Q,0000093410-19-000038,2019-09-30,cvx09302019-10qdoc.htm,recent
2019-11-15,4,0001127602-19-032874,2019-08-29,xslF345X03/form4.xml,recent
2019-12-04,4,0001127602-19-034252,2019-12-02,xslF345X03/form4.xml,recent
2019-12-04,4,0001127602-19-034250,2019-12-02,xslF345X03/form4.xml,recent
2019-12-10,8-K,0000093410-19-000040,2019-12-04,cvx12102019-8xkdocce.htm,recent
2019-12-19,4,0001127602-19-035578,2019-12-17,xslF345X03/form4.xml,recent
2019-12-19,4,0001127602-19-035576,2019-12-17,xslF345X03/form4.xml,recent
2019-12-19,4,0001127602-19-035574,2019-12-17,xslF345X03/form4.xml,recent
2019-12-19,4,0001127602-19-035572,2019-12-17,xslF345X03/form4.xml,recent
2019-12-19,4,0001127602-19-035570,2019-12-17,xslF345X03/form4.xml,recent
2019-12-19,4,0001127602-19-035568,2019-12-17,xslF345X03/form4.xml,recent
2019-12-19,4,0001127602-19-035566,2019-12-17,xslF345X03/form4.xml,recent
2019-12-19,4,0001127602-19-035564,2019-12-17,xslF345X03/form4.xml,recent
2019-12-19,4,0001127602-19-035562,2019-12-17,xslF345X03/form4.xml,recent
2020-01-03,8-K,0000093410-20-000002,2019-12-30,a20191230form8-kthulin.htm,recent
2020-01-08,4,0001127602-20-001324,2020-01-06,xslF345X03/form4.xml,recent
2020-01-31,4,0001127602-20-002922,2020-01-29,xslF345X03/form4.xml,recent
2020-01-31,4,0001127602-20-002920,2020-01-29,xslF345X03/form4.xml,recent
2020-01-31,4,0001127602-20-002917,2020-01-29,xslF345X03/form4.xml,recent
2020-01-31,4,0001127602-20-002914,2020-01-29,xslF345X03/form4.xml,recent
2020-01-31,4,0001127602-20-002912,2020-01-29,xslF345X03/form4.xml,recent
2020-01-31,4,0001127602-20-002907,2020-01-29,xslF345X03/form4.xml,recent
2020-01-31,4,0001127602-20-002903,2020-01-29,xslF345X03/form4.xml,recent
2020-01-31,4,0001127602-20-002901,2020-01-29,xslF345X03/form4.xml,recent
2020-01-31,4,0001127602-20-002898,2020-01-29,xslF345X03/form4.xml,recent
2020-01-31,8-K,0000093410-20-000005,2020-01-31,cvx12312019-8xkdoc.htm,recent
2020-02-03,8-K,0000093410-20-000007,2020-01-28,a20200128form8-kcompen.htm,recent
2020-02-04,4,0001127602-20-003516,2020-01-31,xslF345X03/form4.xml,recent
2020-02-05,SC 13G/A,0000834237-20-004880,,us1667641005_020420.txt,recent
2020-02-10,4,0001127602-20-004650,2020-02-06,xslF345X03/form4.xml,recent
2020-02-12,SC 13G/A,0001104659-20-018227,,tv01524-chevroncorp.htm,recent
2020-02-14,4,0001127602-20-005660,2020-02-12,xslF345X03/form4.xml,recent
2020-02-14,SC 13G,0000093751-20-000501,,ChevronCorp.txt,recent
2020-02-21,10-K,0000093410-20-000010,2019-12-31,cvx12312019-10kdoc.htm,recent
2020-02-26,4,0001127602-20-007967,2020-02-24,xslF345X03/form4.xml,recent
2020-03-02,4,0001127602-20-008698,2020-03-02,xslF345X03/form4.xml,recent
2020-03-02,4,0001127602-20-008690,2020-02-27,xslF345X03/form4.xml,recent
2020-03-03,4,0001127602-20-009176,2020-02-28,xslF345X03/form4.xml,recent
2020-03-04,4,0001127602-20-009440,2020-02-14,xslF345X03/form4.xml,recent
2020-03-04,4,0001127602-20-009433,2020-03-02,xslF345X03/form4.xml,recent
2020-03-04,4,0001127602-20-009419,2020-03-02,xslF345X03/form4.xml,recent
2020-03-10,SC 13G/A,0000093751-20-000735,,ChevronCorp.txt,recent
2020-03-24,8-K,0000093410-20-000012,2020-03-24,cvx03242020-8xkdocanno.htm,recent
2020-04-07,DEF 14A,0001193125-20-100407,2020-05-27,d838093ddef14a.htm,recent
2020-04-07,DEFA14A,0001193125-20-100419,,d875376ddefa14a.htm,recent
2020-04-07,DEFA14A,0001193125-20-100414,,d908119ddefa14a.htm,recent
2020-04-07,DEFA14A,0001193125-20-100411,,d891896ddefa14a.htm,recent
2020-04-16,DEFA14A,0001193125-20-109319,,d884152ddefa14a.htm,recent
2020-04-17,PX14A6G,0001214659-20-003443,,r416202px14a6g.htm,recent
2020-05-01,8-K,0000093410-20-000017,2020-05-01,cvx05012020-8xkdoc.htm,recent
2020-05-01,8-K,0000093410-20-000015,2020-05-01,cvx03312020-8xkdoc.htm,recent
2020-05-06,10-Q,0000093410-20-000020,2020-03-31,cvx03312020-10qdoc.htm,recent
2020-05-07,305B2,0001193125-20-135975,,d928033d305b2.htm,recent
2020-05-07,424B3,0001193125-20-135677,,d925941d424b3.htm,recent
2020-05-07,PX14A6G,0001140361-20-010902,,formpx14a6g.htm,recent
2020-05-08,424B2,0001193125-20-137099,,d925941d424b2.htm,recent
2020-05-08,FWP,0001193125-20-136673,,d842658dfwp.htm,recent
2020-05-08,PX14A6G,0001214659-20-004211,,j58203px14a6g.htm,recent
2020-05-12,8-K,0001193125-20-139497,2020-05-11,d877876d8k.htm,recent
2020-05-18,UPLOAD,0000000000-20-004370,,filename1.pdf,recent
2020-05-27,CORRESP,0000093410-20-000026,,filename1.htm,recent
2020-05-27,SD,0000093410-20-000024,,formsd52720.htm,recent
2020-05-29,4,0001127602-20-018180,2020-05-27,xslF345X03/form4.xml,recent
2020-05-29,4,0001127602-20-018178,2020-05-27,xslF345X03/form4.xml,recent
2020-05-29,4,0001127602-20-018176,2020-05-27,xslF345X03/form4.xml,recent
2020-05-29,4,0001127602-20-018174,2020-05-27,xslF345X03/form4.xml,recent
2020-05-29,4,0001127602-20-018172,2020-05-27,xslF345X03/form4.xml,recent
2020-05-29,4,0001127602-20-018169,2020-05-27,xslF345X03/form4.xml,recent
2020-05-29,4,0001127602-20-018166,2020-05-27,xslF345X03/form4.xml,recent
2020-05-29,4,0001127602-20-018162,2020-05-27,xslF345X03/form4.xml,recent
2020-05-29,4,0001127602-20-018160,2020-05-27,xslF345X03/form4.xml,recent
2020-05-29,8-K,0000093410-20-000028,2020-05-27,a20200527form8-kvotere.htm,recent
2020-05-29,UPLOAD,0000000000-20-004824,,filename1.pdf,recent
2020-06-02,4,0001127602-20-018530,2020-05-27,xslF345X03/form4.xml,recent
2020-06-02,4,0001127602-20-018528,2020-06-01,xslF345X03/form4.xml,recent
2020-06-02,4,0001127602-20-018526,2020-06-01,xslF345X03/form4.xml,recent
2020-06-24,11-K,0000093410-20-000031,2019-12-31,a2020form11-k.htm,recent
2020-07-20,425,0000950142-20-001774,,eh2000944_425-ct.htm,recent
2020-07-20,425,0000950142-20-001772,,eh2000940_425-ltr.htm,recent
2020-07-20,425,0000950142-20-001771,,eh2000936_425-nbl.htm,recent
2020-07-20,425,0000950142-20-001770,,eh2000935_425-cvx.htm,recent
2020-07-20,425,0000950142-20-001769,,eh2000934_425-faq.htm,recent
2020-07-20,425,0000950142-20-001760,,eh2000938_425-deck.htm,recent
2020-07-20,425,0000950142-20-001758,,eh2000933_425.htm,recent
2020-07-20,8-K,0000950142-20-001757,2020-07-20,eh2000932_8k.htm,recent
2020-07-22,425,0000950142-20-001776,,eh2000949_425.htm,recent
2020-07-31,425,0000950142-20-001858,,eh2000955_425-cc.htm,recent
2020-07-31,425,0000950142-20-001857,,eh2000954_425.htm,recent
2020-07-31,8-K,0000093410-20-000036,2020-07-31,cvx-20200731.htm,recent
2020-08-05,10-Q,0000093410-20-000039,2020-06-30,cvx-20200630.htm,recent
2020-08-06,425,0000950142-20-001915,,eh2000981_425.htm,recent
2020-08-07,S-3ASR,0001193125-20-213778,,d19690ds3asr.htm,recent
2020-08-10,424B3,0001193125-20-214181,,d39561d424b3.htm,recent
2020-08-11,424B2,0001193125-20-216505,,d39561d424b2.htm,recent
2020-08-11,FWP,0001193125-20-215548,,d895682dfwp.htm,recent
2020-08-11,FWP,0001193125-20-215217,,d895682dfwp.htm,recent
2020-08-11,S-4,0001193125-20-216333,,d943112ds4.htm,recent
2020-08-13,4,0001127602-20-023543,2020-08-11,xslF345X03/form4.xml,recent
2020-08-13,8-K,0001193125-20-218015,2020-08-12,d91339d8k.htm,recent
2020-08-18,UPLOAD,0000000000-20-007615,,filename1.pdf,recent
2020-08-24,CORRESP,0001193125-20-228523,,filename1.htm,recent
2020-08-24,S-4/A,0001193125-20-227448,,d943112ds4a.htm,recent
2020-08-26,424B3,0001193125-20-231235,,d943112d424b3.htm,recent
2020-08-26,EFFECT,9999999995-20-002264,,xslEFFECTX01/primary_doc.xml,recent
2020-09-01,4,0001127602-20-024576,2020-08-28,xslF345X03/form4.xml,recent
2020-09-01,4,0001127602-20-024574,2020-08-28,xslF345X03/form4.xml,recent
2020-09-01,4,0001127602-20-024569,2020-08-28,xslF345X03/form4.xml,recent
2020-09-09,8-K,0000093410-20-000042,2020-09-03,cvx-20200903.htm,recent
2020-09-17,3,0001127602-20-025300,2020-09-15,xslF345X02/form3.xml,recent
2020-09-17,4,0001127602-20-025302,2020-09-15,xslF345X03/form4.xml,recent
2020-09-24,425,0000950142-20-002306,,eh200102291_425-nble.htm,recent
2020-09-24,8-K,0000950142-20-002305,2020-09-24,eh200102290_8k.htm,recent
2020-10-02,8-K,0000093410-20-000044,2020-09-30,cvx-20200930.htm,recent
2020-10-05,3,0000899243-20-027114,2020-10-05,xslF345X02/doc3.xml,recent
2020-10-05,425,0001193125-20-263375,,d91455d425.htm,recent
2020-10-05,8-K,0001193125-20-263371,2020-10-05,d91455d8k.htm,recent
2020-10-05,S-3ASR,0001193125-20-263399,,d13982ds3asr.htm,recent
2020-10-05,S-8,0001193125-20-263394,,d14116ds8.htm,recent
2020-10-05,S-8 POS,0001193125-20-263384,,d14070ds8pos.htm,recent
2020-10-05,SC 13D,0001193125-20-263408,,d41190dsc13d.htm,recent
2020-10-30,8-K,0000093410-20-000047,2020-10-30,cvx-20201030.htm,recent
2020-11-05,10-Q,0000093410-20-000050,2020-09-30,cvx-20200930.htm,recent
2020-11-10,4,0001127602-20-028639,2020-11-06,xslF345X03/form4.xml,recent
2020-11-25,4,0001127602-20-030015,2020-11-24,xslF345X03/form4.xml,recent
2020-12-02,4,0001127602-20-030335,2020-11-30,xslF345X03/form4.xml,recent
2020-12-02,4,0001127602-20-030326,2020-11-30,xslF345X03/form4.xml,recent
2020-12-03,8-K,0000093410-20-000053,2020-12-02,cvx-20201202.htm,recent
2020-12-03,S-4,0001193125-20-308902,,d88905ds4.htm,recent
2020-12-04,S-4/A,0001193125-20-310049,,d88905ds4a.htm,recent
2020-12-09,CORRESP,0001193125-20-314129,,filename1.htm,recent
2020-12-10,UPLOAD,0000000000-20-011839,,filename1.pdf,recent
2020-12-11,EFFECT,9999999995-20-003506,,xslEFFECTX01/primary_doc.xml,recent
2020-12-14,424B3,0001193125-20-317065,,d88905d424b3.htm,recent
2020-12-21,4,0001127602-20-032137,2020-12-17,xslF345X03/form4.xml,recent
2020-12-21,4,0001127602-20-032135,2020-12-17,xslF345X03/form4.xml,recent
2020-12-21,4,0001127602-20-032133,2020-12-17,xslF345X03/form4.xml,recent
2020-12-21,4,0001127602-20-032131,2020-12-17,xslF345X03/form4.xml,recent
2020-12-21,4,0001127602-20-032129,2020-12-17,xslF345X03/form4.xml,recent
2020-12-21,4,0001127602-20-032127,2020-12-17,xslF345X03/form4.xml,recent
2020-12-21,4,0001127602-20-032125,2020-12-17,xslF345X03/form4.xml,recent
2020-12-21,4,0001127602-20-032123,2020-12-17,xslF345X03/form4.xml,recent
2020-12-21,4,0001127602-20-032122,2020-12-17,xslF345X03/form4.xml,recent
2021-01-05,3,0001127602-21-000537,2021-01-01,xslF345X02/form3.xml,recent
2021-01-05,4,0001127602-21-000560,2021-01-01,xslF345X03/form4.xml,recent
2021-01-06,8-K,0001193125-21-003304,2021-01-06,d10652d8k.htm,recent
2021-01-19,4,0001127602-21-001982,2021-01-14,xslF345X03/form4.xml,recent
2021-01-19,4,0001127602-21-001979,2021-01-14,xslF345X03/form4.xml,recent
2021-01-21,4,0001127602-21-002269,2021-01-19,xslF345X03/form4.xml,recent
2021-01-22,4,0001127602-21-002338,2021-01-20,xslF345X03/form4.xml,recent
2021-01-29,4,0001127602-21-003064,2021-01-27,xslF345X03/form4.xml,recent
2021-01-29,4,0001127602-21-003062,2021-01-27,xslF345X03/form4.xml,recent
2021-01-29,4,0001127602-21-003060,2021-01-27,xslF345X03/form4.xml,recent
2021-01-29,4,0001127602-21-003058,2021-01-27,xslF345X03/form4.xml,recent
2021-01-29,4,0001127602-21-003056,2021-01-27,xslF345X03/form4.xml,recent
2021-01-29,4,0001127602-21-003054,2021-01-27,xslF345X03/form4.xml,recent
2021-01-29,4,0001127602-21-003052,2021-01-27,xslF345X03/form4.xml,recent
2021-01-29,4,0001127602-21-003048,2021-01-27,xslF345X03/form4.xml,recent
2021-01-29,4,0001127602-21-003046,2021-01-27,xslF345X03/form4.xml,recent
2021-01-29,8-K,0000093410-21-000003,2021-01-29,cvx-20210129.htm,recent
2021-01-29,SC 13G/A,0000834237-21-002827,,us1667641005_012821.txt,recent
2021-02-01,8-K,0000093410-21-000005,2021-01-26,cvx-20210126.htm,recent
2021-02-02,4,0001127602-21-003510,2021-01-31,xslF345X03/form4.xml,recent
2021-02-02,4,0001127602-21-003508,2021-01-31,xslF345X03/form4.xml,recent
2021-02-05,425,0001193125-21-030401,,d115817d425.htm,recent
2021-02-05,SC 13D/A,0001193125-21-030839,,d116405dsc13da.htm,recent
2021-02-08,SC 13G,0000093751-21-000092,,Chevron_Corp.txt,recent
2021-02-09,5,0001127602-21-004717,2020-12-31,xslF345X03/form5.xml,recent
2021-02-09,5,0001127602-21-004713,2020-12-31,xslF345X03/form5.xml,recent
2021-02-09,5,0001127602-21-004705,2020-12-31,xslF345X03/form5.xml,recent
2021-02-10,SC 13G/A,0001104659-21-017741,,tv0527-chevroncorp.htm,recent
2021-02-22,4,0001127602-21-007050,2021-02-18,xslF345X03/form4.xml,recent
2021-02-25,10-K,0000093410-21-000009,2020-12-31,cvx-20201231.htm,recent
2021-03-03,4,0001127602-21-009198,2021-03-01,xslF345X03/form4.xml,recent
2021-03-03,4,0001127602-21-009167,2021-03-01,xslF345X03/form4.xml,recent
2021-03-03,4,0001127602-21-009147,2021-03-01,xslF345X03/form4.xml,recent
2021-03-05,425,0001193125-21-071414,,d36132d425.htm,recent
2021-03-05,SC 13D/A,0001193125-21-071409,,d135180dsc13da.htm,recent
2021-03-22,S-4,0001193125-21-089220,,d153017ds4.htm,recent
2021-03-30,UPLOAD,0000000000-21-003828,,filename1.pdf,recent
2021-04-08,DEF 14A,0001193125-21-109793,2021-05-26,d74377ddef14a.htm,recent
2021-04-08,DEFA14A,0001193125-21-109810,,d34296ddefa14a.htm,recent
2021-04-08,DEFA14A,0001193125-21-109803,,d137038ddefa14a.htm,recent
2021-04-08,DEFA14A,0001193125-21-109795,,d81438ddefa14a.htm,recent
2021-04-08,S-4/A,0001193125-21-110019,,d153017ds4a.htm,recent
2021-04-09,CORRESP,0001193125-21-111494,,filename1.htm,recent
2021-04-13,424B3,0001193125-21-114643,,d153017d424b3.htm,recent
2021-04-13,EFFECT,9999999995-21-001410,,xslEFFECTX01/primary_doc.xml,recent
2021-04-19,PX14A6G,0001214659-21-004295,,d417212px14a6g.htm,recent
2021-04-23,PX14A6G,0001214659-21-004422,,p423212px14a6g.htm,recent
2021-04-29,425,0001193125-21-140835,,d173562d425.htm,recent
2021-04-30,8-K,0000093410-21-000012,2021-04-30,cvx-20210430.htm,recent
2021-05-03,PX14A6G,0001214659-21-004750,,d53214px14a6g.htm,recent
2021-05-05,DEFA14A,0001193125-21-150375,,d119317ddefa14a.htm,recent
2021-05-06,10-Q,0000093410-21-000015,2021-03-31,cvx-20210331.htm,recent
2021-05-06,PX14A6G,0001387131-21-005398,,cvx-px14a6g_050621.htm,recent
2021-05-10,SD,0000093410-21-000018,,formsd51021.htm,recent
2021-05-11,4,0000899243-21-019143,2021-05-11,xslF345X03/doc4.xml,recent
2021-05-12,4,0001127602-21-016427,2021-05-10,xslF345X03/form4.xml,recent
2021-05-12,SC 13D/A,0001193125-21-157992,,d420742dsc13da.htm,recent
2021-05-14,PX14A6G,0001214659-21-005338,,f513210px14a6g.htm,recent
2021-05-19,4,0001127602-21-017387,2021-05-17,xslF345X03/form4.xml,recent
2021-05-28,4,0001127602-21-018342,2021-05-26,xslF345X03/form4.xml,recent
2021-05-28,4,0001127602-21-018340,2021-05-26,xslF345X03/form4.xml,recent
2021-05-28,4,0001127602-21-018338,2021-05-26,xslF345X03/form4.xml,recent
2021-05-28,4,0001127602-21-018336,2021-05-26,xslF345X03/form4.xml,recent
2021-05-28,4,0001127602-21-018334,2021-05-26,xslF345X03/form4.xml,recent
2021-05-28,4,0001127602-21-018332,2021-05-26,xslF345X03/form4.xml,recent
2021-05-28,4,0001127602-21-018329,2021-05-26,xslF345X03/form4.xml,recent
2021-05-28,4,0001127602-21-018324,2021-05-26,xslF345X03/form4.xml,recent
2021-05-28,4,0001127602-21-018321,2021-05-26,xslF345X03/form4.xml,recent
2021-05-28,4,0001127602-21-018319,2021-05-26,xslF345X03/form4.xml,recent
2021-05-28,4,0001127602-21-018317,2021-05-26,xslF345X03/form4.xml,recent
2021-05-28,8-K,0000093410-21-000020,2021-05-26,cvx-20210526.htm,recent
2021-06-02,4,0001127602-21-018734,2021-05-28,xslF345X03/form4.xml,recent
2021-06-02,4,0001127602-21-018723,2021-05-28,xslF345X03/form4.xml,recent
2021-06-02,4,0001127602-21-018714,2021-05-28,xslF345X03/form4.xml,recent
2021-06-21,11-K,0000093410-21-000024,2020-12-31,nbl_2020401kxform11-k.htm,recent
2021-06-22,11-K,0000093410-21-000026,2020-12-31,a2021form11-k.htm,recent
2021-07-30,8-K,0000093410-21-000028,2021-07-30,cvx-20210730.htm,recent
2021-08-02,8-K,0000093410-21-000031,2021-07-27,cvx-20210727.htm,recent
2021-08-05,10-Q,0000093410-21-000036,2021-06-30,cvx-20210630.htm,recent
2021-08-05,S-8,0000093410-21-000038,,s-8080521.htm,recent
2021-08-31,4,0001127602-21-024591,2021-08-27,xslF345X03/form4.xml,recent
2021-08-31,4,0001127602-21-024589,2021-08-27,xslF345X03/form4.xml,recent
2021-08-31,4,0001127602-21-024587,2021-08-27,xslF345X03/form4.xml,recent
2021-09-01,3,0001127602-21-024709,2021-09-01,xslF345X02/form3.xml,recent
2021-10-04,8-K,0001193125-21-290504,2021-10-04,d205610d8k.htm,recent
2021-10-12,8-K,0001193125-21-296226,2021-10-08,d241636d8k.htm,recent
2021-10-22,4,0001127602-21-027486,2021-10-20,xslF345X03/form4.xml,recent
2021-10-22,4,0001127602-21-027484,2021-10-20,xslF345X03/form4.xml,recent
2021-10-29,8-K,0000093410-21-000043,2021-10-29,cvx-20211029.htm,recent
2021-11-02,4,0001127602-21-028136,2021-10-29,xslF345X03/form4.xml,recent
2021-11-02,4,0001127602-21-028118,2021-10-29,xslF345X03/form4.xml,recent
2021-11-03,4,0001127602-21-028315,2021-11-01,xslF345X03/form4.xml,recent
2021-11-03,4,0001127602-21-028301,2021-11-01,xslF345X03/form4.xml,recent
2021-11-04,10-Q,0000093410-21-000046,2021-09-30,cvx-20210930.htm,recent
2021-11-08,4,0001127602-21-028599,2021-11-04,xslF345X03/form4.xml,recent
2021-11-09,4,0001127602-21-028718,2021-11-05,xslF345X03/form4.xml,recent
2021-11-10,4,0001127602-21-028857,2021-11-09,xslF345X03/form4.xml,recent
2021-11-17,4,0001127602-21-029525,2021-11-15,xslF345X03/form4.xml,recent
2021-11-18,4,0001127602-21-029554,2021-11-16,xslF345X03/form4.xml,recent
2021-11-30,4,0001127602-21-029874,2021-11-26,xslF345X03/form4.xml,recent
2021-12-01,4,0001127602-21-029948,2021-11-29,xslF345X03/form4.xml,recent
2021-12-01,4,0001127602-21-029945,2021-11-29,xslF345X03/form4.xml,recent
2021-12-01,4,0001127602-21-029940,2021-11-29,xslF345X03/form4.xml,recent
2021-12-03,4,0001127602-21-030266,2021-12-01,xslF345X03/form4.xml,recent
2021-12-08,4,0001127602-21-030563,2021-12-07,xslF345X03/form4.xml,recent
2021-12-09,4,0001127602-21-030631,2021-12-07,xslF345X03/form4.xml,recent
2021-12-21,4,0001127602-21-031729,2021-12-17,xslF345X03/form4.xml,recent
2021-12-21,4,0001127602-21-031727,2021-12-17,xslF345X03/form4.xml,recent
2021-12-21,4,0001127602-21-031725,2021-12-17,xslF345X03/form4.xml,recent
2021-12-21,4,0001127602-21-031723,2021-12-17,xslF345X03/form4.xml,recent
2021-12-21,4,0001127602-21-031721,2021-12-17,xslF345X03/form4.xml,recent
2021-12-21,4,0001127602-21-031719,2021-12-17,xslF345X03/form4.xml,recent
2021-12-21,4,0001127602-21-031717,2021-12-17,xslF345X03/form4.xml,recent
2021-12-21,4,0001127602-21-031715,2021-12-17,xslF345X03/form4.xml,recent
2021-12-21,4,0001127602-21-031713,2021-12-17,xslF345X03/form4.xml,recent
2022-01-06,4,0001127602-22-001104,2022-01-04,xslF345X03/form4.xml,recent
2022-01-11,4,0001127602-22-001335,2022-01-07,xslF345X03/form4.xml,recent
2022-01-13,4,0001127602-22-001473,2022-01-11,xslF345X03/form4.xml,recent
2022-01-20,4,0001127602-22-001715,2022-01-18,xslF345X03/form4.xml,recent
2022-01-20,4,0001127602-22-001698,2022-01-18,xslF345X03/form4.xml,recent
2022-01-24,4,0001127602-22-001943,2022-01-20,xslF345X03/form4.xml,recent
2022-01-28,4,0001127602-22-002425,2022-01-26,xslF345X03/form4.xml,recent
2022-01-28,4,0001127602-22-002424,2022-01-26,xslF345X03/form4.xml,recent
2022-01-28,4,0001127602-22-002421,2022-01-26,xslF345X03/form4.xml,recent
2022-01-28,4,0001127602-22-002420,2022-01-26,xslF345X03/form4.xml,recent
2022-01-28,4,0001127602-22-002418,2022-01-26,xslF345X03/form4.xml,recent
2022-01-28,4,0001127602-22-002416,2022-01-26,xslF345X03/form4.xml,recent
2022-01-28,4,0001127602-22-002415,2022-01-26,xslF345X03/form4.xml,recent
2022-01-28,4,0001127602-22-002414,2022-01-26,xslF345X03/form4.xml,recent
2022-01-28,4,0001127602-22-002405,2022-01-26,xslF345X03/form4.xml,recent
2022-01-28,8-K,0000093410-22-000004,2022-01-28,cvx-20220128.htm,recent
2022-01-28,8-K/A,0000093410-22-000006,2021-07-27,cvx-20210727.htm,recent
2022-01-31,8-K,0000093410-22-000009,2022-01-26,cvx-20220126.htm,recent
2022-02-01,SC 13G/A,0000834237-22-004063,,us1667641005_012822.txt,recent
2022-02-02,4,0001127602-22-003021,2022-01-31,xslF345X03/form4.xml,recent
2022-02-02,4,0001127602-22-003018,2022-01-31,xslF345X03/form4.xml,recent
2022-02-02,4,0001127602-22-003013,2022-01-31,xslF345X03/form4.xml,recent
2022-02-02,4,0001127602-22-003010,2022-01-31,xslF345X03/form4.xml,recent
2022-02-02,4,0001127602-22-003005,2022-01-31,xslF345X03/form4.xml,recent
2022-02-02,4,0001127602-22-002999,2022-01-31,xslF345X03/form4.xml,recent
2022-02-02,4,0001127602-22-002993,2022-01-31,xslF345X03/form4.xml,recent
2022-02-02,4,0001127602-22-002989,2022-01-31,xslF345X03/form4.xml,recent
2022-02-02,4,0001127602-22-002986,2022-01-31,xslF345X03/form4.xml,recent
2022-02-02,4,0001127602-22-002984,2022-01-31,xslF345X03/form4.xml,recent
2022-02-09,4,0001127602-22-003981,2022-02-07,xslF345X03/form4.xml,recent
2022-02-09,4,0001127602-22-003974,2022-02-07,xslF345X03/form4.xml,recent
2022-02-09,4,0001127602-22-003962,2022-02-07,xslF345X03/form4.xml,recent
2022-02-09,SC 13G/A,0001104659-22-016803,,tv0574-chevroncorp.htm,recent
2022-02-10,11-K,0000093410-22-000016,2021-09-30,nbl_2021401kxform11-k.htm,recent
2022-02-10,4,0001127602-22-004314,2022-02-09,xslF345X03/form4.xml,recent
2022-02-10,S-8 POS,0000093410-22-000014,,s-8posfeb2022.htm,recent
2022-02-14,SC 13G/A,0000093751-22-000379,,CHEVRON_CORP.txt,recent
2022-02-15,4,0001127602-22-005017,2022-02-11,xslF345X03/form4.xml,recent
2022-02-15,4,0001127602-22-005007,2022-02-11,xslF345X03/form4.xml,recent
2022-02-16,4,0001127602-22-005344,2022-02-14,xslF345X03/form4.xml,recent
2022-02-24,10-K,0000093410-22-000019,2021-12-31,cvx-20211231.htm,recent
2022-02-24,4,0001127602-22-006655,2022-02-22,xslF345X03/form4.xml,recent
2022-02-24,4,0001127602-22-006651,2022-02-22,xslF345X03/form4.xml,recent
2022-02-24,4,0001127602-22-006649,2022-02-22,xslF345X03/form4.xml,recent
2022-02-28,8-K,0000950142-22-000839,2022-02-28,eh220229607_8k.htm,recent
2022-03-01,4,0001127602-22-007454,2022-02-25,xslF345X03/form4.xml,recent
2022-03-01,4,0001127602-22-007426,2022-02-25,xslF345X03/form4.xml,recent
2022-03-01,4,0001127602-22-007393,2022-02-25,xslF345X03/form4.xml,recent
2022-03-02,4,0001127602-22-007720,2022-03-01,xslF345X03/form4.xml,recent
2022-03-02,4,0001127602-22-007713,2022-02-28,xslF345X03/form4.xml,recent
2022-03-02,4,0001127602-22-007705,2022-02-28,xslF345X03/form4.xml,recent
2022-03-02,4,0001127602-22-007695,2022-02-28,xslF345X03/form4.xml,recent
2022-03-08,PX14A6G,0001387131-22-003291,,cvx-px14a6g_030822.htm,recent
2022-04-07,DEF 14A,0001193125-22-098301,2022-05-25,d292137ddef14a.htm,recent
2022-04-07,DEFA14A,0001193125-22-098313,,d305704ddefa14a.htm,recent
2022-04-07,DEFA14A,0001193125-22-098308,,d331545ddefa14a.htm,recent
2022-04-07,DEFA14A,0001193125-22-098306,,d339639ddefa14a.htm,recent
2022-04-14,DEFA14A,0001193125-22-104570,,d341327ddefa14a.htm,recent
2022-04-20,PX14A6G,0001214659-22-005477,,e419220px14a6g.htm,recent
2022-04-20,PX14A6G,0001214659-22-005464,,d420220px14a6g.htm,recent
2022-04-22,PX14A6G,0001387131-22-005129,,cvx-px14a6g_042222.htm,recent
2022-04-29,8-K,0000093410-22-000023,2022-04-29,cvx-20220429.htm,recent
2022-05-02,PX14A6G,0001214659-22-006080,,o429223px14a6g.htm,recent
2022-05-03,PX14A6G,0001214659-22-006189,,o53224px14a6g.htm,recent
2022-05-04,10-Q,0000093410-22-000026,2022-03-31,cvx-20220331.htm,recent
2022-05-04,10-Q/A,0000093410-22-000028,2022-03-31,cvx-20220331.htm,recent
2022-05-04,DEFA14A,0001193125-22-139284,,d345713ddefa14a.htm,recent
2022-05-05,4,0001127602-22-013565,2022-05-03,xslF345X03/form4.xml,recent
2022-05-05,4,0001127602-22-013560,2022-05-03,xslF345X03/form4.xml,recent
2022-05-05,4,0001127602-22-013536,2022-05-03,xslF345X03/form4.xml,recent
2022-05-06,4,0001127602-22-013729,2022-05-04,xslF345X03/form4.xml,recent
2022-05-06,4,0001127602-22-013705,2022-05-04,xslF345X03/form4.xml,recent
2022-05-10,4,0001127602-22-014037,2022-05-06,xslF345X03/form4.xml,recent
2022-05-10,4,0001127602-22-014029,2022-05-06,xslF345X03/form4.xml,recent
2022-05-10,4,0001127602-22-014027,2022-05-06,xslF345X03/form4.xml,recent
2022-05-10,4,0001127602-22-014025,2022-05-06,xslF345X03/form4.xml,recent
2022-05-10,SD,0000093410-22-000030,,formsdmay2022.htm,recent
2022-05-11,PX14A6G,0001623632-22-000596,,form.htm,recent
2022-05-11,PX14A6G,0001214659-22-006616,,j510225px14a6g.htm,recent
2022-05-12,4,0001127602-22-014288,2022-05-10,xslF345X03/form4.xml,recent
2022-05-13,4,0001127602-22-014422,2022-05-11,xslF345X03/form4.xml,recent
2022-05-17,4,0001127602-22-014760,2022-05-13,xslF345X03/form4.xml,recent
2022-05-17,4,0001127602-22-014754,2022-05-13,xslF345X03/form4.xml,recent
2022-05-18,4,0001127602-22-014987,2022-05-16,xslF345X03/form4.xml,recent
2022-05-18,DEFA14A,0001193125-22-153735,,d352889ddefa14a.htm,recent
2022-05-26,4,0001127602-22-015800,2022-05-24,xslF345X03/form4.xml,recent
2022-05-27,4,0001127602-22-015896,2022-05-25,xslF345X03/form4.xml,recent
2022-05-27,4,0001127602-22-015893,2022-05-25,xslF345X03/form4.xml,recent
2022-05-27,4,0001127602-22-015890,2022-05-25,xslF345X03/form4.xml,recent
2022-05-27,4,0001127602-22-015888,2022-05-25,xslF345X03/form4.xml,recent
2022-05-27,4,0001127602-22-015886,2022-05-25,xslF345X03/form4.xml,recent
2022-05-27,4,0001127602-22-015883,2022-05-25,xslF345X03/form4.xml,recent
2022-05-27,4,0001127602-22-015876,2022-05-25,xslF345X03/form4.xml,recent
2022-05-27,4,0001127602-22-015871,2022-05-25,xslF345X03/form4.xml,recent
2022-05-27,4,0001127602-22-015864,2022-05-25,xslF345X03/form4.xml,recent
2022-05-27,4,0001127602-22-015860,2022-05-25,xslF345X03/form4.xml,recent
2022-05-27,4,0001127602-22-015858,2022-05-25,xslF345X03/form4.xml,recent
2022-05-27,4,0001127602-22-015856,2022-05-25,xslF345X03/form4.xml,recent
2022-05-27,8-K,0000093410-22-000036,2022-05-24,cvx-20220524.htm,recent
2022-05-27,8-K,0000093410-22-000035,2022-05-25,cvx-20220525.htm,recent
2022-05-31,4,0001127602-22-016034,2022-05-26,xslF345X03/form4.xml,recent
2022-05-31,8-K,0000093410-22-000042,2022-05-25,cvx-20220525.htm,recent
2022-05-31,8-K,0000093410-22-000040,2022-05-25,cvx-20220525.htm,recent
2022-06-01,4,0001127602-22-016201,2022-05-27,xslF345X03/form4.xml,recent
2022-06-01,4,0001127602-22-016196,2022-05-27,xslF345X03/form4.xml,recent
2022-06-01,4,0001127602-22-016194,2022-05-27,xslF345X03/form4.xml,recent
2022-06-01,4,0001127602-22-016192,2022-05-27,xslF345X03/form4.xml,recent
2022-06-13,8-K,0000950142-22-001875,2022-06-13,eh220260041_8k.htm,recent
2022-06-13,UPLOAD,0000000000-22-006456,,filename1.pdf,recent
2022-06-14,3,0001127602-22-017455,2022-06-13,xslF345X02/form3.xml,recent
2022-06-14,4,0001127602-22-017459,2022-06-13,xslF345X03/form4.xml,recent
2022-06-21,S-8,0000093410-22-000047,,s-82022ltip.htm,recent
2022-06-22,11-K,0000093410-22-000050,2021-12-31,a2022form11-k.htm,recent
2022-06-24,CORRESP,0000093410-22-000058,,filename1.htm,recent
2022-07-29,8-K,0000093410-22-000062,2022-07-29,cvx-20220729.htm,recent
2022-08-01,8-K,0001193125-22-208191,2022-07-26,d356449d8k.htm,recent
2022-08-02,4,0001127602-22-020296,2022-08-01,xslF345X03/form4.xml,recent
2022-08-04,10-Q,0000093410-22-000066,2022-06-30,cvx-20220630.htm,recent
2022-08-15,4,0001127602-22-020953,2022-08-11,xslF345X03/form4.xml,recent
2022-08-25,4,0001127602-22-021603,2022-08-23,xslF345X03/form4.xml,recent
2022-08-29,4,0001127602-22-021724,2022-08-25,xslF345X03/form4.xml,recent
2022-08-30,4,0001127602-22-021775,2022-08-26,xslF345X03/form4.xml,recent
2022-08-30,4,0001127602-22-021773,2022-08-26,xslF345X03/form4.xml,recent
2022-08-30,4,0001127602-22-021771,2022-08-26,xslF345X03/form4.xml,recent
2022-08-30,4,0001127602-22-021769,2022-08-26,xslF345X03/form4.xml,recent
2022-09-07,UPLOAD,0000000000-22-009711,,filename1.pdf,recent
2022-09-21,CORRESP,0000093410-22-000068,,filename1.htm,recent
2022-09-22,UPLOAD,0000000000-22-010468,,filename1.pdf,recent
2022-10-05,3,0001127602-22-023720,2022-10-01,xslF345X02/form3.xml,recent
2022-10-28,8-K,0000093410-22-000072,2022-10-28,cvx-20221028.htm,recent
2022-11-03,10-Q,0000093410-22-000075,2022-09-30,cvx-20220930.htm,recent
2022-11-03,4,0001127602-22-024888,2022-11-01,xslF345X03/form4.xml,recent
2022-11-03,4,0001127602-22-024883,2022-11-01,xslF345X03/form4.xml,recent
2022-11-07,4,0001127602-22-025036,2022-11-03,xslF345X03/form4.xml,recent
2022-11-08,4,0001127602-22-025148,2022-11-04,xslF345X03/form4.xml,recent
2022-11-22,4,0001127602-22-026268,2022-11-21,xslF345X03/form4.xml,recent
2022-11-30,4,0001127602-22-026572,2022-11-28,xslF345X03/form4.xml,recent
2022-11-30,4,0001127602-22-026568,2022-11-28,xslF345X03/form4.xml,recent
2022-11-30,4,0001127602-22-026564,2022-11-28,xslF345X03/form4.xml,recent
2022-11-30,4,0001127602-22-026562,2022-11-28,xslF345X03/form4.xml,recent
2022-11-30,4,0001127602-22-026560,2022-11-28,xslF345X03/form4.xml,recent
2022-11-30,4,0001127602-22-026558,2022-11-22,xslF345X03/form4.xml,recent
2022-12-02,4,0001127602-22-026773,2022-11-28,xslF345X03/form4.xml,recent
2022-12-02,4,0001127602-22-026769,2022-11-30,xslF345X03/form4.xml,recent
2022-12-08,8-K,0000093410-22-000078,2022-12-07,cvx-20221207.htm,recent
2022-12-20,4,0001127602-22-028032,2022-12-16,xslF345X03/form4.xml,recent
2022-12-20,4,0001127602-22-028030,2022-12-16,xslF345X03/form4.xml,recent
2022-12-20,4,0001127602-22-028028,2022-12-16,xslF345X03/form4.xml,recent
2022-12-20,4,0001127602-22-028026,2022-12-16,xslF345X03/form4.xml,recent
2022-12-20,4,0001127602-22-028023,2022-12-16,xslF345X03/form4.xml,recent
2022-12-20,4,0001127602-22-028021,2022-12-16,xslF345X03/form4.xml,recent
2022-12-20,4,0001127602-22-028019,2022-12-16,xslF345X03/form4.xml,recent
2022-12-20,4,0001127602-22-028017,2022-12-16,xslF345X03/form4.xml,recent
2023-01-18,3,0001127602-23-001674,2023-01-11,xslF345X02/form3.xml,recent
2023-01-27,4,0001127602-23-002468,2023-01-25,xslF345X03/form4.xml,recent
2023-01-27,4,0001127602-23-002466,2023-01-25,xslF345X03/form4.xml,recent
2023-01-27,4,0001127602-23-002464,2023-01-25,xslF345X03/form4.xml,recent
2023-01-27,4,0001127602-23-002462,2023-01-25,xslF345X03/form4.xml,recent
2023-01-27,4,0001127602-23-002453,2023-01-25,xslF345X03/form4.xml,recent
2023-01-27,4,0001127602-23-002445,2023-01-25,xslF345X03/form4.xml,recent
2023-01-27,4,0001127602-23-002440,2023-01-25,xslF345X03/form4.xml,recent
2023-01-27,4,0001127602-23-002433,2023-01-25,xslF345X03/form4.xml,recent
2023-01-27,4,0001127602-23-002426,2023-01-25,xslF345X03/form4.xml,recent
2023-01-27,8-K,0000093410-23-000005,2023-01-24,cvx-20230124.htm,recent
2023-01-27,8-K,0000093410-23-000003,2023-01-25,cvx-20230125.htm,recent
2023-01-31,SC 13G/A,0001306550-23-005108,,us1667641005_013123.txt,recent
2023-02-01,4/A,0001127602-23-002989,2023-01-25,xslF345X03/form4a.xml,recent
2023-02-02,4,0001127602-23-003190,2023-01-31,xslF345X03/form4.xml,recent
2023-02-02,4,0001127602-23-003188,2023-01-31,xslF345X03/form4.xml,recent
2023-02-02,4,0001127602-23-003184,2023-01-31,xslF345X03/form4.xml,recent
2023-02-02,4,0001127602-23-003180,2023-01-31,xslF345X03/form4.xml,recent
2023-02-02,4,0001127602-23-003176,2023-01-31,xslF345X03/form4.xml,recent
2023-02-02,4,0001127602-23-003171,2023-01-31,xslF345X03/form4.xml,recent
2023-02-02,4,0001127602-23-003167,2023-01-31,xslF345X03/form4.xml,recent
2023-02-02,4,0001127602-23-003162,2023-01-31,xslF345X03/form4.xml,recent
2023-02-02,4,0001127602-23-003155,2023-01-31,xslF345X03/form4.xml,recent
2023-02-02,4,0001127602-23-003153,2023-01-31,xslF345X03/form4.xml,recent
2023-02-06,SC 13G/A,0000093751-23-000219,,Chevron_Corp.txt,recent
2023-02-09,4,0001127602-23-004269,2023-02-07,xslF345X03/form4.xml,recent
2023-02-09,SC 13G/A,0001104659-23-015075,,tv0037-chevroncorp.htm,recent
2023-02-14,SC 13G,0001193125-23-039005,,d415201dsc13g.htm,recent
2023-02-23,10-K,0000093410-23-000009,2022-12-31,cvx-20221231.htm,recent
2023-02-27,4,0001127602-23-007392,2023-02-13,xslF345X03/form4.xml,recent
2023-03-01,4,0001127602-23-008026,2023-02-27,xslF345X03/form4.xml,recent
2023-03-01,4,0001127602-23-008020,2023-02-27,xslF345X03/form4.xml,recent
2023-03-01,4,0001127602-23-008015,2023-02-27,xslF345X03/form4.xml,recent
2023-03-03,3,0001127602-23-008725,2023-03-01,xslF345X02/form3.xml,recent
2023-03-03,S-8 POS,0000093410-23-000059,,s-8posfileno333x02011.htm,recent
2023-03-03,S-8 POS,0000093410-23-000058,,s-8posfileno333x21805.htm,recent
2023-03-03,S-8 POS,0000093410-23-000057,,s-8posfileno333x21807.htm,recent
2023-03-03,S-8 POS,0000093410-23-000056,,s-8posfileno333x21809.htm,recent
2023-03-03,S-8 POS,0000093410-23-000055,,s-8posfileno333x46261.htm,recent
2023-03-03,S-8 POS,0000093410-23-000054,,s-8posfileno333x102269.htm,recent
2023-03-03,S-8 POS,0000093410-23-000053,,s-8posfileno333x122121.htm,recent
2023-03-03,S-8 POS,0000093410-23-000052,,s-8posfileno333x127558.htm,recent
2023-03-03,S-8 POS,0000093410-23-000051,,s-8posfileno333x127559.htm,recent
2023-03-03,S-8 POS,0000093410-23-000049,,s-8posfileno333x127560.htm,recent
2023-03-03,S-8 POS,0000093410-23-000048,,s-8posfileno333x127561.htm,recent
2023-03-03,S-8 POS,0000093410-23-000046,,s-8posfileno333x127563.htm,recent
2023-03-03,S-8 POS,0000093410-23-000045,,s-8posfileno333x127564.htm,recent
2023-03-03,S-8 POS,0000093410-23-000044,,s-8posfileno333x127565.htm,recent
2023-03-03,S-8 POS,0000093410-23-000043,,s-8posfileno333x127566.htm,recent
2023-03-03,S-8 POS,0000093410-23-000042,,s-8posfileno333x127567.htm,recent
2023-03-03,S-8 POS,0000093410-23-000041,,s-8posfileno333x127568.htm,recent
2023-03-03,S-8 POS,0000093410-23-000039,,s-8posfileno333x127569.htm,recent
2023-03-03,S-8 POS,0000093410-23-000038,,s-8posfileno333x127570.htm,recent
2023-03-03,S-8 POS,0000093410-23-000037,,s-8posfileno333x128733.htm,recent
2023-03-03,S-8 POS,0000093410-23-000036,,s-8posfileno333x128734.htm,recent
2023-03-03,S-8 POS,0000093410-23-000035,,s-8posfileno333x171066.htm,recent
2023-03-03,S-8 POS,0000093410-23-000033,,s-8posfileno333x172428.htm,recent
2023-04-12,ARS,0001193125-23-099324,2022-12-31,d433226dars.pdf,recent
2023-04-12,DEF 14A,0001193125-23-099292,,d433226ddef14a.htm,recent
2023-04-12,DEFA14A,0001193125-23-099316,,d218553ddefa14a.htm,recent
2023-04-12,DEFA14A,0001193125-23-099307,,d498115ddefa14a.htm,recent
2023-04-12,DEFA14A,0001193125-23-099299,,d498059ddefa14a.htm,recent
2023-04-13,PX14A6G,0001214659-23-005321,,e413230px14a6g.htm,recent
2023-04-21,PX14A6G,0001214659-23-005738,,o421232px14a6g.htm,recent
2023-04-25,PX14A6G,0001214659-23-005902,,x424230px14a6g.htm,recent
2023-04-26,PX14A6G,0001214659-23-005978,,j425233px14a6g.htm,recent
2023-04-28,8-K,0000093410-23-000063,2023-04-28,cvx-20230428.htm,recent
2023-05-04,10-Q,0000093410-23-000066,2023-03-31,cvx-20230331.htm,recent
2023-05-08,PX14A6G,0001839882-23-012286,,cvx_px14a6g-050823.htm,recent
2023-05-08,PX14A6G,0001214659-23-006620,,o58230px14a6g.htm,recent
2023-05-08,SD,0000093410-23-000068,,formsdconflictmineralsye20.htm,recent
2023-05-15,PX14A6G,0001214659-23-007070,,j512233px14a6g.htm,recent
2023-05-22,425,0000950142-23-001514,,eh230361612_425-transcript.htm,recent
2023-05-22,425,0000950142-23-001504,,eh230361425_425-tweet.htm,recent
2023-05-22,425,0000950142-23-001503,,eh230361400_425-email.htm,recent
2023-05-22,425,0000950142-23-001493,,eh230361401_425-prsnt.htm,recent
2023-05-22,425,0000950142-23-001492,,eh230361399_425.htm,recent
2023-05-22,8-K,0000950142-23-001491,2023-05-22,eh230361398_8k.htm,recent
2023-05-30,4,0001127602-23-017086,2023-05-26,xslF345X04/form4.xml,recent
2023-05-30,4,0001127602-23-017081,2023-05-26,xslF345X04/form4.xml,recent
2023-05-30,4,0001127602-23-017078,2023-05-26,xslF345X04/form4.xml,recent
2023-05-31,PX14A6G,0001214659-23-008068,,s530230px14a6g.htm,recent
2023-06-02,4,0001127602-23-017565,2023-05-31,xslF345X04/form4.xml,recent
2023-06-02,4,0001127602-23-017560,2023-05-31,xslF345X04/form4.xml,recent
2023-06-02,4,0001127602-23-017555,2023-05-31,xslF345X04/form4.xml,recent
2023-06-02,4,0001127602-23-017551,2023-05-31,xslF345X04/form4.xml,recent
2023-06-02,4,0001127602-23-017548,2023-05-31,xslF345X04/form4.xml,recent
2023-06-02,4,0001127602-23-017546,2023-05-31,xslF345X04/form4.xml,recent
2023-06-02,4,0001127602-23-017543,2023-05-31,xslF345X04/form4.xml,recent
2023-06-02,4,0001127602-23-017541,2023-05-31,xslF345X04/form4.xml,recent
2023-06-02,4,0001127602-23-017539,2023-05-31,xslF345X04/form4.xml,recent
2023-06-02,4,0001127602-23-017531,2023-05-31,xslF345X04/form4.xml,recent
2023-06-02,4,0001127602-23-017527,2023-05-31,xslF345X04/form4.xml,recent
2023-06-02,8-K,0000093410-23-000070,2023-05-31,cvx-20230531.htm,recent
2023-06-20,S-4,0001193125-23-170147,,d512919ds4.htm,recent
2023-06-23,11-K,0000093410-23-000073,2022-12-31,a2023form11-k.htm,recent
2023-06-27,UPLOAD,0000000000-23-006832,,filename1.pdf,recent
2023-06-29,S-4/A,0001193125-23-177799,,d512919ds4a.htm,recent
2023-07-05,S-4/A,0001193125-23-181673,,d512919ds4a.htm,recent
2023-07-06,CORRESP,0001193125-23-182592,,filename1.htm,recent
2023-07-07,424B3,0001193125-23-183875,,d512919d424b3.htm,recent
2023-07-07,EFFECT,9999999995-23-002028,,xslEFFECTX01/primary_doc.xml,recent
2023-07-24,8-K,0000950142-23-002083,2023-07-23,eh230384172_8k.htm,recent
2023-07-26,8-K,0000950142-23-002087,2023-07-23,eh230384175_8k.htm,recent
2023-07-28,8-K,0000093410-23-000076,2023-07-28,cvx-20230728.htm,recent
2023-08-03,10-Q,0000093410-23-000079,2023-06-30,cvx-20230630.htm,recent
2023-08-03,144,0001950047-23-002756,,xsl144X01/primary_doc.xml,recent
2023-08-03,S-3ASR,0001193125-23-202547,,d528181ds3asr.htm,recent
2023-08-03,S-4,0001193125-23-202848,,d528944ds4.htm,recent
2023-08-07,4,0001127602-23-022141,2023-08-03,xslF345X05/form4.xml,recent
2023-08-07,425,0001193125-23-204563,,d443510d425.htm,recent
2023-08-07,8-K,0001193125-23-204557,2023-08-07,d443510d8k.htm,recent
2023-08-07,S-8 POS,0001193125-23-204584,,d454862ds8pos.htm,recent
2023-08-11,144,0001950047-23-002999,,xsl144X01/primary_doc.xml,recent
2023-08-15,4,0001127602-23-022549,2023-08-11,xslF345X05/form4.xml,recent
2023-08-15,S-4/A,0001193125-23-213017,,d528944ds4a.htm,recent
2023-08-25,RW,0001193125-23-221579,,d539064drw.htm,recent
2023-08-29,4,0001127602-23-023361,2023-08-25,xslF345X05/form4.xml,recent
2023-08-29,4,0001127602-23-023352,2023-08-25,xslF345X05/form4.xml,recent
2023-08-29,4,0001127602-23-023346,2023-08-25,xslF345X05/form4.xml,recent
2023-10-23,425,0000950142-23-002674,,eh230413272_425-transcript.htm,recent
2023-10-23,425,0000950142-23-002672,,eh230413269_425-x.htm,recent
2023-10-23,425,0000950142-23-002671,,eh230413260_425-agmt.htm,recent
2023-10-23,425,0000950142-23-002663,,eh230413270_425-eml.htm,recent
2023-10-23,425,0000950142-23-002661,,eh230413261_425-ip.htm,recent
2023-10-23,425,0000950142-23-002659,,eh230413257_425.htm,recent
2023-10-23,8-K,0000950142-23-002670,2023-10-22,eh230413259_8k-agmt.htm,recent
2023-10-23,8-K,0000950142-23-002657,2023-10-23,eh230413256_8k.htm,recent
2023-10-24,425,0000950142-23-002676,,eh230413689_425-th.htm,recent
2023-10-26,425,0000950142-23-002684,,eh230414522_425.htm,recent
2023-10-27,425,0000950142-23-002692,,eh230415217_425.htm,recent
2023-10-27,8-K,0000093410-23-000085,2023-10-27,cvx-20231027.htm,recent
2023-11-02,10-Q,0000093410-23-000088,2023-09-30,cvx-20230930.htm,recent
2023-11-02,425,0000950142-23-002716,,eh230416972_425.htm,recent
2023-11-24,8-K/A,0000950142-23-002838,2023-05-31,eh230423627_8ka1.htm,recent
2023-11-29,4,0001127602-23-028428,2023-11-27,xslF345X05/form4.xml,recent
2023-11-29,4,0001127602-23-028426,2023-11-27,xslF345X05/form4.xml,recent
2023-11-29,4,0001127602-23-028424,2023-11-27,xslF345X05/form4.xml,recent
2023-12-08,425,0000950142-23-002920,,eh230427176_425.htm,recent
2023-12-08,8-K,0000950142-23-002919,2023-12-07,eh230427174_8k.htm,recent
2023-12-20,4,0001127602-23-030227,2023-12-18,xslF345X05/form4.xml,recent
2023-12-20,4,0001127602-23-030225,2023-12-18,xslF345X05/form4.xml,recent
2023-12-20,4,0001127602-23-030223,2023-12-18,xslF345X05/form4.xml,recent
2023-12-20,4,0001127602-23-030222,2023-12-18,xslF345X05/form4.xml,recent
2023-12-20,4,0001127602-23-030221,2023-12-18,xslF345X05/form4.xml,recent
2023-12-20,4,0001127602-23-030220,2023-12-18,xslF345X05/form4.xml,recent
2023-12-20,4,0001127602-23-030219,2023-12-18,xslF345X05/form4.xml,recent
2023-12-20,4,0001127602-23-030218,2023-12-18,xslF345X05/form4.xml,recent
2024-01-02,8-K,0000093410-24-000002,2024-01-02,cvx-20240102.htm,recent
2024-01-05,3,0001127602-24-000992,2024-01-01,xslF345X02/form3.xml,recent
2024-01-25,SC 13G/A,0000093751-24-000260,,Chevron_Corp.txt,recent
2024-01-26,SC 13G/A,0001086364-24-004615,,us1667641005_012624.txt,recent
2024-02-02,4,0001127602-24-003256,2024-01-31,xslF345X05/form4.xml,recent
2024-02-02,4,0001127602-24-003249,2024-01-31,xslF345X05/form4.xml,recent
2024-02-02,4,0001127602-24-003242,2024-01-31,xslF345X05/form4.xml,recent
2024-02-02,4,0001127602-24-003240,2024-01-31,xslF345X05/form4.xml,recent
2024-02-02,4,0001127602-24-003237,2024-01-31,xslF345X05/form4.xml,recent
2024-02-02,4,0001127602-24-003233,2024-01-31,xslF345X05/form4.xml,recent
2024-02-02,4,0001127602-24-003232,2024-01-31,xslF345X05/form4.xml,recent
2024-02-02,4,0001127602-24-003228,2024-01-31,xslF345X05/form4.xml,recent
2024-02-02,4,0001127602-24-003223,2024-01-31,xslF345X05/form4.xml,recent
2024-02-02,4,0001127602-24-003221,2024-01-31,xslF345X05/form4.xml,recent
2024-02-02,425,0000950142-24-000277,,eh240445043_425.htm,recent
2024-02-02,5,0001127602-24-003209,2023-12-31,xslF345X05/form5.xml,recent
2024-02-02,8-K,0000093410-24-000007,2024-01-30,cvx-20240130.htm,recent
2024-02-02,8-K,0000093410-24-000006,2024-02-02,cvx-20240202.htm,recent
2024-02-08,4,0001127602-24-004113,2024-02-06,xslF345X05/form4.xml,recent
2024-02-08,4,0001127602-24-004112,2024-02-06,xslF345X05/form4.xml,recent
2024-02-08,4,0001127602-24-004110,2024-02-06,xslF345X05/form4.xml,recent
2024-02-08,4,0001127602-24-004108,2024-02-06,xslF345X05/form4.xml,recent
2024-02-08,4,0001127602-24-004106,2024-02-06,xslF345X05/form4.xml,recent
2024-02-08,4,0001127602-24-004104,2024-02-06,xslF345X05/form4.xml,recent
2024-02-08,4,0001127602-24-004102,2024-02-06,xslF345X05/form4.xml,recent
2024-02-08,4,0001127602-24-004099,2024-02-06,xslF345X05/form4.xml,recent
2024-02-08,4,0001127602-24-004097,2024-02-06,xslF345X05/form4.xml,recent
2024-02-13,SC 13G/A,0001104659-24-020030,,tv0038-chevroncorp.htm,recent
2024-02-14,SC 13G/A,0001193125-24-036487,,d756261dsc13ga.htm,recent
2024-02-26,10-K,0000093410-24-000013,2023-12-31,cvx-20231231.htm,recent
2024-02-26,S-4,0001193125-24-046223,,d576159ds4.htm,recent
2024-03-06,4,0001127602-24-008908,2024-03-04,xslF345X05/form4.xml,recent
2024-03-06,4,0001127602-24-008906,2024-03-04,xslF345X05/form4.xml,recent
2024-03-06,4,0001127602-24-008904,2024-03-04,xslF345X05/form4.xml,recent
2024-03-06,4/A,0001127602-24-008918,2024-02-06,xslF345X05/form4a.xml,recent
2024-03-06,4/A,0001127602-24-008916,2024-01-31,xslF345X05/form4a.xml,recent
2024-03-06,4/A,0001127602-24-008914,2023-12-18,xslF345X05/form4a.xml,recent
2024-03-06,4/A,0001127602-24-008912,2023-01-31,xslF345X05/form4a.xml,recent
2024-03-06,4/A,0001127602-24-008910,2023-01-25,xslF345X05/form4a.xml,recent
2024-03-18,UPLOAD,0000000000-24-002939,,filename1.pdf,recent
2024-03-22,425,0000950142-24-000755,,eh240461134_425.htm,recent
2024-03-22,425,0000950142-24-000753,,eh240461100_425.htm,recent
2024-03-28,CORRESP,0001193125-24-080611,,filename1.htm,recent
2024-03-28,S-4/A,0001193125-24-080599,,d576159ds4a.htm,recent
2024-04-02,144,0001950047-24-002881,,xsl144X01/primary_doc.xml,recent
2024-04-03,425,0000950142-24-000901,,eh240462171_425.htm,recent
2024-04-04,4,0001127602-24-012509,2024-04-02,xslF345X05/form4.xml,recent
2024-04-10,ARS,0001193125-24-091349,2023-12-31,d557504dars.pdf,recent
2024-04-10,DEF 14A,0001193125-24-091327,2024-05-29,d557504ddef14a.htm,recent
2024-04-10,DEFA14A,0001193125-24-091340,,d820595ddefa14a.htm,recent
2024-04-10,DEFA14A,0001193125-24-091336,,d820567ddefa14a.htm,recent
2024-04-10,DEFA14A,0001193125-24-091332,,d820603ddefa14a.htm,recent
2024-04-11,CORRESP,0001193125-24-093592,,filename1.htm,recent
2024-04-12,CORRESP,0001193125-24-094201,,filename1.htm,recent
2024-04-12,CORRESP,0001193125-24-094091,,filename1.htm,recent
2024-04-12,S-4/A,0001193125-24-093570,,d576159ds4a.htm,recent
2024-04-17,PX14A6G,0001214659-24-006997,,e417241px14a6g.htm,recent
2024-04-22,UPLOAD,0000000000-24-004415,,filename1.pdf,recent
2024-04-23,DEFA14A,0001193125-24-107054,,d826463ddefa14a.htm,recent
2024-04-24,CORRESP,0001193125-24-110245,,filename1.htm,recent
2024-04-24,S-4/A,0001193125-24-110233,,d576159ds4a.htm,recent
2024-04-25,144,0001950047-24-003196,,xsl144X01/primary_doc.xml,recent
2024-04-25,CORRESP,0001193125-24-114297,,filename1.htm,recent
2024-04-26,424B3,0001193125-24-118209,,d576159d424b3.htm,recent
2024-04-26,8-K,0000093410-24-000017,2024-04-26,cvx-20240426.htm,recent
2024-04-26,EFFECT,9999999995-24-001151,,xslEFFECTX01/primary_doc.xml,recent
2024-04-29,4,0001127602-24-013563,2024-04-25,xslF345X05/form4.xml,recent
2024-04-29,PX14A6G,0001214659-24-007713,,j429243px14a6g.htm,recent
2024-04-30,144,0001959173-24-003080,,xsl144X01/primary_doc.xml,recent
2024-05-02,10-Q,0000093410-24-000021,2024-03-31,cvx-20240331.htm,recent
2024-05-06,144,0001950047-24-003387,,xsl144X01/primary_doc.xml,recent
2024-05-06,4,0001127602-24-014330,2024-05-02,xslF345X05/form4.xml,recent
2024-05-10,SD,0000093410-24-000025,,formsdconflictmineralsye20.htm,recent
2024-05-13,4,0001127602-24-015114,2024-05-10,xslF345X05/form4.xml,recent
2024-05-14,PX14A6G,0001214659-24-009034,,d514242px14a6g.htm,recent
2024-05-21,144,0001950047-24-003980,,xsl144X01/primary_doc.xml,recent
2024-05-23,4,0001127602-24-016403,2024-05-21,xslF345X05/form4.xml,recent
2024-05-28,4,0001127602-24-016738,2024-05-24,xslF345X05/form4.xml,recent
2024-05-28,4,0001127602-24-016736,2024-05-24,xslF345X05/form4.xml,recent
2024-05-28,4,0001127602-24-016734,2024-05-24,xslF345X05/form4.xml,recent
2024-05-28,425,0000950142-24-001442,,eh240487783_425.htm,recent
2024-05-30,4,0001127602-24-017053,2024-05-29,xslF345X05/form4.xml,recent
2024-05-30,4,0001127602-24-017050,2024-05-29,xslF345X05/form4.xml,recent
2024-05-30,4,0001127602-24-017046,2024-05-29,xslF345X05/form4.xml,recent
2024-05-30,4,0001127602-24-017044,2024-05-29,xslF345X05/form4.xml,recent
2024-05-30,4,0001127602-24-017040,2024-05-29,xslF345X05/form4.xml,recent
2024-05-30,4,0001127602-24-017035,2024-05-29,xslF345X05/form4.xml,recent
2024-05-30,4,0001127602-24-017032,2024-05-29,xslF345X05/form4.xml,recent
2024-05-30,4,0001127602-24-017029,2024-05-29,xslF345X05/form4.xml,recent
2024-05-30,4,0001127602-24-017026,2024-05-29,xslF345X05/form4.xml,recent
2024-05-30,4,0001127602-24-017022,2024-05-29,xslF345X05/form4.xml,recent
2024-05-30,4,0001127602-24-017019,2024-05-29,xslF345X05/form4.xml,recent
2024-05-31,8-K,0000093410-24-000028,2024-05-29,cvx-20240529.htm,recent
2024-06-28,11-K,0000093410-24-000031,2023-12-31,a2024form11-k.htm,recent
2024-07-24,UPLOAD,0000000000-24-008403,,filename1.pdf,recent
2024-07-31,8-K,0000950142-24-002067,2024-07-31,eh240514687_8k.htm,recent
2024-08-02,8-K,0000093410-24-000037,2024-07-31,cvx-20240731.htm,recent
2024-08-02,8-K,0000093410-24-000035,2024-08-02,cvx-20240802.htm,recent
2024-08-07,10-Q,0000093410-24-000040,2024-06-30,cvx-20240630.htm,recent
2024-08-07,CORRESP,0000093410-24-000043,,filename1.htm,recent
2024-08-08,4,0001127602-24-021898,2024-08-06,xslF345X05/form4.xml,recent
2024-08-22,4,0001127602-24-022814,2024-08-21,xslF345X05/form4.xml,recent
2024-09-04,4,0001127602-24-023417,2024-08-30,xslF345X05/form4.xml,recent
2024-09-04,4,0001127602-24-023433,2024-08-30,xslF345X05/form4.xml,recent
2024-09-04,4,0001127602-24-023403,2024-08-30,xslF345X05/form4.xml,recent
2024-09-24,SD,0000093410-24-000050,,formsd1504ye2023.htm,recent
2024-09-30,8-K,0000950142-24-002464,2024-09-30,eh240536247_8k.htm,recent
2024-10-03,UPLOAD,0000000000-24-011189,,filename1.pdf,recent
2024-10-07,8-K,0000093410-24-000052,2024-10-04,cvx-20241004.htm,recent
2024-10-16,SC 13G/A,0000093751-24-000727,,Chevron_Corp.htm,recent
2024-11-01,8-K,0000093410-24-000055,2024-11-01,cvx-20241101.htm,recent
2024-11-07,10-Q,0000093410-24-000059,2024-09-30,cvx-20240930.htm,recent
2024-11-07,POSASR,0001193125-24-252896,,d839854dposasr.htm,recent
2024-11-07,S-3ASR,0001193125-24-252926,,d836172ds3asr.htm,recent
2024-11-07,S-3ASR,0001193125-24-252909,,d866624ds3asr.htm,recent
2024-11-12,CORRESP,0000093410-24-000061,,filename1.htm,recent
2024-11-14,144,0001950047-24-008566,,xsl144X01/primary_doc.xml,recent
2024-11-18,4,0001127602-24-027549,2024-11-14,xslF345X05/form4.xml,recent
2024-11-18,4,0001127602-24-027547,2024-11-14,xslF345X05/form4.xml,recent
2024-11-21,UPLOAD,0000000000-24-012915,,filename1.pdf,recent
2024-12-04,4,0001127602-24-028653,2024-12-02,xslF345X05/form4.xml,recent
2024-12-04,4,0001127602-24-028649,2024-12-02,xslF345X05/form4.xml,recent
2024-12-04,4,0001127602-24-028645,2024-12-02,xslF345X05/form4.xml,recent
2024-12-10,8-K,0000093410-24-000066,2024-12-04,cvx-20241204.htm,recent
2024-12-19,4,0001127602-24-029836,2024-12-17,xslF345X05/form4.xml,recent
2024-12-19,4,0001127602-24-029835,2024-12-17,xslF345X05/form4.xml,recent
2024-12-19,4,0001127602-24-029834,2024-12-17,xslF345X05/form4.xml,recent
2024-12-19,4,0001127602-24-029833,2024-12-17,xslF345X05/form4.xml,recent
2024-12-19,4,0001127602-24-029832,2024-12-17,xslF345X05/form4.xml,recent
2024-12-19,4,0001127602-24-029831,2024-12-17,xslF345X05/form4.xml,recent
2024-12-19,4,0001127602-24-029829,2024-12-17,xslF345X05/form4.xml,recent
2024-12-19,4,0001127602-24-029828,2024-12-17,xslF345X05/form4.xml,recent
2025-01-31,8-K,0000093410-25-000006,2025-01-29,cvx-20250129.htm,recent
2025-01-31,8-K,0000093410-25-000004,2025-01-31,cvx-20250131.htm,recent
2025-02-04,4,0001127602-25-003068,2025-01-31,xslF345X05/form4.xml,recent
2025-02-04,4,0001127602-25-003067,2025-01-31,xslF345X05/form4.xml,recent
2025-02-04,4,0001127602-25-003066,2025-01-31,xslF345X05/form4.xml,recent
2025-02-04,4,0001127602-25-003065,2025-01-31,xslF345X05/form4.xml,recent
2025-02-04,4,0001127602-25-003064,2025-01-31,xslF345X05/form4.xml,recent
2025-02-04,4,0001127602-25-003063,2025-01-31,xslF345X05/form4.xml,recent
2025-02-04,4,0001127602-25-003062,2025-01-31,xslF345X05/form4.xml,recent
2025-02-04,4,0001127602-25-003061,2025-01-31,xslF345X05/form4.xml,recent
2025-02-06,4,0001127602-25-003471,2025-02-04,xslF345X05/form4.xml,recent
2025-02-06,4,0001127602-25-003470,2025-02-04,xslF345X05/form4.xml,recent
2025-02-06,4,0001127602-25-003468,2025-02-04,xslF345X05/form4.xml,recent
2025-02-06,4,0001127602-25-003466,2025-02-04,xslF345X05/form4.xml,recent
2025-02-06,4,0001127602-25-003465,2025-02-04,xslF345X05/form4.xml,recent
2025-02-06,4,0001127602-25-003463,2025-02-04,xslF345X05/form4.xml,recent
2025-02-06,4,0001127602-25-003461,2025-02-04,xslF345X05/form4.xml,recent
2025-02-07,144,0001950047-25-000676,,xsl144X01/primary_doc.xml,recent
2025-02-11,4,0001127602-25-004228,2025-02-07,xslF345X05/form4.xml,recent
2025-02-12,4,0001127602-25-004498,2025-02-10,xslF345X05/form4.xml,recent
2025-02-12,4,0001127602-25-004496,2025-02-10,xslF345X05/form4.xml,recent
2025-02-12,4,0001127602-25-004494,2025-02-10,xslF345X05/form4.xml,recent
2025-02-12,4,0001127602-25-004492,2025-02-10,xslF345X05/form4.xml,recent
2025-02-12,4,0001127602-25-004490,2025-02-10,xslF345X05/form4.xml,recent
2025-02-12,4,0001127602-25-004488,2025-02-10,xslF345X05/form4.xml,recent
2025-02-12,4,0001127602-25-004486,2025-02-10,xslF345X05/form4.xml,recent
2025-02-12,4,0001127602-25-004482,2025-02-10,xslF345X05/form4.xml,recent
2025-02-21,10-K,0000093410-25-000009,2024-12-31,cvx-20241231.htm,recent
2025-02-24,424B2,0001193125-25-032847,,d873342d424b2.htm,recent
2025-02-25,424B2,0001193125-25-035274,,d873342d424b2.htm,recent
2025-02-25,FWP,0001193125-25-033867,,d892171dfwp.htm,recent
2025-02-26,8-K,0001193125-25-036821,2025-02-26,d934959d8k.htm,recent
2025-02-27,4,0001127602-25-007119,2025-02-25,xslF345X05/form4.xml,recent
2025-03-05,4,0001127602-25-008377,2025-03-03,xslF345X05/form4.xml,recent
2025-03-05,4,0001127602-25-008376,2025-03-03,xslF345X05/form4.xml,recent
2025-03-05,4,0001127602-25-008375,2025-03-03,xslF345X05/form4.xml,recent
2025-03-17,8-K,0000950142-25-000756,2025-03-17,eh250599067_8k.htm,recent
2025-03-21,PRE 14A,0001193125-25-060240,2025-05-28,d891532dpre14a.htm,recent
2025-04-09,ARS,0001193125-25-076832,2024-12-31,d910743dars.pdf,recent
2025-04-09,DEF 14A,0001193125-25-076803,2025-05-28,d891532ddef14a.htm,recent
2025-04-09,DEFA14A,0001193125-25-076824,,d943861ddefa14a.htm,recent
2025-04-09,DEFA14A,0001193125-25-076815,,d929863ddefa14a.htm,recent
2025-04-09,DEFA14A,0001193125-25-076811,,d907783ddefa14a.htm,recent
2025-05-02,8-K,0000093410-25-000016,2025-05-02,cvx-20250502.htm,recent
2025-05-08,10-Q,0000093410-25-000019,2025-03-31,cvx-20250331.htm,recent
2025-05-09,PX14A6G,0001214659-25-007261,,z58251px14a6g.htm,recent
2025-05-09,SD,0000093410-25-000021,,formsdconflictmineralsye20.htm,recent
2025-05-29,4,0001127602-25-015956,2025-05-28,xslF345X05/form4.xml,recent
2025-05-29,4,0001127602-25-015954,2025-05-28,xslF345X05/form4.xml,recent
2025-05-29,4,0001127602-25-015952,2025-05-28,xslF345X05/form4.xml,recent
2025-05-29,4,0001127602-25-015949,2025-05-28,xslF345X05/form4.xml,recent
2025-05-29,4,0001127602-25-015946,2025-05-28,xslF345X05/form4.xml,recent
2025-05-29,4,0001127602-25-015944,2025-05-28,xslF345X05/form4.xml,recent
2025-05-29,4,0001127602-25-015942,2025-05-28,xslF345X05/form4.xml,recent
2025-05-29,4,0001127602-25-015940,2025-05-28,xslF345X05/form4.xml,recent
2025-05-29,4,0001127602-25-015938,2025-05-28,xslF345X05/form4.xml,recent
2025-05-29,4,0001127602-25-015936,2025-05-28,xslF345X05/form4.xml,recent
2025-05-29,4,0001127602-25-015934,2025-05-28,xslF345X05/form4.xml,recent
2025-05-30,8-K,0000093410-25-000024,2025-05-28,cvx-20250528.htm,recent
2025-06-04,4,0001127602-25-016785,2025-06-02,xslF345X05/form4.xml,recent
2025-06-04,4,0001127602-25-016784,2025-06-02,xslF345X05/form4.xml,recent
2025-06-04,4,0001127602-25-016783,2025-06-02,xslF345X05/form4.xml,recent
2025-06-09,3,0000093410-25-000031,2025-06-01,xslF345X02/form3.xml,recent
2025-06-27,11-K,0000093410-25-000037,2024-12-31,a2025form11-k.htm,recent
2025-07-18,3,0000950142-25-001963,2025-07-18,xslF345X02/es250650269_3-hesm.xml,recent
2025-07-18,8-K,0000950142-25-001949,2025-07-18,eh250652625_8k.htm,recent
2025-07-18,S-3ASR,0000950142-25-001952,,eh250641115_s3.htm,recent
2025-07-18,S-8,0000950142-25-001953,,eh250641128_s8.htm,recent
2025-07-18,S-8 POS,0000950142-25-001951,,eh250641123_s8pos-7356.htm,recent
2025-07-22,4,0001127602-25-019504,2025-07-18,xslF345X05/form4.xml,recent
2025-07-22,4,0001127602-25-019503,2025-07-18,xslF345X05/form4.xml,recent
2025-07-22,4,0001127602-25-019500,2025-07-18,xslF345X05/form4.xml,recent
2025-07-22,4,0001127602-25-019498,2025-07-18,xslF345X05/form4.xml,recent
2025-07-22,4,0000093410-25-000042,2025-07-18,xslF345X05/form4.xml,recent
2025-07-22,4,0000093410-25-000039,2025-07-18,xslF345X05/form4.xml,recent
2025-07-29,8-K,0000950142-25-002041,2025-07-28,eh250658639_8k.htm,recent
2025-07-30,3,0000093410-25-000052,2025-07-28,xslF345X02/form3.xml,recent
2025-07-30,4,0000093410-25-000053,2025-07-28,xslF345X05/form4.xml,recent
2025-08-01,8-K,0000093410-25-000058,2025-08-01,cvx-20250801.htm,recent
2025-08-07,10-Q,0000093410-25-000062,2025-06-30,cvx-20250630.htm,recent
2025-08-08,4,0000093410-25-000065,2025-08-06,xslF345X05/form4.xml,recent
2025-08-08,4,0000950170-25-105884,2025-08-08,xslF345X05/ownership.xml,recent
2025-08-11,424B2,0001193125-25-177478,,d13586d424b2.htm,recent
2025-08-12,424B2,0001193125-25-179071,,d13586d424b2.htm,recent
2025-08-12,FWP,0001193125-25-178280,,d29292dfwp.htm,recent
2025-08-13,8-K,0001193125-25-179846,2025-08-13,d949372d8k.htm,recent
2025-08-22,144,0001968582-25-000780,,xsl144X01/primary_doc.xml,recent
2025-08-26,4,0000093410-25-000067,2025-08-22,xslF345X05/form4.xml,recent
2025-08-29,144,0001950047-25-006547,,xsl144X01/primary_doc.xml,recent
2025-09-03,4,0000093410-25-000092,2025-08-29,xslF345X05/form4.xml,recent
2025-09-03,4,0000093410-25-000090,2025-08-29,xslF345X05/form4.xml,recent
2025-09-03,4,0000093410-25-000088,2025-08-29,xslF345X05/form4.xml,recent
2025-09-03,4,0000093410-25-000086,2025-08-29,xslF345X05/form4.xml,recent
2025-09-25,8-K,0000093410-25-000098,2025-09-25,cvx-20250925.htm,recent
2025-09-25,SD,0000093410-25-000100,,formsd1504ye2024q3.htm,recent
2025-10-31,8-K,0000093410-25-000103,2025-10-31,cvx-20251031.htm,recent
2025-11-03,8-K,0000093410-25-000105,2025-10-29,cvx-20251029.htm,recent
2025-11-06,10-Q,0000093410-25-000108,2025-09-30,cvx-20250930.htm,recent
2025-11-10,SCHEDULE 13G,0000093751-25-000589,,xslSCHEDULE_13G_X01/primary_doc.xml,recent
2025-11-20,144,0001968582-25-001092,,xsl144X01/primary_doc.xml,recent
2025-11-21,144,0001950047-25-009194,,xsl144X01/primary_doc.xml,recent
2025-11-21,4,0000093410-25-000110,2025-11-20,xslF345X05/form4.xml,recent
2025-11-24,4,0000093410-25-000112,2025-11-20,xslF345X05/form4.xml,recent
2025-11-25,4,0000093410-25-000114,2025-11-21,xslF345X05/form4.xml,recent
2025-12-01,424B2,0001193125-25-303456,,d35770d424b2.htm,recent
2025-12-03,4,0000093410-25-000120,2025-12-01,xslF345X05/form4.xml,recent
2025-12-03,4,0000093410-25-000119,2025-12-01,xslF345X05/form4.xml,recent
2025-12-03,4,0000093410-25-000118,2025-12-01,xslF345X05/form4.xml,recent
2025-12-04,FWP,0001193125-25-308208,,d73878dfwp.htm,recent
2025-12-05,424B2,0001193125-25-309714,,d35770d424b2.htm,recent
2025-12-05,8-K,0000093410-25-000122,2025-12-03,cvx-20251203.htm,recent
2025-12-08,3,0000093410-25-000128,2025-12-03,xslF345X02/form3.xml,recent
2025-12-08,3,0000093410-25-000126,2025-12-03,xslF345X02/form3.xml,recent
2025-12-09,8-K,0001193125-25-312771,2025-12-09,d47665d8k.htm,recent
2025-12-19,4,0000093410-25-000148,2025-12-17,xslF345X05/form4.xml,recent
2025-12-19,4,0000093410-25-000147,2025-12-17,xslF345X05/form4.xml,recent
2025-12-19,4,0000093410-25-000146,2025-12-17,xslF345X05/form4.xml,recent
2025-12-19,4,0000093410-25-000145,2025-12-17,xslF345X05/form4.xml,recent
2025-12-19,4,0000093410-25-000144,2025-12-17,xslF345X05/form4.xml,recent
2025-12-19,4,0000093410-25-000143,2025-12-17,xslF345X05/form4.xml,recent
2025-12-19,4,0000093410-25-000142,2025-12-17,xslF345X05/form4.xml,recent
2025-12-19,4,0000093410-25-000141,2025-12-17,xslF345X05/form4.xml,recent
2025-12-19,4,0000093410-25-000140,2025-12-17,xslF345X05/form4.xml,recent
2025-12-19,8-K/A,0000093410-25-000130,2025-07-28,cvx-20250728.htm,recent
2026-01-05,144,0001950047-26-000157,,xsl144X01/primary_doc.xml,recent
2026-01-05,144,0001950047-26-000154,,xsl144X01/primary_doc.xml,recent
2026-01-05,144,0001950047-26-000153,,xsl144X01/primary_doc.xml,recent
2026-01-07,4,0000093410-26-000006,2026-01-05,xslF345X05/form4.xml,recent
2026-01-07,4,0000093410-26-000004,2026-01-05,xslF345X05/form4.xml,recent
2026-01-07,4,0000093410-26-000002,2026-01-05,xslF345X05/form4.xml,recent
2026-01-14,144,0001950047-26-000419,,xsl144X01/primary_doc.xml,recent
2026-01-15,4,0000093410-26-000008,2026-01-14,xslF345X05/form4.xml,recent
2026-01-27,8-K,0000093410-26-000010,2026-01-27,cvx-20260127.htm,recent
2026-01-28,144,0001950047-26-000733,,xsl144X01/primary_doc.xml,recent
2026-01-28,144,0001950047-26-000729,,xsl144X01/primary_doc.xml,recent
2026-01-29,3,0000093410-26-000015,2026-01-27,xslF345X02/form3.xml,recent
2026-01-29,4,0000093410-26-000016,2026-01-27,xslF345X05/form4.xml,recent
2026-01-30,144,0001950047-26-000768,,xsl144X01/primary_doc.xml,recent
2026-01-30,144,0001950047-26-000767,,xsl144X01/primary_doc.xml,recent
2026-01-30,4,0000093410-26-000025,2026-01-28,xslF345X05/form4.xml,recent
2026-01-30,4,0000093410-26-000023,2026-01-28,xslF345X05/form4.xml,recent
2026-01-30,8-K,0000093410-26-000021,2026-01-28,cvx-20260128.htm,recent
2026-01-30,8-K,0000093410-26-000019,2026-01-30,cvx-20260130.htm,recent
2026-02-02,144,0001950047-26-000799,,xsl144X01/primary_doc.xml,recent
2026-02-03,144,0001950047-26-000882,,xsl144X01/primary_doc.xml,recent
2026-02-03,144,0001950047-26-000878,,xsl144X01/primary_doc.xml,recent
2026-02-03,4,0000093410-26-000043,2026-01-30,xslF345X05/form4.xml,recent
2026-02-03,4,0000093410-26-000042,2026-01-31,xslF345X05/form4.xml,recent
2026-02-03,4,0000093410-26-000041,2026-01-31,xslF345X05/form4.xml,recent
2026-02-03,4,0000093410-26-000040,2026-01-30,xslF345X05/form4.xml,recent
2026-02-03,4,0000093410-26-000039,2026-01-31,xslF345X05/form4.xml,recent
2026-02-03,4,0000093410-26-000038,2026-01-31,xslF345X05/form4.xml,recent
2026-02-03,4,0000093410-26-000037,2026-01-31,xslF345X05/form4.xml,recent
2026-02-03,4,0000093410-26-000036,2026-01-31,xslF345X05/form4.xml,recent
2026-02-03,4,0000093410-26-000035,2026-01-31,xslF345X05/form4.xml,recent
2026-02-05,4,0000093410-26-000047,2026-02-03,xslF345X05/form4.xml,recent
2026-02-05,4,0000093410-26-000045,2026-02-03,xslF345X05/form4.xml,recent
2026-02-06,4,0000093410-26-000049,2026-02-04,xslF345X05/form4.xml,recent
2026-02-11,144,0001958244-26-000077,,xsl144X01/primary_doc.xml,recent
2026-02-12,13F-HR,0000950142-26-000350,2025-12-31,xslForm13F_X02/primary_doc.xml,recent
2026-02-12,144,0001950047-26-001201,,xsl144X01/primary_doc.xml,recent
2026-02-12,144,0001950047-26-001196,,xsl144X01/primary_doc.xml,recent
2026-02-12,4,0000093410-26-000067,2026-02-10,xslF345X05/form4.xml,recent
2026-02-12,4,0000093410-26-000066,2026-02-10,xslF345X05/form4.xml,recent
2026-02-12,4,0000093410-26-000065,2026-02-10,xslF345X05/form4.xml,recent
2026-02-12,4,0000093410-26-000064,2026-02-10,xslF345X05/form4.xml,recent
2026-02-12,4,0000093410-26-000063,2026-02-10,xslF345X05/form4.xml,recent
2026-02-12,4,0000093410-26-000062,2026-02-10,xslF345X05/form4.xml,recent
2026-02-12,4,0000093410-26-000061,2026-02-10,xslF345X05/form4.xml,recent
2026-02-12,4,0000093410-26-000060,2026-02-10,xslF345X05/form4.xml,recent
2026-02-12,4,0000093410-26-000059,2026-02-10,xslF345X05/form4.xml,recent
2026-02-13,144,0001950047-26-001254,,xsl144X01/primary_doc.xml,recent
2026-02-17,4,0000093410-26-000071,2026-02-12,xslF345X05/form4.xml,recent
2026-02-17,4,0000093410-26-000070,2026-02-12,xslF345X05/form4.xml,recent
2026-02-18,144,0001950047-26-001440,,xsl144X01/primary_doc.xml,recent
2026-02-18,144,0001950047-26-001436,,xsl144X01/primary_doc.xml,recent
2026-02-20,4,0000093410-26-000075,2026-02-18,xslF345X05/form4.xml,recent
2026-02-20,4,0000093410-26-000073,2026-02-18,xslF345X05/form4.xml,recent
2026-02-24,10-K,0000093410-26-000078,2025-12-31,cvx-20251231.htm,recent
2026-02-27,144,0001950047-26-001922,,xsl144X01/primary_doc.xml,recent
2026-02-27,144,0001950047-26-001921,,xsl144X01/primary_doc.xml,recent
2026-02-27,144,0001950047-26-001902,,xsl144X01/primary_doc.xml,recent
2026-03-02,144,0001950047-26-002034,,xsl144X01/primary_doc.xml,recent
2026-03-02,144,0001950047-26-002029,,xsl144X01/primary_doc.xml,recent
2026-03-02,144,0001950047-26-002027,,xsl144X01/primary_doc.xml,recent
2026-03-02,144,0001950047-26-001963,,xsl144X01/primary_doc.xml,recent
2026-03-02,144,0001950047-26-001944,,xsl144X01/primary_doc.xml,recent
2026-03-02,144/A,0001950047-26-002048,,xsl144X01/primary_doc.xml,recent
2026-03-03,4,0000093410-26-000084,2026-02-27,xslF345X05/form4.xml,recent
2026-03-03,4,0000093410-26-000082,2026-02-27,xslF345X05/form4.xml,recent
2026-03-03,4,0000093410-26-000080,2026-02-27,xslF345X05/form4.xml,recent
2026-03-04,3,0000093410-26-000099,2026-03-01,xslF345X02/form3.xml,recent
2026-03-04,4,0000093410-26-000097,2026-03-02,xslF345X05/form4.xml,recent
2026-03-04,4,0000093410-26-000095,2026-03-02,xslF345X05/form4.xml,recent
2026-03-04,4,0000093410-26-000094,2026-03-02,xslF345X05/form4.xml,recent
2026-03-04,4,0001193125-26-091977,2026-03-04,xslF345X05/ownership.xml,recent
2026-03-04,4,0000093410-26-000090,2026-03-02,xslF345X05/form4.xml,recent
2026-03-04,4,0000093410-26-000089,2026-03-02,xslF345X05/form4.xml,recent
2026-03-04,4,0000093410-26-000088,2026-03-02,xslF345X05/form4.xml,recent
2026-03-06,144,0001950047-26-002321,,xsl144X01/primary_doc.xml,recent
2026-03-10,4,0000093410-26-000101,2026-03-06,xslF345X05/form4.xml,recent
2026-03-25,8-K,0000093410-26-000103,2026-03-25,cvx-20260325.htm,recent
2026-03-26,SCHEDULE 13G/A,0000102909-26-000997,,xslSCHEDULE_13G_X02/primary_doc.xml,recent
2026-03-30,144,0001950047-26-003079,,xsl144X01/primary_doc.xml,recent
2026-04-01,4,0000093410-26-000105,2026-03-30,xslF345X06/form4.xml,recent
2026-04-07,ARS,0001193125-26-145646,2025-12-31,d94930dars.pdf,recent
2026-04-07,DEF 14A,0001193125-26-145617,2026-05-27,d77994ddef14a.htm,recent
2026-04-07,DEFA14A,0001193125-26-145641,,d58898ddefa14a.htm,recent
2026-04-07,DEFA14A,0001193125-26-145629,,d25898ddefa14a.htm,recent
2026-04-07,DEFA14A,0001193125-26-145625,,d11488ddefa14a.htm,recent
2026-04-09,8-K,0000093410-26-000108,2026-04-09,cvx-20260409.htm,recent
2026-04-29,SCHEDULE 13G,0002100119-26-000336,,xslSCHEDULE_13G_X02/primary_doc.xml,recent
2026-05-01,8-K,0000093410-26-000110,2026-05-01,cvx-20260501.htm,recent
2026-05-06,144,0001968582-26-000407,,xsl144X01/primary_doc.xml,recent
2026-05-07,10-Q,0000093410-26-000113,2026-03-31,cvx-20260331.htm,recent
2026-05-08,4,0000093410-26-000119,2026-05-06,xslF345X06/form4.xml,recent
2026-05-08,4,0000093410-26-000117,2026-05-06,xslF345X06/form4.xml,recent
2026-05-08,SD,0000093410-26-000115,,formsdconflictmineralsye20.htm,recent
2026-05-15,13F-HR,0000950142-26-001418,2026-03-31,xslForm13F_X02/primary_doc.xml,recent
2026-05-15,SCHEDULE 13G/A,0001193125-26-227102,,xslSCHEDULE_13G_X02/primary_doc.xml,recent
2026-05-20,144,0001968582-26-000477,,xsl144X01/primary_doc.xml,recent
2026-05-22,4,0000093410-26-000121,2026-05-20,xslF345X06/form4.xml,recent
2026-05-29,4,0000093410-26-000148,2026-05-27,xslF345X06/form4.xml,recent
2026-05-29,4,0000093410-26-000146,2026-05-27,xslF345X06/form4.xml,recent
2026-05-29,4,0000093410-26-000143,2026-05-27,xslF345X06/form4.xml,recent
2026-05-29,4,0000093410-26-000141,2026-05-27,xslF345X06/form4.xml,recent
2026-05-29,4,0000093410-26-000139,2026-05-27,xslF345X06/form4.xml,recent
2026-05-29,4,0000093410-26-000137,2026-05-27,xslF345X06/form4.xml,recent
2026-05-29,4,0000093410-26-000135,2026-05-27,xslF345X06/form4.xml,recent
2026-05-29,4,0000093410-26-000133,2026-05-27,xslF345X06/form4.xml,recent
2026-05-29,4,0000093410-26-000131,2026-05-27,xslF345X06/form4.xml,recent
2026-05-29,4,0000093410-26-000129,2026-05-27,xslF345X06/form4.xml,recent
2026-05-29,4,0000093410-26-000127,2026-05-27,xslF345X06/form4.xml,recent
2026-05-29,8-K,0000093410-26-000125,2026-05-27,cvx-20260527.htm,recent
2026-05-29,8-K,0000093410-26-000123,2026-05-27,cvx-20260527.htm,recent
2026-06-03,4,0000093410-26-000152,2026-06-01,xslF345X06/form4.xml,recent
2026-06-03,4,0000093410-26-000150,2026-06-01,xslF345X06/form4.xml,recent
2026-06-24,11-K,0000093410-26-000160,2025-12-31,hes-20260624.htm,recent
2026-06-24,11-K,0000093410-26-000158,2025-12-31,cvx-20260624.htm,recent
2026-07-31,8-K,0000093410-26-000162,2026-07-31,cvx-20260731.htm,recent
2026-08-03,144,0001968582-26-000774,,xsl144X01/primary_doc.xml,recent
2026-08-03,144,0001950047-26-007533,,xsl144X01/primary_doc.xml,recent
2026-08-05,144,0001950047-26-007713,,xsl144X01/primary_doc.xml,recent
2026-08-05,4,0000093410-26-000164,2026-08-03,xslF345X06/form4.xml,recent
2026-08-06,10-Q,0000093410-26-000167,2026-06-30,cvx-20260630.htm,recent
2026-08-07,4,0000093410-26-000169,2026-08-05,xslF345X06/form4.xml,recent
2026-08-11,144,0001950047-26-007929,,xsl144X01/primary_doc.xml,recent
2026-08-13,13F-HR,0000950142-26-002331,2026-06-30,xslForm13F_X02/primary_doc.xml,recent
2026-08-13,4,0000093410-26-000171,2026-08-11,xslF345X06/form4.xml,recent
2026-08-13,N-PX,0000950142-26-002332,2026-06-30,xslN-PX_X01/primary_doc.xml,recent
2026-08-14,144,0001950047-26-008116,,xsl144X01/primary_doc.xml,recent
2026-08-17,144,0001950047-26-008225,,xsl144X01/primary_doc.xml,recent
2026-08-18,144,0001958244-26-000531,,xsl144X01/primary_doc.xml,recent
2026-08-18,4,0000093410-26-000173,2026-08-14,xslF345X06/form4.xml,recent
2026-08-19,4,0000093410-26-000177,2026-08-17,xslF345X06/form4.xml,recent
2026-08-19,4,0000093410-26-000175,2026-08-17,xslF345X06/form4.xml,recent
2026-08-20,4,0000093410-26-000179,2026-08-18,xslF345X06/form4.xml,recent
2026-09-01,4,0000093410-26-000183,2026-08-28,xslF345X06/form4.xml,recent
2026-09-01,4,0000093410-26-000181,2026-08-28,xslF345X06/form4.xml,recent
2026-09-23,SD,0000093410-26-000186,,formsd1504ye2025q3.htm,recent
