filingDate,form,accession,reportDate,primaryDocument,source
1994-02-14,SC 13G/A,0000009749-94-000044,,,CIK0000732717-submissions-004.json
1994-03-15,8-K,0000732717-94-000001,1994-03-15,,CIK0000732717-submissions-004.json
1994-03-18,10-K,0000732717-94-000005,1993-12-31,,CIK0000732717-submissions-004.json
1994-03-18,DEF 14A,0000732717-94-000004,1993-12-31,,CIK0000732717-submissions-004.json
1994-04-06,8-K,0000732717-94-000006,1994-04-05,,CIK0000732717-submissions-004.json
1994-04-21,424B5,0000798263-94-000003,,,CIK0000732717-submissions-004.json
1994-05-10,10-Q,0000732717-94-000007,1994-03-31,,CIK0000732717-submissions-004.json
1994-05-19,424B3,0000798263-94-000004,,,CIK0000732717-submissions-004.json
1994-05-19,8-K,0000732717-94-000008,1994-05-19,,CIK0000732717-submissions-004.json
1994-05-26,10-K/A,0000732717-94-000009,1993-12-31,,CIK0000732717-submissions-004.json
1994-06-22,8-A12B/A,0000732717-94-000010,,,CIK0000732717-submissions-004.json
1994-06-24,S-8,0000732717-94-000012,,,CIK0000732717-submissions-004.json
1994-06-24,S-8,0000732717-94-000011,,,CIK0000732717-submissions-004.json
1994-07-29,S-4,0000889812-94-000016,,,CIK0000732717-submissions-004.json
1994-08-05,424B3,0000798263-94-000007,,,CIK0000732717-submissions-004.json
1994-08-05,424B3,0000798263-94-000006,,,CIK0000732717-submissions-004.json
1994-08-05,424B3,0000798263-94-000005,,,CIK0000732717-submissions-004.json
1994-08-08,424B3,0000798263-94-000010,,,CIK0000732717-submissions-004.json
1994-08-08,424B3,0000798263-94-000009,,,CIK0000732717-submissions-004.json
1994-08-08,424B3,0000798263-94-000008,,,CIK0000732717-submissions-004.json
1994-08-10,10-Q,0000732717-94-000013,1994-06-30,,CIK0000732717-submissions-004.json
1994-11-08,10-Q,0000732717-94-000014,1994-09-30,,CIK0000732717-submissions-004.json
1994-12-05,424B3,0000798263-94-000011,,,CIK0000732717-submissions-004.json
1994-12-09,424B3,0000798263-94-000014,,,CIK0000732717-submissions-004.json
1994-12-09,424B3,0000798263-94-000013,,,CIK0000732717-submissions-004.json
1994-12-09,424B3,0000798263-94-000012,,,CIK0000732717-submissions-004.json
1994-12-14,424B3,0000732717-94-000015,,,CIK0000732717-submissions-004.json
1994-12-16,S-3,0000891836-94-000084,,,CIK0000732717-submissions-004.json
1995-02-16,PRE 14A,0000732717-95-000001,1995-02-16,,CIK0000732717-submissions-004.json
1995-02-16,SC 13G,0000009749-95-000050,,,CIK0000732717-submissions-004.json
1995-02-24,424B3,0000798263-95-000003,,,CIK0000732717-submissions-004.json
1995-02-24,424B3,0000798263-95-000002,,,CIK0000732717-submissions-004.json
1995-02-24,424B3,0000798263-95-000001,,,CIK0000732717-submissions-004.json
1995-02-27,424B3,0000798263-95-000006,,,CIK0000732717-submissions-004.json
1995-02-27,424B3,0000798263-95-000005,,,CIK0000732717-submissions-004.json
1995-02-27,424B3,0000798263-95-000004,,,CIK0000732717-submissions-004.json
1995-03-14,10-K405,0000732717-95-000003,1994-12-31,,CIK0000732717-submissions-004.json
1995-03-14,DEF 14A,0000732717-95-000004,1995-03-14,,CIK0000732717-submissions-004.json
1995-04-26,424B3,0000798263-95-000011,,,CIK0000732717-submissions-004.json
1995-04-26,424B3,0000798263-95-000010,,,CIK0000732717-submissions-004.json
1995-04-26,424B3,0000798263-95-000009,,,CIK0000732717-submissions-004.json
1995-04-26,424B3,0000798263-95-000008,,,CIK0000732717-submissions-004.json
1995-04-26,424B3,0000798263-95-000007,,,CIK0000732717-submissions-004.json
1995-05-01,424B3,0000798263-95-000014,,,CIK0000732717-submissions-004.json
1995-05-01,424B3,0000798263-95-000013,,,CIK0000732717-submissions-004.json
1995-05-01,424B3,0000798263-95-000012,,,CIK0000732717-submissions-004.json
1995-05-09,10-Q,0000732717-95-000006,1995-03-31,,CIK0000732717-submissions-004.json
1995-05-10,424B3,0000798263-95-000018,,,CIK0000732717-submissions-004.json
1995-05-10,424B3,0000798263-95-000017,,,CIK0000732717-submissions-004.json
1995-05-10,424B3,0000798263-95-000016,,,CIK0000732717-submissions-004.json
1995-05-10,424B3,0000798263-95-000015,,,CIK0000732717-submissions-004.json
1995-05-10,S-3/A,0000891836-95-000043,,,CIK0000732717-submissions-004.json
1995-05-18,424B3,0000798263-95-000021,,,CIK0000732717-submissions-004.json
1995-05-18,424B3,0000798263-95-000020,,,CIK0000732717-submissions-004.json
1995-05-18,424B3,0000798263-95-000019,,,CIK0000732717-submissions-004.json
1995-05-26,10-K405/A,0000732717-95-000007,1994-12-31,,CIK0000732717-submissions-004.json
1995-05-26,424B3,0000798263-95-000025,,,CIK0000732717-submissions-004.json
1995-05-26,424B3,0000798263-95-000024,,,CIK0000732717-submissions-004.json
1995-05-26,424B3,0000798263-95-000023,,,CIK0000732717-submissions-004.json
1995-05-26,424B3,0000798263-95-000022,,,CIK0000732717-submissions-004.json
1995-05-30,S-3/A,0000891836-95-000052,,,CIK0000732717-submissions-004.json
1995-07-11,424B3,0000798263-95-000026,,,CIK0000732717-submissions-004.json
1995-07-12,424B3,0000798263-95-000027,,,CIK0000732717-submissions-004.json
1995-07-14,424B3,0000798263-95-000028,,,CIK0000732717-submissions-004.json
1995-08-08,10-Q,0000798263-95-000029,1995-06-30,,CIK0000732717-submissions-004.json
1995-08-10,S-8,0000732717-95-000010,,,CIK0000732717-submissions-004.json
1995-09-29,8-K,0000732717-95-000011,1995-09-29,,CIK0000732717-submissions-004.json
1995-11-07,10-Q,0000732717-95-000013,1995-09-30,,CIK0000732717-submissions-004.json
1995-11-21,424B3,0000798263-95-000031,,,CIK0000732717-submissions-004.json
1995-11-22,424B3,0000798263-95-000034,,,CIK0000732717-submissions-004.json
1995-11-22,424B3,0000798263-95-000033,,,CIK0000732717-submissions-004.json
1995-11-22,424B3,0000798263-95-000032,,,CIK0000732717-submissions-004.json
1995-11-28,424B3,0000798263-95-000035,,,CIK0000732717-submissions-004.json
1995-11-30,424B3,0000798263-95-000036,,,CIK0000732717-submissions-004.json
1995-12-11,8A12BEF,0000798263-95-000037,,,CIK0000732717-submissions-004.json
1995-12-14,424B3,0000798263-95-000038,,,CIK0000732717-submissions-004.json
1995-12-14,8-K,0000732717-95-000014,1995-12-12,,CIK0000732717-submissions-004.json
1996-02-14,SC 13G/A,0000009749-96-000032,,,CIK0000732717-submissions-004.json
1996-02-16,PRE 14A,0000732717-96-000001,1995-02-16,,CIK0000732717-submissions-004.json
1996-02-23,SC 13G,0000009749-96-000100,,,CIK0000732717-submissions-004.json
1996-03-12,10-K405,0000732717-96-000003,1995-12-31,,CIK0000732717-submissions-004.json
1996-03-12,DEF 14A,0000732717-96-000002,1996-03-12,,CIK0000732717-submissions-004.json
1996-04-02,8-K,0000732717-96-000004,1996-04-01,,CIK0000732717-submissions-004.json
1996-04-05,DEFA14A,0000732717-96-000006,,,CIK0000732717-submissions-004.json
1996-04-17,S-4,0000950123-96-001750,,,CIK0000732717-submissions-004.json
1996-04-22,S-4/A,0000950123-96-001804,,,CIK0000732717-submissions-004.json
1996-05-07,10-Q,0000732717-96-000007,1996-03-31,,CIK0000732717-submissions-004.json
1996-05-24,S-4/A,0000950134-96-002430,,,CIK0000732717-submissions-004.json
1996-06-03,S-4/A,0000950134-96-002618,,,CIK0000732717-submissions-004.json
1996-06-10,DEFA14A,0000732717-96-000008,,,CIK0000732717-submissions-004.json
1996-06-14,10-K405/A,0000732717-96-000010,1995-12-31,,CIK0000732717-submissions-004.json
1996-07-15,DEFA14A,0000732717-96-000011,,,CIK0000732717-submissions-004.json
1996-07-16,DEFA14A,0000732717-96-000012,,,CIK0000732717-submissions-004.json
1996-07-26,S-3D,0000732717-96-000013,,,CIK0000732717-submissions-004.json
1996-08-06,10-Q,0000732717-96-000016,1996-06-30,,CIK0000732717-submissions-004.json
1996-08-12,424B3,0000798263-96-000002,,,CIK0000732717-submissions-004.json
1996-08-12,424B3,0000798263-96-000001,,,CIK0000732717-submissions-004.json
1996-08-13,8-K,0000732717-96-000017,1996-08-13,,CIK0000732717-submissions-004.json
1996-09-30,424B3,0000732717-96-000020,,,CIK0000732717-submissions-004.json
1996-09-30,8-K,0000732717-96-000019,1996-09-30,,CIK0000732717-submissions-004.json
1996-10-07,SC 13D,0000891836-96-000264,,,CIK0000732717-submissions-004.json
1996-11-05,10-Q,0000732717-96-000021,1996-09-30,,CIK0000732717-submissions-004.json
1996-11-14,8-K,0000732717-96-000022,1996-11-14,,CIK0000732717-submissions-004.json
1997-02-12,SC 13G/A,0000009749-97-000038,,,CIK0000732717-submissions-004.json
1997-03-11,10-K405,0000732717-97-000001,1996-12-31,,CIK0000732717-submissions-004.json
1997-03-11,DEF 14A,0000950129-97-000976,1997-04-25,,CIK0000732717-submissions-004.json
1997-03-13,424B5,0000950123-97-002133,,,CIK0000732717-submissions-004.json
1997-03-14,8-K,0000732717-97-000002,1996-12-31,,CIK0000732717-submissions-004.json
1997-03-19,8-A12B,0000732717-97-000004,,,CIK0000732717-submissions-004.json
1997-03-21,424B5,0000950123-97-002340,,,CIK0000732717-submissions-004.json
1997-03-21,8-A12B/A,0000732717-97-000005,,,CIK0000732717-submissions-004.json
1997-03-31,8-K,0000950123-97-002868,1997-03-31,,CIK0000732717-submissions-004.json
1997-04-01,8-K,0000732717-97-000009,1997-04-01,,CIK0000732717-submissions-004.json
1997-04-01,S-8,0000732717-97-000008,,,CIK0000732717-submissions-004.json
1997-05-09,10-Q,0000732717-97-000014,1997-03-31,,CIK0000732717-submissions-004.json
1997-05-09,8-K,0000732717-97-000012,1996-12-31,,CIK0000732717-submissions-004.json
1997-06-19,8-K,0000732717-97-000020,1997-06-19,,CIK0000732717-submissions-004.json
1997-06-24,10-K405/A,0000732717-97-000021,1996-12-31,,CIK0000732717-submissions-004.json
1997-07-02,S-8,0000732717-97-000022,,,CIK0000732717-submissions-004.json
1997-08-13,10-Q,0000732717-97-000023,1997-06-30,,CIK0000732717-submissions-004.json
1997-09-30,424B3,0000798263-97-000001,,,CIK0000732717-submissions-004.json
1997-11-12,10-Q,0000732717-97-000028,1997-09-30,,CIK0000732717-submissions-004.json
1997-12-08,424B3,0000732717-97-000031,,,CIK0000732717-submissions-004.json
1998-01-05,8-K,0000891836-98-000003,1998-01-04,,CIK0000732717-submissions-004.json
1998-01-13,3,0000891836-98-000027,1998-01-04,,CIK0000732717-submissions-004.json
1998-01-13,SC 13D,0000891836-98-000025,,,CIK0000732717-submissions-004.json
1998-01-20,S-3,0000732717-98-000001,,,CIK0000732717-submissions-004.json
1998-02-05,8-K,0000732717-98-000003,1997-12-31,,CIK0000732717-submissions-004.json
1998-02-06,S-3/A,0000732717-98-000004,,,CIK0000732717-submissions-004.json
1998-02-09,S-4,0000950123-98-001125,,,CIK0000732717-submissions-004.json
1998-02-13,PRE 14A,0000950134-98-001190,1998-04-24,,CIK0000732717-submissions-004.json
1998-03-11,10-K405,0000732717-98-000007,1997-12-31,,CIK0000732717-submissions-004.json
1998-03-11,DEF 14A,0000950134-98-001928,1998-04-24,,CIK0000732717-submissions-004.json
1998-04-03,S-8,0000732717-98-000009,,,CIK0000732717-submissions-004.json
1998-05-11,10-Q,0000732717-98-000011,1998-03-31,,CIK0000732717-submissions-004.json
1998-05-11,8-K,0000891836-98-000275,1998-05-10,,CIK0000732717-submissions-004.json
1998-06-05,S-4,0000891836-98-000371,,,CIK0000732717-submissions-004.json
1998-06-23,10-K405/A,0000732717-98-000014,1997-12-31,,CIK0000732717-submissions-004.json
1998-06-26,10-K405/A,0000732717-98-000017,1997-12-31,,CIK0000732717-submissions-004.json
1998-08-13,10-Q,0000732717-98-000023,1998-06-30,,CIK0000732717-submissions-004.json
1998-08-18,S-4/A,0000891836-98-000538,,,CIK0000732717-submissions-004.json
1998-09-14,SC 13D/A,0000891836-98-000601,,,CIK0000732717-submissions-004.json
1998-09-21,S-4/A,0000891836-98-000613,,,CIK0000732717-submissions-004.json
1998-10-15,8-K,0000732717-98-000025,1998-09-30,,CIK0000732717-submissions-004.json
1998-10-15,S-4/A,0000950130-98-004988,,,CIK0000732717-submissions-004.json
1998-10-26,8-K,0000891836-98-000662,1998-10-26,,CIK0000732717-submissions-004.json
1998-10-26,S-8,0000732717-98-000027,,,CIK0000732717-submissions-004.json
1998-10-29,SC 13D,0000891836-98-000665,,,CIK0000732717-submissions-004.json
1998-10-30,8-K,0000732717-98-000029,1998-09-30,,CIK0000732717-submissions-004.json
1998-11-04,10-Q,0000732717-98-000031,1998-09-30,,CIK0000732717-submissions-004.json
1998-11-12,SC 13D/A,0000891836-98-000687,,,CIK0000732717-submissions-004.json
1998-11-19,8-K,0000732717-98-000032,1998-11-19,,CIK0000732717-submissions-004.json
1999-01-08,8-K,0000732717-99-000002,1998-09-30,,CIK0000732717-submissions-004.json
1999-01-21,8-K,0000732717-99-000003,1999-01-21,,CIK0000732717-submissions-004.json
1999-01-29,SC 13D/A,0000891836-99-000066,,,CIK0000732717-submissions-004.json
1999-02-10,SC 13G,0000732717-99-000004,,,CIK0000732717-submissions-004.json
1999-02-16,SC 13G/A,0000732717-99-000005,,,CIK0000732717-submissions-004.json
1999-03-12,10-K,0000732717-99-000007,1998-12-31,,CIK0000732717-submissions-004.json
1999-03-12,DEF 14A,0000899243-99-000445,1999-04-30,,CIK0000732717-submissions-004.json
1999-04-05,424B3,0000732717-99-000010,,,CIK0000732717-submissions-004.json
1999-05-11,10-Q,0000732717-99-000013,1999-03-31,,CIK0000732717-submissions-004.json
1999-06-17,8-K,0000891836-99-000438,1999-06-17,,CIK0000732717-submissions-004.json
1999-06-28,10-K/A,0000732717-99-000015,1998-12-31,,CIK0000732717-submissions-004.json
1999-06-29,10-K/A,0000732717-99-000016,1998-12-31,,CIK0000732717-submissions-004.json
1999-08-06,10-Q,0000732717-99-000020,1999-06-30,,CIK0000732717-submissions-004.json
1999-10-08,S-8,0000732717-99-000032,,,CIK0000732717-submissions-004.json
1999-10-12,8-K,0000732717-99-000046,1999-10-08,,CIK0000732717-submissions-004.json
1999-10-15,SC 13D,0000732717-99-000050,,,CIK0000732717-submissions-004.json
1999-10-19,8-K,0000732717-99-000051,1999-10-18,,CIK0000732717-submissions-004.json
1999-10-29,8-K,0000732717-99-000053,1999-10-27,,CIK0000732717-submissions-004.json
1999-11-12,10-Q,0000732717-99-000057,1999-09-30,,CIK0000732717-submissions-004.json
1999-11-29,SC 13D,0000950130-99-006769,,,CIK0000732717-submissions-004.json
2000-01-03,SC 13G,0000732717-00-000002,,,CIK0000732717-submissions-004.json
2000-01-13,8-K,0000732717-00-000005,2000-01-05,,CIK0000732717-submissions-004.json
2000-01-25,8-K,0000732717-00-000007,2000-01-25,,CIK0000732717-submissions-004.json
2000-01-28,8-K,0000732717-00-000010,2000-01-28,,CIK0000732717-submissions-004.json
2000-02-01,S-8,0000732717-00-000012,,,CIK0000732717-submissions-004.json
2000-02-02,SC 13D,0000891836-00-000016,,,CIK0000732717-submissions-004.json
2000-02-03,SC 13D,0000891836-00-000021,,,CIK0000732717-submissions-004.json
2000-02-04,SC 13D/A,0000891836-00-000029,,,CIK0000732717-submissions-004.json
2000-02-16,SC 13D,0000891836-00-000120,,,CIK0000732717-submissions-004.json
2000-02-22,8-K,0000732717-00-000014,2000-02-22,,CIK0000732717-submissions-004.json
2000-02-22,SC 13D,0000891836-00-000129,,,CIK0000732717-submissions-004.json
2000-02-25,SC 13D,0000950123-00-001636,,,CIK0000732717-submissions-004.json
2000-02-25,SC TO-T,0000950123-00-001635,,,CIK0000732717-submissions-004.json
2000-03-02,SC TO-T/A,0000950123-00-001885,,,CIK0000732717-submissions-004.json
2000-03-08,SC 13D,0000732717-00-000017,,,CIK0000732717-submissions-004.json
2000-03-10,10-K,0000732717-00-000018,1999-12-31,,CIK0000732717-submissions-004.json
2000-03-10,DEF 14A,0000899243-00-000432,2000-04-28,,CIK0000732717-submissions-004.json
2000-04-05,S-8,0000732717-00-000021,,,CIK0000732717-submissions-004.json
2000-04-10,8-K,0000950123-00-003448,2000-04-10,,CIK0000732717-submissions-004.json
2000-04-26,8-K,0000732717-00-000029,2000-04-25,,CIK0000732717-submissions-004.json
2000-04-28,424B3,0000891554-00-001191,,,CIK0000732717-submissions-004.json
2000-04-28,424B3,0000891554-00-001187,,,CIK0000732717-submissions-004.json
2000-04-28,424B3,0000891554-00-001186,,,CIK0000732717-submissions-004.json
2000-05-10,10-Q,0000732717-00-000031,2000-03-31,,CIK0000732717-submissions-004.json
2000-05-12,S-3,0000891836-00-000384,,,CIK0000732717-submissions-004.json
2000-05-24,S-3/A,0000891836-00-000401,,,CIK0000732717-submissions-004.json
2000-06-12,SC 13D/A,0000950130-00-003363,,0001.txt,CIK0000732717-submissions-004.json
2000-06-13,SC 13D/A,0000950130-00-003382,,0001.txt,CIK0000732717-submissions-004.json
2000-06-21,SC 13G/A,0000732717-00-000034,,0001.txt,CIK0000732717-submissions-004.json
2000-06-27,10-K/A,0000732717-00-000036,1999-12-31,0001.txt,CIK0000732717-submissions-004.json
2000-06-29,NT 11-K,0000732717-00-000037,1999-12-31,0001.txt,CIK0000732717-submissions-004.json
2000-07-05,11-K,0000732717-00-000043,1999-12-31,0001.txt,CIK0000732717-submissions-004.json
2000-07-05,SC 13D/A,0000732717-00-000045,,0001.txt,CIK0000732717-submissions-004.json
2000-07-06,8-K,0000732717-00-000049,2000-06-30,0001.txt,CIK0000732717-submissions-004.json
2000-07-07,8-K,0000732717-00-000051,2000-07-03,0001.txt,CIK0000732717-submissions-004.json
2000-07-28,8-K,0000732717-00-000052,2000-07-20,0001.txt,CIK0000732717-submissions-004.json
2000-08-10,10-Q,0000732717-00-000054,2000-06-30,0001.txt,CIK0000732717-submissions-004.json
2000-08-17,8-K,0000732717-00-000057,2000-08-17,0001.txt,CIK0000732717-submissions-004.json
2000-08-28,424B2,0000950134-00-007466,,e424b2.txt,CIK0000732717-submissions-004.json
2000-08-28,8-K,0000891836-00-000597,2000-08-28,0001.txt,CIK0000732717-submissions-004.json
2000-08-31,SC 13G,0000732717-00-000060,,0001.txt,CIK0000732717-submissions-004.json
2000-10-03,8-K,0000891836-00-000649,2000-10-02,0001.htm,CIK0000732717-submissions-004.json
2000-10-12,8-K,0000891836-00-000659,2000-10-02,0001.txt,CIK0000732717-submissions-004.json
2000-11-06,SC 13G,0000732717-00-000062,,0001.txt,CIK0000732717-submissions-004.json
2000-11-13,10-Q,0000732717-00-000065,2000-09-30,0001.txt,CIK0000732717-submissions-004.json
2001-01-04,15-15D,0000732717-01-000003,,0001.txt,CIK0000732717-submissions-004.json
2001-01-04,SC 13D/A,0000912057-01-000255,,a2034420zsc13da.txt,CIK0000732717-submissions-004.json
2001-01-10,SC 13D/A,0000732717-01-000005,,0001.txt,CIK0000732717-submissions-004.json
2001-01-26,S-8,0000732717-01-000010,,0001.txt,CIK0000732717-submissions-004.json
2001-02-22,SC 13D/A,0000732717-01-000014,,0001.txt,CIK0000732717-submissions-004.json
2001-02-22,SC 13D/A,0000732717-01-000012,,0001.txt,CIK0000732717-submissions-004.json
2001-02-27,SC 13D/A,0000732717-01-000016,,0001.txt,CIK0000732717-submissions-004.json
2001-03-12,10-K,0000732717-01-000019,2000-12-31,0001.htm,CIK0000732717-submissions-004.json
2001-03-12,DEF 14A,0000899243-01-000551,2001-04-27,0001.txt,CIK0000732717-submissions-004.json
2001-03-14,424B5,0000950134-01-002129,,h84926b5e424b5.txt,CIK0000732717-submissions-004.json
2001-03-16,NO ACT,9999999997-02-022887,2001-02-14,9999999997-02-022887.paper,CIK0000732717-submissions-004.json
2001-03-29,SC 13G,0000732717-01-000021,,0001.txt,CIK0000732717-submissions-004.json
2001-03-30,SC 13G,0000732717-01-000025,,0001.txt,CIK0000732717-submissions-004.json
2001-03-30,SC 13G,0000732717-01-000023,,0001.txt,CIK0000732717-submissions-004.json
2001-04-05,S-8,0000732717-01-000027,,0001.txt,CIK0000732717-submissions-004.json
2001-04-24,8-K,0000950123-01-501081,2001-04-24,y48249e8-k.txt,CIK0000732717-submissions-004.json
2001-04-26,424B5,0000950134-01-500799,,d86454b5e424b5.txt,CIK0000732717-submissions-004.json
2001-05-11,10-Q,0000732717-01-500005,2001-03-31,sbc1q01a.htm,CIK0000732717-submissions-004.json
2001-06-07,8-A12B,0000891836-01-500108,,sc0059-01.txt,CIK0000732717-submissions-004.json
2001-06-08,424B2,0000950134-01-502941,,d88068b2e424b2.txt,CIK0000732717-submissions-004.json
2001-06-21,SC 13D/A,0000732717-01-500009,,amdocs3.txt,CIK0000732717-submissions-004.json
2001-06-27,10-K/A,0000732717-01-500011,2000-12-31,form10-ka.htm,CIK0000732717-submissions-004.json
2001-06-28,SC 13D/A,0000732717-01-500015,,attrack13daasc.txt,CIK0000732717-submissions-004.json
2001-08-08,10-Q,0000732717-01-500018,2001-06-30,form10q.htm,CIK0000732717-submissions-004.json
2001-09-24,SC 13D/A,0000891836-01-500284,,sc0072-01_13da.txt,CIK0000732717-submissions-004.json
2001-09-24,SC TO-C,0000891836-01-500282,,sc0141.txt,CIK0000732717-submissions-004.json
2001-10-02,SC TO-T,0000950123-01-506891,,d90977scto-t.txt,CIK0000732717-submissions-004.json
2001-10-15,SC 13E3/A,0000950123-01-507462,,q90977esc13e3a.txt,CIK0000732717-submissions-004.json
2001-10-15,SC TO-T/A,0000950123-01-507192,,q90977scto-ta.txt,CIK0000732717-submissions-004.json
2001-10-18,SC 13E3/A,0000950123-01-507330,,d91436e3sc13e3a.txt,CIK0000732717-submissions-004.json
2001-10-18,SC TO-T/A,0000950123-01-507329,,d91436a2scto-ta.txt,CIK0000732717-submissions-004.json
2001-10-19,SC 13E3/A,0000950123-01-507426,,d91436easc13e3a.txt,CIK0000732717-submissions-004.json
2001-10-19,SC TO-T/A,0000950123-01-507424,,d91436a3scto-ta.txt,CIK0000732717-submissions-004.json
2001-10-22,SC 13E3,0000950123-01-507461,,d90977esc13e3.txt,CIK0000732717-submissions-004.json
2001-10-26,SC 13E3/A,0000950123-01-507596,,e91436e4sc13e3a.txt,CIK0000732717-submissions-004.json
2001-10-26,SC TO-T/A,0000950123-01-507595,,e91436a4scto-ta.txt,CIK0000732717-submissions-004.json
2001-10-31,SC 13E3/A,0000950123-01-507675,,e91436e5sc13e3a.txt,CIK0000732717-submissions-004.json
2001-10-31,SC TO-T/A,0000950123-01-507674,,e91436a5scto-ta.txt,CIK0000732717-submissions-004.json
2001-11-02,SC 13E3/A,0000950123-01-507796,,e91436e6sc13e3a.txt,CIK0000732717-submissions-004.json
2001-11-02,SC TO-T/A,0000950123-01-507795,,e91436a6scto-ta.txt,CIK0000732717-submissions-004.json
2001-11-08,10-Q,0000732717-01-500025,2001-09-30,sbc3q01.htm,CIK0000732717-submissions-004.json
2001-12-07,SC 13D/A,0000732717-01-500033,,amdocs4.txt,CIK0000732717-submissions-004.json
2001-12-07,SC 13D/A,0000732717-01-500031,,amdocs4.txt,CIK0000732717-submissions-004.json
2002-01-23,NO ACT,9999999997-02-007948,2002-01-07,9999999997-02-007948.paper,CIK0000732717-submissions-004.json
2002-01-25,8-K,0000732717-02-000004,2001-12-31,jan248k.htm,CIK0000732717-submissions-004.json
2002-01-29,424B5,0000950134-02-000643,,d93565b5e424b5.txt,CIK0000732717-submissions-004.json
2002-01-31,SC 13D/A,0000732717-02-000008,,amdocs13da6.txt,CIK0000732717-submissions-004.json
2002-02-08,NO ACT,9999999997-02-012626,2001-12-19,9999999997-02-012626.paper,CIK0000732717-submissions-004.json
2002-02-12,SC 13G/A,0000732717-02-000010,,spectrasite13gamd1.txt,CIK0000732717-submissions-004.json
2002-02-28,10-K,0000732717-02-000013,2001-12-31,form10k.htm,CIK0000732717-submissions-004.json
2002-03-11,DEF 14A,0000950134-02-001974,2002-04-26,d93685ddef14a.txt,CIK0000732717-submissions-004.json
2002-05-03,10-Q,0000732717-02-000015,2002-03-31,sbc10q.htm,CIK0000732717-submissions-004.json
2002-05-21,SC 13G/A,0000732717-02-000017,,spectrasite13gamd2.txt,CIK0000732717-submissions-004.json
2002-06-24,8-K,0000732717-02-000022,2002-03-31,r8-k.htm,CIK0000732717-submissions-004.json
2002-06-27,10-K/A,0000732717-02-000026,2001-12-31,ex99a.htm,CIK0000732717-submissions-004.json
2002-06-27,10-K/A,0000732717-02-000024,2001-12-31,ex99b.htm,CIK0000732717-submissions-004.json
2002-06-28,10-K/A,0000732717-02-000028,2001-12-31,form10ka.htm,CIK0000732717-submissions-004.json
2002-07-01,8-K,0000732717-02-000030,2002-06-28,bce8k.htm,CIK0000732717-submissions-004.json
2002-08-01,8-K,0000732717-02-000033,2002-06-30,aug18k.htm,CIK0000732717-submissions-004.json
2002-08-02,SC 13D/A,0000732717-02-000036,,hungarytel13damd6.txt,CIK0000732717-submissions-004.json
2002-08-12,10-Q,0000732717-02-000039,2002-06-30,sbc2q02.htm,CIK0000732717-submissions-004.json
2002-08-12,8-K,0000732717-02-000041,2002-06-30,aug128k.htm,CIK0000732717-submissions-004.json
2002-08-16,424B5,0000950134-02-010272,,d98629b5e424b5.txt,CIK0000732717-submissions-004.json
2002-09-09,SC 13D/A,0000732717-02-000043,,amdocs13da7.txt,CIK0000732717-submissions-004.json
2002-09-10,11-K,0000732717-02-000051,2001-12-31,esop.htm,CIK0000732717-submissions-004.json
2002-09-10,11-K,0000732717-02-000050,2001-12-31,paysop.htm,CIK0000732717-submissions-004.json
2002-09-10,11-K,0000732717-02-000049,2001-12-31,trasop.htm,CIK0000732717-submissions-004.json
2002-09-10,S-8,0000732717-02-000052,,paysops8july.txt,CIK0000732717-submissions-004.json
2002-09-30,4,0000732717-02-000061,2002-09-27,edgar.txt,CIK0000732717-submissions-004.json
2002-09-30,4,0000732717-02-000060,2002-09-27,edgar.txt,CIK0000732717-submissions-004.json
2002-10-01,4/A,0000732717-02-000066,2002-09-27,edgar.htm,CIK0000732717-submissions-004.json
2002-10-01,4/A,0000732717-02-000065,2002-09-27,edgar.htm,CIK0000732717-submissions-004.json
2002-10-02,4,0000732717-02-000070,2002-10-01,edgar.htm,CIK0000732717-submissions-004.json
2002-10-02,4,0000732717-02-000069,2002-10-01,edgar.htm,CIK0000732717-submissions-004.json
2002-10-11,4,0000732717-02-000074,2002-10-10,edgar.htm,CIK0000732717-submissions-004.json
2002-10-11,4,0000732717-02-000073,2002-10-10,edgar.htm,CIK0000732717-submissions-004.json
2002-10-16,8-K,0000732717-02-000076,2002-10-16,oct168k.htm,CIK0000732717-submissions-004.json
2002-11-08,4,0000732717-02-000080,2002-11-07,edgar.htm,CIK0000732717-submissions-004.json
2002-11-08,4,0000732717-02-000079,2002-11-07,edgar.htm,CIK0000732717-submissions-004.json
2002-11-13,10-Q,0000732717-02-000083,2002-09-30,sbc10q.htm,CIK0000732717-submissions-004.json
2002-11-14,SC 13D/A,0000732717-02-000085,,amdocs13d8.txt,CIK0000732717-submissions-004.json
2002-11-15,4,0000732717-02-000089,2002-11-14,edgar.htm,CIK0000732717-submissions-004.json
2002-11-15,4,0000732717-02-000088,2002-11-14,edgar.htm,CIK0000732717-submissions-004.json
2002-11-18,4,0000732717-02-000093,2002-11-15,edgar.htm,CIK0000732717-submissions-004.json
2002-11-18,4,0000732717-02-000092,2002-11-15,edgar.htm,CIK0000732717-submissions-004.json
2002-11-25,S-8,0000732717-02-000106,,ks8401.txt,CIK0000732717-submissions-004.json
2002-11-25,S-8 POS,0000732717-02-000105,,a401kpes-8.txt,CIK0000732717-submissions-004.json
2002-12-02,4,0000732717-02-000131,2002-11-29,edgar.txt,CIK0000732717-submissions-004.json
2002-12-02,4,0000732717-02-000129,2002-11-29,edgar.txt,CIK0000732717-submissions-004.json
2002-12-02,4,0000732717-02-000127,2002-11-29,edgar.txt,CIK0000732717-submissions-004.json
2002-12-02,4,0000732717-02-000126,2002-11-29,edgar.txt,CIK0000732717-submissions-004.json
2002-12-02,4,0000732717-02-000123,2002-11-29,edgar.txt,CIK0000732717-submissions-004.json
2002-12-02,4,0000732717-02-000120,2002-11-29,edgar.txt,CIK0000732717-submissions-004.json
2002-12-02,4,0000732717-02-000119,2002-11-29,edgar.txt,CIK0000732717-submissions-004.json
2002-12-02,4,0000732717-02-000117,2002-11-29,edgar.txt,CIK0000732717-submissions-004.json
2002-12-02,4,0000732717-02-000114,2002-11-29,edgar.txt,CIK0000732717-submissions-004.json
2002-12-02,4,0000732717-02-000113,2002-11-29,edgar.txt,CIK0000732717-submissions-004.json
2002-12-02,4,0000732717-02-000110,2002-11-23,edgar.txt,CIK0000732717-submissions-004.json
2002-12-06,4,0000732717-02-000136,2002-12-05,edgar.txt,CIK0000732717-submissions-004.json
2002-12-16,4,0000732717-02-000148,2002-12-13,edgar.txt,CIK0000732717-submissions-004.json
2002-12-16,4,0000732717-02-000147,2002-12-13,edgar.txt,CIK0000732717-submissions-004.json
2002-12-16,4,0000732717-02-000146,2002-12-13,edgar.txt,CIK0000732717-submissions-004.json
2002-12-16,4,0000732717-02-000145,2002-12-13,edgar.txt,CIK0000732717-submissions-004.json
2002-12-16,4,0000732717-02-000144,2002-12-13,edgar.txt,CIK0000732717-submissions-004.json
2002-12-16,4,0000732717-02-000143,2002-12-13,edgar.txt,CIK0000732717-submissions-004.json
2002-12-16,NO ACT,9999999997-03-000970,2002-11-11,9999999997-03-000970.paper,CIK0000732717-submissions-004.json
2002-12-24,NO ACT,9999999997-03-001020,2002-11-25,9999999997-03-001020.paper,CIK0000732717-submissions-004.json
2002-12-26,NO ACT,9999999997-03-000972,2002-11-26,9999999997-03-000972.paper,CIK0000732717-submissions-004.json
2003-01-02,4,0000732717-03-000018,2002-12-31,edgar.txt,CIK0000732717-submissions-004.json
2003-01-02,4,0000732717-03-000017,2002-12-31,edgar.txt,CIK0000732717-submissions-004.json
2003-01-02,4,0000732717-03-000016,2002-12-31,edgar.txt,CIK0000732717-submissions-004.json
2003-01-02,4,0000732717-03-000015,2002-12-31,edgar.txt,CIK0000732717-submissions-004.json
2003-01-02,4,0000732717-03-000014,2002-12-31,edgar.txt,CIK0000732717-submissions-004.json
2003-01-02,4,0000732717-03-000013,2002-12-31,edgar.txt,CIK0000732717-submissions-004.json
2003-01-02,4,0000732717-03-000012,2002-12-31,edgar.txt,CIK0000732717-submissions-004.json
2003-01-02,4,0000732717-03-000011,2002-12-31,edgar.txt,CIK0000732717-submissions-004.json
2003-01-02,4,0000732717-03-000010,2002-12-31,edgar.txt,CIK0000732717-submissions-004.json
2003-01-03,4,0000732717-03-000043,2002-12-31,edgar.txt,CIK0000732717-submissions-004.json
2003-01-03,4,0000732717-03-000042,2002-12-31,edgar.txt,CIK0000732717-submissions-004.json
2003-01-03,4,0000732717-03-000041,2002-12-31,edgar.txt,CIK0000732717-submissions-004.json
2003-01-03,4,0000732717-03-000040,2002-12-31,edgar.txt,CIK0000732717-submissions-004.json
2003-01-03,4,0000732717-03-000039,2002-12-31,edgar.txt,CIK0000732717-submissions-004.json
2003-01-03,4,0000732717-03-000038,2002-12-31,edgar.txt,CIK0000732717-submissions-004.json
2003-01-03,4,0000732717-03-000037,2002-12-31,edgar.txt,CIK0000732717-submissions-004.json
2003-01-03,4,0000732717-03-000036,2002-12-31,edgar.txt,CIK0000732717-submissions-004.json
2003-01-03,4,0000732717-03-000035,2002-12-31,edgar.txt,CIK0000732717-submissions-004.json
2003-01-03,4,0000732717-03-000034,2002-12-31,edgar.txt,CIK0000732717-submissions-004.json
2003-01-03,4,0000732717-03-000033,2002-12-31,edgar.txt,CIK0000732717-submissions-004.json
2003-01-03,4,0000732717-03-000032,2002-12-31,edgar.txt,CIK0000732717-submissions-004.json
2003-01-10,5,0000732717-03-000049,2002-12-01,edgar.txt,CIK0000732717-submissions-004.json
2003-01-10,5,0000732717-03-000047,2002-12-01,edgar.txt,CIK0000732717-submissions-004.json
2003-01-10,5,0000732717-03-000045,2002-12-01,edgar.txt,CIK0000732717-submissions-004.json
2003-01-13,5,0000732717-03-000051,2002-12-01,edgar.txt,CIK0000732717-submissions-004.json
2003-01-14,4,0000732717-03-000089,2003-01-10,edgar.txt,CIK0000732717-submissions-004.json
2003-01-14,4,0000732717-03-000088,2003-01-10,edgar.txt,CIK0000732717-submissions-004.json
2003-01-14,4,0000732717-03-000087,2003-01-10,edgar.txt,CIK0000732717-submissions-004.json
2003-01-14,4,0000732717-03-000086,2003-01-10,edgar.txt,CIK0000732717-submissions-004.json
2003-01-14,4,0000732717-03-000085,2003-01-10,edgar.txt,CIK0000732717-submissions-004.json
2003-01-14,4,0000732717-03-000084,2003-01-10,edgar.txt,CIK0000732717-submissions-004.json
2003-01-14,4,0000732717-03-000083,2003-01-10,edgar.txt,CIK0000732717-submissions-004.json
2003-01-14,4,0000732717-03-000082,2003-01-10,edgar.txt,CIK0000732717-submissions-004.json
2003-01-14,4,0000732717-03-000081,2003-01-10,edgar.txt,CIK0000732717-submissions-004.json
2003-01-14,4,0000732717-03-000080,2003-01-10,edgar.txt,CIK0000732717-submissions-004.json
2003-01-14,4,0000732717-03-000079,2003-01-10,edgar.txt,CIK0000732717-submissions-004.json
2003-01-14,4,0000732717-03-000078,2003-01-10,edgar.txt,CIK0000732717-submissions-004.json
2003-01-14,4,0000732717-03-000077,2003-01-10,edgar.txt,CIK0000732717-submissions-004.json
2003-01-14,4,0000732717-03-000076,2003-01-10,edgar.txt,CIK0000732717-submissions-004.json
2003-01-14,4,0000732717-03-000075,2003-01-10,edgar.txt,CIK0000732717-submissions-004.json
2003-01-14,4,0000732717-03-000074,2003-01-10,edgar.txt,CIK0000732717-submissions-004.json
2003-01-14,4,0000732717-03-000073,2003-01-10,edgar.txt,CIK0000732717-submissions-004.json
2003-01-14,4,0000732717-03-000072,2003-01-10,edgar.txt,CIK0000732717-submissions-004.json
2003-01-14,4,0000732717-03-000071,2003-01-10,edgar.txt,CIK0000732717-submissions-004.json
2003-01-16,4,0000732717-03-000091,2003-01-14,edgar.txt,CIK0000732717-submissions-004.json
2003-02-03,4,0000732717-03-000107,2003-01-31,edgar.txt,CIK0000732717-submissions-004.json
2003-02-03,4,0000732717-03-000106,2003-01-31,edgar.txt,CIK0000732717-submissions-004.json
2003-02-03,4,0000732717-03-000105,2003-01-31,edgar.txt,CIK0000732717-submissions-004.json
2003-02-03,4,0000732717-03-000104,2003-01-31,edgar.txt,CIK0000732717-submissions-004.json
2003-02-03,4,0000732717-03-000103,2003-01-31,edgar.txt,CIK0000732717-submissions-004.json
2003-02-03,4,0000732717-03-000102,2003-01-31,edgar.txt,CIK0000732717-submissions-004.json
2003-02-03,4,0000732717-03-000101,2003-01-31,edgar.txt,CIK0000732717-submissions-004.json
2003-02-03,4,0000732717-03-000100,2003-01-30,edgar.txt,CIK0000732717-submissions-004.json
2003-02-04,4,0000732717-03-000127,2003-01-31,edgar.txt,CIK0000732717-submissions-004.json
2003-02-04,4,0000732717-03-000125,2003-01-31,edgar.txt,CIK0000732717-submissions-004.json
2003-02-04,4,0000732717-03-000124,2003-01-31,edgar.txt,CIK0000732717-submissions-004.json
2003-02-04,4,0000732717-03-000121,2003-01-31,edgar.txt,CIK0000732717-submissions-004.json
2003-02-04,4,0000732717-03-000120,2003-01-31,edgar.txt,CIK0000732717-submissions-004.json
2003-02-04,4,0000732717-03-000119,2003-01-31,edgar.txt,CIK0000732717-submissions-004.json
2003-02-04,4,0000732717-03-000115,2003-01-31,edgar.txt,CIK0000732717-submissions-004.json
2003-02-04,4,0000732717-03-000114,2003-01-31,edgar.txt,CIK0000732717-submissions-004.json
2003-02-04,4,0000732717-03-000113,2003-01-31,edgar.txt,CIK0000732717-submissions-004.json
2003-02-04,4,0000732717-03-000112,2003-01-31,edgar.txt,CIK0000732717-submissions-004.json
2003-02-05,4,0000732717-03-000158,2003-01-30,edgar.txt,CIK0000732717-submissions-004.json
2003-02-05,4,0000732717-03-000156,2003-02-03,edgar.txt,CIK0000732717-submissions-004.json
2003-02-05,4,0000732717-03-000155,2003-02-03,edgar.txt,CIK0000732717-submissions-004.json
2003-02-05,4,0000732717-03-000154,2003-02-03,edgar.txt,CIK0000732717-submissions-004.json
2003-02-05,4,0000732717-03-000153,2003-02-03,edgar.txt,CIK0000732717-submissions-004.json
2003-02-05,4,0000732717-03-000152,2003-02-03,edgar.txt,CIK0000732717-submissions-004.json
2003-02-05,4,0000732717-03-000151,2003-02-03,edgar.txt,CIK0000732717-submissions-004.json
2003-02-05,4,0000732717-03-000150,2003-02-03,edgar.txt,CIK0000732717-submissions-004.json
2003-02-05,4,0000732717-03-000149,2003-02-03,edgar.txt,CIK0000732717-submissions-004.json
2003-02-05,4,0000732717-03-000148,2003-02-03,edgar.txt,CIK0000732717-submissions-004.json
2003-02-05,5,0000732717-03-000159,2002-12-01,edgar.txt,CIK0000732717-submissions-004.json
2003-02-05,5,0000732717-03-000157,2002-12-01,edgar.txt,CIK0000732717-submissions-004.json
2003-02-05,5,0000732717-03-000131,2002-12-31,form-5rembe.txt,CIK0000732717-submissions-004.json
2003-02-05,5,0000732717-03-000130,2002-12-31,daleyform5.txt,CIK0000732717-submissions-004.json
2003-02-05,5/A,0000732717-03-000142,2001-12-31,rembe2form5.txt,CIK0000732717-submissions-004.json
2003-02-05,5/A,0000732717-03-000141,2002-12-31,martinform5.txt,CIK0000732717-submissions-004.json
2003-02-05,NO ACT,9999999997-03-005535,2002-12-18,9999999997-03-005535.paper,CIK0000732717-submissions-004.json
2003-02-07,NO ACT,9999999997-03-005521,2002-12-19,9999999997-03-005521.paper,CIK0000732717-submissions-004.json
2003-02-10,SC 13G/A,0000732717-03-000161,,burst13ga.txt,CIK0000732717-submissions-004.json
2003-02-11,4,0000732717-03-000165,2003-02-07,edgar.txt,CIK0000732717-submissions-004.json
2003-02-11,4,0000732717-03-000164,2003-02-07,edgar.txt,CIK0000732717-submissions-004.json
2003-02-14,4,0000732717-03-000169,2003-02-13,edgar.txt,CIK0000732717-submissions-004.json
2003-02-14,4,0000732717-03-000168,2003-02-13,edgar.txt,CIK0000732717-submissions-004.json
2003-02-20,4,0000732717-03-000173,2003-02-19,edgar.txt,CIK0000732717-submissions-004.json
2003-02-20,4,0000732717-03-000172,2003-02-19,edgar.txt,CIK0000732717-submissions-004.json
2003-02-26,4,0000732717-03-000175,2003-02-25,edgar.txt,CIK0000732717-submissions-004.json
2003-03-04,4,0000732717-03-000195,2003-02-28,edgar.txt,CIK0000732717-submissions-004.json
2003-03-04,4,0000732717-03-000194,2003-02-28,edgar.txt,CIK0000732717-submissions-004.json
2003-03-04,4,0000732717-03-000193,2003-02-28,edgar.txt,CIK0000732717-submissions-004.json
2003-03-04,4,0000732717-03-000192,2003-02-28,edgar.txt,CIK0000732717-submissions-004.json
2003-03-04,4,0000732717-03-000191,2003-02-28,edgar.txt,CIK0000732717-submissions-004.json
2003-03-04,4,0000732717-03-000190,2003-02-28,edgar.txt,CIK0000732717-submissions-004.json
2003-03-04,4,0000732717-03-000189,2003-02-28,edgar.txt,CIK0000732717-submissions-004.json
2003-03-04,4,0000732717-03-000188,2003-02-28,edgar.txt,CIK0000732717-submissions-004.json
2003-03-04,4,0000732717-03-000187,2003-02-28,edgar.txt,CIK0000732717-submissions-004.json
2003-03-04,4,0000732717-03-000186,2003-02-28,edgar.txt,CIK0000732717-submissions-004.json
2003-03-05,NO ACT,9999999997-03-008438,2003-01-13,9999999997-03-008438.paper,CIK0000732717-submissions-004.json
2003-03-12,4,0000732717-03-000207,2003-03-10,edgar.txt,CIK0000732717-submissions-004.json
2003-03-12,4,0000732717-03-000206,2003-03-10,edgar.txt,CIK0000732717-submissions-004.json
2003-03-12,4,0000732717-03-000205,2003-03-10,edgar.txt,CIK0000732717-submissions-004.json
2003-03-14,10-K,0000732717-03-000210,2002-12-31,sbc10k.htm,CIK0000732717-submissions-004.json
2003-03-14,DEF 14A,0000930661-03-001038,2003-04-25,ddef14a.txt,CIK0000732717-submissions-004.json
2003-03-14,SC 13G,0000732717-03-000212,,telekom13g.txt,CIK0000732717-submissions-004.json
2003-03-27,4/A,0000732717-03-000214,2002-01-31,callawa4.txt,CIK0000732717-submissions-004.json
2003-03-31,4,0000732717-03-000230,2003-03-28,edgar.txt,CIK0000732717-submissions-004.json
2003-03-31,4,0000732717-03-000229,2003-03-28,edgar.txt,CIK0000732717-submissions-004.json
2003-03-31,4,0000732717-03-000227,2003-03-27,edgar.txt,CIK0000732717-submissions-004.json
2003-03-31,4,0000732717-03-000228,2003-03-28,edgar.txt,CIK0000732717-submissions-004.json
2003-03-31,4,0000732717-03-000226,2003-03-27,edgar.txt,CIK0000732717-submissions-004.json
2003-03-31,4,0000732717-03-000224,2003-03-27,edgar.txt,CIK0000732717-submissions-004.json
2003-03-31,4,0000732717-03-000225,2003-03-27,edgar.txt,CIK0000732717-submissions-004.json
2003-03-31,4,0000732717-03-000223,2003-03-27,edgar.txt,CIK0000732717-submissions-004.json
2003-04-02,4,0000732717-03-000274,2003-04-01,edgar.txt,CIK0000732717-submissions-004.json
2003-04-02,4,0000732717-03-000273,2003-04-01,edgar.txt,CIK0000732717-submissions-004.json
2003-04-02,4,0000732717-03-000272,2003-04-01,edgar.txt,CIK0000732717-submissions-004.json
2003-04-02,4,0000732717-03-000271,2003-04-01,edgar.txt,CIK0000732717-submissions-004.json
2003-04-02,4,0000732717-03-000270,2003-04-01,edgar.txt,CIK0000732717-submissions-004.json
2003-04-02,4,0000732717-03-000269,2003-04-01,edgar.txt,CIK0000732717-submissions-004.json
2003-04-02,4,0000732717-03-000268,2003-04-01,edgar.txt,CIK0000732717-submissions-004.json
2003-04-02,4,0000732717-03-000267,2003-04-01,edgar.txt,CIK0000732717-submissions-004.json
2003-04-02,4,0000732717-03-000266,2003-04-01,edgar.txt,CIK0000732717-submissions-004.json
2003-04-02,4,0000732717-03-000265,2003-04-01,edgar.txt,CIK0000732717-submissions-004.json
2003-04-02,4,0000732717-03-000264,2003-04-01,edgar.txt,CIK0000732717-submissions-004.json
2003-04-02,4,0000732717-03-000263,2003-04-01,edgar.txt,CIK0000732717-submissions-004.json
2003-04-02,4,0000732717-03-000250,2003-03-31,edgar.txt,CIK0000732717-submissions-004.json
2003-04-02,4,0000732717-03-000249,2003-03-31,edgar.txt,CIK0000732717-submissions-004.json
2003-04-02,4,0000732717-03-000248,2003-03-31,edgar.txt,CIK0000732717-submissions-004.json
2003-04-02,4,0000732717-03-000247,2003-03-31,edgar.txt,CIK0000732717-submissions-004.json
2003-04-02,4,0000732717-03-000246,2003-03-31,edgar.txt,CIK0000732717-submissions-004.json
2003-04-02,4,0000732717-03-000245,2003-03-31,edgar.txt,CIK0000732717-submissions-004.json
2003-04-02,4,0000732717-03-000244,2003-03-31,edgar.txt,CIK0000732717-submissions-004.json
2003-04-02,4,0000732717-03-000243,2003-03-31,edgar.txt,CIK0000732717-submissions-004.json
2003-04-02,4,0000732717-03-000242,2003-03-31,edgar.txt,CIK0000732717-submissions-004.json
2003-04-02,4,0000732717-03-000241,2003-03-31,edgar.txt,CIK0000732717-submissions-004.json
2003-04-11,4,0000732717-03-000318,2003-04-10,edgar.txt,CIK0000732717-submissions-004.json
2003-04-11,4,0000732717-03-000317,2003-04-10,edgar.txt,CIK0000732717-submissions-004.json
2003-04-11,4,0000732717-03-000316,2003-04-10,edgar.txt,CIK0000732717-submissions-004.json
2003-04-11,4,0000732717-03-000315,2003-04-10,edgar.txt,CIK0000732717-submissions-004.json
2003-04-11,4,0000732717-03-000314,2003-04-10,edgar.txt,CIK0000732717-submissions-004.json
2003-04-11,4,0000732717-03-000313,2003-04-10,edgar.txt,CIK0000732717-submissions-004.json
2003-04-11,4,0000732717-03-000312,2003-04-10,edgar.txt,CIK0000732717-submissions-004.json
2003-04-11,4,0000732717-03-000311,2003-04-10,edgar.txt,CIK0000732717-submissions-004.json
2003-04-11,4,0000732717-03-000310,2003-04-10,edgar.txt,CIK0000732717-submissions-004.json
2003-04-11,4,0000732717-03-000309,2003-04-10,edgar.txt,CIK0000732717-submissions-004.json
2003-04-11,4,0000732717-03-000308,2003-04-10,edgar.txt,CIK0000732717-submissions-004.json
2003-04-11,4,0000732717-03-000307,2003-04-10,edgar.txt,CIK0000732717-submissions-004.json
2003-04-11,4,0000732717-03-000306,2003-04-10,edgar.txt,CIK0000732717-submissions-004.json
2003-04-11,4,0000732717-03-000305,2003-04-10,edgar.txt,CIK0000732717-submissions-004.json
2003-04-11,4,0000732717-03-000304,2003-04-10,edgar.txt,CIK0000732717-submissions-004.json
2003-04-11,4,0000732717-03-000303,2003-04-10,edgar.txt,CIK0000732717-submissions-004.json
2003-04-11,4,0000732717-03-000302,2003-04-10,edgar.txt,CIK0000732717-submissions-004.json
2003-04-11,4,0000732717-03-000301,2003-04-10,edgar.txt,CIK0000732717-submissions-004.json
2003-04-11,4,0000732717-03-000300,2003-04-10,edgar.txt,CIK0000732717-submissions-004.json
2003-04-11,4,0000732717-03-000299,2003-04-10,edgar.txt,CIK0000732717-submissions-004.json
2003-04-21,8-K,0000732717-03-000323,2003-04-16,directory8k.htm,CIK0000732717-submissions-004.json
2003-04-24,8-K,0000732717-03-000326,2003-04-24,q1earn.htm,CIK0000732717-submissions-004.json
2003-04-28,4,0000732717-03-000369,2003-04-25,edgar.txt,CIK0000732717-submissions-004.json
2003-04-28,4,0000732717-03-000368,2003-04-25,edgar.txt,CIK0000732717-submissions-004.json
2003-04-28,4,0000732717-03-000367,2003-04-25,edgar.txt,CIK0000732717-submissions-004.json
2003-04-28,4,0000732717-03-000366,2003-04-25,edgar.txt,CIK0000732717-submissions-004.json
2003-04-28,4,0000732717-03-000361,2003-04-25,edgar.txt,CIK0000732717-submissions-004.json
2003-04-28,4,0000732717-03-000360,2003-04-25,edgar.txt,CIK0000732717-submissions-004.json
2003-04-28,4,0000732717-03-000358,2003-04-25,edgar.txt,CIK0000732717-submissions-004.json
2003-04-28,4,0000732717-03-000357,2003-04-25,edgar.txt,CIK0000732717-submissions-004.json
2003-04-28,4,0000732717-03-000354,2003-04-25,edgar.txt,CIK0000732717-submissions-004.json
2003-04-28,4,0000732717-03-000352,2003-04-25,edgar.txt,CIK0000732717-submissions-004.json
2003-04-28,4,0000732717-03-000350,2003-04-25,edgar.txt,CIK0000732717-submissions-004.json
2003-04-28,4,0000732717-03-000347,2003-04-25,edgar.txt,CIK0000732717-submissions-004.json
2003-04-28,4,0000732717-03-000346,2003-04-25,edgar.txt,CIK0000732717-submissions-004.json
2003-04-28,4,0000732717-03-000343,2003-04-25,edgar.txt,CIK0000732717-submissions-004.json
2003-04-28,4,0000732717-03-000342,2003-04-25,edgar.txt,CIK0000732717-submissions-004.json
2003-04-28,4,0000732717-03-000339,2003-04-25,edgar.txt,CIK0000732717-submissions-004.json
2003-04-28,4,0000732717-03-000338,2003-04-25,edgar.txt,CIK0000732717-submissions-004.json
2003-04-28,4,0000732717-03-000335,2003-04-24,edgar.txt,CIK0000732717-submissions-004.json
2003-04-28,4,0000732717-03-000334,2003-04-24,edgar.txt,CIK0000732717-submissions-004.json
2003-04-28,4,0000732717-03-000330,2003-04-24,edgar.txt,CIK0000732717-submissions-004.json
2003-04-29,4,0000732717-03-000371,2003-04-25,edgar.txt,CIK0000732717-submissions-004.json
2003-04-30,4,0000732717-03-000374,2003-04-28,edgar.txt,CIK0000732717-submissions-004.json
2003-05-01,4,0000732717-03-000376,2003-04-29,edgar.txt,CIK0000732717-submissions-004.json
2003-05-02,4,0000732717-03-000399,2003-05-01,edgar.txt,CIK0000732717-submissions-004.json
2003-05-02,4,0000732717-03-000397,2003-05-01,edgar.txt,CIK0000732717-submissions-004.json
2003-05-02,4,0000732717-03-000396,2003-04-30,edgar.txt,CIK0000732717-submissions-004.json
2003-05-02,4,0000732717-03-000395,2003-04-30,edgar.txt,CIK0000732717-submissions-004.json
2003-05-02,4,0000732717-03-000394,2003-04-30,edgar.txt,CIK0000732717-submissions-004.json
2003-05-02,4,0000732717-03-000393,2003-04-30,edgar.txt,CIK0000732717-submissions-004.json
2003-05-02,4,0000732717-03-000392,2003-04-30,edgar.txt,CIK0000732717-submissions-004.json
2003-05-02,4,0000732717-03-000391,2003-04-30,edgar.txt,CIK0000732717-submissions-004.json
2003-05-02,4,0000732717-03-000390,2003-04-30,edgar.txt,CIK0000732717-submissions-004.json
2003-05-02,4,0000732717-03-000389,2003-04-30,edgar.txt,CIK0000732717-submissions-004.json
2003-05-02,4,0000732717-03-000388,2003-04-30,edgar.txt,CIK0000732717-submissions-004.json
2003-05-09,4,0000732717-03-000413,2003-05-08,xslF345X01/doc4.xml,CIK0000732717-submissions-004.json
2003-05-09,4,0000732717-03-000412,2003-05-08,xslF345X01/doc4.xml,CIK0000732717-submissions-004.json
2003-05-12,10-Q,0000732717-03-000415,2003-03-31,q103_10q.htm,CIK0000732717-submissions-004.json
2003-05-20,4,0000732717-03-000417,2003-05-19,xslF345X01/doc4.xml,CIK0000732717-submissions-004.json
2003-06-02,4,0000732717-03-000439,2003-05-30,xslF345X01/doc4.xml,CIK0000732717-submissions-004.json
2003-06-02,4,0000732717-03-000438,2003-05-30,xslF345X01/doc4.xml,CIK0000732717-submissions-004.json
2003-06-02,4,0000732717-03-000437,2003-05-30,xslF345X01/doc4.xml,CIK0000732717-submissions-004.json
2003-06-02,4,0000732717-03-000436,2003-05-30,xslF345X01/doc4.xml,CIK0000732717-submissions-004.json
2003-06-02,4,0000732717-03-000435,2003-05-30,xslF345X01/doc4.xml,CIK0000732717-submissions-004.json
2003-06-02,4,0000732717-03-000434,2003-05-30,xslF345X01/doc4.xml,CIK0000732717-submissions-004.json
2003-06-02,4,0000732717-03-000433,2003-05-30,xslF345X01/doc4.xml,CIK0000732717-submissions-004.json
2003-06-02,4,0000732717-03-000432,2003-05-30,xslF345X01/doc4.xml,CIK0000732717-submissions-004.json
2003-06-02,4,0000732717-03-000431,2003-05-30,xslF345X01/doc4.xml,CIK0000732717-submissions-004.json
2003-06-02,4,0000732717-03-000430,2003-05-30,xslF345X01/doc4.xml,CIK0000732717-submissions-004.json
2003-06-02,S-3,0001193125-03-007755,,ds3.htm,CIK0000732717-submissions-004.json
2003-06-04,4,0000732717-03-000463,2003-06-02,xslF345X01/doc4.xml,CIK0000732717-submissions-004.json
2003-06-04,4,0000732717-03-000462,2003-06-02,xslF345X01/doc4.xml,CIK0000732717-submissions-004.json
2003-06-04,4,0000732717-03-000461,2003-06-02,xslF345X01/doc4.xml,CIK0000732717-submissions-004.json
2003-06-04,4,0000732717-03-000460,2003-06-02,xslF345X01/doc4.xml,CIK0000732717-submissions-004.json
2003-06-04,4,0000732717-03-000459,2003-06-02,xslF345X01/doc4.xml,CIK0000732717-submissions-004.json
2003-06-04,4,0000732717-03-000458,2003-06-02,xslF345X01/doc4.xml,CIK0000732717-submissions-004.json
2003-06-04,4,0000732717-03-000457,2003-06-02,xslF345X01/doc4.xml,CIK0000732717-submissions-004.json
2003-06-04,4,0000732717-03-000456,2003-06-02,xslF345X01/doc4.xml,CIK0000732717-submissions-004.json
2003-06-04,4,0000732717-03-000455,2003-06-02,xslF345X01/doc4.xml,CIK0000732717-submissions-004.json
2003-06-04,4,0000732717-03-000454,2003-06-02,xslF345X01/doc4.xml,CIK0000732717-submissions-004.json
2003-06-17,S-8 POS,0000732717-03-000465,,paysops8pe1.txt,CIK0000732717-submissions-004.json
2003-06-20,11-K,0000732717-03-000474,2002-12-31,esop.htm,CIK0000732717-submissions-004.json
2003-06-20,11-K,0000732717-03-000473,2002-12-31,trasop.htm,CIK0000732717-submissions-004.json
2003-06-20,11-K,0000732717-03-000471,2002-12-31,paysop.htm,CIK0000732717-submissions-004.json
2003-06-25,11-K,0000732717-03-000478,2002-12-31,sp2002.htm,CIK0000732717-submissions-004.json
2003-06-25,11-K,0000732717-03-000477,2002-12-31,ssp2002.htm,CIK0000732717-submissions-004.json
2003-06-27,4,0000732717-03-000487,2003-06-26,xslF345X01/doc4.xml,CIK0000732717-submissions-004.json
2003-06-27,4,0000732717-03-000486,2003-06-26,xslF345X01/doc4.xml,CIK0000732717-submissions-004.json
2003-06-30,4,0000732717-03-000505,2003-06-27,xslF345X01/doc4.xml,CIK0000732717-submissions-004.json
2003-06-30,4,0000732717-03-000504,2003-06-27,xslF345X01/doc4.xml,CIK0000732717-submissions-004.json
2003-06-30,4,0000732717-03-000503,2003-06-27,xslF345X01/doc4.xml,CIK0000732717-submissions-004.json
2003-06-30,4,0000732717-03-000502,2003-06-27,xslF345X01/doc4.xml,CIK0000732717-submissions-004.json
2003-06-30,4,0000732717-03-000501,2003-06-27,xslF345X01/doc4.xml,CIK0000732717-submissions-004.json
2003-06-30,4,0000732717-03-000500,2003-06-27,xslF345X01/doc4.xml,CIK0000732717-submissions-004.json
2003-06-30,4,0000732717-03-000499,2003-06-27,xslF345X01/doc4.xml,CIK0000732717-submissions-004.json
2003-06-30,4,0000732717-03-000498,2003-06-27,xslF345X01/doc4.xml,CIK0000732717-submissions-004.json
2003-07-01,4,0000732717-03-000525,2003-06-30,xslF345X01/doc4.xml,CIK0000732717-submissions-004.json
2003-07-01,4,0000732717-03-000524,2003-06-30,xslF345X01/doc4.xml,CIK0000732717-submissions-004.json
2003-07-01,4,0000732717-03-000523,2003-06-30,xslF345X01/doc4.xml,CIK0000732717-submissions-004.json
2003-07-01,4,0000732717-03-000522,2003-06-30,xslF345X01/doc4.xml,CIK0000732717-submissions-004.json
2003-07-01,4,0000732717-03-000521,2003-06-30,xslF345X01/doc4.xml,CIK0000732717-submissions-004.json
2003-07-01,4,0000732717-03-000520,2003-06-30,xslF345X01/doc4.xml,CIK0000732717-submissions-004.json
2003-07-01,4,0000732717-03-000519,2003-06-30,xslF345X01/doc4.xml,CIK0000732717-submissions-004.json
2003-07-01,4,0000732717-03-000518,2003-06-30,xslF345X01/doc4.xml,CIK0000732717-submissions-004.json
2003-07-01,4,0000732717-03-000517,2003-06-30,xslF345X01/doc4.xml,CIK0000732717-submissions-004.json
2003-07-01,4,0000732717-03-000516,2003-06-30,xslF345X01/doc4.xml,CIK0000732717-submissions-004.json
2003-07-02,4,0000732717-03-000550,2003-07-01,xslF345X01/doc4.xml,CIK0000732717-submissions-004.json
2003-07-02,4,0000732717-03-000549,2003-07-01,xslF345X01/doc4.xml,CIK0000732717-submissions-004.json
2003-07-02,4,0000732717-03-000548,2003-07-01,xslF345X01/doc4.xml,CIK0000732717-submissions-004.json
2003-07-02,4,0000732717-03-000547,2003-07-01,xslF345X01/doc4.xml,CIK0000732717-submissions-004.json
2003-07-02,4,0000732717-03-000546,2003-07-01,xslF345X01/doc4.xml,CIK0000732717-submissions-004.json
2003-07-02,4,0000732717-03-000545,2003-07-01,xslF345X01/doc4.xml,CIK0000732717-submissions-004.json
2003-07-02,4,0000732717-03-000544,2003-07-01,xslF345X01/doc4.xml,CIK0000732717-submissions-004.json
2003-07-02,4,0000732717-03-000543,2003-07-01,xslF345X01/doc4.xml,CIK0000732717-submissions-004.json
2003-07-02,4,0000732717-03-000542,2003-07-01,xslF345X01/doc4.xml,CIK0000732717-submissions-004.json
2003-07-02,4,0000732717-03-000541,2003-07-01,xslF345X01/doc4.xml,CIK0000732717-submissions-004.json
2003-07-02,4,0000732717-03-000540,2003-07-01,xslF345X01/doc4.xml,CIK0000732717-submissions-004.json
2003-07-02,4,0000732717-03-000539,2003-07-01,xslF345X01/doc4.xml,CIK0000732717-submissions-004.json
2003-07-14,4,0000732717-03-000590,2003-07-10,xslF345X01/doc4.xml,CIK0000732717-submissions-004.json
2003-07-14,4,0000732717-03-000589,2003-07-10,xslF345X01/doc4.xml,CIK0000732717-submissions-004.json
2003-07-14,4,0000732717-03-000588,2003-07-10,xslF345X01/doc4.xml,CIK0000732717-submissions-004.json
2003-07-14,4,0000732717-03-000587,2003-07-10,xslF345X01/doc4.xml,CIK0000732717-submissions-004.json
2003-07-14,4,0000732717-03-000586,2003-07-10,xslF345X01/doc4.xml,CIK0000732717-submissions-004.json
2003-07-14,4,0000732717-03-000585,2003-07-10,xslF345X01/doc4.xml,CIK0000732717-submissions-004.json
2003-07-14,4,0000732717-03-000584,2003-07-10,xslF345X01/doc4.xml,CIK0000732717-submissions-004.json
2003-07-14,4,0000732717-03-000583,2003-07-10,xslF345X01/doc4.xml,CIK0000732717-submissions-004.json
2003-07-14,4,0000732717-03-000582,2003-07-10,xslF345X01/doc4.xml,CIK0000732717-submissions-004.json
2003-07-14,4,0000732717-03-000581,2003-07-10,xslF345X01/doc4.xml,CIK0000732717-submissions-004.json
2003-07-14,4,0000732717-03-000580,2003-07-10,xslF345X01/doc4.xml,CIK0000732717-submissions-004.json
2003-07-14,4,0000732717-03-000579,2003-07-10,xslF345X01/doc4.xml,CIK0000732717-submissions-004.json
2003-07-14,4,0000732717-03-000578,2003-07-10,xslF345X01/doc4.xml,CIK0000732717-submissions-004.json
2003-07-14,4,0000732717-03-000577,2003-07-10,xslF345X01/doc4.xml,CIK0000732717-submissions-004.json
2003-07-14,4,0000732717-03-000576,2003-07-10,xslF345X01/doc4.xml,CIK0000732717-submissions-004.json
2003-07-14,4,0000732717-03-000575,2003-07-10,xslF345X01/doc4.xml,CIK0000732717-submissions-004.json
2003-07-14,4,0000732717-03-000574,2003-07-10,xslF345X01/doc4.xml,CIK0000732717-submissions-004.json
2003-07-14,4,0000732717-03-000573,2003-07-10,xslF345X01/doc4.xml,CIK0000732717-submissions-004.json
2003-07-14,4,0000732717-03-000572,2003-07-10,xslF345X01/doc4.xml,CIK0000732717-submissions-004.json
2003-07-14,4,0000732717-03-000571,2003-07-10,xslF345X01/doc4.xml,CIK0000732717-submissions-004.json
2003-07-16,4,0000732717-03-000598,2003-07-15,xslF345X01/doc4.xml,CIK0000732717-submissions-004.json
2003-07-16,4,0000732717-03-000597,2003-07-15,xslF345X01/doc4.xml,CIK0000732717-submissions-004.json
2003-07-16,4,0000732717-03-000596,2003-07-15,xslF345X01/doc4.xml,CIK0000732717-submissions-004.json
2003-07-16,4,0000732717-03-000595,2003-07-15,xslF345X01/doc4.xml,CIK0000732717-submissions-004.json
2003-07-18,4,0000732717-03-000612,2003-07-17,xslF345X01/doc4.xml,CIK0000732717-submissions-004.json
2003-07-18,4,0000732717-03-000611,2003-07-17,xslF345X01/doc4.xml,CIK0000732717-submissions-004.json
2003-07-18,4,0000732717-03-000610,2003-07-17,xslF345X01/doc4.xml,CIK0000732717-submissions-004.json
2003-07-18,4,0000732717-03-000609,2003-07-17,xslF345X01/doc4.xml,CIK0000732717-submissions-004.json
2003-07-18,4,0000732717-03-000608,2003-07-17,xslF345X01/doc4.xml,CIK0000732717-submissions-004.json
2003-07-18,4,0000732717-03-000607,2003-07-17,xslF345X01/doc4.xml,CIK0000732717-submissions-004.json
2003-07-18,4,0000732717-03-000606,2003-07-17,xslF345X01/doc4.xml,CIK0000732717-submissions-004.json
2003-07-21,8-K,0000732717-03-000615,2003-07-21,minitend.htm,CIK0000732717-submissions-004.json
2003-07-24,8-K,0000732717-03-000620,2003-07-24,q2earn.htm,CIK0000732717-submissions-004.json
2003-07-25,4,0000732717-03-000638,2003-07-24,xslF345X01/doc4.xml,CIK0000732717-submissions-004.json
2003-07-25,4,0000732717-03-000637,2003-07-24,xslF345X01/doc4.xml,CIK0000732717-submissions-004.json
2003-07-25,4,0000732717-03-000636,2003-07-24,xslF345X01/doc4.xml,CIK0000732717-submissions-004.json
2003-07-25,4,0000732717-03-000635,2003-07-24,xslF345X01/doc4.xml,CIK0000732717-submissions-004.json
2003-07-25,4,0000732717-03-000634,2003-07-24,xslF345X01/doc4.xml,CIK0000732717-submissions-004.json
2003-07-25,4,0000732717-03-000633,2003-07-24,xslF345X01/doc4.xml,CIK0000732717-submissions-004.json
2003-07-25,4,0000732717-03-000626,2003-07-23,xslF345X01/doc4.xml,CIK0000732717-submissions-004.json
2003-07-28,4,0000732717-03-000648,2003-07-25,xslF345X02/primary_doc.xml,CIK0000732717-submissions-004.json
2003-07-28,4,0000732717-03-000647,2003-07-25,xslF345X02/primary_doc.xml,CIK0000732717-submissions-004.json
2003-07-28,4,0000732717-03-000646,2003-07-25,xslF345X02/primary_doc.xml,CIK0000732717-submissions-004.json
2003-07-28,4,0000732717-03-000645,2003-07-25,xslF345X02/primary_doc.xml,CIK0000732717-submissions-004.json
2003-07-28,4,0000732717-03-000644,2003-07-25,xslF345X02/primary_doc.xml,CIK0000732717-submissions-004.json
2003-07-28,4,0000732717-03-000642,2003-07-25,xslF345X02/primary_doc.xml,CIK0000732717-submissions-004.json
2003-07-28,4,0000732717-03-000641,2003-07-25,xslF345X02/primary_doc.xml,CIK0000732717-submissions-004.json
2003-07-29,4,0000732717-03-000652,2003-07-25,xslF345X02/doc4.xml,CIK0000732717-submissions-004.json
2003-07-29,4,0000732717-03-000650,2003-07-25,xslF345X02/primary_doc.xml,CIK0000732717-submissions-004.json
2003-07-29,4,0000732717-03-000649,2003-07-25,xslF345X02/primary_doc.xml,CIK0000732717-submissions-004.json
2003-07-30,4,0000732717-03-000654,2003-07-29,xslF345X02/doc4.xml,CIK0000732717-submissions-004.json
2003-08-01,4,0000732717-03-000683,2003-07-31,xslF345X02/doc4.xml,CIK0000732717-submissions-004.json
2003-08-01,4,0000732717-03-000682,2003-07-31,xslF345X02/doc4.xml,CIK0000732717-submissions-004.json
2003-08-01,4,0000732717-03-000681,2003-07-31,xslF345X02/doc4.xml,CIK0000732717-submissions-004.json
2003-08-01,4,0000732717-03-000680,2003-07-31,xslF345X02/doc4.xml,CIK0000732717-submissions-004.json
2003-08-01,4,0000732717-03-000679,2003-07-31,xslF345X02/doc4.xml,CIK0000732717-submissions-004.json
2003-08-01,4,0000732717-03-000678,2003-07-31,xslF345X02/doc4.xml,CIK0000732717-submissions-004.json
2003-08-01,4,0000732717-03-000677,2003-07-31,xslF345X02/doc4.xml,CIK0000732717-submissions-004.json
2003-08-01,4,0000732717-03-000676,2003-07-31,xslF345X02/doc4.xml,CIK0000732717-submissions-004.json
2003-08-01,4,0000732717-03-000675,2003-07-31,xslF345X02/doc4.xml,CIK0000732717-submissions-004.json
2003-08-04,4,0000732717-03-000685,2003-07-31,xslF345X02/doc4.xml,CIK0000732717-submissions-004.json
2003-08-08,4,0000732717-03-000691,2003-08-07,xslF345X02/doc4.xml,CIK0000732717-submissions-004.json
2003-08-08,4,0000732717-03-000690,2003-08-07,xslF345X02/doc4.xml,CIK0000732717-submissions-004.json
2003-08-08,4,0000732717-03-000687,2003-05-28,xslF345X02/doc4.xml,CIK0000732717-submissions-004.json
2003-08-12,10-Q,0000732717-03-000694,2003-06-30,q203.htm,CIK0000732717-submissions-004.json
2003-09-03,4,0000732717-03-000717,2003-08-29,xslF345X02/doc4.xml,CIK0000732717-submissions-004.json
2003-09-03,4,0000732717-03-000716,2003-08-29,xslF345X02/doc4.xml,CIK0000732717-submissions-004.json
2003-09-03,4,0000732717-03-000715,2003-08-29,xslF345X02/doc4.xml,CIK0000732717-submissions-004.json
2003-09-03,4,0000732717-03-000714,2003-08-29,xslF345X02/doc4.xml,CIK0000732717-submissions-004.json
2003-09-03,4,0000732717-03-000713,2003-08-29,xslF345X02/doc4.xml,CIK0000732717-submissions-004.json
2003-09-03,4,0000732717-03-000712,2003-08-29,xslF345X02/doc4.xml,CIK0000732717-submissions-004.json
2003-09-03,4,0000732717-03-000711,2003-08-29,xslF345X02/doc4.xml,CIK0000732717-submissions-004.json
2003-09-03,4,0000732717-03-000710,2003-08-29,xslF345X02/doc4.xml,CIK0000732717-submissions-004.json
2003-09-03,4,0000732717-03-000709,2003-08-29,xslF345X02/doc4.xml,CIK0000732717-submissions-004.json
2003-09-03,4,0000732717-03-000708,2003-08-29,xslF345X02/doc4.xml,CIK0000732717-submissions-004.json
2003-09-15,4,0000732717-03-000719,2003-09-11,xslF345X02/doc4.xml,CIK0000732717-submissions-004.json
2003-09-17,4,0000732717-03-000721,2003-09-16,xslF345X02/doc4.xml,CIK0000732717-submissions-004.json
2003-09-26,4,0000732717-03-000738,2003-09-25,xslF345X02/doc4.xml,CIK0000732717-submissions-004.json
2003-09-26,4,0000732717-03-000737,2003-09-25,xslF345X02/doc4.xml,CIK0000732717-submissions-004.json
2003-09-26,4,0000732717-03-000736,2003-09-25,xslF345X02/doc4.xml,CIK0000732717-submissions-004.json
2003-09-26,4,0000732717-03-000735,2003-09-25,xslF345X02/doc4.xml,CIK0000732717-submissions-004.json
2003-09-26,4,0000732717-03-000734,2003-09-25,xslF345X02/doc4.xml,CIK0000732717-submissions-004.json
2003-09-26,4,0000732717-03-000733,2003-09-25,xslF345X02/doc4.xml,CIK0000732717-submissions-004.json
2003-09-26,4,0000732717-03-000732,2003-09-25,xslF345X02/doc4.xml,CIK0000732717-submissions-004.json
2003-09-29,4,0000732717-03-000754,2003-09-26,xslF345X02/doc4.xml,CIK0000732717-submissions-004.json
2003-09-29,4,0000732717-03-000753,2003-09-26,xslF345X02/doc4.xml,CIK0000732717-submissions-004.json
2003-09-29,4,0000732717-03-000752,2003-09-26,xslF345X02/doc4.xml,CIK0000732717-submissions-004.json
2003-09-29,4,0000732717-03-000751,2003-09-26,xslF345X02/doc4.xml,CIK0000732717-submissions-004.json
2003-09-29,4,0000732717-03-000750,2003-09-26,xslF345X02/doc4.xml,CIK0000732717-submissions-004.json
2003-09-29,4,0000732717-03-000749,2003-09-26,xslF345X02/doc4.xml,CIK0000732717-submissions-004.json
2003-09-29,4,0000732717-03-000748,2003-09-26,xslF345X02/doc4.xml,CIK0000732717-submissions-004.json
2003-09-29,4,0000732717-03-000747,2003-09-26,xslF345X02/doc4.xml,CIK0000732717-submissions-004.json
2003-10-01,4,0000732717-03-000774,2003-09-30,xslF345X02/doc4.xml,CIK0000732717-submissions-004.json
2003-10-01,4,0000732717-03-000773,2003-09-30,xslF345X02/doc4.xml,CIK0000732717-submissions-004.json
2003-10-01,4,0000732717-03-000772,2003-09-30,xslF345X02/doc4.xml,CIK0000732717-submissions-004.json
2003-10-01,4,0000732717-03-000771,2003-09-30,xslF345X02/doc4.xml,CIK0000732717-submissions-004.json
2003-10-01,4,0000732717-03-000770,2003-09-30,xslF345X02/doc4.xml,CIK0000732717-submissions-004.json
2003-10-01,4,0000732717-03-000769,2003-09-30,xslF345X02/doc4.xml,CIK0000732717-submissions-004.json
2003-10-01,4,0000732717-03-000768,2003-09-30,xslF345X02/doc4.xml,CIK0000732717-submissions-004.json
2003-10-01,4,0000732717-03-000767,2003-09-30,xslF345X02/doc4.xml,CIK0000732717-submissions-004.json
2003-10-01,4,0000732717-03-000766,2003-09-30,xslF345X02/doc4.xml,CIK0000732717-submissions-004.json
2003-10-01,4,0000732717-03-000765,2003-09-30,xslF345X02/doc4.xml,CIK0000732717-submissions-004.json
2003-10-02,4,0000732717-03-000798,2003-10-01,xslF345X02/doc4.xml,CIK0000732717-submissions-004.json
2003-10-02,4,0000732717-03-000797,2003-10-01,xslF345X02/doc4.xml,CIK0000732717-submissions-004.json
2003-10-02,4,0000732717-03-000796,2003-10-01,xslF345X02/doc4.xml,CIK0000732717-submissions-004.json
2003-10-02,4,0000732717-03-000794,2003-10-01,xslF345X02/doc4.xml,CIK0000732717-submissions-004.json
2003-10-02,4,0000732717-03-000790,2003-10-01,xslF345X02/doc4.xml,CIK0000732717-submissions-004.json
2003-10-02,4,0000732717-03-000795,2003-10-01,xslF345X02/doc4.xml,CIK0000732717-submissions-004.json
2003-10-02,4,0000732717-03-000793,2003-10-01,xslF345X02/doc4.xml,CIK0000732717-submissions-004.json
2003-10-02,4,0000732717-03-000792,2003-10-01,xslF345X02/doc4.xml,CIK0000732717-submissions-004.json
2003-10-02,4,0000732717-03-000791,2003-10-01,xslF345X02/doc4.xml,CIK0000732717-submissions-004.json
2003-10-02,4,0000732717-03-000789,2003-10-01,xslF345X02/doc4.xml,CIK0000732717-submissions-004.json
2003-10-02,4,0000732717-03-000788,2003-10-01,xslF345X02/doc4.xml,CIK0000732717-submissions-004.json
2003-10-02,4,0000732717-03-000787,2003-10-01,xslF345X02/doc4.xml,CIK0000732717-submissions-004.json
2003-10-14,4,0000732717-03-000845,2003-10-10,xslF345X02/doc4.xml,CIK0000732717-submissions-004.json
2003-10-14,4,0000732717-03-000844,2003-10-10,xslF345X02/doc4.xml,CIK0000732717-submissions-004.json
2003-10-14,4,0000732717-03-000843,2003-10-10,xslF345X02/doc4.xml,CIK0000732717-submissions-004.json
2003-10-14,4,0000732717-03-000842,2003-10-10,xslF345X02/doc4.xml,CIK0000732717-submissions-004.json
2003-10-14,4,0000732717-03-000841,2003-10-10,xslF345X02/doc4.xml,CIK0000732717-submissions-004.json
2003-10-14,4,0000732717-03-000840,2003-10-10,xslF345X02/doc4.xml,CIK0000732717-submissions-004.json
2003-10-14,4,0000732717-03-000839,2003-10-10,xslF345X02/doc4.xml,CIK0000732717-submissions-004.json
2003-10-14,4,0000732717-03-000838,2003-10-10,xslF345X02/doc4.xml,CIK0000732717-submissions-004.json
2003-10-14,4,0000732717-03-000837,2003-10-10,xslF345X02/doc4.xml,CIK0000732717-submissions-004.json
2003-10-14,4,0000732717-03-000836,2003-10-10,xslF345X02/doc4.xml,CIK0000732717-submissions-004.json
2003-10-14,4,0000732717-03-000835,2003-10-10,xslF345X02/doc4.xml,CIK0000732717-submissions-004.json
2003-10-14,4,0000732717-03-000834,2003-10-10,xslF345X02/doc4.xml,CIK0000732717-submissions-004.json
2003-10-14,4,0000732717-03-000833,2003-10-10,xslF345X02/doc4.xml,CIK0000732717-submissions-004.json
2003-10-14,4,0000732717-03-000832,2003-10-10,xslF345X02/doc4.xml,CIK0000732717-submissions-004.json
2003-10-14,4,0000732717-03-000829,2003-10-10,xslF345X02/doc4.xml,CIK0000732717-submissions-004.json
2003-10-14,4,0000732717-03-000828,2003-10-10,xslF345X02/doc4.xml,CIK0000732717-submissions-004.json
2003-10-14,4,0000732717-03-000827,2003-10-10,xslF345X02/doc4.xml,CIK0000732717-submissions-004.json
2003-10-14,4,0000732717-03-000826,2003-10-10,xslF345X02/doc4.xml,CIK0000732717-submissions-004.json
2003-10-14,4,0000732717-03-000825,2003-10-10,xslF345X02/doc4.xml,CIK0000732717-submissions-004.json
2003-10-14,4,0000732717-03-000824,2003-10-10,xslF345X02/doc4.xml,CIK0000732717-submissions-004.json
2003-10-21,8-K,0000732717-03-000848,2003-09-30,q3earn.htm,CIK0000732717-submissions-004.json
2003-10-24,4,0000732717-03-000850,2003-10-22,xslF345X02/doc4.xml,CIK0000732717-submissions-004.json
2003-10-27,4,0000732717-03-000854,2003-10-24,xslF345X02/doc4.xml,CIK0000732717-submissions-004.json
2003-10-29,4,0000732717-03-000857,2003-10-20,xslF345X02/doc4.xml,CIK0000732717-submissions-004.json
2003-11-03,4,0000732717-03-000877,2003-10-31,xslF345X02/doc4.xml,CIK0000732717-submissions-004.json
2003-11-03,4,0000732717-03-000876,2003-10-31,xslF345X02/doc4.xml,CIK0000732717-submissions-004.json
2003-11-03,4,0000732717-03-000875,2003-10-31,xslF345X02/doc4.xml,CIK0000732717-submissions-004.json
2003-11-03,4,0000732717-03-000874,2003-10-31,xslF345X02/doc4.xml,CIK0000732717-submissions-004.json
2003-11-03,4,0000732717-03-000873,2003-10-31,xslF345X02/doc4.xml,CIK0000732717-submissions-004.json
2003-11-03,4,0000732717-03-000872,2003-10-31,xslF345X02/doc4.xml,CIK0000732717-submissions-004.json
2003-11-03,4,0000732717-03-000871,2003-10-31,xslF345X02/doc4.xml,CIK0000732717-submissions-004.json
2003-11-03,4,0000732717-03-000870,2003-10-31,xslF345X02/doc4.xml,CIK0000732717-submissions-004.json
2003-11-03,4,0000732717-03-000869,2003-10-31,xslF345X02/doc4.xml,CIK0000732717-submissions-004.json
2003-11-03,4,0000732717-03-000868,2003-10-31,xslF345X02/doc4.xml,CIK0000732717-submissions-004.json
2003-11-05,4,0000732717-03-000883,2003-11-04,xslF345X02/doc4.xml,CIK0000732717-submissions-004.json
2003-11-05,4,0000732717-03-000882,2003-11-04,xslF345X02/doc4.xml,CIK0000732717-submissions-004.json
2003-11-05,4,0000732717-03-000881,2003-11-04,xslF345X02/doc4.xml,CIK0000732717-submissions-004.json
2003-11-07,4,0000732717-03-000887,2003-11-06,xslF345X02/doc4.xml,CIK0000732717-submissions-004.json
2003-11-07,4,0000732717-03-000886,2003-11-06,xslF345X02/doc4.xml,CIK0000732717-submissions-004.json
2003-11-10,4,0000732717-03-000895,2003-10-27,xslF345X02/doc4.xml,CIK0000732717-submissions-004.json
2003-11-12,10-Q,0000732717-03-000897,2003-09-30,q303.htm,CIK0000732717-submissions-004.json
2003-11-24,4,0000732717-03-000915,2003-11-21,xslF345X02/doc4.xml,CIK0000732717-submissions-004.json
2003-11-24,4,0000732717-03-000914,2003-11-21,xslF345X02/doc4.xml,CIK0000732717-submissions-004.json
2003-11-24,4,0000732717-03-000913,2003-11-21,xslF345X02/doc4.xml,CIK0000732717-submissions-004.json
2003-11-24,4,0000732717-03-000912,2003-11-21,xslF345X02/doc4.xml,CIK0000732717-submissions-004.json
2003-11-24,4,0000732717-03-000911,2003-11-21,xslF345X02/doc4.xml,CIK0000732717-submissions-004.json
2003-11-24,4,0000732717-03-000910,2003-11-21,xslF345X02/doc4.xml,CIK0000732717-submissions-004.json
2003-11-24,4,0000732717-03-000909,2003-11-20,xslF345X02/doc4.xml,CIK0000732717-submissions-004.json
2003-11-24,4,0000732717-03-000908,2003-11-20,xslF345X02/doc4.xml,CIK0000732717-submissions-004.json
2003-12-02,4,0000732717-03-000942,2003-11-28,xslF345X02/doc4.xml,CIK0000732717-submissions-004.json
2003-12-02,4,0000732717-03-000940,2003-11-28,xslF345X02/doc4.xml,CIK0000732717-submissions-004.json
2003-12-02,4,0000732717-03-000938,2003-11-28,xslF345X02/doc4.xml,CIK0000732717-submissions-004.json
2003-12-02,4,0000732717-03-000936,2003-11-28,xslF345X02/doc4.xml,CIK0000732717-submissions-004.json
2003-12-02,4,0000732717-03-000935,2003-11-28,xslF345X02/doc4.xml,CIK0000732717-submissions-004.json
2003-12-02,4,0000732717-03-000934,2003-11-28,xslF345X02/doc4.xml,CIK0000732717-submissions-004.json
2003-12-02,4,0000732717-03-000933,2003-11-28,xslF345X02/doc4.xml,CIK0000732717-submissions-004.json
2003-12-02,4,0000732717-03-000932,2003-11-28,xslF345X02/doc4.xml,CIK0000732717-submissions-004.json
2003-12-02,4,0000732717-03-000931,2003-11-28,xslF345X02/doc4.xml,CIK0000732717-submissions-004.json
2003-12-02,4,0000732717-03-000930,2003-11-28,xslF345X02/doc4.xml,CIK0000732717-submissions-004.json
2003-12-04,4,0000732717-03-000944,2003-12-03,xslF345X02/doc4.xml,CIK0000732717-submissions-004.json
2003-12-09,S-8,0000732717-03-000950,,a401ks803.txt,CIK0000732717-submissions-004.json
2003-12-15,4,0000732717-03-000967,2003-12-12,xslF345X02/doc4.xml,CIK0000732717-submissions-004.json
2003-12-15,4,0000732717-03-000966,2003-12-12,xslF345X02/doc4.xml,CIK0000732717-submissions-004.json
2003-12-15,4,0000732717-03-000965,2003-12-11,xslF345X02/doc4.xml,CIK0000732717-submissions-004.json
2003-12-15,4,0000732717-03-000964,2003-12-12,xslF345X02/doc4.xml,CIK0000732717-submissions-004.json
2003-12-15,4,0000732717-03-000963,2003-12-11,xslF345X02/doc4.xml,CIK0000732717-submissions-004.json
2003-12-15,4,0000732717-03-000962,2003-12-12,xslF345X02/doc4.xml,CIK0000732717-submissions-004.json
2003-12-15,4,0000732717-03-000961,2003-12-12,xslF345X02/doc4.xml,CIK0000732717-submissions-004.json
2003-12-15,4,0000732717-03-000960,2003-12-11,xslF345X02/doc4.xml,CIK0000732717-submissions-004.json
2004-01-05,4,0000732717-04-000046,2003-12-31,xslF345X02/doc4.xml,CIK0000732717-submissions-004.json
2004-01-05,4,0000732717-04-000045,2003-12-31,xslF345X02/doc4.xml,CIK0000732717-submissions-004.json
2004-01-05,4,0000732717-04-000044,2003-12-31,xslF345X02/doc4.xml,CIK0000732717-submissions-004.json
2004-01-05,4,0000732717-04-000043,2003-12-31,xslF345X02/doc4.xml,CIK0000732717-submissions-004.json
2004-01-05,4,0000732717-04-000042,2003-12-31,xslF345X02/doc4.xml,CIK0000732717-submissions-004.json
2004-01-05,4,0000732717-04-000041,2003-12-31,xslF345X02/doc4.xml,CIK0000732717-submissions-004.json
2004-01-05,4,0000732717-04-000040,2003-12-31,xslF345X02/doc4.xml,CIK0000732717-submissions-004.json
2004-01-05,4,0000732717-04-000039,2003-12-31,xslF345X02/doc4.xml,CIK0000732717-submissions-004.json
2004-01-05,4,0000732717-04-000038,2003-12-31,xslF345X02/doc4.xml,CIK0000732717-submissions-004.json
2004-01-05,4,0000732717-04-000037,2003-12-31,xslF345X02/doc4.xml,CIK0000732717-submissions-004.json
2004-01-05,4,0000732717-04-000036,2003-12-31,xslF345X02/doc4.xml,CIK0000732717-submissions-004.json
2004-01-05,4,0000732717-04-000035,2003-12-31,xslF345X02/doc4.xml,CIK0000732717-submissions-004.json
2004-01-05,4,0000732717-04-000034,2003-12-31,xslF345X02/doc4.xml,CIK0000732717-submissions-004.json
2004-01-05,4,0000732717-04-000033,2003-12-31,xslF345X02/doc4.xml,CIK0000732717-submissions-004.json
2004-01-05,4,0000732717-04-000032,2003-12-31,xslF345X02/doc4.xml,CIK0000732717-submissions-004.json
2004-01-05,4,0000732717-04-000031,2003-12-31,xslF345X02/doc4.xml,CIK0000732717-submissions-004.json
2004-01-05,4,0000732717-04-000030,2003-12-31,xslF345X02/doc4.xml,CIK0000732717-submissions-004.json
2004-01-05,4,0000732717-04-000029,2003-12-31,xslF345X02/doc4.xml,CIK0000732717-submissions-004.json
2004-01-05,4,0000732717-04-000028,2003-12-31,xslF345X02/doc4.xml,CIK0000732717-submissions-004.json
2004-01-05,4,0000732717-04-000027,2003-12-31,xslF345X02/doc4.xml,CIK0000732717-submissions-004.json
2004-01-05,4,0000732717-04-000026,2003-12-31,xslF345X02/doc4.xml,CIK0000732717-submissions-004.json
2004-01-05,4,0000732717-04-000025,2003-12-31,xslF345X02/doc4.xml,CIK0000732717-submissions-004.json
2004-01-12,NO ACT,9999999997-04-003186,2003-11-24,9999999997-04-003186.paper,CIK0000732717-submissions-004.json
2004-01-12,NO ACT,9999999997-04-001821,2003-12-04,9999999997-04-001821.paper,CIK0000732717-submissions-004.json
2004-01-13,4,0000732717-04-000093,2004-01-09,xslF345X02/doc4.xml,CIK0000732717-submissions-004.json
2004-01-13,4,0000732717-04-000092,2004-01-09,xslF345X02/doc4.xml,CIK0000732717-submissions-004.json
2004-01-13,4,0000732717-04-000090,2004-01-09,xslF345X02/doc4.xml,CIK0000732717-submissions-004.json
2004-01-13,4,0000732717-04-000089,2004-01-09,xslF345X02/doc4.xml,CIK0000732717-submissions-004.json
2004-01-13,4,0000732717-04-000088,2004-01-09,xslF345X02/doc4.xml,CIK0000732717-submissions-004.json
2004-01-13,4,0000732717-04-000087,2004-01-09,xslF345X02/doc4.xml,CIK0000732717-submissions-004.json
2004-01-13,4,0000732717-04-000086,2004-01-09,xslF345X02/doc4.xml,CIK0000732717-submissions-004.json
2004-01-13,4,0000732717-04-000085,2004-01-09,xslF345X02/doc4.xml,CIK0000732717-submissions-004.json
2004-01-13,4,0000732717-04-000084,2004-01-09,xslF345X02/doc4.xml,CIK0000732717-submissions-004.json
2004-01-13,4,0000732717-04-000083,2004-01-09,xslF345X02/doc4.xml,CIK0000732717-submissions-004.json
2004-01-13,4,0000732717-04-000082,2004-01-09,xslF345X02/doc4.xml,CIK0000732717-submissions-004.json
2004-01-13,4,0000732717-04-000081,2004-01-09,xslF345X02/doc4.xml,CIK0000732717-submissions-004.json
2004-01-13,4,0000732717-04-000080,2004-01-09,xslF345X02/doc4.xml,CIK0000732717-submissions-004.json
2004-01-13,4,0000732717-04-000079,2004-01-09,xslF345X02/doc4.xml,CIK0000732717-submissions-004.json
2004-01-13,4,0000732717-04-000078,2004-01-09,xslF345X02/doc4.xml,CIK0000732717-submissions-004.json
2004-01-13,4,0000732717-04-000077,2004-01-09,xslF345X02/doc4.xml,CIK0000732717-submissions-004.json
2004-01-13,4,0000732717-04-000076,2004-01-09,xslF345X02/doc4.xml,CIK0000732717-submissions-004.json
2004-01-13,4,0000732717-04-000075,2004-01-09,xslF345X02/doc4.xml,CIK0000732717-submissions-004.json
2004-01-13,4,0000732717-04-000074,2004-01-09,xslF345X02/doc4.xml,CIK0000732717-submissions-004.json
2004-01-13,4,0000732717-04-000073,2004-01-09,xslF345X02/doc4.xml,CIK0000732717-submissions-004.json
2004-01-14,4,0000732717-04-000101,2004-01-13,xslF345X02/doc4.xml,CIK0000732717-submissions-004.json
2004-01-14,4,0000732717-04-000100,2004-01-13,xslF345X02/doc4.xml,CIK0000732717-submissions-004.json
2004-01-14,4,0000732717-04-000099,2004-01-13,xslF345X02/doc4.xml,CIK0000732717-submissions-004.json
2004-01-14,SC 13G/A,0000732717-04-000098,,spectrasite13gamd3.txt,CIK0000732717-submissions-004.json
2004-01-16,NO ACT,9999999997-04-003205,2003-12-27,9999999997-04-003205.paper,CIK0000732717-submissions-004.json
2004-01-27,8-K,0000732717-04-000103,2003-12-31,q4earn.htm,CIK0000732717-submissions-004.json
2004-02-02,4,0000732717-04-000139,2004-01-30,xslF345X02/doc4.xml,CIK0000732717-submissions-004.json
2004-02-02,4,0000732717-04-000138,2004-01-30,xslF345X02/doc4.xml,CIK0000732717-submissions-004.json
2004-02-02,4,0000732717-04-000137,2004-01-30,xslF345X02/doc4.xml,CIK0000732717-submissions-004.json
2004-02-02,4,0000732717-04-000136,2004-01-30,xslF345X02/doc4.xml,CIK0000732717-submissions-004.json
2004-02-02,4,0000732717-04-000135,2004-01-30,xslF345X02/doc4.xml,CIK0000732717-submissions-004.json
2004-02-02,4,0000732717-04-000134,2004-01-30,xslF345X02/doc4.xml,CIK0000732717-submissions-004.json
2004-02-02,4,0000732717-04-000133,2004-01-29,xslF345X02/doc4.xml,CIK0000732717-submissions-004.json
2004-02-02,4,0000732717-04-000132,2004-01-29,xslF345X02/doc4.xml,CIK0000732717-submissions-004.json
2004-02-02,4,0000732717-04-000131,2004-01-29,xslF345X02/doc4.xml,CIK0000732717-submissions-004.json
2004-02-02,4,0000732717-04-000130,2004-01-29,xslF345X02/doc4.xml,CIK0000732717-submissions-004.json
2004-02-02,4,0000732717-04-000129,2004-01-29,xslF345X02/doc4.xml,CIK0000732717-submissions-004.json
2004-02-02,4,0000732717-04-000128,2004-01-29,xslF345X02/doc4.xml,CIK0000732717-submissions-004.json
2004-02-02,4,0000732717-04-000127,2004-01-29,xslF345X02/doc4.xml,CIK0000732717-submissions-004.json
2004-02-02,4,0000732717-04-000126,2004-01-29,xslF345X02/doc4.xml,CIK0000732717-submissions-004.json
2004-02-02,4,0000732717-04-000125,2004-01-29,xslF345X02/doc4.xml,CIK0000732717-submissions-004.json
2004-02-02,4,0000732717-04-000124,2004-01-29,xslF345X02/doc4.xml,CIK0000732717-submissions-004.json
2004-02-03,4,0000732717-04-000159,2004-02-02,xslF345X02/doc4.xml,CIK0000732717-submissions-004.json
2004-02-03,4,0000732717-04-000158,2004-02-02,xslF345X02/doc4.xml,CIK0000732717-submissions-004.json
2004-02-03,4,0000732717-04-000157,2004-02-02,xslF345X02/doc4.xml,CIK0000732717-submissions-004.json
2004-02-03,4,0000732717-04-000156,2004-02-02,xslF345X02/doc4.xml,CIK0000732717-submissions-004.json
2004-02-03,4,0000732717-04-000155,2004-02-02,xslF345X02/doc4.xml,CIK0000732717-submissions-004.json
2004-02-03,4,0000732717-04-000154,2004-02-02,xslF345X02/doc4.xml,CIK0000732717-submissions-004.json
2004-02-03,4,0000732717-04-000153,2004-02-02,xslF345X02/doc4.xml,CIK0000732717-submissions-004.json
2004-02-03,4,0000732717-04-000152,2004-02-02,xslF345X02/doc4.xml,CIK0000732717-submissions-004.json
2004-02-03,4,0000732717-04-000151,2004-02-02,xslF345X02/doc4.xml,CIK0000732717-submissions-004.json
2004-02-03,4,0000732717-04-000150,2004-02-02,xslF345X02/doc4.xml,CIK0000732717-submissions-004.json
2004-02-09,4,0000732717-04-000161,2004-02-06,xslF345X02/doc4.xml,CIK0000732717-submissions-004.json
2004-02-10,4,0000732717-04-000163,2004-02-09,xslF345X02/doc4.xml,CIK0000732717-submissions-004.json
2004-02-10,NO ACT,9999999997-04-006305,2003-12-24,9999999997-04-006305.paper,CIK0000732717-submissions-004.json
2004-02-13,PRE 14A,0001193125-04-023039,2004-04-30,dpre14a.txt,CIK0000732717-submissions-004.json
2004-02-17,8-K,0000950123-04-001943,2004-02-17,y94336e8vk.txt,CIK0000732717-submissions-004.json
2004-02-18,8-K/A,0000950123-04-002008,2004-02-17,e94336e8vkza.txt,CIK0000732717-submissions-004.json
2004-02-24,4,0000732717-04-000165,2004-02-20,xslF345X02/doc4.xml,CIK0000732717-submissions-004.json
2004-02-24,NO ACT,9999999997-04-008021,2004-01-30,9999999997-04-008021.paper,CIK0000732717-submissions-004.json
2004-03-01,4,0000732717-04-000197,2004-02-27,xslF345X02/doc4.xml,CIK0000732717-submissions-004.json
2004-03-01,4,0000732717-04-000196,2004-02-27,xslF345X02/doc4.xml,CIK0000732717-submissions-004.json
2004-03-01,4,0000732717-04-000195,2004-02-27,xslF345X02/doc4.xml,CIK0000732717-submissions-004.json
2004-03-01,4,0000732717-04-000194,2004-02-27,xslF345X02/doc4.xml,CIK0000732717-submissions-004.json
2004-03-01,4,0000732717-04-000193,2004-02-27,xslF345X02/doc4.xml,CIK0000732717-submissions-004.json
2004-03-01,4,0000732717-04-000192,2004-02-27,xslF345X02/doc4.xml,CIK0000732717-submissions-004.json
2004-03-01,4,0000732717-04-000191,2004-02-27,xslF345X02/doc4.xml,CIK0000732717-submissions-004.json
2004-03-01,4,0000732717-04-000190,2004-02-27,xslF345X02/doc4.xml,CIK0000732717-submissions-004.json
2004-03-01,4,0000732717-04-000189,2004-02-27,xslF345X02/doc4.xml,CIK0000732717-submissions-004.json
2004-03-01,4,0000732717-04-000188,2004-02-27,xslF345X02/doc4.xml,CIK0000732717-submissions-004.json
2004-03-01,4,0000732717-04-000187,2004-02-27,xslF345X02/doc4.xml,CIK0000732717-submissions-004.json
2004-03-01,4,0000732717-04-000186,2004-02-27,xslF345X02/doc4.xml,CIK0000732717-submissions-004.json
2004-03-01,4,0000732717-04-000185,2004-02-27,xslF345X02/doc4.xml,CIK0000732717-submissions-004.json
2004-03-01,4,0000732717-04-000184,2004-02-27,xslF345X02/doc4.xml,CIK0000732717-submissions-004.json
2004-03-01,4,0000732717-04-000183,2004-02-27,xslF345X02/doc4.xml,CIK0000732717-submissions-004.json
2004-03-02,4,0000732717-04-000199,2004-02-27,xslF345X02/doc4.xml,CIK0000732717-submissions-004.json
2004-03-09,3,0000732717-04-000203,2004-03-01,xslF345X02/doc3.xml,CIK0000732717-submissions-004.json
2004-03-11,10-K,0000732717-04-000205,2003-12-31,sbc10k.htm,CIK0000732717-submissions-004.json
2004-03-11,DEF 14A,0001193125-04-039016,2004-04-30,ddef14a.txt,CIK0000732717-submissions-004.json
2004-03-12,4,0000732717-04-000213,2004-03-10,xslF345X02/doc4.xml,CIK0000732717-submissions-004.json
2004-03-12,4,0000732717-04-000212,2004-03-10,xslF345X02/doc4.xml,CIK0000732717-submissions-004.json
2004-03-12,4,0000732717-04-000211,2004-03-10,xslF345X02/doc4.xml,CIK0000732717-submissions-004.json
2004-03-12,4,0000732717-04-000210,2004-03-10,xslF345X02/doc4.xml,CIK0000732717-submissions-004.json
2004-03-22,8-K,0000732717-04-000216,2004-03-22,belgacom.htm,CIK0000732717-submissions-004.json
2004-03-29,4,0000732717-04-000218,2004-03-26,xslF345X02/doc4.xml,CIK0000732717-submissions-004.json
2004-04-02,4,0000732717-04-000252,2004-03-31,xslF345X02/doc4.xml,CIK0000732717-submissions-004.json
2004-04-02,4,0000732717-04-000251,2004-03-31,xslF345X02/doc4.xml,CIK0000732717-submissions-004.json
2004-04-02,4,0000732717-04-000248,2004-03-31,xslF345X02/doc4.xml,CIK0000732717-submissions-004.json
2004-04-02,4,0000732717-04-000247,2004-03-31,xslF345X02/doc4.xml,CIK0000732717-submissions-004.json
2004-04-02,4,0000732717-04-000244,2004-03-31,xslF345X02/doc4.xml,CIK0000732717-submissions-004.json
2004-04-02,4,0000732717-04-000243,2004-03-31,xslF345X02/doc4.xml,CIK0000732717-submissions-004.json
2004-04-02,4,0000732717-04-000240,2004-03-31,xslF345X02/doc4.xml,CIK0000732717-submissions-004.json
2004-04-02,4,0000732717-04-000239,2004-03-31,xslF345X02/doc4.xml,CIK0000732717-submissions-004.json
2004-04-02,4,0000732717-04-000238,2004-03-31,xslF345X02/doc4.xml,CIK0000732717-submissions-004.json
2004-04-02,4,0000732717-04-000236,2004-03-31,xslF345X02/doc4.xml,CIK0000732717-submissions-004.json
2004-04-02,4,0000732717-04-000235,2004-03-31,xslF345X02/doc4.xml,CIK0000732717-submissions-004.json
2004-04-02,4,0000732717-04-000234,2004-03-31,xslF345X02/doc4.xml,CIK0000732717-submissions-004.json
2004-04-02,4,0000732717-04-000233,2004-03-31,xslF345X02/doc4.xml,CIK0000732717-submissions-004.json
2004-04-02,4,0000732717-04-000232,2004-03-31,xslF345X02/doc4.xml,CIK0000732717-submissions-004.json
2004-04-02,4,0000732717-04-000231,2004-03-31,xslF345X02/doc4.xml,CIK0000732717-submissions-004.json
2004-04-02,4,0000732717-04-000229,2004-03-31,xslF345X02/doc4.xml,CIK0000732717-submissions-004.json
2004-04-02,4,0000732717-04-000228,2004-03-31,xslF345X02/doc4.xml,CIK0000732717-submissions-004.json
2004-04-21,8-K,0000732717-04-000256,2004-03-31,q104earn.htm,CIK0000732717-submissions-004.json
2004-04-22,4,0000732717-04-000258,2004-04-21,xslF345X02/doc4.xml,CIK0000732717-submissions-004.json
2004-04-26,4,0000732717-04-000263,2004-04-23,xslF345X02/doc4.xml,CIK0000732717-submissions-004.json
2004-04-26,4,0000732717-04-000260,2004-04-22,xslF345X02/doc4.xml,CIK0000732717-submissions-004.json
2004-04-28,4,0000732717-04-000266,2004-04-27,xslF345X02/doc4.xml,CIK0000732717-submissions-004.json
2004-04-29,4,0000732717-04-000268,2004-04-28,xslF345X02/doc4.xml,CIK0000732717-submissions-004.json
2004-04-30,4,0000732717-04-000280,2004-04-28,xslF345X02/doc4.xml,CIK0000732717-submissions-004.json
2004-04-30,4,0000732717-04-000276,2004-04-28,xslF345X02/doc4.xml,CIK0000732717-submissions-004.json
2004-04-30,4,0000732717-04-000273,2004-04-28,xslF345X02/doc4.xml,CIK0000732717-submissions-004.json
2004-04-30,4,0000732717-04-000272,2004-04-28,xslF345X02/doc4.xml,CIK0000732717-submissions-004.json
2004-05-04,4,0000732717-04-000344,2004-04-30,xslF345X02/doc4.xml,CIK0000732717-submissions-003.json
2004-05-04,4,0000732717-04-000343,2004-04-30,xslF345X02/doc4.xml,CIK0000732717-submissions-003.json
2004-05-04,4,0000732717-04-000342,2004-04-30,xslF345X02/doc4.xml,CIK0000732717-submissions-003.json
2004-05-04,4,0000732717-04-000341,2004-04-30,xslF345X02/doc4.xml,CIK0000732717-submissions-003.json
2004-05-04,4,0000732717-04-000340,2004-04-30,xslF345X02/doc4.xml,CIK0000732717-submissions-003.json
2004-05-04,4,0000732717-04-000339,2004-04-30,xslF345X02/doc4.xml,CIK0000732717-submissions-003.json
2004-05-04,4,0000732717-04-000338,2004-04-30,xslF345X02/doc4.xml,CIK0000732717-submissions-003.json
2004-05-04,4,0000732717-04-000337,2004-04-30,xslF345X02/doc4.xml,CIK0000732717-submissions-003.json
2004-05-04,4,0000732717-04-000336,2004-04-30,xslF345X02/doc4.xml,CIK0000732717-submissions-003.json
2004-05-04,4,0000732717-04-000335,2004-04-30,xslF345X02/doc4.xml,CIK0000732717-submissions-003.json
2004-05-04,4,0000732717-04-000334,2004-04-30,xslF345X02/doc4.xml,CIK0000732717-submissions-003.json
2004-05-04,4,0000732717-04-000333,2004-04-30,xslF345X02/doc4.xml,CIK0000732717-submissions-003.json
2004-05-04,4,0000732717-04-000332,2004-04-30,xslF345X02/doc4.xml,CIK0000732717-submissions-003.json
2004-05-04,4,0000732717-04-000331,2004-04-30,xslF345X02/doc4.xml,CIK0000732717-submissions-003.json
2004-05-04,4,0000732717-04-000330,2004-04-30,xslF345X02/doc4.xml,CIK0000732717-submissions-003.json
2004-05-04,4,0000732717-04-000329,2004-04-30,xslF345X02/doc4.xml,CIK0000732717-submissions-003.json
2004-05-04,4,0000732717-04-000328,2004-04-30,xslF345X02/doc4.xml,CIK0000732717-submissions-003.json
2004-05-04,4,0000732717-04-000327,2004-04-30,xslF345X02/doc4.xml,CIK0000732717-submissions-003.json
2004-05-04,4,0000732717-04-000326,2004-04-30,xslF345X02/doc4.xml,CIK0000732717-submissions-003.json
2004-05-04,4,0000732717-04-000325,2004-04-30,xslF345X02/doc4.xml,CIK0000732717-submissions-003.json
2004-05-04,4,0000732717-04-000324,2004-04-30,xslF345X02/doc4.xml,CIK0000732717-submissions-003.json
2004-05-04,4,0000732717-04-000323,2004-04-30,xslF345X02/doc4.xml,CIK0000732717-submissions-003.json
2004-05-04,4,0000732717-04-000322,2004-04-30,xslF345X02/doc4.xml,CIK0000732717-submissions-003.json
2004-05-04,4,0000732717-04-000321,2004-04-30,xslF345X02/doc4.xml,CIK0000732717-submissions-003.json
2004-05-04,4,0000732717-04-000320,2004-04-30,xslF345X02/doc4.xml,CIK0000732717-submissions-003.json
2004-05-04,4,0000732717-04-000319,2004-04-30,xslF345X02/doc4.xml,CIK0000732717-submissions-003.json
2004-05-04,4,0000732717-04-000318,2004-04-30,xslF345X02/doc4.xml,CIK0000732717-submissions-003.json
2004-05-04,4,0000732717-04-000317,2004-04-30,xslF345X02/doc4.xml,CIK0000732717-submissions-003.json
2004-05-04,4,0000732717-04-000316,2004-04-30,xslF345X02/doc4.xml,CIK0000732717-submissions-003.json
2004-05-04,4,0000732717-04-000315,2004-04-30,xslF345X02/doc4.xml,CIK0000732717-submissions-003.json
2004-05-04,4,0000732717-04-000314,2004-04-30,xslF345X02/doc4.xml,CIK0000732717-submissions-003.json
2004-05-06,10-Q,0000732717-04-000346,2004-03-31,q104.htm,CIK0000732717-submissions-003.json
2004-05-17,3/A,0000732717-04-000349,2000-09-07,xslF345X02/doc3a.xml,CIK0000732717-submissions-003.json
2004-05-18,4,0000732717-04-000351,2004-05-15,xslF345X02/doc4.xml,CIK0000732717-submissions-003.json
2004-05-19,3,0000732717-04-000354,2004-05-10,xslF345X02/doc3.xml,CIK0000732717-submissions-003.json
2004-05-27,8-K,0000732717-04-000358,2004-05-25,labor.htm,CIK0000732717-submissions-003.json
2004-06-01,3/A,0000732717-04-000360,2004-05-10,xslF345X02/doc3a.xml,CIK0000732717-submissions-003.json
2004-06-02,4,0000732717-04-000393,2004-05-28,xslF345X02/doc4.xml,CIK0000732717-submissions-003.json
2004-06-02,4,0000732717-04-000392,2004-05-28,xslF345X02/doc4.xml,CIK0000732717-submissions-003.json
2004-06-02,4,0000732717-04-000391,2004-05-28,xslF345X02/doc4.xml,CIK0000732717-submissions-003.json
2004-06-02,4,0000732717-04-000390,2004-05-28,xslF345X02/doc4.xml,CIK0000732717-submissions-003.json
2004-06-02,4,0000732717-04-000389,2004-05-28,xslF345X02/doc4.xml,CIK0000732717-submissions-003.json
2004-06-02,4,0000732717-04-000388,2004-05-28,xslF345X02/doc4.xml,CIK0000732717-submissions-003.json
2004-06-02,4,0000732717-04-000387,2004-05-28,xslF345X02/doc4.xml,CIK0000732717-submissions-003.json
2004-06-02,4,0000732717-04-000386,2004-05-28,xslF345X02/doc4.xml,CIK0000732717-submissions-003.json
2004-06-02,4,0000732717-04-000385,2004-05-28,xslF345X02/doc4.xml,CIK0000732717-submissions-003.json
2004-06-02,4,0000732717-04-000384,2004-05-28,xslF345X02/doc4.xml,CIK0000732717-submissions-003.json
2004-06-10,8-K,0000732717-04-000396,2004-06-09,tdc.htm,CIK0000732717-submissions-003.json
2004-06-10,SC 13D/A,0000950134-04-008628,,d16052sc13dza.htm,CIK0000732717-submissions-003.json
2004-06-17,8-K,0000732717-04-000401,2004-06-17,telkomsa.htm,CIK0000732717-submissions-003.json
2004-06-17,SC 13D/A,0000732717-04-000399,,amdocs9.txt,CIK0000732717-submissions-003.json
2004-06-24,11-K,0000732717-04-000412,2003-12-31,trasop.htm,CIK0000732717-submissions-003.json
2004-06-24,11-K,0000732717-04-000410,2003-12-31,paysop.htm,CIK0000732717-submissions-003.json
2004-06-24,11-K,0000732717-04-000408,2003-12-31,esop.htm,CIK0000732717-submissions-003.json
2004-06-24,11-K,0000732717-04-000406,2003-12-31,ssp.htm,CIK0000732717-submissions-003.json
2004-06-24,11-K,0000732717-04-000404,2003-12-31,sp.htm,CIK0000732717-submissions-003.json
2004-06-24,4,0000732717-04-000413,2004-06-24,xslF345X02/doc4.xml,CIK0000732717-submissions-003.json
2004-07-01,8-K,0000732717-04-000435,2004-06-30,helu.htm,CIK0000732717-submissions-003.json
2004-07-02,4,0000732717-04-000452,2004-06-30,xslF345X02/doc4.xml,CIK0000732717-submissions-003.json
2004-07-02,4,0000732717-04-000451,2004-06-30,xslF345X02/doc4.xml,CIK0000732717-submissions-003.json
2004-07-02,4,0000732717-04-000450,2004-06-30,xslF345X02/doc4.xml,CIK0000732717-submissions-003.json
2004-07-02,4,0000732717-04-000449,2004-06-30,xslF345X02/doc4.xml,CIK0000732717-submissions-003.json
2004-07-02,4,0000732717-04-000448,2004-06-30,xslF345X02/doc4.xml,CIK0000732717-submissions-003.json
2004-07-02,4,0000732717-04-000447,2004-06-30,xslF345X02/doc4.xml,CIK0000732717-submissions-003.json
2004-07-02,4,0000732717-04-000446,2004-06-30,xslF345X02/doc4.xml,CIK0000732717-submissions-003.json
2004-07-02,4,0000732717-04-000445,2004-06-30,xslF345X02/doc4.xml,CIK0000732717-submissions-003.json
2004-07-02,4,0000732717-04-000444,2004-06-30,xslF345X02/doc4.xml,CIK0000732717-submissions-003.json
2004-07-02,4,0000732717-04-000443,2004-06-30,xslF345X02/doc4.xml,CIK0000732717-submissions-003.json
2004-07-02,4,0000732717-04-000442,2004-06-30,xslF345X02/doc4.xml,CIK0000732717-submissions-003.json
2004-07-02,4,0000732717-04-000441,2004-06-30,xslF345X02/doc4.xml,CIK0000732717-submissions-003.json
2004-07-02,4,0000732717-04-000440,2004-06-30,xslF345X02/doc4.xml,CIK0000732717-submissions-003.json
2004-07-02,4,0000732717-04-000439,2004-06-30,xslF345X02/doc4.xml,CIK0000732717-submissions-003.json
2004-07-02,4,0000732717-04-000438,2004-06-30,xslF345X02/doc4.xml,CIK0000732717-submissions-003.json
2004-07-02,4,0000732717-04-000437,2004-06-30,xslF345X02/doc4.xml,CIK0000732717-submissions-003.json
2004-07-14,SC 13G/A,0000732717-04-000455,,telkom.txt,CIK0000732717-submissions-003.json
2004-07-22,8-K,0000732717-04-000457,2004-06-30,q2_8k.htm,CIK0000732717-submissions-003.json
2004-07-27,4,0000732717-04-000465,2004-07-27,xslF345X02/doc4.xml,CIK0000732717-submissions-003.json
2004-07-27,4,0000732717-04-000464,2004-07-26,xslF345X02/doc4.xml,CIK0000732717-submissions-003.json
2004-07-27,4,0000732717-04-000463,2004-07-26,xslF345X02/doc4.xml,CIK0000732717-submissions-003.json
2004-07-27,4,0000732717-04-000462,2004-07-26,xslF345X02/doc4.xml,CIK0000732717-submissions-003.json
2004-07-28,8-K,0000732717-04-000467,2004-07-28,cardinal.htm,CIK0000732717-submissions-003.json
2004-08-02,4,0000732717-04-000522,2004-07-30,xslF345X02/doc4.xml,CIK0000732717-submissions-003.json
2004-08-02,4,0000732717-04-000521,2004-07-30,xslF345X02/doc4.xml,CIK0000732717-submissions-003.json
2004-08-02,4,0000732717-04-000520,2004-07-30,xslF345X02/doc4.xml,CIK0000732717-submissions-003.json
2004-08-02,4,0000732717-04-000519,2004-07-30,xslF345X02/doc4.xml,CIK0000732717-submissions-003.json
2004-08-02,4,0000732717-04-000518,2004-07-30,xslF345X02/doc4.xml,CIK0000732717-submissions-003.json
2004-08-02,4,0000732717-04-000517,2004-07-30,xslF345X02/doc4.xml,CIK0000732717-submissions-003.json
2004-08-02,4,0000732717-04-000516,2004-07-30,xslF345X02/doc4.xml,CIK0000732717-submissions-003.json
2004-08-02,4,0000732717-04-000515,2004-07-30,xslF345X02/doc4.xml,CIK0000732717-submissions-003.json
2004-08-02,4,0000732717-04-000514,2004-07-30,xslF345X02/doc4.xml,CIK0000732717-submissions-003.json
2004-08-02,4,0000732717-04-000513,2004-07-30,xslF345X02/doc4.xml,CIK0000732717-submissions-003.json
2004-08-02,4,0000732717-04-000512,2004-07-30,xslF345X02/doc4.xml,CIK0000732717-submissions-003.json
2004-08-02,4,0000732717-04-000511,2004-07-30,xslF345X02/doc4.xml,CIK0000732717-submissions-003.json
2004-08-02,4,0000732717-04-000510,2004-07-30,xslF345X02/doc4.xml,CIK0000732717-submissions-003.json
2004-08-02,4,0000732717-04-000509,2004-07-30,xslF345X02/doc4.xml,CIK0000732717-submissions-003.json
2004-08-02,4,0000732717-04-000508,2004-07-30,xslF345X02/doc4.xml,CIK0000732717-submissions-003.json
2004-08-02,4,0000732717-04-000507,2004-07-30,xslF345X02/doc4.xml,CIK0000732717-submissions-003.json
2004-08-02,4,0000732717-04-000506,2004-07-30,xslF345X02/doc4.xml,CIK0000732717-submissions-003.json
2004-08-02,4,0000732717-04-000505,2004-07-30,xslF345X02/doc4.xml,CIK0000732717-submissions-003.json
2004-08-02,4,0000732717-04-000504,2004-07-30,xslF345X02/doc4.xml,CIK0000732717-submissions-003.json
2004-08-02,4,0000732717-04-000503,2004-07-30,xslF345X02/doc4.xml,CIK0000732717-submissions-003.json
2004-08-02,4,0000732717-04-000502,2004-07-30,xslF345X02/doc4.xml,CIK0000732717-submissions-003.json
2004-08-02,4,0000732717-04-000501,2004-07-30,xslF345X02/doc4.xml,CIK0000732717-submissions-003.json
2004-08-02,4,0000732717-04-000500,2004-07-30,xslF345X02/doc4.xml,CIK0000732717-submissions-003.json
2004-08-02,4,0000732717-04-000499,2004-07-30,xslF345X02/doc4.xml,CIK0000732717-submissions-003.json
2004-08-02,4,0000732717-04-000498,2004-07-30,xslF345X02/doc4.xml,CIK0000732717-submissions-003.json
2004-08-02,4,0000732717-04-000497,2004-07-30,xslF345X02/doc4.xml,CIK0000732717-submissions-003.json
2004-08-02,4,0000732717-04-000496,2004-07-30,xslF345X02/doc4.xml,CIK0000732717-submissions-003.json
2004-08-05,10-Q,0000732717-04-000525,2004-06-30,q204.htm,CIK0000732717-submissions-003.json
2004-08-11,4/A,0000732717-04-000527,2004-07-30,xslF345X02/doc4a.xml,CIK0000732717-submissions-003.json
2004-08-12,424B5,0001193125-04-139204,,d424b5.htm,CIK0000732717-submissions-003.json
2004-08-18,8-K,0001193125-04-143151,2004-08-18,d8k.htm,CIK0000732717-submissions-003.json
2004-08-23,S-3,0000950134-04-012669,,d17901sv3.htm,CIK0000732717-submissions-003.json
2004-09-01,8-K,0000732717-04-000531,2004-09-01,sept1.htm,CIK0000732717-submissions-003.json
2004-09-02,4,0000732717-04-000551,2004-08-31,xslF345X02/doc4.xml,CIK0000732717-submissions-003.json
2004-09-02,4,0000732717-04-000550,2004-08-31,xslF345X02/doc4.xml,CIK0000732717-submissions-003.json
2004-09-02,4,0000732717-04-000549,2004-08-31,xslF345X02/doc4.xml,CIK0000732717-submissions-003.json
2004-09-02,4,0000732717-04-000548,2004-08-31,xslF345X02/doc4.xml,CIK0000732717-submissions-003.json
2004-09-02,4,0000732717-04-000547,2004-08-31,xslF345X02/doc4.xml,CIK0000732717-submissions-003.json
2004-09-02,4,0000732717-04-000546,2004-08-31,xslF345X02/doc4.xml,CIK0000732717-submissions-003.json
2004-09-02,4,0000732717-04-000545,2004-08-31,xslF345X02/doc4.xml,CIK0000732717-submissions-003.json
2004-09-02,4,0000732717-04-000544,2004-08-31,xslF345X02/doc4.xml,CIK0000732717-submissions-003.json
2004-09-02,4,0000732717-04-000543,2004-08-31,xslF345X02/doc4.xml,CIK0000732717-submissions-003.json
2004-09-02,4,0000732717-04-000542,2004-08-31,xslF345X02/doc4.xml,CIK0000732717-submissions-003.json
2004-09-27,SC 13D/A,0000732717-04-000554,,amdocs10.txt,CIK0000732717-submissions-003.json
2004-09-30,8-K,0000732717-04-000556,2004-09-30,sep30_8k.htm,CIK0000732717-submissions-003.json
2004-10-01,4,0000732717-04-000586,2004-09-30,xslF345X02/doc4.xml,CIK0000732717-submissions-003.json
2004-10-01,4,0000732717-04-000585,2004-09-30,xslF345X02/doc4.xml,CIK0000732717-submissions-003.json
2004-10-01,4,0000732717-04-000584,2004-09-30,xslF345X02/doc4.xml,CIK0000732717-submissions-003.json
2004-10-01,4,0000732717-04-000583,2004-09-30,xslF345X02/doc4.xml,CIK0000732717-submissions-003.json
2004-10-01,4,0000732717-04-000582,2004-09-30,xslF345X02/doc4.xml,CIK0000732717-submissions-003.json
2004-10-01,4,0000732717-04-000581,2004-09-30,xslF345X02/doc4.xml,CIK0000732717-submissions-003.json
2004-10-01,4,0000732717-04-000580,2004-09-30,xslF345X02/doc4.xml,CIK0000732717-submissions-003.json
2004-10-01,4,0000732717-04-000579,2004-09-30,xslF345X02/doc4.xml,CIK0000732717-submissions-003.json
2004-10-01,4,0000732717-04-000578,2004-09-30,xslF345X02/doc4.xml,CIK0000732717-submissions-003.json
2004-10-01,4,0000732717-04-000577,2004-09-30,xslF345X02/doc4.xml,CIK0000732717-submissions-003.json
2004-10-01,4,0000732717-04-000576,2004-09-30,xslF345X02/doc4.xml,CIK0000732717-submissions-003.json
2004-10-01,4,0000732717-04-000575,2004-09-30,xslF345X02/doc4.xml,CIK0000732717-submissions-003.json
2004-10-01,4,0000732717-04-000574,2004-09-30,xslF345X02/doc4.xml,CIK0000732717-submissions-003.json
2004-10-01,4,0000732717-04-000573,2004-09-30,xslF345X02/doc4.xml,CIK0000732717-submissions-003.json
2004-10-01,4,0000732717-04-000572,2004-09-30,xslF345X02/doc4.xml,CIK0000732717-submissions-003.json
2004-10-13,8-K,0000732717-04-000589,2004-10-12,bridge.htm,CIK0000732717-submissions-003.json
2004-10-19,8-K,0000732717-04-000593,2004-10-18,credit.htm,CIK0000732717-submissions-003.json
2004-10-21,8-K,0000732717-04-000599,2004-09-30,earnings.htm,CIK0000732717-submissions-003.json
2004-10-26,8-K,0000732717-04-000601,2004-10-25,awe_debt.htm,CIK0000732717-submissions-003.json
2004-10-27,8-K,0000950123-04-012515,2004-10-25,x67907e8vk.htm,CIK0000732717-submissions-003.json
2004-10-28,8-K,0000950123-04-012603,2004-10-27,y68049e8vk.htm,CIK0000732717-submissions-003.json
2004-10-29,424B5,0001193125-04-180889,,d424b5.htm,CIK0000732717-submissions-003.json
2004-11-02,4,0000732717-04-000658,2004-10-29,xslF345X02/doc4.xml,CIK0000732717-submissions-003.json
2004-11-02,4,0000732717-04-000657,2004-10-29,xslF345X02/doc4.xml,CIK0000732717-submissions-003.json
2004-11-02,4,0000732717-04-000656,2004-10-29,xslF345X02/doc4.xml,CIK0000732717-submissions-003.json
2004-11-02,4,0000732717-04-000655,2004-10-29,xslF345X02/doc4.xml,CIK0000732717-submissions-003.json
2004-11-02,4,0000732717-04-000654,2004-10-29,xslF345X02/doc4.xml,CIK0000732717-submissions-003.json
2004-11-02,4,0000732717-04-000653,2004-10-29,xslF345X02/doc4.xml,CIK0000732717-submissions-003.json
2004-11-02,4,0000732717-04-000652,2004-10-29,xslF345X02/doc4.xml,CIK0000732717-submissions-003.json
2004-11-02,4,0000732717-04-000651,2004-10-29,xslF345X02/doc4.xml,CIK0000732717-submissions-003.json
2004-11-02,4,0000732717-04-000650,2004-10-29,xslF345X02/doc4.xml,CIK0000732717-submissions-003.json
2004-11-02,4,0000732717-04-000649,2004-10-29,xslF345X02/doc4.xml,CIK0000732717-submissions-003.json
2004-11-02,4,0000732717-04-000648,2004-10-29,xslF345X02/doc4.xml,CIK0000732717-submissions-003.json
2004-11-02,4,0000732717-04-000647,2004-10-29,xslF345X02/doc4.xml,CIK0000732717-submissions-003.json
2004-11-02,4,0000732717-04-000646,2004-10-29,xslF345X02/doc4.xml,CIK0000732717-submissions-003.json
2004-11-02,4,0000732717-04-000645,2004-10-29,xslF345X02/doc4.xml,CIK0000732717-submissions-003.json
2004-11-02,4,0000732717-04-000644,2004-10-29,xslF345X02/doc4.xml,CIK0000732717-submissions-003.json
2004-11-02,4,0000732717-04-000643,2004-10-29,xslF345X02/doc4.xml,CIK0000732717-submissions-003.json
2004-11-02,4,0000732717-04-000642,2004-10-29,xslF345X02/doc4.xml,CIK0000732717-submissions-003.json
2004-11-02,4,0000732717-04-000641,2004-10-29,xslF345X02/doc4.xml,CIK0000732717-submissions-003.json
2004-11-02,4,0000732717-04-000640,2004-10-29,xslF345X02/doc4.xml,CIK0000732717-submissions-003.json
2004-11-02,4,0000732717-04-000639,2004-10-29,xslF345X02/doc4.xml,CIK0000732717-submissions-003.json
2004-11-02,4,0000732717-04-000638,2004-10-29,xslF345X02/doc4.xml,CIK0000732717-submissions-003.json
2004-11-02,4,0000732717-04-000637,2004-10-29,xslF345X02/doc4.xml,CIK0000732717-submissions-003.json
2004-11-02,4,0000732717-04-000636,2004-10-29,xslF345X02/doc4.xml,CIK0000732717-submissions-003.json
2004-11-02,4,0000732717-04-000635,2004-10-29,xslF345X02/doc4.xml,CIK0000732717-submissions-003.json
2004-11-02,4,0000732717-04-000634,2004-10-29,xslF345X02/doc4.xml,CIK0000732717-submissions-003.json
2004-11-02,4,0000732717-04-000633,2004-10-29,xslF345X02/doc4.xml,CIK0000732717-submissions-003.json
2004-11-02,4,0000732717-04-000632,2004-10-29,xslF345X02/doc4.xml,CIK0000732717-submissions-003.json
2004-11-02,8-K/A,0000732717-04-000660,2004-10-26,credit11_2.htm,CIK0000732717-submissions-003.json
2004-11-03,8-K,0001193125-04-184793,2004-11-03,d8k.htm,CIK0000732717-submissions-003.json
2004-11-04,SC 13D/A,0001047469-04-033123,,a2146052zsc13da.htm,CIK0000732717-submissions-003.json
2004-11-05,10-Q,0000732717-04-000664,2004-09-30,q304.htm,CIK0000732717-submissions-003.json
2004-11-05,S-3/A,0000950134-04-016528,,d19831a1sv3za.htm,CIK0000732717-submissions-003.json
2004-11-15,8-K,0000732717-04-000670,2004-11-12,telkom8k.htm,CIK0000732717-submissions-003.json
2004-11-16,4,0000732717-04-000672,2004-11-12,xslF345X02/doc4.xml,CIK0000732717-submissions-003.json
2004-11-16,4,0000732717-04-000671,2004-11-12,xslF345X02/doc4.xml,CIK0000732717-submissions-003.json
2004-11-24,8-K,0000732717-04-000677,2004-11-19,sbc8k.txt,CIK0000732717-submissions-003.json
2004-11-24,S-8,0000732717-04-000678,,s8.txt,CIK0000732717-submissions-003.json
2004-11-29,8-K,0000732717-04-000680,2004-11-26,creditnov26.htm,CIK0000732717-submissions-003.json
2004-12-01,4,0000732717-04-000715,2004-11-30,xslF345X02/doc4.xml,CIK0000732717-submissions-003.json
2004-12-01,4,0000732717-04-000714,2004-11-30,xslF345X02/doc4.xml,CIK0000732717-submissions-003.json
2004-12-01,4,0000732717-04-000713,2004-11-30,xslF345X02/doc4.xml,CIK0000732717-submissions-003.json
2004-12-01,4,0000732717-04-000712,2004-11-30,xslF345X02/doc4.xml,CIK0000732717-submissions-003.json
2004-12-01,4,0000732717-04-000711,2004-11-30,xslF345X02/doc4.xml,CIK0000732717-submissions-003.json
2004-12-01,4,0000732717-04-000710,2004-11-30,xslF345X02/doc4.xml,CIK0000732717-submissions-003.json
2004-12-01,4,0000732717-04-000709,2004-11-30,xslF345X02/doc4.xml,CIK0000732717-submissions-003.json
2004-12-01,4,0000732717-04-000708,2004-11-30,xslF345X02/doc4.xml,CIK0000732717-submissions-003.json
2004-12-01,4,0000732717-04-000707,2004-11-30,xslF345X02/doc4.xml,CIK0000732717-submissions-003.json
2004-12-01,4,0000732717-04-000706,2004-11-30,xslF345X02/doc4.xml,CIK0000732717-submissions-003.json
2004-12-01,4,0000732717-04-000705,2004-11-30,xslF345X02/doc4.xml,CIK0000732717-submissions-003.json
2004-12-01,4,0000732717-04-000704,2004-11-30,xslF345X02/doc4.xml,CIK0000732717-submissions-003.json
2004-12-01,4,0000732717-04-000703,2004-11-30,xslF345X02/doc4.xml,CIK0000732717-submissions-003.json
2004-12-01,4,0000732717-04-000702,2004-11-30,xslF345X02/doc4.xml,CIK0000732717-submissions-003.json
2004-12-01,4,0000732717-04-000698,2004-11-29,xslF345X02/doc4.xml,CIK0000732717-submissions-003.json
2004-12-01,RW,0000732717-04-000697,,rw.txt,CIK0000732717-submissions-003.json
2004-12-01,S-8,0000732717-04-000701,,s8.txt,CIK0000732717-submissions-003.json
2004-12-09,NO ACT,9999999997-05-003229,2004-11-03,9999999997-05-003229.paper,CIK0000732717-submissions-003.json
2004-12-16,NO ACT,9999999997-05-003228,2004-11-16,9999999997-05-003228.paper,CIK0000732717-submissions-003.json
2004-12-20,8-K,0000732717-04-000717,2004-12-15,sterling.htm,CIK0000732717-submissions-003.json
2004-12-28,SC 13D/A,0000732717-04-000722,,amdocs11.txt,CIK0000732717-submissions-003.json
2005-01-04,4,0000732717-05-000031,2004-12-31,xslF345X02/doc4.xml,CIK0000732717-submissions-003.json
2005-01-04,4,0000732717-05-000030,2004-12-31,xslF345X02/doc4.xml,CIK0000732717-submissions-003.json
2005-01-04,4,0000732717-05-000029,2004-12-31,xslF345X02/doc4.xml,CIK0000732717-submissions-003.json
2005-01-04,4,0000732717-05-000028,2004-12-31,xslF345X02/doc4.xml,CIK0000732717-submissions-003.json
2005-01-04,4,0000732717-05-000027,2004-12-31,xslF345X02/doc4.xml,CIK0000732717-submissions-003.json
2005-01-04,4,0000732717-05-000026,2004-12-31,xslF345X02/doc4.xml,CIK0000732717-submissions-003.json
2005-01-04,4,0000732717-05-000025,2004-12-31,xslF345X02/doc4.xml,CIK0000732717-submissions-003.json
2005-01-04,4,0000732717-05-000024,2004-12-31,xslF345X02/doc4.xml,CIK0000732717-submissions-003.json
2005-01-04,4,0000732717-05-000023,2004-12-31,xslF345X02/doc4.xml,CIK0000732717-submissions-003.json
2005-01-04,4,0000732717-05-000022,2004-12-31,xslF345X02/doc4.xml,CIK0000732717-submissions-003.json
2005-01-04,4,0000732717-05-000021,2004-12-31,xslF345X02/doc4.xml,CIK0000732717-submissions-003.json
2005-01-04,4,0000732717-05-000020,2004-12-31,xslF345X02/doc4.xml,CIK0000732717-submissions-003.json
2005-01-04,4,0000732717-05-000019,2004-12-31,xslF345X02/doc4.xml,CIK0000732717-submissions-003.json
2005-01-04,4,0000732717-05-000018,2004-12-31,xslF345X02/doc4.xml,CIK0000732717-submissions-003.json
2005-01-04,4,0000732717-05-000017,2004-12-31,xslF345X02/doc4.xml,CIK0000732717-submissions-003.json
2005-01-07,NO ACT,9999999997-05-001046,2005-01-05,9999999997-05-001046.paper,CIK0000732717-submissions-003.json
2005-01-10,SC 13G/A,0000732717-05-000033,,telkom13ga2.txt,CIK0000732717-submissions-003.json
2005-01-11,8-K,0000732717-05-000035,2005-01-11,jan11_8k.htm,CIK0000732717-submissions-003.json
2005-01-13,NO ACT,9999999997-05-002215,2004-12-09,9999999997-05-002215.paper,CIK0000732717-submissions-003.json
2005-01-18,NO ACT,9999999997-05-005300,2004-12-09,9999999997-05-005300.paper,CIK0000732717-submissions-003.json
2005-01-25,NO ACT,9999999997-05-004170,2004-12-17,9999999997-05-004170.paper,CIK0000732717-submissions-003.json
2005-01-26,8-K,0000732717-05-000038,2004-12-31,dec8k.htm,CIK0000732717-submissions-003.json
2005-01-27,5,0001246360-05-000075,2004-12-31,xslF345X02/form.xml,CIK0000732717-submissions-003.json
2005-01-28,5,0001246360-05-000078,2004-12-31,xslF345X02/form.xml,CIK0000732717-submissions-003.json
2005-01-31,4,0000732717-05-000064,2005-01-27,xslF345X02/doc4.xml,CIK0000732717-submissions-003.json
2005-01-31,4,0000732717-05-000063,2005-01-27,xslF345X02/doc4.xml,CIK0000732717-submissions-003.json
2005-01-31,4,0000732717-05-000062,2005-01-27,xslF345X02/doc4.xml,CIK0000732717-submissions-003.json
2005-01-31,4,0000732717-05-000061,2005-01-27,xslF345X02/doc4.xml,CIK0000732717-submissions-003.json
2005-01-31,4,0000732717-05-000060,2005-01-27,xslF345X02/doc4.xml,CIK0000732717-submissions-003.json
2005-01-31,4,0000732717-05-000059,2005-01-27,xslF345X02/doc4.xml,CIK0000732717-submissions-003.json
2005-01-31,4,0000732717-05-000058,2005-01-27,xslF345X02/doc4.xml,CIK0000732717-submissions-003.json
2005-01-31,4,0000732717-05-000057,2005-01-27,xslF345X02/doc4.xml,CIK0000732717-submissions-003.json
2005-01-31,4,0000732717-05-000056,2005-01-27,xslF345X02/doc4.xml,CIK0000732717-submissions-003.json
2005-01-31,4,0000732717-05-000055,2005-01-27,xslF345X02/doc4.xml,CIK0000732717-submissions-003.json
2005-01-31,425,0001193125-05-015481,,d425.htm,CIK0000732717-submissions-003.json
2005-01-31,425,0001193125-05-015468,,d8k.htm,CIK0000732717-submissions-003.json
2005-01-31,425,0001193125-05-015381,,d425.htm,CIK0000732717-submissions-003.json
2005-01-31,425,0001193125-05-015353,,d425.htm,CIK0000732717-submissions-003.json
2005-01-31,8-K,0001193125-05-015466,2005-01-31,d8k.htm,CIK0000732717-submissions-003.json
2005-01-31,NO ACT,9999999997-05-004112,2005-01-13,9999999997-05-004112.paper,CIK0000732717-submissions-003.json
2005-02-01,425,0001193125-05-016432,,d425.htm,CIK0000732717-submissions-003.json
2005-02-01,425,0001193125-05-016284,,d425.htm,CIK0000732717-submissions-003.json
2005-02-01,425,0001193125-05-015773,,d425.htm,CIK0000732717-submissions-003.json
2005-02-01,425,0001193125-05-015634,,d425.htm,CIK0000732717-submissions-003.json
2005-02-01,425,0001193125-05-015633,,d425.htm,CIK0000732717-submissions-003.json
2005-02-01,425,0001193125-05-015627,,d425.htm,CIK0000732717-submissions-003.json
2005-02-01,425,0001193125-05-015626,,d425.htm,CIK0000732717-submissions-003.json
2005-02-01,425,0001193125-05-015491,,d425.htm,CIK0000732717-submissions-003.json
2005-02-02,4,0000732717-05-000126,2005-01-31,xslF345X02/doc4.xml,CIK0000732717-submissions-003.json
2005-02-02,4,0000732717-05-000125,2005-01-31,xslF345X02/doc4.xml,CIK0000732717-submissions-003.json
2005-02-02,4,0000732717-05-000114,2005-01-31,xslF345X02/doc4.xml,CIK0000732717-submissions-003.json
2005-02-02,4,0000732717-05-000113,2005-01-31,xslF345X02/doc4.xml,CIK0000732717-submissions-003.json
2005-02-02,4,0000732717-05-000112,2005-01-31,xslF345X02/doc4.xml,CIK0000732717-submissions-003.json
2005-02-02,4,0000732717-05-000111,2005-01-31,xslF345X02/doc4.xml,CIK0000732717-submissions-003.json
2005-02-02,4,0000732717-05-000110,2005-01-31,xslF345X02/doc4.xml,CIK0000732717-submissions-003.json
2005-02-02,4,0000732717-05-000109,2005-01-31,xslF345X02/doc4.xml,CIK0000732717-submissions-003.json
2005-02-02,4,0000732717-05-000108,2005-01-31,xslF345X02/doc4.xml,CIK0000732717-submissions-003.json
2005-02-02,4,0000732717-05-000107,2005-01-31,xslF345X02/doc4.xml,CIK0000732717-submissions-003.json
2005-02-02,4,0000732717-05-000106,2005-01-31,xslF345X02/doc4.xml,CIK0000732717-submissions-003.json
2005-02-02,4,0000732717-05-000103,2005-01-31,xslF345X02/doc4.xml,CIK0000732717-submissions-003.json
2005-02-02,4,0000732717-05-000102,2005-01-31,xslF345X02/doc4.xml,CIK0000732717-submissions-003.json
2005-02-02,4,0000732717-05-000101,2005-01-31,xslF345X02/doc4.xml,CIK0000732717-submissions-003.json
2005-02-02,4,0000732717-05-000100,2005-01-31,xslF345X02/doc4.xml,CIK0000732717-submissions-003.json
2005-02-02,4,0000732717-05-000099,2005-01-31,xslF345X02/doc4.xml,CIK0000732717-submissions-003.json
2005-02-02,4,0000732717-05-000098,2005-01-31,xslF345X02/doc4.xml,CIK0000732717-submissions-003.json
2005-02-02,4,0000732717-05-000097,2005-01-31,xslF345X02/doc4.xml,CIK0000732717-submissions-003.json
2005-02-02,4,0000732717-05-000096,2005-01-31,xslF345X02/doc4.xml,CIK0000732717-submissions-003.json
2005-02-02,4,0000732717-05-000095,2005-01-31,xslF345X02/doc4.xml,CIK0000732717-submissions-003.json
2005-02-02,4,0000732717-05-000094,2005-01-31,xslF345X02/doc4.xml,CIK0000732717-submissions-003.json
2005-02-02,4,0000732717-05-000093,2005-01-31,xslF345X02/doc4.xml,CIK0000732717-submissions-003.json
2005-02-02,4,0000732717-05-000092,2005-01-31,xslF345X02/doc4.xml,CIK0000732717-submissions-003.json
2005-02-02,4,0000732717-05-000091,2005-01-31,xslF345X02/doc4.xml,CIK0000732717-submissions-003.json
2005-02-02,4,0000732717-05-000090,2005-01-31,xslF345X02/doc4.xml,CIK0000732717-submissions-003.json
2005-02-02,4,0000732717-05-000089,2005-01-31,xslF345X02/doc4.xml,CIK0000732717-submissions-003.json
2005-02-02,425,0001047469-05-002185,,a2150866z425.htm,CIK0000732717-submissions-003.json
2005-02-02,425,0001047469-05-002182,,a2150989z425.htm,CIK0000732717-submissions-003.json
2005-02-02,425,0001193125-05-017513,,d425.htm,CIK0000732717-submissions-003.json
2005-02-02,425,0001047469-05-002168,,a2150947z425.htm,CIK0000732717-submissions-003.json
2005-02-02,425,0001047469-05-002167,,a2150945z425.htm,CIK0000732717-submissions-003.json
2005-02-02,425,0001047469-05-002076,,a2150866z425.htm,CIK0000732717-submissions-003.json
2005-02-03,4,0000732717-05-000136,2005-02-01,xslF345X02/doc4.xml,CIK0000732717-submissions-003.json
2005-02-03,4,0000732717-05-000135,2005-02-01,xslF345X02/doc4.xml,CIK0000732717-submissions-003.json
2005-02-03,4,0000732717-05-000134,2005-02-01,xslF345X02/doc4.xml,CIK0000732717-submissions-003.json
2005-02-03,4,0000732717-05-000133,2005-02-01,xslF345X02/doc4.xml,CIK0000732717-submissions-003.json
2005-02-03,4,0000732717-05-000132,2005-02-01,xslF345X02/doc4.xml,CIK0000732717-submissions-003.json
2005-02-03,4,0000732717-05-000131,2005-02-01,xslF345X02/doc4.xml,CIK0000732717-submissions-003.json
2005-02-03,4,0000732717-05-000130,2005-02-01,xslF345X02/doc4.xml,CIK0000732717-submissions-003.json
2005-02-03,4,0000732717-05-000129,2005-02-01,xslF345X02/doc4.xml,CIK0000732717-submissions-003.json
2005-02-03,4,0000732717-05-000128,2005-02-01,xslF345X02/doc4.xml,CIK0000732717-submissions-003.json
2005-02-03,4,0000732717-05-000127,2005-02-01,xslF345X02/doc4.xml,CIK0000732717-submissions-003.json
2005-02-04,425,0001047469-05-002496,,a2151195z425.htm,CIK0000732717-submissions-003.json
2005-02-04,425,0001047469-05-002494,,a2151197z425.htm,CIK0000732717-submissions-003.json
2005-02-04,425,0001047469-05-002485,,a2151200z425.htm,CIK0000732717-submissions-003.json
2005-02-04,425,0001047469-05-002482,,a2151199z425.htm,CIK0000732717-submissions-003.json
2005-02-04,425,0001047469-05-002481,,a2151198z425.htm,CIK0000732717-submissions-003.json
2005-02-04,425,0001047469-05-002316,,a2151083z425.htm,CIK0000732717-submissions-003.json
2005-02-04,NO ACT,9999999997-05-005563,2004-12-17,9999999997-05-005563.paper,CIK0000732717-submissions-003.json
2005-02-07,4,0000732717-05-000138,2005-02-04,xslF345X02/doc4.xml,CIK0000732717-submissions-003.json
2005-02-08,425,0001047469-05-002630,,a2151306z425.htm,CIK0000732717-submissions-003.json
2005-02-11,425,0001047469-05-003203,,a2151625z425.htm,CIK0000732717-submissions-003.json
2005-02-14,SC 13G,0000017283-05-000276,,edgsbc.txt,CIK0000732717-submissions-003.json
2005-02-14,SC 13G,0000315066-05-001092,,filing.txt,CIK0000732717-submissions-003.json
2005-02-15,425,0001047469-05-003923,,a2152068z425.htm,CIK0000732717-submissions-003.json
2005-02-15,425,0001047469-05-003861,,a2152025z425.htm,CIK0000732717-submissions-003.json
2005-02-15,425,0001047469-05-003860,,a2152023z425.htm,CIK0000732717-submissions-003.json
2005-02-15,425,0001047469-05-003859,,a2152022z425.htm,CIK0000732717-submissions-003.json
2005-02-15,425,0001047469-05-003858,,a2152019z425.htm,CIK0000732717-submissions-003.json
2005-02-15,425,0001047469-05-003857,,a2152018z425.htm,CIK0000732717-submissions-003.json
2005-02-15,425,0001047469-05-003856,,a2152016z425.htm,CIK0000732717-submissions-003.json
2005-02-15,425,0001047469-05-003855,,a2152014z425.htm,CIK0000732717-submissions-003.json
2005-02-15,425,0001047469-05-003854,,a2152012z425.htm,CIK0000732717-submissions-003.json
2005-02-15,425,0001047469-05-003853,,a2152010z425.htm,CIK0000732717-submissions-003.json
2005-02-15,425,0001047469-05-003851,,a2152009z425.htm,CIK0000732717-submissions-003.json
2005-02-16,425,0001047469-05-004047,,a2152140z425.htm,CIK0000732717-submissions-003.json
2005-02-16,425,0001047469-05-004046,,a2152139z425.htm,CIK0000732717-submissions-003.json
2005-02-16,425,0001047469-05-004032,,a2152137z425.htm,CIK0000732717-submissions-003.json
2005-02-16,425,0001047469-05-003948,,a2152077z425.htm,CIK0000732717-submissions-003.json
2005-02-18,4/A,0000732717-05-000142,2005-01-27,xslF345X02/doc4a.xml,CIK0000732717-submissions-003.json
2005-02-18,425,0001047469-05-004244,,a2152265z425.htm,CIK0000732717-submissions-003.json
2005-02-22,425,0001104659-05-007790,,a05-4004_1425.htm,CIK0000732717-submissions-003.json
2005-02-22,425,0001047469-05-004402,,a2152377z425.htm,CIK0000732717-submissions-003.json
2005-02-22,425,0001104659-05-007745,,a05-4004_3425.htm,CIK0000732717-submissions-003.json
2005-02-22,425,0001104659-05-007742,,a05-4004_2425.htm,CIK0000732717-submissions-003.json
2005-02-22,425,0001047469-05-004379,,a2152409z425.htm,CIK0000732717-submissions-003.json
2005-02-22,425,0001047469-05-004378,,a2152375z425.htm,CIK0000732717-submissions-003.json
2005-02-23,425,0001104659-05-007989,,a05-4004_4425.htm,CIK0000732717-submissions-003.json
2005-02-24,425,0001104659-05-008170,,a05-4004_7425.htm,CIK0000732717-submissions-003.json
2005-02-24,425,0001104659-05-008093,,a05-4004_5425.htm,CIK0000732717-submissions-003.json
2005-02-24,425,0001104659-05-008075,,a05-4004_6425.htm,CIK0000732717-submissions-003.json
2005-02-25,425,0001104659-05-008297,,a05-4004_8425.htm,CIK0000732717-submissions-003.json
2005-02-25,8-K,0000732717-05-000145,2005-02-25,feb25.htm,CIK0000732717-submissions-003.json
2005-03-01,425,0001104659-05-008943,,a05-4296_26425.htm,CIK0000732717-submissions-003.json
2005-03-01,425,0001104659-05-008931,,a05-4296_24425.htm,CIK0000732717-submissions-003.json
2005-03-01,425,0001104659-05-008923,,a05-4296_23425.htm,CIK0000732717-submissions-003.json
2005-03-01,425,0001104659-05-008913,,a05-4296_22425.htm,CIK0000732717-submissions-003.json
2005-03-01,425,0001104659-05-008909,,a05-4296_25425.htm,CIK0000732717-submissions-003.json
2005-03-01,425,0001104659-05-008820,,a05-4296_10425.htm,CIK0000732717-submissions-003.json
2005-03-01,425,0001104659-05-008805,,a05-4296_21425.htm,CIK0000732717-submissions-003.json
2005-03-01,425,0001104659-05-008804,,a05-4296_20425.htm,CIK0000732717-submissions-003.json
2005-03-01,425,0001104659-05-008802,,a05-4296_19425.htm,CIK0000732717-submissions-003.json
2005-03-01,425,0001104659-05-008800,,a05-4296_17425.htm,CIK0000732717-submissions-003.json
2005-03-01,425,0001104659-05-008799,,a05-4296_16425.htm,CIK0000732717-submissions-003.json
2005-03-01,425,0001104659-05-008798,,a05-4296_15425.htm,CIK0000732717-submissions-003.json
2005-03-01,425,0001104659-05-008795,,a05-4296_2425.htm,CIK0000732717-submissions-003.json
2005-03-01,425,0001104659-05-008794,,a05-4296_14425.htm,CIK0000732717-submissions-003.json
2005-03-01,425,0001104659-05-008793,,a05-4296_13425.htm,CIK0000732717-submissions-003.json
2005-03-01,425,0001104659-05-008791,,a05-4296_18425.htm,CIK0000732717-submissions-003.json
2005-03-01,425,0001104659-05-008708,,a05-4296_1425.htm,CIK0000732717-submissions-003.json
2005-03-01,425,0001104659-05-008704,,a05-4296_8425.htm,CIK0000732717-submissions-003.json
2005-03-01,425,0001104659-05-008702,,a05-4296_12425.htm,CIK0000732717-submissions-003.json
2005-03-01,425,0001104659-05-008699,,a05-4296_11425.htm,CIK0000732717-submissions-003.json
2005-03-01,425,0001104659-05-008697,,a05-4296_9425.htm,CIK0000732717-submissions-003.json
2005-03-01,425,0001104659-05-008691,,a05-4296_7425.htm,CIK0000732717-submissions-003.json
2005-03-01,425,0001104659-05-008690,,a05-4296_6425.htm,CIK0000732717-submissions-003.json
2005-03-01,425,0001104659-05-008689,,a05-4296_4425.htm,CIK0000732717-submissions-003.json
2005-03-01,425,0001104659-05-008676,,a05-4296_5425.htm,CIK0000732717-submissions-003.json
2005-03-01,425,0001104659-05-008669,,a05-4296_3425.htm,CIK0000732717-submissions-003.json
2005-03-02,4,0000732717-05-000168,2005-02-28,xslF345X02/doc4.xml,CIK0000732717-submissions-003.json
2005-03-02,4,0000732717-05-000167,2005-02-28,xslF345X02/doc4.xml,CIK0000732717-submissions-003.json
2005-03-02,4,0000732717-05-000166,2005-02-28,xslF345X02/doc4.xml,CIK0000732717-submissions-003.json
2005-03-02,4,0000732717-05-000165,2005-02-28,xslF345X02/doc4.xml,CIK0000732717-submissions-003.json
2005-03-02,4,0000732717-05-000164,2005-02-28,xslF345X02/doc4.xml,CIK0000732717-submissions-003.json
2005-03-02,4,0000732717-05-000163,2005-02-28,xslF345X02/doc4.xml,CIK0000732717-submissions-003.json
2005-03-02,4,0000732717-05-000162,2005-02-28,xslF345X02/doc4.xml,CIK0000732717-submissions-003.json
2005-03-02,4,0000732717-05-000161,2005-02-28,xslF345X02/doc4.xml,CIK0000732717-submissions-003.json
2005-03-02,4,0000732717-05-000160,2005-02-28,xslF345X02/doc4.xml,CIK0000732717-submissions-003.json
2005-03-02,4,0000732717-05-000159,2005-02-28,xslF345X02/doc4.xml,CIK0000732717-submissions-003.json
2005-03-02,4,0000732717-05-000158,2005-02-28,xslF345X02/doc4.xml,CIK0000732717-submissions-003.json
2005-03-02,425,0001104659-05-009160,,a05-4440_1425.htm,CIK0000732717-submissions-003.json
2005-03-02,425,0001104659-05-009151,,a05-4440_4425.htm,CIK0000732717-submissions-003.json
2005-03-02,425,0001104659-05-009131,,a05-4440_5425.htm,CIK0000732717-submissions-003.json
2005-03-02,425,0001104659-05-009127,,a05-4440_3425.htm,CIK0000732717-submissions-003.json
2005-03-04,425,0001104659-05-009539,,a05-4440_7425.htm,CIK0000732717-submissions-003.json
2005-03-04,425,0001104659-05-009513,,a05-4440_6425.htm,CIK0000732717-submissions-003.json
2005-03-10,425,0001104659-05-010423,,a05-4904_1425.htm,CIK0000732717-submissions-003.json
2005-03-11,10-K,0000732717-05-000176,2004-12-31,form10k.htm,CIK0000732717-submissions-003.json
2005-03-11,425,0001104659-05-010570,,a05-4904_2425.htm,CIK0000732717-submissions-003.json
2005-03-11,8-K,0000732717-05-000173,2005-03-10,mar_10.htm,CIK0000732717-submissions-003.json
2005-03-11,DEF 14A,0001193125-05-047693,2005-04-29,ddef14a.txt,CIK0000732717-submissions-003.json
2005-03-11,S-4,0000950123-05-003016,,y04651sv4.htm,CIK0000732717-submissions-003.json
2005-03-14,4,0000732717-05-000186,2005-03-10,xslF345X02/doc4.xml,CIK0000732717-submissions-003.json
2005-03-14,4,0000732717-05-000185,2005-03-10,xslF345X02/doc4.xml,CIK0000732717-submissions-003.json
2005-03-14,4,0000732717-05-000184,2005-03-10,xslF345X02/doc4.xml,CIK0000732717-submissions-003.json
2005-03-14,4,0000732717-05-000183,2005-03-10,xslF345X02/doc4.xml,CIK0000732717-submissions-003.json
2005-03-15,425,0001104659-05-011180,,a05-5125_1425.htm,CIK0000732717-submissions-003.json
2005-03-15,425,0001104659-05-011154,,a05-5125_2425.htm,CIK0000732717-submissions-003.json
2005-03-15,425,0001104659-05-011152,,a05-5125_4425.htm,CIK0000732717-submissions-003.json
2005-03-15,425,0001104659-05-011143,,a05-5125_3425.htm,CIK0000732717-submissions-003.json
2005-03-21,425,0001104659-05-012228,,a05-5451_1425.htm,CIK0000732717-submissions-003.json
2005-03-29,425,0001104659-05-013465,,a05-5933_1425.htm,CIK0000732717-submissions-003.json
2005-03-29,425,0001104659-05-013297,,a05-5828_1425.htm,CIK0000732717-submissions-003.json
2005-04-04,4,0000732717-05-000214,2005-03-31,xslF345X02/doc4.xml,CIK0000732717-submissions-003.json
2005-04-04,4,0000732717-05-000213,2005-03-31,xslF345X02/doc4.xml,CIK0000732717-submissions-003.json
2005-04-04,4,0000732717-05-000212,2005-03-31,xslF345X02/doc4.xml,CIK0000732717-submissions-003.json
2005-04-04,4,0000732717-05-000211,2005-03-31,xslF345X02/doc4.xml,CIK0000732717-submissions-003.json
2005-04-04,4,0000732717-05-000210,2005-03-31,xslF345X02/doc4.xml,CIK0000732717-submissions-003.json
2005-04-04,4,0000732717-05-000209,2005-03-31,xslF345X02/doc4.xml,CIK0000732717-submissions-003.json
2005-04-04,4,0000732717-05-000208,2005-03-31,xslF345X02/doc4.xml,CIK0000732717-submissions-003.json
2005-04-04,4,0000732717-05-000207,2005-03-31,xslF345X02/doc4.xml,CIK0000732717-submissions-003.json
2005-04-04,4,0000732717-05-000206,2005-03-31,xslF345X02/doc4.xml,CIK0000732717-submissions-003.json
2005-04-04,4,0000732717-05-000205,2005-03-31,xslF345X02/doc4.xml,CIK0000732717-submissions-003.json
2005-04-04,4,0000732717-05-000204,2005-03-31,xslF345X02/doc4.xml,CIK0000732717-submissions-003.json
2005-04-04,4,0000732717-05-000203,2005-03-31,xslF345X02/doc4.xml,CIK0000732717-submissions-003.json
2005-04-04,4,0000732717-05-000202,2005-03-31,xslF345X02/doc4.xml,CIK0000732717-submissions-003.json
2005-04-04,425,0001104659-05-015006,,a05-6228_2425.htm,CIK0000732717-submissions-003.json
2005-04-04,425,0001104659-05-015005,,a05-6228_1425.htm,CIK0000732717-submissions-003.json
2005-04-04,425,0001104659-05-014995,,a05-6228_3425.htm,CIK0000732717-submissions-003.json
2005-04-05,4,0000732717-05-000216,2005-04-01,xslF345X02/doc4.xml,CIK0000732717-submissions-003.json
2005-04-06,425,0001104659-05-015371,,a05-6372_5425.htm,CIK0000732717-submissions-003.json
2005-04-06,425,0001104659-05-015367,,a05-6372_4425.htm,CIK0000732717-submissions-003.json
2005-04-06,425,0001104659-05-015342,,a05-6372_3425.htm,CIK0000732717-submissions-003.json
2005-04-06,425,0001104659-05-015304,,a05-6372_2425.htm,CIK0000732717-submissions-003.json
2005-04-06,425,0001104659-05-015299,,a05-6372_1425.htm,CIK0000732717-submissions-003.json
2005-04-11,UPLOAD,0000000000-05-017233,,filename1.txt,CIK0000732717-submissions-003.json
2005-04-13,425,0001104659-05-016314,,a05-6698_1425.htm,CIK0000732717-submissions-003.json
2005-04-14,425,0001104659-05-016511,,a05-6698_2425.htm,CIK0000732717-submissions-003.json
2005-04-20,425,0001104659-05-017287,,a05-7036_1425.htm,CIK0000732717-submissions-003.json
2005-04-20,CORRESP,0000950123-05-004740,,filename1.htm,CIK0000732717-submissions-003.json
2005-04-20,S-4/A,0000950123-05-004739,,y04651a1sv4za.htm,CIK0000732717-submissions-003.json
2005-04-25,425,0001104659-05-017921,,a05-7241_1425.htm,CIK0000732717-submissions-003.json
2005-04-25,425,0001104659-05-017856,,a05-7241_2425.htm,CIK0000732717-submissions-003.json
2005-04-25,8-K,0000732717-05-000219,2005-03-31,earnings.htm,CIK0000732717-submissions-003.json
2005-04-26,425,0001104659-05-018204,,a05-7241_3425.htm,CIK0000732717-submissions-003.json
2005-05-02,4,0000732717-05-000221,2005-04-28,xslF345X02/doc4.xml,CIK0000732717-submissions-003.json
2005-05-02,425,0001104659-05-019676,,a05-7835_1425.htm,CIK0000732717-submissions-003.json
2005-05-03,4,0000732717-05-000277,2005-04-29,xslF345X02/doc4.xml,CIK0000732717-submissions-003.json
2005-05-03,4,0000732717-05-000276,2005-04-29,xslF345X02/doc4.xml,CIK0000732717-submissions-003.json
2005-05-03,4,0000732717-05-000275,2005-04-29,xslF345X02/doc4.xml,CIK0000732717-submissions-003.json
2005-05-03,4,0000732717-05-000274,2005-04-29,xslF345X02/doc4.xml,CIK0000732717-submissions-003.json
2005-05-03,4,0000732717-05-000273,2005-04-29,xslF345X02/doc4.xml,CIK0000732717-submissions-003.json
2005-05-03,4,0000732717-05-000272,2005-04-29,xslF345X02/doc4.xml,CIK0000732717-submissions-003.json
2005-05-03,4,0000732717-05-000271,2005-04-29,xslF345X02/doc4.xml,CIK0000732717-submissions-003.json
2005-05-03,4,0000732717-05-000270,2005-04-29,xslF345X02/doc4.xml,CIK0000732717-submissions-003.json
2005-05-03,4,0000732717-05-000269,2005-04-29,xslF345X02/doc4.xml,CIK0000732717-submissions-003.json
2005-05-03,4,0000732717-05-000268,2005-04-29,xslF345X02/doc4.xml,CIK0000732717-submissions-003.json
2005-05-03,4,0000732717-05-000267,2005-04-29,xslF345X02/doc4.xml,CIK0000732717-submissions-003.json
2005-05-03,4,0000732717-05-000266,2005-04-29,xslF345X02/doc4.xml,CIK0000732717-submissions-003.json
2005-05-03,4,0000732717-05-000265,2005-04-29,xslF345X02/doc4.xml,CIK0000732717-submissions-003.json
2005-05-03,4,0000732717-05-000264,2005-04-29,xslF345X02/doc4.xml,CIK0000732717-submissions-003.json
2005-05-03,4,0000732717-05-000263,2005-04-29,xslF345X02/doc4.xml,CIK0000732717-submissions-003.json
2005-05-03,4,0000732717-05-000262,2005-04-29,xslF345X02/doc4.xml,CIK0000732717-submissions-003.json
2005-05-03,4,0000732717-05-000261,2005-04-29,xslF345X02/doc4.xml,CIK0000732717-submissions-003.json
2005-05-03,4,0000732717-05-000260,2005-04-29,xslF345X02/doc4.xml,CIK0000732717-submissions-003.json
2005-05-03,4,0000732717-05-000259,2005-04-29,xslF345X02/doc4.xml,CIK0000732717-submissions-003.json
2005-05-03,4,0000732717-05-000258,2005-04-29,xslF345X02/doc4.xml,CIK0000732717-submissions-003.json
2005-05-03,4,0000732717-05-000257,2005-04-29,xslF345X02/doc4.xml,CIK0000732717-submissions-003.json
2005-05-03,4,0000732717-05-000256,2005-04-29,xslF345X02/doc4.xml,CIK0000732717-submissions-003.json
2005-05-03,4,0000732717-05-000255,2005-04-29,xslF345X02/doc4.xml,CIK0000732717-submissions-003.json
2005-05-03,4,0000732717-05-000254,2005-04-29,xslF345X02/doc4.xml,CIK0000732717-submissions-003.json
2005-05-03,4,0000732717-05-000253,2005-04-29,xslF345X02/doc4.xml,CIK0000732717-submissions-003.json
2005-05-03,4,0000732717-05-000252,2005-04-29,xslF345X02/doc4.xml,CIK0000732717-submissions-003.json
2005-05-03,8-K,0000950134-05-008804,2005-05-03,d24502e8vk.htm,CIK0000732717-submissions-003.json
2005-05-03,POS AM,0000950134-05-008807,,d24647posam.htm,CIK0000732717-submissions-003.json
2005-05-05,425,0001104659-05-020833,,a05-7036_4425.htm,CIK0000732717-submissions-003.json
2005-05-06,10-Q,0000732717-05-000279,2005-03-31,q105.htm,CIK0000732717-submissions-003.json
2005-05-06,425,0001104659-05-021240,,a05-7036_6425.htm,CIK0000732717-submissions-003.json
2005-05-06,425,0001104659-05-021137,,a05-7036_5425.htm,CIK0000732717-submissions-003.json
2005-05-06,UPLOAD,0000000000-05-022434,,filename1.txt,CIK0000732717-submissions-003.json
2005-05-09,425,0001104659-05-021649,,a05-7036_7425.htm,CIK0000732717-submissions-003.json
2005-05-11,425,0001104659-05-022414,,a05-7036_2425.htm,CIK0000732717-submissions-003.json
2005-05-11,425,0001104659-05-022413,,a05-7036_3425.htm,CIK0000732717-submissions-003.json
2005-05-12,425,0001104659-05-022945,,a05-9322_1425.htm,CIK0000732717-submissions-003.json
2005-05-12,8-K,0000732717-05-000282,2005-03-31,q1_proforma8k.htm,CIK0000732717-submissions-003.json
2005-05-12,S-4/A,0000950123-05-006178,,y04651a2sv4za.htm,CIK0000732717-submissions-003.json
2005-05-13,425,0001104659-05-023436,,a05-9322_3425.htm,CIK0000732717-submissions-003.json
2005-05-13,425,0001104659-05-023393,,a05-9322_2425.htm,CIK0000732717-submissions-003.json
2005-05-16,425,0001104659-05-023798,,a05-9490_1425.htm,CIK0000732717-submissions-003.json
2005-05-16,425,0001104659-05-023741,,a05-9490_3425.htm,CIK0000732717-submissions-003.json
2005-05-16,425,0001104659-05-023739,,a05-9490_2425.htm,CIK0000732717-submissions-003.json
2005-05-16,UPLOAD,0000000000-05-023921,,filename1.txt,CIK0000732717-submissions-003.json
2005-05-18,425,0001104659-05-024350,,a05-9490_4425.htm,CIK0000732717-submissions-003.json
2005-05-19,UPLOAD,0000000000-05-024969,,filename1.txt,CIK0000732717-submissions-003.json
2005-05-20,425,0001104659-05-024763,,a05-9760_3425.htm,CIK0000732717-submissions-003.json
2005-05-20,425,0001104659-05-024658,,a05-9760_1425.htm,CIK0000732717-submissions-003.json
2005-05-20,425,0001104659-05-024657,,a05-9760_2425.htm,CIK0000732717-submissions-003.json
2005-05-20,CORRESP,0000950123-05-006577,,filename1.htm,CIK0000732717-submissions-003.json
2005-05-20,S-4/A,0000950123-05-006561,,y04651a3sv4za.htm,CIK0000732717-submissions-003.json
2005-05-23,424B3,0000950123-05-006607,,y04651b4e424b3.htm,CIK0000732717-submissions-003.json
2005-05-24,425,0001104659-05-025171,,a05-9827_1425.htm,CIK0000732717-submissions-003.json
2005-05-24,CORRESP,0000950134-05-010710,,filename1.htm,CIK0000732717-submissions-003.json
2005-05-25,425,0001104659-05-025332,,a05-9827_2425.htm,CIK0000732717-submissions-003.json
2005-05-27,425,0001104659-05-025936,,a05-10096_2425.htm,CIK0000732717-submissions-003.json
2005-05-27,425,0001104659-05-025904,,a05-10096_1425.htm,CIK0000732717-submissions-003.json
2005-05-27,8-K,0000732717-05-000293,2005-05-26,dir.htm,CIK0000732717-submissions-003.json
2005-05-27,8-K,0000950134-05-011010,2005-05-27,d25879e8vk.htm,CIK0000732717-submissions-003.json
2005-06-01,425,0001104659-05-026367,,a05-10184_3425.htm,CIK0000732717-submissions-003.json
2005-06-01,425,0001104659-05-026366,,a05-10184_2425.htm,CIK0000732717-submissions-003.json
2005-06-01,425,0001104659-05-026365,,a05-10184_1425.htm,CIK0000732717-submissions-003.json
2005-06-02,4,0000732717-05-000313,2005-05-31,xslF345X02/doc4.xml,CIK0000732717-submissions-003.json
2005-06-02,4,0000732717-05-000312,2005-05-31,xslF345X02/doc4.xml,CIK0000732717-submissions-003.json
2005-06-02,4,0000732717-05-000311,2005-05-31,xslF345X02/doc4.xml,CIK0000732717-submissions-003.json
2005-06-02,4,0000732717-05-000310,2005-05-31,xslF345X02/doc4.xml,CIK0000732717-submissions-003.json
2005-06-02,4,0000732717-05-000309,2005-05-31,xslF345X02/doc4.xml,CIK0000732717-submissions-003.json
2005-06-02,4,0000732717-05-000308,2005-05-31,xslF345X02/doc4.xml,CIK0000732717-submissions-003.json
2005-06-02,4,0000732717-05-000307,2005-05-31,xslF345X02/doc4.xml,CIK0000732717-submissions-003.json
2005-06-02,4,0000732717-05-000306,2005-05-31,xslF345X02/doc4.xml,CIK0000732717-submissions-003.json
2005-06-02,4,0000732717-05-000305,2005-05-31,xslF345X02/doc4.xml,CIK0000732717-submissions-003.json
2005-06-02,4,0000732717-05-000304,2005-05-31,xslF345X02/doc4.xml,CIK0000732717-submissions-003.json
2005-06-02,424B5,0000950134-05-011223,,d25948be424b5.htm,CIK0000732717-submissions-003.json
2005-06-02,425,0001104659-05-026595,,a05-10273_2425.htm,CIK0000732717-submissions-003.json
2005-06-02,425,0001104659-05-026486,,a05-10273_1425.htm,CIK0000732717-submissions-003.json
2005-06-03,425,0001104659-05-026792,,a05-10364_2425.htm,CIK0000732717-submissions-003.json
2005-06-03,425,0001104659-05-026791,,a05-10364_1425.htm,CIK0000732717-submissions-003.json
2005-06-06,8-K,0000950134-05-011436,2005-06-06,d26077e8vk.htm,CIK0000732717-submissions-003.json
2005-06-07,425,0001104659-05-027091,,a05-10472_2425.htm,CIK0000732717-submissions-003.json
2005-06-07,425,0001104659-05-027090,,a05-10472_1425.htm,CIK0000732717-submissions-003.json
2005-06-09,425,0001104659-05-027583,,a05-10646_2425.htm,CIK0000732717-submissions-003.json
2005-06-09,425,0001104659-05-027582,,a05-10646_1425.htm,CIK0000732717-submissions-003.json
2005-06-10,425,0001104659-05-027741,,a05-10646_3425.htm,CIK0000732717-submissions-003.json
2005-06-13,425,0001104659-05-027883,,a05-10746_2425.htm,CIK0000732717-submissions-003.json
2005-06-13,425,0001104659-05-027882,,a05-10746_1425.htm,CIK0000732717-submissions-003.json
2005-06-16,4,0000732717-05-000345,2005-06-15,xslF345X02/doc4.xml,CIK0000732717-submissions-003.json
2005-06-16,4,0000732717-05-000344,2005-06-15,xslF345X02/doc4.xml,CIK0000732717-submissions-003.json
2005-06-16,4,0000732717-05-000343,2005-06-15,xslF345X02/doc4.xml,CIK0000732717-submissions-003.json
2005-06-16,4,0000732717-05-000342,2005-06-15,xslF345X02/doc4.xml,CIK0000732717-submissions-003.json
2005-06-16,4,0000732717-05-000341,2005-06-15,xslF345X02/doc4.xml,CIK0000732717-submissions-003.json
2005-06-16,4,0000732717-05-000340,2005-06-15,xslF345X02/doc4.xml,CIK0000732717-submissions-003.json
2005-06-16,4,0000732717-05-000339,2005-06-15,xslF345X02/doc4.xml,CIK0000732717-submissions-003.json
2005-06-16,4,0000732717-05-000338,2005-06-15,xslF345X02/doc4.xml,CIK0000732717-submissions-003.json
2005-06-16,4,0000732717-05-000337,2005-06-15,xslF345X02/doc4.xml,CIK0000732717-submissions-003.json
2005-06-16,4,0000732717-05-000336,2005-06-15,xslF345X02/doc4.xml,CIK0000732717-submissions-003.json
2005-06-16,8-K,0000732717-05-000325,2005-06-15,wiltel.htm,CIK0000732717-submissions-003.json
2005-06-17,11-K,0000732717-05-000349,2004-12-31,esop.htm,CIK0000732717-submissions-003.json
2005-06-17,11-K,0000732717-05-000347,2004-12-31,paysop.htm,CIK0000732717-submissions-003.json
2005-06-20,11-K,0000732717-05-000352,2004-12-31,trasop.htm,CIK0000732717-submissions-003.json
2005-06-21,8-K,0000732717-05-000355,2005-06-21,debt.htm,CIK0000732717-submissions-003.json
2005-06-22,425,0001104659-05-029242,,a05-11224_1425.htm,CIK0000732717-submissions-003.json
2005-06-23,11-K,0000732717-05-000359,2004-12-31,sbcssp_11k.htm,CIK0000732717-submissions-003.json
2005-06-23,11-K,0000732717-05-000358,2004-12-31,sbcsp_11k.htm,CIK0000732717-submissions-003.json
2005-06-27,425,0001104659-05-029867,,a05-11224_2425.htm,CIK0000732717-submissions-003.json
2005-06-29,8-K,0000732717-05-000363,2005-06-28,cingular_8k.htm,CIK0000732717-submissions-003.json
2005-07-01,4,0000732717-05-000391,2005-06-30,xslF345X02/doc4.xml,CIK0000732717-submissions-003.json
2005-07-01,4,0000732717-05-000390,2005-06-30,xslF345X02/doc4.xml,CIK0000732717-submissions-003.json
2005-07-01,4,0000732717-05-000389,2005-06-30,xslF345X02/doc4.xml,CIK0000732717-submissions-003.json
2005-07-01,4,0000732717-05-000388,2005-06-30,xslF345X02/doc4.xml,CIK0000732717-submissions-003.json
2005-07-01,4,0000732717-05-000387,2005-06-30,xslF345X02/doc4.xml,CIK0000732717-submissions-003.json
2005-07-01,4,0000732717-05-000386,2005-06-30,xslF345X02/doc4.xml,CIK0000732717-submissions-003.json
2005-07-01,4,0000732717-05-000385,2005-06-30,xslF345X02/doc4.xml,CIK0000732717-submissions-003.json
2005-07-01,4,0000732717-05-000384,2005-06-30,xslF345X02/doc4.xml,CIK0000732717-submissions-003.json
2005-07-01,4,0000732717-05-000383,2005-06-30,xslF345X02/doc4.xml,CIK0000732717-submissions-003.json
2005-07-01,4,0000732717-05-000382,2005-06-30,xslF345X02/doc4.xml,CIK0000732717-submissions-003.json
2005-07-01,4,0000732717-05-000381,2005-06-30,xslF345X02/doc4.xml,CIK0000732717-submissions-003.json
2005-07-01,4,0000732717-05-000380,2005-06-30,xslF345X02/doc4.xml,CIK0000732717-submissions-003.json
2005-07-01,4,0000732717-05-000379,2005-06-30,xslF345X02/doc4.xml,CIK0000732717-submissions-003.json
2005-07-01,4,0000732717-05-000378,2005-06-30,xslF345X02/doc4.xml,CIK0000732717-submissions-003.json
2005-07-21,8-K,0000732717-05-000394,2005-06-30,q2earn.htm,CIK0000732717-submissions-003.json
2005-07-26,4,0001225208-05-001908,2005-07-25,xslF345X02/doc4.xml,CIK0000732717-submissions-003.json
2005-07-27,4,0001225208-05-001925,2005-07-26,xslF345X02/doc4.xml,CIK0000732717-submissions-003.json
2005-07-27,4,0001225208-05-001924,2005-07-26,xslF345X02/doc4.xml,CIK0000732717-submissions-003.json
2005-07-27,4,0001225208-05-001923,2005-07-26,xslF345X02/doc4.xml,CIK0000732717-submissions-003.json
2005-07-27,4,0001225208-05-001922,2005-07-26,xslF345X02/doc4.xml,CIK0000732717-submissions-003.json
2005-08-02,4,0001225208-05-002052,2005-07-29,xslF345X02/doc4.xml,CIK0000732717-submissions-003.json
2005-08-02,4,0001225208-05-002046,2005-07-29,xslF345X02/doc4.xml,CIK0000732717-submissions-003.json
2005-08-02,4,0001225208-05-002045,2005-07-29,xslF345X02/doc4.xml,CIK0000732717-submissions-003.json
2005-08-02,4,0001225208-05-002044,2005-07-29,xslF345X02/doc4.xml,CIK0000732717-submissions-003.json
2005-08-02,4,0001225208-05-002043,2005-07-29,xslF345X02/doc4.xml,CIK0000732717-submissions-003.json
2005-08-02,4,0001225208-05-002042,2005-07-29,xslF345X02/doc4.xml,CIK0000732717-submissions-003.json
2005-08-02,4,0001225208-05-002041,2005-07-29,xslF345X02/doc4.xml,CIK0000732717-submissions-003.json
2005-08-02,4,0001225208-05-002040,2005-07-29,xslF345X02/doc4.xml,CIK0000732717-submissions-003.json
2005-08-02,4,0001225208-05-002039,2005-07-29,xslF345X02/doc4.xml,CIK0000732717-submissions-003.json
2005-08-02,4,0001225208-05-002038,2005-07-29,xslF345X02/doc4.xml,CIK0000732717-submissions-003.json
2005-08-02,4,0001225208-05-002037,2005-07-29,xslF345X02/doc4.xml,CIK0000732717-submissions-003.json
2005-08-02,4,0001225208-05-002036,2005-07-29,xslF345X02/doc4.xml,CIK0000732717-submissions-003.json
2005-08-02,4,0001225208-05-002035,2005-07-29,xslF345X02/doc4.xml,CIK0000732717-submissions-003.json
2005-08-02,4,0001225208-05-002034,2005-07-29,xslF345X02/doc4.xml,CIK0000732717-submissions-003.json
2005-08-02,4,0001225208-05-002033,2005-07-29,xslF345X02/doc4.xml,CIK0000732717-submissions-003.json
2005-08-02,4,0001225208-05-002032,2005-07-29,xslF345X02/doc4.xml,CIK0000732717-submissions-003.json
2005-08-02,4,0001225208-05-002031,2005-07-29,xslF345X02/doc4.xml,CIK0000732717-submissions-003.json
2005-08-02,4,0001225208-05-002030,2005-07-29,xslF345X02/doc4.xml,CIK0000732717-submissions-003.json
2005-08-02,4,0001225208-05-002029,2005-07-29,xslF345X02/doc4.xml,CIK0000732717-submissions-003.json
2005-08-02,4,0001225208-05-002027,2005-07-29,xslF345X02/doc4.xml,CIK0000732717-submissions-003.json
2005-08-02,4,0001225208-05-002028,2005-07-29,xslF345X02/doc4.xml,CIK0000732717-submissions-003.json
2005-08-02,4,0001225208-05-002026,2005-07-29,xslF345X02/doc4.xml,CIK0000732717-submissions-003.json
2005-08-02,4,0001225208-05-002024,2005-07-29,xslF345X02/doc4.xml,CIK0000732717-submissions-003.json
2005-08-05,10-Q,0000732717-05-000397,2005-06-30,q205.htm,CIK0000732717-submissions-003.json
2005-08-24,8-K,0000732717-05-000403,2005-06-30,t10q.htm,CIK0000732717-submissions-003.json
2005-08-24,8-K,0000732717-05-000402,2005-06-30,q2proforma8k.htm,CIK0000732717-submissions-003.json
2005-09-01,4,0001225208-05-002362,2005-08-31,xslF345X02/doc4.xml,CIK0000732717-submissions-003.json
2005-09-01,4,0001225208-05-002361,2005-08-31,xslF345X02/doc4.xml,CIK0000732717-submissions-003.json
2005-09-01,4,0001225208-05-002360,2005-08-31,xslF345X02/doc4.xml,CIK0000732717-submissions-003.json
2005-09-01,4,0001225208-05-002359,2005-08-31,xslF345X02/doc4.xml,CIK0000732717-submissions-003.json
2005-09-01,4,0001225208-05-002356,2005-08-31,xslF345X02/doc4.xml,CIK0000732717-submissions-003.json
2005-09-01,4,0001225208-05-002355,2005-08-31,xslF345X02/doc4.xml,CIK0000732717-submissions-003.json
2005-09-01,4,0001225208-05-002353,2005-08-31,xslF345X02/doc4.xml,CIK0000732717-submissions-003.json
2005-09-01,4,0001225208-05-002352,2005-08-31,xslF345X02/doc4.xml,CIK0000732717-submissions-003.json
2005-09-01,4,0001225208-05-002351,2005-08-31,xslF345X02/doc4.xml,CIK0000732717-submissions-003.json
2005-09-01,4,0001225208-05-002350,2005-08-31,xslF345X02/doc4.xml,CIK0000732717-submissions-003.json
2005-09-01,4,0001225208-05-002349,2005-08-31,xslF345X02/doc4.xml,CIK0000732717-submissions-003.json
2005-10-04,4,0001225208-05-002646,2005-09-30,xslF345X02/doc4.xml,CIK0000732717-submissions-003.json
2005-10-04,4,0001225208-05-002639,2005-09-30,xslF345X02/doc4.xml,CIK0000732717-submissions-003.json
2005-10-04,4,0001225208-05-002638,2005-09-30,xslF345X02/doc4.xml,CIK0000732717-submissions-003.json
2005-10-04,4,0001225208-05-002637,2005-09-30,xslF345X02/doc4.xml,CIK0000732717-submissions-003.json
2005-10-04,4,0001225208-05-002636,2005-09-30,xslF345X02/doc4.xml,CIK0000732717-submissions-003.json
2005-10-04,4,0001225208-05-002635,2005-09-30,xslF345X02/doc4.xml,CIK0000732717-submissions-003.json
2005-10-04,4,0001225208-05-002634,2005-09-30,xslF345X02/doc4.xml,CIK0000732717-submissions-003.json
2005-10-04,4,0001225208-05-002633,2005-09-30,xslF345X02/doc4.xml,CIK0000732717-submissions-003.json
2005-10-04,4,0001225208-05-002632,2005-09-30,xslF345X02/doc4.xml,CIK0000732717-submissions-003.json
2005-10-04,4,0001225208-05-002631,2005-09-30,xslF345X02/doc4.xml,CIK0000732717-submissions-003.json
2005-10-04,4,0001225208-05-002630,2005-09-30,xslF345X02/doc4.xml,CIK0000732717-submissions-003.json
2005-10-04,4,0001225208-05-002629,2005-09-30,xslF345X02/doc4.xml,CIK0000732717-submissions-003.json
2005-10-04,4,0001225208-05-002628,2005-09-30,xslF345X02/doc4.xml,CIK0000732717-submissions-003.json
2005-10-04,4,0001225208-05-002627,2005-09-30,xslF345X02/doc4.xml,CIK0000732717-submissions-003.json
2005-10-20,8-K,0000732717-05-000406,2005-09-30,q3earn.htm,CIK0000732717-submissions-003.json
2005-10-25,4,0001225208-05-002804,2005-10-21,xslF345X02/doc4.xml,CIK0000732717-submissions-003.json
2005-11-02,4,0001225208-05-002957,2005-10-31,xslF345X02/doc4.xml,CIK0000732717-submissions-003.json
2005-11-02,4,0001225208-05-002956,2005-10-31,xslF345X02/doc4.xml,CIK0000732717-submissions-003.json
2005-11-02,4,0001225208-05-002955,2005-10-31,xslF345X02/doc4.xml,CIK0000732717-submissions-003.json
2005-11-02,4,0001225208-05-002954,2005-10-31,xslF345X02/doc4.xml,CIK0000732717-submissions-003.json
2005-11-02,4,0001225208-05-002953,2005-10-31,xslF345X02/doc4.xml,CIK0000732717-submissions-003.json
2005-11-02,4,0001225208-05-002952,2005-10-31,xslF345X02/doc4.xml,CIK0000732717-submissions-003.json
2005-11-02,4,0001225208-05-002951,2005-10-31,xslF345X02/doc4.xml,CIK0000732717-submissions-003.json
2005-11-02,4,0001225208-05-002950,2005-10-31,xslF345X02/doc4.xml,CIK0000732717-submissions-003.json
2005-11-02,4,0001225208-05-002949,2005-10-31,xslF345X02/doc4.xml,CIK0000732717-submissions-003.json
2005-11-02,4,0001225208-05-002948,2005-10-31,xslF345X02/doc4.xml,CIK0000732717-submissions-003.json
2005-11-02,4,0001225208-05-002947,2005-10-31,xslF345X02/doc4.xml,CIK0000732717-submissions-003.json
2005-11-02,4,0001225208-05-002946,2005-10-31,xslF345X02/doc4.xml,CIK0000732717-submissions-003.json
2005-11-02,4,0001225208-05-002945,2005-10-31,xslF345X02/doc4.xml,CIK0000732717-submissions-003.json
2005-11-02,4,0001225208-05-002944,2005-10-31,xslF345X02/doc4.xml,CIK0000732717-submissions-003.json
2005-11-02,4,0001225208-05-002943,2005-10-31,xslF345X02/doc4.xml,CIK0000732717-submissions-003.json
2005-11-02,4,0001225208-05-002942,2005-10-31,xslF345X02/doc4.xml,CIK0000732717-submissions-003.json
2005-11-02,4,0001225208-05-002941,2005-10-31,xslF345X02/doc4.xml,CIK0000732717-submissions-003.json
2005-11-02,4,0001225208-05-002940,2005-10-31,xslF345X02/doc4.xml,CIK0000732717-submissions-003.json
2005-11-02,4,0001225208-05-002939,2005-10-31,xslF345X02/doc4.xml,CIK0000732717-submissions-003.json
2005-11-02,4,0001225208-05-002938,2005-10-31,xslF345X02/doc4.xml,CIK0000732717-submissions-003.json
2005-11-02,4,0001225208-05-002937,2005-10-31,xslF345X02/doc4.xml,CIK0000732717-submissions-003.json
2005-11-02,4,0001225208-05-002936,2005-10-31,xslF345X02/doc4.xml,CIK0000732717-submissions-003.json
2005-11-02,4,0001225208-05-002935,2005-10-31,xslF345X02/doc4.xml,CIK0000732717-submissions-003.json
2005-11-03,SC 13D/A,0000732717-05-000408,,amdocs12.txt,CIK0000732717-submissions-003.json
2005-11-04,10-Q,0000732717-05-000412,2005-09-30,q305.htm,CIK0000732717-submissions-003.json
2005-11-04,8-K,0000732717-05-000414,2005-09-30,t10q.htm,CIK0000732717-submissions-003.json
2005-11-04,8-K,0000732717-05-000413,2005-09-30,q3proforma8k.htm,CIK0000732717-submissions-003.json
2005-11-10,424B5,0000950134-05-021152,,d30202be424b5.htm,CIK0000732717-submissions-003.json
2005-11-15,8-K,0000950134-05-021571,2005-11-14,d30331e8vk.htm,CIK0000732717-submissions-003.json
2005-11-18,S-8,0000732717-05-000419,,att.txt,CIK0000732717-submissions-003.json
2005-11-21,8-K,0000732717-05-000422,2005-11-18,debt_guar.htm,CIK0000732717-submissions-003.json
2005-11-21,8-K,0000950123-05-013901,2005-11-18,y14984e8vk.htm,CIK0000732717-submissions-003.json
2005-11-22,3,0001225208-05-003120,2005-11-18,xslF345X02/doc3.xml,CIK0000732717-submissions-003.json
2005-11-22,3,0001225208-05-003119,2005-11-18,xslF345X02/doc3.xml,CIK0000732717-submissions-003.json
2005-11-22,3,0001225208-05-003118,2005-11-18,xslF345X02/doc3.xml,CIK0000732717-submissions-003.json
2005-11-22,3,0001225208-05-003117,2005-11-18,xslF345X02/doc3.xml,CIK0000732717-submissions-003.json
2005-11-23,3/A,0001225208-05-003146,2005-11-18,xslF345X02/mad8.xml,CIK0000732717-submissions-003.json
2005-11-23,3/A,0001225208-05-003145,2005-11-18,xslF345X02/dor7.xml,CIK0000732717-submissions-003.json
2005-11-23,3/A,0001225208-05-003144,2005-11-18,xslF345X02/cic6.xml,CIK0000732717-submissions-003.json
2005-11-23,3/A,0001225208-05-003143,2005-11-18,xslF345X02/ald5.xml,CIK0000732717-submissions-003.json
2005-11-23,4,0001225208-05-003154,2005-11-22,xslF345X02/doc4.xml,CIK0000732717-submissions-003.json
2005-11-23,4,0001225208-05-003153,2005-11-22,xslF345X02/doc4.xml,CIK0000732717-submissions-003.json
2005-11-28,4,0001225208-05-003170,2005-11-23,xslF345X02/doc4.xml,CIK0000732717-submissions-003.json
2005-11-28,4,0001225208-05-003169,2005-11-23,xslF345X02/doc4.xml,CIK0000732717-submissions-003.json
2005-11-28,8-K,0000732717-05-000424,2005-11-23,debt_redemp.htm,CIK0000732717-submissions-003.json
2005-11-28,8-K/A,0000732717-05-000426,2005-11-23,attdebtredema.htm,CIK0000732717-submissions-003.json
2005-12-02,4,0001225208-05-003340,2005-11-30,xslF345X02/doc4.xml,CIK0000732717-submissions-003.json
2005-12-02,4,0001225208-05-003336,2005-11-30,xslF345X02/doc4.xml,CIK0000732717-submissions-003.json
2005-12-02,4,0001225208-05-003335,2005-11-30,xslF345X02/doc4.xml,CIK0000732717-submissions-003.json
2005-12-02,4,0001225208-05-003334,2005-11-30,xslF345X02/doc4.xml,CIK0000732717-submissions-003.json
2005-12-02,4,0001225208-05-003315,2005-11-30,xslF345X02/doc4.xml,CIK0000732717-submissions-003.json
2005-12-02,4,0001225208-05-003316,2005-11-30,xslF345X02/doc4.xml,CIK0000732717-submissions-003.json
2005-12-02,4,0001225208-05-003313,2005-11-30,xslF345X02/doc4.xml,CIK0000732717-submissions-003.json
2005-12-02,4,0001225208-05-003314,2005-11-30,xslF345X02/doc4.xml,CIK0000732717-submissions-003.json
2005-12-02,4,0001225208-05-003311,2005-11-30,xslF345X02/doc4.xml,CIK0000732717-submissions-003.json
2005-12-02,4,0001225208-05-003312,2005-11-30,xslF345X02/doc4.xml,CIK0000732717-submissions-003.json
2005-12-02,4,0001225208-05-003310,2005-11-30,xslF345X02/doc4.xml,CIK0000732717-submissions-003.json
2005-12-02,4,0001225208-05-003309,2005-11-30,xslF345X02/doc4.xml,CIK0000732717-submissions-003.json
2005-12-02,4,0001225208-05-003308,2005-11-30,xslF345X02/doc4.xml,CIK0000732717-submissions-003.json
2005-12-02,4,0001225208-05-003307,2005-11-30,xslF345X02/doc4.xml,CIK0000732717-submissions-003.json
2005-12-02,8-K,0000732717-05-000428,2005-12-01,irssettlement.htm,CIK0000732717-submissions-003.json
2005-12-09,3/A,0001225208-05-003398,2005-11-18,xslF345X02/doc3a.xml,CIK0000732717-submissions-003.json
2005-12-09,3/A,0001225208-05-003397,2005-11-18,xslF345X02/doc3a.xml,CIK0000732717-submissions-003.json
2005-12-12,8-K,0000732717-05-000433,2005-12-06,performance2005.htm,CIK0000732717-submissions-003.json
2005-12-12,8-K/A,0000732717-05-000431,2005-11-18,form8ka2005dec.htm,CIK0000732717-submissions-003.json
2005-12-16,8-K,0000732717-05-000435,2005-12-16,dec_tdebt.htm,CIK0000732717-submissions-003.json
2006-01-04,3/A,0001225208-06-000158,2005-11-18,xslF345X02/doc3a.xml,CIK0000732717-submissions-003.json
2006-01-04,3/A,0001225208-06-000157,2005-11-18,xslF345X02/doc3a.xml,CIK0000732717-submissions-003.json
2006-01-04,4,0001225208-06-000156,2006-01-03,xslF345X02/doc4.xml,CIK0000732717-submissions-003.json
2006-01-04,4,0001225208-06-000155,2006-01-03,xslF345X02/doc4.xml,CIK0000732717-submissions-003.json
2006-01-04,4,0001225208-06-000078,2005-12-30,xslF345X02/doc4.xml,CIK0000732717-submissions-003.json
2006-01-04,4,0001225208-06-000079,2005-12-30,xslF345X02/doc4.xml,CIK0000732717-submissions-003.json
2006-01-04,4,0001225208-06-000077,2005-12-30,xslF345X02/doc4.xml,CIK0000732717-submissions-003.json
2006-01-04,4,0001225208-06-000076,2005-12-30,xslF345X02/doc4.xml,CIK0000732717-submissions-003.json
2006-01-04,4,0001225208-06-000075,2005-12-30,xslF345X02/doc4.xml,CIK0000732717-submissions-003.json
2006-01-04,4,0001225208-06-000074,2005-12-30,xslF345X02/doc4.xml,CIK0000732717-submissions-003.json
2006-01-04,4,0001225208-06-000073,2005-12-30,xslF345X02/doc4.xml,CIK0000732717-submissions-003.json
2006-01-04,4,0001225208-06-000072,2005-12-30,xslF345X02/doc4.xml,CIK0000732717-submissions-003.json
2006-01-04,4,0001225208-06-000071,2005-12-30,xslF345X02/doc4.xml,CIK0000732717-submissions-003.json
2006-01-04,4,0001225208-06-000070,2005-12-30,xslF345X02/doc4.xml,CIK0000732717-submissions-003.json
2006-01-04,4,0001225208-06-000069,2005-12-30,xslF345X02/doc4.xml,CIK0000732717-submissions-003.json
2006-01-04,4,0001225208-06-000068,2005-12-30,xslF345X02/doc4.xml,CIK0000732717-submissions-003.json
2006-01-04,4,0001225208-06-000067,2005-12-30,xslF345X02/doc4.xml,CIK0000732717-submissions-003.json
2006-01-04,4,0001225208-06-000066,2005-12-30,xslF345X02/doc4.xml,CIK0000732717-submissions-003.json
2006-01-13,5,0001225208-06-000326,2005-12-31,xslF345X02/doc5.xml,CIK0000732717-submissions-003.json
2006-01-26,8-K,0000732717-06-000004,2006-01-26,ye05earn.htm,CIK0000732717-submissions-003.json
2006-01-26,8-K/A,0000950123-06-000709,2005-11-18,y16871e8vkza.htm,CIK0000732717-submissions-003.json
2006-01-30,4,0001225208-06-000553,2006-01-26,xslF345X02/doc4.xml,CIK0000732717-submissions-003.json
2006-01-30,4,0001225208-06-000536,2006-01-26,xslF345X02/doc4.xml,CIK0000732717-submissions-003.json
2006-01-30,4,0001225208-06-000535,2006-01-26,xslF345X02/doc4.xml,CIK0000732717-submissions-003.json
2006-01-30,4,0001225208-06-000534,2006-01-26,xslF345X02/doc4.xml,CIK0000732717-submissions-003.json
2006-01-30,4,0001225208-06-000533,2006-01-26,xslF345X02/doc4.xml,CIK0000732717-submissions-003.json
2006-01-30,4,0001225208-06-000532,2006-01-26,xslF345X02/doc4.xml,CIK0000732717-submissions-003.json
2006-01-30,4,0001225208-06-000531,2006-01-26,xslF345X02/doc4.xml,CIK0000732717-submissions-003.json
2006-01-30,4,0001225208-06-000530,2006-01-26,xslF345X02/doc4.xml,CIK0000732717-submissions-003.json
2006-01-30,4,0001225208-06-000529,2006-01-26,xslF345X02/doc4.xml,CIK0000732717-submissions-003.json
2006-02-01,8-K,0000732717-06-000005,2006-01-26,perf8k.htm,CIK0000732717-submissions-003.json
2006-02-02,4,0001225208-06-000729,2006-01-31,xslF345X02/doc4.xml,CIK0000732717-submissions-003.json
2006-02-02,4,0001225208-06-000728,2006-01-31,xslF345X02/doc4.xml,CIK0000732717-submissions-003.json
2006-02-02,4,0001225208-06-000727,2006-01-31,xslF345X02/doc4.xml,CIK0000732717-submissions-003.json
2006-02-02,4,0001225208-06-000725,2006-01-31,xslF345X02/doc4.xml,CIK0000732717-submissions-003.json
2006-02-02,4,0001225208-06-000724,2006-01-31,xslF345X02/doc4.xml,CIK0000732717-submissions-003.json
2006-02-02,4,0001225208-06-000723,2006-01-31,xslF345X02/doc4.xml,CIK0000732717-submissions-003.json
2006-02-02,4,0001225208-06-000722,2006-01-31,xslF345X02/doc4.xml,CIK0000732717-submissions-003.json
2006-02-02,4,0001225208-06-000721,2006-01-31,xslF345X02/doc4.xml,CIK0000732717-submissions-003.json
2006-02-02,4,0001225208-06-000720,2006-01-31,xslF345X02/doc4.xml,CIK0000732717-submissions-003.json
2006-02-02,4,0001225208-06-000719,2006-01-31,xslF345X02/doc4.xml,CIK0000732717-submissions-003.json
2006-02-02,4,0001225208-06-000718,2006-01-31,xslF345X02/doc4.xml,CIK0000732717-submissions-003.json
2006-02-02,4,0001225208-06-000717,2006-01-31,xslF345X02/doc4.xml,CIK0000732717-submissions-003.json
2006-02-02,4,0001225208-06-000716,2006-01-31,xslF345X02/doc4.xml,CIK0000732717-submissions-003.json
2006-02-02,4,0001225208-06-000715,2006-01-31,xslF345X02/doc4.xml,CIK0000732717-submissions-003.json
2006-02-02,4,0001225208-06-000714,2006-01-31,xslF345X02/doc4.xml,CIK0000732717-submissions-003.json
2006-02-02,4,0001225208-06-000713,2006-01-31,xslF345X02/doc4.xml,CIK0000732717-submissions-003.json
2006-02-02,4,0001225208-06-000712,2006-01-31,xslF345X02/doc4.xml,CIK0000732717-submissions-003.json
2006-02-02,4,0001225208-06-000711,2006-01-31,xslF345X02/doc4.xml,CIK0000732717-submissions-003.json
2006-02-02,4,0001225208-06-000710,2006-01-31,xslF345X02/doc4.xml,CIK0000732717-submissions-003.json
2006-02-02,4,0001225208-06-000709,2006-01-31,xslF345X02/doc4.xml,CIK0000732717-submissions-003.json
2006-02-02,4,0001225208-06-000708,2006-01-31,xslF345X02/doc4.xml,CIK0000732717-submissions-003.json
2006-02-02,4,0001225208-06-000707,2006-01-31,xslF345X02/doc4.xml,CIK0000732717-submissions-003.json
2006-02-02,4,0001225208-06-000705,2006-01-31,xslF345X02/doc4.xml,CIK0000732717-submissions-003.json
2006-02-02,4/A,0001225208-06-000726,2006-01-26,xslF345X02/doc4a.xml,CIK0000732717-submissions-003.json
2006-02-10,NO ACT,9999999997-06-006780,2005-12-16,9999999997-06-006780.paper,CIK0000732717-submissions-003.json
2006-02-10,PRE 14A,0001193125-06-027057,2006-04-28,dpre14a.txt,CIK0000732717-submissions-003.json
2006-02-10,SC 13G,0000017283-06-000356,,edgt.txt,CIK0000732717-submissions-003.json
2006-02-13,NO ACT,9999999997-06-006588,2005-12-12,9999999997-06-006588.paper,CIK0000732717-submissions-003.json
2006-02-15,4/A,0001225208-06-001022,2006-01-31,xslF345X02/doc4a.xml,CIK0000732717-submissions-003.json
2006-02-15,4/A,0001225208-06-001020,2006-01-31,xslF345X02/doc4a.xml,CIK0000732717-submissions-003.json
2006-02-15,4/A,0001225208-06-001021,2006-01-31,xslF345X02/doc4a.xml,CIK0000732717-submissions-003.json
2006-02-15,4/A,0001225208-06-001019,2006-01-31,xslF345X02/doc4a.xml,CIK0000732717-submissions-003.json
2006-02-15,4/A,0001225208-06-001018,2006-01-31,xslF345X02/doc4a.xml,CIK0000732717-submissions-003.json
2006-02-15,4/A,0001225208-06-001017,2006-01-31,xslF345X02/doc4a.xml,CIK0000732717-submissions-003.json
2006-02-15,4/A,0001225208-06-001016,2006-01-31,xslF345X02/doc4a.xml,CIK0000732717-submissions-003.json
2006-02-15,4/A,0001225208-06-001015,2006-01-31,xslF345X02/doc4a.xml,CIK0000732717-submissions-003.json
2006-02-15,4/A,0001225208-06-001014,2006-01-31,xslF345X02/doc4a.xml,CIK0000732717-submissions-003.json
2006-02-15,4/A,0001225208-06-001013,2006-01-31,xslF345X02/doc4a.xml,CIK0000732717-submissions-003.json
2006-02-15,4/A,0001225208-06-001012,2006-01-31,xslF345X02/doc4a.xml,CIK0000732717-submissions-003.json
2006-02-15,4/A,0001225208-06-001011,2006-01-31,xslF345X02/doc4a.xml,CIK0000732717-submissions-003.json
2006-02-15,4/A,0001225208-06-001010,2006-01-31,xslF345X02/doc4a.xml,CIK0000732717-submissions-003.json
2006-02-17,4,0001225208-06-001191,2006-02-15,xslF345X02/doc4.xml,CIK0000732717-submissions-003.json
2006-02-17,4,0001225208-06-001190,2006-02-15,xslF345X02/doc4.xml,CIK0000732717-submissions-003.json
2006-02-17,4,0001225208-06-001189,2006-02-15,xslF345X02/doc4.xml,CIK0000732717-submissions-003.json
2006-02-17,4,0001225208-06-001188,2006-02-15,xslF345X02/doc4.xml,CIK0000732717-submissions-003.json
2006-02-17,4,0001225208-06-001187,2006-02-15,xslF345X02/doc4.xml,CIK0000732717-submissions-003.json
2006-02-17,4,0001225208-06-001186,2006-02-15,xslF345X02/doc4.xml,CIK0000732717-submissions-003.json
2006-02-17,4,0001225208-06-001185,2006-02-15,xslF345X02/doc4.xml,CIK0000732717-submissions-003.json
2006-02-17,4,0001225208-06-001184,2006-02-15,xslF345X02/doc4.xml,CIK0000732717-submissions-003.json
2006-02-17,4,0001225208-06-001183,2006-02-15,xslF345X02/doc4.xml,CIK0000732717-submissions-003.json
2006-02-17,4,0001225208-06-001182,2006-02-15,xslF345X02/doc4.xml,CIK0000732717-submissions-003.json
2006-03-01,10-K,0000732717-06-000008,2005-12-31,form10k2005.htm,CIK0000732717-submissions-003.json
2006-03-02,4,0001225208-06-001535,2006-02-28,xslF345X02/doc4.xml,CIK0000732717-submissions-003.json
2006-03-02,4,0001225208-06-001534,2006-02-28,xslF345X02/doc4.xml,CIK0000732717-submissions-003.json
2006-03-02,4,0001225208-06-001533,2006-02-28,xslF345X02/doc4.xml,CIK0000732717-submissions-003.json
2006-03-02,4,0001225208-06-001532,2006-02-28,xslF345X02/doc4.xml,CIK0000732717-submissions-003.json
2006-03-02,4,0001225208-06-001531,2006-02-28,xslF345X02/doc4.xml,CIK0000732717-submissions-003.json
2006-03-02,4,0001225208-06-001530,2006-02-28,xslF345X02/doc4.xml,CIK0000732717-submissions-003.json
2006-03-02,4,0001225208-06-001529,2006-02-28,xslF345X02/doc4.xml,CIK0000732717-submissions-003.json
2006-03-02,4,0001225208-06-001528,2006-02-28,xslF345X02/doc4.xml,CIK0000732717-submissions-003.json
2006-03-02,4,0001225208-06-001527,2006-02-28,xslF345X02/doc4.xml,CIK0000732717-submissions-003.json
2006-03-02,4,0001225208-06-001526,2006-02-28,xslF345X02/doc4.xml,CIK0000732717-submissions-003.json
2006-03-02,4,0001225208-06-001525,2006-02-28,xslF345X02/doc4.xml,CIK0000732717-submissions-003.json
2006-03-02,4,0001225208-06-001524,2006-02-28,xslF345X02/doc4.xml,CIK0000732717-submissions-003.json
2006-03-02,4,0001225208-06-001523,2006-02-28,xslF345X02/doc4.xml,CIK0000732717-submissions-003.json
2006-03-02,4,0001225208-06-001522,2006-02-28,xslF345X02/doc4.xml,CIK0000732717-submissions-003.json
2006-03-06,425,0000950123-06-002646,,y18291ee425.htm,CIK0000732717-submissions-003.json
2006-03-06,425,0000950123-06-002645,,y18291we425.htm,CIK0000732717-submissions-003.json
2006-03-06,425,0000950123-06-002644,,y18291de425.htm,CIK0000732717-submissions-003.json
2006-03-06,425,0000950123-06-002643,,y18291be425.htm,CIK0000732717-submissions-003.json
2006-03-06,425,0000950123-06-002642,,y18291he425.htm,CIK0000732717-submissions-003.json
2006-03-06,425,0000950123-06-002641,,y18291ae425.htm,CIK0000732717-submissions-003.json
2006-03-06,425,0000950123-06-002640,,y18291ce425.htm,CIK0000732717-submissions-003.json
2006-03-06,425,0000950123-06-002639,,y18291fe425.htm,CIK0000732717-submissions-003.json
2006-03-06,425,0000950123-06-002637,,y18291e425.htm,CIK0000732717-submissions-003.json
2006-03-06,425,0000950123-06-002631,,y18291ge8vk.htm,CIK0000732717-submissions-003.json
2006-03-06,425,0000950123-06-002593,,y18291se425.htm,CIK0000732717-submissions-003.json
2006-03-06,8-K,0000950123-06-002630,2006-03-04,y18291ge8vk.htm,CIK0000732717-submissions-003.json
2006-03-07,425,0000950123-06-002714,,y18291ie425.htm,CIK0000732717-submissions-003.json
2006-03-07,425,0000950123-06-002707,,y18291je425.htm,CIK0000732717-submissions-003.json
2006-03-08,425,0000950123-06-002798,,y18291xe425.htm,CIK0000732717-submissions-003.json
2006-03-08,425,0000895345-06-000325,,afannounce.txt,CIK0000732717-submissions-003.json
2006-03-08,425,0000950123-06-002735,,y18291ke425.htm,CIK0000732717-submissions-003.json
2006-03-09,4,0001225208-06-001637,2006-03-08,xslF345X02/doc4.xml,CIK0000732717-submissions-003.json
2006-03-09,4,0001225208-06-001631,2006-03-07,xslF345X02/doc4.xml,CIK0000732717-submissions-003.json
2006-03-09,425,0000950123-06-002876,,y18291ye425.htm,CIK0000732717-submissions-003.json
2006-03-10,DEF 14A,0001193125-06-050987,2006-04-28,ddef14a.txt,CIK0000732717-submissions-003.json
2006-03-13,425,0000950123-06-003052,,y18291abe425.htm,CIK0000732717-submissions-003.json
2006-03-13,425,0000950123-06-003051,,y18291aee425.txt,CIK0000732717-submissions-003.json
2006-03-13,425,0000950123-06-003050,,y18291le425.htm,CIK0000732717-submissions-003.json
2006-03-13,425,0000950123-06-003049,,y18291ade425.txt,CIK0000732717-submissions-003.json
2006-03-13,425,0000950123-06-002984,,y18291ace425.htm,CIK0000732717-submissions-003.json
2006-03-13,425,0000950123-06-002981,,y18291aae425.htm,CIK0000732717-submissions-003.json
2006-03-13,425,0000950123-06-002972,,y18291ze425.txt,CIK0000732717-submissions-003.json
2006-03-14,4,0001225208-06-001675,2006-03-10,xslF345X02/doc4.xml,CIK0000732717-submissions-003.json
2006-03-14,4,0001225208-06-001674,2006-03-10,xslF345X02/doc4.xml,CIK0000732717-submissions-003.json
2006-03-14,4,0001225208-06-001673,2006-03-10,xslF345X02/doc4.xml,CIK0000732717-submissions-003.json
2006-03-14,4,0001225208-06-001672,2006-03-10,xslF345X02/doc4.xml,CIK0000732717-submissions-003.json
2006-03-14,4,0001225208-06-001671,2006-03-10,xslF345X02/doc4.xml,CIK0000732717-submissions-003.json
2006-03-14,4,0001225208-06-001670,2006-03-10,xslF345X02/doc4.xml,CIK0000732717-submissions-003.json
2006-03-14,4,0001225208-06-001669,2006-03-10,xslF345X02/doc4.xml,CIK0000732717-submissions-003.json
2006-03-14,4,0001225208-06-001668,2006-03-10,xslF345X02/doc4.xml,CIK0000732717-submissions-003.json
2006-03-15,425,0000950123-06-003194,,y18291afe425.htm,CIK0000732717-submissions-003.json
2006-03-31,S-4,0000950123-06-004024,,y34320sv4.htm,CIK0000732717-submissions-003.json
2006-04-03,425,0001104659-06-021696,,a06-8283_3425.htm,CIK0000732717-submissions-003.json
2006-04-03,425,0001104659-06-021694,,a06-8283_2425.htm,CIK0000732717-submissions-003.json
2006-04-03,425,0001104659-06-021693,,a06-8283_1425.htm,CIK0000732717-submissions-003.json
2006-04-04,4,0001225208-06-002061,2006-03-31,xslF345X02/doc4.xml,CIK0000732717-submissions-003.json
2006-04-04,4,0001225208-06-002059,2006-03-31,xslF345X02/doc4.xml,CIK0000732717-submissions-003.json
2006-04-04,4,0001225208-06-002058,2006-03-31,xslF345X02/doc4.xml,CIK0000732717-submissions-003.json
2006-04-04,4,0001225208-06-002057,2006-03-31,xslF345X02/doc4.xml,CIK0000732717-submissions-003.json
2006-04-04,4,0001225208-06-002055,2006-03-31,xslF345X02/doc4.xml,CIK0000732717-submissions-003.json
2006-04-04,4,0001225208-06-002056,2006-03-31,xslF345X02/doc4.xml,CIK0000732717-submissions-003.json
2006-04-04,4,0001225208-06-002054,2006-03-31,xslF345X02/doc4.xml,CIK0000732717-submissions-003.json
2006-04-04,4,0001225208-06-002053,2006-03-31,xslF345X02/doc4.xml,CIK0000732717-submissions-003.json
2006-04-04,4,0001225208-06-002052,2006-03-31,xslF345X02/doc4.xml,CIK0000732717-submissions-003.json
2006-04-04,4,0001225208-06-002051,2006-03-31,xslF345X02/doc4.xml,CIK0000732717-submissions-003.json
2006-04-04,4,0001225208-06-002050,2006-03-31,xslF345X02/doc4.xml,CIK0000732717-submissions-003.json
2006-04-04,4,0001225208-06-002049,2006-03-31,xslF345X02/doc4.xml,CIK0000732717-submissions-003.json
2006-04-04,4,0001225208-06-002048,2006-03-31,xslF345X02/doc4.xml,CIK0000732717-submissions-003.json
2006-04-04,4,0001225208-06-002047,2006-03-31,xslF345X02/doc4.xml,CIK0000732717-submissions-003.json
2006-04-06,425,0001104659-06-023110,,a06-8316_2425.htm,CIK0000732717-submissions-003.json
2006-04-06,425,0001104659-06-023104,,a06-8316_1425.htm,CIK0000732717-submissions-003.json
2006-04-14,8-K,0000732717-06-000010,2006-04-14,apr14_8k.htm,CIK0000732717-submissions-003.json
2006-04-19,425,0001104659-06-026038,,a06-10043_1425.htm,CIK0000732717-submissions-003.json
2006-04-21,425,0001104659-06-026684,,a06-10211_2425.htm,CIK0000732717-submissions-003.json
2006-04-21,425,0001104659-06-026603,,a06-10211_1425.htm,CIK0000732717-submissions-003.json
2006-04-24,425,0001104659-06-027034,,a06-10317_3425.htm,CIK0000732717-submissions-003.json
2006-04-24,425,0001104659-06-027030,,a06-10317_2425.htm,CIK0000732717-submissions-003.json
2006-04-24,425,0001104659-06-027028,,a06-10317_1425.htm,CIK0000732717-submissions-003.json
2006-04-25,425,0001104659-06-027477,,a06-10413_3425.htm,CIK0000732717-submissions-003.json
2006-04-25,425,0001104659-06-027349,,a06-10413_1425.htm,CIK0000732717-submissions-003.json
2006-04-25,8-K,0000732717-06-000013,2006-03-31,q1earn.htm,CIK0000732717-submissions-003.json
2006-04-26,425,0001104659-06-027915,,a06-10413_2425.htm,CIK0000732717-submissions-003.json
2006-04-28,4,0001225208-06-002318,2006-04-26,xslF345X02/doc4.xml,CIK0000732717-submissions-003.json
2006-04-28,425,0001104659-06-029090,,a06-10413_4425.htm,CIK0000732717-submissions-003.json
2006-05-02,4,0001225208-06-002463,2006-04-28,xslF345X02/doc4.xml,CIK0000732717-submissions-003.json
2006-05-02,4,0001225208-06-002462,2006-04-28,xslF345X02/doc4.xml,CIK0000732717-submissions-003.json
2006-05-02,4,0001225208-06-002461,2006-04-28,xslF345X02/doc4.xml,CIK0000732717-submissions-003.json
2006-05-02,4,0001225208-06-002460,2006-04-28,xslF345X02/doc4.xml,CIK0000732717-submissions-003.json
2006-05-02,4,0001225208-06-002453,2006-04-28,xslF345X02/doc4.xml,CIK0000732717-submissions-003.json
2006-05-02,4,0001225208-06-002452,2006-04-28,xslF345X02/doc4.xml,CIK0000732717-submissions-003.json
2006-05-02,4,0001225208-06-002451,2006-04-28,xslF345X02/doc4.xml,CIK0000732717-submissions-003.json
2006-05-02,4,0001225208-06-002450,2006-04-28,xslF345X02/doc4.xml,CIK0000732717-submissions-003.json
2006-05-02,4,0001225208-06-002449,2006-04-28,xslF345X02/doc4.xml,CIK0000732717-submissions-003.json
2006-05-02,4,0001225208-06-002448,2006-04-28,xslF345X02/doc4.xml,CIK0000732717-submissions-003.json
2006-05-02,4,0001225208-06-002447,2006-04-28,xslF345X02/doc4.xml,CIK0000732717-submissions-003.json
2006-05-02,4,0001225208-06-002446,2006-04-28,xslF345X02/doc4.xml,CIK0000732717-submissions-003.json
2006-05-02,4,0001225208-06-002445,2006-04-28,xslF345X02/doc4.xml,CIK0000732717-submissions-003.json
2006-05-02,4,0001225208-06-002444,2006-04-28,xslF345X02/doc4.xml,CIK0000732717-submissions-003.json
2006-05-02,4,0001225208-06-002443,2006-04-28,xslF345X02/doc4.xml,CIK0000732717-submissions-003.json
2006-05-02,4,0001225208-06-002442,2006-04-28,xslF345X02/doc4.xml,CIK0000732717-submissions-003.json
2006-05-02,4,0001225208-06-002441,2006-04-28,xslF345X02/doc4.xml,CIK0000732717-submissions-003.json
2006-05-02,4,0001225208-06-002440,2006-04-28,xslF345X02/doc4.xml,CIK0000732717-submissions-003.json
2006-05-02,4,0001225208-06-002439,2006-04-28,xslF345X02/doc4.xml,CIK0000732717-submissions-003.json
2006-05-02,4,0001225208-06-002438,2006-04-28,xslF345X02/doc4.xml,CIK0000732717-submissions-003.json
2006-05-02,4,0001225208-06-002437,2006-04-28,xslF345X02/doc4.xml,CIK0000732717-submissions-003.json
2006-05-02,4,0001225208-06-002436,2006-04-28,xslF345X02/doc4.xml,CIK0000732717-submissions-003.json
2006-05-02,4,0001225208-06-002435,2006-04-28,xslF345X02/doc4.xml,CIK0000732717-submissions-003.json
2006-05-02,4,0001225208-06-002434,2006-04-28,xslF345X02/doc4.xml,CIK0000732717-submissions-003.json
2006-05-02,4,0001225208-06-002433,2006-04-28,xslF345X02/doc4.xml,CIK0000732717-submissions-003.json
2006-05-04,8-K,0001193125-06-100287,2006-04-28,d8k.htm,CIK0000732717-submissions-003.json
2006-05-05,10-Q,0000732717-06-000018,2006-03-31,att_1q.htm,CIK0000732717-submissions-003.json
2006-05-05,4,0001225208-06-002559,2006-05-04,xslF345X02/doc4.xml,CIK0000732717-submissions-003.json
2006-05-08,425,0001104659-06-032040,,a06-11356_1425.htm,CIK0000732717-submissions-003.json
2006-05-09,425,0001104659-06-032562,,a06-11546_1425.htm,CIK0000732717-submissions-003.json
2006-05-09,425,0001104659-06-032212,,a06-11427_1425.htm,CIK0000732717-submissions-003.json
2006-05-09,8-K,0000732717-06-000022,2006-05-08,ltspd_8k.htm,CIK0000732717-submissions-003.json
2006-05-10,S-4/A,0000950123-06-006113,,y34320a1sv4za.htm,CIK0000732717-submissions-003.json
2006-05-11,425,0000950123-06-006119,,y21116e8vk.htm,CIK0000732717-submissions-003.json
2006-05-11,8-K,0000950123-06-006118,2006-05-10,y21116e8vk.htm,CIK0000732717-submissions-003.json
2006-05-16,FWP,0000950134-06-010049,,d35815fwfwp.htm,CIK0000732717-submissions-003.json
2006-05-17,424B5,0000950134-06-010157,,d35815b5e424b5.htm,CIK0000732717-submissions-003.json
2006-05-18,UPLOAD,0000000000-06-023671,,filename1.pdf,CIK0000732717-submissions-003.json
2006-05-18,UPLOAD,0000000000-06-023663,,filename1.pdf,CIK0000732717-submissions-003.json
2006-05-19,8-K,0000950134-06-010257,2006-05-18,d36385e8vk.htm,CIK0000732717-submissions-003.json
2006-05-22,425,0001104659-06-036712,,a06-12347_3425.htm,CIK0000732717-submissions-003.json
2006-05-23,425,0001104659-06-036882,,a06-12347_4425.htm,CIK0000732717-submissions-003.json
2006-05-24,4,0001225208-06-002950,2006-05-23,xslF345X02/doc4.xml,CIK0000732717-submissions-003.json
2006-05-25,425,0001104659-06-037608,,a06-12679_1425.htm,CIK0000732717-submissions-003.json
2006-05-31,425,0001104659-06-038543,,a06-12883_2425.htm,CIK0000732717-submissions-003.json
2006-05-31,425,0001104659-06-038461,,a06-12883_1425.htm,CIK0000732717-submissions-003.json
2006-06-01,8-K,0000732717-06-000025,2006-06-01,nsa.htm,CIK0000732717-submissions-003.json
2006-06-02,4,0001225208-06-003093,2006-05-31,xslF345X02/doc4.xml,CIK0000732717-submissions-003.json
2006-06-02,4,0001225208-06-003091,2006-05-31,xslF345X02/doc4.xml,CIK0000732717-submissions-003.json
2006-06-02,4,0001225208-06-003092,2006-05-31,xslF345X02/doc4.xml,CIK0000732717-submissions-003.json
2006-06-02,4,0001225208-06-003090,2006-05-31,xslF345X02/doc4.xml,CIK0000732717-submissions-003.json
2006-06-02,4,0001225208-06-003089,2006-05-31,xslF345X02/doc4.xml,CIK0000732717-submissions-003.json
2006-06-02,4,0001225208-06-003088,2006-05-31,xslF345X02/doc4.xml,CIK0000732717-submissions-003.json
2006-06-02,4,0001225208-06-003086,2006-05-31,xslF345X02/doc4.xml,CIK0000732717-submissions-003.json
2006-06-02,4,0001225208-06-003087,2006-05-31,xslF345X02/doc4.xml,CIK0000732717-submissions-003.json
2006-06-02,4,0001225208-06-003085,2006-05-31,xslF345X02/doc4.xml,CIK0000732717-submissions-003.json
2006-06-02,4,0001225208-06-003084,2006-05-31,xslF345X02/doc4.xml,CIK0000732717-submissions-003.json
2006-06-02,CORRESP,0000950123-06-007333,,filename1.htm,CIK0000732717-submissions-003.json
2006-06-02,EFFECT,9999999995-06-000173,,xslEFFECTX01/primary_doc.xml,CIK0000732717-submissions-003.json
2006-06-02,S-4/A,0000950123-06-007322,,y34320a2sv4za.htm,CIK0000732717-submissions-003.json
2006-06-06,425,0001104659-06-040016,,a06-13219_1425.htm,CIK0000732717-submissions-003.json
2006-06-06,8-K,0000732717-06-000029,2006-03-31,q1_proforma8k.htm,CIK0000732717-submissions-003.json
2006-06-15,425,0001104659-06-041805,,a06-13846_1425.htm,CIK0000732717-submissions-003.json
2006-06-16,4,0001225208-06-003244,2006-06-15,xslF345X02/doc4.xml,CIK0000732717-submissions-003.json
2006-06-16,4,0001225208-06-003243,2006-06-15,xslF345X02/doc4.xml,CIK0000732717-submissions-003.json
2006-06-16,4,0001225208-06-003242,2006-06-15,xslF345X02/doc4.xml,CIK0000732717-submissions-003.json
2006-06-16,4,0001225208-06-003241,2006-06-15,xslF345X02/doc4.xml,CIK0000732717-submissions-003.json
2006-06-16,4,0001225208-06-003240,2006-06-15,xslF345X02/doc4.xml,CIK0000732717-submissions-003.json
2006-06-16,4,0001225208-06-003239,2006-06-15,xslF345X02/doc4.xml,CIK0000732717-submissions-003.json
2006-06-16,4,0001225208-06-003238,2006-06-15,xslF345X02/doc4.xml,CIK0000732717-submissions-003.json
2006-06-16,4,0001225208-06-003237,2006-06-15,xslF345X02/doc4.xml,CIK0000732717-submissions-003.json
2006-06-16,4,0001225208-06-003236,2006-06-15,xslF345X02/doc4.xml,CIK0000732717-submissions-003.json
2006-06-16,4,0001225208-06-003235,2006-06-15,xslF345X02/doc4.xml,CIK0000732717-submissions-003.json
2006-06-16,425,0001104659-06-042176,,a06-13963_2425.htm,CIK0000732717-submissions-003.json
2006-06-16,425,0001104659-06-042174,,a06-13963_1425.htm,CIK0000732717-submissions-003.json
2006-06-21,425,0001104659-06-042819,,a06-12347_6425.htm,CIK0000732717-submissions-003.json
2006-06-23,11-K,0000732717-06-000039,2005-12-31,att_ssp.htm,CIK0000732717-submissions-003.json
2006-06-23,11-K,0000732717-06-000038,2005-12-31,att_sp.htm,CIK0000732717-submissions-003.json
2006-06-23,11-K,0000732717-06-000037,2005-12-31,trasop.htm,CIK0000732717-submissions-003.json
2006-06-23,11-K,0000732717-06-000036,2005-12-31,paysop.htm,CIK0000732717-submissions-003.json
2006-06-23,11-K,0000732717-06-000035,2005-12-31,esop.htm,CIK0000732717-submissions-003.json
2006-06-23,425,0001104659-06-043364,,a06-12347_5425.htm,CIK0000732717-submissions-003.json
2006-06-23,425,0001104659-06-043264,,a06-12347_7425.htm,CIK0000732717-submissions-003.json
2006-06-27,11-K,0000732717-06-000049,2005-12-31,rspsp.htm,CIK0000732717-submissions-003.json
2006-06-27,11-K,0000732717-06-000048,2005-12-31,prltssp.htm,CIK0000732717-submissions-003.json
2006-06-27,11-K,0000732717-06-000047,2005-12-31,prltspme.htm,CIK0000732717-submissions-003.json
2006-06-27,11-K,0000732717-06-000046,2005-12-31,ltssp.htm,CIK0000732717-submissions-003.json
2006-06-27,11-K,0000732717-06-000045,2005-12-31,ltspme.htm,CIK0000732717-submissions-003.json
2006-06-30,S-8,0000732717-06-000051,,s2006ip.htm,CIK0000732717-submissions-003.json
2006-07-03,4,0001225208-06-003359,2006-06-30,xslF345X02/doc4.xml,CIK0000732717-submissions-003.json
2006-07-03,4,0001225208-06-003358,2006-06-30,xslF345X02/doc4.xml,CIK0000732717-submissions-003.json
2006-07-03,4,0001225208-06-003357,2006-06-30,xslF345X02/doc4.xml,CIK0000732717-submissions-003.json
2006-07-03,4,0001225208-06-003356,2006-06-30,xslF345X02/doc4.xml,CIK0000732717-submissions-003.json
2006-07-03,4,0001225208-06-003355,2006-06-30,xslF345X02/doc4.xml,CIK0000732717-submissions-003.json
2006-07-03,4,0001225208-06-003354,2006-06-30,xslF345X02/doc4.xml,CIK0000732717-submissions-003.json
2006-07-03,4,0001225208-06-003353,2006-06-30,xslF345X02/doc4.xml,CIK0000732717-submissions-003.json
2006-07-03,4,0001225208-06-003352,2006-06-30,xslF345X02/doc4.xml,CIK0000732717-submissions-003.json
2006-07-03,4,0001225208-06-003351,2006-06-30,xslF345X02/doc4.xml,CIK0000732717-submissions-003.json
2006-07-03,4,0001225208-06-003350,2006-06-30,xslF345X02/doc4.xml,CIK0000732717-submissions-003.json
2006-07-03,4,0001225208-06-003349,2006-06-30,xslF345X02/doc4.xml,CIK0000732717-submissions-003.json
2006-07-03,4,0001225208-06-003348,2006-06-30,xslF345X02/doc4.xml,CIK0000732717-submissions-003.json
2006-07-03,4,0001225208-06-003347,2006-06-30,xslF345X02/doc4.xml,CIK0000732717-submissions-003.json
2006-07-03,4,0001225208-06-003346,2006-06-30,xslF345X02/doc4.xml,CIK0000732717-submissions-003.json
2006-07-06,425,0001104659-06-045734,,a06-14999_1425.htm,CIK0000732717-submissions-003.json
2006-07-07,8-K,0000732717-06-000052,2006-06-30,director8k.htm,CIK0000732717-submissions-003.json
2006-07-12,8-K,0000732717-06-000054,2006-07-12,credfac8k.htm,CIK0000732717-submissions-003.json
2006-07-20,4,0001225208-06-003605,2006-07-19,xslF345X02/doc4.xml,CIK0000732717-submissions-003.json
2006-07-21,8-K,0000732717-06-000056,2006-07-21,bsmergervote_8k.htm,CIK0000732717-submissions-003.json
2006-07-25,8-K,0000732717-06-000059,2006-06-30,q2earn06.htm,CIK0000732717-submissions-003.json
2006-07-27,4,0001225208-06-003769,2006-07-26,xslF345X02/doc4.xml,CIK0000732717-submissions-003.json
2006-07-27,4,0001225208-06-003768,2006-07-26,xslF345X02/doc4.xml,CIK0000732717-submissions-003.json
2006-07-27,4,0001225208-06-003767,2006-07-26,xslF345X02/doc4.xml,CIK0000732717-submissions-003.json
2006-07-27,4,0001225208-06-003766,2006-07-26,xslF345X02/doc4.xml,CIK0000732717-submissions-003.json
2006-07-27,4,0001225208-06-003765,2006-07-26,xslF345X02/doc4.xml,CIK0000732717-submissions-003.json
2006-08-02,4,0001225208-06-003939,2006-07-31,xslF345X02/doc4.xml,CIK0000732717-submissions-003.json
2006-08-02,4,0001225208-06-003938,2006-07-31,xslF345X02/doc4.xml,CIK0000732717-submissions-003.json
2006-08-02,4,0001225208-06-003936,2006-07-31,xslF345X02/doc4.xml,CIK0000732717-submissions-003.json
2006-08-02,4,0001225208-06-003935,2006-07-31,xslF345X02/doc4.xml,CIK0000732717-submissions-003.json
2006-08-02,4,0001225208-06-003934,2006-07-31,xslF345X02/doc4.xml,CIK0000732717-submissions-003.json
2006-08-02,4,0001225208-06-003933,2006-07-31,xslF345X02/doc4.xml,CIK0000732717-submissions-003.json
2006-08-02,4,0001225208-06-003932,2006-07-31,xslF345X02/doc4.xml,CIK0000732717-submissions-003.json
2006-08-02,4,0001225208-06-003931,2006-07-31,xslF345X02/doc4.xml,CIK0000732717-submissions-003.json
2006-08-02,4,0001225208-06-003930,2006-07-31,xslF345X02/doc4.xml,CIK0000732717-submissions-003.json
2006-08-02,4,0001225208-06-003929,2006-07-31,xslF345X02/doc4.xml,CIK0000732717-submissions-003.json
2006-08-02,4,0001225208-06-003928,2006-07-31,xslF345X02/doc4.xml,CIK0000732717-submissions-003.json
2006-08-02,4,0001225208-06-003927,2006-07-31,xslF345X02/doc4.xml,CIK0000732717-submissions-003.json
2006-08-02,4,0001225208-06-003926,2006-07-31,xslF345X02/doc4.xml,CIK0000732717-submissions-003.json
2006-08-02,4,0001225208-06-003925,2006-07-31,xslF345X02/doc4.xml,CIK0000732717-submissions-003.json
2006-08-02,4,0001225208-06-003924,2006-07-31,xslF345X02/doc4.xml,CIK0000732717-submissions-003.json
2006-08-02,4,0001225208-06-003923,2006-07-31,xslF345X02/doc4.xml,CIK0000732717-submissions-003.json
2006-08-02,4,0001225208-06-003922,2006-07-31,xslF345X02/doc4.xml,CIK0000732717-submissions-003.json
2006-08-02,4,0001225208-06-003921,2006-07-31,xslF345X02/doc4.xml,CIK0000732717-submissions-003.json
2006-08-02,4,0001225208-06-003920,2006-07-31,xslF345X02/doc4.xml,CIK0000732717-submissions-003.json
2006-08-02,4,0001225208-06-003919,2006-07-31,xslF345X02/doc4.xml,CIK0000732717-submissions-003.json
2006-08-02,4,0001225208-06-003918,2006-07-31,xslF345X02/doc4.xml,CIK0000732717-submissions-003.json
2006-08-02,4,0001225208-06-003917,2006-07-31,xslF345X02/doc4.xml,CIK0000732717-submissions-003.json
2006-08-02,4,0001225208-06-003916,2006-07-31,xslF345X02/doc4.xml,CIK0000732717-submissions-003.json
2006-08-02,4,0001225208-06-003915,2006-07-31,xslF345X02/doc4.xml,CIK0000732717-submissions-003.json
2006-08-02,4,0001225208-06-003914,2006-07-31,xslF345X02/doc4.xml,CIK0000732717-submissions-003.json
2006-08-02,4/A,0001225208-06-003937,2006-07-26,xslF345X02/doc4a.xml,CIK0000732717-submissions-003.json
2006-08-04,10-Q,0000732717-06-000061,2006-06-30,att_2q.htm,CIK0000732717-submissions-003.json
2006-08-17,8-K,0000732717-06-000063,2006-06-30,q2_8k.htm,CIK0000732717-submissions-003.json
2006-09-05,4,0001225208-06-004400,2006-08-31,xslF345X02/doc4.xml,CIK0000732717-submissions-003.json
2006-09-05,4,0001225208-06-004399,2006-08-31,xslF345X02/doc4.xml,CIK0000732717-submissions-003.json
2006-09-05,4,0001225208-06-004398,2006-08-31,xslF345X02/doc4.xml,CIK0000732717-submissions-003.json
2006-09-05,4,0001225208-06-004397,2006-08-31,xslF345X02/doc4.xml,CIK0000732717-submissions-003.json
2006-09-05,4,0001225208-06-004396,2006-08-31,xslF345X02/doc4.xml,CIK0000732717-submissions-003.json
2006-09-05,4,0001225208-06-004395,2006-08-31,xslF345X02/doc4.xml,CIK0000732717-submissions-003.json
2006-09-05,4,0001225208-06-004394,2006-08-31,xslF345X02/doc4.xml,CIK0000732717-submissions-003.json
2006-09-05,4,0001225208-06-004393,2006-08-31,xslF345X02/doc4.xml,CIK0000732717-submissions-003.json
2006-09-05,4,0001225208-06-004392,2006-08-31,xslF345X02/doc4.xml,CIK0000732717-submissions-003.json
2006-09-05,4,0001225208-06-004391,2006-08-31,xslF345X02/doc4.xml,CIK0000732717-submissions-003.json
2006-10-02,4,0001225208-06-004770,2006-09-29,xslF345X02/doc4.xml,CIK0000732717-submissions-003.json
2006-10-02,4,0001225208-06-004769,2006-09-29,xslF345X02/doc4.xml,CIK0000732717-submissions-003.json
2006-10-02,4,0001225208-06-004768,2006-09-29,xslF345X02/doc4.xml,CIK0000732717-submissions-003.json
2006-10-02,4,0001225208-06-004767,2006-09-29,xslF345X02/doc4.xml,CIK0000732717-submissions-003.json
2006-10-02,4,0001225208-06-004766,2006-09-29,xslF345X02/doc4.xml,CIK0000732717-submissions-003.json
2006-10-02,4,0001225208-06-004765,2006-09-29,xslF345X02/doc4.xml,CIK0000732717-submissions-003.json
2006-10-02,4,0001225208-06-004764,2006-09-29,xslF345X02/doc4.xml,CIK0000732717-submissions-003.json
2006-10-02,4,0001225208-06-004763,2006-09-29,xslF345X02/doc4.xml,CIK0000732717-submissions-003.json
2006-10-02,4,0001225208-06-004762,2006-09-29,xslF345X02/doc4.xml,CIK0000732717-submissions-003.json
2006-10-02,4,0001225208-06-004761,2006-09-29,xslF345X02/doc4.xml,CIK0000732717-submissions-003.json
2006-10-02,4,0001225208-06-004760,2006-09-29,xslF345X02/doc4.xml,CIK0000732717-submissions-003.json
2006-10-02,4,0001225208-06-004759,2006-09-29,xslF345X02/doc4.xml,CIK0000732717-submissions-003.json
2006-10-02,4,0001225208-06-004758,2006-09-29,xslF345X02/doc4.xml,CIK0000732717-submissions-003.json
2006-10-02,4,0001225208-06-004757,2006-09-29,xslF345X02/doc4.xml,CIK0000732717-submissions-003.json
2006-10-05,8-K,0000732717-06-000065,2006-09-29,sevplan_8k.htm,CIK0000732717-submissions-003.json
2006-10-23,4/A,0001225208-06-005089,2005-01-07,xslF345X02/doc4a.xml,CIK0000732717-submissions-003.json
2006-10-23,8-K,0000732717-06-000072,2006-09-30,q3earn06.htm,CIK0000732717-submissions-003.json
2006-10-26,4,0001225208-06-005167,2006-10-24,xslF345X02/doc4.xml,CIK0000732717-submissions-003.json
2006-10-26,4,0001225208-06-005166,2006-10-24,xslF345X02/doc4.xml,CIK0000732717-submissions-003.json
2006-10-26,4,0001225208-06-005165,2006-10-24,xslF345X02/doc4.xml,CIK0000732717-submissions-003.json
2006-10-26,4,0001225208-06-005164,2006-10-24,xslF345X02/doc4.xml,CIK0000732717-submissions-003.json
2006-11-02,10-Q,0000732717-06-000074,2006-09-30,att_3q.htm,CIK0000732717-submissions-003.json
2006-11-02,4,0001225208-06-005352,2006-10-31,xslF345X02/doc4.xml,CIK0000732717-submissions-003.json
2006-11-02,4,0001225208-06-005351,2006-10-31,xslF345X02/doc4.xml,CIK0000732717-submissions-003.json
2006-11-02,4,0001225208-06-005350,2006-10-31,xslF345X02/doc4.xml,CIK0000732717-submissions-003.json
2006-11-02,4,0001225208-06-005349,2006-10-31,xslF345X02/doc4.xml,CIK0000732717-submissions-003.json
2006-11-02,4,0001225208-06-005348,2006-10-31,xslF345X02/doc4.xml,CIK0000732717-submissions-003.json
2006-11-02,4,0001225208-06-005347,2006-10-31,xslF345X02/doc4.xml,CIK0000732717-submissions-003.json
2006-11-02,4,0001225208-06-005346,2006-10-31,xslF345X02/doc4.xml,CIK0000732717-submissions-003.json
2006-11-02,4,0001225208-06-005345,2006-10-31,xslF345X02/doc4.xml,CIK0000732717-submissions-003.json
2006-11-02,4,0001225208-06-005344,2006-10-31,xslF345X02/doc4.xml,CIK0000732717-submissions-003.json
2006-11-02,4,0001225208-06-005343,2006-10-31,xslF345X02/doc4.xml,CIK0000732717-submissions-003.json
2006-11-02,4,0001225208-06-005342,2006-10-31,xslF345X02/doc4.xml,CIK0000732717-submissions-003.json
2006-11-02,4,0001225208-06-005341,2006-10-31,xslF345X02/doc4.xml,CIK0000732717-submissions-003.json
2006-11-02,4,0001225208-06-005340,2006-10-31,xslF345X02/doc4.xml,CIK0000732717-submissions-003.json
2006-11-02,4,0001225208-06-005339,2006-10-31,xslF345X02/doc4.xml,CIK0000732717-submissions-003.json
2006-11-02,4,0001225208-06-005338,2006-10-31,xslF345X02/doc4.xml,CIK0000732717-submissions-003.json
2006-11-02,4,0001225208-06-005337,2006-10-31,xslF345X02/doc4.xml,CIK0000732717-submissions-003.json
2006-11-02,4,0001225208-06-005336,2006-10-31,xslF345X02/doc4.xml,CIK0000732717-submissions-003.json
2006-11-02,4,0001225208-06-005335,2006-10-31,xslF345X02/doc4.xml,CIK0000732717-submissions-003.json
2006-11-02,4,0001225208-06-005334,2006-10-31,xslF345X02/doc4.xml,CIK0000732717-submissions-003.json
2006-11-02,4,0001225208-06-005333,2006-10-31,xslF345X02/doc4.xml,CIK0000732717-submissions-003.json
2006-11-02,4,0001225208-06-005332,2006-10-31,xslF345X02/doc4.xml,CIK0000732717-submissions-003.json
2006-11-02,4,0001225208-06-005331,2006-10-31,xslF345X02/doc4.xml,CIK0000732717-submissions-003.json
2006-11-02,4,0001225208-06-005330,2006-10-31,xslF345X02/doc4.xml,CIK0000732717-submissions-003.json
2006-11-02,4,0001225208-06-005329,2006-10-31,xslF345X02/doc4.xml,CIK0000732717-submissions-003.json
2006-11-02,4,0001225208-06-005328,2006-10-31,xslF345X02/doc4.xml,CIK0000732717-submissions-003.json
2006-11-08,4,0001225208-06-005444,2006-11-06,xslF345X02/doc4.xml,CIK0000732717-submissions-003.json
2006-11-08,4,0001225208-06-005443,2006-11-06,xslF345X02/doc4.xml,CIK0000732717-submissions-003.json
2006-11-17,8-K,0000732717-06-000076,2006-09-30,q3proforma8k.htm,CIK0000732717-submissions-003.json
2006-11-20,8-K,0000732717-06-000078,2006-11-17,bylaw8k.htm,CIK0000732717-submissions-003.json
2006-12-04,4,0001225208-06-006005,2006-11-30,xslF345X02/doc4.xml,CIK0000732717-submissions-003.json
2006-12-04,4,0001225208-06-006004,2006-11-30,xslF345X02/doc4.xml,CIK0000732717-submissions-003.json
2006-12-04,4,0001225208-06-006003,2006-11-30,xslF345X02/doc4.xml,CIK0000732717-submissions-003.json
2006-12-04,4,0001225208-06-006002,2006-11-30,xslF345X02/doc4.xml,CIK0000732717-submissions-003.json
2006-12-04,4,0001225208-06-006001,2006-11-30,xslF345X02/doc4.xml,CIK0000732717-submissions-003.json
2006-12-04,4,0001225208-06-006000,2006-11-30,xslF345X02/doc4.xml,CIK0000732717-submissions-003.json
2006-12-04,4,0001225208-06-005999,2006-11-30,xslF345X02/doc4.xml,CIK0000732717-submissions-003.json
2006-12-04,4,0001225208-06-005997,2006-11-30,xslF345X02/doc4.xml,CIK0000732717-submissions-003.json
2006-12-04,4,0001225208-06-005998,2006-11-30,xslF345X02/doc4.xml,CIK0000732717-submissions-003.json
2006-12-04,4,0001225208-06-005996,2006-11-30,xslF345X02/doc4.xml,CIK0000732717-submissions-003.json
2006-12-04,4,0001225208-06-005995,2006-11-30,xslF345X02/doc4.xml,CIK0000732717-submissions-003.json
2006-12-04,4,0001225208-06-005994,2006-11-30,xslF345X02/doc4.xml,CIK0000732717-submissions-003.json
2006-12-04,4,0001225208-06-005993,2006-11-30,xslF345X02/doc4.xml,CIK0000732717-submissions-003.json
2006-12-04,4,0001225208-06-005992,2006-11-30,xslF345X02/doc4.xml,CIK0000732717-submissions-003.json
2006-12-14,4/A,0001225208-06-006183,2006-11-30,xslF345X02/doc4a.xml,CIK0000732717-submissions-003.json
2006-12-29,8-K,0000950123-06-015733,2006-12-29,y28428e8vk.txt,CIK0000732717-submissions-003.json
2006-12-29,S-8,0000732717-06-000082,,s8bls.htm,CIK0000732717-submissions-003.json
2007-01-03,4,0001225208-07-000191,2006-12-29,xslF345X02/doc4.xml,CIK0000732717-submissions-003.json
2007-01-03,4,0001225208-07-000190,2006-12-29,xslF345X02/doc4.xml,CIK0000732717-submissions-003.json
2007-01-03,4,0001225208-07-000187,2006-12-29,xslF345X02/doc4.xml,CIK0000732717-submissions-003.json
2007-01-03,4,0001225208-07-000188,2006-12-29,xslF345X02/doc4.xml,CIK0000732717-submissions-003.json
2007-01-03,4,0001225208-07-000186,2006-12-29,xslF345X02/doc4.xml,CIK0000732717-submissions-003.json
2007-01-03,4,0001225208-07-000185,2006-12-29,xslF345X02/doc4.xml,CIK0000732717-submissions-003.json
2007-01-03,4,0001225208-07-000184,2006-12-29,xslF345X02/doc4.xml,CIK0000732717-submissions-003.json
2007-01-03,4,0001225208-07-000183,2006-12-29,xslF345X02/doc4.xml,CIK0000732717-submissions-003.json
2007-01-03,4,0001225208-07-000182,2006-12-29,xslF345X02/doc4.xml,CIK0000732717-submissions-003.json
2007-01-03,4,0001225208-07-000181,2006-12-29,xslF345X02/doc4.xml,CIK0000732717-submissions-003.json
2007-01-03,4,0001225208-07-000180,2006-12-29,xslF345X02/doc4.xml,CIK0000732717-submissions-003.json
2007-01-03,4,0001225208-07-000179,2006-12-29,xslF345X02/doc4.xml,CIK0000732717-submissions-003.json
2007-01-03,4,0001225208-07-000178,2006-12-29,xslF345X02/doc4.xml,CIK0000732717-submissions-003.json
2007-01-03,4,0001225208-07-000177,2006-12-29,xslF345X02/doc4.xml,CIK0000732717-submissions-003.json
2007-01-08,3,0001225208-07-000434,2006-12-29,xslF345X02/doc3.xml,CIK0000732717-submissions-003.json
2007-01-08,3,0001225208-07-000433,2006-12-29,xslF345X02/doc3.xml,CIK0000732717-submissions-003.json
2007-01-08,3,0001225208-07-000432,2006-12-29,xslF345X02/doc3.xml,CIK0000732717-submissions-003.json
2007-01-08,3,0001225208-07-000431,2006-12-29,xslF345X02/doc3.xml,CIK0000732717-submissions-003.json
2007-01-10,3/A,0001225208-07-000469,2006-12-29,xslF345X02/doc3a.xml,CIK0000732717-submissions-003.json
2007-01-10,4,0001225208-07-000475,2007-01-08,xslF345X02/doc4.xml,CIK0000732717-submissions-003.json
2007-01-10,4,0001225208-07-000474,2007-01-08,xslF345X02/doc4.xml,CIK0000732717-submissions-003.json
2007-01-10,4,0001225208-07-000473,2007-01-08,xslF345X02/doc4.xml,CIK0000732717-submissions-003.json
2007-01-24,8-K,0000950144-07-000494,2007-01-24,g05171e8vk.htm,CIK0000732717-submissions-003.json
2007-01-25,8-K,0000732717-07-000005,2007-01-25,purs_8k.htm,CIK0000732717-submissions-003.json
2007-01-25,8-K,0000732717-07-000002,2006-12-31,ye06earn8k.htm,CIK0000732717-submissions-003.json
2007-01-25,8-K/A,0001193125-07-012464,2007-01-25,d8ka.htm,CIK0000732717-submissions-003.json
2007-01-29,4,0001225208-07-000731,2007-01-25,xslF345X02/doc4.xml,CIK0000732717-submissions-003.json
2007-01-29,4,0001225208-07-000730,2007-01-25,xslF345X02/doc4.xml,CIK0000732717-submissions-003.json
2007-01-29,4,0001225208-07-000729,2007-01-25,xslF345X02/doc4.xml,CIK0000732717-submissions-003.json
2007-01-29,4,0001225208-07-000728,2007-01-25,xslF345X02/doc4.xml,CIK0000732717-submissions-003.json
2007-01-29,4,0001225208-07-000727,2007-01-25,xslF345X02/doc4.xml,CIK0000732717-submissions-003.json
2007-01-29,4,0001225208-07-000726,2007-01-25,xslF345X02/doc4.xml,CIK0000732717-submissions-003.json
2007-01-29,4,0001225208-07-000725,2007-01-25,xslF345X02/doc4.xml,CIK0000732717-submissions-003.json
2007-01-29,4,0001225208-07-000724,2007-01-26,xslF345X02/doc4.xml,CIK0000732717-submissions-003.json
2007-01-29,4,0001225208-07-000723,2007-01-25,xslF345X02/doc4.xml,CIK0000732717-submissions-003.json
2007-01-29,4,0001225208-07-000722,2007-01-25,xslF345X02/doc4.xml,CIK0000732717-submissions-003.json
2007-01-29,4,0001225208-07-000721,2007-01-25,xslF345X02/doc4.xml,CIK0000732717-submissions-003.json
2007-01-29,8-K/A,0000732717-07-000007,2006-12-29,cmteappts8k.htm,CIK0000732717-submissions-003.json
2007-01-30,4,0001225208-07-000783,2007-01-29,xslF345X02/doc4.xml,CIK0000732717-submissions-003.json
2007-01-30,4,0001225208-07-000782,2007-01-29,xslF345X02/doc4.xml,CIK0000732717-submissions-003.json
2007-01-30,8-K,0000732717-07-000010,2007-01-30,jan30_8k.htm,CIK0000732717-submissions-003.json
2007-02-01,4,0001225208-07-000922,2007-01-30,xslF345X02/doc4.xml,CIK0000732717-submissions-003.json
2007-02-01,FWP,0000950134-07-001806,,d43181fwfwp.htm,CIK0000732717-submissions-003.json
2007-02-01,FWP,0000950134-07-001805,,d43180fwfwp.htm,CIK0000732717-submissions-003.json
2007-02-02,3/A,0001225208-07-001060,2006-12-29,xslF345X02/doc3a.xml,CIK0000732717-submissions-003.json
2007-02-02,4,0001225208-07-001125,2007-01-31,xslF345X02/doc4.xml,CIK0000732717-submissions-003.json
2007-02-02,4,0001225208-07-001123,2007-01-31,xslF345X02/doc4.xml,CIK0000732717-submissions-003.json
2007-02-02,4,0001225208-07-001122,2007-01-31,xslF345X02/doc4.xml,CIK0000732717-submissions-003.json
2007-02-02,4,0001225208-07-001121,2007-01-31,xslF345X02/doc4.xml,CIK0000732717-submissions-003.json
2007-02-02,4,0001225208-07-001120,2007-01-30,xslF345X02/doc4.xml,CIK0000732717-submissions-003.json
2007-02-02,4,0001225208-07-001119,2007-01-31,xslF345X02/doc4.xml,CIK0000732717-submissions-003.json
2007-02-02,4,0001225208-07-001118,2007-01-31,xslF345X02/doc4.xml,CIK0000732717-submissions-003.json
2007-02-02,4,0001225208-07-001117,2007-01-31,xslF345X02/doc4.xml,CIK0000732717-submissions-003.json
2007-02-02,4,0001225208-07-001116,2007-01-31,xslF345X02/doc4.xml,CIK0000732717-submissions-003.json
2007-02-02,4,0001225208-07-001115,2007-01-31,xslF345X02/doc4.xml,CIK0000732717-submissions-003.json
2007-02-02,4,0001225208-07-001114,2007-01-31,xslF345X02/doc4.xml,CIK0000732717-submissions-003.json
2007-02-02,4,0001225208-07-001113,2007-01-31,xslF345X02/doc4.xml,CIK0000732717-submissions-003.json
2007-02-02,4,0001225208-07-001112,2007-01-31,xslF345X02/doc4.xml,CIK0000732717-submissions-003.json
2007-02-02,4,0001225208-07-001111,2007-01-31,xslF345X02/doc4.xml,CIK0000732717-submissions-003.json
2007-02-02,4,0001225208-07-001110,2007-01-31,xslF345X02/doc4.xml,CIK0000732717-submissions-003.json
2007-02-02,4,0001225208-07-001109,2007-01-31,xslF345X02/doc4.xml,CIK0000732717-submissions-003.json
2007-02-02,4,0001225208-07-001108,2007-01-31,xslF345X02/doc4.xml,CIK0000732717-submissions-003.json
2007-02-02,4,0001225208-07-001107,2007-01-31,xslF345X02/doc4.xml,CIK0000732717-submissions-003.json
2007-02-02,4,0001225208-07-001106,2007-01-31,xslF345X02/doc4.xml,CIK0000732717-submissions-003.json
2007-02-02,4,0001225208-07-001105,2007-01-31,xslF345X02/doc4.xml,CIK0000732717-submissions-003.json
2007-02-02,4,0001225208-07-001104,2007-01-31,xslF345X02/doc4.xml,CIK0000732717-submissions-003.json
2007-02-02,4,0001225208-07-001103,2007-01-31,xslF345X02/doc4.xml,CIK0000732717-submissions-003.json
2007-02-02,4,0001225208-07-001102,2007-01-31,xslF345X02/doc4.xml,CIK0000732717-submissions-003.json
2007-02-02,4,0001225208-07-001101,2007-01-31,xslF345X02/doc4.xml,CIK0000732717-submissions-003.json
2007-02-02,4,0001225208-07-001100,2007-01-31,xslF345X02/doc4.xml,CIK0000732717-submissions-003.json
2007-02-02,4,0001225208-07-001099,2007-01-31,xslF345X02/doc4.xml,CIK0000732717-submissions-003.json
2007-02-02,4,0001225208-07-001098,2007-01-31,xslF345X02/doc4.xml,CIK0000732717-submissions-003.json
2007-02-02,4,0001225208-07-001097,2007-01-31,xslF345X02/doc4.xml,CIK0000732717-submissions-003.json
2007-02-02,4,0001225208-07-001057,2007-01-29,xslF345X02/doc4.xml,CIK0000732717-submissions-003.json
2007-02-02,4/A,0001225208-07-001058,2007-01-26,xslF345X02/doc4a.xml,CIK0000732717-submissions-003.json
2007-02-02,424B5,0000950134-07-001901,,d43181e424b5.htm,CIK0000732717-submissions-003.json
2007-02-02,424B5,0000950134-07-001900,,d43180e424b5.htm,CIK0000732717-submissions-003.json
2007-02-06,4,0001225208-07-001192,2007-02-02,xslF345X02/doc4.xml,CIK0000732717-submissions-003.json
2007-02-06,424B5,0000950134-07-002042,,d43261b5e424b5.htm,CIK0000732717-submissions-003.json
2007-02-07,424B2,0000950134-07-002304,,d43261b2e424b2.htm,CIK0000732717-submissions-003.json
2007-02-07,8-K,0000950134-07-002240,2007-02-06,d43369e8vk.htm,CIK0000732717-submissions-003.json
2007-02-07,FWP,0000950134-07-002185,,d43261fwfwp.htm,CIK0000732717-submissions-003.json
2007-02-09,CERTNYS,9999999997-07-006288,,9999999997-07-006288.paper,CIK0000732717-submissions-003.json
2007-02-09,NO ACT,9999999997-07-008120,2006-12-11,9999999997-07-008120.paper,CIK0000732717-submissions-003.json
2007-02-12,8-A12B,0000950134-07-002788,,d43368e8va12b.htm,CIK0000732717-submissions-003.json
2007-02-12,SC 13G/A,0000732717-07-000013,,telmex13g.htm,CIK0000732717-submissions-003.json
2007-02-12,SC 13G/A,0000017283-07-000699,,edgt.txt,CIK0000732717-submissions-003.json
2007-02-13,8-K,0000950134-07-002992,2007-02-12,d43546e8vk.htm,CIK0000732717-submissions-003.json
2007-02-16,NO ACT,9999999997-07-011369,2006-12-19,9999999997-07-011369.paper,CIK0000732717-submissions-003.json
2007-02-20,4,0001225208-07-001871,2007-02-15,xslF345X02/doc4.xml,CIK0000732717-submissions-003.json
2007-02-20,4,0001225208-07-001870,2007-02-15,xslF345X02/doc4.xml,CIK0000732717-submissions-003.json
2007-02-20,4,0001225208-07-001868,2007-02-15,xslF345X02/doc4.xml,CIK0000732717-submissions-003.json
2007-02-20,4,0001225208-07-001869,2007-02-15,xslF345X02/doc4.xml,CIK0000732717-submissions-003.json
2007-02-20,4,0001225208-07-001867,2007-02-15,xslF345X02/doc4.xml,CIK0000732717-submissions-003.json
2007-02-20,4,0001225208-07-001866,2007-02-15,xslF345X02/doc4.xml,CIK0000732717-submissions-003.json
2007-02-20,4,0001225208-07-001865,2007-02-15,xslF345X02/doc4.xml,CIK0000732717-submissions-003.json
2007-02-20,4,0001225208-07-001864,2007-02-15,xslF345X02/doc4.xml,CIK0000732717-submissions-003.json
2007-02-20,4,0001225208-07-001862,2007-02-15,xslF345X02/doc4.xml,CIK0000732717-submissions-003.json
2007-02-20,4,0001225208-07-001863,2007-02-15,xslF345X02/doc4.xml,CIK0000732717-submissions-003.json
2007-02-23,4,0001225208-07-002085,2007-02-23,xslF345X02/doc4.xml,CIK0000732717-submissions-003.json
2007-02-23,4/A,0001225208-07-002086,2007-01-25,xslF345X02/doc4a.xml,CIK0000732717-submissions-003.json
2007-02-23,NO ACT,9999999997-07-008133,2006-12-15,9999999997-07-008133.paper,CIK0000732717-submissions-003.json
2007-02-26,10-K,0000732717-07-000015,2006-12-31,att10_k.htm,CIK0000732717-submissions-003.json
2007-02-27,4/A,0001225208-07-002155,2007-01-25,xslF345X02/doc4a.xml,CIK0000732717-submissions-003.json
2007-03-02,4,0001225208-07-002370,2007-02-28,xslF345X02/doc4.xml,CIK0000732717-submissions-003.json
2007-03-02,4,0001225208-07-002369,2007-02-28,xslF345X02/doc4.xml,CIK0000732717-submissions-003.json
2007-03-02,4,0001225208-07-002368,2007-03-01,xslF345X02/doc4.xml,CIK0000732717-submissions-003.json
2007-03-02,4,0001225208-07-002367,2007-02-28,xslF345X02/doc4.xml,CIK0000732717-submissions-003.json
2007-03-02,4,0001225208-07-002366,2007-02-28,xslF345X02/doc4.xml,CIK0000732717-submissions-003.json
2007-03-02,4,0001225208-07-002365,2007-02-28,xslF345X02/doc4.xml,CIK0000732717-submissions-003.json
2007-03-02,4,0001225208-07-002364,2007-02-28,xslF345X02/doc4.xml,CIK0000732717-submissions-003.json
2007-03-02,4,0001225208-07-002362,2007-02-28,xslF345X02/doc4.xml,CIK0000732717-submissions-003.json
2007-03-02,4,0001225208-07-002363,2007-02-28,xslF345X02/doc4.xml,CIK0000732717-submissions-003.json
2007-03-02,4,0001225208-07-002361,2007-02-28,xslF345X02/doc4.xml,CIK0000732717-submissions-003.json
2007-03-02,4,0001225208-07-002360,2007-02-28,xslF345X02/doc4.xml,CIK0000732717-submissions-003.json
2007-03-02,4,0001225208-07-002359,2007-02-28,xslF345X02/doc4.xml,CIK0000732717-submissions-003.json
2007-03-02,4,0001225208-07-002358,2007-02-28,xslF345X02/doc4.xml,CIK0000732717-submissions-003.json
2007-03-13,4,0001225208-07-002809,2007-03-12,xslF345X02/doc4.xml,CIK0000732717-submissions-003.json
2007-03-13,4,0001225208-07-002808,2007-03-12,xslF345X02/doc4.xml,CIK0000732717-submissions-003.json
2007-03-13,4,0001225208-07-002807,2007-03-12,xslF345X02/doc4.xml,CIK0000732717-submissions-003.json
2007-03-13,4,0001225208-07-002806,2007-03-12,xslF345X02/doc4.xml,CIK0000732717-submissions-003.json
2007-03-13,4,0001225208-07-002805,2007-03-12,xslF345X02/doc4.xml,CIK0000732717-submissions-003.json
2007-03-13,4,0001225208-07-002804,2007-03-12,xslF345X02/doc4.xml,CIK0000732717-submissions-003.json
2007-03-13,4,0001225208-07-002803,2007-03-12,xslF345X02/doc4.xml,CIK0000732717-submissions-003.json
2007-03-13,4,0001225208-07-002802,2007-03-12,xslF345X02/doc4.xml,CIK0000732717-submissions-003.json
2007-03-15,8-K,0000950134-07-005772,2007-03-15,d44609e8vk.htm,CIK0000732717-submissions-003.json
2007-03-21,SC 13D/A,0000732717-07-000018,,amdocs13d20070320.htm,CIK0000732717-submissions-003.json
2007-03-22,DEF 14A,0001193125-07-061575,2007-04-27,ddef14a.txt,CIK0000732717-submissions-003.json
2007-04-03,4,0001225208-07-003465,2007-03-30,xslF345X02/doc4.xml,CIK0000732717-submissions-003.json
2007-04-03,4,0001225208-07-003464,2007-03-30,xslF345X02/doc4.xml,CIK0000732717-submissions-003.json
2007-04-03,4,0001225208-07-003463,2007-03-30,xslF345X02/doc4.xml,CIK0000732717-submissions-003.json
2007-04-03,4,0001225208-07-003462,2007-03-30,xslF345X02/doc4.xml,CIK0000732717-submissions-003.json
2007-04-03,4,0001225208-07-003461,2007-03-30,xslF345X02/doc4.xml,CIK0000732717-submissions-003.json
2007-04-03,4,0001225208-07-003460,2007-03-30,xslF345X02/doc4.xml,CIK0000732717-submissions-003.json
2007-04-03,4,0001225208-07-003459,2007-03-30,xslF345X02/doc4.xml,CIK0000732717-submissions-003.json
2007-04-03,4,0001225208-07-003458,2007-03-30,xslF345X02/doc4.xml,CIK0000732717-submissions-003.json
2007-04-03,4,0001225208-07-003457,2007-03-30,xslF345X02/doc4.xml,CIK0000732717-submissions-003.json
2007-04-03,4,0001225208-07-003456,2007-03-30,xslF345X02/doc4.xml,CIK0000732717-submissions-003.json
2007-04-03,4,0001225208-07-003455,2007-03-30,xslF345X02/doc4.xml,CIK0000732717-submissions-003.json
2007-04-03,4,0001225208-07-003454,2007-03-30,xslF345X02/doc4.xml,CIK0000732717-submissions-003.json
2007-04-03,4,0001225208-07-003453,2007-03-30,xslF345X02/doc4.xml,CIK0000732717-submissions-003.json
2007-04-03,4,0001225208-07-003452,2007-03-30,xslF345X02/doc4.xml,CIK0000732717-submissions-003.json
2007-04-03,4,0001225208-07-003451,2007-03-30,xslF345X02/doc4.xml,CIK0000732717-submissions-003.json
2007-04-03,4,0001225208-07-003450,2007-03-30,xslF345X02/doc4.xml,CIK0000732717-submissions-003.json
2007-04-03,4,0001225208-07-003449,2007-03-30,xslF345X02/doc4.xml,CIK0000732717-submissions-003.json
2007-04-04,S-8,0000732717-07-000021,,s8401k.htm,CIK0000732717-submissions-003.json
2007-04-18,8-K,0000732717-07-000023,2007-03-31,apr_8k.htm,CIK0000732717-submissions-003.json
2007-04-24,8-K,0000732717-07-000025,2007-03-31,q1earning8k.htm,CIK0000732717-submissions-003.json
2007-04-30,8-K,0000732717-07-000028,2007-04-27,annmeet20078k.htm,CIK0000732717-submissions-003.json
2007-05-01,3,0001225208-07-004209,2007-04-27,xslF345X02/doc3.xml,CIK0000732717-submissions-003.json
2007-05-01,4,0001225208-07-004208,2007-04-27,xslF345X02/doc4.xml,CIK0000732717-submissions-003.json
2007-05-01,4,0001225208-07-004207,2007-04-27,xslF345X02/doc4.xml,CIK0000732717-submissions-003.json
2007-05-02,4,0001225208-07-004317,2007-04-30,xslF345X02/doc4.xml,CIK0000732717-submissions-003.json
2007-05-02,4,0001225208-07-004316,2007-04-30,xslF345X02/doc4.xml,CIK0000732717-submissions-003.json
2007-05-02,4,0001225208-07-004315,2007-04-30,xslF345X02/doc4.xml,CIK0000732717-submissions-003.json
2007-05-02,4,0001225208-07-004314,2007-04-30,xslF345X02/doc4.xml,CIK0000732717-submissions-003.json
2007-05-02,4,0001225208-07-004313,2007-04-30,xslF345X02/doc4.xml,CIK0000732717-submissions-003.json
2007-05-02,4,0001225208-07-004312,2007-04-30,xslF345X02/doc4.xml,CIK0000732717-submissions-003.json
2007-05-02,4,0001225208-07-004311,2007-04-30,xslF345X02/doc4.xml,CIK0000732717-submissions-003.json
2007-05-02,4,0001225208-07-004310,2007-04-30,xslF345X02/doc4.xml,CIK0000732717-submissions-003.json
2007-05-02,4,0001225208-07-004309,2007-04-30,xslF345X02/doc4.xml,CIK0000732717-submissions-003.json
2007-05-02,4,0001225208-07-004308,2007-04-30,xslF345X02/doc4.xml,CIK0000732717-submissions-003.json
2007-05-02,4,0001225208-07-004307,2007-04-30,xslF345X02/doc4.xml,CIK0000732717-submissions-003.json
2007-05-02,4,0001225208-07-004306,2007-04-30,xslF345X02/doc4.xml,CIK0000732717-submissions-003.json
2007-05-02,4,0001225208-07-004305,2007-05-01,xslF345X02/doc4.xml,CIK0000732717-submissions-003.json
2007-05-02,4,0001225208-07-004304,2007-05-01,xslF345X02/doc4.xml,CIK0000732717-submissions-003.json
2007-05-02,4,0001225208-07-004303,2007-04-30,xslF345X02/doc4.xml,CIK0000732717-submissions-003.json
2007-05-02,4,0001225208-07-004290,2007-04-30,xslF345X02/doc4.xml,CIK0000732717-submissions-003.json
2007-05-02,4,0001225208-07-004288,2007-04-30,xslF345X02/doc4.xml,CIK0000732717-submissions-003.json
2007-05-02,4,0001225208-07-004289,2007-04-30,xslF345X02/doc4.xml,CIK0000732717-submissions-003.json
2007-05-02,4,0001225208-07-004287,2007-04-30,xslF345X02/doc4.xml,CIK0000732717-submissions-003.json
2007-05-02,4,0001225208-07-004286,2007-04-30,xslF345X02/doc4.xml,CIK0000732717-submissions-003.json
2007-05-02,4,0001225208-07-004285,2007-04-30,xslF345X02/doc4.xml,CIK0000732717-submissions-003.json
2007-05-02,4,0001225208-07-004284,2007-04-30,xslF345X02/doc4.xml,CIK0000732717-submissions-003.json
2007-05-02,4,0001225208-07-004283,2007-04-30,xslF345X02/doc4.xml,CIK0000732717-submissions-003.json
2007-05-02,4,0001225208-07-004282,2007-04-30,xslF345X02/doc4.xml,CIK0000732717-submissions-003.json
2007-05-02,4,0001225208-07-004281,2007-04-30,xslF345X02/doc4.xml,CIK0000732717-submissions-003.json
2007-05-02,4,0001225208-07-004279,2007-04-30,xslF345X02/doc4.xml,CIK0000732717-submissions-003.json
2007-05-02,4,0001225208-07-004280,2007-04-30,xslF345X02/doc4.xml,CIK0000732717-submissions-003.json
2007-05-02,4,0001225208-07-004278,2007-04-30,xslF345X02/doc4.xml,CIK0000732717-submissions-003.json
2007-05-02,4,0001225208-07-004277,2007-04-30,xslF345X02/doc4.xml,CIK0000732717-submissions-003.json
2007-05-02,4,0001225208-07-004276,2007-04-30,xslF345X02/doc4.xml,CIK0000732717-submissions-003.json
2007-05-04,10-Q,0000732717-07-000030,2007-03-31,att_1q07.htm,CIK0000732717-submissions-003.json
2007-05-18,4/A,0001225208-07-005000,2007-04-30,xslF345X02/doc4a.xml,CIK0000732717-submissions-003.json
2007-05-23,S-3ASR,0001193125-07-121449,,ds3asr.htm,CIK0000732717-submissions-003.json
2007-06-01,8-K/A,0000732717-07-000038,2007-04-27,amdceopay.htm,CIK0000732717-submissions-003.json
2007-06-04,4,0001225208-07-005462,2007-05-31,xslF345X02/doc4.xml,CIK0000732717-submissions-003.json
2007-06-04,4,0001225208-07-005461,2007-05-31,xslF345X02/doc4.xml,CIK0000732717-submissions-003.json
2007-06-04,4,0001225208-07-005460,2007-05-31,xslF345X02/doc4.xml,CIK0000732717-submissions-003.json
2007-06-04,4,0001225208-07-005459,2007-05-31,xslF345X02/doc4.xml,CIK0000732717-submissions-003.json
2007-06-04,4,0001225208-07-005458,2007-05-31,xslF345X02/doc4.xml,CIK0000732717-submissions-003.json
2007-06-04,4,0001225208-07-005457,2007-05-31,xslF345X02/doc4.xml,CIK0000732717-submissions-003.json
2007-06-04,4,0001225208-07-005456,2007-05-31,xslF345X02/doc4.xml,CIK0000732717-submissions-003.json
2007-06-04,4,0001225208-07-005455,2007-05-31,xslF345X02/doc4.xml,CIK0000732717-submissions-003.json
2007-06-04,4,0001225208-07-005454,2007-05-31,xslF345X02/doc4.xml,CIK0000732717-submissions-003.json
2007-06-04,4,0001225208-07-005453,2007-05-31,xslF345X02/doc4.xml,CIK0000732717-submissions-003.json
2007-06-04,4,0001225208-07-005452,2007-05-31,xslF345X02/doc4.xml,CIK0000732717-submissions-003.json
2007-06-04,4,0001225208-07-005451,2007-05-31,xslF345X02/doc4.xml,CIK0000732717-submissions-003.json
2007-06-04,4,0001225208-07-005450,2007-05-31,xslF345X02/doc4.xml,CIK0000732717-submissions-003.json
2007-06-05,8-K,0000732717-07-000041,2007-06-01,form8k.htm,CIK0000732717-submissions-003.json
2007-06-11,3,0001225208-07-005702,2007-06-04,xslF345X02/doc3.xml,CIK0000732717-submissions-003.json
2007-06-11,3,0001225208-07-005698,2007-06-04,xslF345X02/doc3.xml,CIK0000732717-submissions-003.json
2007-06-11,3,0001225208-07-005696,2007-06-04,xslF345X02/doc3.xml,CIK0000732717-submissions-003.json
2007-06-12,3,0001225208-07-005751,2007-06-04,xslF345X02/doc3.xml,CIK0000732717-submissions-003.json
2007-06-19,4,0001225208-07-005888,2007-06-15,xslF345X02/doc4.xml,CIK0000732717-submissions-003.json
2007-06-19,4,0001225208-07-005887,2007-06-15,xslF345X02/doc4.xml,CIK0000732717-submissions-003.json
2007-06-19,4,0001225208-07-005886,2007-06-15,xslF345X02/doc4.xml,CIK0000732717-submissions-003.json
2007-06-19,4,0001225208-07-005885,2007-06-15,xslF345X02/doc4.xml,CIK0000732717-submissions-003.json
2007-06-19,4,0001225208-07-005883,2007-06-15,xslF345X02/doc4.xml,CIK0000732717-submissions-003.json
2007-06-19,4,0001225208-07-005884,2007-06-15,xslF345X02/doc4.xml,CIK0000732717-submissions-003.json
2007-06-19,4,0001225208-07-005882,2007-06-15,xslF345X02/doc4.xml,CIK0000732717-submissions-003.json
2007-06-19,4,0001225208-07-005881,2007-06-15,xslF345X02/doc4.xml,CIK0000732717-submissions-003.json
2007-06-19,4,0001225208-07-005880,2007-06-15,xslF345X02/doc4.xml,CIK0000732717-submissions-003.json
2007-06-19,4,0001225208-07-005879,2007-06-15,xslF345X02/doc4.xml,CIK0000732717-submissions-003.json
2007-06-22,11-K,0000732717-07-000056,2006-12-31,att_ssp06.htm,CIK0000732717-submissions-003.json
2007-06-22,11-K,0000732717-07-000054,2006-12-31,att_sp06.htm,CIK0000732717-submissions-003.json
2007-06-22,11-K,0000732717-07-000051,2006-12-31,ltsp06.htm,CIK0000732717-submissions-003.json
2007-06-22,11-K,0000732717-07-000050,2006-12-31,ltssp06.htm,CIK0000732717-submissions-003.json
2007-06-22,11-K,0000732717-07-000049,2006-12-31,prltsp06.htm,CIK0000732717-submissions-003.json
2007-06-22,11-K,0000732717-07-000048,2006-12-31,prltssp06.htm,CIK0000732717-submissions-003.json
2007-06-22,11-K,0000732717-07-000047,2006-12-31,rsps06.htm,CIK0000732717-submissions-003.json
2007-06-26,11-K,0000732717-07-000062,2006-12-31,trasop06.htm,CIK0000732717-submissions-003.json
2007-06-26,11-K,0000732717-07-000061,2006-12-31,paysop06.htm,CIK0000732717-submissions-003.json
2007-06-26,11-K,0000732717-07-000060,2006-12-31,esop06.htm,CIK0000732717-submissions-003.json
2007-06-29,11-K,0001193125-07-147258,2006-12-31,d11k.htm,CIK0000732717-submissions-003.json
2007-06-29,11-K,0001193125-07-147246,2006-12-31,d11k.htm,CIK0000732717-submissions-003.json
2007-07-02,4,0001225208-07-006181,2007-06-28,xslF345X02/doc4.xml,CIK0000732717-submissions-003.json
2007-07-02,4,0001225208-07-006180,2007-06-29,xslF345X02/doc4.xml,CIK0000732717-submissions-003.json
2007-07-02,4,0001225208-07-006179,2007-06-29,xslF345X02/doc4.xml,CIK0000732717-submissions-003.json
2007-07-02,4,0001225208-07-006178,2007-06-29,xslF345X02/doc4.xml,CIK0000732717-submissions-003.json
2007-07-02,4,0001225208-07-006177,2007-06-28,xslF345X02/doc4.xml,CIK0000732717-submissions-003.json
2007-07-02,4,0001225208-07-006176,2007-06-29,xslF345X02/doc4.xml,CIK0000732717-submissions-003.json
2007-07-02,4,0001225208-07-006175,2007-06-29,xslF345X02/doc4.xml,CIK0000732717-submissions-003.json
2007-07-02,4,0001225208-07-006174,2007-06-29,xslF345X02/doc4.xml,CIK0000732717-submissions-003.json
2007-07-02,4,0001225208-07-006173,2007-06-29,xslF345X02/doc4.xml,CIK0000732717-submissions-003.json
2007-07-02,4,0001225208-07-006172,2007-06-29,xslF345X02/doc4.xml,CIK0000732717-submissions-003.json
2007-07-02,4,0001225208-07-006171,2007-06-29,xslF345X02/doc4.xml,CIK0000732717-submissions-003.json
2007-07-02,4,0001225208-07-006170,2007-06-29,xslF345X02/doc4.xml,CIK0000732717-submissions-003.json
2007-07-02,4,0001225208-07-006169,2007-06-29,xslF345X02/doc4.xml,CIK0000732717-submissions-003.json
2007-07-02,4,0001225208-07-006168,2007-06-29,xslF345X02/doc4.xml,CIK0000732717-submissions-003.json
2007-07-02,4,0001225208-07-006167,2007-06-29,xslF345X02/doc4.xml,CIK0000732717-submissions-003.json
2007-07-02,4,0001225208-07-006166,2007-06-29,xslF345X02/doc4.xml,CIK0000732717-submissions-003.json
2007-07-02,4,0001225208-07-006165,2007-06-29,xslF345X02/doc4.xml,CIK0000732717-submissions-003.json
2007-07-02,8-K,0000732717-07-000066,2007-06-29,amendedbylaws.htm,CIK0000732717-submissions-003.json
2007-07-06,25-NSE,0000876661-07-000596,,xslF25X02/primary_doc.xml,CIK0000732717-submissions-003.json
2007-07-24,8-K,0000732717-07-000068,2007-06-30,q2earning8k.htm,CIK0000732717-submissions-003.json
2007-07-24,8-K/A,0000732717-07-000070,2007-06-30,q28k_a.htm,CIK0000732717-submissions-003.json
2007-07-26,4,0001225208-07-006966,2007-07-25,xslF345X02/doc4.xml,CIK0000732717-submissions-003.json
2007-07-27,4,0001225208-07-006992,2007-07-26,xslF345X02/doc4.xml,CIK0000732717-submissions-003.json
2007-08-02,4,0001225208-07-007148,2007-07-31,xslF345X02/doc4.xml,CIK0000732717-submissions-003.json
2007-08-02,4,0001225208-07-007147,2007-07-31,xslF345X02/doc4.xml,CIK0000732717-submissions-003.json
2007-08-02,4,0001225208-07-007143,2007-07-31,xslF345X02/doc4.xml,CIK0000732717-submissions-003.json
2007-08-02,4,0001225208-07-007142,2007-07-31,xslF345X02/doc4.xml,CIK0000732717-submissions-003.json
2007-08-02,4,0001225208-07-007141,2007-07-31,xslF345X02/doc4.xml,CIK0000732717-submissions-003.json
2007-08-02,4,0001225208-07-007140,2007-07-31,xslF345X02/doc4.xml,CIK0000732717-submissions-003.json
2007-08-02,4,0001225208-07-007135,2007-07-31,xslF345X02/doc4.xml,CIK0000732717-submissions-003.json
2007-08-02,4,0001225208-07-007134,2007-07-31,xslF345X02/doc4.xml,CIK0000732717-submissions-003.json
2007-08-02,4,0001225208-07-007133,2007-07-31,xslF345X02/doc4.xml,CIK0000732717-submissions-003.json
2007-08-02,4,0001225208-07-007132,2007-07-31,xslF345X02/doc4.xml,CIK0000732717-submissions-003.json
2007-08-02,4,0001225208-07-007131,2007-07-31,xslF345X02/doc4.xml,CIK0000732717-submissions-003.json
2007-08-02,4,0001225208-07-007130,2007-07-31,xslF345X02/doc4.xml,CIK0000732717-submissions-003.json
2007-08-02,4,0001225208-07-007129,2007-07-31,xslF345X02/doc4.xml,CIK0000732717-submissions-003.json
2007-08-02,4,0001225208-07-007128,2007-07-31,xslF345X02/doc4.xml,CIK0000732717-submissions-003.json
2007-08-02,4,0001225208-07-007127,2007-07-31,xslF345X02/doc4.xml,CIK0000732717-submissions-003.json
2007-08-02,4,0001225208-07-007126,2007-07-31,xslF345X02/doc4.xml,CIK0000732717-submissions-003.json
2007-08-02,4,0001225208-07-007125,2007-07-31,xslF345X02/doc4.xml,CIK0000732717-submissions-003.json
2007-08-02,4,0001225208-07-007124,2007-07-31,xslF345X02/doc4.xml,CIK0000732717-submissions-003.json
2007-08-02,4,0001225208-07-007123,2007-07-31,xslF345X02/doc4.xml,CIK0000732717-submissions-003.json
2007-08-02,4,0001225208-07-007122,2007-07-31,xslF345X02/doc4.xml,CIK0000732717-submissions-003.json
2007-08-02,4,0001225208-07-007121,2007-07-31,xslF345X02/doc4.xml,CIK0000732717-submissions-003.json
2007-08-02,4,0001225208-07-007120,2007-07-31,xslF345X02/doc4.xml,CIK0000732717-submissions-003.json
2007-08-02,4,0001225208-07-007119,2007-07-31,xslF345X02/doc4.xml,CIK0000732717-submissions-003.json
2007-08-02,4,0001225208-07-007118,2007-07-31,xslF345X02/doc4.xml,CIK0000732717-submissions-003.json
2007-08-02,4,0001225208-07-007117,2007-07-31,xslF345X02/doc4.xml,CIK0000732717-submissions-003.json
2007-08-03,10-Q,0000732717-07-000074,2007-06-30,q2form10q.htm,CIK0000732717-submissions-003.json
2007-08-06,4,0001225208-07-007313,2007-08-02,xslF345X02/doc4.xml,CIK0000732717-submissions-003.json
2007-08-06,4,0001225208-07-007312,2007-08-02,xslF345X02/doc4.xml,CIK0000732717-submissions-003.json
2007-08-28,FWP,0001193125-07-190776,,dfwp.htm,CIK0000732717-submissions-003.json
2007-08-30,424B5,0001193125-07-192889,,d424b5.htm,CIK0000732717-submissions-003.json
2007-08-31,8-K,0001193125-07-193737,2007-08-31,d8k.htm,CIK0000732717-submissions-003.json
2007-09-05,4,0001225208-07-008126,2007-08-31,xslF345X02/doc4.xml,CIK0000732717-submissions-003.json
2007-09-05,4,0001225208-07-008125,2007-08-31,xslF345X02/doc4.xml,CIK0000732717-submissions-003.json
2007-09-05,4,0001225208-07-008124,2007-08-31,xslF345X02/doc4.xml,CIK0000732717-submissions-003.json
2007-09-05,4,0001225208-07-008123,2007-08-31,xslF345X02/doc4.xml,CIK0000732717-submissions-003.json
2007-09-05,4,0001225208-07-008122,2007-08-31,xslF345X02/doc4.xml,CIK0000732717-submissions-003.json
2007-09-05,4,0001225208-07-008118,2007-08-31,xslF345X02/doc4.xml,CIK0000732717-submissions-003.json
2007-09-05,4,0001225208-07-008117,2007-08-31,xslF345X02/doc4.xml,CIK0000732717-submissions-003.json
2007-09-05,4,0001225208-07-008116,2007-08-31,xslF345X02/doc4.xml,CIK0000732717-submissions-003.json
2007-09-05,4,0001225208-07-008115,2007-08-31,xslF345X02/doc4.xml,CIK0000732717-submissions-003.json
2007-09-05,4,0001225208-07-008114,2007-08-31,xslF345X02/doc4.xml,CIK0000732717-submissions-003.json
2007-09-05,4,0001225208-07-008113,2007-08-31,xslF345X02/doc4.xml,CIK0000732717-submissions-003.json
2007-10-02,4,0001225208-07-008788,2007-09-28,xslF345X02/doc4.xml,CIK0000732717-submissions-003.json
2007-10-02,4,0001225208-07-008786,2007-09-28,xslF345X02/doc4.xml,CIK0000732717-submissions-003.json
2007-10-02,4,0001225208-07-008785,2007-09-28,xslF345X02/doc4.xml,CIK0000732717-submissions-003.json
2007-10-02,4,0001225208-07-008784,2007-09-28,xslF345X02/doc4.xml,CIK0000732717-submissions-003.json
2007-10-02,4,0001225208-07-008783,2007-09-28,xslF345X02/doc4.xml,CIK0000732717-submissions-003.json
2007-10-02,4,0001225208-07-008782,2007-09-28,xslF345X02/doc4.xml,CIK0000732717-submissions-003.json
2007-10-02,4,0001225208-07-008781,2007-09-28,xslF345X02/doc4.xml,CIK0000732717-submissions-003.json
2007-10-02,4,0001225208-07-008780,2007-09-28,xslF345X02/doc4.xml,CIK0000732717-submissions-003.json
2007-10-02,4,0001225208-07-008779,2007-09-28,xslF345X02/doc4.xml,CIK0000732717-submissions-003.json
2007-10-02,4,0001225208-07-008778,2007-09-28,xslF345X02/doc4.xml,CIK0000732717-submissions-003.json
2007-10-02,4,0001225208-07-008776,2007-09-28,xslF345X02/doc4.xml,CIK0000732717-submissions-003.json
2007-10-02,4,0001225208-07-008777,2007-09-28,xslF345X02/doc4.xml,CIK0000732717-submissions-003.json
2007-10-02,4,0001225208-07-008775,2007-09-28,xslF345X02/doc4.xml,CIK0000732717-submissions-003.json
2007-10-02,4,0001225208-07-008774,2007-09-28,xslF345X02/doc4.xml,CIK0000732717-submissions-003.json
2007-10-02,4,0001225208-07-008773,2007-09-28,xslF345X02/doc4.xml,CIK0000732717-submissions-003.json
2007-10-02,4,0001225208-07-008772,2007-09-28,xslF345X02/doc4.xml,CIK0000732717-submissions-003.json
2007-10-02,8-K,0000732717-07-000082,2007-09-30,blueskyglobal.htm,CIK0000732717-submissions-003.json
2007-10-02,8-K,0000732717-07-000081,2007-09-30,blueskyit8k.htm,CIK0000732717-submissions-003.json
2007-10-09,UPLOAD,0000000000-07-048993,,filename1.pdf,CIK0000732717-submissions-003.json
2007-10-16,8-K,0000732717-07-000084,2007-10-11,sigmanretirement8k.htm,CIK0000732717-submissions-003.json
2007-10-19,8-K,0000732717-07-000089,2007-10-15,amdmobilityplan.htm,CIK0000732717-submissions-003.json
2007-10-23,8-K,0000732717-07-000092,2007-10-23,q307_8k.htm,CIK0000732717-submissions-003.json
2007-10-31,4,0001225208-07-009470,2007-10-30,xslF345X02/doc4.xml,CIK0000732717-submissions-003.json
2007-11-02,4,0001225208-07-009647,2007-10-31,xslF345X02/doc4.xml,CIK0000732717-submissions-003.json
2007-11-02,4,0001225208-07-009646,2007-10-31,xslF345X02/doc4.xml,CIK0000732717-submissions-003.json
2007-11-02,4,0001225208-07-009645,2007-10-31,xslF345X02/doc4.xml,CIK0000732717-submissions-003.json
2007-11-02,4,0001225208-07-009644,2007-10-31,xslF345X02/doc4.xml,CIK0000732717-submissions-003.json
2007-11-02,4,0001225208-07-009643,2007-10-31,xslF345X02/doc4.xml,CIK0000732717-submissions-003.json
2007-11-02,4,0001225208-07-009642,2007-10-31,xslF345X02/doc4.xml,CIK0000732717-submissions-003.json
2007-11-02,4,0001225208-07-009641,2007-10-31,xslF345X02/doc4.xml,CIK0000732717-submissions-003.json
2007-11-02,4,0001225208-07-009640,2007-10-31,xslF345X02/doc4.xml,CIK0000732717-submissions-003.json
2007-11-02,4,0001225208-07-009639,2007-10-31,xslF345X02/doc4.xml,CIK0000732717-submissions-003.json
2007-11-02,4,0001225208-07-009638,2007-10-31,xslF345X02/doc4.xml,CIK0000732717-submissions-003.json
2007-11-02,4,0001225208-07-009637,2007-10-31,xslF345X02/doc4.xml,CIK0000732717-submissions-003.json
2007-11-02,4,0001225208-07-009636,2007-10-31,xslF345X02/doc4.xml,CIK0000732717-submissions-003.json
2007-11-02,4,0001225208-07-009635,2007-10-31,xslF345X02/doc4.xml,CIK0000732717-submissions-003.json
2007-11-02,4,0001225208-07-009634,2007-10-31,xslF345X02/doc4.xml,CIK0000732717-submissions-003.json
2007-11-02,4,0001225208-07-009633,2007-10-31,xslF345X02/doc4.xml,CIK0000732717-submissions-003.json
2007-11-02,4,0001225208-07-009632,2007-10-31,xslF345X02/doc4.xml,CIK0000732717-submissions-003.json
2007-11-02,4,0001225208-07-009631,2007-10-31,xslF345X02/doc4.xml,CIK0000732717-submissions-003.json
2007-11-02,4,0001225208-07-009630,2007-10-31,xslF345X02/doc4.xml,CIK0000732717-submissions-003.json
2007-11-02,4,0001225208-07-009629,2007-10-31,xslF345X02/doc4.xml,CIK0000732717-submissions-003.json
2007-11-02,4,0001225208-07-009628,2007-10-31,xslF345X02/doc4.xml,CIK0000732717-submissions-003.json
2007-11-02,4,0001225208-07-009627,2007-10-31,xslF345X02/doc4.xml,CIK0000732717-submissions-003.json
2007-11-02,4,0001225208-07-009626,2007-10-31,xslF345X02/doc4.xml,CIK0000732717-submissions-003.json
2007-11-02,4,0001225208-07-009625,2007-10-31,xslF345X02/doc4.xml,CIK0000732717-submissions-003.json
2007-11-02,4,0001225208-07-009624,2007-10-31,xslF345X02/doc4.xml,CIK0000732717-submissions-003.json
2007-11-06,10-Q,0000732717-07-000094,2007-09-30,attq3_10q07.htm,CIK0000732717-submissions-003.json
2007-11-15,CORRESP,0000732717-07-000097,,filename1.htm,CIK0000732717-submissions-003.json
2007-11-16,8-K,0000732717-07-000098,2007-11-15,dobson.htm,CIK0000732717-submissions-003.json
2007-11-27,8-K,0000732717-07-000100,2007-11-27,november19debt.htm,CIK0000732717-submissions-003.json
2007-11-30,CORRESP,0000732717-07-000104,,filename1.htm,CIK0000732717-submissions-003.json
2007-12-03,FWP,0001193125-07-258097,,dfwp.htm,CIK0000732717-submissions-003.json
2007-12-04,4,0001225208-07-010648,2007-11-30,xslF345X02/doc4.xml,CIK0000732717-submissions-003.json
2007-12-04,4,0001225208-07-010647,2007-11-30,xslF345X02/doc4.xml,CIK0000732717-submissions-003.json
2007-12-04,4,0001225208-07-010646,2007-11-30,xslF345X02/doc4.xml,CIK0000732717-submissions-003.json
2007-12-04,4,0001225208-07-010645,2007-11-30,xslF345X02/doc4.xml,CIK0000732717-submissions-003.json
2007-12-04,4,0001225208-07-010644,2007-11-30,xslF345X02/doc4.xml,CIK0000732717-submissions-003.json
2007-12-04,4,0001225208-07-010643,2007-11-30,xslF345X02/doc4.xml,CIK0000732717-submissions-003.json
2007-12-04,4,0001225208-07-010642,2007-11-30,xslF345X02/doc4.xml,CIK0000732717-submissions-003.json
2007-12-04,4,0001225208-07-010641,2007-11-30,xslF345X02/doc4.xml,CIK0000732717-submissions-003.json
2007-12-04,4,0001225208-07-010640,2007-11-30,xslF345X02/doc4.xml,CIK0000732717-submissions-003.json
2007-12-04,4,0001225208-07-010639,2007-11-30,xslF345X02/doc4.xml,CIK0000732717-submissions-003.json
2007-12-04,4,0001225208-07-010638,2007-11-30,xslF345X02/doc4.xml,CIK0000732717-submissions-003.json
2007-12-04,4,0001225208-07-010637,2007-11-30,xslF345X02/doc4.xml,CIK0000732717-submissions-003.json
2007-12-04,4,0001225208-07-010636,2007-11-30,xslF345X02/doc4.xml,CIK0000732717-submissions-003.json
2007-12-04,4,0001225208-07-010635,2007-11-30,xslF345X02/doc4.xml,CIK0000732717-submissions-003.json
2007-12-04,4,0001225208-07-010634,2007-11-30,xslF345X02/doc4.xml,CIK0000732717-submissions-003.json
2007-12-04,4,0001225208-07-010633,2007-11-30,xslF345X02/doc4.xml,CIK0000732717-submissions-003.json
2007-12-05,424B5,0001193125-07-259468,,d424b5.htm,CIK0000732717-submissions-003.json
2007-12-07,8-K,0001193125-07-261373,2007-12-06,d8k.htm,CIK0000732717-submissions-003.json
2007-12-12,NO ACT,9999999997-07-051541,2007-11-27,9999999997-07-051541.paper,CIK0000732717-submissions-003.json
2007-12-20,NO ACT,9999999997-08-000974,2007-11-30,9999999997-08-000974.paper,CIK0000732717-submissions-003.json
2008-01-02,NO ACT,9999999997-08-001077,2007-12-13,9999999997-08-001077.paper,CIK0000732717-submissions-003.json
2008-01-03,4,0001225208-08-000441,2007-12-31,xslF345X02/doc4.xml,CIK0000732717-submissions-003.json
2008-01-03,4,0001225208-08-000440,2007-12-31,xslF345X02/doc4.xml,CIK0000732717-submissions-003.json
2008-01-03,4,0001225208-08-000439,2007-12-31,xslF345X02/doc4.xml,CIK0000732717-submissions-003.json
2008-01-03,4,0001225208-08-000438,2007-12-31,xslF345X02/doc4.xml,CIK0000732717-submissions-003.json
2008-01-03,4,0001225208-08-000437,2007-12-31,xslF345X02/doc4.xml,CIK0000732717-submissions-003.json
2008-01-03,4,0001225208-08-000436,2007-12-31,xslF345X02/doc4.xml,CIK0000732717-submissions-003.json
2008-01-03,4,0001225208-08-000435,2007-12-31,xslF345X02/doc4.xml,CIK0000732717-submissions-003.json
2008-01-03,4,0001225208-08-000434,2007-12-31,xslF345X02/doc4.xml,CIK0000732717-submissions-003.json
2008-01-03,4,0001225208-08-000433,2007-12-31,xslF345X02/doc4.xml,CIK0000732717-submissions-003.json
2008-01-03,4,0001225208-08-000432,2007-12-31,xslF345X02/doc4.xml,CIK0000732717-submissions-003.json
2008-01-03,4,0001225208-08-000431,2007-12-31,xslF345X02/doc4.xml,CIK0000732717-submissions-003.json
2008-01-03,4,0001225208-08-000430,2007-12-31,xslF345X02/doc4.xml,CIK0000732717-submissions-003.json
2008-01-03,4,0001225208-08-000429,2007-12-31,xslF345X02/doc4.xml,CIK0000732717-submissions-003.json
2008-01-03,4,0001225208-08-000428,2007-08-02,xslF345X02/doc4.xml,CIK0000732717-submissions-003.json
2008-01-03,4,0001225208-08-000427,2007-12-31,xslF345X02/doc4.xml,CIK0000732717-submissions-003.json
2008-01-03,4,0001225208-08-000426,2007-12-31,xslF345X02/doc4.xml,CIK0000732717-submissions-003.json
2008-01-03,4,0001225208-08-000425,2007-12-31,xslF345X02/doc4.xml,CIK0000732717-submissions-003.json
2008-01-09,4,0001225208-08-000895,2008-01-07,xslF345X02/doc4.xml,CIK0000732717-submissions-003.json
2008-01-09,4,0001225208-08-000893,2008-01-07,xslF345X02/doc4.xml,CIK0000732717-submissions-003.json
2008-01-09,4,0001225208-08-000892,2008-01-07,xslF345X02/doc4.xml,CIK0000732717-submissions-003.json
2008-01-17,NO ACT,9999999997-08-003108,2007-12-10,9999999997-08-003108.paper,CIK0000732717-submissions-003.json
2008-01-18,4,0001225208-08-001336,2008-01-16,xslF345X02/doc4.xml,CIK0000732717-submissions-003.json
2008-01-24,8-K,0000732717-08-000003,2008-01-24,ye07earnings8k.htm,CIK0000732717-submissions-003.json
2008-01-25,4,0001225208-08-001557,2008-01-25,xslF345X02/doc4.xml,CIK0000732717-submissions-003.json
2008-01-28,8-K,0000732717-08-000005,2008-01-28,debt8k.htm,CIK0000732717-submissions-003.json
2008-01-29,FWP,0001193125-08-014586,,dfwp.htm,CIK0000732717-submissions-003.json
2008-01-29,UPLOAD,0000000000-08-004881,,filename1.pdf,CIK0000732717-submissions-003.json
2008-01-31,424B5,0001193125-08-017035,,d424b5.htm,CIK0000732717-submissions-003.json
2008-01-31,5,0001225208-08-001877,2007-12-31,xslF345X02/doc5.xml,CIK0000732717-submissions-003.json
2008-01-31,CORRESP,0000732717-08-000007,,filename1.htm,CIK0000732717-submissions-003.json
2008-02-01,8-K,0001193125-08-018080,2008-02-01,d8k.htm,CIK0000732717-submissions-003.json
2008-02-04,4,0001225208-08-002125,2008-01-31,xslF345X02/doc4.xml,CIK0000732717-submissions-003.json
2008-02-04,4,0001225208-08-002124,2008-01-31,xslF345X02/doc4.xml,CIK0000732717-submissions-003.json
2008-02-04,4,0001225208-08-002123,2008-01-31,xslF345X02/doc4.xml,CIK0000732717-submissions-003.json
2008-02-04,4,0001225208-08-002122,2008-01-31,xslF345X02/doc4.xml,CIK0000732717-submissions-003.json
2008-02-04,4,0001225208-08-002121,2008-01-31,xslF345X02/doc4.xml,CIK0000732717-submissions-003.json
2008-02-04,4,0001225208-08-002120,2008-01-31,xslF345X02/doc4.xml,CIK0000732717-submissions-003.json
2008-02-04,4,0001225208-08-002118,2008-01-31,xslF345X02/doc4.xml,CIK0000732717-submissions-003.json
2008-02-04,4,0001225208-08-002117,2008-01-31,xslF345X02/doc4.xml,CIK0000732717-submissions-003.json
2008-02-04,4,0001225208-08-002116,2008-01-31,xslF345X02/doc4.xml,CIK0000732717-submissions-003.json
2008-02-04,4,0001225208-08-002115,2008-01-31,xslF345X02/doc4.xml,CIK0000732717-submissions-003.json
2008-02-04,4,0001225208-08-002114,2008-01-31,xslF345X02/doc4.xml,CIK0000732717-submissions-003.json
2008-02-04,4,0001225208-08-002113,2008-02-01,xslF345X02/doc4.xml,CIK0000732717-submissions-003.json
2008-02-04,4,0001225208-08-002112,2008-01-31,xslF345X02/doc4.xml,CIK0000732717-submissions-003.json
2008-02-04,4,0001225208-08-002111,2008-01-31,xslF345X02/doc4.xml,CIK0000732717-submissions-003.json
2008-02-04,4,0001225208-08-002110,2008-01-31,xslF345X02/doc4.xml,CIK0000732717-submissions-003.json
2008-02-04,4,0001225208-08-002109,2008-01-31,xslF345X02/doc4.xml,CIK0000732717-submissions-003.json
2008-02-04,4,0001225208-08-002108,2008-01-31,xslF345X02/doc4.xml,CIK0000732717-submissions-003.json
2008-02-04,4,0001225208-08-002107,2008-01-31,xslF345X02/doc4.xml,CIK0000732717-submissions-003.json
2008-02-04,4,0001225208-08-002106,2008-01-31,xslF345X02/doc4.xml,CIK0000732717-submissions-003.json
2008-02-04,4,0001225208-08-002105,2008-01-31,xslF345X02/doc4.xml,CIK0000732717-submissions-003.json
2008-02-04,4,0001225208-08-002104,2008-01-31,xslF345X02/doc4.xml,CIK0000732717-submissions-003.json
2008-02-04,4,0001225208-08-002103,2008-01-31,xslF345X02/doc4.xml,CIK0000732717-submissions-003.json
2008-02-04,4,0001225208-08-002102,2008-01-31,xslF345X02/doc4.xml,CIK0000732717-submissions-003.json
2008-02-04,4,0001225208-08-002101,2008-01-31,xslF345X02/doc4.xml,CIK0000732717-submissions-003.json
2008-02-04,4,0001225208-08-002100,2008-01-31,xslF345X02/doc4.xml,CIK0000732717-submissions-003.json
2008-02-06,4,0001225208-08-002280,2008-02-05,xslF345X02/doc4.xml,CIK0000732717-submissions-003.json
2008-02-06,4/A,0001225208-08-002281,2008-01-31,xslF345X02/doc4a.xml,CIK0000732717-submissions-003.json
2008-02-07,NO ACT,9999999997-08-006058,2007-12-18,9999999997-08-006058.paper,CIK0000732717-submissions-003.json
2008-02-11,SC 13G/A,0000732717-08-000010,,ammovil.htm,CIK0000732717-submissions-003.json
2008-02-13,SC 13G/A,0000017283-08-000214,,edgt.txt,CIK0000732717-submissions-003.json
2008-02-14,SC 13G/A,0000315066-08-001384,,filing.txt,CIK0000732717-submissions-003.json
2008-02-19,4,0001225208-08-003028,2008-02-15,xslF345X02/doc4.xml,CIK0000732717-submissions-003.json
2008-02-19,4,0001225208-08-003027,2008-02-15,xslF345X02/doc4.xml,CIK0000732717-submissions-003.json
2008-02-19,4,0001225208-08-003026,2008-02-15,xslF345X02/doc4.xml,CIK0000732717-submissions-003.json
2008-02-19,4,0001225208-08-003025,2008-02-15,xslF345X02/doc4.xml,CIK0000732717-submissions-003.json
2008-02-19,4,0001225208-08-003024,2008-02-15,xslF345X02/doc4.xml,CIK0000732717-submissions-003.json
2008-02-19,4,0001225208-08-003023,2008-02-15,xslF345X02/doc4.xml,CIK0000732717-submissions-003.json
2008-02-19,4,0001225208-08-003022,2008-02-15,xslF345X02/doc4.xml,CIK0000732717-submissions-003.json
2008-02-19,4,0001225208-08-003021,2008-02-15,xslF345X02/doc4.xml,CIK0000732717-submissions-003.json
2008-02-19,4,0001225208-08-003020,2008-02-15,xslF345X02/doc4.xml,CIK0000732717-submissions-003.json
2008-02-19,NO ACT,9999999997-08-007547,2007-12-20,9999999997-08-007547.paper,CIK0000732717-submissions-003.json
2008-02-21,UPLOAD,0000000000-08-009137,,filename1.pdf,CIK0000732717-submissions-003.json
2008-02-27,10-K,0000732717-08-000012,2008-02-26,ye10k07.htm,CIK0000732717-submissions-003.json
2008-03-04,4,0001225208-08-004286,2008-02-29,xslF345X02/doc4.xml,CIK0000732717-submissions-003.json
2008-03-04,4,0001225208-08-004285,2008-02-29,xslF345X02/doc4.xml,CIK0000732717-submissions-003.json
2008-03-04,4,0001225208-08-004278,2008-02-29,xslF345X02/doc4.xml,CIK0000732717-submissions-003.json
2008-03-04,4,0001225208-08-004277,2008-02-29,xslF345X02/doc4.xml,CIK0000732717-submissions-003.json
2008-03-04,4,0001225208-08-004276,2008-02-29,xslF345X02/doc4.xml,CIK0000732717-submissions-003.json
2008-03-04,4,0001225208-08-004275,2008-02-29,xslF345X02/doc4.xml,CIK0000732717-submissions-003.json
2008-03-04,4,0001225208-08-004274,2008-02-29,xslF345X02/doc4.xml,CIK0000732717-submissions-003.json
2008-03-04,4,0001225208-08-004273,2008-02-29,xslF345X02/doc4.xml,CIK0000732717-submissions-003.json
2008-03-04,4,0001225208-08-004272,2008-02-29,xslF345X02/doc4.xml,CIK0000732717-submissions-003.json
2008-03-04,4,0001225208-08-004271,2008-02-29,xslF345X02/doc4.xml,CIK0000732717-submissions-003.json
2008-03-04,4,0001225208-08-004270,2008-02-29,xslF345X02/doc4.xml,CIK0000732717-submissions-003.json
2008-03-04,4,0001225208-08-004269,2008-02-29,xslF345X02/doc4.xml,CIK0000732717-submissions-003.json
2008-03-04,4,0001225208-08-004268,2008-02-29,xslF345X02/doc4.xml,CIK0000732717-submissions-003.json
2008-03-04,4,0001225208-08-004266,2008-02-29,xslF345X02/doc4.xml,CIK0000732717-submissions-003.json
2008-03-04,4,0001225208-08-004267,2008-02-29,xslF345X02/doc4.xml,CIK0000732717-submissions-003.json
2008-03-04,4,0001225208-08-004265,2008-02-29,xslF345X02/doc4.xml,CIK0000732717-submissions-003.json
2008-03-04,4,0001225208-08-004264,2008-02-29,xslF345X02/doc4.xml,CIK0000732717-submissions-003.json
2008-03-07,UPLOAD,0000000000-08-012115,,filename1.pdf,CIK0000732717-submissions-003.json
2008-03-11,DEF 14A,0001047469-08-002494,2008-04-25,a2182836zdef14a.htm,CIK0000732717-submissions-003.json
2008-03-11,DEFA14A,0001047469-08-002495,,a2183579zdefa14a.htm,CIK0000732717-submissions-003.json
2008-03-12,4,0001225208-08-004847,2008-03-10,xslF345X02/doc4.xml,CIK0000732717-submissions-003.json
2008-03-12,4,0001225208-08-004846,2008-03-10,xslF345X02/doc4.xml,CIK0000732717-submissions-003.json
2008-03-12,4,0001225208-08-004845,2008-03-10,xslF345X02/doc4.xml,CIK0000732717-submissions-003.json
2008-03-12,4,0001225208-08-004844,2008-03-10,xslF345X02/doc4.xml,CIK0000732717-submissions-003.json
2008-03-12,4,0001225208-08-004843,2008-03-10,xslF345X02/doc4.xml,CIK0000732717-submissions-003.json
2008-03-12,4,0001225208-08-004842,2008-03-10,xslF345X02/doc4.xml,CIK0000732717-submissions-003.json
2008-03-21,8-K,0000732717-08-000016,2008-03-20,wrlsspec_8k.htm,CIK0000732717-submissions-003.json
2008-03-27,FWP,0000950134-08-005500,,d55287fwfwp.htm,CIK0000732717-submissions-003.json
2008-03-31,424B5,0000950134-08-005745,,d55287e424b5.htm,CIK0000732717-submissions-003.json
2008-04-02,4,0001225208-08-006045,2008-03-31,xslF345X02/doc4.xml,CIK0000732717-submissions-003.json
2008-04-02,4,0001225208-08-006042,2008-03-31,xslF345X02/doc4.xml,CIK0000732717-submissions-003.json
2008-04-02,4,0001225208-08-006041,2008-03-31,xslF345X02/doc4.xml,CIK0000732717-submissions-003.json
2008-04-02,4,0001225208-08-006040,2008-03-31,xslF345X02/doc4.xml,CIK0000732717-submissions-003.json
2008-04-02,4,0001225208-08-006039,2008-03-31,xslF345X02/doc4.xml,CIK0000732717-submissions-003.json
2008-04-02,4,0001225208-08-006038,2008-03-31,xslF345X02/doc4.xml,CIK0000732717-submissions-003.json
2008-04-02,4,0001225208-08-006037,2008-03-31,xslF345X02/doc4.xml,CIK0000732717-submissions-003.json
2008-04-02,4,0001225208-08-006036,2008-03-31,xslF345X02/doc4.xml,CIK0000732717-submissions-003.json
2008-04-02,4,0001225208-08-006035,2008-03-31,xslF345X02/doc4.xml,CIK0000732717-submissions-003.json
2008-04-02,4,0001225208-08-006034,2008-03-31,xslF345X02/doc4.xml,CIK0000732717-submissions-003.json
2008-04-02,4,0001225208-08-006033,2008-03-31,xslF345X02/doc4.xml,CIK0000732717-submissions-003.json
2008-04-02,4,0001225208-08-006032,2008-03-31,xslF345X02/doc4.xml,CIK0000732717-submissions-003.json
2008-04-02,4,0001225208-08-006031,2008-03-31,xslF345X02/doc4.xml,CIK0000732717-submissions-003.json
2008-04-02,4,0001225208-08-006028,2008-03-31,xslF345X02/doc4.xml,CIK0000732717-submissions-003.json
2008-04-02,4,0001225208-08-006027,2008-03-31,xslF345X02/doc4.xml,CIK0000732717-submissions-003.json
2008-04-02,4,0001225208-08-006026,2008-03-31,xslF345X02/doc4.xml,CIK0000732717-submissions-003.json
2008-04-03,8-K,0000950134-08-005962,2008-04-02,d55514e8vk.htm,CIK0000732717-submissions-003.json
2008-04-04,8-K,0000950134-08-005984,2008-04-03,d55533e8vk.htm,CIK0000732717-submissions-003.json
2008-04-07,8-A12B,0000950134-08-006119,,d55615e8va12b.htm,CIK0000732717-submissions-003.json
2008-04-11,8-K,0000732717-08-000018,2008-04-10,creditfacility8k.htm,CIK0000732717-submissions-003.json
2008-04-18,8-K,0000732717-08-000020,2008-04-17,force8k.htm,CIK0000732717-submissions-003.json
2008-04-22,8-K,0000732717-08-000024,2008-04-22,earnings8k.htm,CIK0000732717-submissions-003.json
2008-04-23,4,0001225208-08-006941,2008-04-23,xslF345X02/doc4.xml,CIK0000732717-submissions-003.json
2008-04-24,4,0001225208-08-006963,2008-04-23,xslF345X02/doc4.xml,CIK0000732717-submissions-003.json
2008-04-30,4,0001225208-08-007340,2008-04-28,xslF345X02/doc4.xml,CIK0000732717-submissions-003.json
2008-05-02,4,0001225208-08-007662,2008-04-30,xslF345X02/doc4.xml,CIK0000732717-submissions-003.json
2008-05-02,4,0001225208-08-007661,2008-04-30,xslF345X02/doc4.xml,CIK0000732717-submissions-003.json
2008-05-02,4,0001225208-08-007660,2008-04-30,xslF345X02/doc4.xml,CIK0000732717-submissions-003.json
2008-05-02,4,0001225208-08-007659,2008-04-30,xslF345X02/doc4.xml,CIK0000732717-submissions-003.json
2008-05-02,4,0001225208-08-007658,2008-04-30,xslF345X02/doc4.xml,CIK0000732717-submissions-003.json
2008-05-02,4,0001225208-08-007657,2008-04-30,xslF345X02/doc4.xml,CIK0000732717-submissions-003.json
2008-05-02,4,0001225208-08-007656,2008-04-30,xslF345X02/doc4.xml,CIK0000732717-submissions-003.json
2008-05-02,4,0001225208-08-007655,2008-04-30,xslF345X02/doc4.xml,CIK0000732717-submissions-003.json
2008-05-02,4,0001225208-08-007654,2008-04-30,xslF345X02/doc4.xml,CIK0000732717-submissions-003.json
2008-05-02,4,0001225208-08-007653,2008-04-30,xslF345X02/doc4.xml,CIK0000732717-submissions-003.json
2008-05-02,4,0001225208-08-007652,2008-04-30,xslF345X02/doc4.xml,CIK0000732717-submissions-003.json
2008-05-02,4,0001225208-08-007651,2008-04-30,xslF345X02/doc4.xml,CIK0000732717-submissions-003.json
2008-05-02,4,0001225208-08-007650,2008-04-30,xslF345X02/doc4.xml,CIK0000732717-submissions-003.json
2008-05-02,4,0001225208-08-007649,2008-04-30,xslF345X02/doc4.xml,CIK0000732717-submissions-003.json
2008-05-02,4,0001225208-08-007648,2008-04-30,xslF345X02/doc4.xml,CIK0000732717-submissions-003.json
2008-05-02,4,0001225208-08-007646,2008-04-30,xslF345X02/doc4.xml,CIK0000732717-submissions-003.json
2008-05-02,4,0001225208-08-007645,2008-04-30,xslF345X02/doc4.xml,CIK0000732717-submissions-003.json
2008-05-02,4,0001225208-08-007644,2008-04-30,xslF345X02/doc4.xml,CIK0000732717-submissions-003.json
2008-05-02,4,0001225208-08-007643,2008-04-30,xslF345X02/doc4.xml,CIK0000732717-submissions-003.json
2008-05-02,4,0001225208-08-007642,2008-04-30,xslF345X02/doc4.xml,CIK0000732717-submissions-003.json
2008-05-02,4,0001225208-08-007641,2008-04-30,xslF345X02/doc4.xml,CIK0000732717-submissions-003.json
2008-05-02,4,0001225208-08-007640,2008-04-30,xslF345X02/doc4.xml,CIK0000732717-submissions-003.json
2008-05-02,4,0001225208-08-007639,2008-04-30,xslF345X02/doc4.xml,CIK0000732717-submissions-003.json
2008-05-02,4,0001225208-08-007638,2008-04-30,xslF345X02/doc4.xml,CIK0000732717-submissions-003.json
2008-05-07,10-Q,0000732717-08-000029,2008-05-07,att1q08.htm,CIK0000732717-submissions-003.json
2008-05-08,FWP,0000950134-08-008956,,d56705fwp.htm,CIK0000732717-submissions-003.json
2008-05-09,FWP,0000950134-08-008982,,d56705bfwp.htm,CIK0000732717-submissions-003.json
2008-05-12,424B5,0000950134-08-009132,,d56730b5e424b5.htm,CIK0000732717-submissions-003.json
2008-05-13,8-K,0000950134-08-009378,2008-05-13,d56833e8vk.htm,CIK0000732717-submissions-003.json
2008-06-03,4,0001225208-08-009878,2008-05-30,xslF345X02/doc4.xml,CIK0000732717-submissions-003.json
2008-06-03,4,0001225208-08-009877,2008-05-30,xslF345X02/doc4.xml,CIK0000732717-submissions-003.json
2008-06-03,4,0001225208-08-009876,2008-05-30,xslF345X02/doc4.xml,CIK0000732717-submissions-003.json
2008-06-03,4,0001225208-08-009875,2008-05-30,xslF345X02/doc4.xml,CIK0000732717-submissions-003.json
2008-06-03,4,0001225208-08-009874,2008-05-30,xslF345X02/doc4.xml,CIK0000732717-submissions-003.json
2008-06-03,4,0001225208-08-009873,2008-05-30,xslF345X02/doc4.xml,CIK0000732717-submissions-003.json
2008-06-03,4,0001225208-08-009871,2008-05-30,xslF345X02/doc4.xml,CIK0000732717-submissions-003.json
2008-06-03,4,0001225208-08-009872,2008-05-30,xslF345X02/doc4.xml,CIK0000732717-submissions-003.json
2008-06-03,4,0001225208-08-009870,2008-05-30,xslF345X02/doc4.xml,CIK0000732717-submissions-003.json
2008-06-03,4,0001225208-08-009869,2008-05-30,xslF345X02/doc4.xml,CIK0000732717-submissions-003.json
2008-06-18,4,0001225208-08-010493,2008-06-16,xslF345X02/doc4.xml,CIK0000732717-submissions-003.json
2008-06-18,4,0001225208-08-010492,2008-06-16,xslF345X02/doc4.xml,CIK0000732717-submissions-003.json
2008-06-18,4,0001225208-08-010491,2008-06-16,xslF345X02/doc4.xml,CIK0000732717-submissions-003.json
2008-06-18,4,0001225208-08-010490,2008-06-16,xslF345X02/doc4.xml,CIK0000732717-submissions-003.json
2008-06-18,4,0001225208-08-010489,2008-06-16,xslF345X02/doc4.xml,CIK0000732717-submissions-003.json
2008-06-18,4,0001225208-08-010488,2008-06-16,xslF345X02/doc4.xml,CIK0000732717-submissions-003.json
2008-06-18,4,0001225208-08-010487,2008-06-16,xslF345X02/doc4.xml,CIK0000732717-submissions-003.json
2008-06-18,4,0001225208-08-010486,2008-06-16,xslF345X02/doc4.xml,CIK0000732717-submissions-003.json
2008-06-18,4,0001225208-08-010485,2008-06-16,xslF345X02/doc4.xml,CIK0000732717-submissions-003.json
2008-06-20,SC 13D,0001193125-08-137497,,dsc13d.htm,CIK0000732717-submissions-003.json
2008-06-20,SC 13D,0001193125-08-137494,,dsc13d.htm,CIK0000732717-submissions-003.json
2008-06-20,SC 13D,0001193125-08-137491,,dsc13d.htm,CIK0000732717-submissions-003.json
2008-06-25,11-K,0000732717-08-000040,2007-12-31,rspsp_11k.htm,CIK0000732717-submissions-003.json
2008-06-25,11-K,0000732717-08-000039,2007-12-31,prltssp_11k.htm,CIK0000732717-submissions-003.json
2008-06-25,11-K,0000732717-08-000038,2007-12-31,prltsp_11k.htm,CIK0000732717-submissions-003.json
2008-06-25,11-K,0000732717-08-000037,2007-12-31,ltssp_11k.htm,CIK0000732717-submissions-003.json
2008-06-25,11-K,0000732717-08-000036,2007-12-31,ltsp_11k.htm,CIK0000732717-submissions-003.json
2008-06-27,11-K,0000732717-08-000053,2007-12-31,blsssp_11k.htm,CIK0000732717-submissions-003.json
2008-06-27,11-K,0000732717-08-000052,2007-12-31,blsrsp_11k.htm,CIK0000732717-submissions-003.json
2008-06-27,11-K,0000732717-08-000051,2007-12-31,attssp_11k.htm,CIK0000732717-submissions-003.json
2008-06-27,11-K,0000732717-08-000050,2007-12-31,attsp_llk.htm,CIK0000732717-submissions-003.json
2008-06-27,4,0001225208-08-010792,2008-06-26,xslF345X03/doc4.xml,CIK0000732717-submissions-003.json
2008-07-02,4,0001225208-08-011355,2008-06-30,xslF345X03/doc4.xml,CIK0000732717-submissions-003.json
2008-07-02,4,0001225208-08-011354,2008-06-30,xslF345X03/doc4.xml,CIK0000732717-submissions-003.json
2008-07-02,4,0001225208-08-011353,2008-06-30,xslF345X03/doc4.xml,CIK0000732717-submissions-003.json
2008-07-02,4,0001225208-08-011352,2008-06-30,xslF345X03/doc4.xml,CIK0000732717-submissions-003.json
2008-07-02,4,0001225208-08-011351,2008-06-30,xslF345X03/doc4.xml,CIK0000732717-submissions-003.json
2008-07-02,4,0001225208-08-011350,2008-06-30,xslF345X03/doc4.xml,CIK0000732717-submissions-003.json
2008-07-02,4,0001225208-08-011349,2008-06-30,xslF345X03/doc4.xml,CIK0000732717-submissions-003.json
2008-07-02,4,0001225208-08-011348,2008-06-30,xslF345X03/doc4.xml,CIK0000732717-submissions-003.json
2008-07-02,4,0001225208-08-011347,2008-06-30,xslF345X03/doc4.xml,CIK0000732717-submissions-003.json
2008-07-02,4,0001225208-08-011346,2008-06-30,xslF345X03/doc4.xml,CIK0000732717-submissions-003.json
2008-07-02,4,0001225208-08-011345,2008-06-30,xslF345X03/doc4.xml,CIK0000732717-submissions-003.json
2008-07-02,4,0001225208-08-011344,2008-06-30,xslF345X03/doc4.xml,CIK0000732717-submissions-003.json
2008-07-02,4,0001225208-08-011343,2008-06-30,xslF345X03/doc4.xml,CIK0000732717-submissions-003.json
2008-07-02,4,0001225208-08-011342,2008-06-30,xslF345X03/doc4.xml,CIK0000732717-submissions-003.json
2008-07-23,8-K,0000732717-08-000056,2008-07-23,earnings8k.htm,CIK0000732717-submissions-003.json
2008-08-04,4,0001225208-08-013012,2008-07-31,xslF345X03/doc4.xml,CIK0000732717-submissions-003.json
2008-08-04,4,0001225208-08-013011,2008-07-31,xslF345X03/doc4.xml,CIK0000732717-submissions-003.json
2008-08-04,4,0001225208-08-013010,2008-07-31,xslF345X03/doc4.xml,CIK0000732717-submissions-003.json
2008-08-04,4,0001225208-08-013009,2008-07-31,xslF345X03/doc4.xml,CIK0000732717-submissions-003.json
2008-08-04,4,0001225208-08-013008,2008-07-31,xslF345X03/doc4.xml,CIK0000732717-submissions-003.json
2008-08-04,4,0001225208-08-013007,2008-07-31,xslF345X03/doc4.xml,CIK0000732717-submissions-003.json
2008-08-04,4,0001225208-08-013006,2008-07-31,xslF345X03/doc4.xml,CIK0000732717-submissions-003.json
2008-08-04,4,0001225208-08-013005,2008-07-31,xslF345X03/doc4.xml,CIK0000732717-submissions-003.json
2008-08-04,4,0001225208-08-013004,2008-07-31,xslF345X03/doc4.xml,CIK0000732717-submissions-003.json
2008-08-04,4,0001225208-08-013002,2008-07-31,xslF345X03/doc4.xml,CIK0000732717-submissions-003.json
2008-08-04,4,0001225208-08-013003,2008-07-31,xslF345X03/doc4.xml,CIK0000732717-submissions-003.json
2008-08-04,4,0001225208-08-013001,2008-07-31,xslF345X03/doc4.xml,CIK0000732717-submissions-003.json
2008-08-04,4,0001225208-08-013000,2008-07-31,xslF345X03/doc4.xml,CIK0000732717-submissions-003.json
2008-08-04,4,0001225208-08-012997,2008-06-30,xslF345X03/doc4.xml,CIK0000732717-submissions-003.json
2008-08-04,4,0001225208-08-012996,2008-07-31,xslF345X03/doc4.xml,CIK0000732717-submissions-003.json
2008-08-04,4,0001225208-08-012995,2008-07-31,xslF345X03/doc4.xml,CIK0000732717-submissions-003.json
2008-08-04,4,0001225208-08-012994,2008-07-31,xslF345X03/doc4.xml,CIK0000732717-submissions-003.json
2008-08-04,4,0001225208-08-012993,2008-07-31,xslF345X03/doc4.xml,CIK0000732717-submissions-003.json
2008-08-04,4,0001225208-08-012992,2008-07-31,xslF345X03/doc4.xml,CIK0000732717-submissions-003.json
2008-08-04,4,0001225208-08-012991,2008-07-31,xslF345X03/doc4.xml,CIK0000732717-submissions-003.json
2008-08-04,4,0001225208-08-012990,2008-07-31,xslF345X03/doc4.xml,CIK0000732717-submissions-003.json
2008-08-04,4,0001225208-08-012989,2008-07-31,xslF345X03/doc4.xml,CIK0000732717-submissions-003.json
2008-08-04,4,0001225208-08-012988,2008-07-31,xslF345X03/doc4.xml,CIK0000732717-submissions-003.json
2008-08-06,10-Q,0000732717-08-000062,2008-06-30,att2q08.htm,CIK0000732717-submissions-003.json
2008-08-06,S-8,0000732717-08-000063,,s8.htm,CIK0000732717-submissions-003.json
2008-08-29,8-K,0000732717-08-000065,2008-08-29,termination8k.htm,CIK0000732717-submissions-003.json
2008-09-03,4,0001225208-08-014400,2008-08-29,xslF345X03/doc4.xml,CIK0000732717-submissions-003.json
2008-09-03,4,0001225208-08-014399,2008-08-29,xslF345X03/doc4.xml,CIK0000732717-submissions-003.json
2008-09-03,4,0001225208-08-014398,2008-08-29,xslF345X03/doc4.xml,CIK0000732717-submissions-003.json
2008-09-03,4,0001225208-08-014397,2008-08-29,xslF345X03/doc4.xml,CIK0000732717-submissions-003.json
2008-09-03,4,0001225208-08-014396,2008-08-29,xslF345X03/doc4.xml,CIK0000732717-submissions-003.json
2008-09-03,4,0001225208-08-014395,2008-08-29,xslF345X03/doc4.xml,CIK0000732717-submissions-003.json
2008-09-03,4,0001225208-08-014394,2008-08-29,xslF345X03/doc4.xml,CIK0000732717-submissions-003.json
2008-09-03,4,0001225208-08-014393,2008-08-29,xslF345X03/doc4.xml,CIK0000732717-submissions-003.json
2008-09-03,4,0001225208-08-014392,2008-08-29,xslF345X03/doc4.xml,CIK0000732717-submissions-003.json
2008-09-03,4,0001225208-08-014391,2008-08-29,xslF345X03/doc4.xml,CIK0000732717-submissions-003.json
2008-09-29,8-K,0000732717-08-000070,2008-09-26,chicopardo8k.htm,CIK0000732717-submissions-003.json
2008-10-02,4,0001225208-08-015714,2008-09-30,xslF345X03/doc4.xml,CIK0000732717-submissions-003.json
2008-10-02,4,0001225208-08-015712,2008-09-30,xslF345X03/doc4.xml,CIK0000732717-submissions-003.json
2008-10-02,4,0001225208-08-015711,2008-09-30,xslF345X03/doc4.xml,CIK0000732717-submissions-003.json
2008-10-02,4,0001225208-08-015710,2008-09-30,xslF345X03/doc4.xml,CIK0000732717-submissions-003.json
2008-10-02,4,0001225208-08-015709,2008-09-30,xslF345X03/doc4.xml,CIK0000732717-submissions-003.json
2008-10-02,4,0001225208-08-015708,2008-09-30,xslF345X03/doc4.xml,CIK0000732717-submissions-003.json
2008-10-02,4,0001225208-08-015707,2008-09-30,xslF345X03/doc4.xml,CIK0000732717-submissions-003.json
2008-10-02,4,0001225208-08-015706,2008-09-30,xslF345X03/doc4.xml,CIK0000732717-submissions-003.json
2008-10-02,4,0001225208-08-015705,2008-09-30,xslF345X03/doc4.xml,CIK0000732717-submissions-003.json
2008-10-02,4,0001225208-08-015704,2008-09-30,xslF345X03/doc4.xml,CIK0000732717-submissions-003.json
2008-10-02,4,0001225208-08-015703,2008-09-30,xslF345X03/doc4.xml,CIK0000732717-submissions-003.json
2008-10-02,4,0001225208-08-015702,2008-09-30,xslF345X03/doc4.xml,CIK0000732717-submissions-003.json
2008-10-02,4,0001225208-08-015701,2008-09-30,xslF345X03/doc4.xml,CIK0000732717-submissions-003.json
2008-10-02,4,0001225208-08-015699,2008-09-30,xslF345X03/doc4.xml,CIK0000732717-submissions-003.json
2008-10-03,3,0001225208-08-015809,2008-09-26,xslF345X02/doc3.xml,CIK0000732717-submissions-003.json
2008-10-22,8-K,0000732717-08-000072,2008-10-22,q3earnings8k.htm,CIK0000732717-submissions-003.json
2008-11-04,4,0001225208-08-017383,2008-10-31,xslF345X03/doc4.xml,CIK0000732717-submissions-003.json
2008-11-04,4,0001225208-08-017382,2008-10-31,xslF345X03/doc4.xml,CIK0000732717-submissions-003.json
2008-11-04,4,0001225208-08-017381,2008-10-31,xslF345X03/doc4.xml,CIK0000732717-submissions-003.json
2008-11-04,4,0001225208-08-017380,2008-10-31,xslF345X03/doc4.xml,CIK0000732717-submissions-003.json
2008-11-04,4,0001225208-08-017379,2008-10-31,xslF345X03/doc4.xml,CIK0000732717-submissions-003.json
2008-11-04,4,0001225208-08-017378,2008-10-31,xslF345X03/doc4.xml,CIK0000732717-submissions-003.json
2008-11-04,4,0001225208-08-017377,2008-10-31,xslF345X03/doc4.xml,CIK0000732717-submissions-003.json
2008-11-04,4,0001225208-08-017376,2008-10-31,xslF345X03/doc4.xml,CIK0000732717-submissions-003.json
2008-11-04,4,0001225208-08-017375,2008-10-31,xslF345X03/doc4.xml,CIK0000732717-submissions-003.json
2008-11-04,4,0001225208-08-017374,2008-10-31,xslF345X03/doc4.xml,CIK0000732717-submissions-003.json
2008-11-04,4,0001225208-08-017373,2008-10-31,xslF345X03/doc4.xml,CIK0000732717-submissions-003.json
2008-11-04,4,0001225208-08-017372,2008-10-31,xslF345X03/doc4.xml,CIK0000732717-submissions-003.json
2008-11-04,4,0001225208-08-017371,2008-10-31,xslF345X03/doc4.xml,CIK0000732717-submissions-003.json
2008-11-04,4,0001225208-08-017370,2008-10-31,xslF345X03/doc4.xml,CIK0000732717-submissions-003.json
2008-11-04,4,0001225208-08-017369,2008-10-31,xslF345X03/doc4.xml,CIK0000732717-submissions-003.json
2008-11-04,4,0001225208-08-017368,2008-10-31,xslF345X03/doc4.xml,CIK0000732717-submissions-003.json
2008-11-04,4,0001225208-08-017367,2008-10-31,xslF345X03/doc4.xml,CIK0000732717-submissions-003.json
2008-11-04,4,0001225208-08-017366,2008-10-31,xslF345X03/doc4.xml,CIK0000732717-submissions-003.json
2008-11-04,4,0001225208-08-017365,2008-10-31,xslF345X03/doc4.xml,CIK0000732717-submissions-003.json
2008-11-04,4,0001225208-08-017364,2008-10-31,xslF345X03/doc4.xml,CIK0000732717-submissions-003.json
2008-11-04,4,0001225208-08-017363,2008-10-31,xslF345X03/doc4.xml,CIK0000732717-submissions-003.json
2008-11-04,4,0001225208-08-017362,2008-10-31,xslF345X03/doc4.xml,CIK0000732717-submissions-003.json
2008-11-05,10-Q,0000732717-08-000074,2008-11-05,att3q08.htm,CIK0000732717-submissions-003.json
2008-11-10,8-K,0000732717-08-000076,2008-11-10,platnum8k.htm,CIK0000732717-submissions-003.json
2008-11-13,424B5,0001193125-08-235291,,d424b5.htm,CIK0000732717-submissions-003.json
2008-11-13,FWP,0001193125-08-234032,,dfwp.htm,CIK0000732717-submissions-003.json
2008-11-17,8-K,0001193125-08-237629,2008-11-17,d8k.htm,CIK0000732717-submissions-003.json
2008-11-17,SC 13D,0000950134-08-020754,,d65270sc13d.htm,CIK0000732717-submissions-003.json
2008-11-19,NO ACT,9999999997-08-047873,2008-10-07,9999999997-08-047873.paper,CIK0000732717-submissions-003.json
2008-12-02,4,0001225208-08-018872,2008-11-28,xslF345X03/doc4.xml,CIK0000732717-submissions-003.json
2008-12-02,4,0001225208-08-018871,2008-11-28,xslF345X03/doc4.xml,CIK0000732717-submissions-003.json
2008-12-02,4,0001225208-08-018870,2008-11-28,xslF345X03/doc4.xml,CIK0000732717-submissions-003.json
2008-12-02,4,0001225208-08-018869,2008-11-28,xslF345X03/doc4.xml,CIK0000732717-submissions-003.json
2008-12-02,4,0001225208-08-018868,2008-11-28,xslF345X03/doc4.xml,CIK0000732717-submissions-003.json
2008-12-02,4,0001225208-08-018867,2008-11-28,xslF345X03/doc4.xml,CIK0000732717-submissions-003.json
2008-12-02,4,0001225208-08-018866,2008-11-28,xslF345X03/doc4.xml,CIK0000732717-submissions-003.json
2008-12-02,4,0001225208-08-018865,2008-11-28,xslF345X03/doc4.xml,CIK0000732717-submissions-003.json
2008-12-02,4,0001225208-08-018864,2008-11-28,xslF345X03/doc4.xml,CIK0000732717-submissions-003.json
2008-12-02,4,0001225208-08-018863,2008-11-28,xslF345X03/doc4.xml,CIK0000732717-submissions-003.json
2008-12-02,4,0001225208-08-018862,2008-11-28,xslF345X03/doc4.xml,CIK0000732717-submissions-003.json
2008-12-02,4,0001225208-08-018861,2008-11-28,xslF345X03/doc4.xml,CIK0000732717-submissions-003.json
2008-12-02,4,0001225208-08-018860,2008-11-28,xslF345X03/doc4.xml,CIK0000732717-submissions-003.json
2008-12-02,4,0001225208-08-018859,2008-11-28,xslF345X03/doc4.xml,CIK0000732717-submissions-003.json
2008-12-04,8-K,0000732717-08-000078,2008-12-04,decemberforce8k.htm,CIK0000732717-submissions-003.json
2009-01-05,4,0001225208-09-000469,2008-12-31,xslF345X03/doc4.xml,CIK0000732717-submissions-003.json
2009-01-05,4,0001225208-09-000468,2008-12-31,xslF345X03/doc4.xml,CIK0000732717-submissions-003.json
2009-01-05,4,0001225208-09-000467,2008-12-31,xslF345X03/doc4.xml,CIK0000732717-submissions-003.json
2009-01-05,4,0001225208-09-000466,2008-12-31,xslF345X03/doc4.xml,CIK0000732717-submissions-003.json
2009-01-05,4,0001225208-09-000465,2008-12-31,xslF345X03/doc4.xml,CIK0000732717-submissions-003.json
2009-01-05,4,0001225208-09-000464,2008-12-31,xslF345X03/doc4.xml,CIK0000732717-submissions-003.json
2009-01-05,4,0001225208-09-000463,2008-12-31,xslF345X03/doc4.xml,CIK0000732717-submissions-003.json
2009-01-05,4,0001225208-09-000462,2008-12-31,xslF345X03/doc4.xml,CIK0000732717-submissions-003.json
2009-01-05,4,0001225208-09-000461,2008-12-31,xslF345X03/doc4.xml,CIK0000732717-submissions-003.json
2009-01-05,4,0001225208-09-000458,2008-12-31,xslF345X03/doc4.xml,CIK0000732717-submissions-003.json
2009-01-05,4,0001225208-09-000457,2008-12-31,xslF345X03/doc4.xml,CIK0000732717-submissions-003.json
2009-01-05,4,0001225208-09-000455,2008-12-31,xslF345X03/doc4.xml,CIK0000732717-submissions-003.json
2009-01-05,4,0001225208-09-000454,2008-12-31,xslF345X03/doc4.xml,CIK0000732717-submissions-003.json
2009-01-05,4,0001225208-09-000453,2008-12-31,xslF345X03/doc4.xml,CIK0000732717-submissions-003.json
2009-01-06,4,0001225208-09-000770,2009-01-02,xslF345X03/doc4.xml,CIK0000732717-submissions-003.json
2009-01-06,4,0001225208-09-000769,2009-01-02,xslF345X03/doc4.xml,CIK0000732717-submissions-003.json
2009-01-06,4,0001225208-09-000768,2009-01-02,xslF345X03/doc4.xml,CIK0000732717-submissions-003.json
2009-01-26,NO ACT,9999999997-09-012124,2008-12-10,9999999997-09-012124.paper,CIK0000732717-submissions-003.json
2009-01-28,8-K,0000732717-09-000005,2009-01-28,debt8k09.htm,CIK0000732717-submissions-003.json
2009-01-28,8-K,0000732717-09-000003,2009-01-28,ye08earnings8k.htm,CIK0000732717-submissions-003.json
2009-01-28,NO ACT,9999999997-09-003442,2008-12-12,9999999997-09-003442.paper,CIK0000732717-submissions-003.json
2009-01-30,FWP,0000950134-09-001471,,d66088fwfwp.htm,CIK0000732717-submissions-003.json
2009-01-30,NO ACT,9999999997-09-003440,2008-12-15,9999999997-09-003440.paper,CIK0000732717-submissions-003.json
2009-02-02,4,0001225208-09-002506,2009-01-29,xslF345X03/doc4.xml,CIK0000732717-submissions-003.json
2009-02-02,4,0001225208-09-002505,2009-01-29,xslF345X03/doc4.xml,CIK0000732717-submissions-003.json
2009-02-02,4,0001225208-09-002504,2009-01-29,xslF345X03/doc4.xml,CIK0000732717-submissions-003.json
2009-02-02,4,0001225208-09-002503,2009-01-29,xslF345X03/doc4.xml,CIK0000732717-submissions-003.json
2009-02-02,4,0001225208-09-002502,2009-01-29,xslF345X03/doc4.xml,CIK0000732717-submissions-003.json
2009-02-02,4,0001225208-09-002501,2009-01-29,xslF345X03/doc4.xml,CIK0000732717-submissions-003.json
2009-02-02,4,0001225208-09-002500,2009-01-29,xslF345X03/doc4.xml,CIK0000732717-submissions-003.json
2009-02-02,4,0001225208-09-002499,2009-01-29,xslF345X03/doc4.xml,CIK0000732717-submissions-003.json
2009-02-02,4,0001225208-09-002498,2009-01-29,xslF345X03/doc4.xml,CIK0000732717-submissions-003.json
2009-02-02,4,0001225208-09-002497,2009-01-29,xslF345X03/doc4.xml,CIK0000732717-submissions-003.json
2009-02-02,4,0001225208-09-002496,2009-01-29,xslF345X03/doc4.xml,CIK0000732717-submissions-003.json
2009-02-02,424B5,0000950134-09-001607,,d66088e424b5.htm,CIK0000732717-submissions-003.json
2009-02-02,NO ACT,9999999997-09-003645,2008-12-17,9999999997-09-003645.paper,CIK0000732717-submissions-003.json
2009-02-02,NO ACT,9999999997-09-003437,2008-12-15,9999999997-09-003437.paper,CIK0000732717-submissions-003.json
2009-02-03,4,0001225208-09-002813,2009-01-30,xslF345X03/doc4.xml,CIK0000732717-submissions-003.json
2009-02-03,4,0001225208-09-002809,2009-01-30,xslF345X03/doc4.xml,CIK0000732717-submissions-003.json
2009-02-03,4,0001225208-09-002804,2009-01-30,xslF345X03/doc4.xml,CIK0000732717-submissions-003.json
2009-02-03,4,0001225208-09-002803,2009-01-30,xslF345X03/doc4.xml,CIK0000732717-submissions-003.json
2009-02-03,4,0001225208-09-002802,2009-01-30,xslF345X03/doc4.xml,CIK0000732717-submissions-003.json
2009-02-03,4,0001225208-09-002801,2009-01-30,xslF345X03/doc4.xml,CIK0000732717-submissions-003.json
2009-02-03,4,0001225208-09-002800,2009-01-30,xslF345X03/doc4.xml,CIK0000732717-submissions-003.json
2009-02-03,4,0001225208-09-002799,2009-01-30,xslF345X03/doc4.xml,CIK0000732717-submissions-003.json
2009-02-03,4,0001225208-09-002798,2009-01-30,xslF345X03/doc4.xml,CIK0000732717-submissions-003.json
2009-02-03,4,0001225208-09-002797,2009-01-30,xslF345X03/doc4.xml,CIK0000732717-submissions-003.json
2009-02-03,4,0001225208-09-002796,2009-01-30,xslF345X03/doc4.xml,CIK0000732717-submissions-003.json
2009-02-03,4,0001225208-09-002795,2009-01-30,xslF345X03/doc4.xml,CIK0000732717-submissions-003.json
2009-02-03,4,0001225208-09-002794,2009-01-30,xslF345X03/doc4.xml,CIK0000732717-submissions-003.json
2009-02-03,4,0001225208-09-002793,2009-01-30,xslF345X03/doc4.xml,CIK0000732717-submissions-003.json
2009-02-03,4,0001225208-09-002792,2009-01-30,xslF345X03/doc4.xml,CIK0000732717-submissions-003.json
2009-02-03,4,0001225208-09-002791,2009-01-30,xslF345X03/doc4.xml,CIK0000732717-submissions-003.json
2009-02-03,4,0001225208-09-002790,2009-01-30,xslF345X03/doc4.xml,CIK0000732717-submissions-003.json
2009-02-03,4,0001225208-09-002789,2009-01-30,xslF345X03/doc4.xml,CIK0000732717-submissions-003.json
2009-02-03,4,0001225208-09-002788,2009-01-30,xslF345X03/doc4.xml,CIK0000732717-submissions-003.json
2009-02-03,4,0001225208-09-002787,2009-01-30,xslF345X03/doc4.xml,CIK0000732717-submissions-003.json
2009-02-03,4,0001225208-09-002786,2009-01-30,xslF345X03/doc4.xml,CIK0000732717-submissions-003.json
2009-02-03,4,0001225208-09-002785,2009-01-30,xslF345X03/doc4.xml,CIK0000732717-submissions-003.json
2009-02-03,4,0001225208-09-002784,2009-01-30,xslF345X03/doc4.xml,CIK0000732717-submissions-003.json
2009-02-03,4,0001225208-09-002783,2009-01-30,xslF345X03/doc4.xml,CIK0000732717-submissions-003.json
2009-02-03,8-K,0000950134-09-001694,2009-02-03,d66122e8vk.htm,CIK0000732717-submissions-003.json
2009-02-04,4,0001225208-09-003033,2009-02-02,xslF345X03/doc4.xml,CIK0000732717-submissions-003.json
2009-02-04,4,0001225208-09-003032,2009-02-02,xslF345X03/doc4.xml,CIK0000732717-submissions-003.json
2009-02-04,4,0001225208-09-003031,2009-02-02,xslF345X03/doc4.xml,CIK0000732717-submissions-003.json
2009-02-17,PRE 14A,0001193125-09-031001,2009-04-24,dpre14a.htm,CIK0000732717-submissions-003.json
2009-02-19,4,0001225208-09-004250,2009-02-17,xslF345X03/doc4.xml,CIK0000732717-submissions-003.json
2009-02-19,4,0001225208-09-004251,2009-02-17,xslF345X03/doc4.xml,CIK0000732717-submissions-003.json
2009-02-19,4,0001225208-09-004249,2009-02-17,xslF345X03/doc4.xml,CIK0000732717-submissions-003.json
2009-02-19,4,0001225208-09-004248,2009-02-17,xslF345X03/doc4.xml,CIK0000732717-submissions-003.json
2009-02-19,4,0001225208-09-004247,2009-02-17,xslF345X03/doc4.xml,CIK0000732717-submissions-003.json
2009-02-19,4,0001225208-09-004246,2009-02-17,xslF345X03/doc4.xml,CIK0000732717-submissions-003.json
2009-02-19,4,0001225208-09-004245,2009-02-17,xslF345X03/doc4.xml,CIK0000732717-submissions-003.json
2009-02-19,4,0001225208-09-004244,2009-02-17,xslF345X03/doc4.xml,CIK0000732717-submissions-003.json
2009-02-19,4,0001225208-09-004243,2009-02-18,xslF345X03/doc4.xml,CIK0000732717-submissions-003.json
2009-02-19,4,0001225208-09-004242,2009-02-17,xslF345X03/doc4.xml,CIK0000732717-submissions-003.json
2009-02-25,10-K,0000732717-09-000007,2009-02-25,ye10k08.htm,CIK0000732717-submissions-003.json
2009-02-26,4/A,0001225208-09-005139,2009-01-29,xslF345X03/doc4a.xml,CIK0000732717-submissions-003.json
2009-02-26,4/A,0001225208-09-005138,2009-01-29,xslF345X03/doc4a.xml,CIK0000732717-submissions-003.json
2009-02-26,4/A,0001225208-09-005137,2009-01-29,xslF345X03/doc4a.xml,CIK0000732717-submissions-003.json
2009-02-26,4/A,0001225208-09-005136,2009-01-29,xslF345X03/doc4a.xml,CIK0000732717-submissions-003.json
2009-02-26,4/A,0001225208-09-005135,2009-01-29,xslF345X03/doc4a.xml,CIK0000732717-submissions-003.json
2009-02-26,4/A,0001225208-09-005134,2009-01-29,xslF345X03/doc4a.xml,CIK0000732717-submissions-003.json
2009-02-26,4/A,0001225208-09-005133,2009-01-29,xslF345X03/doc4a.xml,CIK0000732717-submissions-003.json
2009-02-26,4/A,0001225208-09-005132,2009-01-29,xslF345X03/doc4a.xml,CIK0000732717-submissions-003.json
2009-02-26,4/A,0001225208-09-005131,2009-01-29,xslF345X03/doc4a.xml,CIK0000732717-submissions-003.json
2009-02-26,4/A,0001225208-09-005130,2009-01-29,xslF345X03/doc4a.xml,CIK0000732717-submissions-003.json
2009-02-26,4/A,0001225208-09-005129,2009-01-29,xslF345X03/doc4a.xml,CIK0000732717-submissions-003.json
2009-02-27,NO ACT,9999999997-09-018989,2009-02-17,9999999997-09-018989.paper,CIK0000732717-submissions-003.json
2009-03-03,4,0001225208-09-005872,2009-02-27,xslF345X03/doc4.xml,CIK0000732717-submissions-003.json
2009-03-03,4,0001225208-09-005871,2009-02-27,xslF345X03/doc4.xml,CIK0000732717-submissions-003.json
2009-03-03,4,0001225208-09-005870,2009-02-27,xslF345X03/doc4.xml,CIK0000732717-submissions-003.json
2009-03-03,4,0001225208-09-005869,2009-02-27,xslF345X03/doc4.xml,CIK0000732717-submissions-003.json
2009-03-03,4,0001225208-09-005868,2009-02-27,xslF345X03/doc4.xml,CIK0000732717-submissions-003.json
2009-03-03,4,0001225208-09-005867,2009-02-27,xslF345X03/doc4.xml,CIK0000732717-submissions-003.json
2009-03-03,4,0001225208-09-005866,2009-02-27,xslF345X03/doc4.xml,CIK0000732717-submissions-003.json
2009-03-03,4,0001225208-09-005865,2009-02-27,xslF345X03/doc4.xml,CIK0000732717-submissions-003.json
2009-03-03,4,0001225208-09-005864,2009-02-27,xslF345X03/doc4.xml,CIK0000732717-submissions-003.json
2009-03-03,4,0001225208-09-005863,2009-02-27,xslF345X03/doc4.xml,CIK0000732717-submissions-003.json
2009-03-03,4,0001225208-09-005862,2009-02-27,xslF345X03/doc4.xml,CIK0000732717-submissions-003.json
2009-03-03,4,0001225208-09-005861,2009-02-27,xslF345X03/doc4.xml,CIK0000732717-submissions-003.json
2009-03-03,4,0001225208-09-005860,2009-02-27,xslF345X03/doc4.xml,CIK0000732717-submissions-003.json
2009-03-10,ARS,9999999997-09-010363,2008-12-31,9999999997-09-010363.paper,CIK0000732717-submissions-003.json
2009-03-10,NO ACT,9999999997-09-013238,2009-02-09,9999999997-09-013238.paper,CIK0000732717-submissions-003.json
2009-03-11,4,0001225208-09-006867,2009-03-10,xslF345X03/doc4.xml,CIK0000732717-submissions-003.json
2009-03-11,4,0001225208-09-006866,2009-03-10,xslF345X03/doc4.xml,CIK0000732717-submissions-003.json
2009-03-11,4,0001225208-09-006865,2009-03-10,xslF345X03/doc4.xml,CIK0000732717-submissions-003.json
2009-03-11,4,0001225208-09-006864,2009-03-10,xslF345X03/doc4.xml,CIK0000732717-submissions-003.json
2009-03-11,4,0001225208-09-006863,2009-03-10,xslF345X03/doc4.xml,CIK0000732717-submissions-003.json
2009-03-11,4,0001225208-09-006862,2009-03-10,xslF345X03/doc4.xml,CIK0000732717-submissions-003.json
2009-03-11,4,0001225208-09-006861,2009-03-10,xslF345X03/doc4.xml,CIK0000732717-submissions-003.json
2009-03-11,DEF 14A,0001193125-09-050727,2009-04-24,ddef14a.htm,CIK0000732717-submissions-003.json
2009-03-11,DEFA14A,0001193125-09-050728,,ddefa14a.htm,CIK0000732717-submissions-003.json
2009-03-24,DEFA14A,0001193125-09-061883,,ddefa14a.htm,CIK0000732717-submissions-003.json
2009-04-02,4,0001225208-09-009693,2009-03-31,xslF345X03/doc4.xml,CIK0000732717-submissions-003.json
2009-04-02,4,0001225208-09-009692,2009-03-31,xslF345X03/doc4.xml,CIK0000732717-submissions-003.json
2009-04-02,4,0001225208-09-009691,2009-03-31,xslF345X03/doc4.xml,CIK0000732717-submissions-003.json
2009-04-02,4,0001225208-09-009690,2009-03-31,xslF345X03/doc4.xml,CIK0000732717-submissions-003.json
2009-04-02,4,0001225208-09-009688,2009-03-31,xslF345X03/doc4.xml,CIK0000732717-submissions-003.json
2009-04-02,4,0001225208-09-009687,2009-03-31,xslF345X03/doc4.xml,CIK0000732717-submissions-003.json
2009-04-02,4,0001225208-09-009686,2009-03-31,xslF345X03/doc4.xml,CIK0000732717-submissions-003.json
2009-04-02,4,0001225208-09-009685,2009-03-31,xslF345X03/doc4.xml,CIK0000732717-submissions-003.json
2009-04-02,4,0001225208-09-009684,2009-03-31,xslF345X03/doc4.xml,CIK0000732717-submissions-003.json
2009-04-02,4,0001225208-09-009683,2009-03-31,xslF345X03/doc4.xml,CIK0000732717-submissions-003.json
2009-04-02,4,0001225208-09-009682,2009-03-31,xslF345X03/doc4.xml,CIK0000732717-submissions-003.json
2009-04-02,4,0001225208-09-009681,2009-03-31,xslF345X03/doc4.xml,CIK0000732717-submissions-003.json
2009-04-02,4,0001225208-09-009680,2009-03-31,xslF345X03/doc4.xml,CIK0000732717-submissions-003.json
2009-04-02,4,0001225208-09-009679,2009-03-31,xslF345X03/doc4.xml,CIK0000732717-submissions-003.json
2009-04-02,4,0001225208-09-009678,2009-03-31,xslF345X03/doc4.xml,CIK0000732717-submissions-003.json
2009-04-02,4,0001225208-09-009677,2009-03-31,xslF345X03/doc4.xml,CIK0000732717-submissions-003.json
2009-04-10,PX14A6G,0001459734-09-000002,,attletter.txt,CIK0000732717-submissions-003.json
2009-04-22,8-K,0000732717-09-000011,2009-04-22,q109earnings8k.htm,CIK0000732717-submissions-003.json
2009-04-23,8-K,0000732717-09-000014,2009-04-22,debt042209.htm,CIK0000732717-submissions-003.json
2009-04-24,FWP,0000950134-09-008350,,d67388fwfwp.htm,CIK0000732717-submissions-003.json
2009-04-28,424B5,0000950134-09-008593,,d67388b5e424b5.htm,CIK0000732717-submissions-003.json
2009-04-30,8-K,0000950134-09-008881,2009-04-30,d67455e8vk.htm,CIK0000732717-submissions-003.json
2009-05-01,8-A12B,0000950134-09-009044,,d67483e8va12b.htm,CIK0000732717-submissions-003.json
2009-05-04,4,0001225208-09-011396,2009-04-30,xslF345X03/doc4.xml,CIK0000732717-submissions-003.json
2009-05-04,4,0001225208-09-011395,2009-04-30,xslF345X03/doc4.xml,CIK0000732717-submissions-003.json
2009-05-04,4,0001225208-09-011394,2009-04-30,xslF345X03/doc4.xml,CIK0000732717-submissions-003.json
2009-05-04,4,0001225208-09-011393,2009-04-30,xslF345X03/doc4.xml,CIK0000732717-submissions-003.json
2009-05-04,4,0001225208-09-011392,2009-04-30,xslF345X03/doc4.xml,CIK0000732717-submissions-003.json
2009-05-04,4,0001225208-09-011391,2009-04-30,xslF345X03/doc4.xml,CIK0000732717-submissions-003.json
2009-05-04,4,0001225208-09-011390,2009-04-30,xslF345X03/doc4.xml,CIK0000732717-submissions-003.json
2009-05-04,4,0001225208-09-011389,2009-04-30,xslF345X03/doc4.xml,CIK0000732717-submissions-003.json
2009-05-04,4,0001225208-09-011388,2009-04-30,xslF345X03/doc4.xml,CIK0000732717-submissions-003.json
2009-05-04,4,0001225208-09-011387,2009-04-30,xslF345X03/doc4.xml,CIK0000732717-submissions-003.json
2009-05-04,4,0001225208-09-011386,2009-04-30,xslF345X03/doc4.xml,CIK0000732717-submissions-003.json
2009-05-04,4,0001225208-09-011385,2009-04-30,xslF345X03/doc4.xml,CIK0000732717-submissions-003.json
2009-05-04,4,0001225208-09-011384,2009-04-30,xslF345X03/doc4.xml,CIK0000732717-submissions-003.json
2009-05-04,4,0001225208-09-011383,2009-04-30,xslF345X03/doc4.xml,CIK0000732717-submissions-003.json
2009-05-04,4,0001225208-09-011382,2009-04-30,xslF345X03/doc4.xml,CIK0000732717-submissions-003.json
2009-05-04,4,0001225208-09-011381,2009-04-30,xslF345X03/doc4.xml,CIK0000732717-submissions-003.json
2009-05-04,4,0001225208-09-011380,2009-04-30,xslF345X03/doc4.xml,CIK0000732717-submissions-003.json
2009-05-04,4,0001225208-09-011379,2009-04-30,xslF345X03/doc4.xml,CIK0000732717-submissions-003.json
2009-05-04,4,0001225208-09-011378,2009-04-30,xslF345X03/doc4.xml,CIK0000732717-submissions-003.json
2009-05-04,4,0001225208-09-011377,2009-04-30,xslF345X03/doc4.xml,CIK0000732717-submissions-003.json
2009-05-04,4,0001225208-09-011376,2009-04-30,xslF345X03/doc4.xml,CIK0000732717-submissions-003.json
2009-05-04,4,0001225208-09-011375,2009-04-30,xslF345X03/doc4.xml,CIK0000732717-submissions-003.json
2009-05-04,4,0001225208-09-011374,2009-04-30,xslF345X03/doc4.xml,CIK0000732717-submissions-003.json
2009-05-04,4,0001225208-09-011373,2009-04-30,xslF345X03/doc4.xml,CIK0000732717-submissions-003.json
2009-05-04,4,0001225208-09-011372,2009-04-30,xslF345X03/doc4.xml,CIK0000732717-submissions-003.json
2009-05-07,10-Q,0000732717-09-000016,2009-05-06,att1q0910q.htm,CIK0000732717-submissions-003.json
2009-05-11,8-K,0000732717-09-000019,2009-05-11,form8k_05.htm,CIK0000732717-submissions-003.json
2009-05-11,CERTNYS,9999999997-09-019205,,9999999997-09-019205.paper,CIK0000732717-submissions-003.json
2009-05-15,4,0001225208-09-012575,2009-05-13,xslF345X03/doc4.xml,CIK0000732717-submissions-003.json
2009-05-19,UPLOAD,0000000000-09-026592,,filename1.pdf,CIK0000732717-submissions-003.json
2009-05-21,4,0001225208-09-012915,2009-05-20,xslF345X03/doc4.xml,CIK0000732717-submissions-003.json
2009-05-27,4,0001225208-09-013143,2009-05-26,xslF345X03/doc4.xml,CIK0000732717-submissions-003.json
2009-05-28,CORRESP,0000732717-09-000022,,filename1.htm,CIK0000732717-submissions-003.json
2009-06-02,3/A,0001225208-09-013470,2007-06-04,xslF345X02/primary_doc.xml,CIK0000732717-submissions-003.json
2009-06-02,4,0001225208-09-013560,2009-05-29,xslF345X03/doc4.xml,CIK0000732717-submissions-003.json
2009-06-02,4,0001225208-09-013559,2009-05-29,xslF345X03/doc4.xml,CIK0000732717-submissions-003.json
2009-06-02,4,0001225208-09-013558,2009-05-29,xslF345X03/doc4.xml,CIK0000732717-submissions-003.json
2009-06-02,4,0001225208-09-013557,2009-05-29,xslF345X03/doc4.xml,CIK0000732717-submissions-003.json
2009-06-02,4,0001225208-09-013556,2009-05-29,xslF345X03/doc4.xml,CIK0000732717-submissions-003.json
2009-06-02,4,0001225208-09-013555,2009-05-29,xslF345X03/doc4.xml,CIK0000732717-submissions-003.json
2009-06-02,4,0001225208-09-013554,2009-05-29,xslF345X03/doc4.xml,CIK0000732717-submissions-003.json
2009-06-02,4,0001225208-09-013553,2009-05-29,xslF345X03/doc4.xml,CIK0000732717-submissions-003.json
2009-06-02,4,0001225208-09-013552,2009-05-29,xslF345X03/doc4.xml,CIK0000732717-submissions-003.json
2009-06-02,4,0001225208-09-013551,2009-05-29,xslF345X03/doc4.xml,CIK0000732717-submissions-003.json
2009-06-02,4,0001225208-09-013550,2009-05-29,xslF345X03/doc4.xml,CIK0000732717-submissions-003.json
2009-06-02,4,0001225208-09-013549,2009-05-29,xslF345X03/doc4.xml,CIK0000732717-submissions-003.json
2009-06-02,4,0001225208-09-013548,2009-05-29,xslF345X03/doc4.xml,CIK0000732717-submissions-003.json
2009-06-08,CORRESP,0000732717-09-000025,,filename1.htm,CIK0000732717-submissions-003.json
2009-06-17,4,0001225208-09-014308,2009-06-15,xslF345X03/doc4.xml,CIK0000732717-submissions-003.json
2009-06-17,4,0001225208-09-014307,2009-06-15,xslF345X03/doc4.xml,CIK0000732717-submissions-003.json
2009-06-17,4,0001225208-09-014306,2009-06-15,xslF345X03/doc4.xml,CIK0000732717-submissions-003.json
2009-06-17,4,0001225208-09-014305,2009-06-15,xslF345X03/doc4.xml,CIK0000732717-submissions-003.json
2009-06-17,4,0001225208-09-014304,2009-06-15,xslF345X03/doc4.xml,CIK0000732717-submissions-003.json
2009-06-17,4,0001225208-09-014303,2009-06-15,xslF345X03/doc4.xml,CIK0000732717-submissions-003.json
2009-06-17,4,0001225208-09-014302,2009-06-15,xslF345X03/doc4.xml,CIK0000732717-submissions-003.json
2009-06-17,4,0001225208-09-014301,2009-06-15,xslF345X03/doc4.xml,CIK0000732717-submissions-003.json
2009-06-17,4,0001225208-09-014300,2009-06-15,xslF345X03/doc4.xml,CIK0000732717-submissions-003.json
2009-06-17,4,0001225208-09-014299,2009-06-15,xslF345X03/doc4.xml,CIK0000732717-submissions-003.json
2009-06-17,4,0001225208-09-014298,2009-06-15,xslF345X03/doc4.xml,CIK0000732717-submissions-003.json
2009-06-30,11-K,0000732717-09-000039,2009-06-29,attltssp_11k.htm,CIK0000732717-submissions-003.json
2009-06-30,11-K,0000732717-09-000037,2009-06-29,attprltssp11k.htm,CIK0000732717-submissions-003.json
2009-06-30,11-K,0000732717-09-000035,2009-06-29,attprsp11k.htm,CIK0000732717-submissions-003.json
2009-06-30,11-K,0000732717-09-000033,2009-06-29,attsp11k.htm,CIK0000732717-submissions-003.json
2009-06-30,11-K,0000732717-09-000032,2009-06-29,attssp11k.htm,CIK0000732717-submissions-003.json
2009-06-30,11-K,0000732717-09-000029,2009-06-29,bssp11k.htm,CIK0000732717-submissions-003.json
2009-06-30,11-K,0000732717-09-000028,2009-06-29,attrsp11k.htm,CIK0000732717-submissions-003.json
2009-07-02,4,0001225208-09-015062,2009-06-30,xslF345X03/doc4.xml,CIK0000732717-submissions-003.json
2009-07-02,4,0001225208-09-015060,2009-06-30,xslF345X03/doc4.xml,CIK0000732717-submissions-003.json
2009-07-02,4,0001225208-09-015059,2009-06-30,xslF345X03/doc4.xml,CIK0000732717-submissions-003.json
2009-07-02,4,0001225208-09-015058,2009-06-30,xslF345X03/doc4.xml,CIK0000732717-submissions-003.json
2009-07-02,4,0001225208-09-015057,2009-06-30,xslF345X03/doc4.xml,CIK0000732717-submissions-003.json
2009-07-02,4,0001225208-09-015056,2009-06-30,xslF345X03/doc4.xml,CIK0000732717-submissions-003.json
2009-07-02,4,0001225208-09-015055,2009-06-30,xslF345X03/doc4.xml,CIK0000732717-submissions-003.json
2009-07-02,4,0001225208-09-015054,2009-06-30,xslF345X03/doc4.xml,CIK0000732717-submissions-003.json
2009-07-02,4,0001225208-09-015053,2009-06-30,xslF345X03/doc4.xml,CIK0000732717-submissions-003.json
2009-07-02,4,0001225208-09-015052,2009-06-30,xslF345X03/doc4.xml,CIK0000732717-submissions-003.json
2009-07-02,4,0001225208-09-015051,2009-06-30,xslF345X03/doc4.xml,CIK0000732717-submissions-003.json
2009-07-02,4,0001225208-09-015050,2009-06-30,xslF345X03/doc4.xml,CIK0000732717-submissions-003.json
2009-07-02,4,0001225208-09-015049,2009-06-30,xslF345X03/doc4.xml,CIK0000732717-submissions-003.json
2009-07-02,4,0001225208-09-015048,2009-06-30,xslF345X03/doc4.xml,CIK0000732717-submissions-003.json
2009-07-02,4,0001225208-09-015047,2009-06-30,xslF345X03/doc4.xml,CIK0000732717-submissions-003.json
2009-07-15,8-K,0000732717-09-000042,2009-07-15,july09_8k.htm,CIK0000732717-submissions-003.json
2009-07-16,UPLOAD,0000000000-09-037779,,filename1.pdf,CIK0000732717-submissions-003.json
2009-07-17,CORRESP,0000732717-09-000044,,filename1.htm,CIK0000732717-submissions-003.json
2009-07-23,8-K,0000732717-09-000048,2009-07-23,earnings8k.htm,CIK0000732717-submissions-003.json
2009-07-23,8-K,0000732717-09-000046,2009-07-23,q2earning8k.htm,CIK0000732717-submissions-003.json
2009-08-04,4,0001225208-09-016714,2009-07-31,xslF345X03/doc4.xml,CIK0000732717-submissions-003.json
2009-08-04,4,0001225208-09-016713,2009-07-31,xslF345X03/doc4.xml,CIK0000732717-submissions-003.json
2009-08-04,4,0001225208-09-016712,2009-07-31,xslF345X03/doc4.xml,CIK0000732717-submissions-003.json
2009-08-04,4,0001225208-09-016711,2009-07-31,xslF345X03/doc4.xml,CIK0000732717-submissions-003.json
2009-08-04,4,0001225208-09-016710,2009-07-31,xslF345X03/doc4.xml,CIK0000732717-submissions-003.json
2009-08-04,4,0001225208-09-016709,2009-07-31,xslF345X03/doc4.xml,CIK0000732717-submissions-003.json
2009-08-04,4,0001225208-09-016708,2009-07-31,xslF345X03/doc4.xml,CIK0000732717-submissions-003.json
2009-08-04,4,0001225208-09-016707,2009-07-31,xslF345X03/doc4.xml,CIK0000732717-submissions-003.json
2009-08-04,4,0001225208-09-016706,2009-07-31,xslF345X03/doc4.xml,CIK0000732717-submissions-003.json
2009-08-04,4,0001225208-09-016705,2009-07-31,xslF345X03/doc4.xml,CIK0000732717-submissions-003.json
2009-08-04,4,0001225208-09-016704,2009-07-31,xslF345X03/doc4.xml,CIK0000732717-submissions-003.json
2009-08-04,4,0001225208-09-016703,2009-07-31,xslF345X03/doc4.xml,CIK0000732717-submissions-003.json
2009-08-04,4,0001225208-09-016702,2009-07-31,xslF345X03/doc4.xml,CIK0000732717-submissions-003.json
2009-08-04,4,0001225208-09-016701,2009-07-31,xslF345X03/doc4.xml,CIK0000732717-submissions-003.json
2009-08-04,4,0001225208-09-016700,2009-07-31,xslF345X03/doc4.xml,CIK0000732717-submissions-003.json
2009-08-04,4,0001225208-09-016699,2009-07-31,xslF345X03/doc4.xml,CIK0000732717-submissions-003.json
2009-08-04,4,0001225208-09-016698,2009-07-31,xslF345X03/doc4.xml,CIK0000732717-submissions-003.json
2009-08-04,4,0001225208-09-016697,2009-07-31,xslF345X03/doc4.xml,CIK0000732717-submissions-003.json
2009-08-04,4,0001225208-09-016696,2009-07-31,xslF345X03/doc4.xml,CIK0000732717-submissions-003.json
2009-08-04,4,0001225208-09-016695,2009-07-31,xslF345X03/doc4.xml,CIK0000732717-submissions-003.json
2009-08-04,4,0001225208-09-016694,2009-07-31,xslF345X03/doc4.xml,CIK0000732717-submissions-003.json
2009-08-04,4,0001225208-09-016693,2009-07-31,xslF345X03/doc4.xml,CIK0000732717-submissions-003.json
2009-08-04,4,0001225208-09-016692,2009-07-31,xslF345X03/doc4.xml,CIK0000732717-submissions-003.json
2009-08-04,4,0001225208-09-016691,2009-07-31,xslF345X03/doc4.xml,CIK0000732717-submissions-003.json
2009-08-04,4,0001225208-09-016690,2009-07-31,xslF345X03/doc4.xml,CIK0000732717-submissions-003.json
2009-08-05,10-Q,0000732717-09-000050,2009-08-05,att2q0910q.htm,CIK0000732717-submissions-003.json
2009-08-10,8-K,0000732717-09-000053,2009-08-10,august09_8k.htm,CIK0000732717-submissions-003.json
2009-08-14,CORRESP,0000732717-09-000057,,filename1.htm,CIK0000732717-submissions-003.json
2009-08-17,8-K,0000732717-09-000059,2009-08-17,augustb098k.htm,CIK0000732717-submissions-003.json
2009-08-20,4,0001225208-09-017629,2009-08-19,xslF345X03/doc4.xml,CIK0000732717-submissions-003.json
2009-08-26,SC 13D/A,0000732717-09-000062,,schedule13d-amend14.htm,CIK0000732717-submissions-003.json
2009-08-27,SC 13D/A,0000732717-09-000065,,schedule13d-amend15.htm,CIK0000732717-submissions-003.json
2009-08-28,8-K,0000732717-09-000068,2009-08-28,august_8k.htm,CIK0000732717-submissions-003.json
2009-08-28,8-K,0000732717-09-000067,2009-08-28,august28_8k.htm,CIK0000732717-submissions-003.json
2009-09-02,4,0001225208-09-018365,2009-08-31,xslF345X03/doc4.xml,CIK0000732717-submissions-003.json
2009-09-02,4,0001225208-09-018364,2009-08-31,xslF345X03/doc4.xml,CIK0000732717-submissions-003.json
2009-09-02,4,0001225208-09-018363,2009-08-31,xslF345X03/doc4.xml,CIK0000732717-submissions-003.json
2009-09-02,4,0001225208-09-018362,2009-08-31,xslF345X03/doc4.xml,CIK0000732717-submissions-003.json
2009-09-02,4,0001225208-09-018361,2009-08-31,xslF345X03/doc4.xml,CIK0000732717-submissions-003.json
2009-09-02,4,0001225208-09-018360,2009-08-31,xslF345X03/doc4.xml,CIK0000732717-submissions-003.json
2009-09-02,4,0001225208-09-018359,2009-08-31,xslF345X03/doc4.xml,CIK0000732717-submissions-003.json
2009-09-02,4,0001225208-09-018357,2009-08-31,xslF345X03/doc4.xml,CIK0000732717-submissions-003.json
2009-09-02,4,0001225208-09-018356,2009-08-31,xslF345X03/doc4.xml,CIK0000732717-submissions-003.json
2009-09-02,4,0001225208-09-018355,2009-08-31,xslF345X03/doc4.xml,CIK0000732717-submissions-003.json
2009-09-02,4,0001225208-09-018354,2009-08-31,xslF345X03/doc4.xml,CIK0000732717-submissions-003.json
2009-09-02,4,0001225208-09-018353,2009-08-31,xslF345X03/doc4.xml,CIK0000732717-submissions-003.json
2009-09-09,CORRESP,0000732717-09-000070,,filename1.htm,CIK0000732717-submissions-003.json
2009-09-09,UPLOAD,0000000000-09-049980,,filename1.pdf,CIK0000732717-submissions-003.json
2009-10-02,11-K,0000732717-09-000078,2009-10-02,ltssp_11k.htm,CIK0000732717-submissions-002.json
2009-10-02,11-K,0000732717-09-000077,2009-10-02,attprsp.htm,CIK0000732717-submissions-002.json
2009-10-02,11-K,0000732717-09-000076,2009-10-02,prltssp_11k.htm,CIK0000732717-submissions-002.json
2009-10-02,4,0001225208-09-019994,2009-09-30,xslF345X03/doc4.xml,CIK0000732717-submissions-002.json
2009-10-02,4,0001225208-09-019993,2009-09-30,xslF345X03/doc4.xml,CIK0000732717-submissions-002.json
2009-10-02,4,0001225208-09-019992,2009-09-30,xslF345X03/doc4.xml,CIK0000732717-submissions-002.json
2009-10-02,4,0001225208-09-019991,2009-09-30,xslF345X03/doc4.xml,CIK0000732717-submissions-002.json
2009-10-02,4,0001225208-09-019990,2009-09-30,xslF345X03/doc4.xml,CIK0000732717-submissions-002.json
2009-10-02,4,0001225208-09-019989,2009-09-30,xslF345X03/doc4.xml,CIK0000732717-submissions-002.json
2009-10-02,4,0001225208-09-019988,2009-09-30,xslF345X03/doc4.xml,CIK0000732717-submissions-002.json
2009-10-02,4,0001225208-09-019987,2009-09-30,xslF345X03/doc4.xml,CIK0000732717-submissions-002.json
2009-10-02,4,0001225208-09-019986,2009-09-30,xslF345X03/doc4.xml,CIK0000732717-submissions-002.json
2009-10-02,4,0001225208-09-019985,2009-09-30,xslF345X03/doc4.xml,CIK0000732717-submissions-002.json
2009-10-02,4,0001225208-09-019984,2009-09-30,xslF345X03/doc4.xml,CIK0000732717-submissions-002.json
2009-10-02,4,0001225208-09-019983,2009-09-30,xslF345X03/doc4.xml,CIK0000732717-submissions-002.json
2009-10-02,4,0001225208-09-019982,2009-09-30,xslF345X03/doc4.xml,CIK0000732717-submissions-002.json
2009-10-02,4,0001225208-09-019981,2009-09-30,xslF345X03/doc4.xml,CIK0000732717-submissions-002.json
2009-10-02,4,0001225208-09-019980,2009-09-30,xslF345X03/doc4.xml,CIK0000732717-submissions-002.json
2009-10-02,4,0001225208-09-019979,2009-09-30,xslF345X03/doc4.xml,CIK0000732717-submissions-002.json
2009-10-02,CORRESP,0000732717-09-000072,,filename1.htm,CIK0000732717-submissions-002.json
2009-10-13,8-K,0000732717-09-000080,2009-10-13,oct09_8k.htm,CIK0000732717-submissions-002.json
2009-10-14,S-8,0000732717-09-000084,,s-8registration.htm,CIK0000732717-submissions-002.json
2009-10-21,UPLOAD,0000000000-09-059393,,filename1.pdf,CIK0000732717-submissions-002.json
2009-10-22,8-K,0000732717-09-000088,2009-10-22,earnings801_8k.htm,CIK0000732717-submissions-002.json
2009-10-22,8-K,0000732717-09-000086,2009-10-22,q3earning8k.htm,CIK0000732717-submissions-002.json
2009-11-03,4,0001225208-09-021556,2009-10-30,xslF345X03/doc4.xml,CIK0000732717-submissions-002.json
2009-11-03,4,0001225208-09-021555,2009-10-30,xslF345X03/doc4.xml,CIK0000732717-submissions-002.json
2009-11-03,4,0001225208-09-021554,2009-10-30,xslF345X03/doc4.xml,CIK0000732717-submissions-002.json
2009-11-03,4,0001225208-09-021553,2009-10-30,xslF345X03/doc4.xml,CIK0000732717-submissions-002.json
2009-11-03,4,0001225208-09-021552,2009-10-30,xslF345X03/doc4.xml,CIK0000732717-submissions-002.json
2009-11-03,4,0001225208-09-021551,2009-10-30,xslF345X03/doc4.xml,CIK0000732717-submissions-002.json
2009-11-03,4,0001225208-09-021550,2009-10-30,xslF345X03/doc4.xml,CIK0000732717-submissions-002.json
2009-11-03,4,0001225208-09-021549,2009-10-30,xslF345X03/doc4.xml,CIK0000732717-submissions-002.json
2009-11-03,4,0001225208-09-021548,2009-10-30,xslF345X03/doc4.xml,CIK0000732717-submissions-002.json
2009-11-03,4,0001225208-09-021547,2009-10-30,xslF345X03/doc4.xml,CIK0000732717-submissions-002.json
2009-11-03,4,0001225208-09-021546,2009-10-30,xslF345X03/doc4.xml,CIK0000732717-submissions-002.json
2009-11-03,4,0001225208-09-021545,2009-10-30,xslF345X03/doc4.xml,CIK0000732717-submissions-002.json
2009-11-03,4,0001225208-09-021544,2009-10-30,xslF345X03/doc4.xml,CIK0000732717-submissions-002.json
2009-11-03,4,0001225208-09-021543,2009-10-30,xslF345X03/doc4.xml,CIK0000732717-submissions-002.json
2009-11-03,4,0001225208-09-021542,2009-10-30,xslF345X03/doc4.xml,CIK0000732717-submissions-002.json
2009-11-03,4,0001225208-09-021541,2009-10-30,xslF345X03/doc4.xml,CIK0000732717-submissions-002.json
2009-11-03,4,0001225208-09-021540,2009-10-30,xslF345X03/doc4.xml,CIK0000732717-submissions-002.json
2009-11-03,4,0001225208-09-021539,2009-10-30,xslF345X03/doc4.xml,CIK0000732717-submissions-002.json
2009-11-03,4,0001225208-09-021538,2009-10-30,xslF345X03/doc4.xml,CIK0000732717-submissions-002.json
2009-11-03,4,0001225208-09-021537,2009-10-30,xslF345X03/doc4.xml,CIK0000732717-submissions-002.json
2009-11-03,4,0001225208-09-021536,2009-10-30,xslF345X03/doc4.xml,CIK0000732717-submissions-002.json
2009-11-03,4,0001225208-09-021535,2009-10-30,xslF345X03/doc4.xml,CIK0000732717-submissions-002.json
2009-11-03,4,0001225208-09-021534,2009-10-30,xslF345X03/doc4.xml,CIK0000732717-submissions-002.json
2009-11-03,4,0001225208-09-021533,2009-10-30,xslF345X03/doc4.xml,CIK0000732717-submissions-002.json
2009-11-03,4,0001225208-09-021532,2009-10-30,xslF345X03/doc4.xml,CIK0000732717-submissions-002.json
2009-11-05,10-Q,0000732717-09-000091,2009-11-05,att3q0910q.htm,CIK0000732717-submissions-002.json
2009-11-06,8-K,0000732717-09-000093,2009-11-06,centennial8k.htm,CIK0000732717-submissions-002.json
2009-11-10,SC 13D/A,0000891836-09-000222,,sc0102.htm,CIK0000732717-submissions-002.json
2009-11-30,4,0001225208-09-023405,2009-11-25,xslF345X03/doc4.xml,CIK0000732717-submissions-002.json
2009-12-02,4,0001225208-09-023811,2009-11-30,xslF345X03/doc4.xml,CIK0000732717-submissions-002.json
2009-12-02,4,0001225208-09-023810,2009-11-30,xslF345X03/doc4.xml,CIK0000732717-submissions-002.json
2009-12-02,4,0001225208-09-023809,2009-11-30,xslF345X03/doc4.xml,CIK0000732717-submissions-002.json
2009-12-02,4,0001225208-09-023808,2009-11-30,xslF345X03/doc4.xml,CIK0000732717-submissions-002.json
2009-12-02,4,0001225208-09-023807,2009-11-30,xslF345X03/doc4.xml,CIK0000732717-submissions-002.json
2009-12-02,4,0001225208-09-023805,2009-11-30,xslF345X03/doc4.xml,CIK0000732717-submissions-002.json
2009-12-02,4,0001225208-09-023806,2009-11-30,xslF345X03/doc4.xml,CIK0000732717-submissions-002.json
2009-12-02,4,0001225208-09-023804,2009-11-30,xslF345X03/doc4.xml,CIK0000732717-submissions-002.json
2009-12-02,4,0001225208-09-023802,2009-11-30,xslF345X03/doc4.xml,CIK0000732717-submissions-002.json
2009-12-02,4,0001225208-09-023801,2009-11-30,xslF345X03/doc4.xml,CIK0000732717-submissions-002.json
2009-12-02,4,0001225208-09-023800,2009-11-30,xslF345X03/doc4.xml,CIK0000732717-submissions-002.json
2009-12-02,4,0001225208-09-023799,2009-11-30,xslF345X03/doc4.xml,CIK0000732717-submissions-002.json
2009-12-02,4,0001225208-09-023798,2009-11-30,xslF345X03/doc4.xml,CIK0000732717-submissions-002.json
2009-12-02,4,0001225208-09-023797,2009-11-30,xslF345X03/doc4.xml,CIK0000732717-submissions-002.json
2009-12-02,4,0001225208-09-023796,2009-11-30,xslF345X03/doc4.xml,CIK0000732717-submissions-002.json
2009-12-02,4,0001225208-09-023795,2009-11-30,xslF345X03/doc4.xml,CIK0000732717-submissions-002.json
2009-12-14,8-K,0000732717-09-000095,2009-12-14,dec148k.htm,CIK0000732717-submissions-002.json
2009-12-18,8-K,0000732717-09-000097,2009-12-18,bylaws8k.htm,CIK0000732717-submissions-002.json
2010-01-04,NO ACT,9999999997-10-011262,2009-12-08,9999999997-10-011262.paper,CIK0000732717-submissions-002.json
2010-01-05,4,0001225208-10-000698,2009-12-31,xslF345X03/doc4.xml,CIK0000732717-submissions-002.json
2010-01-05,4,0001225208-10-000697,2009-12-31,xslF345X03/doc4.xml,CIK0000732717-submissions-002.json
2010-01-05,4,0001225208-10-000696,2009-12-31,xslF345X03/doc4.xml,CIK0000732717-submissions-002.json
2010-01-05,4,0001225208-10-000695,2009-12-31,xslF345X03/doc4.xml,CIK0000732717-submissions-002.json
2010-01-05,4,0001225208-10-000694,2009-12-31,xslF345X03/doc4.xml,CIK0000732717-submissions-002.json
2010-01-05,4,0001225208-10-000693,2009-12-31,xslF345X03/doc4.xml,CIK0000732717-submissions-002.json
2010-01-05,4,0001225208-10-000692,2009-12-31,xslF345X03/doc4.xml,CIK0000732717-submissions-002.json
2010-01-05,4,0001225208-10-000691,2009-12-31,xslF345X03/doc4.xml,CIK0000732717-submissions-002.json
2010-01-05,4,0001225208-10-000690,2009-12-31,xslF345X03/doc4.xml,CIK0000732717-submissions-002.json
2010-01-05,4,0001225208-10-000689,2009-12-31,xslF345X03/doc4.xml,CIK0000732717-submissions-002.json
2010-01-05,4,0001225208-10-000688,2009-12-31,xslF345X03/doc4.xml,CIK0000732717-submissions-002.json
2010-01-05,4,0001225208-10-000687,2009-12-31,xslF345X03/doc4.xml,CIK0000732717-submissions-002.json
2010-01-05,4,0001225208-10-000686,2009-12-31,xslF345X03/doc4.xml,CIK0000732717-submissions-002.json
2010-01-05,4,0001225208-10-000685,2009-12-31,xslF345X03/doc4.xml,CIK0000732717-submissions-002.json
2010-01-05,4,0001225208-10-000684,2009-12-31,xslF345X03/doc4.xml,CIK0000732717-submissions-002.json
2010-01-05,4,0001225208-10-000683,2009-12-31,xslF345X03/doc4.xml,CIK0000732717-submissions-002.json
2010-01-13,4,0001225208-10-001483,2010-01-11,xslF345X03/doc4.xml,CIK0000732717-submissions-002.json
2010-01-13,4,0001225208-10-001482,2010-01-11,xslF345X03/doc4.xml,CIK0000732717-submissions-002.json
2010-01-13,4,0001225208-10-001481,2010-01-11,xslF345X03/doc4.xml,CIK0000732717-submissions-002.json
2010-01-28,8-K,0000732717-10-000004,2010-01-28,earnings801_8k.htm,CIK0000732717-submissions-002.json
2010-01-28,8-K,0000732717-10-000002,2010-01-28,ye09earnings8k.htm,CIK0000732717-submissions-002.json
2010-01-29,8-K,0000732717-10-000006,2010-01-29,jan29_8k.htm,CIK0000732717-submissions-002.json
2010-01-29,SC 13G,0001086364-10-007021,,attinc123109.txt,CIK0000732717-submissions-002.json
2010-02-01,4,0001225208-10-002931,2010-01-28,xslF345X03/doc4.xml,CIK0000732717-submissions-002.json
2010-02-01,4,0001225208-10-002930,2010-01-28,xslF345X03/doc4.xml,CIK0000732717-submissions-002.json
2010-02-01,4,0001225208-10-002929,2010-01-28,xslF345X03/doc4.xml,CIK0000732717-submissions-002.json
2010-02-01,4,0001225208-10-002928,2010-01-28,xslF345X03/doc4.xml,CIK0000732717-submissions-002.json
2010-02-01,4,0001225208-10-002927,2010-01-28,xslF345X03/doc4.xml,CIK0000732717-submissions-002.json
2010-02-01,4,0001225208-10-002926,2010-01-28,xslF345X03/doc4.xml,CIK0000732717-submissions-002.json
2010-02-01,4,0001225208-10-002925,2010-01-28,xslF345X03/doc4.xml,CIK0000732717-submissions-002.json
2010-02-01,4,0001225208-10-002924,2010-01-28,xslF345X03/doc4.xml,CIK0000732717-submissions-002.json
2010-02-01,4,0001225208-10-002923,2010-01-28,xslF345X03/doc4.xml,CIK0000732717-submissions-002.json
2010-02-01,4,0001225208-10-002922,2010-01-28,xslF345X03/doc4.xml,CIK0000732717-submissions-002.json
2010-02-01,4,0001225208-10-002921,2010-01-28,xslF345X03/doc4.xml,CIK0000732717-submissions-002.json
2010-02-01,4,0001225208-10-002920,2010-01-28,xslF345X03/doc4.xml,CIK0000732717-submissions-002.json
2010-02-02,4,0001225208-10-003227,2010-01-29,xslF345X03/doc4.xml,CIK0000732717-submissions-002.json
2010-02-02,4,0001225208-10-003226,2010-01-29,xslF345X03/doc4.xml,CIK0000732717-submissions-002.json
2010-02-02,4,0001225208-10-003225,2010-01-29,xslF345X03/doc4.xml,CIK0000732717-submissions-002.json
2010-02-02,4,0001225208-10-003224,2010-01-29,xslF345X03/doc4.xml,CIK0000732717-submissions-002.json
2010-02-02,4,0001225208-10-003223,2010-01-29,xslF345X03/doc4.xml,CIK0000732717-submissions-002.json
2010-02-02,4,0001225208-10-003222,2010-01-29,xslF345X03/doc4.xml,CIK0000732717-submissions-002.json
2010-02-02,4,0001225208-10-003221,2010-01-29,xslF345X03/doc4.xml,CIK0000732717-submissions-002.json
2010-02-02,4,0001225208-10-003220,2010-01-29,xslF345X03/doc4.xml,CIK0000732717-submissions-002.json
2010-02-02,4,0001225208-10-003219,2010-01-29,xslF345X03/doc4.xml,CIK0000732717-submissions-002.json
2010-02-02,4,0001225208-10-003218,2010-01-29,xslF345X03/doc4.xml,CIK0000732717-submissions-002.json
2010-02-02,4,0001225208-10-003217,2010-01-29,xslF345X03/doc4.xml,CIK0000732717-submissions-002.json
2010-02-02,4,0001225208-10-003216,2010-01-29,xslF345X03/doc4.xml,CIK0000732717-submissions-002.json
2010-02-02,4,0001225208-10-003215,2010-01-29,xslF345X03/doc4.xml,CIK0000732717-submissions-002.json
2010-02-02,4,0001225208-10-003214,2010-01-29,xslF345X03/doc4.xml,CIK0000732717-submissions-002.json
2010-02-02,4,0001225208-10-003213,2010-01-29,xslF345X03/doc4.xml,CIK0000732717-submissions-002.json
2010-02-02,4,0001225208-10-003212,2010-01-29,xslF345X03/doc4.xml,CIK0000732717-submissions-002.json
2010-02-02,4,0001225208-10-003211,2010-01-29,xslF345X03/doc4.xml,CIK0000732717-submissions-002.json
2010-02-02,4,0001225208-10-003208,2010-01-29,xslF345X03/doc4.xml,CIK0000732717-submissions-002.json
2010-02-02,4,0001225208-10-003210,2010-01-29,xslF345X03/doc4.xml,CIK0000732717-submissions-002.json
2010-02-02,4,0001225208-10-003209,2010-01-29,xslF345X03/doc4.xml,CIK0000732717-submissions-002.json
2010-02-02,4,0001225208-10-003207,2010-01-29,xslF345X03/doc4.xml,CIK0000732717-submissions-002.json
2010-02-02,4,0001225208-10-003206,2010-01-29,xslF345X03/doc4.xml,CIK0000732717-submissions-002.json
2010-02-02,4,0001225208-10-003205,2010-01-29,xslF345X03/doc4.xml,CIK0000732717-submissions-002.json
2010-02-02,4,0001225208-10-003204,2010-01-29,xslF345X03/doc4.xml,CIK0000732717-submissions-002.json
2010-02-02,4,0001225208-10-003203,2010-01-29,xslF345X03/doc4.xml,CIK0000732717-submissions-002.json
2010-02-03,4,0001225208-10-003460,2010-02-02,xslF345X03/doc4.xml,CIK0000732717-submissions-002.json
2010-02-08,8-K,0000732717-10-000009,2010-02-08,feb8_8k.htm,CIK0000732717-submissions-002.json
2010-02-09,4/A,0001225208-10-003731,2010-01-28,xslF345X03/doc4a.xml,CIK0000732717-submissions-002.json
2010-02-12,NO ACT,9999999997-10-002366,2009-12-18,9999999997-10-002366.paper,CIK0000732717-submissions-002.json
2010-02-16,NO ACT,9999999997-10-005558,2009-12-18,9999999997-10-005558.paper,CIK0000732717-submissions-002.json
2010-02-18,4,0001225208-10-004970,2010-02-16,xslF345X03/doc4.xml,CIK0000732717-submissions-002.json
2010-02-18,4,0001225208-10-004969,2010-02-16,xslF345X03/doc4.xml,CIK0000732717-submissions-002.json
2010-02-18,4,0001225208-10-004968,2010-02-16,xslF345X03/doc4.xml,CIK0000732717-submissions-002.json
2010-02-18,4,0001225208-10-004967,2010-02-16,xslF345X03/doc4.xml,CIK0000732717-submissions-002.json
2010-02-18,4,0001225208-10-004966,2010-02-16,xslF345X03/doc4.xml,CIK0000732717-submissions-002.json
2010-02-18,4,0001225208-10-004965,2010-02-16,xslF345X03/doc4.xml,CIK0000732717-submissions-002.json
2010-02-18,4,0001225208-10-004964,2010-02-16,xslF345X03/doc4.xml,CIK0000732717-submissions-002.json
2010-02-18,4,0001225208-10-004963,2010-02-16,xslF345X03/doc4.xml,CIK0000732717-submissions-002.json
2010-02-18,4,0001225208-10-004962,2010-02-16,xslF345X03/doc4.xml,CIK0000732717-submissions-002.json
2010-02-18,4,0001225208-10-004961,2010-02-16,xslF345X03/doc4.xml,CIK0000732717-submissions-002.json
2010-02-18,4,0001225208-10-004960,2010-02-16,xslF345X03/doc4.xml,CIK0000732717-submissions-002.json
2010-02-23,8-K,0000732717-10-000011,2010-02-17,aldinger8k.htm,CIK0000732717-submissions-002.json
2010-02-23,NO ACT,9999999997-10-004074,2009-12-18,9999999997-10-004074.paper,CIK0000732717-submissions-002.json
2010-02-25,10-K,0000732717-10-000013,2010-02-25,ye09_10k.htm,CIK0000732717-submissions-002.json
2010-03-01,4/A,0001225208-10-006261,2010-01-28,xslF345X03/doc4a.xml,CIK0000732717-submissions-002.json
2010-03-01,4/A,0001225208-10-006259,2010-01-28,xslF345X03/doc4a.xml,CIK0000732717-submissions-002.json
2010-03-01,4/A,0001225208-10-006260,2010-01-28,xslF345X03/doc4a.xml,CIK0000732717-submissions-002.json
2010-03-01,4/A,0001225208-10-006258,2010-01-28,xslF345X03/doc4a.xml,CIK0000732717-submissions-002.json
2010-03-01,4/A,0001225208-10-006257,2010-01-28,xslF345X03/doc4a.xml,CIK0000732717-submissions-002.json
2010-03-01,4/A,0001225208-10-006256,2010-01-28,xslF345X03/doc4a.xml,CIK0000732717-submissions-002.json
2010-03-01,4/A,0001225208-10-006255,2010-01-28,xslF345X03/doc4a.xml,CIK0000732717-submissions-002.json
2010-03-01,4/A,0001225208-10-006253,2010-01-28,xslF345X03/doc4a.xml,CIK0000732717-submissions-002.json
2010-03-01,NO ACT,9999999997-10-005566,2009-12-21,9999999997-10-005566.paper,CIK0000732717-submissions-002.json
2010-03-02,4,0001225208-10-006693,2010-02-26,xslF345X03/doc4.xml,CIK0000732717-submissions-002.json
2010-03-02,4,0001225208-10-006692,2010-02-26,xslF345X03/doc4.xml,CIK0000732717-submissions-002.json
2010-03-02,4,0001225208-10-006691,2010-02-26,xslF345X03/doc4.xml,CIK0000732717-submissions-002.json
2010-03-02,4,0001225208-10-006690,2010-02-26,xslF345X03/doc4.xml,CIK0000732717-submissions-002.json
2010-03-02,4,0001225208-10-006689,2010-02-26,xslF345X03/doc4.xml,CIK0000732717-submissions-002.json
2010-03-02,4,0001225208-10-006688,2010-02-26,xslF345X03/doc4.xml,CIK0000732717-submissions-002.json
2010-03-02,4,0001225208-10-006687,2010-02-26,xslF345X03/doc4.xml,CIK0000732717-submissions-002.json
2010-03-02,4,0001225208-10-006686,2010-02-26,xslF345X03/doc4.xml,CIK0000732717-submissions-002.json
2010-03-02,4,0001225208-10-006685,2010-02-26,xslF345X03/doc4.xml,CIK0000732717-submissions-002.json
2010-03-02,4,0001225208-10-006684,2010-02-26,xslF345X03/doc4.xml,CIK0000732717-submissions-002.json
2010-03-02,4,0001225208-10-006683,2010-02-26,xslF345X03/doc4.xml,CIK0000732717-submissions-002.json
2010-03-02,4,0001225208-10-006682,2010-02-26,xslF345X03/doc4.xml,CIK0000732717-submissions-002.json
2010-03-02,NO ACT,9999999997-10-006107,2010-01-04,9999999997-10-006107.paper,CIK0000732717-submissions-002.json
2010-03-02,NO ACT,9999999997-10-005569,2010-01-04,9999999997-10-005569.paper,CIK0000732717-submissions-002.json
2010-03-11,DEF 14A,0001193125-10-053795,2010-04-30,ddef14a.htm,CIK0000732717-submissions-002.json
2010-03-11,DEFA14A,0001104659-10-013706,,a10-3199_2defa14a.htm,CIK0000732717-submissions-002.json
2010-03-12,4,0001225208-10-008062,2010-03-10,xslF345X03/doc4.xml,CIK0000732717-submissions-002.json
2010-03-12,4,0001225208-10-008060,2010-03-10,xslF345X03/doc4.xml,CIK0000732717-submissions-002.json
2010-03-12,4,0001225208-10-008061,2010-03-10,xslF345X03/doc4.xml,CIK0000732717-submissions-002.json
2010-03-12,4,0001225208-10-008059,2010-03-10,xslF345X03/doc4.xml,CIK0000732717-submissions-002.json
2010-03-12,4,0001225208-10-008058,2010-03-10,xslF345X03/doc4.xml,CIK0000732717-submissions-002.json
2010-03-12,4,0001225208-10-008057,2010-03-10,xslF345X03/doc4.xml,CIK0000732717-submissions-002.json
2010-03-12,4,0001225208-10-008056,2010-03-10,xslF345X03/doc4.xml,CIK0000732717-submissions-002.json
2010-03-12,4,0001225208-10-008055,2010-03-10,xslF345X03/doc4.xml,CIK0000732717-submissions-002.json
2010-03-12,NO ACT,9999999997-10-007754,2010-03-04,9999999997-10-007754.paper,CIK0000732717-submissions-002.json
2010-03-16,DEFA14A,0001193125-10-058452,,ddefa14a.htm,CIK0000732717-submissions-002.json
2010-03-18,S-3ASR,0000950123-10-025845,,d70409sv3asr.htm,CIK0000732717-submissions-002.json
2010-03-26,8-K,0000732717-10-000017,2010-03-23,filing8k.htm,CIK0000732717-submissions-002.json
2010-04-02,4,0001225208-10-009635,2010-03-31,xslF345X03/doc4.xml,CIK0000732717-submissions-002.json
2010-04-02,4,0001225208-10-009634,2010-03-31,xslF345X03/doc4.xml,CIK0000732717-submissions-002.json
2010-04-02,4,0001225208-10-009633,2010-03-31,xslF345X03/doc4.xml,CIK0000732717-submissions-002.json
2010-04-02,4,0001225208-10-009632,2010-03-31,xslF345X03/doc4.xml,CIK0000732717-submissions-002.json
2010-04-02,4,0001225208-10-009627,2010-03-31,xslF345X03/doc4.xml,CIK0000732717-submissions-002.json
2010-04-02,4,0001225208-10-009626,2010-03-31,xslF345X03/doc4.xml,CIK0000732717-submissions-002.json
2010-04-02,4,0001225208-10-009625,2010-03-31,xslF345X03/doc4.xml,CIK0000732717-submissions-002.json
2010-04-02,4,0001225208-10-009624,2010-03-31,xslF345X03/doc4.xml,CIK0000732717-submissions-002.json
2010-04-02,4,0001225208-10-009623,2010-03-31,xslF345X03/doc4.xml,CIK0000732717-submissions-002.json
2010-04-02,4,0001225208-10-009617,2010-03-31,xslF345X03/doc4.xml,CIK0000732717-submissions-002.json
2010-04-02,4,0001225208-10-009616,2010-03-31,xslF345X03/doc4.xml,CIK0000732717-submissions-002.json
2010-04-02,4,0001225208-10-009615,2010-03-31,xslF345X03/doc4.xml,CIK0000732717-submissions-002.json
2010-04-02,4,0001225208-10-009614,2010-03-31,xslF345X03/doc4.xml,CIK0000732717-submissions-002.json
2010-04-02,4,0001225208-10-009612,2010-03-31,xslF345X03/doc4.xml,CIK0000732717-submissions-002.json
2010-04-09,8-K,0000732717-10-000023,2010-04-09,connecteddevices_8k.htm,CIK0000732717-submissions-002.json
2010-04-09,8-K,0000732717-10-000022,2010-04-09,intersegment_8k.htm,CIK0000732717-submissions-002.json
2010-04-14,4/A,0001225208-10-010348,2010-01-28,xslF345X03/doc4a.xml,CIK0000732717-submissions-002.json
2010-04-14,4/A,0001225208-10-010347,2010-01-28,xslF345X03/doc4a.xml,CIK0000732717-submissions-002.json
2010-04-14,4/A,0001225208-10-010346,2010-01-28,xslF345X03/doc4a.xml,CIK0000732717-submissions-002.json
2010-04-14,4/A,0001225208-10-010345,2010-01-28,xslF345X03/doc4a.xml,CIK0000732717-submissions-002.json
2010-04-14,4/A,0001225208-10-010344,2010-01-28,xslF345X03/doc4a.xml,CIK0000732717-submissions-002.json
2010-04-14,4/A,0001225208-10-010343,2010-01-28,xslF345X03/doc4a.xml,CIK0000732717-submissions-002.json
2010-04-14,4/A,0001225208-10-010342,2010-01-28,xslF345X03/doc4a.xml,CIK0000732717-submissions-002.json
2010-04-14,4/A,0001225208-10-010341,2010-01-28,xslF345X03/doc4a.xml,CIK0000732717-submissions-002.json
2010-04-14,4/A,0001225208-10-010340,2010-01-28,xslF345X03/doc4a.xml,CIK0000732717-submissions-002.json
2010-04-14,4/A,0001225208-10-010339,2010-01-28,xslF345X03/doc4a.xml,CIK0000732717-submissions-002.json
2010-04-21,8-K,0000732717-10-000027,2010-04-21,earnings801_8k.htm,CIK0000732717-submissions-002.json
2010-04-21,8-K,0000732717-10-000025,2010-04-21,q1earnings8k.htm,CIK0000732717-submissions-002.json
2010-04-23,4,0001225208-10-010873,2010-04-22,xslF345X03/doc4.xml,CIK0000732717-submissions-002.json
2010-04-30,SC 13D/A,0000950123-10-042056,,d72650bsc13dza.htm,CIK0000732717-submissions-002.json
2010-04-30,SC 13D/A,0000950123-10-042052,,d72650asc13dza.htm,CIK0000732717-submissions-002.json
2010-04-30,SC 13D/A,0000950123-10-042045,,d72650csc13dza.htm,CIK0000732717-submissions-002.json
2010-05-03,UPLOAD,0000000000-10-024040,,filename1.pdf,CIK0000732717-submissions-002.json
2010-05-04,4,0001225208-10-011946,2010-04-30,xslF345X03/doc4.xml,CIK0000732717-submissions-002.json
2010-05-04,4,0001225208-10-011945,2010-04-30,xslF345X03/doc4.xml,CIK0000732717-submissions-002.json
2010-05-04,4,0001225208-10-011944,2010-04-30,xslF345X03/doc4.xml,CIK0000732717-submissions-002.json
2010-05-04,4,0001225208-10-011943,2010-04-30,xslF345X03/doc4.xml,CIK0000732717-submissions-002.json
2010-05-04,4,0001225208-10-011942,2010-04-30,xslF345X03/doc4.xml,CIK0000732717-submissions-002.json
2010-05-04,4,0001225208-10-011941,2010-04-30,xslF345X03/doc4.xml,CIK0000732717-submissions-002.json
2010-05-04,4,0001225208-10-011940,2010-04-30,xslF345X03/doc4.xml,CIK0000732717-submissions-002.json
2010-05-04,4,0001225208-10-011939,2010-04-30,xslF345X03/doc4.xml,CIK0000732717-submissions-002.json
2010-05-04,4,0001225208-10-011938,2010-04-30,xslF345X03/doc4.xml,CIK0000732717-submissions-002.json
2010-05-04,4,0001225208-10-011937,2010-04-30,xslF345X03/doc4.xml,CIK0000732717-submissions-002.json
2010-05-04,4,0001225208-10-011936,2010-04-30,xslF345X03/doc4.xml,CIK0000732717-submissions-002.json
2010-05-04,4,0001225208-10-011935,2010-04-30,xslF345X03/doc4.xml,CIK0000732717-submissions-002.json
2010-05-04,4,0001225208-10-011934,2010-04-30,xslF345X03/doc4.xml,CIK0000732717-submissions-002.json
2010-05-04,4,0001225208-10-011933,2010-04-30,xslF345X03/doc4.xml,CIK0000732717-submissions-002.json
2010-05-04,4,0001225208-10-011932,2010-04-30,xslF345X03/doc4.xml,CIK0000732717-submissions-002.json
2010-05-04,4,0001225208-10-011931,2010-04-30,xslF345X03/doc4.xml,CIK0000732717-submissions-002.json
2010-05-04,4,0001225208-10-011930,2010-04-30,xslF345X03/doc4.xml,CIK0000732717-submissions-002.json
2010-05-04,4,0001225208-10-011929,2010-04-30,xslF345X03/doc4.xml,CIK0000732717-submissions-002.json
2010-05-04,4,0001225208-10-011928,2010-04-30,xslF345X03/doc4.xml,CIK0000732717-submissions-002.json
2010-05-04,4,0001225208-10-011927,2010-04-30,xslF345X03/doc4.xml,CIK0000732717-submissions-002.json
2010-05-04,4,0001225208-10-011926,2010-04-30,xslF345X03/doc4.xml,CIK0000732717-submissions-002.json
2010-05-04,4,0001225208-10-011925,2010-04-30,xslF345X03/doc4.xml,CIK0000732717-submissions-002.json
2010-05-04,4,0001225208-10-011924,2010-04-30,xslF345X03/doc4.xml,CIK0000732717-submissions-002.json
2010-05-04,4,0001225208-10-011923,2010-04-30,xslF345X03/doc4.xml,CIK0000732717-submissions-002.json
2010-05-04,4,0001225208-10-011922,2010-04-30,xslF345X03/doc4.xml,CIK0000732717-submissions-002.json
2010-05-04,8-K,0000732717-10-000029,2010-05-04,votingresults_8k.htm,CIK0000732717-submissions-002.json
2010-05-05,4,0001225208-10-012154,2010-05-03,xslF345X03/doc4.xml,CIK0000732717-submissions-002.json
2010-05-05,4,0001225208-10-012153,2010-05-03,xslF345X03/doc4.xml,CIK0000732717-submissions-002.json
2010-05-05,4,0001225208-10-012152,2010-05-03,xslF345X03/doc4.xml,CIK0000732717-submissions-002.json
2010-05-06,10-Q,0000732717-10-000033,2010-03-31,att1q10.htm,CIK0000732717-submissions-002.json
2010-05-11,CORRESP,0000732717-10-000035,,filename1.htm,CIK0000732717-submissions-002.json
2010-05-24,8-K,0000732717-10-000039,2010-05-22,sterling_8k.htm,CIK0000732717-submissions-002.json
2010-05-28,CORRESP,0000732717-10-000044,,filename1.htm,CIK0000732717-submissions-002.json
2010-06-02,4,0001225208-10-014424,2010-05-28,xslF345X03/doc4.xml,CIK0000732717-submissions-002.json
2010-06-02,4,0001225208-10-014423,2010-05-28,xslF345X03/doc4.xml,CIK0000732717-submissions-002.json
2010-06-02,4,0001225208-10-014422,2010-05-28,xslF345X03/doc4.xml,CIK0000732717-submissions-002.json
2010-06-02,4,0001225208-10-014421,2010-05-28,xslF345X03/doc4.xml,CIK0000732717-submissions-002.json
2010-06-02,4,0001225208-10-014420,2010-05-28,xslF345X03/doc4.xml,CIK0000732717-submissions-002.json
2010-06-02,4,0001225208-10-014419,2010-05-28,xslF345X03/doc4.xml,CIK0000732717-submissions-002.json
2010-06-02,4,0001225208-10-014418,2010-05-28,xslF345X03/doc4.xml,CIK0000732717-submissions-002.json
2010-06-02,4,0001225208-10-014417,2010-05-28,xslF345X03/doc4.xml,CIK0000732717-submissions-002.json
2010-06-02,4,0001225208-10-014416,2010-05-28,xslF345X03/doc4.xml,CIK0000732717-submissions-002.json
2010-06-02,4,0001225208-10-014415,2010-05-28,xslF345X03/doc4.xml,CIK0000732717-submissions-002.json
2010-06-02,4,0001225208-10-014414,2010-05-28,xslF345X03/doc4.xml,CIK0000732717-submissions-002.json
2010-06-02,4,0001225208-10-014413,2010-05-28,xslF345X03/doc4.xml,CIK0000732717-submissions-002.json
2010-06-02,4,0001225208-10-014412,2010-05-28,xslF345X03/doc4.xml,CIK0000732717-submissions-002.json
2010-06-07,UPLOAD,0000000000-10-031670,,filename1.pdf,CIK0000732717-submissions-002.json
2010-06-17,4,0001225208-10-015439,2010-06-15,xslF345X03/doc4.xml,CIK0000732717-submissions-002.json
2010-06-17,4,0001225208-10-015438,2010-06-15,xslF345X03/doc4.xml,CIK0000732717-submissions-002.json
2010-06-17,4,0001225208-10-015437,2010-06-15,xslF345X03/doc4.xml,CIK0000732717-submissions-002.json
2010-06-17,4,0001225208-10-015436,2010-06-15,xslF345X03/doc4.xml,CIK0000732717-submissions-002.json
2010-06-17,4,0001225208-10-015435,2010-06-15,xslF345X03/doc4.xml,CIK0000732717-submissions-002.json
2010-06-17,4,0001225208-10-015434,2010-06-15,xslF345X03/doc4.xml,CIK0000732717-submissions-002.json
2010-06-17,4,0001225208-10-015433,2010-06-15,xslF345X03/doc4.xml,CIK0000732717-submissions-002.json
2010-06-17,4,0001225208-10-015432,2010-06-15,xslF345X03/doc4.xml,CIK0000732717-submissions-002.json
2010-06-17,4,0001225208-10-015431,2010-06-15,xslF345X03/doc4.xml,CIK0000732717-submissions-002.json
2010-06-17,4,0001225208-10-015430,2010-06-15,xslF345X03/doc4.xml,CIK0000732717-submissions-002.json
2010-06-17,4,0001225208-10-015429,2010-06-15,xslF345X03/doc4.xml,CIK0000732717-submissions-002.json
2010-06-21,CORRESP,0000732717-10-000046,,filename1.htm,CIK0000732717-submissions-002.json
2010-06-25,11-K,0000732717-10-000067,2010-06-25,blsssp_11k.htm,CIK0000732717-submissions-002.json
2010-06-25,11-K,0000732717-10-000066,2010-06-25,assp_11k.htm,CIK0000732717-submissions-002.json
2010-06-25,11-K,0000732717-10-000065,2010-06-25,arsp_11k.htm,CIK0000732717-submissions-002.json
2010-06-25,11-K,0000732717-10-000064,2010-06-25,aprsp_11k.htm,CIK0000732717-submissions-002.json
2010-06-25,11-K,0000732717-10-000063,2010-06-25,aprrsp_11k.htm,CIK0000732717-submissions-002.json
2010-06-25,11-K,0000732717-10-000062,2010-06-25,aprltssp_11k.htm,CIK0000732717-submissions-002.json
2010-06-25,11-K,0000732717-10-000061,2010-06-25,altssp_11k.htm,CIK0000732717-submissions-002.json
2010-06-25,11-K,0000732717-10-000058,2010-06-25,asp_11k.htm,CIK0000732717-submissions-002.json
2010-06-25,8-K,0000732717-10-000051,2010-06-24,june8k2010j24.htm,CIK0000732717-submissions-002.json
2010-06-30,4,0001225208-10-015845,2010-06-28,xslF345X03/doc4.xml,CIK0000732717-submissions-002.json
2010-06-30,4,0001225208-10-015844,2010-06-28,xslF345X03/doc4.xml,CIK0000732717-submissions-002.json
2010-07-02,4,0001225208-10-016473,2010-06-30,xslF345X03/doc4.xml,CIK0000732717-submissions-002.json
2010-07-02,4,0001225208-10-016471,2010-06-30,xslF345X03/doc4.xml,CIK0000732717-submissions-002.json
2010-07-02,4,0001225208-10-016470,2010-06-30,xslF345X03/doc4.xml,CIK0000732717-submissions-002.json
2010-07-02,4,0001225208-10-016469,2010-06-30,xslF345X03/doc4.xml,CIK0000732717-submissions-002.json
2010-07-02,4,0001225208-10-016468,2010-06-30,xslF345X03/doc4.xml,CIK0000732717-submissions-002.json
2010-07-02,4,0001225208-10-016467,2010-06-30,xslF345X03/doc4.xml,CIK0000732717-submissions-002.json
2010-07-02,4,0001225208-10-016466,2010-06-30,xslF345X03/doc4.xml,CIK0000732717-submissions-002.json
2010-07-02,4,0001225208-10-016465,2010-06-30,xslF345X03/doc4.xml,CIK0000732717-submissions-002.json
2010-07-02,4,0001225208-10-016464,2010-06-30,xslF345X03/doc4.xml,CIK0000732717-submissions-002.json
2010-07-02,4,0001225208-10-016462,2010-06-30,xslF345X03/doc4.xml,CIK0000732717-submissions-002.json
2010-07-02,4,0001225208-10-016461,2010-06-30,xslF345X03/doc4.xml,CIK0000732717-submissions-002.json
2010-07-02,4,0001225208-10-016460,2010-06-30,xslF345X03/doc4.xml,CIK0000732717-submissions-002.json
2010-07-02,4,0001225208-10-016459,2010-06-30,xslF345X03/doc4.xml,CIK0000732717-submissions-002.json
2010-07-22,8-K,0000732717-10-000071,2010-07-22,earning801_8k.htm,CIK0000732717-submissions-002.json
2010-07-22,8-K,0000732717-10-000070,2010-07-22,q2earnings8k.htm,CIK0000732717-submissions-002.json
2010-07-28,FWP,0000950123-10-068925,,d74793fwp.htm,CIK0000732717-submissions-002.json
2010-07-29,424B5,0000950123-10-069806,,d74793b5e424b5.htm,CIK0000732717-submissions-002.json
2010-07-30,424B5,0000950123-10-070051,,d74793x5e424b5.htm,CIK0000732717-submissions-002.json
2010-07-30,8-K,0000950123-10-070522,2010-07-30,d74898e8vk.htm,CIK0000732717-submissions-002.json
2010-08-02,SC 13D/A,0000950123-10-071141,,d74010sc13dza.htm,CIK0000732717-submissions-002.json
2010-08-02,SC 13D/A,0000950123-10-071140,,d74011sc13dza.htm,CIK0000732717-submissions-002.json
2010-08-03,4,0001225208-10-018163,2010-07-30,xslF345X03/doc4.xml,CIK0000732717-submissions-002.json
2010-08-03,4,0001225208-10-018162,2010-07-30,xslF345X03/doc4.xml,CIK0000732717-submissions-002.json
2010-08-03,4,0001225208-10-018161,2010-07-30,xslF345X03/doc4.xml,CIK0000732717-submissions-002.json
2010-08-03,4,0001225208-10-018160,2010-07-30,xslF345X03/doc4.xml,CIK0000732717-submissions-002.json
2010-08-03,4,0001225208-10-018159,2010-07-30,xslF345X03/doc4.xml,CIK0000732717-submissions-002.json
2010-08-03,4,0001225208-10-018158,2010-07-30,xslF345X03/doc4.xml,CIK0000732717-submissions-002.json
2010-08-03,4,0001225208-10-018157,2010-07-30,xslF345X03/doc4.xml,CIK0000732717-submissions-002.json
2010-08-03,4,0001225208-10-018156,2010-07-30,xslF345X03/doc4.xml,CIK0000732717-submissions-002.json
2010-08-03,4,0001225208-10-018155,2010-07-30,xslF345X03/doc4.xml,CIK0000732717-submissions-002.json
2010-08-03,4,0001225208-10-018154,2010-07-30,xslF345X03/doc4.xml,CIK0000732717-submissions-002.json
2010-08-03,4,0001225208-10-018153,2010-07-30,xslF345X03/doc4.xml,CIK0000732717-submissions-002.json
2010-08-03,4,0001225208-10-018152,2010-07-30,xslF345X03/doc4.xml,CIK0000732717-submissions-002.json
2010-08-03,4,0001225208-10-018151,2010-07-30,xslF345X03/doc4.xml,CIK0000732717-submissions-002.json
2010-08-03,4,0001225208-10-018150,2010-07-30,xslF345X03/doc4.xml,CIK0000732717-submissions-002.json
2010-08-03,4,0001225208-10-018149,2010-07-30,xslF345X03/doc4.xml,CIK0000732717-submissions-002.json
2010-08-03,4,0001225208-10-018148,2010-07-30,xslF345X03/doc4.xml,CIK0000732717-submissions-002.json
2010-08-03,4,0001225208-10-018147,2010-07-30,xslF345X03/doc4.xml,CIK0000732717-submissions-002.json
2010-08-03,4,0001225208-10-018146,2010-07-30,xslF345X03/doc4.xml,CIK0000732717-submissions-002.json
2010-08-03,4,0001225208-10-018145,2010-07-30,xslF345X03/doc4.xml,CIK0000732717-submissions-002.json
2010-08-03,4,0001225208-10-018144,2010-07-30,xslF345X03/doc4.xml,CIK0000732717-submissions-002.json
2010-08-03,4,0001225208-10-018143,2010-07-30,xslF345X03/doc4.xml,CIK0000732717-submissions-002.json
2010-08-03,4,0001225208-10-018142,2010-07-30,xslF345X03/doc4.xml,CIK0000732717-submissions-002.json
2010-08-04,4,0001225208-10-018335,2010-08-02,xslF345X03/doc4.xml,CIK0000732717-submissions-002.json
2010-08-04,4,0001225208-10-018334,2010-08-02,xslF345X03/doc4.xml,CIK0000732717-submissions-002.json
2010-08-04,4,0001225208-10-018333,2010-08-02,xslF345X03/doc4.xml,CIK0000732717-submissions-002.json
2010-08-04,8-K,0000891836-10-000142,2010-08-04,sc0090.htm,CIK0000732717-submissions-002.json
2010-08-06,10-Q,0000732717-10-000074,2010-06-30,att2q10.htm,CIK0000732717-submissions-002.json
2010-08-11,UPLOAD,0000000000-10-045779,,filename1.pdf,CIK0000732717-submissions-002.json
2010-08-18,8-K,0000950123-10-078836,2010-08-17,d75517e8vk.htm,CIK0000732717-submissions-002.json
2010-08-19,8-K,0000732717-10-000076,2010-08-18,august_8k.htm,CIK0000732717-submissions-002.json
2010-09-02,4,0001223203-10-000210,2010-08-31,xslF345X03/primary_doc.xml,CIK0000732717-submissions-002.json
2010-09-02,4,0001223203-10-000209,2010-08-31,xslF345X03/primary_doc.xml,CIK0000732717-submissions-002.json
2010-09-02,4,0001225208-10-020270,2010-08-31,xslF345X03/doc4.xml,CIK0000732717-submissions-002.json
2010-09-02,4,0001225208-10-020269,2010-08-31,xslF345X03/doc4.xml,CIK0000732717-submissions-002.json
2010-09-02,4,0001225208-10-020268,2010-08-31,xslF345X03/doc4.xml,CIK0000732717-submissions-002.json
2010-09-02,4,0001225208-10-020267,2010-08-31,xslF345X03/doc4.xml,CIK0000732717-submissions-002.json
2010-09-02,4,0001225208-10-020266,2010-08-31,xslF345X03/doc4.xml,CIK0000732717-submissions-002.json
2010-09-02,4,0001225208-10-020265,2010-08-31,xslF345X03/doc4.xml,CIK0000732717-submissions-002.json
2010-09-02,4,0001225208-10-020264,2010-08-31,xslF345X03/doc4.xml,CIK0000732717-submissions-002.json
2010-09-02,4,0001225208-10-020263,2010-08-31,xslF345X03/doc4.xml,CIK0000732717-submissions-002.json
2010-09-02,4,0001225208-10-020262,2010-08-31,xslF345X03/doc4.xml,CIK0000732717-submissions-002.json
2010-09-02,4,0001225208-10-020261,2010-08-31,xslF345X03/doc4.xml,CIK0000732717-submissions-002.json
2010-09-02,4,0001225208-10-020259,2010-08-31,xslF345X03/doc4.xml,CIK0000732717-submissions-002.json
2010-09-02,4,0001225208-10-020258,2010-08-31,xslF345X03/doc4.xml,CIK0000732717-submissions-002.json
2010-09-02,4,0001225208-10-020257,2010-08-31,xslF345X03/doc4.xml,CIK0000732717-submissions-002.json
2010-09-02,4,0001225208-10-020256,2010-08-31,xslF345X03/doc4.xml,CIK0000732717-submissions-002.json
2010-09-02,4,0001225208-10-020255,2010-08-31,xslF345X03/doc4.xml,CIK0000732717-submissions-002.json
2010-09-02,4,0001225208-10-020254,2010-08-31,xslF345X03/doc4.xml,CIK0000732717-submissions-002.json
2010-09-02,4,0001225208-10-020253,2010-08-31,xslF345X03/doc4.xml,CIK0000732717-submissions-002.json
2010-09-02,4,0001225208-10-020252,2010-08-31,xslF345X03/doc4.xml,CIK0000732717-submissions-002.json
2010-09-02,4,0001225208-10-020251,2010-08-31,xslF345X03/doc4.xml,CIK0000732717-submissions-002.json
2010-09-02,4,0001225208-10-020249,2010-08-31,xslF345X03/doc4.xml,CIK0000732717-submissions-002.json
2010-09-02,4,0001225208-10-020248,2010-08-31,xslF345X03/doc4.xml,CIK0000732717-submissions-002.json
2010-09-02,4,0001225208-10-020247,2010-08-31,xslF345X03/doc4.xml,CIK0000732717-submissions-002.json
2010-09-02,4,0001225208-10-020246,2010-08-31,xslF345X03/doc4.xml,CIK0000732717-submissions-002.json
2010-09-02,4,0001225208-10-020245,2010-08-31,xslF345X03/doc4.xml,CIK0000732717-submissions-002.json
2010-09-02,4,0001225208-10-020244,2010-08-31,xslF345X03/doc4.xml,CIK0000732717-submissions-002.json
2010-09-02,4,0001225208-10-020243,2010-08-31,xslF345X03/doc4.xml,CIK0000732717-submissions-002.json
2010-09-02,4,0001225208-10-020242,2010-08-31,xslF345X03/doc4.xml,CIK0000732717-submissions-002.json
2010-09-02,4,0001225208-10-020241,2010-08-31,xslF345X03/doc4.xml,CIK0000732717-submissions-002.json
2010-09-02,4,0001225208-10-020240,2010-08-31,xslF345X03/doc4.xml,CIK0000732717-submissions-002.json
2010-09-02,4,0001225208-10-020239,2010-08-31,xslF345X03/doc4.xml,CIK0000732717-submissions-002.json
2010-09-02,4,0001225208-10-020238,2010-08-31,xslF345X03/doc4.xml,CIK0000732717-submissions-002.json
2010-09-02,4,0001225208-10-020237,2010-08-31,xslF345X03/doc4.xml,CIK0000732717-submissions-002.json
2010-09-02,4,0001225208-10-020236,2010-08-31,xslF345X03/doc4.xml,CIK0000732717-submissions-002.json
2010-09-02,4,0001225208-10-020235,2010-08-31,xslF345X03/doc4.xml,CIK0000732717-submissions-002.json
2010-09-02,4,0001225208-10-020234,2010-08-31,xslF345X03/doc4.xml,CIK0000732717-submissions-002.json
2010-09-02,4,0001225208-10-020233,2010-08-31,xslF345X03/doc4.xml,CIK0000732717-submissions-002.json
2010-09-02,4,0001225208-10-020232,2010-08-31,xslF345X03/doc4.xml,CIK0000732717-submissions-002.json
2010-09-02,4,0001225208-10-020231,2010-08-31,xslF345X03/doc4.xml,CIK0000732717-submissions-002.json
2010-09-02,4,0001225208-10-020230,2010-08-31,xslF345X03/doc4.xml,CIK0000732717-submissions-002.json
2010-09-02,4,0001225208-10-020229,2010-08-31,xslF345X03/doc4.xml,CIK0000732717-submissions-002.json
2010-09-02,4,0001225208-10-020228,2010-08-31,xslF345X03/doc4.xml,CIK0000732717-submissions-002.json
2010-09-02,4,0001225208-10-020227,2010-08-31,xslF345X03/doc4.xml,CIK0000732717-submissions-002.json
2010-09-02,4,0001225208-10-020226,2010-08-31,xslF345X03/doc4.xml,CIK0000732717-submissions-002.json
2010-09-02,4,0001225208-10-020225,2010-08-31,xslF345X03/doc4.xml,CIK0000732717-submissions-002.json
2010-09-02,4,0001225208-10-020224,2010-08-31,xslF345X03/doc4.xml,CIK0000732717-submissions-002.json
2010-09-02,4,0001225208-10-020223,2010-08-31,xslF345X03/doc4.xml,CIK0000732717-submissions-002.json
2010-09-02,4,0001225208-10-020222,2010-08-31,xslF345X03/doc4.xml,CIK0000732717-submissions-002.json
2010-09-02,4,0001225208-10-020221,2010-08-31,xslF345X03/doc4.xml,CIK0000732717-submissions-002.json
2010-09-02,4,0001225208-10-020220,2010-08-31,xslF345X03/doc4.xml,CIK0000732717-submissions-002.json
2010-09-02,4,0001225208-10-020219,2010-08-31,xslF345X03/doc4.xml,CIK0000732717-submissions-002.json
2010-09-02,4,0001225208-10-020217,2010-08-31,xslF345X03/doc4.xml,CIK0000732717-submissions-002.json
2010-09-02,4,0001225208-10-020216,2010-08-31,xslF345X03/doc4.xml,CIK0000732717-submissions-002.json
2010-09-02,4,0001225208-10-020215,2010-08-31,xslF345X03/doc4.xml,CIK0000732717-submissions-002.json
2010-09-02,4,0001223203-10-000208,2010-08-31,xslF345X03/primary_doc.xml,CIK0000732717-submissions-002.json
2010-09-02,8-K,0000950123-10-083423,2010-09-02,d75834e8vk.htm,CIK0000732717-submissions-002.json
2010-09-30,8-K,0000732717-10-000082,2010-09-24,sept20108k.htm,CIK0000732717-submissions-002.json
2010-10-01,3,0001225208-10-021609,2010-09-24,xslF345X02/doc3.xml,CIK0000732717-submissions-002.json
2010-10-01,8-K,0000732717-10-000085,2010-10-01,settlement_8k.htm,CIK0000732717-submissions-002.json
2010-10-04,4,0001225208-10-022097,2010-09-30,xslF345X03/doc4.xml,CIK0000732717-submissions-002.json
2010-10-04,4,0001225208-10-022096,2010-09-30,xslF345X03/doc4.xml,CIK0000732717-submissions-002.json
2010-10-04,4,0001225208-10-022095,2010-09-30,xslF345X03/doc4.xml,CIK0000732717-submissions-002.json
2010-10-04,4,0001225208-10-022094,2010-09-30,xslF345X03/doc4.xml,CIK0000732717-submissions-002.json
2010-10-04,4,0001225208-10-022093,2010-09-30,xslF345X03/doc4.xml,CIK0000732717-submissions-002.json
2010-10-04,4,0001225208-10-022092,2010-09-30,xslF345X03/doc4.xml,CIK0000732717-submissions-002.json
2010-10-04,4,0001225208-10-022091,2010-09-30,xslF345X03/doc4.xml,CIK0000732717-submissions-002.json
2010-10-04,4,0001225208-10-022090,2010-09-30,xslF345X03/doc4.xml,CIK0000732717-submissions-002.json
2010-10-04,4,0001225208-10-022077,2010-09-30,xslF345X03/doc4.xml,CIK0000732717-submissions-002.json
2010-10-04,4,0001225208-10-022074,2010-09-30,xslF345X03/doc4.xml,CIK0000732717-submissions-002.json
2010-10-04,4,0001225208-10-022062,2010-09-30,xslF345X03/doc4.xml,CIK0000732717-submissions-002.json
2010-10-21,8-K,0000732717-10-000089,2010-10-21,earnings801_8k.htm,CIK0000732717-submissions-002.json
2010-10-21,8-K,0000732717-10-000087,2010-10-21,q3earnings8k.htm,CIK0000732717-submissions-002.json
2010-10-29,SC 13D/A,0000891836-10-000193,,sc0123.htm,CIK0000732717-submissions-002.json
2010-11-02,4,0001225208-10-024030,2010-10-29,xslF345X03/doc4.xml,CIK0000732717-submissions-002.json
2010-11-02,4,0001225208-10-024029,2010-10-29,xslF345X03/doc4.xml,CIK0000732717-submissions-002.json
2010-11-02,4,0001225208-10-024028,2010-10-29,xslF345X03/doc4.xml,CIK0000732717-submissions-002.json
2010-11-02,4,0001225208-10-024027,2010-10-29,xslF345X03/doc4.xml,CIK0000732717-submissions-002.json
2010-11-02,4,0001225208-10-024026,2010-10-29,xslF345X03/doc4.xml,CIK0000732717-submissions-002.json
2010-11-02,4,0001225208-10-024025,2010-10-29,xslF345X03/doc4.xml,CIK0000732717-submissions-002.json
2010-11-02,4,0001225208-10-024024,2010-10-29,xslF345X03/doc4.xml,CIK0000732717-submissions-002.json
2010-11-02,4,0001225208-10-024023,2010-10-29,xslF345X03/doc4.xml,CIK0000732717-submissions-002.json
2010-11-02,4,0001225208-10-024022,2010-10-29,xslF345X03/doc4.xml,CIK0000732717-submissions-002.json
2010-11-02,4,0001225208-10-024020,2010-10-29,xslF345X03/doc4.xml,CIK0000732717-submissions-002.json
2010-11-02,4,0001225208-10-024019,2010-10-29,xslF345X03/doc4.xml,CIK0000732717-submissions-002.json
2010-11-02,4,0001225208-10-024018,2010-10-29,xslF345X03/doc4.xml,CIK0000732717-submissions-002.json
2010-11-02,4,0001225208-10-024017,2010-10-29,xslF345X03/doc4.xml,CIK0000732717-submissions-002.json
2010-11-02,4,0001225208-10-024016,2010-10-29,xslF345X03/doc4.xml,CIK0000732717-submissions-002.json
2010-11-02,4,0001225208-10-024015,2010-10-29,xslF345X03/doc4.xml,CIK0000732717-submissions-002.json
2010-11-02,4,0001225208-10-024014,2010-10-29,xslF345X03/doc4.xml,CIK0000732717-submissions-002.json
2010-11-02,4,0001225208-10-024013,2010-10-29,xslF345X03/doc4.xml,CIK0000732717-submissions-002.json
2010-11-02,4,0001225208-10-024012,2010-10-29,xslF345X03/doc4.xml,CIK0000732717-submissions-002.json
2010-11-02,4,0001225208-10-024011,2010-10-29,xslF345X03/doc4.xml,CIK0000732717-submissions-002.json
2010-11-02,4,0001225208-10-024010,2010-10-29,xslF345X03/doc4.xml,CIK0000732717-submissions-002.json
2010-11-03,4,0001225208-10-024137,2010-11-01,xslF345X03/doc4.xml,CIK0000732717-submissions-002.json
2010-11-03,4,0001225208-10-024136,2010-11-01,xslF345X03/doc4.xml,CIK0000732717-submissions-002.json
2010-11-03,4,0001225208-10-024135,2010-11-01,xslF345X03/doc4.xml,CIK0000732717-submissions-002.json
2010-11-05,10-Q,0000732717-10-000091,2010-09-30,att3q10.htm,CIK0000732717-submissions-002.json
2010-11-18,SC 13D/A,0000891836-10-000212,,sc0133.htm,CIK0000732717-submissions-002.json
2010-12-01,8-K,0000732717-10-000093,2010-11-30,nov30_8k.htm,CIK0000732717-submissions-002.json
2010-12-02,4,0001225208-10-026168,2010-11-30,xslF345X03/doc4.xml,CIK0000732717-submissions-002.json
2010-12-02,4,0001225208-10-026167,2010-11-30,xslF345X03/doc4.xml,CIK0000732717-submissions-002.json
2010-12-02,4,0001225208-10-026165,2010-11-30,xslF345X03/doc4.xml,CIK0000732717-submissions-002.json
2010-12-02,4,0001225208-10-026164,2010-11-30,xslF345X03/doc4.xml,CIK0000732717-submissions-002.json
2010-12-02,4,0001225208-10-026163,2010-11-30,xslF345X03/doc4.xml,CIK0000732717-submissions-002.json
2010-12-02,4,0001225208-10-026162,2010-11-30,xslF345X03/doc4.xml,CIK0000732717-submissions-002.json
2010-12-02,4,0001225208-10-026161,2010-11-30,xslF345X03/doc4.xml,CIK0000732717-submissions-002.json
2010-12-02,4,0001225208-10-026160,2010-11-30,xslF345X03/doc4.xml,CIK0000732717-submissions-002.json
2010-12-02,4,0001225208-10-026159,2010-11-30,xslF345X03/doc4.xml,CIK0000732717-submissions-002.json
2010-12-02,4,0001225208-10-026153,2010-11-30,xslF345X03/doc4.xml,CIK0000732717-submissions-002.json
2010-12-07,8-K,0000732717-10-000095,2010-12-06,dec6_8k.htm,CIK0000732717-submissions-002.json
2010-12-16,NO ACT,9999999997-10-020770,2010-12-03,9999999997-10-020770.paper,CIK0000732717-submissions-002.json
2010-12-17,8-K/A,0000732717-10-000097,2010-12-17,rose8ka.htm,CIK0000732717-submissions-002.json
2010-12-20,8-K,0000732717-10-000102,2010-12-20,creditfacility_8k.htm,CIK0000732717-submissions-002.json
2010-12-20,8-K,0000732717-10-000101,2010-12-17,spectrum_8k.htm,CIK0000732717-submissions-002.json
2010-12-22,NO ACT,9999999997-11-000067,2010-11-23,9999999997-11-000067.paper,CIK0000732717-submissions-002.json
2011-01-04,4,0001127602-11-000844,2010-12-31,xslF345X03/form4.xml,CIK0000732717-submissions-002.json
2011-01-04,4,0001127602-11-000840,2010-12-31,xslF345X03/form4.xml,CIK0000732717-submissions-002.json
2011-01-04,4,0001127602-11-000837,2010-12-31,xslF345X03/form4.xml,CIK0000732717-submissions-002.json
2011-01-04,4,0001127602-11-000831,2010-12-31,xslF345X03/form4.xml,CIK0000732717-submissions-002.json
2011-01-04,4,0001127602-11-000828,2010-12-31,xslF345X03/form4.xml,CIK0000732717-submissions-002.json
2011-01-04,4,0001127602-11-000822,2010-12-31,xslF345X03/form4.xml,CIK0000732717-submissions-002.json
2011-01-04,4,0001127602-11-000816,2010-12-31,xslF345X03/form4.xml,CIK0000732717-submissions-002.json
2011-01-04,4,0001127602-11-000806,2010-12-31,xslF345X03/form4.xml,CIK0000732717-submissions-002.json
2011-01-04,4,0001127602-11-000803,2010-12-31,xslF345X03/form4.xml,CIK0000732717-submissions-002.json
2011-01-04,4,0001127602-11-000801,2010-12-31,xslF345X03/form4.xml,CIK0000732717-submissions-002.json
2011-01-04,4,0001127602-11-000791,2010-12-31,xslF345X03/form4.xml,CIK0000732717-submissions-002.json
2011-01-05,4,0001127602-11-001023,2011-01-03,xslF345X03/form4.xml,CIK0000732717-submissions-002.json
2011-01-05,4,0001127602-11-001021,2011-01-03,xslF345X03/form4.xml,CIK0000732717-submissions-002.json
2011-01-05,4,0001127602-11-001017,2011-01-03,xslF345X03/form4.xml,CIK0000732717-submissions-002.json
2011-01-13,8-K,0000732717-11-000004,2011-01-13,pension_8k.htm,CIK0000732717-submissions-002.json
2011-01-18,NO ACT,9999999997-11-000653,2010-12-17,9999999997-11-000653.paper,CIK0000732717-submissions-002.json
2011-01-21,NO ACT,9999999997-11-000668,2010-12-10,9999999997-11-000668.paper,CIK0000732717-submissions-002.json
2011-01-27,8-K,0000732717-11-000010,2011-01-27,q4earnings801_8k.htm,CIK0000732717-submissions-002.json
2011-01-27,8-K,0000732717-11-000008,2011-01-27,q4earnings8k.htm,CIK0000732717-submissions-002.json
2011-01-31,4,0001127602-11-003052,2011-01-28,xslF345X03/form4.xml,CIK0000732717-submissions-002.json
2011-01-31,4,0001127602-11-003044,2011-01-28,xslF345X03/form4.xml,CIK0000732717-submissions-002.json
2011-01-31,4,0001127602-11-002990,2011-01-27,xslF345X03/form4.xml,CIK0000732717-submissions-002.json
2011-01-31,4,0001127602-11-002981,2011-01-27,xslF345X03/form4.xml,CIK0000732717-submissions-002.json
2011-01-31,4,0001127602-11-002976,2011-01-27,xslF345X03/form4.xml,CIK0000732717-submissions-002.json
2011-01-31,4,0001127602-11-002969,2011-01-27,xslF345X03/form4.xml,CIK0000732717-submissions-002.json
2011-01-31,4,0001127602-11-002968,2011-01-27,xslF345X03/form4.xml,CIK0000732717-submissions-002.json
2011-01-31,4,0001127602-11-002966,2011-01-27,xslF345X03/form4.xml,CIK0000732717-submissions-002.json
2011-01-31,4,0001127602-11-002965,2011-01-27,xslF345X03/form4.xml,CIK0000732717-submissions-002.json
2011-01-31,4,0001127602-11-002964,2011-01-27,xslF345X03/form4.xml,CIK0000732717-submissions-002.json
2011-01-31,4,0001127602-11-002961,2011-01-27,xslF345X03/form4.xml,CIK0000732717-submissions-002.json
2011-01-31,4,0001127602-11-002958,2011-01-27,xslF345X03/form4.xml,CIK0000732717-submissions-002.json
2011-02-01,4,0001127602-11-003239,2011-01-31,xslF345X03/form4.xml,CIK0000732717-submissions-002.json
2011-02-01,4,0001127602-11-003238,2011-01-31,xslF345X03/form4.xml,CIK0000732717-submissions-002.json
2011-02-01,4,0001127602-11-003236,2011-01-31,xslF345X03/form4.xml,CIK0000732717-submissions-002.json
2011-02-01,4,0001127602-11-003235,2011-01-31,xslF345X03/form4.xml,CIK0000732717-submissions-002.json
2011-02-01,4,0001127602-11-003233,2011-01-31,xslF345X03/form4.xml,CIK0000732717-submissions-002.json
2011-02-01,4,0001127602-11-003230,2011-01-31,xslF345X03/form4.xml,CIK0000732717-submissions-002.json
2011-02-01,4,0001127602-11-003229,2011-01-31,xslF345X03/form4.xml,CIK0000732717-submissions-002.json
2011-02-01,4,0001127602-11-003228,2011-01-31,xslF345X03/form4.xml,CIK0000732717-submissions-002.json
2011-02-01,4,0001127602-11-003227,2011-01-31,xslF345X03/form4.xml,CIK0000732717-submissions-002.json
2011-02-01,4,0001127602-11-003225,2011-01-31,xslF345X03/form4.xml,CIK0000732717-submissions-002.json
2011-02-01,4,0001127602-11-003223,2011-01-31,xslF345X03/form4.xml,CIK0000732717-submissions-002.json
2011-02-01,4,0001127602-11-003221,2011-01-31,xslF345X03/form4.xml,CIK0000732717-submissions-002.json
2011-02-01,4,0001127602-11-003219,2011-01-31,xslF345X03/form4.xml,CIK0000732717-submissions-002.json
2011-02-01,4,0001127602-11-003216,2011-01-31,xslF345X03/form4.xml,CIK0000732717-submissions-002.json
2011-02-01,4,0001127602-11-003215,2011-01-31,xslF345X03/form4.xml,CIK0000732717-submissions-002.json
2011-02-01,4,0001127602-11-003214,2011-01-31,xslF345X03/form4.xml,CIK0000732717-submissions-002.json
2011-02-01,4,0001127602-11-003213,2011-01-31,xslF345X03/form4.xml,CIK0000732717-submissions-002.json
2011-02-01,4,0001127602-11-003210,2011-01-31,xslF345X03/form4.xml,CIK0000732717-submissions-002.json
2011-02-01,4,0001127602-11-003208,2011-01-31,xslF345X03/form4.xml,CIK0000732717-submissions-002.json
2011-02-01,4,0001127602-11-003207,2011-01-31,xslF345X03/form4.xml,CIK0000732717-submissions-002.json
2011-02-01,4,0001127602-11-003206,2011-01-31,xslF345X03/form4.xml,CIK0000732717-submissions-002.json
2011-02-02,4,0001127602-11-003462,2011-02-01,xslF345X03/form4.xml,CIK0000732717-submissions-002.json
2011-02-02,NO ACT,9999999997-11-000820,2010-12-10,9999999997-11-000820.paper,CIK0000732717-submissions-002.json
2011-02-02,SC 13G/A,0001086364-11-002321,,attinc123110.txt,CIK0000732717-submissions-002.json
2011-02-03,4,0001127602-11-003702,2011-02-01,xslF345X03/form4.xml,CIK0000732717-submissions-002.json
2011-02-03,4,0001127602-11-003701,2011-02-01,xslF345X03/form4.xml,CIK0000732717-submissions-002.json
2011-02-08,NO ACT,9999999997-11-000962,2010-12-17,9999999997-11-000962.paper,CIK0000732717-submissions-002.json
2011-02-10,4/A,0001127602-11-004840,2011-01-27,xslF345X03/form4a.xml,CIK0000732717-submissions-002.json
2011-02-10,4/A,0001127602-11-004839,2011-01-27,xslF345X03/form4a.xml,CIK0000732717-submissions-002.json
2011-02-10,4/A,0001127602-11-004838,2011-01-27,xslF345X03/form4a.xml,CIK0000732717-submissions-002.json
2011-02-10,4/A,0001127602-11-004837,2011-01-27,xslF345X03/form4a.xml,CIK0000732717-submissions-002.json
2011-02-10,4/A,0001127602-11-004834,2011-01-27,xslF345X03/form4a.xml,CIK0000732717-submissions-002.json
2011-02-10,4/A,0001127602-11-004833,2011-01-27,xslF345X03/form4a.xml,CIK0000732717-submissions-002.json
2011-02-10,4/A,0001127602-11-004832,2011-01-27,xslF345X03/form4a.xml,CIK0000732717-submissions-002.json
2011-02-10,5,0001127602-11-004831,2010-12-31,xslF345X03/form5.xml,CIK0000732717-submissions-002.json
2011-02-14,5,0001127602-11-005167,2010-12-31,xslF345X03/form5.xml,CIK0000732717-submissions-002.json
2011-02-17,4,0001127602-11-006015,2011-02-15,xslF345X03/form4.xml,CIK0000732717-submissions-002.json
2011-02-17,4,0001127602-11-006014,2011-02-15,xslF345X03/form4.xml,CIK0000732717-submissions-002.json
2011-02-17,4,0001127602-11-006013,2011-02-15,xslF345X03/form4.xml,CIK0000732717-submissions-002.json
2011-02-17,4,0001127602-11-006008,2011-02-15,xslF345X03/form4.xml,CIK0000732717-submissions-002.json
2011-02-17,4,0001127602-11-006007,2011-02-15,xslF345X03/form4.xml,CIK0000732717-submissions-002.json
2011-02-17,4,0001127602-11-006006,2011-02-15,xslF345X03/form4.xml,CIK0000732717-submissions-002.json
2011-02-17,4,0001127602-11-006004,2011-02-15,xslF345X03/form4.xml,CIK0000732717-submissions-002.json
2011-02-17,4,0001127602-11-006003,2011-02-15,xslF345X03/form4.xml,CIK0000732717-submissions-002.json
2011-02-17,4,0001127602-11-006002,2011-02-15,xslF345X03/form4.xml,CIK0000732717-submissions-002.json
2011-02-22,4/A,0001127602-11-006762,2011-02-15,xslF345X03/form4a.xml,CIK0000732717-submissions-002.json
2011-03-01,10-K,0000732717-11-000014,2010-12-31,ye10_10k.htm,CIK0000732717-submissions-002.json
2011-03-01,SC 13D/A,0000950123-11-020776,,d80184bsc13dza.htm,CIK0000732717-submissions-002.json
2011-03-01,SC 13D/A,0000950123-11-020769,,d80184asc13dza.htm,CIK0000732717-submissions-002.json
2011-03-02,4,0001127602-11-008520,2011-02-28,xslF345X03/form4.xml,CIK0000732717-submissions-002.json
2011-03-02,4,0001127602-11-008518,2011-02-28,xslF345X03/form4.xml,CIK0000732717-submissions-002.json
2011-03-02,4,0001127602-11-008517,2011-02-28,xslF345X03/form4.xml,CIK0000732717-submissions-002.json
2011-03-02,4,0001127602-11-008516,2011-02-28,xslF345X03/form4.xml,CIK0000732717-submissions-002.json
2011-03-02,4,0001127602-11-008511,2011-02-28,xslF345X03/form4.xml,CIK0000732717-submissions-002.json
2011-03-02,4,0001127602-11-008508,2011-02-28,xslF345X03/form4.xml,CIK0000732717-submissions-002.json
2011-03-02,4,0001127602-11-008505,2011-02-28,xslF345X03/form4.xml,CIK0000732717-submissions-002.json
2011-03-02,4,0001127602-11-008504,2011-02-28,xslF345X03/form4.xml,CIK0000732717-submissions-002.json
2011-03-02,4,0001127602-11-008503,2011-02-28,xslF345X03/form4.xml,CIK0000732717-submissions-002.json
2011-03-02,4,0001127602-11-008500,2011-02-28,xslF345X03/form4.xml,CIK0000732717-submissions-002.json
2011-03-02,4,0001127602-11-008498,2011-02-28,xslF345X03/form4.xml,CIK0000732717-submissions-002.json
2011-03-02,4,0001127602-11-008495,2011-02-28,xslF345X03/form4.xml,CIK0000732717-submissions-002.json
2011-03-02,4/A,0001127602-11-008502,2010-06-15,xslF345X03/form4a.xml,CIK0000732717-submissions-002.json
2011-03-04,NO ACT,9999999997-11-003236,2011-03-02,9999999997-11-003236.paper,CIK0000732717-submissions-002.json
2011-03-07,8-K,0000732717-11-000016,2011-03-04,lindner_8k.htm,CIK0000732717-submissions-002.json
2011-03-10,DEF 14A,0001193125-11-062175,2011-04-29,ddef14a.htm,CIK0000732717-submissions-002.json
2011-03-10,DEFA14A,0001193125-11-062179,,ddefa14a.htm,CIK0000732717-submissions-002.json
2011-03-14,4,0001127602-11-010087,2011-03-10,xslF345X03/form4.xml,CIK0000732717-submissions-002.json
2011-03-14,4,0001127602-11-010085,2011-03-10,xslF345X03/form4.xml,CIK0000732717-submissions-002.json
2011-03-14,4,0001127602-11-010083,2011-03-10,xslF345X03/form4.xml,CIK0000732717-submissions-002.json
2011-03-14,4,0001127602-11-010081,2011-03-10,xslF345X03/form4.xml,CIK0000732717-submissions-002.json
2011-03-14,4,0001127602-11-010079,2011-03-10,xslF345X03/form4.xml,CIK0000732717-submissions-002.json
2011-03-14,4,0001127602-11-010077,2011-03-10,xslF345X03/form4.xml,CIK0000732717-submissions-002.json
2011-03-21,8-K,0001193125-11-072458,2011-03-20,d8k.htm,CIK0000732717-submissions-002.json
2011-03-21,8-K,0001193125-11-071855,2011-03-20,d8k.htm,CIK0000732717-submissions-002.json
2011-03-25,S-8,0000732717-11-000030,,s8incentiveplan2011.htm,CIK0000732717-submissions-002.json
2011-03-25,S-8,0000732717-11-000028,,s8.htm,CIK0000732717-submissions-002.json
2011-03-29,8-K/A,0000732717-11-000033,2011-03-04,form8k-a.htm,CIK0000732717-submissions-002.json
2011-03-31,8-K,0001193125-11-084973,2011-03-31,d8k.htm,CIK0000732717-submissions-002.json
2011-04-01,S-4,0000950123-11-032023,,d81112sv4.htm,CIK0000732717-submissions-002.json
2011-04-04,4,0001127602-11-012143,2011-03-31,xslF345X03/form4.xml,CIK0000732717-submissions-002.json
2011-04-04,4,0001127602-11-012140,2011-03-31,xslF345X03/form4.xml,CIK0000732717-submissions-002.json
2011-04-04,4,0001127602-11-012137,2011-03-31,xslF345X03/form4.xml,CIK0000732717-submissions-002.json
2011-04-04,4,0001127602-11-012136,2011-03-31,xslF345X03/form4.xml,CIK0000732717-submissions-002.json
2011-04-04,4,0001127602-11-012135,2011-03-31,xslF345X03/form4.xml,CIK0000732717-submissions-002.json
2011-04-04,4,0001127602-11-012134,2011-03-31,xslF345X03/form4.xml,CIK0000732717-submissions-002.json
2011-04-04,4,0001127602-11-012133,2011-03-31,xslF345X03/form4.xml,CIK0000732717-submissions-002.json
2011-04-04,4,0001127602-11-012131,2011-03-31,xslF345X03/form4.xml,CIK0000732717-submissions-002.json
2011-04-04,4,0001127602-11-012129,2011-03-31,xslF345X03/form4.xml,CIK0000732717-submissions-002.json
2011-04-04,4,0001127602-11-012128,2011-03-31,xslF345X03/form4.xml,CIK0000732717-submissions-002.json
2011-04-04,4,0001127602-11-012127,2011-03-31,xslF345X03/form4.xml,CIK0000732717-submissions-002.json
2011-04-04,4,0001127602-11-012126,2011-03-31,xslF345X03/form4.xml,CIK0000732717-submissions-002.json
2011-04-06,4,0001127602-11-012642,2011-04-05,xslF345X03/form4.xml,CIK0000732717-submissions-002.json
2011-04-13,424B3,0000950123-11-035244,,d81112b3e424b3.htm,CIK0000732717-submissions-002.json
2011-04-13,EFFECT,9999999995-11-001006,,xslEFFECTX01/primary_doc.xml,CIK0000732717-submissions-002.json
2011-04-20,8-K,0000732717-11-000038,2011-04-20,earnings801_8k.htm,CIK0000732717-submissions-002.json
2011-04-20,8-K,0000732717-11-000035,2011-04-20,q1earnings8k.htm,CIK0000732717-submissions-002.json
2011-04-21,ARS,9999999997-11-009448,2010-12-31,9999999997-11-009448.paper,CIK0000732717-submissions-002.json
2011-04-25,4,0001127602-11-013596,2011-04-21,xslF345X03/form4.xml,CIK0000732717-submissions-002.json
2011-04-25,4,0001127602-11-013595,2011-04-21,xslF345X03/form4.xml,CIK0000732717-submissions-002.json
2011-04-25,4,0001127602-11-013592,2011-04-21,xslF345X03/form4.xml,CIK0000732717-submissions-002.json
2011-04-26,FWP,0000950123-11-039381,,d81643fwfwp.htm,CIK0000732717-submissions-002.json
2011-04-27,424B5,0000950123-11-040184,,d81643b5e424b5.htm,CIK0000732717-submissions-002.json
2011-04-28,4,0001127602-11-014000,2011-04-27,xslF345X03/form4.xml,CIK0000732717-submissions-002.json
2011-04-28,4,0001127602-11-013999,2011-04-27,xslF345X03/form4.xml,CIK0000732717-submissions-002.json
2011-04-29,4,0001127602-11-014159,2011-04-28,xslF345X03/form4.xml,CIK0000732717-submissions-002.json
2011-04-29,8-K,0000950123-11-041635,2011-04-29,d81722e8vk.htm,CIK0000732717-submissions-002.json
2011-05-03,4,0001127602-11-014844,2011-04-29,xslF345X03/form4.xml,CIK0000732717-submissions-002.json
2011-05-03,4,0001127602-11-014842,2011-04-29,xslF345X03/form4.xml,CIK0000732717-submissions-002.json
2011-05-03,4,0001127602-11-014840,2011-04-29,xslF345X03/form4.xml,CIK0000732717-submissions-002.json
2011-05-03,4,0001127602-11-014837,2011-04-29,xslF345X03/form4.xml,CIK0000732717-submissions-002.json
2011-05-03,4,0001127602-11-014825,2011-04-29,xslF345X03/form4.xml,CIK0000732717-submissions-002.json
2011-05-03,4,0001127602-11-014822,2011-04-29,xslF345X03/form4.xml,CIK0000732717-submissions-002.json
2011-05-03,4,0001127602-11-014819,2011-04-29,xslF345X03/form4.xml,CIK0000732717-submissions-002.json
2011-05-03,4,0001127602-11-014818,2011-04-29,xslF345X03/form4.xml,CIK0000732717-submissions-002.json
2011-05-03,4,0001127602-11-014815,2011-04-29,xslF345X03/form4.xml,CIK0000732717-submissions-002.json
2011-05-03,4,0001127602-11-014811,2011-04-29,xslF345X03/form4.xml,CIK0000732717-submissions-002.json
2011-05-03,4,0001127602-11-014808,2011-04-29,xslF345X03/form4.xml,CIK0000732717-submissions-002.json
2011-05-03,4,0001127602-11-014706,2011-04-29,xslF345X03/form4.xml,CIK0000732717-submissions-002.json
2011-05-03,4,0001127602-11-014703,2011-04-29,xslF345X03/form4.xml,CIK0000732717-submissions-002.json
2011-05-03,4,0001127602-11-014700,2011-04-29,xslF345X03/form4.xml,CIK0000732717-submissions-002.json
2011-05-03,4,0001127602-11-014699,2011-04-29,xslF345X03/form4.xml,CIK0000732717-submissions-002.json
2011-05-03,4,0001127602-11-014696,2011-04-29,xslF345X03/form4.xml,CIK0000732717-submissions-002.json
2011-05-03,4,0001127602-11-014691,2011-04-29,xslF345X03/form4.xml,CIK0000732717-submissions-002.json
2011-05-03,4,0001127602-11-014689,2011-04-29,xslF345X03/form4.xml,CIK0000732717-submissions-002.json
2011-05-03,4,0001127602-11-014687,2011-04-29,xslF345X03/form4.xml,CIK0000732717-submissions-002.json
2011-05-03,4,0001127602-11-014684,2011-04-29,xslF345X03/form4.xml,CIK0000732717-submissions-002.json
2011-05-03,4,0001127602-11-014680,2011-04-29,xslF345X03/form4.xml,CIK0000732717-submissions-002.json
2011-05-05,8-K,0000732717-11-000041,2011-04-29,votingresults8k.htm,CIK0000732717-submissions-002.json
2011-05-06,10-Q,0001193125-11-130267,2011-03-31,d10q.htm,CIK0000732717-submissions-002.json
2011-05-25,4,0001127602-11-017480,2011-05-23,xslF345X03/form4.xml,CIK0000732717-submissions-002.json
2011-06-02,3,0001127602-11-018419,2011-06-01,xslF345X02/form3.xml,CIK0000732717-submissions-002.json
2011-06-02,4,0001127602-11-018350,2011-05-31,xslF345X03/form4.xml,CIK0000732717-submissions-002.json
2011-06-02,4,0001127602-11-018348,2011-05-31,xslF345X03/form4.xml,CIK0000732717-submissions-002.json
2011-06-02,4,0001127602-11-018345,2011-05-31,xslF345X03/form4.xml,CIK0000732717-submissions-002.json
2011-06-02,4,0001127602-11-018344,2011-05-31,xslF345X03/form4.xml,CIK0000732717-submissions-002.json
2011-06-02,4,0001127602-11-018342,2011-05-31,xslF345X03/form4.xml,CIK0000732717-submissions-002.json
2011-06-02,4,0001127602-11-018340,2011-05-31,xslF345X03/form4.xml,CIK0000732717-submissions-002.json
2011-06-02,4,0001127602-11-018337,2011-05-31,xslF345X03/form4.xml,CIK0000732717-submissions-002.json
2011-06-02,4,0001127602-11-018335,2011-05-31,xslF345X03/form4.xml,CIK0000732717-submissions-002.json
2011-06-02,4,0001127602-11-018332,2011-05-31,xslF345X03/form4.xml,CIK0000732717-submissions-002.json
2011-06-02,4,0001127602-11-018320,2011-05-31,xslF345X03/form4.xml,CIK0000732717-submissions-002.json
2011-06-16,4,0001127602-11-019436,2011-06-15,xslF345X03/form4.xml,CIK0000732717-submissions-002.json
2011-06-16,4,0001127602-11-019435,2011-06-15,xslF345X03/form4.xml,CIK0000732717-submissions-002.json
2011-06-17,11-K,0000732717-11-000057,2010-12-31,aprrsp_11k.htm,CIK0000732717-submissions-002.json
2011-06-17,11-K,0000732717-11-000056,2010-12-31,aprsp_11k.htm,CIK0000732717-submissions-002.json
2011-06-17,11-K,0000732717-11-000055,2010-12-31,arsp_11k.htm,CIK0000732717-submissions-002.json
2011-06-17,11-K,0000732717-11-000054,2010-12-31,asp_11k.htm,CIK0000732717-submissions-002.json
2011-06-17,11-K,0000732717-11-000053,2010-12-31,arpltssp_11k.htm,CIK0000732717-submissions-002.json
2011-06-17,11-K,0000732717-11-000052,2010-12-31,altssp_11k.htm,CIK0000732717-submissions-002.json
2011-06-17,11-K,0000732717-11-000051,2010-12-31,assp_11k.htm,CIK0000732717-submissions-002.json
2011-06-17,11-K,0000732717-11-000050,2010-12-31,blsssp_11k.htm,CIK0000732717-submissions-002.json
2011-06-27,8-K,0000732717-11-000061,2011-06-24,bylawamend.htm,CIK0000732717-submissions-002.json
2011-06-30,4,0001127602-11-020087,2011-06-28,xslF345X03/form4.xml,CIK0000732717-submissions-002.json
2011-06-30,4,0001127602-11-020086,2011-06-28,xslF345X03/form4.xml,CIK0000732717-submissions-002.json
2011-07-05,4,0001127602-11-020401,2011-06-30,xslF345X03/form4.xml,CIK0000732717-submissions-002.json
2011-07-05,4,0001127602-11-020398,2011-06-30,xslF345X03/form4.xml,CIK0000732717-submissions-002.json
2011-07-05,4,0001127602-11-020388,2011-06-30,xslF345X03/form4.xml,CIK0000732717-submissions-002.json
2011-07-05,4,0001127602-11-020386,2011-06-30,xslF345X03/form4.xml,CIK0000732717-submissions-002.json
2011-07-05,4,0001127602-11-020385,2011-06-30,xslF345X03/form4.xml,CIK0000732717-submissions-002.json
2011-07-05,4,0001127602-11-020384,2011-06-30,xslF345X03/form4.xml,CIK0000732717-submissions-002.json
2011-07-05,4,0001127602-11-020383,2011-06-30,xslF345X03/form4.xml,CIK0000732717-submissions-002.json
2011-07-05,4,0001127602-11-020382,2011-06-30,xslF345X03/form4.xml,CIK0000732717-submissions-002.json
2011-07-05,4,0001127602-11-020381,2011-06-30,xslF345X03/form4.xml,CIK0000732717-submissions-002.json
2011-07-05,4,0001127602-11-020380,2011-06-30,xslF345X03/form4.xml,CIK0000732717-submissions-002.json
2011-07-05,4,0001127602-11-020379,2011-06-30,xslF345X03/form4.xml,CIK0000732717-submissions-002.json
2011-07-05,4,0001127602-11-020377,2011-06-30,xslF345X03/form4.xml,CIK0000732717-submissions-002.json
2011-07-21,8-K,0000732717-11-000069,2011-07-21,earnings801_8k.htm,CIK0000732717-submissions-002.json
2011-07-21,8-K,0000732717-11-000066,2011-07-21,earnings801_8k.htm,CIK0000732717-submissions-002.json
2011-07-21,8-K,0000732717-11-000064,2011-07-21,q2earning8k.htm,CIK0000732717-submissions-002.json
2011-08-01,8-K,0000732717-11-000072,2011-08-01,telmex8k.htm,CIK0000732717-submissions-002.json
2011-08-02,4,0001127602-11-022615,2011-07-29,xslF345X03/form4.xml,CIK0000732717-submissions-002.json
2011-08-02,4,0001127602-11-022613,2011-07-29,xslF345X03/form4.xml,CIK0000732717-submissions-002.json
2011-08-02,4,0001127602-11-022611,2011-07-29,xslF345X03/form4.xml,CIK0000732717-submissions-002.json
2011-08-02,4,0001127602-11-022608,2011-07-29,xslF345X03/form4.xml,CIK0000732717-submissions-002.json
2011-08-02,4,0001127602-11-022606,2011-07-29,xslF345X03/form4.xml,CIK0000732717-submissions-002.json
2011-08-02,4,0001127602-11-022603,2011-07-29,xslF345X03/form4.xml,CIK0000732717-submissions-002.json
2011-08-02,4,0001127602-11-022601,2011-07-29,xslF345X03/form4.xml,CIK0000732717-submissions-002.json
2011-08-02,4,0001127602-11-022597,2011-07-29,xslF345X03/form4.xml,CIK0000732717-submissions-002.json
2011-08-02,4,0001127602-11-022596,2011-07-29,xslF345X03/form4.xml,CIK0000732717-submissions-002.json
2011-08-02,4,0001127602-11-022595,2011-07-29,xslF345X03/form4.xml,CIK0000732717-submissions-002.json
2011-08-02,4,0001127602-11-022594,2011-07-29,xslF345X03/form4.xml,CIK0000732717-submissions-002.json
2011-08-02,4,0001127602-11-022591,2011-07-29,xslF345X03/form4.xml,CIK0000732717-submissions-002.json
2011-08-02,4,0001127602-11-022590,2011-07-29,xslF345X03/form4.xml,CIK0000732717-submissions-002.json
2011-08-02,4,0001127602-11-022589,2011-07-29,xslF345X03/form4.xml,CIK0000732717-submissions-002.json
2011-08-02,4,0001127602-11-022588,2011-07-29,xslF345X03/form4.xml,CIK0000732717-submissions-002.json
2011-08-02,4,0001127602-11-022587,2011-07-29,xslF345X03/form4.xml,CIK0000732717-submissions-002.json
2011-08-02,4,0001127602-11-022586,2011-07-29,xslF345X03/form4.xml,CIK0000732717-submissions-002.json
2011-08-02,4,0001127602-11-022585,2011-07-29,xslF345X03/form4.xml,CIK0000732717-submissions-002.json
2011-08-02,4,0001127602-11-022584,2011-07-29,xslF345X03/form4.xml,CIK0000732717-submissions-002.json
2011-08-02,4,0001127602-11-022583,2011-07-29,xslF345X03/form4.xml,CIK0000732717-submissions-002.json
2011-08-02,SC 13D/A,0001104659-11-042676,,a11-23441_1sc13da.htm,CIK0000732717-submissions-002.json
2011-08-05,10-Q,0001193125-11-211863,2011-06-30,d10q.htm,CIK0000732717-submissions-002.json
2011-08-15,FWP,0001193125-11-223399,,dfwp.htm,CIK0000732717-submissions-002.json
2011-08-16,424B5,0001193125-11-224133,,d424b5.htm,CIK0000732717-submissions-002.json
2011-08-18,8-K,0001193125-11-226167,2011-08-18,d8k.htm,CIK0000732717-submissions-002.json
2011-09-01,4,0001127602-11-024674,2011-08-31,xslF345X03/form4.xml,CIK0000732717-submissions-002.json
2011-09-01,4,0001127602-11-024673,2011-08-31,xslF345X03/form4.xml,CIK0000732717-submissions-002.json
2011-09-01,4,0001127602-11-024671,2011-08-31,xslF345X03/form4.xml,CIK0000732717-submissions-002.json
2011-09-01,4,0001127602-11-024670,2011-08-31,xslF345X03/form4.xml,CIK0000732717-submissions-002.json
2011-09-01,4,0001127602-11-024669,2011-08-31,xslF345X03/form4.xml,CIK0000732717-submissions-002.json
2011-09-01,4,0001127602-11-024667,2011-08-31,xslF345X03/form4.xml,CIK0000732717-submissions-002.json
2011-09-01,4,0001127602-11-024665,2011-08-31,xslF345X03/form4.xml,CIK0000732717-submissions-002.json
2011-09-01,4,0001127602-11-024664,2011-08-31,xslF345X03/form4.xml,CIK0000732717-submissions-002.json
2011-09-01,4,0001127602-11-024662,2011-08-31,xslF345X03/form4.xml,CIK0000732717-submissions-002.json
2011-09-01,4,0001127602-11-024652,2011-08-31,xslF345X03/form4.xml,CIK0000732717-submissions-002.json
2011-09-01,4,0001127602-11-024649,2011-08-31,xslF345X03/form4.xml,CIK0000732717-submissions-002.json
2011-09-01,4,0001127602-11-024648,2011-08-31,xslF345X03/form4.xml,CIK0000732717-submissions-002.json
2011-09-01,8-K,0000732717-11-000078,2011-08-31,tmobile_8k.htm,CIK0000732717-submissions-002.json
2011-09-08,8-K,0000732717-11-000080,2011-09-07,otherevents801_8k.htm,CIK0000732717-submissions-002.json
2011-10-04,4,0001127602-11-026715,2011-09-30,xslF345X03/form4.xml,CIK0000732717-submissions-002.json
2011-10-04,4,0001127602-11-026707,2011-09-30,xslF345X03/form4.xml,CIK0000732717-submissions-002.json
2011-10-04,4,0001127602-11-026700,2011-09-30,xslF345X03/form4.xml,CIK0000732717-submissions-002.json
2011-10-04,4,0001127602-11-026694,2011-09-30,xslF345X03/form4.xml,CIK0000732717-submissions-002.json
2011-10-04,4,0001127602-11-026688,2011-09-30,xslF345X03/form4.xml,CIK0000732717-submissions-002.json
2011-10-04,4,0001127602-11-026685,2011-09-30,xslF345X03/form4.xml,CIK0000732717-submissions-002.json
2011-10-04,4,0001127602-11-026680,2011-09-30,xslF345X03/form4.xml,CIK0000732717-submissions-002.json
2011-10-04,4,0001127602-11-026678,2011-09-30,xslF345X03/form4.xml,CIK0000732717-submissions-002.json
2011-10-04,4,0001127602-11-026676,2011-09-30,xslF345X03/form4.xml,CIK0000732717-submissions-002.json
2011-10-04,4,0001127602-11-026672,2011-09-30,xslF345X03/form4.xml,CIK0000732717-submissions-002.json
2011-10-04,4,0001127602-11-026670,2011-09-30,xslF345X03/form4.xml,CIK0000732717-submissions-002.json
2011-10-04,4,0001127602-11-026667,2011-09-30,xslF345X03/form4.xml,CIK0000732717-submissions-002.json
2011-10-14,SC 13D,0001193125-11-271598,,d241091dsc13d.htm,CIK0000732717-submissions-002.json
2011-10-20,8-K,0000732717-11-000088,2011-10-20,q3earnings801_8k.htm,CIK0000732717-submissions-002.json
2011-10-20,8-K,0000732717-11-000086,2011-10-20,q3earning8k.htm,CIK0000732717-submissions-002.json
2011-10-27,8-K,0000732717-11-000090,2011-10-26,oct26_8k.htm,CIK0000732717-submissions-002.json
2011-11-02,4,0001127602-11-028462,2011-10-31,xslF345X03/form4.xml,CIK0000732717-submissions-002.json
2011-11-02,4,0001127602-11-028460,2011-10-31,xslF345X03/form4.xml,CIK0000732717-submissions-002.json
2011-11-02,4,0001127602-11-028447,2011-10-31,xslF345X03/form4.xml,CIK0000732717-submissions-002.json
2011-11-02,4,0001127602-11-028444,2011-10-31,xslF345X03/form4.xml,CIK0000732717-submissions-002.json
2011-11-02,4,0001127602-11-028443,2011-10-31,xslF345X03/form4.xml,CIK0000732717-submissions-002.json
2011-11-02,4,0001127602-11-028441,2011-10-31,xslF345X03/form4.xml,CIK0000732717-submissions-002.json
2011-11-02,4,0001127602-11-028440,2011-10-31,xslF345X03/form4.xml,CIK0000732717-submissions-002.json
2011-11-02,4,0001127602-11-028439,2011-10-31,xslF345X03/form4.xml,CIK0000732717-submissions-002.json
2011-11-02,4,0001127602-11-028438,2011-10-31,xslF345X03/form4.xml,CIK0000732717-submissions-002.json
2011-11-02,4,0001127602-11-028437,2011-10-31,xslF345X03/form4.xml,CIK0000732717-submissions-002.json
2011-11-02,4,0001127602-11-028434,2011-10-31,xslF345X03/form4.xml,CIK0000732717-submissions-002.json
2011-11-02,4,0001127602-11-028431,2011-10-31,xslF345X03/form4.xml,CIK0000732717-submissions-002.json
2011-11-02,4,0001127602-11-028428,2011-10-31,xslF345X03/form4.xml,CIK0000732717-submissions-002.json
2011-11-02,4,0001127602-11-028427,2011-10-31,xslF345X03/form4.xml,CIK0000732717-submissions-002.json
2011-11-02,4,0001127602-11-028422,2011-10-31,xslF345X03/form4.xml,CIK0000732717-submissions-002.json
2011-11-02,4,0001127602-11-028421,2011-10-31,xslF345X03/form4.xml,CIK0000732717-submissions-002.json
2011-11-02,4,0001127602-11-028416,2011-10-31,xslF345X03/form4.xml,CIK0000732717-submissions-002.json
2011-11-02,4,0001127602-11-028414,2011-10-31,xslF345X03/form4.xml,CIK0000732717-submissions-002.json
2011-11-02,4,0001127602-11-028412,2011-10-31,xslF345X03/form4.xml,CIK0000732717-submissions-002.json
2011-11-02,4,0001127602-11-028411,2011-10-31,xslF345X03/form4.xml,CIK0000732717-submissions-002.json
2011-11-03,10-Q,0000732717-11-000094,2011-09-30,q3d10q.htm,CIK0000732717-submissions-002.json
2011-11-03,4,0001127602-11-028568,2011-11-01,xslF345X03/form4.xml,CIK0000732717-submissions-002.json
2011-11-03,4,0001127602-11-028566,2011-11-01,xslF345X03/form4.xml,CIK0000732717-submissions-002.json
2011-11-14,SC 13D/A,0001193125-11-309763,,d255710dsc13da.htm,CIK0000732717-submissions-002.json
2011-11-25,8-K,0000732717-11-000097,2011-11-22,tmobile.htm,CIK0000732717-submissions-002.json
2011-11-29,8-K,0000732717-11-000099,2011-11-28,nov28_8k.htm,CIK0000732717-submissions-002.json
2011-12-02,4,0001127602-11-030980,2011-11-30,xslF345X03/form4.xml,CIK0000732717-submissions-002.json
2011-12-02,4,0001127602-11-030975,2011-11-30,xslF345X03/form4.xml,CIK0000732717-submissions-002.json
2011-12-02,4,0001127602-11-030974,2011-11-30,xslF345X03/form4.xml,CIK0000732717-submissions-002.json
2011-12-02,4,0001127602-11-030972,2011-11-30,xslF345X03/form4.xml,CIK0000732717-submissions-002.json
2011-12-02,4,0001127602-11-030971,2011-11-30,xslF345X03/form4.xml,CIK0000732717-submissions-002.json
2011-12-02,4,0001127602-11-030970,2011-11-30,xslF345X03/form4.xml,CIK0000732717-submissions-002.json
2011-12-02,4,0001127602-11-030969,2011-11-30,xslF345X03/form4.xml,CIK0000732717-submissions-002.json
2011-12-02,4,0001127602-11-030968,2011-11-30,xslF345X03/form4.xml,CIK0000732717-submissions-002.json
2011-12-02,4,0001127602-11-030967,2011-11-30,xslF345X03/form4.xml,CIK0000732717-submissions-002.json
2011-12-02,4,0001127602-11-030966,2011-11-30,xslF345X03/form4.xml,CIK0000732717-submissions-002.json
2011-12-02,4,0001127602-11-030965,2011-11-30,xslF345X03/form4.xml,CIK0000732717-submissions-002.json
2011-12-02,4,0001127602-11-030964,2011-11-30,xslF345X03/form4.xml,CIK0000732717-submissions-002.json
2011-12-07,8-K,0000732717-11-000102,2011-12-07,dec07_8k.htm,CIK0000732717-submissions-002.json
2011-12-16,8-K,0000732717-11-000107,2011-12-15,stephensonserp.htm,CIK0000732717-submissions-002.json
2011-12-19,8-K,0000732717-11-000109,2011-12-19,credit_facility8k.htm,CIK0000732717-submissions-002.json
2011-12-20,8-K,0000732717-11-000113,2011-12-19,form8ktmobile.htm,CIK0000732717-submissions-002.json
2011-12-29,8-K,0000732717-11-000115,2011-12-27,qualcomm8k.htm,CIK0000732717-submissions-002.json
2012-01-04,4,0001127602-12-000771,2011-12-30,xslF345X03/form4.xml,CIK0000732717-submissions-002.json
2012-01-04,4,0001127602-12-000761,2011-12-30,xslF345X03/form4.xml,CIK0000732717-submissions-002.json
2012-01-04,4,0001127602-12-000741,2011-12-30,xslF345X03/form4.xml,CIK0000732717-submissions-002.json
2012-01-04,4,0001127602-12-000719,2011-12-30,xslF345X03/form4.xml,CIK0000732717-submissions-002.json
2012-01-04,4,0001127602-12-000702,2011-12-30,xslF345X03/form4.xml,CIK0000732717-submissions-002.json
2012-01-04,4,0001127602-12-000699,2011-12-30,xslF345X03/form4.xml,CIK0000732717-submissions-002.json
2012-01-04,4,0001127602-12-000696,2011-12-30,xslF345X03/form4.xml,CIK0000732717-submissions-002.json
2012-01-04,4,0001127602-12-000687,2011-12-30,xslF345X03/form4.xml,CIK0000732717-submissions-002.json
2012-01-04,4,0001127602-12-000679,2011-12-30,xslF345X03/form4.xml,CIK0000732717-submissions-002.json
2012-01-04,4,0001127602-12-000669,2011-12-30,xslF345X03/form4.xml,CIK0000732717-submissions-002.json
2012-01-04,4,0001127602-12-000655,2011-12-30,xslF345X03/form4.xml,CIK0000732717-submissions-002.json
2012-01-04,4,0001127602-12-000606,2011-12-30,xslF345X03/form4.xml,CIK0000732717-submissions-002.json
2012-01-04,4,0001127602-12-000604,2011-12-30,xslF345X03/form4.xml,CIK0000732717-submissions-002.json
2012-01-04,4,0001127602-12-000602,2011-12-30,xslF345X03/form4.xml,CIK0000732717-submissions-002.json
2012-01-05,4,0001127602-12-001118,2012-01-03,xslF345X03/form4.xml,CIK0000732717-submissions-002.json
2012-01-05,NO ACT,9999999997-12-000972,2011-12-21,9999999997-12-000972.paper,CIK0000732717-submissions-002.json
2012-01-10,NO ACT,9999999997-12-000526,2011-12-16,9999999997-12-000526.paper,CIK0000732717-submissions-002.json
2012-01-13,8-K,0000732717-12-000008,2012-01-13,jan13_8k.htm,CIK0000732717-submissions-002.json
2012-01-13,8-K,0000732717-12-000006,2012-01-11,creditfacility_8k.htm,CIK0000732717-submissions-002.json
2012-01-24,5,0001127602-12-002308,2011-12-31,xslF345X03/form5.xml,CIK0000732717-submissions-002.json
2012-01-26,8-K,0000732717-12-000013,2012-01-25,q4earnings801_8k.htm,CIK0000732717-submissions-002.json
2012-01-26,8-K,0000732717-12-000011,2012-01-26,q4earning8k.htm,CIK0000732717-submissions-002.json
2012-01-30,4,0001127602-12-003043,2012-01-26,xslF345X03/form4.xml,CIK0000732717-submissions-002.json
2012-01-30,4,0001127602-12-003041,2012-01-26,xslF345X03/form4.xml,CIK0000732717-submissions-002.json
2012-01-30,4,0001127602-12-003040,2012-01-26,xslF345X03/form4.xml,CIK0000732717-submissions-002.json
2012-01-30,4,0001127602-12-003038,2012-01-26,xslF345X03/form4.xml,CIK0000732717-submissions-002.json
2012-01-30,4,0001127602-12-003036,2012-01-26,xslF345X03/form4.xml,CIK0000732717-submissions-002.json
2012-01-30,4,0001127602-12-003032,2012-01-26,xslF345X03/form4.xml,CIK0000732717-submissions-002.json
2012-01-30,4,0001127602-12-003030,2012-01-26,xslF345X03/form4.xml,CIK0000732717-submissions-002.json
2012-01-30,4,0001127602-12-003027,2012-01-26,xslF345X03/form4.xml,CIK0000732717-submissions-002.json
2012-01-30,4,0001127602-12-003026,2012-01-26,xslF345X03/form4.xml,CIK0000732717-submissions-002.json
2012-01-30,4,0001127602-12-003025,2012-01-26,xslF345X03/form4.xml,CIK0000732717-submissions-002.json
2012-02-01,4,0001127602-12-003403,2012-01-30,xslF345X03/form4.xml,CIK0000732717-submissions-002.json
2012-02-02,4,0001127602-12-003780,2012-01-31,xslF345X03/form4.xml,CIK0000732717-submissions-002.json
2012-02-02,4,0001127602-12-003774,2012-01-31,xslF345X03/form4.xml,CIK0000732717-submissions-002.json
2012-02-02,4,0001127602-12-003773,2012-01-31,xslF345X03/form4.xml,CIK0000732717-submissions-002.json
2012-02-02,4,0001127602-12-003770,2012-01-31,xslF345X03/form4.xml,CIK0000732717-submissions-002.json
2012-02-02,4,0001127602-12-003769,2012-01-31,xslF345X03/form4.xml,CIK0000732717-submissions-002.json
2012-02-02,4,0001127602-12-003767,2012-01-31,xslF345X03/form4.xml,CIK0000732717-submissions-002.json
2012-02-02,4,0001127602-12-003765,2012-01-31,xslF345X03/form4.xml,CIK0000732717-submissions-002.json
2012-02-02,4,0001127602-12-003764,2012-01-31,xslF345X03/form4.xml,CIK0000732717-submissions-002.json
2012-02-02,4,0001127602-12-003761,2012-01-31,xslF345X03/form4.xml,CIK0000732717-submissions-002.json
2012-02-02,4,0001127602-12-003758,2012-01-31,xslF345X03/form4.xml,CIK0000732717-submissions-002.json
2012-02-02,4,0001127602-12-003754,2012-01-31,xslF345X03/form4.xml,CIK0000732717-submissions-002.json
2012-02-02,4,0001127602-12-003748,2012-01-31,xslF345X03/form4.xml,CIK0000732717-submissions-002.json
2012-02-02,4,0001127602-12-003745,2012-01-31,xslF345X03/form4.xml,CIK0000732717-submissions-002.json
2012-02-02,4,0001127602-12-003742,2012-01-31,xslF345X03/form4.xml,CIK0000732717-submissions-002.json
2012-02-02,4,0001127602-12-003739,2012-01-31,xslF345X03/form4.xml,CIK0000732717-submissions-002.json
2012-02-02,4,0001127602-12-003736,2012-01-31,xslF345X03/form4.xml,CIK0000732717-submissions-002.json
2012-02-02,4,0001127602-12-003734,2012-01-31,xslF345X03/form4.xml,CIK0000732717-submissions-002.json
2012-02-02,4,0001127602-12-003733,2012-01-31,xslF345X03/form4.xml,CIK0000732717-submissions-002.json
2012-02-02,4,0001127602-12-003729,2012-01-31,xslF345X03/form4.xml,CIK0000732717-submissions-002.json
2012-02-02,4,0001127602-12-003726,2012-01-31,xslF345X03/form4.xml,CIK0000732717-submissions-002.json
2012-02-03,NO ACT,9999999997-12-001289,2011-12-22,9999999997-12-001289.paper,CIK0000732717-submissions-002.json
2012-02-06,4,0001127602-12-004246,2012-02-03,xslF345X03/form4.xml,CIK0000732717-submissions-002.json
2012-02-06,4,0001127602-12-004243,2012-02-03,xslF345X03/form4.xml,CIK0000732717-submissions-002.json
2012-02-06,4,0001127602-12-004240,2012-02-03,xslF345X03/form4.xml,CIK0000732717-submissions-002.json
2012-02-07,3,0001127602-12-004369,2012-01-31,xslF345X02/form3.xml,CIK0000732717-submissions-002.json
2012-02-08,3,0001127602-12-004623,2012-01-31,xslF345X02/form3.xml,CIK0000732717-submissions-002.json
2012-02-08,4,0001127602-12-004742,2012-02-07,xslF345X03/form4.xml,CIK0000732717-submissions-002.json
2012-02-09,FWP,0001193125-12-047073,,d297796dfwp.htm,CIK0000732717-submissions-002.json
2012-02-09,NO ACT,9999999997-12-000968,2011-12-13,9999999997-12-000968.paper,CIK0000732717-submissions-002.json
2012-02-10,424B5,0001193125-12-050144,,d297792d424b5.htm,CIK0000732717-submissions-002.json
2012-02-10,NO ACT,9999999997-12-000987,2011-12-15,9999999997-12-000987.paper,CIK0000732717-submissions-002.json
2012-02-13,4,0001127602-12-005441,2012-02-09,xslF345X03/form4.xml,CIK0000732717-submissions-002.json
2012-02-13,8-K,0001193125-12-055727,2012-02-13,d300241d8k.htm,CIK0000732717-submissions-002.json
2012-02-13,NO ACT,9999999997-12-001591,2011-12-20,9999999997-12-001591.paper,CIK0000732717-submissions-002.json
2012-02-13,SC 13G/A,0001086364-12-001948,,att.inc..txt,CIK0000732717-submissions-002.json
2012-02-15,25-NSE,0000876661-12-000065,,xslF25X02/primary_doc.xml,CIK0000732717-submissions-002.json
2012-02-16,3/A,0001127602-12-006330,2012-01-31,xslF345X02/form3a.xml,CIK0000732717-submissions-002.json
2012-02-16,4/A,0001127602-12-006348,2012-01-26,xslF345X03/form4a.xml,CIK0000732717-submissions-002.json
2012-02-16,4/A,0001127602-12-006346,2012-01-26,xslF345X03/form4a.xml,CIK0000732717-submissions-002.json
2012-02-16,4/A,0001127602-12-006345,2012-01-26,xslF345X03/form4a.xml,CIK0000732717-submissions-002.json
2012-02-16,4/A,0001127602-12-006343,2012-01-26,xslF345X03/form4a.xml,CIK0000732717-submissions-002.json
2012-02-16,4/A,0001127602-12-006342,2012-01-26,xslF345X03/form4a.xml,CIK0000732717-submissions-002.json
2012-02-16,4/A,0001127602-12-006341,2012-01-26,xslF345X03/form4a.xml,CIK0000732717-submissions-002.json
2012-02-16,4/A,0001127602-12-006339,2012-01-26,xslF345X03/form4a.xml,CIK0000732717-submissions-002.json
2012-02-16,4/A,0001127602-12-006337,2012-01-26,xslF345X03/form4a.xml,CIK0000732717-submissions-002.json
2012-02-16,4/A,0001127602-12-006336,2012-01-26,xslF345X03/form4a.xml,CIK0000732717-submissions-002.json
2012-02-16,4/A,0001127602-12-006331,2012-01-26,xslF345X03/form4a.xml,CIK0000732717-submissions-002.json
2012-02-17,4,0001127602-12-006651,2012-02-15,xslF345X03/form4.xml,CIK0000732717-submissions-002.json
2012-02-17,4,0001127602-12-006645,2012-02-15,xslF345X03/form4.xml,CIK0000732717-submissions-002.json
2012-02-21,PRE 14A,0001193125-12-070387,2012-04-27,d282492dpre14a.htm,CIK0000732717-submissions-002.json
2012-02-22,4,0001127602-12-007455,2012-02-13,xslF345X03/form4.xml,CIK0000732717-submissions-002.json
2012-02-22,4,0001127602-12-007442,2012-02-13,xslF345X03/form4.xml,CIK0000732717-submissions-002.json
2012-02-24,10-K,0000732717-12-000025,2011-12-31,ye11_10k.htm,CIK0000732717-submissions-002.json
2012-02-29,8-K,0000732717-12-000027,2012-02-29,feb29_8k.htm,CIK0000732717-submissions-002.json
2012-02-29,NO ACT,9999999997-12-002040,2011-12-14,9999999997-12-002040.paper,CIK0000732717-submissions-002.json
2012-03-01,NO ACT,9999999997-12-003523,2012-02-08,9999999997-12-003523.paper,CIK0000732717-submissions-002.json
2012-03-02,4,0001127602-12-009159,2012-02-29,xslF345X03/form4.xml,CIK0000732717-submissions-002.json
2012-03-02,4,0001127602-12-009157,2012-02-29,xslF345X03/form4.xml,CIK0000732717-submissions-002.json
2012-03-02,4,0001127602-12-009154,2012-02-29,xslF345X03/form4.xml,CIK0000732717-submissions-002.json
2012-03-02,4,0001127602-12-009153,2012-02-29,xslF345X03/form4.xml,CIK0000732717-submissions-002.json
2012-03-02,4,0001127602-12-009152,2012-02-29,xslF345X03/form4.xml,CIK0000732717-submissions-002.json
2012-03-02,4,0001127602-12-009151,2012-02-29,xslF345X03/form4.xml,CIK0000732717-submissions-002.json
2012-03-02,4,0001127602-12-009149,2012-02-29,xslF345X03/form4.xml,CIK0000732717-submissions-002.json
2012-03-02,4,0001127602-12-009147,2012-02-29,xslF345X03/form4.xml,CIK0000732717-submissions-002.json
2012-03-02,4,0001127602-12-009145,2012-02-29,xslF345X03/form4.xml,CIK0000732717-submissions-002.json
2012-03-02,4,0001127602-12-009144,2012-02-29,xslF345X03/form4.xml,CIK0000732717-submissions-002.json
2012-03-02,4,0001127602-12-009143,2012-02-29,xslF345X03/form4.xml,CIK0000732717-submissions-002.json
2012-03-02,4,0001127602-12-009140,2012-02-29,xslF345X03/form4.xml,CIK0000732717-submissions-002.json
2012-03-02,4,0001127602-12-009139,2012-02-29,xslF345X03/form4.xml,CIK0000732717-submissions-002.json
2012-03-02,4,0001127602-12-009138,2012-02-29,xslF345X03/form4.xml,CIK0000732717-submissions-002.json
2012-03-09,4,0001127602-12-010306,2012-03-08,xslF345X03/form4.xml,CIK0000732717-submissions-002.json
2012-03-12,DEF 14A,0001193125-12-109414,2012-04-27,d282492ddef14a.htm,CIK0000732717-submissions-002.json
2012-03-12,DEFA14A,0001193125-12-109438,,d282492ddefa14a.htm,CIK0000732717-submissions-002.json
2012-03-14,4,0001127602-12-010649,2012-03-12,xslF345X03/form4.xml,CIK0000732717-submissions-002.json
2012-03-14,4,0001127602-12-010648,2012-03-12,xslF345X03/form4.xml,CIK0000732717-submissions-002.json
2012-03-14,4,0001127602-12-010647,2012-03-12,xslF345X03/form4.xml,CIK0000732717-submissions-002.json
2012-03-14,4,0001127602-12-010646,2012-03-12,xslF345X03/form4.xml,CIK0000732717-submissions-002.json
2012-03-14,4,0001127602-12-010644,2012-03-12,xslF345X03/form4.xml,CIK0000732717-submissions-002.json
2012-03-14,4,0001127602-12-010643,2012-03-12,xslF345X03/form4.xml,CIK0000732717-submissions-002.json
2012-03-14,4,0001127602-12-010642,2012-03-12,xslF345X03/form4.xml,CIK0000732717-submissions-002.json
2012-03-14,4,0001127602-12-010641,2012-03-12,xslF345X03/form4.xml,CIK0000732717-submissions-002.json
2012-03-14,4,0001127602-12-010640,2012-03-12,xslF345X03/form4.xml,CIK0000732717-submissions-002.json
2012-03-14,4,0001127602-12-010639,2012-03-12,xslF345X03/form4.xml,CIK0000732717-submissions-002.json
2012-03-28,PX14A6G,0001214659-12-001333,,c328121px14a6g.htm,CIK0000732717-submissions-002.json
2012-04-03,4,0001127602-12-012837,2012-03-30,xslF345X03/form4.xml,CIK0000732717-submissions-002.json
2012-04-03,4,0001127602-12-012833,2012-03-30,xslF345X03/form4.xml,CIK0000732717-submissions-002.json
2012-04-03,4,0001127602-12-012831,2012-03-30,xslF345X03/form4.xml,CIK0000732717-submissions-002.json
2012-04-03,4,0001127602-12-012829,2012-03-30,xslF345X03/form4.xml,CIK0000732717-submissions-002.json
2012-04-03,4,0001127602-12-012827,2012-03-30,xslF345X03/form4.xml,CIK0000732717-submissions-002.json
2012-04-03,4,0001127602-12-012826,2012-03-30,xslF345X03/form4.xml,CIK0000732717-submissions-002.json
2012-04-03,4,0001127602-12-012824,2012-03-30,xslF345X03/form4.xml,CIK0000732717-submissions-002.json
2012-04-03,4,0001127602-12-012822,2012-03-30,xslF345X03/form4.xml,CIK0000732717-submissions-002.json
2012-04-03,4,0001127602-12-012818,2012-03-30,xslF345X03/form4.xml,CIK0000732717-submissions-002.json
2012-04-03,4,0001127602-12-012817,2012-03-30,xslF345X03/form4.xml,CIK0000732717-submissions-002.json
2012-04-03,4,0001127602-12-012815,2012-03-30,xslF345X03/form4.xml,CIK0000732717-submissions-002.json
2012-04-03,4,0001127602-12-012813,2012-04-02,xslF345X03/form4.xml,CIK0000732717-submissions-002.json
2012-04-03,4,0001127602-12-012810,2012-03-30,xslF345X03/form4.xml,CIK0000732717-submissions-002.json
2012-04-03,4,0001127602-12-012809,2012-03-30,xslF345X03/form4.xml,CIK0000732717-submissions-002.json
2012-04-03,4,0001127602-12-012807,2012-03-30,xslF345X03/form4.xml,CIK0000732717-submissions-002.json
2012-04-24,8-K,0000732717-12-000032,2012-04-24,earnings801_8k.htm,CIK0000732717-submissions-002.json
2012-04-24,8-K,0000732717-12-000031,2012-04-24,q1earning8k.htm,CIK0000732717-submissions-002.json
2012-04-25,4,0001127602-12-014646,2012-04-25,xslF345X03/form4.xml,CIK0000732717-submissions-002.json
2012-05-02,4,0001127602-12-015596,2012-04-30,xslF345X03/form4.xml,CIK0000732717-submissions-002.json
2012-05-02,4,0001127602-12-015593,2012-04-30,xslF345X03/form4.xml,CIK0000732717-submissions-002.json
2012-05-02,4,0001127602-12-015590,2012-04-30,xslF345X03/form4.xml,CIK0000732717-submissions-002.json
2012-05-02,4,0001127602-12-015589,2012-04-30,xslF345X03/form4.xml,CIK0000732717-submissions-002.json
2012-05-02,4,0001127602-12-015588,2012-04-30,xslF345X03/form4.xml,CIK0000732717-submissions-002.json
2012-05-02,4,0001127602-12-015587,2012-04-30,xslF345X03/form4.xml,CIK0000732717-submissions-002.json
2012-05-02,4,0001127602-12-015586,2012-04-30,xslF345X03/form4.xml,CIK0000732717-submissions-002.json
2012-05-02,4,0001127602-12-015585,2012-04-30,xslF345X03/form4.xml,CIK0000732717-submissions-002.json
2012-05-02,4,0001127602-12-015584,2012-04-30,xslF345X03/form4.xml,CIK0000732717-submissions-002.json
2012-05-02,4,0001127602-12-015582,2012-04-30,xslF345X03/form4.xml,CIK0000732717-submissions-002.json
2012-05-02,4,0001127602-12-015580,2012-04-30,xslF345X03/form4.xml,CIK0000732717-submissions-002.json
2012-05-02,4,0001127602-12-015578,2012-04-30,xslF345X03/form4.xml,CIK0000732717-submissions-002.json
2012-05-02,4,0001127602-12-015576,2012-04-30,xslF345X03/form4.xml,CIK0000732717-submissions-002.json
2012-05-02,4,0001127602-12-015575,2012-04-30,xslF345X03/form4.xml,CIK0000732717-submissions-002.json
2012-05-02,4,0001127602-12-015573,2012-04-30,xslF345X03/form4.xml,CIK0000732717-submissions-002.json
2012-05-02,4,0001127602-12-015572,2012-04-30,xslF345X03/form4.xml,CIK0000732717-submissions-002.json
2012-05-02,4,0001127602-12-015570,2012-04-30,xslF345X03/form4.xml,CIK0000732717-submissions-002.json
2012-05-02,4,0001127602-12-015568,2012-04-30,xslF345X03/form4.xml,CIK0000732717-submissions-002.json
2012-05-02,4,0001127602-12-015567,2012-04-30,xslF345X03/form4.xml,CIK0000732717-submissions-002.json
2012-05-02,4,0001127602-12-015565,2012-04-30,xslF345X03/form4.xml,CIK0000732717-submissions-002.json
2012-05-02,4,0001127602-12-015562,2012-04-30,xslF345X03/form4.xml,CIK0000732717-submissions-002.json
2012-05-02,8-K,0000732717-12-000034,2012-04-27,votingresults.htm,CIK0000732717-submissions-002.json
2012-05-04,10-Q,0000732717-12-000037,2012-03-31,q1_10q.htm,CIK0000732717-submissions-002.json
2012-05-15,4,0001127602-12-016896,2012-05-14,xslF345X03/form4.xml,CIK0000732717-submissions-002.json
2012-05-16,4,0001127602-12-017121,2012-05-15,xslF345X03/form4.xml,CIK0000732717-submissions-002.json
2012-05-22,FWP,0001193125-12-243549,,d354987dfwp.htm,CIK0000732717-submissions-002.json
2012-05-23,4,0001127602-12-017879,2012-05-21,xslF345X03/form4.xml,CIK0000732717-submissions-002.json
2012-05-24,424B5,0001193125-12-247055,,d354985d424b5.htm,CIK0000732717-submissions-002.json
2012-05-29,4,0001127602-12-018499,2012-05-25,xslF345X03/form4.xml,CIK0000732717-submissions-002.json
2012-05-29,4,0001127602-12-018497,2012-05-25,xslF345X03/form4.xml,CIK0000732717-submissions-002.json
2012-05-29,8-K,0000732717-12-000039,2012-05-29,may29_8k.htm,CIK0000732717-submissions-002.json
2012-05-29,8-K,0001193125-12-250371,2012-05-29,d359459d8k.htm,CIK0000732717-submissions-002.json
2012-05-30,8-A12B,0001193125-12-252686,,d360850d8a12b.htm,CIK0000732717-submissions-002.json
2012-05-31,4,0001127602-12-018668,2012-05-30,xslF345X03/form4.xml,CIK0000732717-submissions-002.json
2012-05-31,4,0001127602-12-018666,2012-05-30,xslF345X03/form4.xml,CIK0000732717-submissions-002.json
2012-06-01,4,0001127602-12-018827,2012-05-31,xslF345X03/form4.xml,CIK0000732717-submissions-002.json
2012-06-01,4,0001127602-12-018826,2012-05-31,xslF345X03/form4.xml,CIK0000732717-submissions-002.json
2012-06-01,4,0001127602-12-018825,2012-05-31,xslF345X03/form4.xml,CIK0000732717-submissions-002.json
2012-06-01,4,0001127602-12-018824,2012-05-31,xslF345X03/form4.xml,CIK0000732717-submissions-002.json
2012-06-01,4,0001127602-12-018823,2012-05-31,xslF345X03/form4.xml,CIK0000732717-submissions-002.json
2012-06-01,4,0001127602-12-018822,2012-05-31,xslF345X03/form4.xml,CIK0000732717-submissions-002.json
2012-06-01,4,0001127602-12-018821,2012-05-31,xslF345X03/form4.xml,CIK0000732717-submissions-002.json
2012-06-01,4,0001127602-12-018819,2012-05-31,xslF345X03/form4.xml,CIK0000732717-submissions-002.json
2012-06-01,4,0001127602-12-018818,2012-05-31,xslF345X03/form4.xml,CIK0000732717-submissions-002.json
2012-06-01,4,0001127602-12-018817,2012-05-31,xslF345X03/form4.xml,CIK0000732717-submissions-002.json
2012-06-07,8-K,0000732717-12-000042,2012-06-07,ad_solutions.htm,CIK0000732717-submissions-002.json
2012-06-11,CERTNYS,9999999997-12-010482,,9999999997-12-010482.paper,CIK0000732717-submissions-002.json
2012-06-12,FWP,0001193125-12-267088,,d365319dfwp.htm,CIK0000732717-submissions-002.json
2012-06-13,424B5,0001193125-12-269373,,d365317d424b5.htm,CIK0000732717-submissions-002.json
2012-06-14,8-K,0001193125-12-270874,2012-06-14,d367509d8k.htm,CIK0000732717-submissions-002.json
2012-06-22,11-K,0000732717-12-000058,2011-12-31,blsssp_11k.htm,CIK0000732717-submissions-002.json
2012-06-22,11-K,0000732717-12-000057,2011-12-31,assp_11k.htm,CIK0000732717-submissions-002.json
2012-06-22,11-K,0000732717-12-000056,2011-12-31,arsp_11k.htm,CIK0000732717-submissions-002.json
2012-06-22,11-K,0000732717-12-000055,2011-12-31,aprrsp_11k.htm,CIK0000732717-submissions-002.json
2012-06-22,11-K,0000732717-12-000054,2011-12-31,aprltssp_11k.htm,CIK0000732717-submissions-002.json
2012-06-22,11-K,0000732717-12-000053,2011-12-31,altssp_11k.htm,CIK0000732717-submissions-002.json
2012-06-22,15-15D,0000732717-12-000060,,form15aprsp.htm,CIK0000732717-submissions-002.json
2012-06-22,15-15D,0000732717-12-000059,,form15asp.htm,CIK0000732717-submissions-002.json
2012-06-29,8-K,0000732717-12-000063,2012-06-29,ford.htm,CIK0000732717-submissions-002.json
2012-07-02,3,0001127602-12-021098,2012-06-29,xslF345X02/form3.xml,CIK0000732717-submissions-002.json
2012-07-02,4,0001127602-12-020955,2012-06-06,xslF345X03/form4.xml,CIK0000732717-submissions-002.json
2012-07-02,4,0001127602-12-020954,2012-06-28,xslF345X03/form4.xml,CIK0000732717-submissions-002.json
2012-07-03,4,0001127602-12-021515,2012-06-29,xslF345X03/form4.xml,CIK0000732717-submissions-002.json
2012-07-03,4,0001127602-12-021505,2012-06-29,xslF345X03/form4.xml,CIK0000732717-submissions-002.json
2012-07-03,4,0001127602-12-021499,2012-06-29,xslF345X03/form4.xml,CIK0000732717-submissions-002.json
2012-07-03,4,0001127602-12-021495,2012-06-29,xslF345X03/form4.xml,CIK0000732717-submissions-002.json
2012-07-03,4,0001127602-12-021490,2012-06-29,xslF345X03/form4.xml,CIK0000732717-submissions-002.json
2012-07-03,4,0001127602-12-021488,2012-06-29,xslF345X03/form4.xml,CIK0000732717-submissions-002.json
2012-07-03,4,0001127602-12-021483,2012-06-29,xslF345X03/form4.xml,CIK0000732717-submissions-002.json
2012-07-03,4,0001127602-12-021475,2012-06-29,xslF345X03/form4.xml,CIK0000732717-submissions-002.json
2012-07-03,4,0001127602-12-021465,2012-06-29,xslF345X03/form4.xml,CIK0000732717-submissions-002.json
2012-07-03,4,0001127602-12-021452,2012-06-29,xslF345X03/form4.xml,CIK0000732717-submissions-002.json
2012-07-03,4,0001127602-12-021448,2012-06-29,xslF345X03/form4.xml,CIK0000732717-submissions-002.json
2012-07-03,4,0001127602-12-021444,2012-06-29,xslF345X03/form4.xml,CIK0000732717-submissions-002.json
2012-07-24,8-K,0000732717-12-000068,2012-07-24,q2earnings801_8k.htm,CIK0000732717-submissions-002.json
2012-07-24,8-K,0000732717-12-000066,2012-07-24,q2earning8k.htm,CIK0000732717-submissions-002.json
2012-07-27,4,0001127602-12-023006,2012-07-26,xslF345X03/form4.xml,CIK0000732717-submissions-002.json
2012-07-30,4,0001127602-12-023125,2012-07-27,xslF345X03/form4.xml,CIK0000732717-submissions-002.json
2012-07-31,4,0001127602-12-023243,2012-07-30,xslF345X03/form4.xml,CIK0000732717-submissions-002.json
2012-08-02,4,0001127602-12-023661,2012-07-31,xslF345X03/form4.xml,CIK0000732717-submissions-002.json
2012-08-02,4,0001127602-12-023659,2012-07-31,xslF345X03/form4.xml,CIK0000732717-submissions-002.json
2012-08-02,4,0001127602-12-023637,2012-07-31,xslF345X03/form4.xml,CIK0000732717-submissions-002.json
2012-08-02,4,0001127602-12-023636,2012-07-31,xslF345X03/form4.xml,CIK0000732717-submissions-002.json
2012-08-02,4,0001127602-12-023635,2012-07-31,xslF345X03/form4.xml,CIK0000732717-submissions-002.json
2012-08-02,4,0001127602-12-023634,2012-07-31,xslF345X03/form4.xml,CIK0000732717-submissions-002.json
2012-08-02,4,0001127602-12-023633,2012-07-31,xslF345X03/form4.xml,CIK0000732717-submissions-002.json
2012-08-02,4,0001127602-12-023632,2012-07-31,xslF345X03/form4.xml,CIK0000732717-submissions-002.json
2012-08-02,4,0001127602-12-023630,2012-07-31,xslF345X03/form4.xml,CIK0000732717-submissions-002.json
2012-08-02,4,0001127602-12-023626,2012-07-31,xslF345X03/form4.xml,CIK0000732717-submissions-002.json
2012-08-02,4,0001127602-12-023623,2012-07-31,xslF345X03/form4.xml,CIK0000732717-submissions-002.json
2012-08-02,4,0001127602-12-023621,2012-07-31,xslF345X03/form4.xml,CIK0000732717-submissions-002.json
2012-08-02,4,0001127602-12-023618,2012-07-31,xslF345X03/form4.xml,CIK0000732717-submissions-002.json
2012-08-02,4,0001127602-12-023615,2012-07-31,xslF345X03/form4.xml,CIK0000732717-submissions-002.json
2012-08-02,4,0001127602-12-023613,2012-07-31,xslF345X03/form4.xml,CIK0000732717-submissions-002.json
2012-08-02,4,0001127602-12-023610,2012-07-31,xslF345X03/form4.xml,CIK0000732717-submissions-002.json
2012-08-02,4,0001127602-12-023606,2012-07-31,xslF345X03/form4.xml,CIK0000732717-submissions-002.json
2012-08-02,4,0001127602-12-023593,2012-07-31,xslF345X03/form4.xml,CIK0000732717-submissions-002.json
2012-08-02,4,0001127602-12-023588,2012-07-31,xslF345X03/form4.xml,CIK0000732717-submissions-002.json
2012-08-03,10-Q,0000732717-12-000073,2012-06-30,q2_10q.htm,CIK0000732717-submissions-002.json
2012-08-13,3,0001127602-12-024263,2012-08-03,xslF345X02/form3.xml,CIK0000732717-submissions-002.json
2012-08-13,8-K,0000732717-12-000075,2012-08-13,aug13_8k.htm,CIK0000732717-submissions-002.json
2012-08-13,SC 13D,0001193125-12-352699,,d396948dsc13d.htm,CIK0000732717-submissions-002.json
2012-09-05,4,0001127602-12-025781,2012-08-31,xslF345X03/form4.xml,CIK0000732717-submissions-002.json
2012-09-05,4,0001127602-12-025773,2012-08-31,xslF345X03/form4.xml,CIK0000732717-submissions-002.json
2012-09-05,4,0001127602-12-025763,2012-08-31,xslF345X03/form4.xml,CIK0000732717-submissions-002.json
2012-09-05,4,0001127602-12-025761,2012-08-31,xslF345X03/form4.xml,CIK0000732717-submissions-002.json
2012-09-05,4,0001127602-12-025756,2012-08-31,xslF345X03/form4.xml,CIK0000732717-submissions-002.json
2012-09-05,4,0001127602-12-025754,2012-08-31,xslF345X03/form4.xml,CIK0000732717-submissions-002.json
2012-09-05,4,0001127602-12-025751,2012-08-31,xslF345X03/form4.xml,CIK0000732717-submissions-002.json
2012-09-05,4,0001127602-12-025750,2012-08-31,xslF345X03/form4.xml,CIK0000732717-submissions-002.json
2012-09-05,4,0001127602-12-025746,2012-08-31,xslF345X03/form4.xml,CIK0000732717-submissions-002.json
2012-09-05,4,0001127602-12-025742,2012-08-31,xslF345X03/form4.xml,CIK0000732717-submissions-002.json
2012-09-05,4,0001127602-12-025738,2012-08-31,xslF345X03/form4.xml,CIK0000732717-submissions-002.json
2012-09-18,UPLOAD,0000000000-12-050968,,filename1.pdf,CIK0000732717-submissions-002.json
2012-09-27,CORRESP,0000732717-12-000077,,filename1.htm,CIK0000732717-submissions-002.json
2012-10-02,4,0001127602-12-027943,2012-09-28,xslF345X03/form4.xml,CIK0000732717-submissions-002.json
2012-10-02,4,0001127602-12-027942,2012-09-28,xslF345X03/form4.xml,CIK0000732717-submissions-002.json
2012-10-02,4,0001127602-12-027941,2012-09-28,xslF345X03/form4.xml,CIK0000732717-submissions-002.json
2012-10-02,4,0001127602-12-027940,2012-09-28,xslF345X03/form4.xml,CIK0000732717-submissions-002.json
2012-10-02,4,0001127602-12-027939,2012-09-28,xslF345X03/form4.xml,CIK0000732717-submissions-002.json
2012-10-02,4,0001127602-12-027938,2012-09-28,xslF345X03/form4.xml,CIK0000732717-submissions-002.json
2012-10-02,4,0001127602-12-027937,2012-09-28,xslF345X03/form4.xml,CIK0000732717-submissions-002.json
2012-10-02,4,0001127602-12-027936,2012-09-28,xslF345X03/form4.xml,CIK0000732717-submissions-002.json
2012-10-02,4,0001127602-12-027935,2012-09-28,xslF345X03/form4.xml,CIK0000732717-submissions-002.json
2012-10-02,4,0001127602-12-027934,2012-09-28,xslF345X03/form4.xml,CIK0000732717-submissions-002.json
2012-10-02,4,0001127602-12-027931,2012-09-28,xslF345X03/form4.xml,CIK0000732717-submissions-002.json
2012-10-02,4,0001127602-12-027928,2012-09-28,xslF345X03/form4.xml,CIK0000732717-submissions-002.json
2012-10-02,4,0001127602-12-027924,2012-09-28,xslF345X03/form4.xml,CIK0000732717-submissions-002.json
2012-10-04,4,0001127602-12-028256,2012-10-03,xslF345X03/form4.xml,CIK0000732717-submissions-002.json
2012-10-19,8-K,0000732717-12-000080,2012-10-18,contribution_8k.htm,CIK0000732717-submissions-002.json
2012-10-24,8-K,0000732717-12-000085,2012-10-24,q3earnings801_8k.htm,CIK0000732717-submissions-002.json
2012-10-24,8-K,0000732717-12-000083,2012-10-24,q3earning8k.htm,CIK0000732717-submissions-002.json
2012-10-26,UPLOAD,0000000000-12-059293,,filename1.pdf,CIK0000732717-submissions-002.json
2012-11-02,10-Q,0000732717-12-000088,2012-09-30,q3_10q.htm,CIK0000732717-submissions-002.json
2012-11-02,4,0001127602-12-029654,2012-10-31,xslF345X03/form4.xml,CIK0000732717-submissions-002.json
2012-11-02,4,0001127602-12-029651,2012-10-31,xslF345X03/form4.xml,CIK0000732717-submissions-002.json
2012-11-02,4,0001127602-12-029650,2012-10-31,xslF345X03/form4.xml,CIK0000732717-submissions-002.json
2012-11-02,4,0001127602-12-029648,2012-10-31,xslF345X03/form4.xml,CIK0000732717-submissions-002.json
2012-11-02,4,0001127602-12-029647,2012-10-31,xslF345X03/form4.xml,CIK0000732717-submissions-002.json
2012-11-02,4,0001127602-12-029644,2012-10-31,xslF345X03/form4.xml,CIK0000732717-submissions-002.json
2012-11-02,4,0001127602-12-029643,2012-10-31,xslF345X03/form4.xml,CIK0000732717-submissions-002.json
2012-11-02,4,0001127602-12-029640,2012-10-31,xslF345X03/form4.xml,CIK0000732717-submissions-002.json
2012-11-02,4,0001127602-12-029639,2012-10-31,xslF345X03/form4.xml,CIK0000732717-submissions-002.json
2012-11-02,4,0001127602-12-029638,2012-10-31,xslF345X03/form4.xml,CIK0000732717-submissions-002.json
2012-11-02,4,0001127602-12-029636,2012-10-31,xslF345X03/form4.xml,CIK0000732717-submissions-002.json
2012-11-02,4,0001127602-12-029635,2012-10-31,xslF345X03/form4.xml,CIK0000732717-submissions-002.json
2012-11-02,4,0001127602-12-029634,2012-10-31,xslF345X03/form4.xml,CIK0000732717-submissions-002.json
2012-11-02,4,0001127602-12-029632,2012-10-31,xslF345X03/form4.xml,CIK0000732717-submissions-002.json
2012-11-02,4,0001127602-12-029631,2012-10-31,xslF345X03/form4.xml,CIK0000732717-submissions-002.json
2012-11-02,4,0001127602-12-029630,2012-10-31,xslF345X03/form4.xml,CIK0000732717-submissions-002.json
2012-11-02,4,0001127602-12-029626,2012-10-31,xslF345X03/form4.xml,CIK0000732717-submissions-002.json
2012-11-02,4,0001127602-12-029621,2012-10-31,xslF345X03/form4.xml,CIK0000732717-submissions-002.json
2012-11-02,4,0001127602-12-029618,2012-10-31,xslF345X03/form4.xml,CIK0000732717-submissions-002.json
2012-11-02,4,0001127602-12-029615,2012-10-31,xslF345X03/form4.xml,CIK0000732717-submissions-002.json
2012-11-09,CORRESP,0000732717-12-000090,,filename1.htm,CIK0000732717-submissions-002.json
2012-11-16,8-K,0001193125-12-472897,2012-11-15,d440365d8k.htm,CIK0000732717-submissions-002.json
2012-11-20,4,0001127602-12-031705,2012-11-19,xslF345X03/form4.xml,CIK0000732717-submissions-002.json
2012-11-20,4,0001127602-12-031703,2012-11-16,xslF345X03/form4.xml,CIK0000732717-submissions-002.json
2012-11-20,4,0001127602-12-031701,2012-11-19,xslF345X03/form4.xml,CIK0000732717-submissions-002.json
2012-11-20,4,0001127602-12-031700,2012-11-19,xslF345X03/form4.xml,CIK0000732717-submissions-002.json
2012-11-28,FWP,0001193125-12-483931,,d445899dfwp.htm,CIK0000732717-submissions-002.json
2012-11-30,424B5,0001193125-12-487297,,d446512d424b5.htm,CIK0000732717-submissions-002.json
2012-11-30,8-K,0001193125-12-487229,2012-11-29,d447888d8k.htm,CIK0000732717-submissions-002.json
2012-12-04,4,0001127602-12-032707,2012-11-30,xslF345X03/form4.xml,CIK0000732717-submissions-002.json
2012-12-04,4,0001127602-12-032705,2012-11-30,xslF345X03/form4.xml,CIK0000732717-submissions-002.json
2012-12-04,4,0001127602-12-032700,2012-11-30,xslF345X03/form4.xml,CIK0000732717-submissions-002.json
2012-12-04,4,0001127602-12-032697,2012-11-30,xslF345X03/form4.xml,CIK0000732717-submissions-002.json
2012-12-04,4,0001127602-12-032692,2012-11-30,xslF345X03/form4.xml,CIK0000732717-submissions-002.json
2012-12-04,4,0001127602-12-032689,2012-11-30,xslF345X03/form4.xml,CIK0000732717-submissions-002.json
2012-12-04,4,0001127602-12-032686,2012-11-30,xslF345X03/form4.xml,CIK0000732717-submissions-002.json
2012-12-04,4,0001127602-12-032683,2012-11-30,xslF345X03/form4.xml,CIK0000732717-submissions-002.json
2012-12-04,4,0001127602-12-032679,2012-11-30,xslF345X03/form4.xml,CIK0000732717-submissions-002.json
2012-12-04,4,0001127602-12-032676,2012-11-30,xslF345X03/form4.xml,CIK0000732717-submissions-002.json
2012-12-04,4,0001127602-12-032672,2012-11-30,xslF345X03/form4.xml,CIK0000732717-submissions-002.json
2012-12-04,4,0001127602-12-032669,2012-11-30,xslF345X03/form4.xml,CIK0000732717-submissions-002.json
2012-12-04,4,0001127602-12-032661,2012-11-30,xslF345X03/form4.xml,CIK0000732717-submissions-002.json
2012-12-04,8-K,0001193125-12-490742,2012-12-04,d446766d8k.htm,CIK0000732717-submissions-002.json
2012-12-06,8-A12B,0001193125-12-493985,,d450647d8a12b.htm,CIK0000732717-submissions-002.json
2012-12-07,424B5,0001193125-12-495400,,d450489d424b5.htm,CIK0000732717-submissions-002.json
2012-12-07,FWP,0001193125-12-494117,,d450495dfwp.htm,CIK0000732717-submissions-002.json
2012-12-10,4,0001127602-12-033358,2012-12-07,xslF345X03/form4.xml,CIK0000732717-submissions-002.json
2012-12-11,8-K,0001193125-12-498154,2012-12-11,d453785d8k.htm,CIK0000732717-submissions-002.json
2012-12-11,FWP,0001193125-12-498350,,d454086dfwp.htm,CIK0000732717-submissions-002.json
2012-12-12,424B5,0001193125-12-500285,,d452261d424b5.htm,CIK0000732717-submissions-002.json
2012-12-12,8-K,0001193125-12-499645,2012-12-11,d454181d8k.htm,CIK0000732717-submissions-002.json
2012-12-17,8-A12B,0001193125-12-505059,,d455426d8a12b.htm,CIK0000732717-submissions-002.json
2012-12-17,8-K,0001193125-12-504870,2012-12-17,d455137d8k.htm,CIK0000732717-submissions-002.json
2012-12-18,4,0001127602-12-034427,2012-12-18,xslF345X03/form4.xml,CIK0000732717-submissions-002.json
2012-12-18,8-K,0001193125-12-505129,2012-12-17,d454521d8k.htm,CIK0000732717-submissions-002.json
2012-12-18,CERTNYS,9999999997-12-015576,,9999999997-12-015576.paper,CIK0000732717-submissions-002.json
2012-12-20,4,0001127602-12-034732,2012-12-19,xslF345X03/form4.xml,CIK0000732717-submissions-002.json
2012-12-21,4,0001127602-12-034882,2012-12-21,xslF345X03/form4.xml,CIK0000732717-submissions-002.json
2012-12-26,4,0001127602-12-034974,2012-12-21,xslF345X03/form4.xml,CIK0000732717-submissions-002.json
2012-12-27,4,0001127602-12-035065,2012-12-26,xslF345X03/form4.xml,CIK0000732717-submissions-002.json
2013-01-03,4,0001127602-13-000793,2012-12-31,xslF345X03/form4.xml,CIK0000732717-submissions-002.json
2013-01-03,4,0001127602-13-000788,2012-12-31,xslF345X03/form4.xml,CIK0000732717-submissions-002.json
2013-01-03,4,0001127602-13-000771,2012-12-31,xslF345X03/form4.xml,CIK0000732717-submissions-002.json
2013-01-03,4,0001127602-13-000769,2012-12-31,xslF345X03/form4.xml,CIK0000732717-submissions-002.json
2013-01-03,4,0001127602-13-000768,2012-12-31,xslF345X03/form4.xml,CIK0000732717-submissions-002.json
2013-01-03,4,0001127602-13-000764,2012-12-31,xslF345X03/form4.xml,CIK0000732717-submissions-002.json
2013-01-03,4,0001127602-13-000762,2012-12-31,xslF345X03/form4.xml,CIK0000732717-submissions-002.json
2013-01-03,4,0001127602-13-000761,2012-12-31,xslF345X03/form4.xml,CIK0000732717-submissions-002.json
2013-01-03,4,0001127602-13-000760,2012-12-31,xslF345X03/form4.xml,CIK0000732717-submissions-002.json
2013-01-03,4,0001127602-13-000759,2012-12-31,xslF345X03/form4.xml,CIK0000732717-submissions-002.json
2013-01-03,4,0001127602-13-000758,2012-12-31,xslF345X03/form4.xml,CIK0000732717-submissions-002.json
2013-01-03,4,0001127602-13-000756,2012-12-31,xslF345X03/form4.xml,CIK0000732717-submissions-002.json
2013-01-03,4,0001127602-13-000751,2012-12-31,xslF345X03/form4.xml,CIK0000732717-submissions-002.json
2013-01-03,4,0001127602-13-000748,2012-12-31,xslF345X03/form4.xml,CIK0000732717-submissions-002.json
2013-01-03,4,0001127602-13-000736,2012-12-31,xslF345X03/form4.xml,CIK0000732717-submissions-002.json
2013-01-03,NO ACT,9999999997-13-000646,2012-12-07,9999999997-13-000646.paper,CIK0000732717-submissions-002.json
2013-01-04,4,0001127602-13-001006,2013-01-03,xslF345X03/form4.xml,CIK0000732717-submissions-002.json
2013-01-08,NO ACT,9999999997-13-000648,2012-12-21,9999999997-13-000648.paper,CIK0000732717-submissions-002.json
2013-01-10,NO ACT,9999999997-13-000507,2012-12-20,9999999997-13-000507.paper,CIK0000732717-submissions-002.json
2013-01-11,CERTNYS,9999999997-13-000217,,9999999997-13-000217.paper,CIK0000732717-submissions-002.json
2013-01-15,NO ACT,9999999997-13-000668,2013-01-14,9999999997-13-000668.paper,CIK0000732717-submissions-002.json
2013-01-16,CORRESP,0000732717-13-000002,,filename1.htm,CIK0000732717-submissions-002.json
2013-01-17,8-K,0000732717-13-000004,2013-01-17,january17.htm,CIK0000732717-submissions-002.json
2013-01-24,8-K,0000732717-13-000008,2013-01-23,q4earnings801_8k.htm,CIK0000732717-submissions-002.json
2013-01-24,8-K,0000732717-13-000007,2013-01-24,q4earning8k.htm,CIK0000732717-submissions-002.json
2013-01-24,UPLOAD,0000000000-13-004330,,filename1.pdf,CIK0000732717-submissions-002.json
2013-01-25,8-K,0000732717-13-000010,2013-01-25,spectrum_8k.htm,CIK0000732717-submissions-002.json
2013-01-28,SC 13D/A,0001193125-13-024836,,d473385dsc13da.htm,CIK0000732717-submissions-002.json
2013-01-30,4,0001127602-13-003202,2013-01-28,xslF345X03/form4.xml,CIK0000732717-submissions-002.json
2013-01-30,4,0001127602-13-003201,2013-01-28,xslF345X03/form4.xml,CIK0000732717-submissions-002.json
2013-01-30,4,0001127602-13-003198,2013-01-28,xslF345X03/form4.xml,CIK0000732717-submissions-002.json
2013-01-30,4,0001127602-13-003194,2013-01-28,xslF345X03/form4.xml,CIK0000732717-submissions-002.json
2013-01-30,4,0001127602-13-003192,2013-01-28,xslF345X03/form4.xml,CIK0000732717-submissions-002.json
2013-01-30,4,0001127602-13-003191,2013-01-28,xslF345X03/form4.xml,CIK0000732717-submissions-002.json
2013-01-30,4,0001127602-13-003188,2013-01-28,xslF345X03/form4.xml,CIK0000732717-submissions-002.json
2013-01-30,4,0001127602-13-003185,2013-01-28,xslF345X03/form4.xml,CIK0000732717-submissions-002.json
2013-01-30,4,0001127602-13-003184,2013-01-28,xslF345X03/form4.xml,CIK0000732717-submissions-002.json
2013-01-30,4,0001127602-13-003183,2013-01-28,xslF345X03/form4.xml,CIK0000732717-submissions-002.json
2013-01-30,4,0001127602-13-003182,2013-01-28,xslF345X03/form4.xml,CIK0000732717-submissions-002.json
2013-02-04,3,0001127602-13-003991,2013-02-01,xslF345X02/form3.xml,CIK0000732717-submissions-002.json
2013-02-04,4,0001127602-13-004031,2013-01-31,xslF345X03/form4.xml,CIK0000732717-submissions-002.json
2013-02-04,4,0001127602-13-004029,2013-01-31,xslF345X03/form4.xml,CIK0000732717-submissions-002.json
2013-02-04,4,0001127602-13-004023,2013-01-31,xslF345X03/form4.xml,CIK0000732717-submissions-002.json
2013-02-04,4,0001127602-13-003987,2013-01-31,xslF345X03/form4.xml,CIK0000732717-submissions-002.json
2013-02-04,4,0001127602-13-003984,2013-01-31,xslF345X03/form4.xml,CIK0000732717-submissions-002.json
2013-02-04,4,0001127602-13-003981,2013-01-31,xslF345X03/form4.xml,CIK0000732717-submissions-002.json
2013-02-04,4,0001127602-13-003979,2013-01-31,xslF345X03/form4.xml,CIK0000732717-submissions-002.json
2013-02-04,4,0001127602-13-003976,2013-01-31,xslF345X03/form4.xml,CIK0000732717-submissions-002.json
2013-02-04,4,0001127602-13-003973,2013-01-31,xslF345X03/form4.xml,CIK0000732717-submissions-002.json
2013-02-04,4,0001127602-13-003971,2013-01-31,xslF345X03/form4.xml,CIK0000732717-submissions-002.json
2013-02-04,4,0001127602-13-003969,2013-01-31,xslF345X03/form4.xml,CIK0000732717-submissions-002.json
2013-02-04,4,0001127602-13-003967,2013-01-31,xslF345X03/form4.xml,CIK0000732717-submissions-002.json
2013-02-04,4,0001127602-13-003966,2013-01-31,xslF345X03/form4.xml,CIK0000732717-submissions-002.json
2013-02-04,4,0001127602-13-003965,2013-01-31,xslF345X03/form4.xml,CIK0000732717-submissions-002.json
2013-02-04,4,0001127602-13-003962,2013-01-31,xslF345X03/form4.xml,CIK0000732717-submissions-002.json
2013-02-04,4,0001127602-13-003960,2013-01-31,xslF345X03/form4.xml,CIK0000732717-submissions-002.json
2013-02-04,4,0001127602-13-003957,2013-01-31,xslF345X03/form4.xml,CIK0000732717-submissions-002.json
2013-02-04,4,0001127602-13-003954,2013-01-31,xslF345X03/form4.xml,CIK0000732717-submissions-002.json
2013-02-04,4,0001127602-13-003950,2013-01-31,xslF345X03/form4.xml,CIK0000732717-submissions-002.json
2013-02-04,4,0001127602-13-003948,2013-01-31,xslF345X03/form4.xml,CIK0000732717-submissions-002.json
2013-02-04,4,0001127602-13-003946,2013-01-31,xslF345X03/form4.xml,CIK0000732717-submissions-002.json
2013-02-04,4,0001127602-13-003943,2013-01-31,xslF345X03/form4.xml,CIK0000732717-submissions-002.json
2013-02-04,8-K,0000732717-13-000012,2013-02-01,mccallister8k.htm,CIK0000732717-submissions-002.json
2013-02-05,4,0001127602-13-004348,2013-02-01,xslF345X03/form4.xml,CIK0000732717-submissions-002.json
2013-02-05,4,0001127602-13-004339,2013-02-01,xslF345X03/form4.xml,CIK0000732717-submissions-002.json
2013-02-07,NO ACT,9999999997-13-000946,2012-12-21,9999999997-13-000946.paper,CIK0000732717-submissions-002.json
2013-02-08,FWP,0001193125-13-044032,,d484864dfwp.htm,CIK0000732717-submissions-002.json
2013-02-08,SC 13G/A,0001305227-13-000350,,att.inc..txt,CIK0000732717-submissions-002.json
2013-02-11,424B5,0001193125-13-048195,,d484862d424b5.htm,CIK0000732717-submissions-002.json
2013-02-12,8-K,0001193125-13-051768,2013-02-12,d482855d8k.htm,CIK0000732717-submissions-002.json
2013-02-13,3/A,0001127602-13-005823,2013-02-01,xslF345X02/form3a.xml,CIK0000732717-submissions-002.json
2013-02-15,4/A,0001127602-13-006394,2013-01-31,xslF345X03/form4a.xml,CIK0000732717-submissions-002.json
2013-02-15,4/A,0001127602-13-006384,2013-01-31,xslF345X03/form4a.xml,CIK0000732717-submissions-002.json
2013-02-15,4/A,0001127602-13-006374,2013-01-31,xslF345X03/form4a.xml,CIK0000732717-submissions-002.json
2013-02-15,4/A,0001127602-13-006367,2013-01-31,xslF345X03/form4a.xml,CIK0000732717-submissions-002.json
2013-02-15,4/A,0001127602-13-006362,2013-01-31,xslF345X03/form4a.xml,CIK0000732717-submissions-002.json
2013-02-15,4/A,0001127602-13-006358,2013-01-31,xslF345X03/form4a.xml,CIK0000732717-submissions-002.json
2013-02-15,4/A,0001127602-13-006355,2013-01-31,xslF345X03/form4a.xml,CIK0000732717-submissions-002.json
2013-02-15,4/A,0001127602-13-006352,2013-01-31,xslF345X03/form4a.xml,CIK0000732717-submissions-002.json
2013-02-15,4/A,0001127602-13-006351,2013-01-31,xslF345X03/form4a.xml,CIK0000732717-submissions-002.json
2013-02-15,4/A,0001127602-13-006347,2013-01-31,xslF345X03/form4a.xml,CIK0000732717-submissions-002.json
2013-02-15,4/A,0001127602-13-006337,2013-01-31,xslF345X03/form4a.xml,CIK0000732717-submissions-002.json
2013-02-21,NO ACT,9999999997-13-001606,2012-12-17,9999999997-13-001606.paper,CIK0000732717-submissions-002.json
2013-02-22,10-K,0000732717-13-000017,2012-12-31,ye12_10k.htm,CIK0000732717-submissions-002.json
2013-02-22,4,0001127602-13-007522,2013-02-21,xslF345X03/form4.xml,CIK0000732717-submissions-002.json
2013-02-22,IRANNOTICE,0000732717-13-000018,,IRANNOTICE.htm,CIK0000732717-submissions-002.json
2013-02-27,NO ACT,9999999997-13-004192,2013-02-22,9999999997-13-004192.paper,CIK0000732717-submissions-002.json
2013-03-01,FWP,0001193125-13-085107,,d494908dfwp.htm,CIK0000732717-submissions-002.json
2013-03-04,4,0001127602-13-009028,2013-02-28,xslF345X03/form4.xml,CIK0000732717-submissions-002.json
2013-03-04,4,0001127602-13-009026,2013-02-28,xslF345X03/form4.xml,CIK0000732717-submissions-002.json
2013-03-04,4,0001127602-13-009025,2013-02-28,xslF345X03/form4.xml,CIK0000732717-submissions-002.json
2013-03-04,4,0001127602-13-009024,2013-02-28,xslF345X03/form4.xml,CIK0000732717-submissions-002.json
2013-03-04,4,0001127602-13-009021,2013-02-28,xslF345X03/form4.xml,CIK0000732717-submissions-002.json
2013-03-04,4,0001127602-13-009020,2013-02-28,xslF345X03/form4.xml,CIK0000732717-submissions-002.json
2013-03-04,4,0001127602-13-009019,2013-02-28,xslF345X03/form4.xml,CIK0000732717-submissions-002.json
2013-03-04,4,0001127602-13-009018,2013-02-28,xslF345X03/form4.xml,CIK0000732717-submissions-002.json
2013-03-04,4,0001127602-13-009016,2013-02-28,xslF345X03/form4.xml,CIK0000732717-submissions-002.json
2013-03-04,4,0001127602-13-009015,2013-02-28,xslF345X03/form4.xml,CIK0000732717-submissions-002.json
2013-03-04,4,0001127602-13-009011,2013-02-28,xslF345X03/form4.xml,CIK0000732717-submissions-002.json
2013-03-04,4,0001127602-13-009006,2013-02-28,xslF345X03/form4.xml,CIK0000732717-submissions-002.json
2013-03-04,4,0001127602-13-009005,2013-02-28,xslF345X03/form4.xml,CIK0000732717-submissions-002.json
2013-03-04,4,0001127602-13-009003,2013-02-28,xslF345X03/form4.xml,CIK0000732717-submissions-002.json
2013-03-04,424B5,0001193125-13-089640,,d494906d424b5.htm,CIK0000732717-submissions-002.json
2013-03-05,8-K,0001193125-13-091472,2013-03-05,d496303d8k.htm,CIK0000732717-submissions-002.json
2013-03-06,FWP,0001193125-13-094098,,d497775dfwp.htm,CIK0000732717-submissions-002.json
2013-03-08,424B5,0001193125-13-098879,,d499258d424b5.htm,CIK0000732717-submissions-002.json
2013-03-11,DEF 14A,0001193125-13-100824,2013-04-26,d464843ddef14a.htm,CIK0000732717-submissions-002.json
2013-03-11,DEFA14A,0001193125-13-100837,,d464843ddefa14a.htm,CIK0000732717-submissions-002.json
2013-03-13,4,0001127602-13-010595,2013-03-11,xslF345X03/form4.xml,CIK0000732717-submissions-002.json
2013-03-13,4,0001127602-13-010594,2013-03-11,xslF345X03/form4.xml,CIK0000732717-submissions-002.json
2013-03-13,4,0001127602-13-010593,2013-03-11,xslF345X03/form4.xml,CIK0000732717-submissions-002.json
2013-03-13,4,0001127602-13-010591,2013-03-11,xslF345X03/form4.xml,CIK0000732717-submissions-002.json
2013-03-13,4,0001127602-13-010590,2013-03-11,xslF345X03/form4.xml,CIK0000732717-submissions-002.json
2013-03-13,4,0001127602-13-010588,2013-03-11,xslF345X03/form4.xml,CIK0000732717-submissions-002.json
2013-03-13,4,0001127602-13-010587,2013-03-11,xslF345X03/form4.xml,CIK0000732717-submissions-002.json
2013-03-13,8-A12B,0001193125-13-105469,,d502509d8a12b.htm,CIK0000732717-submissions-002.json
2013-03-13,8-K,0001193125-13-105360,2013-03-13,d502298d8k.htm,CIK0000732717-submissions-002.json
2013-03-18,S-3ASR,0001193125-13-112830,,d502741ds3asr.htm,CIK0000732717-submissions-002.json
2013-03-21,CERTNYS,9999999997-13-006320,,9999999997-13-006320.paper,CIK0000732717-submissions-002.json
2013-04-01,4,0001127602-13-012591,2013-03-28,xslF345X03/form4.xml,CIK0000732717-submissions-002.json
2013-04-01,4,0001127602-13-012589,2013-03-28,xslF345X03/form4.xml,CIK0000732717-submissions-002.json
2013-04-01,4,0001127602-13-012586,2013-03-28,xslF345X03/form4.xml,CIK0000732717-submissions-002.json
2013-04-01,4,0001127602-13-012585,2013-03-28,xslF345X03/form4.xml,CIK0000732717-submissions-002.json
2013-04-01,4,0001127602-13-012584,2013-03-28,xslF345X03/form4.xml,CIK0000732717-submissions-002.json
2013-04-01,4,0001127602-13-012582,2013-03-28,xslF345X03/form4.xml,CIK0000732717-submissions-002.json
2013-04-01,4,0001127602-13-012580,2013-03-28,xslF345X03/form4.xml,CIK0000732717-submissions-002.json
2013-04-01,4,0001127602-13-012579,2013-03-28,xslF345X03/form4.xml,CIK0000732717-submissions-002.json
2013-04-01,4,0001127602-13-012577,2013-03-28,xslF345X03/form4.xml,CIK0000732717-submissions-002.json
2013-04-01,4,0001127602-13-012574,2013-03-28,xslF345X03/form4.xml,CIK0000732717-submissions-002.json
2013-04-01,4,0001127602-13-012573,2013-03-28,xslF345X03/form4.xml,CIK0000732717-submissions-002.json
2013-04-01,4,0001127602-13-012572,2013-03-28,xslF345X03/form4.xml,CIK0000732717-submissions-002.json
2013-04-01,4,0001127602-13-012569,2013-03-28,xslF345X03/form4.xml,CIK0000732717-submissions-002.json
2013-04-01,4,0001127602-13-012568,2013-03-28,xslF345X03/form4.xml,CIK0000732717-submissions-002.json
2013-04-03,PX14A6G,0001573631-13-000003,,dearsh13.txt,CIK0000732717-submissions-002.json
2013-04-11,8-K,0000732717-13-000021,2013-04-11,april11_8k.htm,CIK0000732717-submissions-002.json
2013-04-17,UPLOAD,0000000000-13-020695,,filename1.pdf,CIK0000732717-submissions-002.json
2013-04-23,8-K,0000732717-13-000025,2013-04-23,q1earnings801_8k.htm,CIK0000732717-submissions-002.json
2013-04-23,8-K,0000732717-13-000023,2013-04-23,q1earning8k.htm,CIK0000732717-submissions-002.json
2013-04-29,4,0001127602-13-014699,2013-04-29,xslF345X03/form4.xml,CIK0000732717-submissions-002.json
2013-04-29,4,0001127602-13-014698,2013-04-26,xslF345X03/form4.xml,CIK0000732717-submissions-002.json
2013-04-29,8-K,0000732717-13-000028,2013-04-26,votingresults.htm,CIK0000732717-submissions-002.json
2013-04-30,CORRESP,0000732717-13-000030,,filename1.htm,CIK0000732717-submissions-002.json
2013-05-02,4,0001127602-13-015252,2013-04-30,xslF345X03/form4.xml,CIK0000732717-submissions-002.json
2013-05-02,4,0001127602-13-015251,2013-04-30,xslF345X03/form4.xml,CIK0000732717-submissions-002.json
2013-05-02,4,0001127602-13-015250,2013-04-30,xslF345X03/form4.xml,CIK0000732717-submissions-002.json
2013-05-02,4,0001127602-13-015249,2013-04-30,xslF345X03/form4.xml,CIK0000732717-submissions-002.json
2013-05-02,4,0001127602-13-015248,2013-04-30,xslF345X03/form4.xml,CIK0000732717-submissions-002.json
2013-05-02,4,0001127602-13-015247,2013-04-30,xslF345X03/form4.xml,CIK0000732717-submissions-002.json
2013-05-02,4,0001127602-13-015244,2013-04-30,xslF345X03/form4.xml,CIK0000732717-submissions-002.json
2013-05-02,4,0001127602-13-015242,2013-04-30,xslF345X03/form4.xml,CIK0000732717-submissions-002.json
2013-05-02,4,0001127602-13-015240,2013-04-30,xslF345X03/form4.xml,CIK0000732717-submissions-002.json
2013-05-02,4,0001127602-13-015239,2013-04-30,xslF345X03/form4.xml,CIK0000732717-submissions-002.json
2013-05-02,4,0001127602-13-015237,2013-04-30,xslF345X03/form4.xml,CIK0000732717-submissions-002.json
2013-05-02,4,0001127602-13-015236,2013-04-30,xslF345X03/form4.xml,CIK0000732717-submissions-002.json
2013-05-02,4,0001127602-13-015235,2013-04-30,xslF345X03/form4.xml,CIK0000732717-submissions-002.json
2013-05-02,4,0001127602-13-015234,2013-04-30,xslF345X03/form4.xml,CIK0000732717-submissions-002.json
2013-05-02,4,0001127602-13-015232,2013-04-30,xslF345X03/form4.xml,CIK0000732717-submissions-002.json
2013-05-02,4,0001127602-13-015231,2013-04-30,xslF345X03/form4.xml,CIK0000732717-submissions-002.json
2013-05-02,4,0001127602-13-015230,2013-04-30,xslF345X03/form4.xml,CIK0000732717-submissions-002.json
2013-05-02,4,0001127602-13-015228,2013-04-30,xslF345X03/form4.xml,CIK0000732717-submissions-002.json
2013-05-02,4,0001127602-13-015225,2013-04-30,xslF345X03/form4.xml,CIK0000732717-submissions-002.json
2013-05-02,4,0001127602-13-015223,2013-04-30,xslF345X03/form4.xml,CIK0000732717-submissions-002.json
2013-05-02,4,0001127602-13-015218,2013-04-30,xslF345X03/form4.xml,CIK0000732717-submissions-002.json
2013-05-02,4,0001127602-13-015211,2013-04-30,xslF345X03/form4.xml,CIK0000732717-submissions-002.json
2013-05-03,10-Q,0000732717-13-000036,2013-03-31,q1_10q.htm,CIK0000732717-submissions-002.json
2013-05-03,4,0001127602-13-015505,2013-05-02,xslF345X03/form4.xml,CIK0000732717-submissions-002.json
2013-05-03,UPLOAD,0000000000-13-024490,,filename1.pdf,CIK0000732717-submissions-002.json
2013-05-06,S-4,0001193125-13-201685,,d531930ds4.htm,CIK0000732717-submissions-002.json
2013-05-06,S-8,0000732717-13-000039,,s8regstmt.htm,CIK0000732717-submissions-002.json
2013-05-08,4,0001127602-13-016113,2013-05-07,xslF345X03/form4.xml,CIK0000732717-submissions-002.json
2013-05-08,FWP,0001193125-13-206927,,d535123dfwp.htm,CIK0000732717-submissions-002.json
2013-05-10,424B5,0001193125-13-214473,,d535828d424b5.htm,CIK0000732717-submissions-002.json
2013-05-14,EFFECT,9999999995-13-001525,,xslEFFECTX01/primary_doc.xml,CIK0000732717-submissions-002.json
2013-05-15,424B3,0001193125-13-221733,,d531930d424b3.htm,CIK0000732717-submissions-002.json
2013-05-15,8-A12B,0001193125-13-222439,,d539455d8a12b.htm,CIK0000732717-submissions-002.json
2013-05-15,8-K,0001193125-13-222435,2013-05-15,d539712d8k.htm,CIK0000732717-submissions-002.json
2013-05-24,8-K,0000732717-13-000042,2013-05-24,may24_8k.htm,CIK0000732717-submissions-002.json
2013-06-04,4,0001127602-13-019410,2013-05-31,xslF345X03/form4.xml,CIK0000732717-submissions-002.json
2013-06-04,4,0001127602-13-019408,2013-05-31,xslF345X03/form4.xml,CIK0000732717-submissions-002.json
2013-06-04,4,0001127602-13-019406,2013-05-31,xslF345X03/form4.xml,CIK0000732717-submissions-002.json
2013-06-04,4,0001127602-13-019399,2013-05-31,xslF345X03/form4.xml,CIK0000732717-submissions-002.json
2013-06-04,4,0001127602-13-019396,2013-05-31,xslF345X03/form4.xml,CIK0000732717-submissions-002.json
2013-06-04,4,0001127602-13-019389,2013-05-31,xslF345X03/form4.xml,CIK0000732717-submissions-002.json
2013-06-04,4,0001127602-13-019385,2013-05-31,xslF345X03/form4.xml,CIK0000732717-submissions-002.json
2013-06-04,4,0001127602-13-019381,2013-05-31,xslF345X03/form4.xml,CIK0000732717-submissions-002.json
2013-06-04,4,0001127602-13-019374,2013-05-31,xslF345X03/form4.xml,CIK0000732717-submissions-002.json
2013-06-04,4,0001127602-13-019372,2013-05-31,xslF345X03/form4.xml,CIK0000732717-submissions-002.json
2013-06-04,4,0001127602-13-019365,2013-05-31,xslF345X03/form4.xml,CIK0000732717-submissions-002.json
2013-06-05,SC 13D/A,0001193125-13-248544,,d548225dsc13da.htm,CIK0000732717-submissions-002.json
2013-06-20,11-K,0000732717-13-000051,2012-12-31,blsssp_11k.htm,CIK0000732717-submissions-002.json
2013-06-20,11-K,0000732717-13-000049,2012-12-31,aprrsp_11k.htm,CIK0000732717-submissions-002.json
2013-06-20,11-K,0000732717-13-000047,2012-12-31,arsp_11k.htm,CIK0000732717-submissions-002.json
2013-06-20,11-K,0000732717-13-000045,2012-12-31,assp_11k.htm,CIK0000732717-submissions-002.json
2013-06-20,15-15D,0000732717-13-000055,,form15ltssppr.htm,CIK0000732717-submissions-002.json
2013-06-20,15-15D,0000732717-13-000053,,form15_ltssp.htm,CIK0000732717-submissions-002.json
2013-06-28,3,0001127602-13-021356,2013-06-28,xslF345X02/form3.xml,CIK0000732717-submissions-002.json
2013-06-28,8-K,0000732717-13-000058,2013-06-28,taylor8k.htm,CIK0000732717-submissions-002.json
2013-07-02,4,0001127602-13-022037,2013-06-28,xslF345X03/form4.xml,CIK0000732717-submissions-002.json
2013-07-02,4,0001127602-13-022035,2013-06-28,xslF345X03/form4.xml,CIK0000732717-submissions-002.json
2013-07-02,4,0001127602-13-022034,2013-06-28,xslF345X03/form4.xml,CIK0000732717-submissions-002.json
2013-07-02,4,0001127602-13-022032,2013-06-28,xslF345X03/form4.xml,CIK0000732717-submissions-002.json
2013-07-02,4,0001127602-13-022030,2013-06-28,xslF345X03/form4.xml,CIK0000732717-submissions-002.json
2013-07-02,4,0001127602-13-022028,2013-06-28,xslF345X03/form4.xml,CIK0000732717-submissions-002.json
2013-07-02,4,0001127602-13-022027,2013-06-28,xslF345X03/form4.xml,CIK0000732717-submissions-002.json
2013-07-02,4,0001127602-13-022025,2013-06-28,xslF345X03/form4.xml,CIK0000732717-submissions-002.json
2013-07-02,4,0001127602-13-022022,2013-06-28,xslF345X03/form4.xml,CIK0000732717-submissions-002.json
2013-07-02,4,0001127602-13-022020,2013-06-28,xslF345X03/form4.xml,CIK0000732717-submissions-002.json
2013-07-02,4,0001127602-13-022014,2013-06-28,xslF345X03/form4.xml,CIK0000732717-submissions-002.json
2013-07-02,4,0001127602-13-022007,2013-06-28,xslF345X03/form4.xml,CIK0000732717-submissions-002.json
2013-07-02,4,0001127602-13-022002,2013-06-28,xslF345X03/form4.xml,CIK0000732717-submissions-002.json
2013-07-02,4,0001127602-13-021997,2013-06-28,xslF345X03/form4.xml,CIK0000732717-submissions-002.json
2013-07-03,S-8,0000732717-13-000061,,s8.htm,CIK0000732717-submissions-002.json
2013-07-12,8-K,0000732717-13-000068,2013-07-12,form8k.htm,CIK0000732717-submissions-002.json
2013-07-18,SC 13D,0000732717-13-000070,,form13d.htm,CIK0000732717-submissions-002.json
2013-07-23,8-K,0000732717-13-000072,2013-04-23,q2earning8k.htm,CIK0000732717-submissions-002.json
2013-07-24,8-K,0000732717-13-000074,2013-06-30,q2earnings801_8k.htm,CIK0000732717-submissions-002.json
2013-07-25,8-K,0000732717-13-000077,2013-07-19,form8k.htm,CIK0000732717-submissions-002.json
2013-07-30,4,0001127602-13-023814,2013-07-30,xslF345X03/form4.xml,CIK0000732717-submissions-002.json
2013-08-01,4,0001127602-13-024140,2013-07-31,xslF345X03/form4.xml,CIK0000732717-submissions-002.json
2013-08-01,4,0001127602-13-024139,2013-07-31,xslF345X03/form4.xml,CIK0000732717-submissions-002.json
2013-08-01,4,0001127602-13-024138,2013-07-31,xslF345X03/form4.xml,CIK0000732717-submissions-002.json
2013-08-01,4,0001127602-13-024137,2013-07-31,xslF345X03/form4.xml,CIK0000732717-submissions-002.json
2013-08-01,4,0001127602-13-024135,2013-07-31,xslF345X03/form4.xml,CIK0000732717-submissions-002.json
2013-08-01,4,0001127602-13-024134,2013-07-31,xslF345X03/form4.xml,CIK0000732717-submissions-002.json
2013-08-01,4,0001127602-13-024132,2013-07-31,xslF345X03/form4.xml,CIK0000732717-submissions-002.json
2013-08-01,4,0001127602-13-024131,2013-07-31,xslF345X03/form4.xml,CIK0000732717-submissions-002.json
2013-08-01,4,0001127602-13-024128,2013-07-31,xslF345X03/form4.xml,CIK0000732717-submissions-002.json
2013-08-01,4,0001127602-13-024126,2013-07-31,xslF345X03/form4.xml,CIK0000732717-submissions-002.json
2013-08-01,4,0001127602-13-024123,2013-07-31,xslF345X03/form4.xml,CIK0000732717-submissions-002.json
2013-08-01,4,0001127602-13-024122,2013-07-31,xslF345X03/form4.xml,CIK0000732717-submissions-002.json
2013-08-01,4,0001127602-13-024121,2013-07-31,xslF345X03/form4.xml,CIK0000732717-submissions-002.json
2013-08-01,4,0001127602-13-024117,2013-07-31,xslF345X03/form4.xml,CIK0000732717-submissions-002.json
2013-08-01,4,0001127602-13-024116,2013-07-31,xslF345X03/form4.xml,CIK0000732717-submissions-002.json
2013-08-01,4,0001127602-13-024114,2013-07-31,xslF345X03/form4.xml,CIK0000732717-submissions-002.json
2013-08-01,4,0001127602-13-024112,2013-07-31,xslF345X03/form4.xml,CIK0000732717-submissions-002.json
2013-08-01,4,0001127602-13-024110,2013-07-31,xslF345X03/form4.xml,CIK0000732717-submissions-002.json
2013-08-01,4,0001127602-13-024109,2013-07-31,xslF345X03/form4.xml,CIK0000732717-submissions-002.json
2013-08-01,4,0001127602-13-024108,2013-07-31,xslF345X03/form4.xml,CIK0000732717-submissions-002.json
2013-08-01,4,0001127602-13-024105,2013-07-31,xslF345X03/form4.xml,CIK0000732717-submissions-002.json
2013-08-02,10-Q,0000732717-13-000080,2013-06-30,q2_10q.htm,CIK0000732717-submissions-002.json
2013-08-05,4,0001127602-13-024346,2013-08-01,xslF345X03/form4.xml,CIK0000732717-submissions-002.json
2013-08-05,4,0001127602-13-024345,2013-08-01,xslF345X03/form4.xml,CIK0000732717-submissions-002.json
2013-08-28,8-K,0000732717-13-000083,2013-08-28,aug28_8k.htm,CIK0000732717-submissions-002.json
2013-09-04,4,0001127602-13-026535,2013-08-30,xslF345X03/form4.xml,CIK0000732717-submissions-002.json
2013-09-04,4,0001127602-13-026534,2013-08-30,xslF345X03/form4.xml,CIK0000732717-submissions-002.json
2013-09-04,4,0001127602-13-026533,2013-08-30,xslF345X03/form4.xml,CIK0000732717-submissions-002.json
2013-09-04,4,0001127602-13-026530,2013-08-30,xslF345X03/form4.xml,CIK0000732717-submissions-002.json
2013-09-04,4,0001127602-13-026529,2013-08-30,xslF345X03/form4.xml,CIK0000732717-submissions-002.json
2013-09-04,4,0001127602-13-026528,2013-08-30,xslF345X03/form4.xml,CIK0000732717-submissions-002.json
2013-09-04,4,0001127602-13-026527,2013-08-30,xslF345X03/form4.xml,CIK0000732717-submissions-002.json
2013-09-04,4,0001127602-13-026526,2013-08-30,xslF345X03/form4.xml,CIK0000732717-submissions-002.json
2013-09-04,4,0001127602-13-026525,2013-08-30,xslF345X03/form4.xml,CIK0000732717-submissions-002.json
2013-09-04,4,0001127602-13-026524,2013-08-30,xslF345X03/form4.xml,CIK0000732717-submissions-002.json
2013-09-04,4,0001127602-13-026523,2013-08-30,xslF345X03/form4.xml,CIK0000732717-submissions-002.json
2013-09-10,8-K,0000732717-13-000087,2013-09-10,spectrum_8k.htm,CIK0000732717-submissions-002.json
2013-09-27,3,0001127602-13-027916,2013-09-27,xslF345X02/form3.xml,CIK0000732717-submissions-002.json
2013-09-27,8-K,0000732717-13-000090,2013-09-27,newdirector8k.htm,CIK0000732717-submissions-002.json
2013-10-02,4,0001127602-13-028305,2013-09-30,xslF345X03/form4.xml,CIK0000732717-submissions-002.json
2013-10-02,4,0001127602-13-028303,2013-09-30,xslF345X03/form4.xml,CIK0000732717-submissions-002.json
2013-10-02,4,0001127602-13-028302,2013-09-30,xslF345X03/form4.xml,CIK0000732717-submissions-002.json
2013-10-02,4,0001127602-13-028301,2013-09-30,xslF345X03/form4.xml,CIK0000732717-submissions-002.json
2013-10-02,4,0001127602-13-028300,2013-09-30,xslF345X03/form4.xml,CIK0000732717-submissions-002.json
2013-10-02,4,0001127602-13-028299,2013-09-30,xslF345X03/form4.xml,CIK0000732717-submissions-002.json
2013-10-02,4,0001127602-13-028298,2013-09-30,xslF345X03/form4.xml,CIK0000732717-submissions-002.json
2013-10-02,4,0001127602-13-028297,2013-09-30,xslF345X03/form4.xml,CIK0000732717-submissions-002.json
2013-10-02,4,0001127602-13-028294,2013-09-30,xslF345X03/form4.xml,CIK0000732717-submissions-002.json
2013-10-02,4,0001127602-13-028291,2013-09-30,xslF345X03/form4.xml,CIK0000732717-submissions-002.json
2013-10-02,4,0001127602-13-028289,2013-09-30,xslF345X03/form4.xml,CIK0000732717-submissions-002.json
2013-10-02,4,0001127602-13-028287,2013-09-30,xslF345X03/form4.xml,CIK0000732717-submissions-002.json
2013-10-02,4,0001127602-13-028285,2013-09-30,xslF345X03/form4.xml,CIK0000732717-submissions-002.json
2013-10-02,4,0001127602-13-028284,2013-09-30,xslF345X03/form4.xml,CIK0000732717-submissions-002.json
2013-10-21,8-K,0000732717-13-000092,2013-10-04,form8k.htm,CIK0000732717-submissions-002.json
2013-10-23,8-K,0000732717-13-000096,2013-09-30,q3earnings801_8k.htm,CIK0000732717-submissions-002.json
2013-10-23,8-K,0000732717-13-000094,2013-09-30,q3earnings8k.htm,CIK0000732717-submissions-002.json
2013-10-25,4,0001127602-13-029783,2013-10-24,xslF345X03/form4.xml,CIK0000732717-submissions-002.json
2013-10-29,4,0001127602-13-029936,2013-10-28,xslF345X03/form4.xml,CIK0000732717-submissions-002.json
2013-11-01,10-Q,0000732717-13-000099,2013-09-30,q3_10q.htm,CIK0000732717-submissions-002.json
2013-11-04,4,0001127602-13-030463,2013-10-31,xslF345X03/form4.xml,CIK0000732717-submissions-002.json
2013-11-04,4,0001127602-13-030461,2013-10-31,xslF345X03/form4.xml,CIK0000732717-submissions-002.json
2013-11-04,4,0001127602-13-030459,2013-10-31,xslF345X03/form4.xml,CIK0000732717-submissions-002.json
2013-11-04,4,0001127602-13-030457,2013-10-31,xslF345X03/form4.xml,CIK0000732717-submissions-002.json
2013-11-04,4,0001127602-13-030456,2013-10-31,xslF345X03/form4.xml,CIK0000732717-submissions-002.json
2013-11-04,4,0001127602-13-030454,2013-10-31,xslF345X03/form4.xml,CIK0000732717-submissions-002.json
2013-11-04,4,0001127602-13-030453,2013-10-31,xslF345X03/form4.xml,CIK0000732717-submissions-002.json
2013-11-04,4,0001127602-13-030452,2013-10-31,xslF345X03/form4.xml,CIK0000732717-submissions-002.json
2013-11-04,4,0001127602-13-030451,2013-10-31,xslF345X03/form4.xml,CIK0000732717-submissions-002.json
2013-11-04,4,0001127602-13-030450,2013-10-31,xslF345X03/form4.xml,CIK0000732717-submissions-002.json
2013-11-04,4,0001127602-13-030449,2013-10-31,xslF345X03/form4.xml,CIK0000732717-submissions-002.json
2013-11-04,4,0001127602-13-030448,2013-10-31,xslF345X03/form4.xml,CIK0000732717-submissions-002.json
2013-11-04,4,0001127602-13-030447,2013-10-31,xslF345X03/form4.xml,CIK0000732717-submissions-002.json
2013-11-04,4,0001127602-13-030445,2013-10-31,xslF345X03/form4.xml,CIK0000732717-submissions-002.json
2013-11-04,4,0001127602-13-030443,2013-10-31,xslF345X03/form4.xml,CIK0000732717-submissions-002.json
2013-11-04,4,0001127602-13-030439,2013-10-31,xslF345X03/form4.xml,CIK0000732717-submissions-002.json
2013-11-04,4,0001127602-13-030438,2013-10-31,xslF345X03/form4.xml,CIK0000732717-submissions-002.json
2013-11-04,4,0001127602-13-030437,2013-10-31,xslF345X03/form4.xml,CIK0000732717-submissions-002.json
2013-11-04,4,0001127602-13-030434,2013-10-31,xslF345X03/form4.xml,CIK0000732717-submissions-002.json
2013-11-04,4,0001127602-13-030430,2013-10-31,xslF345X03/form4.xml,CIK0000732717-submissions-002.json
2013-11-04,4,0001127602-13-030427,2013-10-31,xslF345X03/form4.xml,CIK0000732717-submissions-002.json
2013-11-05,4,0001127602-13-030601,2013-11-01,xslF345X03/form4.xml,CIK0000732717-submissions-002.json
2013-11-05,4,0001127602-13-030600,2013-11-01,xslF345X03/form4.xml,CIK0000732717-submissions-002.json
2013-11-05,424B5,0001193125-13-426299,,d622954d424b5.htm,CIK0000732717-submissions-002.json
2013-11-05,8-K,0001193125-13-426876,2013-11-05,d623077d8k.htm,CIK0000732717-submissions-002.json
2013-11-05,FWP,0001193125-13-427627,,d623486dfwp.htm,CIK0000732717-submissions-002.json
2013-11-07,424B2,0001193125-13-433064,,d622954d424b2.htm,CIK0000732717-submissions-002.json
2013-11-13,8-A12B,0001193125-13-440385,,d628177d8a12b.htm,CIK0000732717-submissions-002.json
2013-11-13,8-K,0001193125-13-439928,2013-11-13,d627396d8k.htm,CIK0000732717-submissions-002.json
2013-11-14,4/A,0001127602-13-031689,2013-10-31,xslF345X03/form4a.xml,CIK0000732717-submissions-002.json
2013-11-14,424B5,0001193125-13-441332,,d628823d424b5.htm,CIK0000732717-submissions-002.json
2013-11-14,8-K,0001193125-13-442361,2013-11-13,d629016d8k.htm,CIK0000732717-submissions-002.json
2013-11-15,FWP,0001193125-13-442528,,d629083dfwp.htm,CIK0000732717-submissions-002.json
2013-11-18,424B2,0001193125-13-445419,,d628823d424b2.htm,CIK0000732717-submissions-002.json
2013-11-20,8-K,0001193125-13-448591,2013-11-19,d632503d8k.htm,CIK0000732717-submissions-002.json
2013-11-20,FWP,0001193125-13-448645,,d633050dfwp.htm,CIK0000732717-submissions-002.json
2013-11-21,4,0001127602-13-032431,2013-11-20,xslF345X03/form4.xml,CIK0000732717-submissions-002.json
2013-11-21,CERTNYS,9999999997-13-016839,,9999999997-13-016839.paper,CIK0000732717-submissions-002.json
2013-11-22,424B5,0001193125-13-450909,,d630920d424b5.htm,CIK0000732717-submissions-002.json
2013-11-25,8-K,0001193125-13-452839,2013-11-25,d634197d8k.htm,CIK0000732717-submissions-002.json
2013-11-27,8-K,0001193125-13-456621,2013-11-27,d636048d8k.htm,CIK0000732717-submissions-002.json
2013-12-03,4,0001127602-13-033499,2013-11-29,xslF345X03/form4.xml,CIK0000732717-submissions-002.json
2013-12-03,4,0001127602-13-033498,2013-11-29,xslF345X03/form4.xml,CIK0000732717-submissions-002.json
2013-12-03,4,0001127602-13-033497,2013-11-29,xslF345X03/form4.xml,CIK0000732717-submissions-002.json
2013-12-03,4,0001127602-13-033496,2013-11-29,xslF345X03/form4.xml,CIK0000732717-submissions-002.json
2013-12-03,4,0001127602-13-033495,2013-11-29,xslF345X03/form4.xml,CIK0000732717-submissions-002.json
2013-12-03,4,0001127602-13-033494,2013-11-29,xslF345X03/form4.xml,CIK0000732717-submissions-002.json
2013-12-03,4,0001127602-13-033491,2013-11-29,xslF345X03/form4.xml,CIK0000732717-submissions-002.json
2013-12-03,4,0001127602-13-033487,2013-11-29,xslF345X03/form4.xml,CIK0000732717-submissions-002.json
2013-12-03,4,0001127602-13-033483,2013-11-29,xslF345X03/form4.xml,CIK0000732717-submissions-002.json
2013-12-03,4,0001127602-13-033479,2013-11-29,xslF345X03/form4.xml,CIK0000732717-submissions-002.json
2013-12-03,4,0001127602-13-033477,2013-11-29,xslF345X03/form4.xml,CIK0000732717-submissions-002.json
2013-12-03,4,0001127602-13-033460,2013-11-29,xslF345X03/form4.xml,CIK0000732717-submissions-002.json
2013-12-03,4,0001127602-13-033456,2013-11-29,xslF345X03/form4.xml,CIK0000732717-submissions-002.json
2013-12-03,4,0001127602-13-033454,2013-11-29,xslF345X03/form4.xml,CIK0000732717-submissions-002.json
2013-12-06,8-K,0001193125-13-464701,2013-12-05,d641589d8k.htm,CIK0000732717-submissions-002.json
2013-12-09,3/A,0001127602-13-034024,2013-06-28,xslF345X02/form3a.xml,CIK0000732717-submissions-002.json
2013-12-11,8-K,0001193125-13-469704,2013-12-11,d644517d8k.htm,CIK0000732717-submissions-002.json
2013-12-12,8-K,0000732717-13-000101,2013-12-12,hrc8k.htm,CIK0000732717-submissions-002.json
2013-12-16,8-K,0000732717-13-000103,2013-12-16,form8k.htm,CIK0000732717-submissions-002.json
2013-12-18,8-K,0000732717-13-000105,2013-12-16,form8k.htm,CIK0000732717-submissions-002.json
2013-12-23,NO ACT,9999999997-14-000048,2013-11-22,9999999997-14-000048.paper,CIK0000732717-submissions-002.json
2013-12-24,SC 13D/A,0001193125-13-483475,,d649577dsc13da.htm,CIK0000732717-submissions-002.json
2014-01-03,4,0001127602-14-000896,2013-12-31,xslF345X03/form4.xml,CIK0000732717-submissions-002.json
2014-01-03,4,0001127602-14-000891,2013-12-31,xslF345X03/form4.xml,CIK0000732717-submissions-002.json
2014-01-03,4,0001127602-14-000888,2013-12-31,xslF345X03/form4.xml,CIK0000732717-submissions-002.json
2014-01-03,4,0001127602-14-000883,2013-12-31,xslF345X03/form4.xml,CIK0000732717-submissions-002.json
2014-01-03,4,0001127602-14-000880,2013-12-31,xslF345X03/form4.xml,CIK0000732717-submissions-002.json
2014-01-03,4,0001127602-14-000874,2013-12-31,xslF345X03/form4.xml,CIK0000732717-submissions-002.json
2014-01-03,4,0001127602-14-000864,2013-12-31,xslF345X03/form4.xml,CIK0000732717-submissions-002.json
2014-01-03,4,0001127602-14-000861,2013-12-31,xslF345X03/form4.xml,CIK0000732717-submissions-002.json
2014-01-03,4,0001127602-14-000859,2013-12-31,xslF345X03/form4.xml,CIK0000732717-submissions-002.json
2014-01-03,4,0001127602-14-000856,2013-12-31,xslF345X03/form4.xml,CIK0000732717-submissions-002.json
2014-01-03,4,0001127602-14-000850,2013-12-31,xslF345X03/form4.xml,CIK0000732717-submissions-002.json
2014-01-03,4,0001127602-14-000844,2013-12-31,xslF345X03/form4.xml,CIK0000732717-submissions-002.json
2014-01-03,4,0001127602-14-000842,2013-12-31,xslF345X03/form4.xml,CIK0000732717-submissions-002.json
2014-01-03,4,0001127602-14-000837,2013-12-31,xslF345X03/form4.xml,CIK0000732717-submissions-002.json
2014-01-03,4,0001127602-14-000836,2013-12-31,xslF345X03/form4.xml,CIK0000732717-submissions-002.json
2014-01-03,4,0001127602-14-000833,2013-12-31,xslF345X03/form4.xml,CIK0000732717-submissions-002.json
2014-01-03,4,0001127602-14-000832,2013-12-31,xslF345X03/form4.xml,CIK0000732717-submissions-002.json
2014-01-06,4,0001127602-14-001237,2014-01-02,xslF345X03/form4.xml,CIK0000732717-submissions-002.json
2014-01-13,NO ACT,9999999997-14-000843,2013-12-13,9999999997-14-000843.paper,CIK0000732717-submissions-002.json
2014-01-17,NO ACT,9999999997-14-000733,2013-12-13,9999999997-14-000733.paper,CIK0000732717-submissions-002.json
2014-01-22,8-K,0000732717-14-000002,2014-01-22,january22_8k.htm,CIK0000732717-submissions-002.json
2014-01-22,NO ACT,9999999997-14-000739,2013-12-13,9999999997-14-000739.paper,CIK0000732717-submissions-002.json
2014-01-28,8-K,0000732717-14-000004,2013-12-31,q4earnings8k.htm,CIK0000732717-submissions-002.json
2014-01-29,8-K,0000732717-14-000005,2013-12-31,q4earnings801_8k.htm,CIK0000732717-submissions-002.json
2014-01-30,4,0001127602-14-003490,2014-01-28,xslF345X03/form4.xml,CIK0000732717-submissions-002.json
2014-01-30,4,0001127602-14-003489,2014-01-28,xslF345X03/form4.xml,CIK0000732717-submissions-002.json
2014-01-30,4,0001127602-14-003487,2014-01-28,xslF345X03/form4.xml,CIK0000732717-submissions-002.json
2014-01-30,4,0001127602-14-003485,2014-01-28,xslF345X03/form4.xml,CIK0000732717-submissions-002.json
2014-01-30,4,0001127602-14-003479,2014-01-28,xslF345X03/form4.xml,CIK0000732717-submissions-002.json
2014-01-30,4,0001127602-14-003475,2014-01-28,xslF345X03/form4.xml,CIK0000732717-submissions-002.json
2014-01-30,4,0001127602-14-003471,2014-01-28,xslF345X03/form4.xml,CIK0000732717-submissions-002.json
2014-01-30,4,0001127602-14-003467,2014-01-28,xslF345X03/form4.xml,CIK0000732717-submissions-002.json
2014-01-30,4,0001127602-14-003465,2014-01-28,xslF345X03/form4.xml,CIK0000732717-submissions-002.json
2014-01-30,4,0001127602-14-003463,2014-01-28,xslF345X03/form4.xml,CIK0000732717-submissions-002.json
2014-01-30,4,0001127602-14-003461,2014-01-28,xslF345X03/form4.xml,CIK0000732717-submissions-002.json
2014-02-03,4,0001127602-14-004049,2014-01-30,xslF345X03/form4.xml,CIK0000732717-submissions-002.json
2014-02-03,4,0001127602-14-004046,2014-01-30,xslF345X03/form4.xml,CIK0000732717-submissions-002.json
2014-02-03,4,0001127602-14-004041,2014-01-30,xslF345X03/form4.xml,CIK0000732717-submissions-002.json
2014-02-03,4,0001127602-14-004039,2014-01-30,xslF345X03/form4.xml,CIK0000732717-submissions-002.json
2014-02-03,4,0001127602-14-004035,2014-01-30,xslF345X03/form4.xml,CIK0000732717-submissions-002.json
2014-02-03,4,0001127602-14-004032,2014-01-30,xslF345X03/form4.xml,CIK0000732717-submissions-002.json
2014-02-03,4,0001127602-14-004030,2014-01-30,xslF345X03/form4.xml,CIK0000732717-submissions-002.json
2014-02-03,4,0001127602-14-004028,2014-01-30,xslF345X03/form4.xml,CIK0000732717-submissions-002.json
2014-02-03,4,0001127602-14-004024,2014-01-30,xslF345X03/form4.xml,CIK0000732717-submissions-002.json
2014-02-03,4,0001127602-14-004023,2014-01-30,xslF345X03/form4.xml,CIK0000732717-submissions-002.json
2014-02-03,4,0001127602-14-004022,2014-01-30,xslF345X03/form4.xml,CIK0000732717-submissions-002.json
2014-02-04,4,0001127602-14-004367,2014-01-31,xslF345X03/form4.xml,CIK0000732717-submissions-002.json
2014-02-04,4,0001127602-14-004366,2014-01-31,xslF345X03/form4.xml,CIK0000732717-submissions-002.json
2014-02-04,4,0001127602-14-004365,2014-01-31,xslF345X03/form4.xml,CIK0000732717-submissions-002.json
2014-02-04,4,0001127602-14-004362,2014-01-31,xslF345X03/form4.xml,CIK0000732717-submissions-002.json
2014-02-04,4,0001127602-14-004361,2014-01-31,xslF345X03/form4.xml,CIK0000732717-submissions-002.json
2014-02-04,4,0001127602-14-004360,2014-01-31,xslF345X03/form4.xml,CIK0000732717-submissions-002.json
2014-02-04,4,0001127602-14-004359,2014-01-31,xslF345X03/form4.xml,CIK0000732717-submissions-002.json
2014-02-04,4,0001127602-14-004358,2014-01-31,xslF345X03/form4.xml,CIK0000732717-submissions-002.json
2014-02-04,4,0001127602-14-004357,2014-01-31,xslF345X03/form4.xml,CIK0000732717-submissions-002.json
2014-02-04,4,0001127602-14-004355,2014-01-31,xslF345X03/form4.xml,CIK0000732717-submissions-002.json
2014-02-04,4,0001127602-14-004353,2014-01-31,xslF345X03/form4.xml,CIK0000732717-submissions-002.json
2014-02-04,4,0001127602-14-004350,2014-01-31,xslF345X03/form4.xml,CIK0000732717-submissions-002.json
2014-02-04,4,0001127602-14-004348,2014-01-31,xslF345X03/form4.xml,CIK0000732717-submissions-002.json
2014-02-04,SC 13G/A,0001086364-14-002016,,att.inc..txt,CIK0000732717-submissions-002.json
2014-02-06,4,0001127602-14-004747,2014-02-05,xslF345X03/form4.xml,CIK0000732717-submissions-002.json
2014-02-06,4/A,0001127602-14-004887,2014-01-31,xslF345X03/form4a.xml,CIK0000732717-submissions-002.json
2014-02-06,4/A,0001127602-14-004885,2014-01-31,xslF345X03/form4a.xml,CIK0000732717-submissions-002.json
2014-02-19,NO ACT,9999999997-14-001489,2013-12-18,9999999997-14-001489.paper,CIK0000732717-submissions-002.json
2014-02-20,NO ACT,9999999997-14-001347,2014-02-20,9999999997-14-001347.paper,CIK0000732717-submissions-002.json
2014-02-21,10-K,0000732717-14-000010,2013-12-31,ye13_10k.htm,CIK0000732717-submissions-002.json
2014-02-21,NO ACT,9999999997-14-001348,2013-12-06,9999999997-14-001348.paper,CIK0000732717-submissions-002.json
2014-03-04,4,0001127602-14-009880,2014-02-28,xslF345X03/form4.xml,CIK0000732717-submissions-002.json
2014-03-04,4,0001127602-14-009879,2014-02-28,xslF345X03/form4.xml,CIK0000732717-submissions-002.json
2014-03-04,4,0001127602-14-009877,2014-02-28,xslF345X03/form4.xml,CIK0000732717-submissions-002.json
2014-03-04,4,0001127602-14-009875,2014-02-28,xslF345X03/form4.xml,CIK0000732717-submissions-002.json
2014-03-04,4,0001127602-14-009874,2014-02-28,xslF345X03/form4.xml,CIK0000732717-submissions-002.json
2014-03-04,4,0001127602-14-009872,2014-02-28,xslF345X03/form4.xml,CIK0000732717-submissions-002.json
2014-03-04,4,0001127602-14-009865,2014-02-28,xslF345X03/form4.xml,CIK0000732717-submissions-002.json
2014-03-04,4,0001127602-14-009862,2014-02-28,xslF345X03/form4.xml,CIK0000732717-submissions-002.json
2014-03-04,4,0001127602-14-009857,2014-02-28,xslF345X03/form4.xml,CIK0000732717-submissions-002.json
2014-03-04,4,0001127602-14-009856,2014-02-28,xslF345X03/form4.xml,CIK0000732717-submissions-002.json
2014-03-04,4,0001127602-14-009854,2014-02-28,xslF345X03/form4.xml,CIK0000732717-submissions-002.json
2014-03-04,4,0001127602-14-009851,2014-02-28,xslF345X03/form4.xml,CIK0000732717-submissions-002.json
2014-03-04,4,0001127602-14-009850,2014-02-28,xslF345X03/form4.xml,CIK0000732717-submissions-002.json
2014-03-04,4,0001127602-14-009848,2014-02-28,xslF345X03/form4.xml,CIK0000732717-submissions-002.json
2014-03-06,FWP,0001193125-14-084927,,d688776dfwp.htm,CIK0000732717-submissions-002.json
2014-03-07,424B5,0001193125-14-089037,,d688776d424b5.htm,CIK0000732717-submissions-002.json
2014-03-10,8-K,0001193125-14-091725,2014-03-10,d688788d8k.htm,CIK0000732717-submissions-002.json
2014-03-11,DEF 14A,0001193125-14-093532,2014-04-25,d618890ddef14a.htm,CIK0000732717-submissions-002.json
2014-03-11,DEFA14A,0001193125-14-093553,,d618890ddefa14a.htm,CIK0000732717-submissions-002.json
2014-03-12,4,0001127602-14-011299,2014-03-10,xslF345X03/form4.xml,CIK0000732717-submissions-002.json
2014-03-12,4,0001127602-14-011297,2014-03-10,xslF345X03/form4.xml,CIK0000732717-submissions-002.json
2014-03-12,4,0001127602-14-011292,2014-03-10,xslF345X03/form4.xml,CIK0000732717-submissions-002.json
2014-03-12,4,0001127602-14-011288,2014-03-10,xslF345X03/form4.xml,CIK0000732717-submissions-002.json
2014-03-12,4,0001127602-14-011286,2014-03-10,xslF345X03/form4.xml,CIK0000732717-submissions-002.json
2014-03-12,4,0001127602-14-011284,2014-03-10,xslF345X03/form4.xml,CIK0000732717-submissions-002.json
2014-03-12,4,0001127602-14-011280,2014-03-10,xslF345X03/form4.xml,CIK0000732717-submissions-002.json
2014-03-12,4,0001127602-14-011278,2014-03-10,xslF345X03/form4.xml,CIK0000732717-submissions-002.json
2014-03-12,4/A,0001127602-14-011271,2014-01-30,xslF345X03/form4a.xml,CIK0000732717-submissions-002.json
2014-03-12,4/A,0001127602-14-011270,2014-01-30,xslF345X03/form4a.xml,CIK0000732717-submissions-002.json
2014-03-12,4/A,0001127602-14-011269,2014-01-30,xslF345X03/form4a.xml,CIK0000732717-submissions-002.json
2014-03-12,4/A,0001127602-14-011268,2014-01-30,xslF345X03/form4a.xml,CIK0000732717-submissions-002.json
2014-03-12,4/A,0001127602-14-011266,2014-01-30,xslF345X03/form4a.xml,CIK0000732717-submissions-002.json
2014-03-12,4/A,0001127602-14-011264,2014-01-30,xslF345X03/form4a.xml,CIK0000732717-submissions-002.json
2014-03-12,4/A,0001127602-14-011263,2014-01-30,xslF345X03/form4a.xml,CIK0000732717-submissions-002.json
2014-03-12,4/A,0001127602-14-011261,2014-01-30,xslF345X03/form4a.xml,CIK0000732717-submissions-002.json
2014-03-12,4/A,0001127602-14-011258,2014-01-30,xslF345X03/form4a.xml,CIK0000732717-submissions-002.json
2014-03-12,4/A,0001127602-14-011257,2014-01-30,xslF345X03/form4a.xml,CIK0000732717-submissions-002.json
2014-03-14,8-K,0001193125-14-099501,2014-03-13,d695274d8k.htm,CIK0000732717-submissions-002.json
2014-03-14,SC 13D/A,0001193125-14-099505,,d695389dsc13da.htm,CIK0000732717-submissions-002.json
2014-03-27,FWP,0001193125-14-117142,,d701122dfwp.htm,CIK0000732717-submissions-002.json
2014-03-28,424B5,0001193125-14-121099,,d701106d424b5.htm,CIK0000732717-submissions-002.json
2014-03-31,8-K,0001193125-14-124085,2014-03-31,d701323d8k.htm,CIK0000732717-submissions-002.json
2014-04-02,4,0001127602-14-013720,2014-03-31,xslF345X03/form4.xml,CIK0000732717-submissions-002.json
2014-04-02,4,0001127602-14-013719,2014-03-31,xslF345X03/form4.xml,CIK0000732717-submissions-002.json
2014-04-02,4,0001127602-14-013716,2014-03-31,xslF345X03/form4.xml,CIK0000732717-submissions-002.json
2014-04-02,4,0001127602-14-013715,2014-03-31,xslF345X03/form4.xml,CIK0000732717-submissions-002.json
2014-04-02,4,0001127602-14-013714,2014-03-31,xslF345X03/form4.xml,CIK0000732717-submissions-002.json
2014-04-02,4,0001127602-14-013713,2014-03-31,xslF345X03/form4.xml,CIK0000732717-submissions-002.json
2014-04-02,4,0001127602-14-013711,2014-03-31,xslF345X03/form4.xml,CIK0000732717-submissions-002.json
2014-04-02,4,0001127602-14-013710,2014-03-31,xslF345X03/form4.xml,CIK0000732717-submissions-002.json
2014-04-02,4,0001127602-14-013708,2014-03-31,xslF345X03/form4.xml,CIK0000732717-submissions-002.json
2014-04-02,4,0001127602-14-013706,2014-03-31,xslF345X03/form4.xml,CIK0000732717-submissions-002.json
2014-04-02,4,0001127602-14-013705,2014-03-31,xslF345X03/form4.xml,CIK0000732717-submissions-002.json
2014-04-02,4,0001127602-14-013704,2014-03-31,xslF345X03/form4.xml,CIK0000732717-submissions-002.json
2014-04-02,4,0001127602-14-013700,2014-03-31,xslF345X03/form4.xml,CIK0000732717-submissions-002.json
2014-04-02,4,0001127602-14-013698,2014-03-31,xslF345X03/form4.xml,CIK0000732717-submissions-002.json
2014-04-02,4,0001127602-14-013696,2014-03-31,xslF345X03/form4.xml,CIK0000732717-submissions-002.json
2014-04-02,4,0001127602-14-013691,2014-03-31,xslF345X03/form4.xml,CIK0000732717-submissions-002.json
2014-04-11,SC 13D/A,0001193125-14-140581,,d709018dsc13da.htm,CIK0000732717-submissions-002.json
2014-04-22,8-K,0000732717-14-000012,2014-03-31,q1earning8k.htm,CIK0000732717-submissions-002.json
2014-04-23,8-K,0000732717-14-000013,2014-03-31,q1earnings801_8k.htm,CIK0000732717-submissions-002.json
2014-04-28,8-K,0000732717-14-000016,2014-04-25,votingresults2014.htm,CIK0000732717-submissions-002.json
2014-05-02,10-Q,0000732717-14-000022,2014-03-31,q1_10q.htm,CIK0000732717-submissions-002.json
2014-05-02,4,0001127602-14-016131,2014-04-30,xslF345X03/form4.xml,CIK0000732717-submissions-002.json
2014-05-02,4,0001127602-14-016130,2014-04-30,xslF345X03/form4.xml,CIK0000732717-submissions-002.json
2014-05-02,4,0001127602-14-016129,2014-04-30,xslF345X03/form4.xml,CIK0000732717-submissions-002.json
2014-05-02,4,0001127602-14-016128,2014-04-30,xslF345X03/form4.xml,CIK0000732717-submissions-002.json
2014-05-02,4,0001127602-14-016127,2014-04-30,xslF345X03/form4.xml,CIK0000732717-submissions-002.json
2014-05-02,4,0001127602-14-016123,2014-04-30,xslF345X03/form4.xml,CIK0000732717-submissions-002.json
2014-05-02,4,0001127602-14-016121,2014-04-30,xslF345X03/form4.xml,CIK0000732717-submissions-002.json
2014-05-02,4,0001127602-14-016117,2014-04-30,xslF345X03/form4.xml,CIK0000732717-submissions-002.json
2014-05-02,4,0001127602-14-016116,2014-04-30,xslF345X03/form4.xml,CIK0000732717-submissions-002.json
2014-05-02,4,0001127602-14-016115,2014-04-30,xslF345X03/form4.xml,CIK0000732717-submissions-002.json
2014-05-02,4,0001127602-14-016113,2014-04-30,xslF345X03/form4.xml,CIK0000732717-submissions-002.json
2014-05-02,4,0001127602-14-016111,2014-04-30,xslF345X03/form4.xml,CIK0000732717-submissions-002.json
2014-05-02,4,0001127602-14-016110,2014-04-30,xslF345X03/form4.xml,CIK0000732717-submissions-002.json
2014-05-02,4,0001127602-14-016107,2014-04-30,xslF345X03/form4.xml,CIK0000732717-submissions-002.json
2014-05-02,4,0001127602-14-016106,2014-04-30,xslF345X03/form4.xml,CIK0000732717-submissions-002.json
2014-05-02,4,0001127602-14-016103,2014-04-30,xslF345X03/form4.xml,CIK0000732717-submissions-002.json
2014-05-02,4,0001127602-14-016098,2014-04-30,xslF345X03/form4.xml,CIK0000732717-submissions-002.json
2014-05-02,4,0001127602-14-016093,2014-04-30,xslF345X03/form4.xml,CIK0000732717-submissions-002.json
2014-05-02,4,0001127602-14-016086,2014-04-30,xslF345X03/form4.xml,CIK0000732717-submissions-002.json
2014-05-02,4,0001127602-14-016078,2014-04-30,xslF345X03/form4.xml,CIK0000732717-submissions-002.json
2014-05-02,4,0001127602-14-016072,2014-04-30,xslF345X03/form4.xml,CIK0000732717-submissions-002.json
2014-05-02,4,0001127602-14-016067,2014-04-30,xslF345X03/form4.xml,CIK0000732717-submissions-002.json
2014-05-02,4,0001127602-14-016053,2014-04-30,xslF345X03/form4.xml,CIK0000732717-submissions-002.json
2014-05-19,425,0001193125-14-205004,,d729519d425.htm,CIK0000732717-submissions-002.json
2014-05-19,425,0001193125-14-205000,,d729488d425.htm,CIK0000732717-submissions-002.json
2014-05-19,425,0001193125-14-204994,,d729485d425.htm,CIK0000732717-submissions-002.json
2014-05-19,425,0001193125-14-204989,,d729683d425.htm,CIK0000732717-submissions-002.json
2014-05-19,425,0001193125-14-204973,,d729729d425.htm,CIK0000732717-submissions-002.json
2014-05-19,425,0001193125-14-204972,,d729791d425.htm,CIK0000732717-submissions-002.json
2014-05-19,425,0001193125-14-204965,,d729669d425.htm,CIK0000732717-submissions-002.json
2014-05-19,425,0001193125-14-204963,,d729616d425.htm,CIK0000732717-submissions-002.json
2014-05-19,425,0001193125-14-204960,,d729618d425.htm,CIK0000732717-submissions-002.json
2014-05-19,425,0001193125-14-203711,,d729946d8k.htm,CIK0000732717-submissions-002.json
2014-05-19,8-K,0001193125-14-203709,2014-05-18,d729946d8k.htm,CIK0000732717-submissions-002.json
2014-05-19,SC 13D/A,0001193125-14-204947,,d729862dsc13da.htm,CIK0000732717-submissions-002.json
2014-05-21,425,0000732717-14-000034,,email.htm,CIK0000732717-submissions-002.json
2014-05-21,425,0000732717-14-000032,,transcript519.htm,CIK0000732717-submissions-002.json
2014-05-21,425,0000732717-14-000030,,transcript.htm,CIK0000732717-submissions-002.json
2014-05-21,425,0000732717-14-000027,,enewsletter.htm,CIK0000732717-submissions-002.json
2014-05-21,425,0000732717-14-000025,,cb425.htm,CIK0000732717-submissions-002.json
2014-05-30,425,0000732717-14-000037,,filing.htm,CIK0000732717-submissions-002.json
2014-06-02,UPLOAD,0000000000-14-027825,,filename1.pdf,CIK0000732717-submissions-002.json
2014-06-03,4,0001127602-14-019657,2014-05-30,xslF345X03/form4.xml,CIK0000732717-submissions-002.json
2014-06-03,4,0001127602-14-019656,2014-05-30,xslF345X03/form4.xml,CIK0000732717-submissions-002.json
2014-06-03,4,0001127602-14-019655,2014-05-30,xslF345X03/form4.xml,CIK0000732717-submissions-002.json
2014-06-03,4,0001127602-14-019654,2014-05-30,xslF345X03/form4.xml,CIK0000732717-submissions-002.json
2014-06-03,4,0001127602-14-019653,2014-05-30,xslF345X03/form4.xml,CIK0000732717-submissions-002.json
2014-06-03,4,0001127602-14-019652,2014-05-30,xslF345X03/form4.xml,CIK0000732717-submissions-002.json
2014-06-03,4,0001127602-14-019651,2014-05-30,xslF345X03/form4.xml,CIK0000732717-submissions-002.json
2014-06-03,4,0001127602-14-019650,2014-05-30,xslF345X03/form4.xml,CIK0000732717-submissions-002.json
2014-06-03,4,0001127602-14-019649,2014-05-30,xslF345X03/form4.xml,CIK0000732717-submissions-002.json
2014-06-03,4,0001127602-14-019648,2014-05-30,xslF345X03/form4.xml,CIK0000732717-submissions-002.json
2014-06-03,4,0001127602-14-019647,2014-05-30,xslF345X03/form4.xml,CIK0000732717-submissions-002.json
2014-06-03,4,0001127602-14-019646,2014-05-30,xslF345X03/form4.xml,CIK0000732717-submissions-002.json
2014-06-03,4,0001127602-14-019645,2014-05-30,xslF345X03/form4.xml,CIK0000732717-submissions-002.json
2014-06-03,4,0001127602-14-019644,2014-05-30,xslF345X03/form4.xml,CIK0000732717-submissions-002.json
2014-06-03,4,0001127602-14-019643,2014-05-30,xslF345X03/form4.xml,CIK0000732717-submissions-002.json
2014-06-03,4,0001127602-14-019642,2014-05-30,xslF345X03/form4.xml,CIK0000732717-submissions-002.json
2014-06-03,425,0000732717-14-000049,,qa8k.htm,CIK0000732717-submissions-002.json
2014-06-03,425,0000732717-14-000044,,pr8k.htm,CIK0000732717-submissions-002.json
2014-06-03,8-K,0000732717-14-000051,2014-06-03,jun03_8k.htm,CIK0000732717-submissions-002.json
2014-06-03,8-K,0000732717-14-000048,2014-06-03,qa8k.htm,CIK0000732717-submissions-002.json
2014-06-03,8-K,0000732717-14-000043,2014-06-03,pr8k.htm,CIK0000732717-submissions-002.json
2014-06-03,FWP,0001193125-14-224045,,d736857dfwp.htm,CIK0000732717-submissions-002.json
2014-06-04,4,0001127602-14-019938,2014-06-02,xslF345X03/form4.xml,CIK0000732717-submissions-002.json
2014-06-04,FWP,0001193125-14-225471,,d736857dfwp.htm,CIK0000732717-submissions-002.json
2014-06-05,424B5,0001193125-14-226987,,d736852d424b5.htm,CIK0000732717-submissions-002.json
2014-06-06,424B5,0001193125-14-228831,,d738766d424b5.htm,CIK0000732717-submissions-002.json
2014-06-06,425,0000732717-14-000055,,att425.htm,CIK0000732717-submissions-002.json
2014-06-06,CORRESP,0000732717-14-000053,,filename1.htm,CIK0000732717-submissions-002.json
2014-06-10,425,0000732717-14-000059,,en425.htm,CIK0000732717-submissions-002.json
2014-06-10,425,0000732717-14-000057,,hp425.htm,CIK0000732717-submissions-002.json
2014-06-10,8-K,0001193125-14-232152,2014-06-10,d740395d8k.htm,CIK0000732717-submissions-002.json
2014-06-11,425,0001193125-14-233565,,d743205d425.htm,CIK0000732717-submissions-002.json
2014-06-11,425,0000732717-14-000063,,c425.htm,CIK0000732717-submissions-002.json
2014-06-11,425,0000732717-14-000061,,e425.htm,CIK0000732717-submissions-002.json
2014-06-11,8-A12B,0001193125-14-233209,,d743310d8a12b.htm,CIK0000732717-submissions-002.json
2014-06-11,8-K,0001193125-14-233198,2014-06-11,d743679d8k.htm,CIK0000732717-submissions-002.json
2014-06-11,UPLOAD,0000000000-14-029757,,filename1.pdf,CIK0000732717-submissions-002.json
2014-06-12,425,0001193125-14-233904,,d743104d425.htm,CIK0000732717-submissions-002.json
2014-06-12,CERTNYS,9999999997-14-011053,,9999999997-14-011053.paper,CIK0000732717-submissions-002.json
2014-06-13,425,0000732717-14-000067,,sc425.htm,CIK0000732717-submissions-002.json
2014-06-13,425,0000732717-14-000065,,sc425.htm,CIK0000732717-submissions-002.json
2014-06-16,425,0000732717-14-000069,,nc425.htm,CIK0000732717-submissions-002.json
2014-06-17,425,0000732717-14-000076,,pl425.htm,CIK0000732717-submissions-002.json
2014-06-17,425,0000732717-14-000074,,po425.htm,CIK0000732717-submissions-002.json
2014-06-17,425,0000732717-14-000072,,az425.htm,CIK0000732717-submissions-002.json
2014-06-18,425,0001193125-14-239989,,d745350d425.htm,CIK0000732717-submissions-002.json
2014-06-19,425,0000732717-14-000078,,pd425.htm,CIK0000732717-submissions-002.json
2014-06-20,11-K,0000732717-14-000087,2013-12-31,blsssp_11k.htm,CIK0000732717-submissions-002.json
2014-06-20,11-K,0000732717-14-000086,2013-12-31,aprrsp_11k.htm,CIK0000732717-submissions-002.json
2014-06-20,11-K,0000732717-14-000085,2013-12-31,arsp_11k.htm,CIK0000732717-submissions-002.json
2014-06-20,11-K,0000732717-14-000084,2013-12-31,assp_11k.htm,CIK0000732717-submissions-002.json
2014-06-27,3,0001127602-14-021758,2014-06-27,xslF345X02/form3.xml,CIK0000732717-submissions-002.json
2014-06-27,4,0001127602-14-021756,2014-06-26,xslF345X03/form4.xml,CIK0000732717-submissions-002.json
2014-06-27,4,0001127602-14-021755,2014-06-26,xslF345X03/form4.xml,CIK0000732717-submissions-002.json
2014-06-27,4,0001127602-14-021753,2014-06-26,xslF345X03/form4.xml,CIK0000732717-submissions-002.json
2014-06-27,8-K,0001193125-14-253545,2014-06-27,d750277d8k.htm,CIK0000732717-submissions-002.json
2014-06-27,8-K,0000732717-14-000091,2014-06-27,securitization8k.htm,CIK0000732717-submissions-002.json
2014-06-30,8-K,0000732717-14-000094,2014-06-26,form8k.htm,CIK0000732717-submissions-002.json
2014-06-30,SC 13D/A,0001193125-14-255459,,d749863dsc13da.htm,CIK0000732717-submissions-002.json
2014-07-01,S-4,0001193125-14-256347,,d750736ds4.htm,CIK0000732717-submissions-002.json
2014-07-02,3/A,0001127602-14-022304,2014-06-27,xslF345X02/form3a.xml,CIK0000732717-submissions-002.json
2014-07-02,4,0001127602-14-022313,2014-06-30,xslF345X03/form4.xml,CIK0000732717-submissions-002.json
2014-07-02,4,0001127602-14-022312,2014-06-30,xslF345X03/form4.xml,CIK0000732717-submissions-002.json
2014-07-02,4,0001127602-14-022311,2014-06-30,xslF345X03/form4.xml,CIK0000732717-submissions-002.json
2014-07-02,4,0001127602-14-022310,2014-06-30,xslF345X03/form4.xml,CIK0000732717-submissions-002.json
2014-07-02,4,0001127602-14-022308,2014-06-30,xslF345X03/form4.xml,CIK0000732717-submissions-002.json
2014-07-02,4,0001127602-14-022303,2014-06-30,xslF345X03/form4.xml,CIK0000732717-submissions-002.json
2014-07-02,4,0001127602-14-022300,2014-06-30,xslF345X03/form4.xml,CIK0000732717-submissions-002.json
2014-07-02,4,0001127602-14-022299,2014-06-30,xslF345X03/form4.xml,CIK0000732717-submissions-002.json
2014-07-02,4,0001127602-14-022296,2014-06-30,xslF345X03/form4.xml,CIK0000732717-submissions-002.json
2014-07-02,4,0001127602-14-022295,2014-06-30,xslF345X03/form4.xml,CIK0000732717-submissions-002.json
2014-07-02,4,0001127602-14-022294,2014-06-30,xslF345X03/form4.xml,CIK0000732717-submissions-002.json
2014-07-02,4,0001127602-14-022292,2014-06-30,xslF345X03/form4.xml,CIK0000732717-submissions-002.json
2014-07-02,4,0001127602-14-022287,2014-06-30,xslF345X03/form4.xml,CIK0000732717-submissions-002.json
2014-07-02,4,0001127602-14-022285,2014-06-30,xslF345X03/form4.xml,CIK0000732717-submissions-002.json
2014-07-02,4,0001127602-14-022284,2014-06-30,xslF345X03/form4.xml,CIK0000732717-submissions-002.json
2014-07-02,4,0001127602-14-022281,2014-06-30,xslF345X03/form4.xml,CIK0000732717-submissions-002.json
2014-07-15,425,0000732717-14-000096,,u425.htm,CIK0000732717-submissions-002.json
2014-07-23,425,0000732717-14-000102,,e425.htm,CIK0000732717-submissions-002.json
2014-07-23,425,0001193125-14-277157,,d763449d425.htm,CIK0000732717-submissions-002.json
2014-07-23,425,0000732717-14-000100,,pr425.htm,CIK0000732717-submissions-002.json
2014-07-23,8-K,0000732717-14-000098,2014-06-30,q2earning8k.htm,CIK0000732717-submissions-002.json
2014-07-24,425,0000732717-14-000106,,t425.htm,CIK0000732717-submissions-002.json
2014-07-24,8-K,0000732717-14-000104,2014-06-30,q2earnings801_8k.htm,CIK0000732717-submissions-002.json
2014-07-28,4,0001127602-14-023967,2014-07-25,xslF345X03/form4.xml,CIK0000732717-submissions-002.json
2014-07-28,UPLOAD,0000000000-14-038081,,filename1.pdf,CIK0000732717-submissions-002.json
2014-07-30,4,0001127602-14-024171,2014-07-28,xslF345X03/form4.xml,CIK0000732717-submissions-002.json
2014-07-31,4,0001127602-14-024313,2014-07-30,xslF345X03/form4.xml,CIK0000732717-submissions-002.json
2014-07-31,4,0001127602-14-024312,2014-07-30,xslF345X03/form4.xml,CIK0000732717-submissions-002.json
2014-07-31,4,0001127602-14-024311,2014-07-29,xslF345X03/form4.xml,CIK0000732717-submissions-002.json
2014-07-31,4,0001127602-14-024310,2014-07-29,xslF345X03/form4.xml,CIK0000732717-submissions-002.json
2014-08-01,10-Q,0000732717-14-000110,2014-06-30,q2_10q.htm,CIK0000732717-submissions-002.json
2014-08-01,4,0001127602-14-024431,2014-07-30,xslF345X03/form4.xml,CIK0000732717-submissions-002.json
2014-08-04,4,0001127602-14-024649,2014-07-31,xslF345X03/form4.xml,CIK0000732717-submissions-002.json
2014-08-04,4,0001127602-14-024643,2014-07-31,xslF345X03/form4.xml,CIK0000732717-submissions-002.json
2014-08-04,4,0001127602-14-024638,2014-07-31,xslF345X03/form4.xml,CIK0000732717-submissions-002.json
2014-08-04,4,0001127602-14-024635,2014-07-31,xslF345X03/form4.xml,CIK0000732717-submissions-002.json
2014-08-04,4,0001127602-14-024632,2014-07-31,xslF345X03/form4.xml,CIK0000732717-submissions-002.json
2014-08-04,4,0001127602-14-024629,2014-07-31,xslF345X03/form4.xml,CIK0000732717-submissions-002.json
2014-08-04,4,0001127602-14-024626,2014-07-31,xslF345X03/form4.xml,CIK0000732717-submissions-002.json
2014-08-04,4,0001127602-14-024621,2014-07-31,xslF345X03/form4.xml,CIK0000732717-submissions-002.json
2014-08-04,4,0001127602-14-024619,2014-07-31,xslF345X03/form4.xml,CIK0000732717-submissions-002.json
2014-08-04,4,0001127602-14-024618,2014-07-31,xslF345X03/form4.xml,CIK0000732717-submissions-002.json
2014-08-04,4,0001127602-14-024616,2014-07-31,xslF345X03/form4.xml,CIK0000732717-submissions-002.json
2014-08-04,4,0001127602-14-024612,2014-07-31,xslF345X03/form4.xml,CIK0000732717-submissions-002.json
2014-08-04,4,0001127602-14-024606,2014-07-31,xslF345X03/form4.xml,CIK0000732717-submissions-002.json
2014-08-04,4,0001127602-14-024605,2014-07-31,xslF345X03/form4.xml,CIK0000732717-submissions-002.json
2014-08-04,4,0001127602-14-024604,2014-07-31,xslF345X03/form4.xml,CIK0000732717-submissions-002.json
2014-08-04,4,0001127602-14-024602,2014-07-31,xslF345X03/form4.xml,CIK0000732717-submissions-002.json
2014-08-04,4,0001127602-14-024601,2014-07-31,xslF345X03/form4.xml,CIK0000732717-submissions-002.json
2014-08-04,4,0001127602-14-024599,2014-07-31,xslF345X03/form4.xml,CIK0000732717-submissions-002.json
2014-08-04,4,0001127602-14-024598,2014-07-31,xslF345X03/form4.xml,CIK0000732717-submissions-002.json
2014-08-04,4,0001127602-14-024597,2014-07-31,xslF345X03/form4.xml,CIK0000732717-submissions-002.json
2014-08-04,4,0001127602-14-024596,2014-07-31,xslF345X03/form4.xml,CIK0000732717-submissions-002.json
2014-08-04,CORRESP,0001193125-14-292571,,filename1.htm,CIK0000732717-submissions-002.json
2014-08-04,S-4/A,0001193125-14-292566,,d750736ds4a.htm,CIK0000732717-submissions-002.json
2014-08-11,4,0001127602-14-025131,2014-08-07,xslF345X03/form4.xml,CIK0000732717-submissions-002.json
2014-08-13,425,0000732717-14-000112,,o425.htm,CIK0000732717-submissions-002.json
2014-08-15,425,0000732717-14-000114,,f425.htm,CIK0000732717-submissions-002.json
2014-08-15,CORRESP,0001193125-14-311953,,filename1.htm,CIK0000732717-submissions-002.json
2014-08-15,S-4/A,0001193125-14-310590,,d750736ds4a.htm,CIK0000732717-submissions-002.json
2014-08-19,CORRESP,0001193125-14-314474,,filename1.htm,CIK0000732717-submissions-002.json
2014-08-19,S-4/A,0001193125-14-314122,,d750736ds4a.htm,CIK0000732717-submissions-002.json
2014-08-20,EFFECT,9999999995-14-002561,,xslEFFECTX01/primary_doc.xml,CIK0000732717-submissions-002.json
2014-08-21,424B3,0001193125-14-315988,,d775206d424b3.htm,CIK0000732717-submissions-002.json
2014-08-28,4,0001127602-14-026754,2014-08-28,xslF345X03/form4.xml,CIK0000732717-submissions-002.json
2014-09-03,4,0001127602-14-027054,2014-08-29,xslF345X03/form4.xml,CIK0000732717-submissions-002.json
2014-09-03,4,0001127602-14-027053,2014-08-29,xslF345X03/form4.xml,CIK0000732717-submissions-002.json
2014-09-03,4,0001127602-14-027052,2014-08-29,xslF345X03/form4.xml,CIK0000732717-submissions-002.json
2014-09-03,4,0001127602-14-027051,2014-08-29,xslF345X03/form4.xml,CIK0000732717-submissions-002.json
2014-09-03,4,0001127602-14-027050,2014-08-29,xslF345X03/form4.xml,CIK0000732717-submissions-002.json
2014-09-03,4,0001127602-14-027049,2014-08-29,xslF345X03/form4.xml,CIK0000732717-submissions-002.json
2014-09-03,4,0001127602-14-027048,2014-08-29,xslF345X03/form4.xml,CIK0000732717-submissions-002.json
2014-09-03,4,0001127602-14-027047,2014-08-29,xslF345X03/form4.xml,CIK0000732717-submissions-002.json
2014-09-03,4,0001127602-14-027046,2014-08-29,xslF345X03/form4.xml,CIK0000732717-submissions-002.json
2014-09-03,4,0001127602-14-027045,2014-08-29,xslF345X03/form4.xml,CIK0000732717-submissions-002.json
2014-09-03,4,0001127602-14-027044,2014-08-29,xslF345X03/form4.xml,CIK0000732717-submissions-002.json
2014-09-03,4,0001127602-14-027043,2014-08-29,xslF345X03/form4.xml,CIK0000732717-submissions-002.json
2014-09-30,8-K,0000732717-14-000117,2014-09-30,sept30_8k.htm,CIK0000732717-submissions-002.json
2014-10-02,4,0001127602-14-028960,2014-09-30,xslF345X03/form4.xml,CIK0000732717-submissions-002.json
2014-10-02,4,0001127602-14-028956,2014-09-30,xslF345X03/form4.xml,CIK0000732717-submissions-002.json
2014-10-02,4,0001127602-14-028953,2014-09-30,xslF345X03/form4.xml,CIK0000732717-submissions-002.json
2014-10-02,4,0001127602-14-028950,2014-09-30,xslF345X03/form4.xml,CIK0000732717-submissions-002.json
2014-10-02,4,0001127602-14-028947,2014-09-30,xslF345X03/form4.xml,CIK0000732717-submissions-002.json
2014-10-02,4,0001127602-14-028946,2014-09-30,xslF345X03/form4.xml,CIK0000732717-submissions-002.json
2014-10-02,4,0001127602-14-028944,2014-09-30,xslF345X03/form4.xml,CIK0000732717-submissions-002.json
2014-10-02,4,0001127602-14-028942,2014-09-30,xslF345X03/form4.xml,CIK0000732717-submissions-002.json
2014-10-02,4,0001127602-14-028940,2014-09-30,xslF345X03/form4.xml,CIK0000732717-submissions-002.json
2014-10-02,4,0001127602-14-028936,2014-09-30,xslF345X03/form4.xml,CIK0000732717-submissions-002.json
2014-10-02,4,0001127602-14-028935,2014-09-30,xslF345X03/form4.xml,CIK0000732717-submissions-002.json
2014-10-02,4,0001127602-14-028930,2014-09-30,xslF345X03/form4.xml,CIK0000732717-submissions-002.json
2014-10-02,4,0001127602-14-028927,2014-09-30,xslF345X03/form4.xml,CIK0000732717-submissions-002.json
2014-10-02,4,0001127602-14-028924,2014-09-30,xslF345X03/form4.xml,CIK0000732717-submissions-002.json
2014-10-02,4,0001127602-14-028922,2014-09-30,xslF345X03/form4.xml,CIK0000732717-submissions-002.json
2014-10-02,4,0001127602-14-028917,2014-09-30,xslF345X03/form4.xml,CIK0000732717-submissions-002.json
2014-10-22,8-K,0000732717-14-000120,2014-09-30,q3earning801_8k.htm,CIK0000732717-submissions-002.json
2014-10-22,8-K,0000732717-14-000119,2014-09-30,q3earning8k.htm,CIK0000732717-submissions-002.json
2014-10-24,8-K,0000732717-14-000123,2014-10-24,closing8k.htm,CIK0000732717-submissions-002.json
2014-10-27,424B5,0001193125-14-382212,,d808956d424b5.htm,CIK0000732717-submissions-002.json
2014-10-27,FWP,0001193125-14-383275,,d808956dfwp.htm,CIK0000732717-submissions-002.json
2014-10-29,424B2,0001193125-14-386633,,d808956d424b2.htm,CIK0000732717-submissions-002.json
2014-11-04,4,0001127602-14-031107,2014-10-31,xslF345X03/form4.xml,CIK0000732717-submissions-002.json
2014-11-04,4,0001127602-14-031106,2014-10-31,xslF345X03/form4.xml,CIK0000732717-submissions-002.json
2014-11-04,4,0001127602-14-031105,2014-10-31,xslF345X03/form4.xml,CIK0000732717-submissions-002.json
2014-11-04,4,0001127602-14-031104,2014-10-31,xslF345X03/form4.xml,CIK0000732717-submissions-002.json
2014-11-04,4,0001127602-14-031103,2014-10-31,xslF345X03/form4.xml,CIK0000732717-submissions-002.json
2014-11-04,4,0001127602-14-031102,2014-10-31,xslF345X03/form4.xml,CIK0000732717-submissions-002.json
2014-11-04,4,0001127602-14-031101,2014-10-31,xslF345X03/form4.xml,CIK0000732717-submissions-002.json
2014-11-04,4,0001127602-14-031100,2014-10-31,xslF345X03/form4.xml,CIK0000732717-submissions-002.json
2014-11-04,4,0001127602-14-031098,2014-10-31,xslF345X03/form4.xml,CIK0000732717-submissions-002.json
2014-11-04,4,0001127602-14-031096,2014-10-31,xslF345X03/form4.xml,CIK0000732717-submissions-002.json
2014-11-04,4,0001127602-14-031094,2014-10-31,xslF345X03/form4.xml,CIK0000732717-submissions-002.json
2014-11-04,4,0001127602-14-031091,2014-10-31,xslF345X03/form4.xml,CIK0000732717-submissions-002.json
2014-11-04,4,0001127602-14-031090,2014-10-31,xslF345X03/form4.xml,CIK0000732717-submissions-002.json
2014-11-04,4,0001127602-14-031085,2014-10-31,xslF345X03/form4.xml,CIK0000732717-submissions-002.json
2014-11-04,4,0001127602-14-031084,2014-10-31,xslF345X03/form4.xml,CIK0000732717-submissions-002.json
2014-11-04,4,0001127602-14-031081,2014-10-31,xslF345X03/form4.xml,CIK0000732717-submissions-002.json
2014-11-04,4,0001127602-14-031078,2014-10-31,xslF345X03/form4.xml,CIK0000732717-submissions-002.json
2014-11-04,4,0001127602-14-031073,2014-10-31,xslF345X03/form4.xml,CIK0000732717-submissions-002.json
2014-11-04,4,0001127602-14-031070,2014-10-31,xslF345X03/form4.xml,CIK0000732717-submissions-002.json
2014-11-04,4,0001127602-14-031068,2014-10-31,xslF345X03/form4.xml,CIK0000732717-submissions-002.json
2014-11-04,4,0001127602-14-031066,2014-10-31,xslF345X03/form4.xml,CIK0000732717-submissions-002.json
2014-11-04,4,0001127602-14-031065,2014-10-31,xslF345X03/form4.xml,CIK0000732717-submissions-002.json
2014-11-05,4,0001127602-14-031307,2014-11-03,xslF345X03/form4.xml,CIK0000732717-submissions-002.json
2014-11-07,8-K,0000732717-14-000126,2014-11-07,form8k.htm,CIK0000732717-submissions-002.json
2014-11-10,10-Q,0000732717-14-000129,2014-09-30,q3_10q.htm,CIK0000732717-submissions-002.json
2014-11-10,10-Q/A,0000732717-14-000134,2014-09-30,q3_10q_a.htm,CIK0000732717-submissions-002.json
2014-11-10,10-Q/A,0000732717-14-000132,2014-09-30,q3_10q_a.htm,CIK0000732717-submissions-002.json
2014-11-10,3,0001127602-14-031781,2014-11-07,xslF345X02/form3.xml,CIK0000732717-submissions-002.json
2014-11-10,8-K,0001193125-14-404416,2014-11-10,d818665d8k.htm,CIK0000732717-submissions-002.json
2014-11-12,4,0001127602-14-032024,2014-11-11,xslF345X03/form4.xml,CIK0000732717-submissions-002.json
2014-11-13,NO ACT,9999999997-14-015234,2014-11-13,9999999997-14-015234.paper,CIK0000732717-submissions-002.json
2014-11-18,4,0001127602-14-032640,2014-11-14,xslF345X03/form4.xml,CIK0000732717-submissions-002.json
2014-11-20,4,0001127602-14-033038,2014-11-19,xslF345X03/form4.xml,CIK0000732717-submissions-002.json
2014-11-20,4,0001127602-14-033036,2014-11-19,xslF345X03/form4.xml,CIK0000732717-submissions-002.json
2014-11-20,4,0001127602-14-033035,2014-11-19,xslF345X03/form4.xml,CIK0000732717-submissions-002.json
2014-11-20,FWP,0001193125-14-420065,,d825175dfwp.htm,CIK0000732717-submissions-002.json
2014-11-24,424B5,0001193125-14-423505,,d825933d424b5.htm,CIK0000732717-submissions-002.json
2014-12-02,4,0001127602-14-033971,2014-11-28,xslF345X03/form4.xml,CIK0000732717-submissions-002.json
2014-12-02,4,0001127602-14-033970,2014-11-28,xslF345X03/form4.xml,CIK0000732717-submissions-002.json
2014-12-02,4,0001127602-14-033969,2014-11-28,xslF345X03/form4.xml,CIK0000732717-submissions-002.json
2014-12-02,4,0001127602-14-033968,2014-11-28,xslF345X03/form4.xml,CIK0000732717-submissions-002.json
2014-12-02,4,0001127602-14-033967,2014-11-28,xslF345X03/form4.xml,CIK0000732717-submissions-002.json
2014-12-02,4,0001127602-14-033966,2014-11-28,xslF345X03/form4.xml,CIK0000732717-submissions-002.json
2014-12-02,4,0001127602-14-033964,2014-11-28,xslF345X03/form4.xml,CIK0000732717-submissions-002.json
2014-12-02,4,0001127602-14-033962,2014-11-28,xslF345X03/form4.xml,CIK0000732717-submissions-002.json
2014-12-02,4,0001127602-14-033961,2014-11-28,xslF345X03/form4.xml,CIK0000732717-submissions-002.json
2014-12-02,4,0001127602-14-033959,2014-11-28,xslF345X03/form4.xml,CIK0000732717-submissions-002.json
2014-12-02,4,0001127602-14-033958,2014-11-28,xslF345X03/form4.xml,CIK0000732717-submissions-002.json
2014-12-02,4,0001127602-14-033956,2014-11-28,xslF345X03/form4.xml,CIK0000732717-submissions-002.json
2014-12-02,4,0001127602-14-033952,2014-11-28,xslF345X03/form4.xml,CIK0000732717-submissions-002.json
2014-12-02,4,0001127602-14-033951,2014-11-28,xslF345X03/form4.xml,CIK0000732717-submissions-002.json
2014-12-02,4,0001127602-14-033949,2014-11-28,xslF345X03/form4.xml,CIK0000732717-submissions-002.json
2014-12-02,4,0001127602-14-033948,2014-11-28,xslF345X03/form4.xml,CIK0000732717-submissions-002.json
2014-12-02,8-A12B,0001193125-14-430853,,d829546d8a12b.htm,CIK0000732717-submissions-002.json
2014-12-02,8-K,0001193125-14-430821,2014-12-02,d829543d8k.htm,CIK0000732717-submissions-002.json
2014-12-02,NO ACT,9999999997-14-015702,2014-11-11,9999999997-14-015702.paper,CIK0000732717-submissions-002.json
2014-12-04,3,0001127602-14-034213,2014-12-01,xslF345X02/form3.xml,CIK0000732717-submissions-002.json
2014-12-04,CERTNYS,9999999997-14-015666,,9999999997-14-015666.paper,CIK0000732717-submissions-002.json
2014-12-11,NO ACT,9999999997-14-016000,2014-12-04,9999999997-14-016000.paper,CIK0000732717-submissions-002.json
2014-12-16,NO ACT,9999999997-14-016008,2014-12-04,9999999997-14-016008.paper,CIK0000732717-submissions-002.json
2014-12-19,8-K,0000732717-14-000138,2014-12-19,form8k.htm,CIK0000732717-submissions-002.json
2015-01-05,4,0001127602-15-000847,2014-12-31,xslF345X03/form4.xml,CIK0000732717-submissions-002.json
2015-01-05,4,0001127602-15-000843,2014-12-31,xslF345X03/form4.xml,CIK0000732717-submissions-002.json
2015-01-05,4,0001127602-15-000839,2014-12-31,xslF345X03/form4.xml,CIK0000732717-submissions-002.json
2015-01-05,4,0001127602-15-000833,2014-12-31,xslF345X03/form4.xml,CIK0000732717-submissions-002.json
2015-01-05,4,0001127602-15-000831,2014-12-31,xslF345X03/form4.xml,CIK0000732717-submissions-002.json
2015-01-05,4,0001127602-15-000827,2014-12-31,xslF345X03/form4.xml,CIK0000732717-submissions-002.json
2015-01-05,4,0001127602-15-000821,2014-12-31,xslF345X03/form4.xml,CIK0000732717-submissions-002.json
2015-01-05,4,0001127602-15-000816,2014-12-31,xslF345X03/form4.xml,CIK0000732717-submissions-002.json
2015-01-05,4,0001127602-15-000812,2014-12-31,xslF345X03/form4.xml,CIK0000732717-submissions-002.json
2015-01-05,4,0001127602-15-000807,2014-12-31,xslF345X03/form4.xml,CIK0000732717-submissions-002.json
2015-01-05,4,0001127602-15-000804,2014-12-31,xslF345X03/form4.xml,CIK0000732717-submissions-002.json
2015-01-05,4,0001127602-15-000799,2014-12-31,xslF345X03/form4.xml,CIK0000732717-submissions-002.json
2015-01-05,4,0001127602-15-000794,2014-12-31,xslF345X03/form4.xml,CIK0000732717-submissions-002.json
2015-01-05,4,0001127602-15-000789,2014-12-31,xslF345X03/form4.xml,CIK0000732717-submissions-002.json
2015-01-05,4,0001127602-15-000786,2014-12-31,xslF345X03/form4.xml,CIK0000732717-submissions-002.json
2015-01-05,4,0001127602-15-000781,2014-12-31,xslF345X03/form4.xml,CIK0000732717-submissions-002.json
2015-01-05,4,0001127602-15-000777,2014-12-31,xslF345X03/form4.xml,CIK0000732717-submissions-002.json
2015-01-08,4,0001127602-15-001438,2014-12-31,xslF345X03/form4.xml,CIK0000732717-submissions-002.json
2015-01-16,8-K,0000732717-15-000003,2015-01-16,january16_8k.htm,CIK0000732717-submissions-002.json
2015-01-22,8-K,0001193125-15-016771,2015-01-21,d856210d8k.htm,CIK0000732717-submissions-002.json
2015-01-27,8-K,0000732717-15-000005,2015-01-23,q4earning8k.htm,CIK0000732717-submissions-002.json
2015-01-28,8-K,0000732717-15-000007,2015-01-27,q4earning801_8k.htm,CIK0000732717-submissions-002.json
2015-01-29,4,0001127602-15-003207,2015-01-27,xslF345X03/form4.xml,CIK0000732717-submissions-002.json
2015-01-29,4,0001127602-15-003206,2015-01-27,xslF345X03/form4.xml,CIK0000732717-submissions-002.json
2015-01-29,4,0001127602-15-003205,2015-01-27,xslF345X03/form4.xml,CIK0000732717-submissions-002.json
2015-01-29,4,0001127602-15-003204,2015-01-27,xslF345X03/form4.xml,CIK0000732717-submissions-002.json
2015-01-29,4,0001127602-15-003203,2015-01-27,xslF345X03/form4.xml,CIK0000732717-submissions-002.json
2015-01-29,4,0001127602-15-003202,2015-01-27,xslF345X03/form4.xml,CIK0000732717-submissions-002.json
2015-01-29,4,0001127602-15-003200,2015-01-27,xslF345X03/form4.xml,CIK0000732717-submissions-002.json
2015-01-29,4,0001127602-15-003199,2015-01-27,xslF345X03/form4.xml,CIK0000732717-submissions-002.json
2015-01-29,4,0001127602-15-003198,2015-01-27,xslF345X03/form4.xml,CIK0000732717-submissions-002.json
2015-01-29,4,0001127602-15-003196,2015-01-27,xslF345X03/form4.xml,CIK0000732717-submissions-002.json
2015-01-29,4,0001127602-15-003194,2015-01-27,xslF345X03/form4.xml,CIK0000732717-submissions-002.json
2015-01-29,424B5,0001193125-15-024110,,d862608d424b5.htm,CIK0000732717-submissions-002.json
2015-01-29,FWP,0001193125-15-025875,,d861652dfwp.htm,CIK0000732717-submissions-002.json
2015-01-30,8-K,0000732717-15-000009,2015-01-30,form8k.htm,CIK0000732717-submissions-002.json
2015-02-02,4,0001127602-15-003720,2015-01-29,xslF345X03/form4.xml,CIK0000732717-submissions-002.json
2015-02-02,4,0001127602-15-003719,2015-01-29,xslF345X03/form4.xml,CIK0000732717-submissions-002.json
2015-02-02,4,0001127602-15-003718,2015-01-29,xslF345X03/form4.xml,CIK0000732717-submissions-002.json
2015-02-02,4,0001127602-15-003714,2015-01-29,xslF345X03/form4.xml,CIK0000732717-submissions-002.json
2015-02-02,4,0001127602-15-003712,2015-01-29,xslF345X03/form4.xml,CIK0000732717-submissions-002.json
2015-02-02,4,0001127602-15-003711,2015-01-29,xslF345X03/form4.xml,CIK0000732717-submissions-002.json
2015-02-02,4,0001127602-15-003710,2015-01-29,xslF345X03/form4.xml,CIK0000732717-submissions-002.json
2015-02-02,4,0001127602-15-003708,2015-01-29,xslF345X03/form4.xml,CIK0000732717-submissions-002.json
2015-02-02,4,0001127602-15-003705,2015-01-29,xslF345X03/form4.xml,CIK0000732717-submissions-002.json
2015-02-02,4,0001127602-15-003704,2015-01-29,xslF345X03/form4.xml,CIK0000732717-submissions-002.json
2015-02-02,4,0001127602-15-003702,2015-01-29,xslF345X03/form4.xml,CIK0000732717-submissions-002.json
2015-02-02,424B2,0001193125-15-029721,,d862608d424b2.htm,CIK0000732717-submissions-002.json
2015-02-03,4,0001127602-15-004004,2015-01-30,xslF345X03/form4.xml,CIK0000732717-submissions-002.json
2015-02-03,4,0001127602-15-004002,2015-01-30,xslF345X03/form4.xml,CIK0000732717-submissions-002.json
2015-02-03,4,0001127602-15-003998,2015-01-30,xslF345X03/form4.xml,CIK0000732717-submissions-002.json
2015-02-03,4,0001127602-15-003993,2015-01-30,xslF345X03/form4.xml,CIK0000732717-submissions-002.json
2015-02-03,4,0001127602-15-003989,2015-01-30,xslF345X03/form4.xml,CIK0000732717-submissions-002.json
2015-02-03,4,0001127602-15-003987,2015-01-30,xslF345X03/form4.xml,CIK0000732717-submissions-002.json
2015-02-03,4,0001127602-15-003983,2015-01-30,xslF345X03/form4.xml,CIK0000732717-submissions-002.json
2015-02-03,4,0001127602-15-003978,2015-01-30,xslF345X03/form4.xml,CIK0000732717-submissions-002.json
2015-02-03,4,0001127602-15-003975,2015-01-30,xslF345X03/form4.xml,CIK0000732717-submissions-002.json
2015-02-03,4,0001127602-15-003973,2015-01-30,xslF345X03/form4.xml,CIK0000732717-submissions-002.json
2015-02-03,4,0001127602-15-003972,2015-01-30,xslF345X03/form4.xml,CIK0000732717-submissions-002.json
2015-02-03,4,0001127602-15-003971,2015-01-30,xslF345X03/form4.xml,CIK0000732717-submissions-002.json
2015-02-03,4,0001127602-15-003970,2015-01-30,xslF345X03/form4.xml,CIK0000732717-submissions-002.json
2015-02-03,4,0001127602-15-003969,2015-01-30,xslF345X03/form4.xml,CIK0000732717-submissions-002.json
2015-02-03,4,0001127602-15-003968,2015-01-30,xslF345X03/form4.xml,CIK0000732717-submissions-002.json
2015-02-03,4,0001127602-15-003967,2015-01-30,xslF345X03/form4.xml,CIK0000732717-submissions-002.json
2015-02-03,4,0001127602-15-003966,2015-01-30,xslF345X03/form4.xml,CIK0000732717-submissions-002.json
2015-02-03,4,0001127602-15-003964,2015-01-30,xslF345X03/form4.xml,CIK0000732717-submissions-002.json
2015-02-03,4,0001127602-15-003963,2015-01-30,xslF345X03/form4.xml,CIK0000732717-submissions-002.json
2015-02-03,4,0001127602-15-003960,2015-01-30,xslF345X03/form4.xml,CIK0000732717-submissions-002.json
2015-02-03,4,0001127602-15-003958,2015-01-30,xslF345X03/form4.xml,CIK0000732717-submissions-002.json
2015-02-03,4,0001127602-15-003956,2015-01-30,xslF345X03/form4.xml,CIK0000732717-submissions-002.json
2015-02-03,4,0001127602-15-003955,2015-01-30,xslF345X03/form4.xml,CIK0000732717-submissions-002.json
2015-02-09,4,0001127602-15-005081,2015-02-06,xslF345X03/form4.xml,CIK0000732717-submissions-002.json
2015-02-09,SC 13G/A,0000215457-15-000115,,att.inc.txt,CIK0000732717-submissions-002.json
2015-02-10,NO ACT,9999999997-15-001000,2014-12-19,9999999997-15-001000.paper,CIK0000732717-submissions-002.json
2015-02-11,NO ACT,9999999997-15-001040,2015-01-15,9999999997-15-001040.paper,CIK0000732717-submissions-002.json
2015-02-11,SC 13G,0000932471-15-005155,,atandt.htm,CIK0000732717-submissions-002.json
2015-02-12,8-K,0001193125-15-046628,2015-02-12,d871668d8k.htm,CIK0000732717-submissions-002.json
2015-02-17,4/A,0001127602-15-006463,2015-01-29,xslF345X03/form4a.xml,CIK0000732717-submissions-002.json
2015-02-17,4/A,0001127602-15-006462,2015-01-29,xslF345X03/form4a.xml,CIK0000732717-submissions-002.json
2015-02-17,4/A,0001127602-15-006461,2015-01-29,xslF345X03/form4a.xml,CIK0000732717-submissions-002.json
2015-02-17,4/A,0001127602-15-006460,2015-01-29,xslF345X03/form4a.xml,CIK0000732717-submissions-002.json
2015-02-17,4/A,0001127602-15-006458,2015-01-29,xslF345X03/form4a.xml,CIK0000732717-submissions-002.json
2015-02-17,4/A,0001127602-15-006457,2015-01-29,xslF345X03/form4a.xml,CIK0000732717-submissions-002.json
2015-02-17,4/A,0001127602-15-006456,2015-01-29,xslF345X03/form4a.xml,CIK0000732717-submissions-002.json
2015-02-17,4/A,0001127602-15-006455,2015-01-29,xslF345X03/form4a.xml,CIK0000732717-submissions-002.json
2015-02-17,4/A,0001127602-15-006452,2015-01-29,xslF345X03/form4a.xml,CIK0000732717-submissions-002.json
2015-02-17,4/A,0001127602-15-006451,2015-01-29,xslF345X03/form4a.xml,CIK0000732717-submissions-002.json
2015-02-17,4/A,0001127602-15-006450,2015-01-29,xslF345X03/form4a.xml,CIK0000732717-submissions-002.json
2015-02-20,10-K,0000732717-15-000016,2014-12-31,ye14_10k.htm,CIK0000732717-submissions-002.json
2015-02-23,FWP,0001193125-15-058335,,d879150dfwp.htm,CIK0000732717-submissions-002.json
2015-02-25,424B5,0001193125-15-062777,,d879138d424b5.htm,CIK0000732717-submissions-002.json
2015-03-03,4,0001127602-15-009579,2015-02-27,xslF345X03/form4.xml,CIK0000732717-submissions-002.json
2015-03-03,4,0001127602-15-009577,2015-02-27,xslF345X03/form4.xml,CIK0000732717-submissions-002.json
2015-03-03,4,0001127602-15-009573,2015-02-27,xslF345X03/form4.xml,CIK0000732717-submissions-002.json
2015-03-03,4,0001127602-15-009567,2015-02-27,xslF345X03/form4.xml,CIK0000732717-submissions-002.json
2015-03-03,4,0001127602-15-009564,2015-02-27,xslF345X03/form4.xml,CIK0000732717-submissions-002.json
2015-03-03,4,0001127602-15-009560,2015-02-27,xslF345X03/form4.xml,CIK0000732717-submissions-002.json
2015-03-03,4,0001127602-15-009557,2015-02-27,xslF345X03/form4.xml,CIK0000732717-submissions-002.json
2015-03-03,4,0001127602-15-009522,2015-02-27,xslF345X03/form4.xml,CIK0000732717-submissions-002.json
2015-03-03,4,0001127602-15-009516,2015-02-27,xslF345X03/form4.xml,CIK0000732717-submissions-002.json
2015-03-03,4,0001127602-15-009506,2015-02-27,xslF345X03/form4.xml,CIK0000732717-submissions-002.json
2015-03-03,4,0001127602-15-009499,2015-02-27,xslF345X03/form4.xml,CIK0000732717-submissions-002.json
2015-03-03,4,0001127602-15-009495,2015-02-27,xslF345X03/form4.xml,CIK0000732717-submissions-002.json
2015-03-04,8-K,0000732717-15-000019,2015-03-02,creditfacilitydraw.htm,CIK0000732717-submissions-002.json
2015-03-09,8-A12B,0001193125-15-082494,,d889674d8a12b.htm,CIK0000732717-submissions-002.json
2015-03-09,8-K,0001193125-15-082423,2015-03-09,d889851d8k.htm,CIK0000732717-submissions-002.json
2015-03-10,8-K,0000732717-15-000023,2015-03-10,march10_8k.htm,CIK0000732717-submissions-002.json
2015-03-10,CERTNYS,9999999997-15-002999,,9999999997-15-002999.paper,CIK0000732717-submissions-002.json
2015-03-10,DEF 14A,0001193125-15-085123,2015-04-24,d849359ddef14a.htm,CIK0000732717-submissions-002.json
2015-03-10,DEFA14A,0001193125-15-085126,,d849359ddefa14a.htm,CIK0000732717-submissions-002.json
2015-03-11,4,0001127602-15-011029,2015-03-09,xslF345X03/form4.xml,CIK0000732717-submissions-002.json
2015-03-11,4,0001127602-15-011028,2015-03-09,xslF345X03/form4.xml,CIK0000732717-submissions-002.json
2015-03-11,4,0001127602-15-011027,2015-03-09,xslF345X03/form4.xml,CIK0000732717-submissions-002.json
2015-03-11,4,0001127602-15-011026,2015-03-09,xslF345X03/form4.xml,CIK0000732717-submissions-002.json
2015-03-11,4,0001127602-15-011025,2015-03-09,xslF345X03/form4.xml,CIK0000732717-submissions-002.json
2015-03-11,4,0001127602-15-011024,2015-03-09,xslF345X03/form4.xml,CIK0000732717-submissions-002.json
2015-03-11,4,0001127602-15-011023,2015-03-09,xslF345X03/form4.xml,CIK0000732717-submissions-002.json
2015-03-11,4,0001127602-15-011022,2015-03-09,xslF345X03/form4.xml,CIK0000732717-submissions-002.json
2015-03-11,4,0001127602-15-011021,2015-03-09,xslF345X03/form4.xml,CIK0000732717-submissions-002.json
2015-03-30,4,0001127602-15-012795,2015-03-26,xslF345X03/form4.xml,CIK0000732717-submissions-002.json
2015-03-30,4,0001127602-15-012792,2015-03-26,xslF345X03/form4.xml,CIK0000732717-submissions-002.json
2015-04-02,4,0001127602-15-013459,2015-03-31,xslF345X03/form4.xml,CIK0000732717-submissions-002.json
2015-04-02,4,0001127602-15-013453,2015-03-31,xslF345X03/form4.xml,CIK0000732717-submissions-002.json
2015-04-02,4,0001127602-15-013451,2015-03-31,xslF345X03/form4.xml,CIK0000732717-submissions-002.json
2015-04-02,4,0001127602-15-013448,2015-03-31,xslF345X03/form4.xml,CIK0000732717-submissions-002.json
2015-04-02,4,0001127602-15-013443,2015-03-31,xslF345X03/form4.xml,CIK0000732717-submissions-002.json
2015-04-02,4,0001127602-15-013437,2015-03-31,xslF345X03/form4.xml,CIK0000732717-submissions-002.json
2015-04-02,4,0001127602-15-013433,2015-03-31,xslF345X03/form4.xml,CIK0000732717-submissions-002.json
2015-04-02,4,0001127602-15-013425,2015-03-31,xslF345X03/form4.xml,CIK0000732717-submissions-002.json
2015-04-02,4,0001127602-15-013421,2015-03-31,xslF345X03/form4.xml,CIK0000732717-submissions-002.json
2015-04-02,4,0001127602-15-013416,2015-03-31,xslF345X03/form4.xml,CIK0000732717-submissions-002.json
2015-04-02,4,0001127602-15-013410,2015-03-31,xslF345X03/form4.xml,CIK0000732717-submissions-002.json
2015-04-02,4,0001127602-15-013407,2015-03-31,xslF345X03/form4.xml,CIK0000732717-submissions-002.json
2015-04-02,4,0001127602-15-013404,2015-03-31,xslF345X03/form4.xml,CIK0000732717-submissions-002.json
2015-04-02,4,0001127602-15-013400,2015-03-31,xslF345X03/form4.xml,CIK0000732717-submissions-002.json
2015-04-02,4,0001127602-15-013396,2015-03-31,xslF345X03/form4.xml,CIK0000732717-submissions-002.json
2015-04-03,UPLOAD,0000000000-15-019459,,filename1.pdf,CIK0000732717-submissions-002.json
2015-04-17,CORRESP,0000732717-15-000025,,filename1.htm,CIK0000732717-submissions-002.json
2015-04-22,8-K,0000732717-15-000028,2015-03-31,q1earning8k.htm,CIK0000732717-submissions-002.json
2015-04-23,424B5,0001193125-15-143106,,d914781d424b5.htm,CIK0000732717-submissions-002.json
2015-04-23,8-K,0000732717-15-000031,2015-03-31,q1earnings801_8k.htm,CIK0000732717-submissions-002.json
2015-04-24,FWP,0001193125-15-144694,,d914148dfwp.htm,CIK0000732717-submissions-002.json
2015-04-27,424B2,0001193125-15-149506,,d914781d424b2.htm,CIK0000732717-submissions-002.json
2015-04-28,25-NSE,0000876661-15-000187,,xslF25X02/primary_doc.xml,CIK0000732717-submissions-002.json
2015-04-28,8-K,0000732717-15-000033,2015-04-28,form8k.htm,CIK0000732717-submissions-002.json
2015-05-04,4,0001127602-15-016142,2015-04-30,xslF345X03/form4.xml,CIK0000732717-submissions-002.json
2015-05-04,4,0001127602-15-016105,2015-04-30,xslF345X03/form4.xml,CIK0000732717-submissions-002.json
2015-05-04,4,0001127602-15-016104,2015-04-30,xslF345X03/form4.xml,CIK0000732717-submissions-002.json
2015-05-04,4,0001127602-15-016103,2015-04-30,xslF345X03/form4.xml,CIK0000732717-submissions-002.json
2015-05-04,4,0001127602-15-016102,2015-04-30,xslF345X03/form4.xml,CIK0000732717-submissions-002.json
2015-05-04,4,0001127602-15-016100,2015-04-30,xslF345X03/form4.xml,CIK0000732717-submissions-002.json
2015-05-04,4,0001127602-15-016099,2015-04-30,xslF345X03/form4.xml,CIK0000732717-submissions-002.json
2015-05-04,4,0001127602-15-016098,2015-04-30,xslF345X03/form4.xml,CIK0000732717-submissions-002.json
2015-05-04,4,0001127602-15-016097,2015-04-30,xslF345X03/form4.xml,CIK0000732717-submissions-002.json
2015-05-04,4,0001127602-15-016096,2015-04-30,xslF345X03/form4.xml,CIK0000732717-submissions-002.json
2015-05-04,4,0001127602-15-016093,2015-04-30,xslF345X03/form4.xml,CIK0000732717-submissions-002.json
2015-05-04,4,0001127602-15-016091,2015-04-30,xslF345X03/form4.xml,CIK0000732717-submissions-002.json
2015-05-04,4,0001127602-15-016089,2015-04-30,xslF345X03/form4.xml,CIK0000732717-submissions-002.json
2015-05-04,4,0001127602-15-016087,2015-04-30,xslF345X03/form4.xml,CIK0000732717-submissions-002.json
2015-05-04,4,0001127602-15-016086,2015-04-30,xslF345X03/form4.xml,CIK0000732717-submissions-002.json
2015-05-04,4,0001127602-15-016085,2015-04-30,xslF345X03/form4.xml,CIK0000732717-submissions-002.json
2015-05-04,4,0001127602-15-016083,2015-04-30,xslF345X03/form4.xml,CIK0000732717-submissions-002.json
2015-05-04,4,0001127602-15-016081,2015-04-30,xslF345X03/form4.xml,CIK0000732717-submissions-002.json
2015-05-04,4,0001127602-15-016079,2015-04-30,xslF345X03/form4.xml,CIK0000732717-submissions-002.json
2015-05-04,4,0001127602-15-016077,2015-04-30,xslF345X03/form4.xml,CIK0000732717-submissions-002.json
2015-05-04,4,0001127602-15-016076,2015-04-30,xslF345X03/form4.xml,CIK0000732717-submissions-002.json
2015-05-04,4,0001127602-15-016075,2015-04-30,xslF345X03/form4.xml,CIK0000732717-submissions-002.json
2015-05-04,4,0001127602-15-016071,2015-04-30,xslF345X03/form4.xml,CIK0000732717-submissions-002.json
2015-05-04,424B2,0000732717-15-000036,,prosupp.htm,CIK0000732717-submissions-002.json
2015-05-04,8-K,0001193125-15-169018,2015-05-04,d918284d8k.htm,CIK0000732717-submissions-002.json
2015-05-05,10-Q,0000732717-15-000040,2015-03-31,q1_10q.htm,CIK0000732717-submissions-002.json
2015-05-15,8-K,0000732717-15-000045,2015-05-15,form8k.htm,CIK0000732717-submissions-002.json
2015-05-28,4,0001127602-15-018762,2015-05-26,xslF345X03/form4.xml,CIK0000732717-submissions-002.json
2015-05-28,4,0001127602-15-018761,2015-05-26,xslF345X03/form4.xml,CIK0000732717-submissions-002.json
2015-06-02,4,0001127602-15-019373,2015-05-29,xslF345X03/form4.xml,CIK0000732717-submissions-002.json
2015-06-02,4,0001127602-15-019372,2015-05-29,xslF345X03/form4.xml,CIK0000732717-submissions-002.json
2015-06-02,4,0001127602-15-019370,2015-05-29,xslF345X03/form4.xml,CIK0000732717-submissions-002.json
2015-06-02,4,0001127602-15-019368,2015-05-29,xslF345X03/form4.xml,CIK0000732717-submissions-002.json
2015-06-02,4,0001127602-15-019366,2015-05-29,xslF345X03/form4.xml,CIK0000732717-submissions-002.json
2015-06-02,4,0001127602-15-019364,2015-05-29,xslF345X03/form4.xml,CIK0000732717-submissions-002.json
2015-06-02,4,0001127602-15-019363,2015-05-29,xslF345X03/form4.xml,CIK0000732717-submissions-002.json
2015-06-02,4,0001127602-15-019360,2015-05-29,xslF345X03/form4.xml,CIK0000732717-submissions-002.json
2015-06-02,4,0001127602-15-019359,2015-05-29,xslF345X03/form4.xml,CIK0000732717-submissions-002.json
2015-06-19,11-K,0000732717-15-000054,2014-12-31,aprrsp_11k.htm,CIK0000732717-submissions-002.json
2015-06-19,11-K,0000732717-15-000053,2014-12-31,arsp_11k.htm,CIK0000732717-submissions-002.json
2015-06-19,11-K,0000732717-15-000052,2014-12-31,blsssp_11k.htm,CIK0000732717-submissions-002.json
2015-06-19,11-K,0000732717-15-000051,2014-12-31,assp_11k.htm,CIK0000732717-submissions-002.json
2015-06-26,3,0001127602-15-021432,2015-06-26,xslF345X02/form3.xml,CIK0000732717-submissions-002.json
2015-06-26,8-K,0000732717-15-000056,2015-06-26,form8k.htm,CIK0000732717-submissions-002.json
2015-06-29,8-K,0000732717-15-000058,2015-06-29,form8k.htm,CIK0000732717-submissions-001.json
2015-07-02,4,0001127602-15-022233,2015-06-30,xslF345X03/form4.xml,CIK0000732717-submissions-001.json
2015-07-02,4,0001127602-15-022232,2015-06-30,xslF345X03/form4.xml,CIK0000732717-submissions-001.json
2015-07-02,4,0001127602-15-022231,2015-06-30,xslF345X03/form4.xml,CIK0000732717-submissions-001.json
2015-07-02,4,0001127602-15-022230,2015-06-30,xslF345X03/form4.xml,CIK0000732717-submissions-001.json
2015-07-02,4,0001127602-15-022229,2015-06-30,xslF345X03/form4.xml,CIK0000732717-submissions-001.json
2015-07-02,4,0001127602-15-022228,2015-06-30,xslF345X03/form4.xml,CIK0000732717-submissions-001.json
2015-07-02,4,0001127602-15-022227,2015-06-30,xslF345X03/form4.xml,CIK0000732717-submissions-001.json
2015-07-02,4,0001127602-15-022226,2015-06-30,xslF345X03/form4.xml,CIK0000732717-submissions-001.json
2015-07-02,4,0001127602-15-022225,2015-06-30,xslF345X03/form4.xml,CIK0000732717-submissions-001.json
2015-07-02,4,0001127602-15-022224,2015-06-30,xslF345X03/form4.xml,CIK0000732717-submissions-001.json
2015-07-02,4,0001127602-15-022223,2015-06-30,xslF345X03/form4.xml,CIK0000732717-submissions-001.json
2015-07-02,4,0001127602-15-022222,2015-06-30,xslF345X03/form4.xml,CIK0000732717-submissions-001.json
2015-07-02,4,0001127602-15-022220,2015-06-30,xslF345X03/form4.xml,CIK0000732717-submissions-001.json
2015-07-23,8-K,0000732717-15-000063,2015-06-30,q2earning8k.htm,CIK0000732717-submissions-001.json
2015-07-23,8-K,0000732717-15-000061,2015-06-30,q2earnings801_8k.htm,CIK0000732717-submissions-001.json
2015-07-24,8-K,0000732717-15-000069,2015-07-24,form8k.htm,CIK0000732717-submissions-001.json
2015-07-24,S-8,0000732717-15-000071,,forms8.htm,CIK0000732717-submissions-001.json
2015-07-29,4,0001127602-15-023592,2015-07-28,xslF345X03/form4.xml,CIK0000732717-submissions-001.json
2015-07-29,4,0001127602-15-023591,2015-07-27,xslF345X03/form4.xml,CIK0000732717-submissions-001.json
2015-07-30,8-K,0000732717-15-000073,2015-07-30,form8k.htm,CIK0000732717-submissions-001.json
2015-08-03,3,0001127602-15-023836,2015-07-30,xslF345X02/form3.xml,CIK0000732717-submissions-001.json
2015-08-04,4,0001127602-15-024159,2015-07-31,xslF345X03/form4.xml,CIK0000732717-submissions-001.json
2015-08-04,4,0001127602-15-024157,2015-07-31,xslF345X03/form4.xml,CIK0000732717-submissions-001.json
2015-08-04,4,0001127602-15-024155,2015-07-31,xslF345X03/form4.xml,CIK0000732717-submissions-001.json
2015-08-04,4,0001127602-15-024154,2015-07-31,xslF345X03/form4.xml,CIK0000732717-submissions-001.json
2015-08-04,4,0001127602-15-024153,2015-07-31,xslF345X03/form4.xml,CIK0000732717-submissions-001.json
2015-08-04,4,0001127602-15-024152,2015-07-31,xslF345X03/form4.xml,CIK0000732717-submissions-001.json
2015-08-04,4,0001127602-15-024150,2015-07-31,xslF345X03/form4.xml,CIK0000732717-submissions-001.json
2015-08-04,4,0001127602-15-024149,2015-07-31,xslF345X03/form4.xml,CIK0000732717-submissions-001.json
2015-08-04,4,0001127602-15-024147,2015-07-31,xslF345X03/form4.xml,CIK0000732717-submissions-001.json
2015-08-04,4,0001127602-15-024146,2015-07-31,xslF345X03/form4.xml,CIK0000732717-submissions-001.json
2015-08-04,4,0001127602-15-024145,2015-07-31,xslF345X03/form4.xml,CIK0000732717-submissions-001.json
2015-08-04,4,0001127602-15-024144,2015-07-31,xslF345X03/form4.xml,CIK0000732717-submissions-001.json
2015-08-04,4,0001127602-15-024138,2015-07-31,xslF345X03/form4.xml,CIK0000732717-submissions-001.json
2015-08-04,4,0001127602-15-024136,2015-07-31,xslF345X03/form4.xml,CIK0000732717-submissions-001.json
2015-08-04,4,0001127602-15-024133,2015-07-31,xslF345X03/form4.xml,CIK0000732717-submissions-001.json
2015-08-04,4,0001127602-15-024132,2015-07-31,xslF345X03/form4.xml,CIK0000732717-submissions-001.json
2015-08-04,4,0001127602-15-024131,2015-07-31,xslF345X03/form4.xml,CIK0000732717-submissions-001.json
2015-08-04,4,0001127602-15-024130,2015-07-31,xslF345X03/form4.xml,CIK0000732717-submissions-001.json
2015-08-04,4,0001127602-15-024128,2015-07-31,xslF345X03/form4.xml,CIK0000732717-submissions-001.json
2015-08-04,4,0001127602-15-024125,2015-07-31,xslF345X03/form4.xml,CIK0000732717-submissions-001.json
2015-08-07,10-Q,0000732717-15-000079,2015-06-30,q2_10q.htm,CIK0000732717-submissions-001.json
2015-08-11,8-K,0000732717-15-000083,2015-08-06,aug10_8k.htm,CIK0000732717-submissions-001.json
2015-08-14,8-K,0000732717-15-000086,2015-08-14,aug14_8k.htm,CIK0000732717-submissions-001.json
2015-08-20,8-K,0000732717-15-000089,2015-08-19,form8k.htm,CIK0000732717-submissions-001.json
2015-08-25,4,0001127602-15-025797,2015-08-24,xslF345X03/form4.xml,CIK0000732717-submissions-001.json
2015-09-01,8-K,0000732717-15-000094,2015-08-27,form8-k.htm,CIK0000732717-submissions-001.json
2015-09-02,4,0001127602-15-026472,2015-08-31,xslF345X03/form4.xml,CIK0000732717-submissions-001.json
2015-09-02,4,0001127602-15-026471,2015-08-31,xslF345X03/form4.xml,CIK0000732717-submissions-001.json
2015-09-02,4,0001127602-15-026470,2015-08-31,xslF345X03/form4.xml,CIK0000732717-submissions-001.json
2015-09-02,4,0001127602-15-026469,2015-08-31,xslF345X03/form4.xml,CIK0000732717-submissions-001.json
2015-09-02,4,0001127602-15-026468,2015-08-31,xslF345X03/form4.xml,CIK0000732717-submissions-001.json
2015-09-02,4,0001127602-15-026467,2015-08-31,xslF345X03/form4.xml,CIK0000732717-submissions-001.json
2015-09-02,4,0001127602-15-026466,2015-08-31,xslF345X03/form4.xml,CIK0000732717-submissions-001.json
2015-09-02,4,0001127602-15-026463,2015-08-31,xslF345X03/form4.xml,CIK0000732717-submissions-001.json
2015-09-02,4,0001127602-15-026456,2015-08-31,xslF345X03/form4.xml,CIK0000732717-submissions-001.json
2015-09-04,UPLOAD,0000000000-15-044475,,filename1.pdf,CIK0000732717-submissions-001.json
2015-09-16,CORRESP,0000732717-15-000096,,filename1.htm,CIK0000732717-submissions-001.json
2015-09-22,UPLOAD,0000000000-15-046633,,filename1.pdf,CIK0000732717-submissions-001.json
2015-09-23,4,0001127602-15-027590,2015-09-22,xslF345X03/form4.xml,CIK0000732717-submissions-001.json
2015-09-25,8-K,0000732717-15-000102,2015-09-25,form8k.htm,CIK0000732717-submissions-001.json
2015-09-25,8-K/A,0000732717-15-000101,2015-09-25,proforma8ka.htm,CIK0000732717-submissions-001.json
2015-09-29,8-K,0000732717-15-000104,2015-09-29,sep29_8k.htm,CIK0000732717-submissions-001.json
2015-10-02,4,0001127602-15-028327,2015-09-30,xslF345X03/form4.xml,CIK0000732717-submissions-001.json
2015-10-02,4,0001127602-15-028292,2015-09-30,xslF345X03/form4.xml,CIK0000732717-submissions-001.json
2015-10-02,4,0001127602-15-028286,2015-09-30,xslF345X03/form4.xml,CIK0000732717-submissions-001.json
2015-10-02,4,0001127602-15-028285,2015-09-30,xslF345X03/form4.xml,CIK0000732717-submissions-001.json
2015-10-02,4,0001127602-15-028284,2015-09-30,xslF345X03/form4.xml,CIK0000732717-submissions-001.json
2015-10-02,4,0001127602-15-028282,2015-09-30,xslF345X03/form4.xml,CIK0000732717-submissions-001.json
2015-10-02,4,0001127602-15-028281,2015-09-30,xslF345X03/form4.xml,CIK0000732717-submissions-001.json
2015-10-02,4,0001127602-15-028280,2015-09-30,xslF345X03/form4.xml,CIK0000732717-submissions-001.json
2015-10-02,4,0001127602-15-028279,2015-09-30,xslF345X03/form4.xml,CIK0000732717-submissions-001.json
2015-10-02,4,0001127602-15-028277,2015-09-30,xslF345X03/form4.xml,CIK0000732717-submissions-001.json
2015-10-02,4,0001127602-15-028275,2015-09-30,xslF345X03/form4.xml,CIK0000732717-submissions-001.json
2015-10-02,4,0001127602-15-028274,2015-09-30,xslF345X03/form4.xml,CIK0000732717-submissions-001.json
2015-10-02,4,0001127602-15-028273,2015-09-30,xslF345X03/form4.xml,CIK0000732717-submissions-001.json
2015-10-07,3,0001127602-15-028814,2015-10-01,xslF345X02/form3.xml,CIK0000732717-submissions-001.json
2015-10-15,8-K,0000732717-15-000107,2015-10-14,segments.htm,CIK0000732717-submissions-001.json
2015-10-20,8-K,0000732717-15-000111,2015-10-20,oct20_8k.htm,CIK0000732717-submissions-001.json
2015-10-22,8-K,0000732717-15-000116,2015-10-22,q3earning8k.htm,CIK0000732717-submissions-001.json
2015-10-22,8-K,0000732717-15-000113,2015-10-22,q3earnings801_8k.htm,CIK0000732717-submissions-001.json
2015-10-27,4,0001127602-15-029591,2015-10-26,xslF345X03/form4.xml,CIK0000732717-submissions-001.json
2015-11-02,4,0001127602-15-029889,2015-10-30,xslF345X03/form4.xml,CIK0000732717-submissions-001.json
2015-11-03,4,0001127602-15-030221,2015-10-30,xslF345X03/form4.xml,CIK0000732717-submissions-001.json
2015-11-03,4,0001127602-15-030220,2015-10-30,xslF345X03/form4.xml,CIK0000732717-submissions-001.json
2015-11-03,4,0001127602-15-030218,2015-10-30,xslF345X03/form4.xml,CIK0000732717-submissions-001.json
2015-11-03,4,0001127602-15-030217,2015-10-30,xslF345X03/form4.xml,CIK0000732717-submissions-001.json
2015-11-03,4,0001127602-15-030216,2015-10-30,xslF345X03/form4.xml,CIK0000732717-submissions-001.json
2015-11-03,4,0001127602-15-030215,2015-10-30,xslF345X03/form4.xml,CIK0000732717-submissions-001.json
2015-11-03,4,0001127602-15-030214,2015-10-30,xslF345X03/form4.xml,CIK0000732717-submissions-001.json
2015-11-03,4,0001127602-15-030213,2015-10-30,xslF345X03/form4.xml,CIK0000732717-submissions-001.json
2015-11-03,4,0001127602-15-030212,2015-10-30,xslF345X03/form4.xml,CIK0000732717-submissions-001.json
2015-11-03,4,0001127602-15-030211,2015-11-02,xslF345X03/form4.xml,CIK0000732717-submissions-001.json
2015-11-03,4,0001127602-15-030210,2015-10-30,xslF345X03/form4.xml,CIK0000732717-submissions-001.json
2015-11-03,4,0001127602-15-030209,2015-10-30,xslF345X03/form4.xml,CIK0000732717-submissions-001.json
2015-11-03,4,0001127602-15-030206,2015-10-30,xslF345X03/form4.xml,CIK0000732717-submissions-001.json
2015-11-03,4,0001127602-15-030204,2015-10-30,xslF345X03/form4.xml,CIK0000732717-submissions-001.json
2015-11-03,4,0001127602-15-030201,2015-10-30,xslF345X03/form4.xml,CIK0000732717-submissions-001.json
2015-11-03,4,0001127602-15-030198,2015-10-30,xslF345X03/form4.xml,CIK0000732717-submissions-001.json
2015-11-03,4,0001127602-15-030197,2015-10-30,xslF345X03/form4.xml,CIK0000732717-submissions-001.json
2015-11-03,4,0001127602-15-030194,2015-10-30,xslF345X03/form4.xml,CIK0000732717-submissions-001.json
2015-11-03,4,0001127602-15-030193,2015-10-30,xslF345X03/form4.xml,CIK0000732717-submissions-001.json
2015-11-03,4,0001127602-15-030191,2015-10-30,xslF345X03/form4.xml,CIK0000732717-submissions-001.json
2015-11-03,4,0001127602-15-030189,2015-10-30,xslF345X03/form4.xml,CIK0000732717-submissions-001.json
2015-11-06,10-Q,0000732717-15-000121,2015-10-28,q3_10q.htm,CIK0000732717-submissions-001.json
2015-11-12,8-K,0000732717-15-000124,2015-11-12,nov12_8k.htm,CIK0000732717-submissions-001.json
2015-11-18,8-K,0000732717-15-000126,2015-11-17,directv_8k.htm,CIK0000732717-submissions-001.json
2015-12-02,4,0001127602-15-032966,2015-11-30,xslF345X03/form4.xml,CIK0000732717-submissions-001.json
2015-12-02,4,0001127602-15-032965,2015-11-30,xslF345X03/form4.xml,CIK0000732717-submissions-001.json
2015-12-02,4,0001127602-15-032964,2015-11-30,xslF345X03/form4.xml,CIK0000732717-submissions-001.json
2015-12-02,4,0001127602-15-032963,2015-11-30,xslF345X03/form4.xml,CIK0000732717-submissions-001.json
2015-12-02,4,0001127602-15-032962,2015-11-30,xslF345X03/form4.xml,CIK0000732717-submissions-001.json
2015-12-02,4,0001127602-15-032961,2015-11-30,xslF345X03/form4.xml,CIK0000732717-submissions-001.json
2015-12-02,4,0001127602-15-032960,2015-11-30,xslF345X03/form4.xml,CIK0000732717-submissions-001.json
2015-12-02,4,0001127602-15-032958,2015-11-30,xslF345X03/form4.xml,CIK0000732717-submissions-001.json
2015-12-02,4,0001127602-15-032954,2015-11-30,xslF345X03/form4.xml,CIK0000732717-submissions-001.json
2015-12-02,4,0001127602-15-032953,2015-11-30,xslF345X03/form4.xml,CIK0000732717-submissions-001.json
2015-12-02,4,0001127602-15-032952,2015-11-30,xslF345X03/form4.xml,CIK0000732717-submissions-001.json
2015-12-02,4,0001127602-15-032950,2015-11-30,xslF345X03/form4.xml,CIK0000732717-submissions-001.json
2015-12-02,4,0001127602-15-032948,2015-11-30,xslF345X03/form4.xml,CIK0000732717-submissions-001.json
2015-12-15,8-K,0000732717-15-000129,2015-12-11,8-k.htm,CIK0000732717-submissions-001.json
2015-12-18,4,0001127602-15-034575,2015-12-17,xslF345X03/form4.xml,CIK0000732717-submissions-001.json
2015-12-18,8-K,0000732717-15-000132,2015-12-18,form8k.htm,CIK0000732717-submissions-001.json
2015-12-28,NO ACT,9999999997-16-016172,2015-11-27,9999999997-16-016172.paper,CIK0000732717-submissions-001.json
2016-01-05,4,0001127602-16-036005,2015-12-31,xslF345X03/form4.xml,CIK0000732717-submissions-001.json
2016-01-05,4,0001127602-16-035999,2015-12-31,xslF345X03/form4.xml,CIK0000732717-submissions-001.json
2016-01-05,4,0001127602-16-035994,2015-12-31,xslF345X03/form4.xml,CIK0000732717-submissions-001.json
2016-01-05,4,0001127602-16-035993,2015-12-31,xslF345X03/form4.xml,CIK0000732717-submissions-001.json
2016-01-05,4,0001127602-16-035987,2015-12-31,xslF345X03/form4.xml,CIK0000732717-submissions-001.json
2016-01-05,4,0001127602-16-035983,2015-12-31,xslF345X03/form4.xml,CIK0000732717-submissions-001.json
2016-01-05,4,0001127602-16-035972,2015-12-31,xslF345X03/form4.xml,CIK0000732717-submissions-001.json
2016-01-05,4,0001127602-16-035962,2015-12-31,xslF345X03/form4.xml,CIK0000732717-submissions-001.json
2016-01-05,4,0001127602-16-035956,2015-12-31,xslF345X03/form4.xml,CIK0000732717-submissions-001.json
2016-01-05,4,0001127602-16-035940,2015-12-31,xslF345X03/form4.xml,CIK0000732717-submissions-001.json
2016-01-05,4,0001127602-16-035932,2015-12-31,xslF345X03/form4.xml,CIK0000732717-submissions-001.json
2016-01-05,4,0001127602-16-035924,2015-12-31,xslF345X03/form4.xml,CIK0000732717-submissions-001.json
2016-01-05,4,0001127602-16-035917,2015-12-31,xslF345X03/form4.xml,CIK0000732717-submissions-001.json
2016-01-22,8-K,0000732717-16-000135,2016-01-21,january22_8k.htm,CIK0000732717-submissions-001.json
2016-01-26,8-K,0000732717-16-000138,2016-01-26,q4earning8k.htm,CIK0000732717-submissions-001.json
2016-01-26,8-K,0000732717-16-000137,2016-01-26,q4earnings801_8k.htm,CIK0000732717-submissions-001.json
2016-01-28,4,0001127602-16-038272,2016-01-26,xslF345X03/form4.xml,CIK0000732717-submissions-001.json
2016-01-28,4,0001127602-16-038271,2016-01-26,xslF345X03/form4.xml,CIK0000732717-submissions-001.json
2016-01-28,4,0001127602-16-038270,2016-01-26,xslF345X03/form4.xml,CIK0000732717-submissions-001.json
2016-01-28,4,0001127602-16-038269,2016-01-26,xslF345X03/form4.xml,CIK0000732717-submissions-001.json
2016-01-28,4,0001127602-16-038268,2016-01-26,xslF345X03/form4.xml,CIK0000732717-submissions-001.json
2016-01-28,4,0001127602-16-038267,2016-01-26,xslF345X03/form4.xml,CIK0000732717-submissions-001.json
2016-01-28,4,0001127602-16-038266,2016-01-26,xslF345X03/form4.xml,CIK0000732717-submissions-001.json
2016-01-28,4,0001127602-16-038263,2016-01-26,xslF345X03/form4.xml,CIK0000732717-submissions-001.json
2016-01-28,4,0001127602-16-038261,2016-01-26,xslF345X03/form4.xml,CIK0000732717-submissions-001.json
2016-01-28,4,0001127602-16-038260,2016-01-26,xslF345X03/form4.xml,CIK0000732717-submissions-001.json
2016-01-29,FWP,0001193125-16-444418,,d121493dfwp.htm,CIK0000732717-submissions-001.json
2016-02-01,4,0001127602-16-038748,2016-01-28,xslF345X03/form4.xml,CIK0000732717-submissions-001.json
2016-02-01,4,0001127602-16-038747,2016-01-28,xslF345X03/form4.xml,CIK0000732717-submissions-001.json
2016-02-01,4,0001127602-16-038746,2016-01-28,xslF345X03/form4.xml,CIK0000732717-submissions-001.json
2016-02-01,4,0001127602-16-038745,2016-01-28,xslF345X03/form4.xml,CIK0000732717-submissions-001.json
2016-02-01,4,0001127602-16-038743,2016-01-28,xslF345X03/form4.xml,CIK0000732717-submissions-001.json
2016-02-01,4,0001127602-16-038742,2016-01-28,xslF345X03/form4.xml,CIK0000732717-submissions-001.json
2016-02-01,4,0001127602-16-038741,2016-01-28,xslF345X03/form4.xml,CIK0000732717-submissions-001.json
2016-02-01,4,0001127602-16-038740,2016-01-28,xslF345X03/form4.xml,CIK0000732717-submissions-001.json
2016-02-01,4,0001127602-16-038738,2016-01-28,xslF345X03/form4.xml,CIK0000732717-submissions-001.json
2016-02-01,4,0001127602-16-038735,2016-01-28,xslF345X03/form4.xml,CIK0000732717-submissions-001.json
2016-02-02,4,0001127602-16-039170,2016-01-29,xslF345X03/form4.xml,CIK0000732717-submissions-001.json
2016-02-02,4,0001127602-16-039168,2016-01-29,xslF345X03/form4.xml,CIK0000732717-submissions-001.json
2016-02-02,4,0001127602-16-039164,2016-01-29,xslF345X03/form4.xml,CIK0000732717-submissions-001.json
2016-02-02,4,0001127602-16-039163,2016-01-29,xslF345X03/form4.xml,CIK0000732717-submissions-001.json
2016-02-02,4,0001127602-16-039162,2016-01-29,xslF345X03/form4.xml,CIK0000732717-submissions-001.json
2016-02-02,4,0001127602-16-039160,2016-01-29,xslF345X03/form4.xml,CIK0000732717-submissions-001.json
2016-02-02,4,0001127602-16-039157,2016-01-29,xslF345X03/form4.xml,CIK0000732717-submissions-001.json
2016-02-02,4,0001127602-16-039156,2016-01-29,xslF345X03/form4.xml,CIK0000732717-submissions-001.json
2016-02-02,4,0001127602-16-039155,2016-01-29,xslF345X03/form4.xml,CIK0000732717-submissions-001.json
2016-02-02,4,0001127602-16-039154,2016-01-29,xslF345X03/form4.xml,CIK0000732717-submissions-001.json
2016-02-02,4,0001127602-16-039153,2016-01-29,xslF345X03/form4.xml,CIK0000732717-submissions-001.json
2016-02-02,4,0001127602-16-039151,2016-01-29,xslF345X03/form4.xml,CIK0000732717-submissions-001.json
2016-02-02,4,0001127602-16-039149,2016-01-29,xslF345X03/form4.xml,CIK0000732717-submissions-001.json
2016-02-02,4,0001127602-16-039148,2016-01-29,xslF345X03/form4.xml,CIK0000732717-submissions-001.json
2016-02-02,4,0001127602-16-039147,2016-01-29,xslF345X03/form4.xml,CIK0000732717-submissions-001.json
2016-02-02,4,0001127602-16-039144,2016-01-29,xslF345X03/form4.xml,CIK0000732717-submissions-001.json
2016-02-02,4,0001127602-16-039143,2016-01-29,xslF345X03/form4.xml,CIK0000732717-submissions-001.json
2016-02-02,4,0001127602-16-039141,2016-01-29,xslF345X03/form4.xml,CIK0000732717-submissions-001.json
2016-02-02,4,0001127602-16-039139,2016-01-29,xslF345X03/form4.xml,CIK0000732717-submissions-001.json
2016-02-02,4,0001127602-16-039137,2016-01-29,xslF345X03/form4.xml,CIK0000732717-submissions-001.json
2016-02-02,4,0001127602-16-039134,2016-01-29,xslF345X03/form4.xml,CIK0000732717-submissions-001.json
2016-02-02,424B2,0001193125-16-446694,,d124945d424b2.htm,CIK0000732717-submissions-001.json
2016-02-03,4,0001127602-16-039343,2016-02-01,xslF345X03/form4.xml,CIK0000732717-submissions-001.json
2016-02-05,NO ACT,9999999997-16-016867,2015-12-07,9999999997-16-016867.paper,CIK0000732717-submissions-001.json
2016-02-09,8-K,0001193125-16-454958,2016-02-09,d136626d8k.htm,CIK0000732717-submissions-001.json
2016-02-10,SC 13G/A,0000932471-16-011684,,atandtinc.htm,CIK0000732717-submissions-001.json
2016-02-10,SC 13G/A,0000215457-16-005463,,att.inc.2015.txt,CIK0000732717-submissions-001.json
2016-02-17,4,0001127602-16-041905,2016-02-12,xslF345X03/form4.xml,CIK0000732717-submissions-001.json
2016-02-18,10-K,0000732717-16-000147,2015-12-31,ye15_10k.htm,CIK0000732717-submissions-001.json
2016-02-19,4/A,0001127602-16-042359,2016-01-28,xslF345X03/form4a.xml,CIK0000732717-submissions-001.json
2016-02-19,4/A,0001127602-16-042358,2016-01-28,xslF345X03/form4a.xml,CIK0000732717-submissions-001.json
2016-02-19,4/A,0001127602-16-042356,2016-01-28,xslF345X03/form4a.xml,CIK0000732717-submissions-001.json
2016-02-19,4/A,0001127602-16-042355,2016-01-28,xslF345X03/form4a.xml,CIK0000732717-submissions-001.json
2016-02-19,4/A,0001127602-16-042351,2016-01-28,xslF345X03/form4a.xml,CIK0000732717-submissions-001.json
2016-02-19,4/A,0001127602-16-042350,2016-01-28,xslF345X03/form4a.xml,CIK0000732717-submissions-001.json
2016-02-19,4/A,0001127602-16-042349,2016-01-28,xslF345X03/form4a.xml,CIK0000732717-submissions-001.json
2016-02-19,4/A,0001127602-16-042348,2016-01-28,xslF345X03/form4a.xml,CIK0000732717-submissions-001.json
2016-02-19,4/A,0001127602-16-042347,2016-01-28,xslF345X03/form4a.xml,CIK0000732717-submissions-001.json
2016-02-19,4/A,0001127602-16-042346,2016-01-28,xslF345X03/form4a.xml,CIK0000732717-submissions-001.json
2016-02-19,8-K,0001193125-16-469003,2016-02-19,d136767d8k.htm,CIK0000732717-submissions-001.json
2016-02-19,S-4,0001193125-16-469030,,d139945ds4.htm,CIK0000732717-submissions-001.json
2016-02-25,S-3ASR,0001193125-16-478512,,d133702ds3asr.htm,CIK0000732717-submissions-001.json
2016-03-01,UPLOAD,0000000000-16-066818,,filename1.pdf,CIK0000732717-submissions-001.json
2016-03-02,4,0001127602-16-044611,2016-02-29,xslF345X03/form4.xml,CIK0000732717-submissions-001.json
2016-03-02,4,0001127602-16-044601,2016-02-29,xslF345X03/form4.xml,CIK0000732717-submissions-001.json
2016-03-02,4,0001127602-16-044599,2016-02-29,xslF345X03/form4.xml,CIK0000732717-submissions-001.json
2016-03-02,4,0001127602-16-044597,2016-02-29,xslF345X03/form4.xml,CIK0000732717-submissions-001.json
2016-03-02,4,0001127602-16-044596,2016-02-29,xslF345X03/form4.xml,CIK0000732717-submissions-001.json
2016-03-02,4,0001127602-16-044595,2016-02-29,xslF345X03/form4.xml,CIK0000732717-submissions-001.json
2016-03-02,4,0001127602-16-044593,2016-02-29,xslF345X03/form4.xml,CIK0000732717-submissions-001.json
2016-03-02,4,0001127602-16-044591,2016-02-29,xslF345X03/form4.xml,CIK0000732717-submissions-001.json
2016-03-02,4,0001127602-16-044589,2016-02-29,xslF345X03/form4.xml,CIK0000732717-submissions-001.json
2016-03-02,4,0001127602-16-044586,2016-02-29,xslF345X03/form4.xml,CIK0000732717-submissions-001.json
2016-03-02,4,0001127602-16-044583,2016-02-29,xslF345X03/form4.xml,CIK0000732717-submissions-001.json
2016-03-02,4,0001127602-16-044579,2016-02-29,xslF345X03/form4.xml,CIK0000732717-submissions-001.json
2016-03-03,CORRESP,0001193125-16-491397,,filename1.htm,CIK0000732717-submissions-001.json
2016-03-03,S-4/A,0001193125-16-491386,,d139945ds4a.htm,CIK0000732717-submissions-001.json
2016-03-09,CORRESP,0001193125-16-498231,,filename1.htm,CIK0000732717-submissions-001.json
2016-03-11,4,0001127602-16-046128,2016-03-09,xslF345X03/form4.xml,CIK0000732717-submissions-001.json
2016-03-11,4,0001127602-16-046127,2016-03-09,xslF345X03/form4.xml,CIK0000732717-submissions-001.json
2016-03-11,4,0001127602-16-046126,2016-03-09,xslF345X03/form4.xml,CIK0000732717-submissions-001.json
2016-03-11,4,0001127602-16-046125,2016-03-09,xslF345X03/form4.xml,CIK0000732717-submissions-001.json
2016-03-11,4,0001127602-16-046124,2016-03-09,xslF345X03/form4.xml,CIK0000732717-submissions-001.json
2016-03-11,4,0001127602-16-046123,2016-03-09,xslF345X03/form4.xml,CIK0000732717-submissions-001.json
2016-03-11,4,0001127602-16-046122,2016-03-09,xslF345X03/form4.xml,CIK0000732717-submissions-001.json
2016-03-11,4,0001127602-16-046121,2016-03-09,xslF345X03/form4.xml,CIK0000732717-submissions-001.json
2016-03-11,424B3,0001193125-16-501645,,d139945d424b3.htm,CIK0000732717-submissions-001.json
2016-03-11,DEF 14A,0001193125-16-501419,2016-04-29,d107557ddef14a.htm,CIK0000732717-submissions-001.json
2016-03-11,DEFA14A,0001193125-16-501428,,d107557ddefa14a.htm,CIK0000732717-submissions-001.json
2016-03-11,EFFECT,9999999995-16-003931,,xslEFFECTX01/primary_doc.xml,CIK0000732717-submissions-001.json
2016-03-22,8-K,0001193125-16-513518,2016-03-21,d168867d8k.htm,CIK0000732717-submissions-001.json
2016-03-24,8-A12B,0001193125-16-516957,,d160679d8a12b.htm,CIK0000732717-submissions-001.json
2016-03-28,CERTNYS,9999999997-16-021795,,9999999997-16-021795.paper,CIK0000732717-submissions-001.json
2016-04-04,4,0001127602-16-048356,2016-03-31,xslF345X03/form4.xml,CIK0000732717-submissions-001.json
2016-04-04,4,0001127602-16-048353,2016-03-31,xslF345X03/form4.xml,CIK0000732717-submissions-001.json
2016-04-04,4,0001127602-16-048350,2016-03-31,xslF345X03/form4.xml,CIK0000732717-submissions-001.json
2016-04-04,4,0001127602-16-048348,2016-03-31,xslF345X03/form4.xml,CIK0000732717-submissions-001.json
2016-04-04,4,0001127602-16-048345,2016-03-31,xslF345X03/form4.xml,CIK0000732717-submissions-001.json
2016-04-04,4,0001127602-16-048342,2016-03-31,xslF345X03/form4.xml,CIK0000732717-submissions-001.json
2016-04-04,4,0001127602-16-048338,2016-03-31,xslF345X03/form4.xml,CIK0000732717-submissions-001.json
2016-04-04,4,0001127602-16-048332,2016-03-31,xslF345X03/form4.xml,CIK0000732717-submissions-001.json
2016-04-04,4,0001127602-16-048331,2016-03-31,xslF345X03/form4.xml,CIK0000732717-submissions-001.json
2016-04-04,4,0001127602-16-048329,2016-03-31,xslF345X03/form4.xml,CIK0000732717-submissions-001.json
2016-04-04,4,0001127602-16-048328,2016-03-31,xslF345X03/form4.xml,CIK0000732717-submissions-001.json
2016-04-04,4,0001127602-16-048323,2016-03-31,xslF345X03/form4.xml,CIK0000732717-submissions-001.json
2016-04-04,4,0001127602-16-048321,2016-03-31,xslF345X03/form4.xml,CIK0000732717-submissions-001.json
2016-04-04,4,0001127602-16-048319,2016-03-31,xslF345X03/form4.xml,CIK0000732717-submissions-001.json
2016-04-26,8-K,0000732717-16-000153,2016-03-31,q1earning8k.htm,CIK0000732717-submissions-001.json
2016-04-26,8-K,0000732717-16-000151,2016-03-31,q1earnings801_8k.htm,CIK0000732717-submissions-001.json
2016-05-02,8-K,0000732717-16-000156,2016-05-02,votingresults.htm,CIK0000732717-submissions-001.json
2016-05-03,4,0001127602-16-050783,2016-04-29,xslF345X03/form4.xml,CIK0000732717-submissions-001.json
2016-05-03,4,0001127602-16-050780,2016-04-29,xslF345X03/form4.xml,CIK0000732717-submissions-001.json
2016-05-03,4,0001127602-16-050777,2016-04-29,xslF345X03/form4.xml,CIK0000732717-submissions-001.json
2016-05-03,4,0001127602-16-050774,2016-04-29,xslF345X03/form4.xml,CIK0000732717-submissions-001.json
2016-05-03,4,0001127602-16-050773,2016-04-29,xslF345X03/form4.xml,CIK0000732717-submissions-001.json
2016-05-03,4,0001127602-16-050772,2016-04-29,xslF345X03/form4.xml,CIK0000732717-submissions-001.json
2016-05-03,4,0001127602-16-050770,2016-04-29,xslF345X03/form4.xml,CIK0000732717-submissions-001.json
2016-05-03,4,0001127602-16-050768,2016-04-29,xslF345X03/form4.xml,CIK0000732717-submissions-001.json
2016-05-03,4,0001127602-16-050767,2016-04-29,xslF345X03/form4.xml,CIK0000732717-submissions-001.json
2016-05-03,4,0001127602-16-050765,2016-04-29,xslF345X03/form4.xml,CIK0000732717-submissions-001.json
2016-05-03,4,0001127602-16-050764,2016-04-29,xslF345X03/form4.xml,CIK0000732717-submissions-001.json
2016-05-03,4,0001127602-16-050763,2016-04-29,xslF345X03/form4.xml,CIK0000732717-submissions-001.json
2016-05-03,4,0001127602-16-050762,2016-04-29,xslF345X03/form4.xml,CIK0000732717-submissions-001.json
2016-05-03,4,0001127602-16-050760,2016-04-29,xslF345X03/form4.xml,CIK0000732717-submissions-001.json
2016-05-03,4,0001127602-16-050759,2016-04-29,xslF345X03/form4.xml,CIK0000732717-submissions-001.json
2016-05-03,4,0001127602-16-050758,2016-04-29,xslF345X03/form4.xml,CIK0000732717-submissions-001.json
2016-05-03,4,0001127602-16-050757,2016-04-29,xslF345X03/form4.xml,CIK0000732717-submissions-001.json
2016-05-03,4,0001127602-16-050756,2016-04-29,xslF345X03/form4.xml,CIK0000732717-submissions-001.json
2016-05-03,4,0001127602-16-050753,2016-04-29,xslF345X03/form4.xml,CIK0000732717-submissions-001.json
2016-05-03,4,0001127602-16-050752,2016-04-29,xslF345X03/form4.xml,CIK0000732717-submissions-001.json
2016-05-03,4,0001127602-16-050751,2016-04-29,xslF345X03/form4.xml,CIK0000732717-submissions-001.json
2016-05-03,4,0001127602-16-050749,2016-04-29,xslF345X03/form4.xml,CIK0000732717-submissions-001.json
2016-05-04,FWP,0001193125-16-575270,,d163221dfwp.htm,CIK0000732717-submissions-001.json
2016-05-05,10-Q,0000732717-16-000160,2016-03-31,q1_10q.htm,CIK0000732717-submissions-001.json
2016-05-05,4,0001127602-16-051263,2015-08-06,xslF345X03/form4.xml,CIK0000732717-submissions-001.json
2016-05-05,424B2,0001193125-16-579876,,d181815d424b2.htm,CIK0000732717-submissions-001.json
2016-05-12,8-K,0001193125-16-588917,2016-05-12,d164854d8k.htm,CIK0000732717-submissions-001.json
2016-05-12,8-K,0000732717-16-000165,2016-05-12,form8k.htm,CIK0000732717-submissions-001.json
2016-05-12,S-8,0000732717-16-000167,,forms8.htm,CIK0000732717-submissions-001.json
2016-06-02,4,0001127602-16-054452,2016-05-31,xslF345X03/form4.xml,CIK0000732717-submissions-001.json
2016-06-02,4,0001127602-16-054450,2016-05-31,xslF345X03/form4.xml,CIK0000732717-submissions-001.json
2016-06-02,4,0001127602-16-054447,2016-05-31,xslF345X03/form4.xml,CIK0000732717-submissions-001.json
2016-06-02,4,0001127602-16-054446,2016-05-31,xslF345X03/form4.xml,CIK0000732717-submissions-001.json
2016-06-02,4,0001127602-16-054444,2016-05-31,xslF345X03/form4.xml,CIK0000732717-submissions-001.json
2016-06-02,4,0001127602-16-054443,2016-05-31,xslF345X03/form4.xml,CIK0000732717-submissions-001.json
2016-06-02,4,0001127602-16-054441,2016-05-31,xslF345X03/form4.xml,CIK0000732717-submissions-001.json
2016-06-02,4,0001127602-16-054438,2016-05-31,xslF345X03/form4.xml,CIK0000732717-submissions-001.json
2016-06-02,4,0001127602-16-054437,2016-05-31,xslF345X03/form4.xml,CIK0000732717-submissions-001.json
2016-06-02,4,0001127602-16-054434,2016-05-31,xslF345X03/form4.xml,CIK0000732717-submissions-001.json
2016-06-02,8-K,0000732717-16-000171,2016-06-02,june2_8k.htm,CIK0000732717-submissions-001.json
2016-06-17,11-K,0000732717-16-000184,2015-12-31,arsp_11k.htm,CIK0000732717-submissions-001.json
2016-06-17,11-K,0000732717-16-000183,2015-12-31,aprrsp_11k.htm,CIK0000732717-submissions-001.json
2016-06-17,11-K,0000732717-16-000182,2015-12-31,dtvsp_11k.htm,CIK0000732717-submissions-001.json
2016-06-17,11-K,0000732717-16-000181,2015-12-31,assp_11k.htm,CIK0000732717-submissions-001.json
2016-06-17,11-K,0000732717-16-000180,2015-12-31,blsssp_11k.htm,CIK0000732717-submissions-001.json
2016-06-24,3,0001127602-16-056300,2016-06-24,xslF345X02/form3.xml,CIK0000732717-submissions-001.json
2016-06-24,8-K,0000732717-16-000186,2016-06-24,newdirector8k.htm,CIK0000732717-submissions-001.json
2016-07-01,4,0001127602-16-056838,2016-06-30,xslF345X03/form4.xml,CIK0000732717-submissions-001.json
2016-07-01,4,0001127602-16-056837,2016-06-30,xslF345X03/form4.xml,CIK0000732717-submissions-001.json
2016-07-01,4,0001127602-16-056836,2016-06-30,xslF345X03/form4.xml,CIK0000732717-submissions-001.json
2016-07-01,4,0001127602-16-056835,2016-06-30,xslF345X03/form4.xml,CIK0000732717-submissions-001.json
2016-07-01,4,0001127602-16-056834,2016-06-30,xslF345X03/form4.xml,CIK0000732717-submissions-001.json
2016-07-01,4,0001127602-16-056833,2016-06-30,xslF345X03/form4.xml,CIK0000732717-submissions-001.json
2016-07-01,4,0001127602-16-056832,2016-06-30,xslF345X03/form4.xml,CIK0000732717-submissions-001.json
2016-07-01,4,0001127602-16-056831,2016-06-30,xslF345X03/form4.xml,CIK0000732717-submissions-001.json
2016-07-01,4,0001127602-16-056830,2016-06-30,xslF345X03/form4.xml,CIK0000732717-submissions-001.json
2016-07-01,4,0001127602-16-056829,2016-06-30,xslF345X03/form4.xml,CIK0000732717-submissions-001.json
2016-07-01,4,0001127602-16-056828,2016-06-30,xslF345X03/form4.xml,CIK0000732717-submissions-001.json
2016-07-01,4,0001127602-16-056827,2016-06-30,xslF345X03/form4.xml,CIK0000732717-submissions-001.json
2016-07-01,4,0001127602-16-056826,2016-06-30,xslF345X03/form4.xml,CIK0000732717-submissions-001.json
2016-07-21,8-K,0000732717-16-000190,2016-06-30,q2earning8k.htm,CIK0000732717-submissions-001.json
2016-07-21,8-K,0000732717-16-000189,2016-06-30,q2earnings801_8k.htm,CIK0000732717-submissions-001.json
2016-07-25,4,0001127602-16-058564,2016-07-25,xslF345X03/form4.xml,CIK0000732717-submissions-001.json
2016-07-25,4,0001127602-16-058563,2016-07-25,xslF345X03/form4.xml,CIK0000732717-submissions-001.json
2016-07-25,4,0001127602-16-058562,2016-07-25,xslF345X03/form4.xml,CIK0000732717-submissions-001.json
2016-07-25,4,0001127602-16-058561,2016-07-25,xslF345X03/form4.xml,CIK0000732717-submissions-001.json
2016-07-25,4,0001127602-16-058560,2016-07-25,xslF345X03/form4.xml,CIK0000732717-submissions-001.json
2016-07-25,4,0001127602-16-058559,2016-07-22,xslF345X03/form4.xml,CIK0000732717-submissions-001.json
2016-07-28,4,0001127602-16-058785,2016-07-27,xslF345X03/form4.xml,CIK0000732717-submissions-001.json
2016-08-02,4,0001127602-16-059309,2016-07-29,xslF345X03/form4.xml,CIK0000732717-submissions-001.json
2016-08-02,4,0001127602-16-059307,2016-07-29,xslF345X03/form4.xml,CIK0000732717-submissions-001.json
2016-08-02,4,0001127602-16-059305,2016-07-29,xslF345X03/form4.xml,CIK0000732717-submissions-001.json
2016-08-02,4,0001127602-16-059302,2016-07-29,xslF345X03/form4.xml,CIK0000732717-submissions-001.json
2016-08-02,4,0001127602-16-059298,2016-07-29,xslF345X03/form4.xml,CIK0000732717-submissions-001.json
2016-08-02,4,0001127602-16-059293,2016-07-29,xslF345X03/form4.xml,CIK0000732717-submissions-001.json
2016-08-02,4,0001127602-16-059291,2016-07-29,xslF345X03/form4.xml,CIK0000732717-submissions-001.json
2016-08-02,4,0001127602-16-059284,2016-07-29,xslF345X03/form4.xml,CIK0000732717-submissions-001.json
2016-08-02,4,0001127602-16-059277,2016-07-29,xslF345X03/form4.xml,CIK0000732717-submissions-001.json
2016-08-02,4,0001127602-16-059272,2016-07-29,xslF345X03/form4.xml,CIK0000732717-submissions-001.json
2016-08-02,4,0001127602-16-059269,2016-07-29,xslF345X03/form4.xml,CIK0000732717-submissions-001.json
2016-08-02,4,0001127602-16-059262,2016-07-29,xslF345X03/form4.xml,CIK0000732717-submissions-001.json
2016-08-02,4,0001127602-16-059260,2016-07-29,xslF345X03/form4.xml,CIK0000732717-submissions-001.json
2016-08-02,4,0001127602-16-059255,2016-07-29,xslF345X03/form4.xml,CIK0000732717-submissions-001.json
2016-08-02,4,0001127602-16-059248,2016-07-29,xslF345X03/form4.xml,CIK0000732717-submissions-001.json
2016-08-02,4,0001127602-16-059244,2016-07-29,xslF345X03/form4.xml,CIK0000732717-submissions-001.json
2016-08-02,4,0001127602-16-059241,2016-07-29,xslF345X03/form4.xml,CIK0000732717-submissions-001.json
2016-08-02,4,0001127602-16-059239,2016-07-29,xslF345X03/form4.xml,CIK0000732717-submissions-001.json
2016-08-02,4,0001127602-16-059236,2016-07-29,xslF345X03/form4.xml,CIK0000732717-submissions-001.json
2016-08-02,4,0001127602-16-059235,2016-07-29,xslF345X03/form4.xml,CIK0000732717-submissions-001.json
2016-08-04,10-Q,0000732717-16-000195,2016-06-30,q2_10q.htm,CIK0000732717-submissions-001.json
2016-08-05,8-K,0001193125-16-673510,2016-08-05,d239462d8k.htm,CIK0000732717-submissions-001.json
2016-08-19,8-K,0001193125-16-686561,2016-08-19,d190862d8k.htm,CIK0000732717-submissions-001.json
2016-09-02,4,0001127602-16-061800,2016-08-31,xslF345X03/form4.xml,CIK0000732717-submissions-001.json
2016-09-02,4,0001127602-16-061799,2016-08-31,xslF345X03/form4.xml,CIK0000732717-submissions-001.json
2016-09-02,4,0001127602-16-061798,2016-08-31,xslF345X03/form4.xml,CIK0000732717-submissions-001.json
2016-09-02,4,0001127602-16-061797,2016-08-31,xslF345X03/form4.xml,CIK0000732717-submissions-001.json
2016-09-02,4,0001127602-16-061795,2016-08-31,xslF345X03/form4.xml,CIK0000732717-submissions-001.json
2016-09-02,4,0001127602-16-061791,2016-08-31,xslF345X03/form4.xml,CIK0000732717-submissions-001.json
2016-09-02,4,0001127602-16-061789,2016-08-31,xslF345X03/form4.xml,CIK0000732717-submissions-001.json
2016-09-02,4,0001127602-16-061788,2016-08-31,xslF345X03/form4.xml,CIK0000732717-submissions-001.json
2016-09-02,4,0001127602-16-061787,2016-08-31,xslF345X03/form4.xml,CIK0000732717-submissions-001.json
2016-09-02,4,0001127602-16-061786,2016-08-31,xslF345X03/form4.xml,CIK0000732717-submissions-001.json
2016-09-02,8-K,0001193125-16-700904,2016-09-02,d193591d8k.htm,CIK0000732717-submissions-001.json
2016-09-08,8-K,0001193125-16-705218,2016-09-07,d237798d8k.htm,CIK0000732717-submissions-001.json
2016-10-04,4,0001127602-16-064118,2016-09-30,xslF345X03/form4.xml,CIK0000732717-submissions-001.json
2016-10-04,4,0001127602-16-064115,2016-09-30,xslF345X03/form4.xml,CIK0000732717-submissions-001.json
2016-10-04,4,0001127602-16-064112,2016-09-30,xslF345X03/form4.xml,CIK0000732717-submissions-001.json
2016-10-04,4,0001127602-16-064110,2016-09-30,xslF345X03/form4.xml,CIK0000732717-submissions-001.json
2016-10-04,4,0001127602-16-064106,2016-09-30,xslF345X03/form4.xml,CIK0000732717-submissions-001.json
2016-10-04,4,0001127602-16-064104,2016-09-30,xslF345X03/form4.xml,CIK0000732717-submissions-001.json
2016-10-04,4,0001127602-16-064103,2016-09-30,xslF345X03/form4.xml,CIK0000732717-submissions-001.json
2016-10-04,4,0001127602-16-064101,2016-09-30,xslF345X03/form4.xml,CIK0000732717-submissions-001.json
2016-10-04,4,0001127602-16-064099,2016-09-30,xslF345X03/form4.xml,CIK0000732717-submissions-001.json
2016-10-04,4,0001127602-16-064097,2016-09-30,xslF345X03/form4.xml,CIK0000732717-submissions-001.json
2016-10-04,4,0001127602-16-064095,2016-09-30,xslF345X03/form4.xml,CIK0000732717-submissions-001.json
2016-10-04,4,0001127602-16-064092,2016-09-30,xslF345X03/form4.xml,CIK0000732717-submissions-001.json
2016-10-04,4,0001127602-16-064090,2016-09-30,xslF345X03/form4.xml,CIK0000732717-submissions-001.json
2016-10-04,4,0001127602-16-064086,2016-09-30,xslF345X03/form4.xml,CIK0000732717-submissions-001.json
2016-10-04,4,0001127602-16-064080,2016-09-30,xslF345X03/form4.xml,CIK0000732717-submissions-001.json
2016-10-07,3,0001127602-16-064548,2016-10-01,xslF345X02/form3.xml,CIK0000732717-submissions-001.json
2016-10-24,425,0001193125-16-745307,,d259578d425.htm,CIK0000732717-submissions-001.json
2016-10-24,425,0001193125-16-745303,,d275760d425.htm,CIK0000732717-submissions-001.json
2016-10-24,425,0001193125-16-745194,,d258882d425.htm,CIK0000732717-submissions-001.json
2016-10-24,425,0001193125-16-745193,,d259580d425.htm,CIK0000732717-submissions-001.json
2016-10-24,425,0001193125-16-744963,,d266536d425.htm,CIK0000732717-submissions-001.json
2016-10-24,425,0001193125-16-744958,,d273384d425.htm,CIK0000732717-submissions-001.json
2016-10-24,425,0001193125-16-744742,,d250124d425.htm,CIK0000732717-submissions-001.json
2016-10-24,425,0001193125-16-744737,,d250136d425.htm,CIK0000732717-submissions-001.json
2016-10-24,425,0001193125-16-744732,,d250144d425.htm,CIK0000732717-submissions-001.json
2016-10-24,425,0001193125-16-744731,,d269849d425.htm,CIK0000732717-submissions-001.json
2016-10-24,425,0001193125-16-744727,,d250779d425.htm,CIK0000732717-submissions-001.json
2016-10-24,425,0001193125-16-744724,,d221354d425.htm,CIK0000732717-submissions-001.json
2016-10-24,425,0001193125-16-744401,,d268996d8k.htm,CIK0000732717-submissions-001.json
2016-10-24,8-K,0000732717-16-000199,2016-09-30,q2earning8k.htm,CIK0000732717-submissions-001.json
2016-10-24,8-K,0000732717-16-000197,2016-09-30,q3earnings801_8k.htm,CIK0000732717-submissions-001.json
2016-10-24,8-K,0001193125-16-744400,2016-10-22,d268996d8k.htm,CIK0000732717-submissions-001.json
2016-10-25,425,0001193125-16-746749,,d158458d425.htm,CIK0000732717-submissions-001.json
2016-10-25,425,0001193125-16-746733,,d158460d425.htm,CIK0000732717-submissions-001.json
2016-10-25,425,0000732717-16-000201,,rule425.htm,CIK0000732717-submissions-001.json
2016-10-25,425,0001193125-16-746538,,d272706d425.htm,CIK0000732717-submissions-001.json
2016-10-25,425,0001193125-16-746151,,d275305d425.htm,CIK0000732717-submissions-001.json
2016-10-25,425,0001193125-16-745468,,d225345d425.htm,CIK0000732717-submissions-001.json
2016-10-26,425,0000732717-16-000209,,r425.htm,CIK0000732717-submissions-001.json
2016-10-26,425,0000732717-16-000207,,r425.htm,CIK0000732717-submissions-001.json
2016-10-26,425,0000732717-16-000204,,r425.htm,CIK0000732717-submissions-001.json
2016-10-27,4,0001127602-16-065359,2016-10-25,xslF345X03/form4.xml,CIK0000732717-submissions-001.json
2016-10-27,425,0000732717-16-000214,,r425.htm,CIK0000732717-submissions-001.json
2016-10-27,425,0001193125-16-749785,,d158464d425.htm,CIK0000732717-submissions-001.json
2016-10-27,425,0000732717-16-000211,,r425.htm,CIK0000732717-submissions-001.json
2016-10-28,425,0000732717-16-000222,,r425.htm,CIK0000732717-submissions-001.json
2016-10-28,425,0000732717-16-000220,,r425.htm,CIK0000732717-submissions-001.json
2016-10-28,425,0000732717-16-000218,,r425.htm,CIK0000732717-submissions-001.json
2016-10-28,425,0000732717-16-000217,,r425.htm,CIK0000732717-submissions-001.json
2016-10-31,425,0000732717-16-000226,,r425.htm,CIK0000732717-submissions-001.json
2016-10-31,425,0000732717-16-000224,,r425.htm,CIK0000732717-submissions-001.json
2016-11-02,4,0001127602-16-065916,2016-10-31,xslF345X03/form4.xml,CIK0000732717-submissions-001.json
2016-11-02,4,0001127602-16-065914,2016-10-31,xslF345X03/form4.xml,CIK0000732717-submissions-001.json
2016-11-02,4,0001127602-16-065912,2016-10-31,xslF345X03/form4.xml,CIK0000732717-submissions-001.json
2016-11-02,4,0001127602-16-065911,2016-10-11,xslF345X03/form4.xml,CIK0000732717-submissions-001.json
2016-11-02,4,0001127602-16-065908,2016-10-31,xslF345X03/form4.xml,CIK0000732717-submissions-001.json
2016-11-02,4,0001127602-16-065905,2016-10-07,xslF345X03/form4.xml,CIK0000732717-submissions-001.json
2016-11-02,4,0001127602-16-065904,2016-10-31,xslF345X03/form4.xml,CIK0000732717-submissions-001.json
2016-11-02,4,0001127602-16-065903,2016-10-31,xslF345X03/form4.xml,CIK0000732717-submissions-001.json
2016-11-02,4,0001127602-16-065902,2016-10-31,xslF345X03/form4.xml,CIK0000732717-submissions-001.json
2016-11-02,4,0001127602-16-065901,2016-10-31,xslF345X03/form4.xml,CIK0000732717-submissions-001.json
2016-11-02,4,0001127602-16-065900,2016-10-31,xslF345X03/form4.xml,CIK0000732717-submissions-001.json
2016-11-02,4,0001127602-16-065899,2016-10-31,xslF345X03/form4.xml,CIK0000732717-submissions-001.json
2016-11-02,4,0001127602-16-065898,2016-10-31,xslF345X03/form4.xml,CIK0000732717-submissions-001.json
2016-11-02,4,0001127602-16-065894,2016-10-31,xslF345X03/form4.xml,CIK0000732717-submissions-001.json
2016-11-02,4,0001127602-16-065893,2016-10-31,xslF345X03/form4.xml,CIK0000732717-submissions-001.json
2016-11-02,4,0001127602-16-065892,2016-10-31,xslF345X03/form4.xml,CIK0000732717-submissions-001.json
2016-11-02,4,0001127602-16-065889,2016-10-31,xslF345X03/form4.xml,CIK0000732717-submissions-001.json
2016-11-02,4,0001127602-16-065887,2016-10-31,xslF345X03/form4.xml,CIK0000732717-submissions-001.json
2016-11-02,4,0001127602-16-065886,2016-10-31,xslF345X03/form4.xml,CIK0000732717-submissions-001.json
2016-11-02,4,0001127602-16-065885,2016-10-31,xslF345X03/form4.xml,CIK0000732717-submissions-001.json
2016-11-02,4,0001127602-16-065882,2016-10-31,xslF345X03/form4.xml,CIK0000732717-submissions-001.json
2016-11-03,10-Q,0000732717-16-000233,2016-09-30,q3_10q.htm,CIK0000732717-submissions-001.json
2016-11-07,4,0001127602-16-066229,2016-11-03,xslF345X03/form4.xml,CIK0000732717-submissions-001.json
2016-11-09,425,0000732717-16-000235,,r425.htm,CIK0000732717-submissions-001.json
2016-11-09,S-4,0001193125-16-764532,,d160643ds4.htm,CIK0000732717-submissions-001.json
2016-11-15,8-K,0001193125-16-769052,2016-11-15,d295463d8k.htm,CIK0000732717-submissions-001.json
2016-11-16,424B3,0001193125-16-769892,,d160643d424b3.htm,CIK0000732717-submissions-001.json
2016-11-16,CORRESP,0001193125-16-769540,,filename1.htm,CIK0000732717-submissions-001.json
2016-11-16,EFFECT,9999999995-16-006254,,xslEFFECTX01/primary_doc.xml,CIK0000732717-submissions-001.json
2016-11-16,UPLOAD,0000000000-16-101191,,filename1.pdf,CIK0000732717-submissions-001.json
2016-11-18,S-4,0001193125-16-772336,,d255304ds4.htm,CIK0000732717-submissions-001.json
2016-12-02,4,0001127602-16-069028,2016-11-30,xslF345X03/form4.xml,CIK0000732717-submissions-001.json
2016-12-02,4,0001127602-16-069026,2016-11-30,xslF345X03/form4.xml,CIK0000732717-submissions-001.json
2016-12-02,4,0001127602-16-069025,2016-11-30,xslF345X03/form4.xml,CIK0000732717-submissions-001.json
2016-12-02,4,0001127602-16-069024,2016-11-30,xslF345X03/form4.xml,CIK0000732717-submissions-001.json
2016-12-02,4,0001127602-16-069023,2016-11-30,xslF345X03/form4.xml,CIK0000732717-submissions-001.json
2016-12-02,4,0001127602-16-069021,2016-11-30,xslF345X03/form4.xml,CIK0000732717-submissions-001.json
2016-12-02,4,0001127602-16-069019,2016-11-30,xslF345X03/form4.xml,CIK0000732717-submissions-001.json
2016-12-02,4,0001127602-16-069015,2016-11-30,xslF345X03/form4.xml,CIK0000732717-submissions-001.json
2016-12-02,4,0001127602-16-069013,2016-11-30,xslF345X03/form4.xml,CIK0000732717-submissions-001.json
2016-12-02,4,0001127602-16-069012,2016-11-30,xslF345X03/form4.xml,CIK0000732717-submissions-001.json
2016-12-02,4,0001127602-16-069011,2016-11-30,xslF345X03/form4.xml,CIK0000732717-submissions-001.json
2016-12-02,4,0001127602-16-069010,2016-11-30,xslF345X03/form4.xml,CIK0000732717-submissions-001.json
2016-12-02,4,0001127602-16-069009,2016-11-30,xslF345X03/form4.xml,CIK0000732717-submissions-001.json
2016-12-02,4,0001127602-16-069006,2016-11-30,xslF345X03/form4.xml,CIK0000732717-submissions-001.json
2016-12-02,4,0001127602-16-069004,2016-11-30,xslF345X03/form4.xml,CIK0000732717-submissions-001.json
2016-12-02,8-K,0000732717-16-000238,2016-12-02,form8k.htm,CIK0000732717-submissions-001.json
2016-12-05,425,0000732717-16-000240,,r425.htm,CIK0000732717-submissions-001.json
2016-12-06,425,0000732717-16-000245,,r425.htm,CIK0000732717-submissions-001.json
2016-12-07,425,0000732717-16-000247,,r425.htm,CIK0000732717-submissions-001.json
2016-12-08,425,0000732717-16-000249,,r425.htm,CIK0000732717-submissions-001.json
2016-12-08,8-K,0000732717-16-000251,2016-12-08,delavegaretirement8k.htm,CIK0000732717-submissions-001.json
2016-12-15,425,0000732717-16-000254,,r425.htm,CIK0000732717-submissions-001.json
2016-12-16,4,0001127602-16-070302,2016-12-15,xslF345X03/form4.xml,CIK0000732717-submissions-001.json
2016-12-16,8-K,0000732717-16-000257,2016-12-16,form8k.htm,CIK0000732717-submissions-001.json
2016-12-19,UPLOAD,0000000000-16-105380,,filename1.pdf,CIK0000732717-submissions-001.json
2016-12-23,CORRESP,0001193125-16-803302,,filename1.htm,CIK0000732717-submissions-001.json
2016-12-23,S-4/A,0001193125-16-803298,,d255304ds4a.htm,CIK0000732717-submissions-001.json
2016-12-28,NO ACT,9999999997-17-000927,2016-12-13,9999999997-17-000927.paper,CIK0000732717-submissions-001.json
2017-01-03,425,0001193125-17-000682,,d274308d425.htm,CIK0000732717-submissions-001.json
2017-01-04,4,0001127602-17-000678,2016-12-30,xslF345X03/form4.xml,CIK0000732717-submissions-001.json
2017-01-04,4,0001127602-17-000674,2016-12-30,xslF345X03/form4.xml,CIK0000732717-submissions-001.json
2017-01-04,4,0001127602-17-000669,2016-12-30,xslF345X03/form4.xml,CIK0000732717-submissions-001.json
2017-01-04,4,0001127602-17-000665,2016-12-30,xslF345X03/form4.xml,CIK0000732717-submissions-001.json
2017-01-04,4,0001127602-17-000642,2016-12-30,xslF345X03/form4.xml,CIK0000732717-submissions-001.json
2017-01-04,4,0001127602-17-000628,2016-12-30,xslF345X03/form4.xml,CIK0000732717-submissions-001.json
2017-01-04,4,0001127602-17-000623,2016-12-30,xslF345X03/form4.xml,CIK0000732717-submissions-001.json
2017-01-04,4,0001127602-17-000613,2016-12-30,xslF345X03/form4.xml,CIK0000732717-submissions-001.json
2017-01-04,4,0001127602-17-000607,2016-12-30,xslF345X03/form4.xml,CIK0000732717-submissions-001.json
2017-01-04,4,0001127602-17-000601,2016-12-30,xslF345X03/form4.xml,CIK0000732717-submissions-001.json
2017-01-04,4,0001127602-17-000599,2016-12-30,xslF345X03/form4.xml,CIK0000732717-submissions-001.json
2017-01-04,4,0001127602-17-000595,2016-12-30,xslF345X03/form4.xml,CIK0000732717-submissions-001.json
2017-01-04,4,0001127602-17-000591,2016-12-30,xslF345X03/form4.xml,CIK0000732717-submissions-001.json
2017-01-04,4,0001127602-17-000589,2016-12-30,xslF345X03/form4.xml,CIK0000732717-submissions-001.json
2017-01-04,4,0001127602-17-000583,2016-12-30,xslF345X03/form4.xml,CIK0000732717-submissions-001.json
2017-01-04,NO ACT,9999999997-17-003750,2016-12-08,9999999997-17-003750.paper,CIK0000732717-submissions-001.json
2017-01-05,CORRESP,0001193125-17-003069,,filename1.htm,CIK0000732717-submissions-001.json
2017-01-05,S-4/A,0001193125-17-003062,,d255304ds4a.htm,CIK0000732717-submissions-001.json
2017-01-06,3,0001127602-17-001282,2017-01-01,xslF345X02/form3.xml,CIK0000732717-submissions-001.json
2017-01-06,EFFECT,9999999995-17-000039,,xslEFFECTX01/primary_doc.xml,CIK0000732717-submissions-001.json
2017-01-09,424B3,0001193125-17-005287,,d255304d424b3.htm,CIK0000732717-submissions-001.json
2017-01-13,NO ACT,9999999997-17-003420,2017-01-13,9999999997-17-003420.paper,CIK0000732717-submissions-001.json
2017-01-13,NO ACT,9999999997-17-002221,2016-12-08,9999999997-17-002221.paper,CIK0000732717-submissions-001.json
2017-01-19,SC 13G/A,0000215457-17-001312,,att.inc.txt,CIK0000732717-submissions-001.json
2017-01-20,8-K,0000732717-17-000006,2017-01-20,january20_8k.htm,CIK0000732717-submissions-001.json
2017-01-25,425,0000732717-17-000013,,form425.htm,CIK0000732717-submissions-001.json
2017-01-25,8-K,0000732717-17-000011,2017-01-25,q4earning8k.htm,CIK0000732717-submissions-001.json
2017-01-25,8-K,0000732717-17-000010,2017-01-25,q4earnings801_8k.htm,CIK0000732717-submissions-001.json
2017-01-26,425,0001193125-17-019720,,d328583d425.htm,CIK0000732717-submissions-001.json
2017-01-30,4,0001127602-17-002977,2017-01-26,xslF345X03/form4.xml,CIK0000732717-submissions-001.json
2017-01-30,4,0001127602-17-002976,2017-01-26,xslF345X03/form4.xml,CIK0000732717-submissions-001.json
2017-01-30,4,0001127602-17-002975,2017-01-26,xslF345X03/form4.xml,CIK0000732717-submissions-001.json
2017-01-30,4,0001127602-17-002974,2017-01-26,xslF345X03/form4.xml,CIK0000732717-submissions-001.json
2017-01-30,4,0001127602-17-002972,2017-01-26,xslF345X03/form4.xml,CIK0000732717-submissions-001.json
2017-01-30,4,0001127602-17-002970,2017-01-26,xslF345X03/form4.xml,CIK0000732717-submissions-001.json
2017-01-30,4,0001127602-17-002969,2017-01-26,xslF345X03/form4.xml,CIK0000732717-submissions-001.json
2017-01-30,4,0001127602-17-002968,2017-01-26,xslF345X03/form4.xml,CIK0000732717-submissions-001.json
2017-01-30,4,0001127602-17-002967,2017-01-26,xslF345X03/form4.xml,CIK0000732717-submissions-001.json
2017-01-30,4,0001127602-17-002966,2017-01-26,xslF345X03/form4.xml,CIK0000732717-submissions-001.json
2017-01-30,NO ACT,9999999997-17-001628,2016-12-06,9999999997-17-001628.paper,CIK0000732717-submissions-001.json
2017-01-31,FWP,0001193125-17-025894,,d305641dfwp.htm,CIK0000732717-submissions-001.json
2017-02-02,4,0001127602-17-003720,2017-01-31,xslF345X03/form4.xml,CIK0000732717-submissions-001.json
2017-02-02,4,0001127602-17-003719,2017-01-31,xslF345X03/form4.xml,CIK0000732717-submissions-001.json
2017-02-02,4,0001127602-17-003718,2017-01-31,xslF345X03/form4.xml,CIK0000732717-submissions-001.json
2017-02-02,4,0001127602-17-003717,2017-01-31,xslF345X03/form4.xml,CIK0000732717-submissions-001.json
2017-02-02,4,0001127602-17-003716,2017-01-31,xslF345X03/form4.xml,CIK0000732717-submissions-001.json
2017-02-02,4,0001127602-17-003715,2017-01-31,xslF345X03/form4.xml,CIK0000732717-submissions-001.json
2017-02-02,4,0001127602-17-003713,2017-01-31,xslF345X03/form4.xml,CIK0000732717-submissions-001.json
2017-02-02,4,0001127602-17-003712,2017-01-31,xslF345X03/form4.xml,CIK0000732717-submissions-001.json
2017-02-02,4,0001127602-17-003709,2017-01-31,xslF345X03/form4.xml,CIK0000732717-submissions-001.json
2017-02-02,4,0001127602-17-003708,2017-01-31,xslF345X03/form4.xml,CIK0000732717-submissions-001.json
2017-02-02,4,0001127602-17-003707,2017-01-31,xslF345X03/form4.xml,CIK0000732717-submissions-001.json
2017-02-02,4,0001127602-17-003701,2017-01-31,xslF345X03/form4.xml,CIK0000732717-submissions-001.json
2017-02-02,4,0001127602-17-003699,2017-01-31,xslF345X03/form4.xml,CIK0000732717-submissions-001.json
2017-02-02,4,0001127602-17-003697,2017-01-31,xslF345X03/form4.xml,CIK0000732717-submissions-001.json
2017-02-02,4,0001127602-17-003695,2017-01-31,xslF345X03/form4.xml,CIK0000732717-submissions-001.json
2017-02-02,4,0001127602-17-003691,2017-01-31,xslF345X03/form4.xml,CIK0000732717-submissions-001.json
2017-02-02,4,0001127602-17-003679,2017-01-31,xslF345X03/form4.xml,CIK0000732717-submissions-001.json
2017-02-02,4,0001127602-17-003673,2017-01-31,xslF345X03/form4.xml,CIK0000732717-submissions-001.json
2017-02-02,4,0001127602-17-003670,2017-01-31,xslF345X03/form4.xml,CIK0000732717-submissions-001.json
2017-02-02,4,0001127602-17-003667,2017-01-31,xslF345X03/form4.xml,CIK0000732717-submissions-001.json
2017-02-02,4,0001127602-17-003663,2017-01-31,xslF345X03/form4.xml,CIK0000732717-submissions-001.json
2017-02-02,424B2,0001193125-17-027731,,d305290d424b2.htm,CIK0000732717-submissions-001.json
2017-02-03,424B3,0001193125-17-030892,,d332155d424b3.htm,CIK0000732717-submissions-001.json
2017-02-09,8-K,0001193125-17-036307,2017-02-09,d347425d8k.htm,CIK0000732717-submissions-001.json
2017-02-09,SC 13G/A,0000932471-17-000908,,attinc.htm,CIK0000732717-submissions-001.json
2017-02-14,4/A,0001127602-17-005801,2017-01-26,xslF345X03/form4a.xml,CIK0000732717-submissions-001.json
2017-02-14,4/A,0001127602-17-005795,2017-01-26,xslF345X03/form4a.xml,CIK0000732717-submissions-001.json
2017-02-14,4/A,0001127602-17-005789,2017-01-26,xslF345X03/form4a.xml,CIK0000732717-submissions-001.json
2017-02-14,4/A,0001127602-17-005768,2017-01-26,xslF345X03/form4a.xml,CIK0000732717-submissions-001.json
2017-02-14,4/A,0001127602-17-005751,2017-01-26,xslF345X03/form4a.xml,CIK0000732717-submissions-001.json
2017-02-14,4/A,0001127602-17-005745,2017-01-26,xslF345X03/form4a.xml,CIK0000732717-submissions-001.json
2017-02-14,4/A,0001127602-17-005738,2017-01-26,xslF345X03/form4a.xml,CIK0000732717-submissions-001.json
2017-02-14,4/A,0001127602-17-005730,2017-01-26,xslF345X03/form4a.xml,CIK0000732717-submissions-001.json
2017-02-14,4/A,0001127602-17-005714,2017-01-26,xslF345X03/form4a.xml,CIK0000732717-submissions-001.json
2017-02-17,10-K,0000732717-17-000021,2016-12-31,ye16_10k.htm,CIK0000732717-submissions-001.json
2017-03-01,4,0001127602-17-009277,2017-02-28,xslF345X03/form4.xml,CIK0000732717-submissions-001.json
2017-03-01,4,0001127602-17-009276,2017-02-03,xslF345X03/form4.xml,CIK0000732717-submissions-001.json
2017-03-01,4,0001127602-17-009271,2017-02-28,xslF345X03/form4.xml,CIK0000732717-submissions-001.json
2017-03-01,4,0001127602-17-009270,2017-02-07,xslF345X03/form4.xml,CIK0000732717-submissions-001.json
2017-03-01,4,0001127602-17-009268,2017-02-28,xslF345X03/form4.xml,CIK0000732717-submissions-001.json
2017-03-01,4,0001127602-17-009267,2017-02-28,xslF345X03/form4.xml,CIK0000732717-submissions-001.json
2017-03-01,4,0001127602-17-009265,2017-02-28,xslF345X03/form4.xml,CIK0000732717-submissions-001.json
2017-03-01,4,0001127602-17-009263,2017-02-28,xslF345X03/form4.xml,CIK0000732717-submissions-001.json
2017-03-01,4,0001127602-17-009260,2017-02-28,xslF345X03/form4.xml,CIK0000732717-submissions-001.json
2017-03-01,4,0001127602-17-009255,2017-02-28,xslF345X03/form4.xml,CIK0000732717-submissions-001.json
2017-03-02,424B5,0001193125-17-066184,,d308536d424b5.htm,CIK0000732717-submissions-001.json
2017-03-02,FWP,0001193125-17-066835,,d313162dfwp.htm,CIK0000732717-submissions-001.json
2017-03-03,424B2,0001193125-17-069923,,d308536d424b2.htm,CIK0000732717-submissions-001.json
2017-03-10,4,0001127602-17-011275,2017-03-09,xslF345X03/form4.xml,CIK0000732717-submissions-001.json
2017-03-10,4,0001127602-17-011274,2017-03-09,xslF345X03/form4.xml,CIK0000732717-submissions-001.json
2017-03-10,4,0001127602-17-011273,2017-03-09,xslF345X03/form4.xml,CIK0000732717-submissions-001.json
2017-03-10,4,0001127602-17-011272,2017-03-09,xslF345X03/form4.xml,CIK0000732717-submissions-001.json
2017-03-10,4,0001127602-17-011270,2017-03-09,xslF345X03/form4.xml,CIK0000732717-submissions-001.json
2017-03-10,4,0001127602-17-011268,2017-03-09,xslF345X03/form4.xml,CIK0000732717-submissions-001.json
2017-03-10,4,0001127602-17-011267,2017-03-09,xslF345X03/form4.xml,CIK0000732717-submissions-001.json
2017-03-10,4,0001127602-17-011265,2017-03-09,xslF345X03/form4.xml,CIK0000732717-submissions-001.json
2017-03-10,4,0001127602-17-011263,2017-03-09,xslF345X03/form4.xml,CIK0000732717-submissions-001.json
2017-03-10,DEF 14A,0001193125-17-078651,2017-04-28,d320194ddef14a.htm,CIK0000732717-submissions-001.json
2017-03-10,DEFA14A,0001193125-17-078656,,d320194ddefa14a.htm,CIK0000732717-submissions-001.json
2017-03-21,8-K,0001193125-17-090886,2017-03-21,d307221d8k.htm,CIK0000732717-submissions-001.json
2017-03-24,FWP,0001193125-17-095825,,d290527dfwp.htm,CIK0000732717-submissions-001.json
2017-03-24,FWP,0001193125-17-094119,,d358146dfwp.htm,CIK0000732717-submissions-001.json
2017-03-27,424B2,0001193125-17-097821,,d309064d424b2.htm,CIK0000732717-submissions-001.json
2017-03-28,8-K,0001193125-17-099941,2017-03-28,d367634d8k.htm,CIK0000732717-submissions-001.json
2017-03-30,8-K,0000732717-17-000027,2017-03-30,mar30_8k.htm,CIK0000732717-submissions-001.json
2017-04-03,4,0001127602-17-013596,2017-03-31,xslF345X03/form4.xml,CIK0000732717-submissions-001.json
2017-04-03,4,0001127602-17-013594,2017-03-10,xslF345X03/form4.xml,CIK0000732717-submissions-001.json
2017-04-03,4,0001127602-17-013593,2017-03-31,xslF345X03/form4.xml,CIK0000732717-submissions-001.json
2017-04-03,4,0001127602-17-013592,2017-03-15,xslF345X03/form4.xml,CIK0000732717-submissions-001.json
2017-04-03,4,0001127602-17-013591,2017-03-31,xslF345X03/form4.xml,CIK0000732717-submissions-001.json
2017-04-03,4,0001127602-17-013589,2017-03-31,xslF345X03/form4.xml,CIK0000732717-submissions-001.json
2017-04-03,4,0001127602-17-013588,2017-03-31,xslF345X03/form4.xml,CIK0000732717-submissions-001.json
2017-04-03,4,0001127602-17-013584,2017-03-31,xslF345X03/form4.xml,CIK0000732717-submissions-001.json
2017-04-03,4,0001127602-17-013552,2017-03-31,xslF345X03/form4.xml,CIK0000732717-submissions-001.json
2017-04-03,4,0001127602-17-013551,2017-03-31,xslF345X03/form4.xml,CIK0000732717-submissions-001.json
2017-04-07,UPLOAD,0000000000-17-011968,,filename1.pdf,CIK0000732717-submissions-001.json
2017-04-10,425,0000732717-17-000034,,r425.htm,CIK0000732717-submissions-001.json
2017-04-10,425,0000732717-17-000032,,r425.htm,CIK0000732717-submissions-001.json
2017-04-10,425,0001213900-17-003560,,f8k0417_straightpath.htm,CIK0000732717-submissions-001.json
2017-04-13,8-K,0000732717-17-000039,2017-04-13,apr13_8k.htm,CIK0000732717-submissions-001.json
2017-04-20,CORRESP,0000732717-17-000042,,filename1.htm,CIK0000732717-submissions-001.json
2017-04-25,8-K,0000732717-17-000047,2017-04-25,q1earning8k.htm,CIK0000732717-submissions-001.json
2017-04-25,8-K,0000732717-17-000045,2017-04-25,q1earnings8k_801.htm,CIK0000732717-submissions-001.json
2017-04-26,425,0000732717-17-000049,,r425.htm,CIK0000732717-submissions-001.json
2017-04-26,425,0001193125-17-137067,,d386055d425.htm,CIK0000732717-submissions-001.json
2017-04-26,UPLOAD,0000000000-17-014472,,filename1.pdf,CIK0000732717-submissions-001.json
2017-05-02,25-NSE,0000876661-17-000235,,xslF25X02/primary_doc.xml,CIK0000732717-submissions-001.json
2017-05-02,4,0001127602-17-016222,2017-04-28,xslF345X03/form4.xml,CIK0000732717-submissions-001.json
2017-05-02,4,0001127602-17-016221,2017-04-28,xslF345X03/form4.xml,CIK0000732717-submissions-001.json
2017-05-02,4,0001127602-17-016220,2017-04-28,xslF345X03/form4.xml,CIK0000732717-submissions-001.json
2017-05-02,4,0001127602-17-016219,2017-04-28,xslF345X03/form4.xml,CIK0000732717-submissions-001.json
2017-05-02,4,0001127602-17-016218,2017-04-28,xslF345X03/form4.xml,CIK0000732717-submissions-001.json
2017-05-02,4,0001127602-17-016217,2017-04-28,xslF345X03/form4.xml,CIK0000732717-submissions-001.json
2017-05-02,4,0001127602-17-016216,2017-04-28,xslF345X03/form4.xml,CIK0000732717-submissions-001.json
2017-05-02,4,0001127602-17-016215,2017-04-28,xslF345X03/form4.xml,CIK0000732717-submissions-001.json
2017-05-02,4,0001127602-17-016214,2017-04-28,xslF345X03/form4.xml,CIK0000732717-submissions-001.json
2017-05-02,4,0001127602-17-016213,2017-04-28,xslF345X03/form4.xml,CIK0000732717-submissions-001.json
2017-05-02,4,0001127602-17-016212,2017-04-28,xslF345X03/form4.xml,CIK0000732717-submissions-001.json
2017-05-02,4,0001127602-17-016211,2017-04-28,xslF345X03/form4.xml,CIK0000732717-submissions-001.json
2017-05-02,4,0001127602-17-016210,2017-04-28,xslF345X03/form4.xml,CIK0000732717-submissions-001.json
2017-05-02,4,0001127602-17-016209,2017-04-28,xslF345X03/form4.xml,CIK0000732717-submissions-001.json
2017-05-02,4,0001127602-17-016208,2017-04-28,xslF345X03/form4.xml,CIK0000732717-submissions-001.json
2017-05-02,4,0001127602-17-016207,2017-04-28,xslF345X03/form4.xml,CIK0000732717-submissions-001.json
2017-05-02,4,0001127602-17-016206,2017-04-28,xslF345X03/form4.xml,CIK0000732717-submissions-001.json
2017-05-02,4,0001127602-17-016205,2017-04-28,xslF345X03/form4.xml,CIK0000732717-submissions-001.json
2017-05-02,4,0001127602-17-016203,2017-04-28,xslF345X03/form4.xml,CIK0000732717-submissions-001.json
2017-05-02,4,0001127602-17-016202,2017-04-28,xslF345X03/form4.xml,CIK0000732717-submissions-001.json
2017-05-02,4,0001127602-17-016201,2017-04-28,xslF345X03/form4.xml,CIK0000732717-submissions-001.json
2017-05-02,4,0001127602-17-016200,2017-04-28,xslF345X03/form4.xml,CIK0000732717-submissions-001.json
2017-05-04,10-Q,0000732717-17-000055,2017-03-31,q1_10q.htm,CIK0000732717-submissions-001.json
2017-05-04,8-K,0000732717-17-000056,2017-04-28,votingresults.htm,CIK0000732717-submissions-001.json
2017-05-11,425,0000732717-17-000062,,may11_8k.htm,CIK0000732717-submissions-001.json
2017-05-11,8-K,0000732717-17-000061,2017-05-11,may11_8k.htm,CIK0000732717-submissions-001.json
2017-05-16,FWP,0001193125-17-171841,,d400254dfwp.htm,CIK0000732717-submissions-001.json
2017-05-17,424B5,0001193125-17-173220,,d358056d424b5.htm,CIK0000732717-submissions-001.json
2017-05-18,424B2,0001193125-17-175350,,d388780d424b2.htm,CIK0000732717-submissions-001.json
2017-05-18,FWP,0001193125-17-174065,,d401906dfwp.htm,CIK0000732717-submissions-001.json
2017-05-19,424B2,0001193125-17-176767,,d358056d424b2.htm,CIK0000732717-submissions-001.json
2017-05-19,8-K,0001193125-17-176717,2017-05-19,d375729d8k.htm,CIK0000732717-submissions-001.json
2017-05-30,8-K,0001193125-17-187506,2017-05-30,d382216d8k.htm,CIK0000732717-submissions-001.json
2017-06-02,4,0001127602-17-020313,2017-05-31,xslF345X03/form4.xml,CIK0000732717-submissions-001.json
2017-06-02,4,0001127602-17-020307,2017-05-31,xslF345X03/form4.xml,CIK0000732717-submissions-001.json
2017-06-02,4,0001127602-17-020298,2017-05-31,xslF345X03/form4.xml,CIK0000732717-submissions-001.json
2017-06-02,4,0001127602-17-020292,2017-05-31,xslF345X03/form4.xml,CIK0000732717-submissions-001.json
2017-06-02,4,0001127602-17-020288,2017-05-31,xslF345X03/form4.xml,CIK0000732717-submissions-001.json
2017-06-02,4,0001127602-17-020285,2017-05-31,xslF345X03/form4.xml,CIK0000732717-submissions-001.json
2017-06-02,4,0001127602-17-020282,2017-05-31,xslF345X03/form4.xml,CIK0000732717-submissions-001.json
2017-06-02,4,0001127602-17-020278,2017-05-31,xslF345X03/form4.xml,CIK0000732717-submissions-001.json
2017-06-02,4,0001127602-17-020274,2017-05-31,xslF345X03/form4.xml,CIK0000732717-submissions-001.json
2017-06-02,4,0001127602-17-020271,2017-05-31,xslF345X03/form4.xml,CIK0000732717-submissions-001.json
2017-06-07,424B5,0001193125-17-196463,,d268481d424b5.htm,CIK0000732717-submissions-001.json
2017-06-07,FWP,0001193125-17-197053,,d409473dfwp.htm,CIK0000732717-submissions-001.json
2017-06-09,424B2,0001193125-17-200208,,d268481d424b2.htm,CIK0000732717-submissions-001.json
2017-06-14,424B5,0001193125-17-202893,,d398484d424b5.htm,CIK0000732717-submissions-001.json
2017-06-14,FWP,0001193125-17-203377,,d394320dfwp.htm,CIK0000732717-submissions-001.json
2017-06-15,424B2,0001193125-17-204781,,d398484d424b2.htm,CIK0000732717-submissions-001.json
2017-06-19,15-12B,0000732717-17-000066,,form15_directv401k.htm,CIK0000732717-submissions-001.json
2017-06-21,8-A12B,0001193125-17-209485,,d358932d8a12b.htm,CIK0000732717-submissions-001.json
2017-06-21,8-A12B,0001193125-17-209486,,d397779d8a12b.htm,CIK0000732717-submissions-001.json
2017-06-21,8-K,0001193125-17-209463,2017-06-21,d239532d8k.htm,CIK0000732717-submissions-001.json
2017-06-21,8-K,0001193125-17-209481,2017-06-21,d397763d8k.htm,CIK0000732717-submissions-001.json
2017-06-22,11-K,0000732717-17-000069,2016-12-31,assp_11k.htm,CIK0000732717-submissions-001.json
2017-06-22,11-K,0000732717-17-000070,2016-12-31,blsssp_11k.htm,CIK0000732717-submissions-001.json
2017-06-22,11-K,0000732717-17-000071,2016-12-31,arsp_11k.htm,CIK0000732717-submissions-001.json
2017-06-22,11-K,0000732717-17-000072,2016-12-31,aprrsp_11k.htm,CIK0000732717-submissions-001.json
2017-06-26,CERTNYS,9999999997-17-007275,,9999999997-17-007275.paper,CIK0000732717-submissions-001.json
2017-06-26,CERTNYS,9999999997-17-007269,,9999999997-17-007269.paper,CIK0000732717-submissions-001.json
2017-07-03,4,0001127602-17-022557,2017-06-30,xslF345X03/form4.xml,CIK0000732717-submissions-001.json
2017-07-03,4,0001127602-17-022556,2017-06-30,xslF345X03/form4.xml,CIK0000732717-submissions-001.json
2017-07-03,4,0001127602-17-022554,2017-06-30,xslF345X03/form4.xml,CIK0000732717-submissions-001.json
2017-07-03,4,0001127602-17-022553,2017-06-30,xslF345X03/form4.xml,CIK0000732717-submissions-001.json
2017-07-03,4,0001127602-17-022551,2017-06-30,xslF345X03/form4.xml,CIK0000732717-submissions-001.json
2017-07-03,4,0001127602-17-022550,2017-06-30,xslF345X03/form4.xml,CIK0000732717-submissions-001.json
2017-07-03,4,0001127602-17-022549,2017-06-30,xslF345X03/form4.xml,CIK0000732717-submissions-001.json
2017-07-03,4,0001127602-17-022548,2017-06-30,xslF345X03/form4.xml,CIK0000732717-submissions-001.json
2017-07-03,4,0001127602-17-022547,2017-06-30,xslF345X03/form4.xml,CIK0000732717-submissions-001.json
2017-07-03,4,0001127602-17-022546,2017-06-30,xslF345X03/form4.xml,CIK0000732717-submissions-001.json
2017-07-25,8-K,0000732717-17-000077,2017-07-25,q2earning8k.htm,CIK0000732717-submissions-001.json
2017-07-25,8-K,0000732717-17-000076,2017-07-25,q2earnings801_8k.htm,CIK0000732717-submissions-001.json
2017-07-27,424B5,0001193125-17-237441,,d421238d424b5.htm,CIK0000732717-submissions-001.json
2017-07-28,FWP,0001193125-17-238781,,d432335dfwp.htm,CIK0000732717-submissions-001.json
2017-07-31,424B2,0001193125-17-242514,,d421238d424b2.htm,CIK0000732717-submissions-001.json
2017-08-01,4,0001127602-17-024526,2017-07-31,xslF345X03/form4.xml,CIK0000732717-submissions-001.json
2017-08-02,4,0001127602-17-024812,2017-07-31,xslF345X03/form4.xml,CIK0000732717-submissions-001.json
2017-08-02,4,0001127602-17-024811,2017-07-31,xslF345X03/form4.xml,CIK0000732717-submissions-001.json
2017-08-02,4,0001127602-17-024810,2017-07-31,xslF345X03/form4.xml,CIK0000732717-submissions-001.json
2017-08-02,4,0001127602-17-024809,2017-07-31,xslF345X03/form4.xml,CIK0000732717-submissions-001.json
2017-08-02,4,0001127602-17-024808,2017-07-31,xslF345X03/form4.xml,CIK0000732717-submissions-001.json
2017-08-02,4,0001127602-17-024806,2017-07-31,xslF345X03/form4.xml,CIK0000732717-submissions-001.json
2017-08-02,4,0001127602-17-024805,2017-07-31,xslF345X03/form4.xml,CIK0000732717-submissions-001.json
2017-08-02,4,0001127602-17-024804,2017-07-31,xslF345X03/form4.xml,CIK0000732717-submissions-001.json
2017-08-02,4,0001127602-17-024803,2017-07-31,xslF345X03/form4.xml,CIK0000732717-submissions-001.json
2017-08-02,4,0001127602-17-024800,2017-07-31,xslF345X03/form4.xml,CIK0000732717-submissions-001.json
2017-08-02,4,0001127602-17-024799,2017-07-31,xslF345X03/form4.xml,CIK0000732717-submissions-001.json
2017-08-02,4,0001127602-17-024798,2017-07-31,xslF345X03/form4.xml,CIK0000732717-submissions-001.json
2017-08-02,4,0001127602-17-024797,2017-07-31,xslF345X03/form4.xml,CIK0000732717-submissions-001.json
2017-08-02,4,0001127602-17-024795,2017-07-31,xslF345X03/form4.xml,CIK0000732717-submissions-001.json
2017-08-02,4,0001127602-17-024794,2017-07-31,xslF345X03/form4.xml,CIK0000732717-submissions-001.json
2017-08-02,4,0001127602-17-024792,2017-07-31,xslF345X03/form4.xml,CIK0000732717-submissions-001.json
2017-08-02,4,0001127602-17-024791,2017-07-31,xslF345X03/form4.xml,CIK0000732717-submissions-001.json
2017-08-02,4,0001127602-17-024790,2017-07-31,xslF345X03/form4.xml,CIK0000732717-submissions-001.json
2017-08-02,4,0001127602-17-024786,2017-07-31,xslF345X03/form4.xml,CIK0000732717-submissions-001.json
2017-08-02,4,0001127602-17-024784,2017-07-31,xslF345X03/form4.xml,CIK0000732717-submissions-001.json
2017-08-02,4,0001127602-17-024778,2017-07-31,xslF345X03/form4.xml,CIK0000732717-submissions-001.json
2017-08-03,10-Q,0000732717-17-000080,2017-06-30,q2_10q.htm,CIK0000732717-submissions-001.json
2017-08-07,8-K,0001193125-17-250042,2017-08-07,d338969d8k.htm,CIK0000732717-submissions-001.json
2017-08-07,8-K,0001193125-17-249426,2017-08-07,d413690d8k.htm,CIK0000732717-submissions-001.json
2017-08-08,4/A,0001127602-17-025240,2017-07-31,xslF345X03/form4a.xml,CIK0000732717-submissions-001.json
2017-09-01,8-K,0001193125-17-275650,2017-09-01,d452259d8k.htm,CIK0000732717-submissions-001.json
2017-09-05,4,0001127602-17-026971,2017-08-31,xslF345X03/form4.xml,CIK0000732717-submissions-001.json
2017-09-05,4,0001127602-17-026969,2017-08-31,xslF345X03/form4.xml,CIK0000732717-submissions-001.json
2017-09-05,4,0001127602-17-026968,2017-08-31,xslF345X03/form4.xml,CIK0000732717-submissions-001.json
2017-09-05,4,0001127602-17-026967,2017-08-31,xslF345X03/form4.xml,CIK0000732717-submissions-001.json
2017-09-05,4,0001127602-17-026963,2017-08-31,xslF345X03/form4.xml,CIK0000732717-submissions-001.json
2017-09-05,4,0001127602-17-026962,2017-08-31,xslF345X03/form4.xml,CIK0000732717-submissions-001.json
2017-09-05,4,0001127602-17-026961,2017-08-31,xslF345X03/form4.xml,CIK0000732717-submissions-001.json
2017-09-05,4,0001127602-17-026960,2017-08-31,xslF345X03/form4.xml,CIK0000732717-submissions-001.json
2017-09-05,4,0001127602-17-026959,2017-08-31,xslF345X03/form4.xml,CIK0000732717-submissions-001.json
2017-09-29,4,0001127602-17-028512,2017-09-28,xslF345X03/form4.xml,CIK0000732717-submissions-001.json
2017-09-29,4,0001127602-17-028511,2017-09-28,xslF345X03/form4.xml,CIK0000732717-submissions-001.json
2017-10-03,3,0001127602-17-028980,2017-09-30,xslF345X02/form3.xml,CIK0000732717-submissions-001.json
2017-10-03,4,0001127602-17-028985,2017-09-30,xslF345X03/form4.xml,CIK0000732717-submissions-001.json
2017-10-03,4,0001127602-17-028968,2017-09-29,xslF345X03/form4.xml,CIK0000732717-submissions-001.json
2017-10-03,4,0001127602-17-028964,2017-09-29,xslF345X03/form4.xml,CIK0000732717-submissions-001.json
2017-10-03,4,0001127602-17-028962,2017-09-29,xslF345X03/form4.xml,CIK0000732717-submissions-001.json
2017-10-03,4,0001127602-17-028959,2017-09-29,xslF345X03/form4.xml,CIK0000732717-submissions-001.json
2017-10-03,4,0001127602-17-028958,2017-09-29,xslF345X03/form4.xml,CIK0000732717-submissions-001.json
2017-10-03,4,0001127602-17-028955,2017-09-29,xslF345X03/form4.xml,CIK0000732717-submissions-001.json
2017-10-03,4,0001127602-17-028948,2017-09-29,xslF345X03/form4.xml,CIK0000732717-submissions-001.json
2017-10-03,4,0001127602-17-028943,2017-09-29,xslF345X03/form4.xml,CIK0000732717-submissions-001.json
2017-10-03,4,0001127602-17-028940,2017-09-29,xslF345X03/form4.xml,CIK0000732717-submissions-001.json
2017-10-03,4/A,0001127602-17-028953,2017-09-28,xslF345X03/form4a.xml,CIK0000732717-submissions-001.json
2017-10-04,8-K,0000732717-17-000084,2017-10-03,serpamendment8k.htm,CIK0000732717-submissions-001.json
2017-10-11,8-K,0000732717-17-000086,2017-10-11,oct_11.htm,CIK0000732717-submissions-001.json
2017-10-23,8-K,0000732717-17-000090,2017-10-20,form8k.htm,CIK0000732717-submissions-001.json
2017-10-24,8-K,0000732717-17-000094,2017-10-24,q3earnings8k.htm,CIK0000732717-submissions-001.json
2017-10-24,8-K,0000732717-17-000093,2017-10-24,q3earnings8k_801.htm,CIK0000732717-submissions-001.json
2017-10-25,424B5,0001193125-17-318558,,d482049d424b5.htm,CIK0000732717-submissions-001.json
2017-10-25,FWP,0001193125-17-319471,,d477613dfwp.htm,CIK0000732717-submissions-001.json
2017-10-26,4,0001127602-17-030324,2017-10-25,xslF345X03/form4.xml,CIK0000732717-submissions-001.json
2017-10-26,424B2,0001193125-17-321372,,d482049d424b2.htm,CIK0000732717-submissions-001.json
2017-10-27,8-A12B,0001193125-17-322282,,d487714d8a12b.htm,CIK0000732717-submissions-001.json
2017-10-27,8-K,0001193125-17-322266,2017-10-27,d481335d8k.htm,CIK0000732717-submissions-001.json
2017-10-30,8-K,0001193125-17-325158,2017-10-30,d486601d8k.htm,CIK0000732717-submissions-001.json
2017-10-30,8-K,0000732717-17-000096,2017-10-30,oct_30.htm,CIK0000732717-submissions-001.json
2017-11-02,4,0001127602-17-031017,2017-10-31,xslF345X03/form4.xml,CIK0000732717-submissions-001.json
2017-11-02,4,0001127602-17-031016,2017-10-31,xslF345X03/form4.xml,CIK0000732717-submissions-001.json
2017-11-02,4,0001127602-17-031014,2017-10-31,xslF345X03/form4.xml,CIK0000732717-submissions-001.json
2017-11-02,4,0001127602-17-031013,2017-10-31,xslF345X03/form4.xml,CIK0000732717-submissions-001.json
2017-11-02,4,0001127602-17-031012,2017-10-31,xslF345X03/form4.xml,CIK0000732717-submissions-001.json
2017-11-02,4,0001127602-17-031011,2017-10-31,xslF345X03/form4.xml,CIK0000732717-submissions-001.json
2017-11-02,4,0001127602-17-031008,2017-10-31,xslF345X03/form4.xml,CIK0000732717-submissions-001.json
2017-11-02,4,0001127602-17-031005,2017-10-31,xslF345X03/form4.xml,CIK0000732717-submissions-001.json
2017-11-02,4,0001127602-17-031002,2017-10-31,xslF345X03/form4.xml,CIK0000732717-submissions-001.json
2017-11-02,4,0001127602-17-030999,2017-10-31,xslF345X03/form4.xml,CIK0000732717-submissions-001.json
2017-11-02,4,0001127602-17-030998,2017-10-31,xslF345X03/form4.xml,CIK0000732717-submissions-001.json
2017-11-02,4,0001127602-17-030997,2017-10-31,xslF345X03/form4.xml,CIK0000732717-submissions-001.json
2017-11-02,4,0001127602-17-030993,2017-10-31,xslF345X03/form4.xml,CIK0000732717-submissions-001.json
2017-11-02,4,0001127602-17-030990,2017-10-31,xslF345X03/form4.xml,CIK0000732717-submissions-001.json
2017-11-02,4,0001127602-17-030988,2017-10-31,xslF345X03/form4.xml,CIK0000732717-submissions-001.json
2017-11-02,4,0001127602-17-030987,2017-10-31,xslF345X03/form4.xml,CIK0000732717-submissions-001.json
2017-11-02,4,0001127602-17-030986,2017-10-31,xslF345X03/form4.xml,CIK0000732717-submissions-001.json
2017-11-02,4,0001127602-17-030985,2017-10-31,xslF345X03/form4.xml,CIK0000732717-submissions-001.json
2017-11-02,4,0001127602-17-030984,2017-10-31,xslF345X03/form4.xml,CIK0000732717-submissions-001.json
2017-11-02,4,0001127602-17-030980,2017-10-31,xslF345X03/form4.xml,CIK0000732717-submissions-001.json
2017-11-02,4,0001127602-17-030974,2017-10-31,xslF345X03/form4.xml,CIK0000732717-submissions-001.json
2017-11-02,4/A,0001127602-17-030966,2017-09-30,xslF345X03/form4a.xml,CIK0000732717-submissions-001.json
2017-11-02,4/A,0001127602-17-030965,2017-09-28,xslF345X03/form4a.xml,CIK0000732717-submissions-001.json
2017-11-02,8-K,0001193125-17-330433,2017-11-02,d445193d8k.htm,CIK0000732717-submissions-001.json
2017-11-02,CERTNYS,9999999997-17-009698,,9999999997-17-009698.paper,CIK0000732717-submissions-001.json
2017-11-03,10-Q,0000732717-17-000101,2017-09-30,q3_10q.htm,CIK0000732717-submissions-001.json
2017-11-13,8-K,0001193125-17-341083,2017-11-13,d479181d8k.htm,CIK0000732717-submissions-001.json
2017-11-15,4,0001127602-17-032259,2017-10-25,xslF345X03/form4.xml,CIK0000732717-submissions-001.json
2017-11-15,4,0001127602-17-032258,2017-04-26,xslF345X03/form4.xml,CIK0000732717-submissions-001.json
2017-11-16,8-K,0001193125-17-345669,2017-11-16,d470147d8k.htm,CIK0000732717-submissions-001.json
2017-11-28,8-K,0000732717-17-000105,2017-11-27,form8k.htm,CIK0000732717-submissions-001.json
2017-11-29,8-K,0001193125-17-355670,2017-11-29,d499688d8k.htm,CIK0000732717-submissions-001.json
2017-12-04,4,0001127602-17-033808,2017-11-30,xslF345X03/form4.xml,CIK0000732717-submissions-001.json
2017-12-04,4,0001127602-17-033807,2017-11-30,xslF345X03/form4.xml,CIK0000732717-submissions-001.json
2017-12-04,4,0001127602-17-033804,2017-11-30,xslF345X03/form4.xml,CIK0000732717-submissions-001.json
2017-12-04,4,0001127602-17-033803,2017-11-30,xslF345X03/form4.xml,CIK0000732717-submissions-001.json
2017-12-04,4,0001127602-17-033802,2017-11-30,xslF345X03/form4.xml,CIK0000732717-submissions-001.json
2017-12-04,4,0001127602-17-033801,2017-11-30,xslF345X03/form4.xml,CIK0000732717-submissions-001.json
2017-12-04,4,0001127602-17-033800,2017-11-30,xslF345X03/form4.xml,CIK0000732717-submissions-001.json
2017-12-04,4,0001127602-17-033799,2017-11-30,xslF345X03/form4.xml,CIK0000732717-submissions-001.json
2017-12-04,4,0001127602-17-033798,2017-11-30,xslF345X03/form4.xml,CIK0000732717-submissions-001.json
2017-12-04,8-K,0001193125-17-359462,2017-12-04,d486710d8k.htm,CIK0000732717-submissions-001.json
2017-12-04,8-K,0001193125-17-359447,2017-12-04,d469906d8k.htm,CIK0000732717-submissions-001.json
2017-12-22,8-K,0000732717-17-000111,2017-12-21,form8k.htm,CIK0000732717-submissions-001.json
2018-01-03,4,0001127602-18-000686,2017-12-29,xslF345X03/form4.xml,CIK0000732717-submissions-001.json
2018-01-03,4,0001127602-18-000660,2017-12-29,xslF345X03/form4.xml,CIK0000732717-submissions-001.json
2018-01-03,4,0001127602-18-000639,2017-12-29,xslF345X03/form4.xml,CIK0000732717-submissions-001.json
2018-01-03,4,0001127602-18-000636,2017-12-29,xslF345X03/form4.xml,CIK0000732717-submissions-001.json
2018-01-03,4,0001127602-18-000633,2017-12-29,xslF345X03/form4.xml,CIK0000732717-submissions-001.json
2018-01-03,4,0001127602-18-000628,2017-12-29,xslF345X03/form4.xml,CIK0000732717-submissions-001.json
2018-01-03,4,0001127602-18-000625,2017-12-29,xslF345X03/form4.xml,CIK0000732717-submissions-001.json
2018-01-03,4,0001127602-18-000621,2017-12-29,xslF345X03/form4.xml,CIK0000732717-submissions-001.json
2018-01-03,4,0001127602-18-000614,2017-12-29,xslF345X03/form4.xml,CIK0000732717-submissions-001.json
2018-01-31,8-K,0000732717-18-000003,2017-12-31,q4earnings8k.htm,CIK0000732717-submissions-001.json
2018-01-31,8-K,0000732717-18-000002,2017-12-31,q4earnings8k_801.htm,CIK0000732717-submissions-001.json
2018-02-01,4,0001127602-18-003434,2018-01-30,xslF345X03/form4.xml,CIK0000732717-submissions-001.json
2018-02-01,4,0001127602-18-003433,2018-01-30,xslF345X03/form4.xml,CIK0000732717-submissions-001.json
2018-02-01,4,0001127602-18-003432,2018-01-30,xslF345X03/form4.xml,CIK0000732717-submissions-001.json
2018-02-01,4,0001127602-18-003431,2018-01-30,xslF345X03/form4.xml,CIK0000732717-submissions-001.json
2018-02-01,4,0001127602-18-003430,2018-01-30,xslF345X03/form4.xml,CIK0000732717-submissions-001.json
2018-02-01,4,0001127602-18-003429,2018-01-30,xslF345X03/form4.xml,CIK0000732717-submissions-001.json
2018-02-01,4,0001127602-18-003428,2018-01-30,xslF345X03/form4.xml,CIK0000732717-submissions-001.json
2018-02-01,4,0001127602-18-003425,2018-01-30,xslF345X03/form4.xml,CIK0000732717-submissions-001.json
2018-02-01,4,0001127602-18-003422,2018-01-30,xslF345X03/form4.xml,CIK0000732717-submissions-001.json
2018-02-02,4,0001127602-18-003606,2018-01-31,xslF345X03/form4.xml,CIK0000732717-submissions-001.json
2018-02-02,4,0001127602-18-003605,2018-01-31,xslF345X03/form4.xml,CIK0000732717-submissions-001.json
2018-02-02,4,0001127602-18-003603,2018-01-31,xslF345X03/form4.xml,CIK0000732717-submissions-001.json
2018-02-02,4,0001127602-18-003602,2018-01-31,xslF345X03/form4.xml,CIK0000732717-submissions-001.json
2018-02-02,4,0001127602-18-003600,2018-01-31,xslF345X03/form4.xml,CIK0000732717-submissions-001.json
2018-02-02,4,0001127602-18-003598,2018-01-31,xslF345X03/form4.xml,CIK0000732717-submissions-001.json
2018-02-02,4,0001127602-18-003597,2018-01-31,xslF345X03/form4.xml,CIK0000732717-submissions-001.json
2018-02-02,4,0001127602-18-003596,2018-01-31,xslF345X03/form4.xml,CIK0000732717-submissions-001.json
2018-02-02,4,0001127602-18-003594,2018-01-31,xslF345X03/form4.xml,CIK0000732717-submissions-001.json
2018-02-02,4,0001127602-18-003592,2018-01-31,xslF345X03/form4.xml,CIK0000732717-submissions-001.json
2018-02-02,4,0001127602-18-003591,2018-01-31,xslF345X03/form4.xml,CIK0000732717-submissions-001.json
2018-02-02,4,0001127602-18-003590,2018-01-31,xslF345X03/form4.xml,CIK0000732717-submissions-001.json
2018-02-02,4,0001127602-18-003588,2018-01-31,xslF345X03/form4.xml,CIK0000732717-submissions-001.json
2018-02-02,4,0001127602-18-003585,2018-01-31,xslF345X03/form4.xml,CIK0000732717-submissions-001.json
2018-02-02,4,0001127602-18-003580,2018-01-31,xslF345X03/form4.xml,CIK0000732717-submissions-001.json
2018-02-02,4,0001127602-18-003578,2018-01-31,xslF345X03/form4.xml,CIK0000732717-submissions-001.json
2018-02-02,4,0001127602-18-003575,2018-01-31,xslF345X03/form4.xml,CIK0000732717-submissions-001.json
2018-02-02,4,0001127602-18-003573,2018-01-31,xslF345X03/form4.xml,CIK0000732717-submissions-001.json
2018-02-02,4,0001127602-18-003571,2018-01-31,xslF345X03/form4.xml,CIK0000732717-submissions-001.json
2018-02-02,4,0001127602-18-003566,2018-01-31,xslF345X03/form4.xml,CIK0000732717-submissions-001.json
2018-02-02,4,0001127602-18-003564,2018-01-31,xslF345X03/form4.xml,CIK0000732717-submissions-001.json
2018-02-02,4,0001127602-18-003562,2018-01-31,xslF345X03/form4.xml,CIK0000732717-submissions-001.json
2018-02-02,8-K,0000732717-18-000005,2018-02-01,form8k.htm,CIK0000732717-submissions-001.json
2018-02-05,4,0001127602-18-004122,2018-02-01,xslF345X03/form4.xml,CIK0000732717-submissions-001.json
2018-02-05,4,0001127602-18-004117,2018-02-01,xslF345X03/form4.xml,CIK0000732717-submissions-001.json
2018-02-05,4,0001127602-18-004116,2018-02-01,xslF345X03/form4.xml,CIK0000732717-submissions-001.json
2018-02-05,4,0001127602-18-004115,2018-02-01,xslF345X03/form4.xml,CIK0000732717-submissions-001.json
2018-02-05,4,0001127602-18-004112,2018-02-01,xslF345X03/form4.xml,CIK0000732717-submissions-001.json
2018-02-05,4,0001127602-18-004110,2018-02-01,xslF345X03/form4.xml,CIK0000732717-submissions-001.json
2018-02-05,4,0001127602-18-004109,2018-02-01,xslF345X03/form4.xml,CIK0000732717-submissions-001.json
2018-02-05,4,0001127602-18-004108,2018-02-01,xslF345X03/form4.xml,CIK0000732717-submissions-001.json
2018-02-05,4,0001127602-18-004107,2018-02-01,xslF345X03/form4.xml,CIK0000732717-submissions-001.json
2018-02-05,4,0001127602-18-004104,2018-02-01,xslF345X03/form4.xml,CIK0000732717-submissions-001.json
2018-02-05,8-K,0001193125-18-031061,2018-02-02,d513343d8k.htm,CIK0000732717-submissions-001.json
2018-02-06,4,0001127602-18-004307,2018-02-05,xslF345X03/form4.xml,CIK0000732717-submissions-001.json
2018-02-08,SC 13G/A,0000932471-18-003087,,attinc.htm,CIK0000732717-submissions-001.json
2018-02-08,SC 13G/A,0000215457-18-005218,,us00206r1023_012418.txt,CIK0000732717-submissions-001.json
2018-02-12,4,0001127602-18-005219,2018-02-09,xslF345X03/form4.xml,CIK0000732717-submissions-001.json
2018-02-15,8-K,0001193125-18-046388,2018-02-15,d517501d8k.htm,CIK0000732717-submissions-001.json
2018-02-20,10-K,0000732717-18-000009,2017-12-31,ye17_10k.htm,CIK0000732717-submissions-001.json
2018-02-23,4/A,0001127602-18-007940,2018-02-01,xslF345X03/form4a.xml,CIK0000732717-submissions-001.json
2018-02-23,4/A,0001127602-18-007937,2018-02-01,xslF345X03/form4a.xml,CIK0000732717-submissions-001.json
2018-02-23,4/A,0001127602-18-007932,2018-02-01,xslF345X03/form4a.xml,CIK0000732717-submissions-001.json
2018-02-23,4/A,0001127602-18-007928,2018-02-01,xslF345X03/form4a.xml,CIK0000732717-submissions-001.json
2018-02-23,4/A,0001127602-18-007923,2018-02-01,xslF345X03/form4a.xml,CIK0000732717-submissions-001.json
2018-02-23,4/A,0001127602-18-007922,2018-02-01,xslF345X03/form4a.xml,CIK0000732717-submissions-001.json
2018-02-23,4/A,0001127602-18-007921,2018-02-01,xslF345X03/form4a.xml,CIK0000732717-submissions-001.json
2018-02-23,8-K,0001193125-18-055006,2018-02-23,d510873d8k.htm,CIK0000732717-submissions-001.json
2018-02-27,8-K,0001193125-18-060468,2018-02-27,d536563d8k.htm,CIK0000732717-submissions-001.json
2018-03-02,4,0001127602-18-009771,2018-02-28,xslF345X03/form4.xml,CIK0000732717-submissions-001.json
2018-03-02,4,0001127602-18-009767,2018-02-28,xslF345X03/form4.xml,CIK0000732717-submissions-001.json
2018-03-02,4,0001127602-18-009766,2018-02-28,xslF345X03/form4.xml,CIK0000732717-submissions-001.json
2018-03-02,4,0001127602-18-009765,2018-02-28,xslF345X03/form4.xml,CIK0000732717-submissions-001.json
2018-03-02,4,0001127602-18-009764,2018-02-28,xslF345X03/form4.xml,CIK0000732717-submissions-001.json
2018-03-02,4,0001127602-18-009763,2018-02-28,xslF345X03/form4.xml,CIK0000732717-submissions-001.json
2018-03-02,4,0001127602-18-009762,2018-02-05,xslF345X03/form4.xml,CIK0000732717-submissions-001.json
2018-03-02,4,0001127602-18-009761,2018-02-02,xslF345X03/form4.xml,CIK0000732717-submissions-001.json
2018-03-02,4,0001127602-18-009760,2018-02-28,xslF345X03/form4.xml,CIK0000732717-submissions-001.json
2018-03-02,4,0001127602-18-009759,2018-02-28,xslF345X03/form4.xml,CIK0000732717-submissions-001.json
2018-03-12,8-K,0001193125-18-078218,2018-03-09,d468089d8k.htm,CIK0000732717-submissions-001.json
2018-03-12,DEF 14A,0001193125-18-079415,2018-04-27,d471421ddef14a.htm,CIK0000732717-submissions-001.json
2018-03-12,DEFA14A,0001193125-18-079429,,d471421ddefa14a.htm,CIK0000732717-submissions-001.json
2018-03-13,4,0001127602-18-011464,2018-03-09,xslF345X03/form4.xml,CIK0000732717-submissions-001.json
2018-03-13,4,0001127602-18-011463,2018-03-09,xslF345X03/form4.xml,CIK0000732717-submissions-001.json
2018-03-13,4,0001127602-18-011462,2018-03-09,xslF345X03/form4.xml,CIK0000732717-submissions-001.json
2018-03-13,4,0001127602-18-011461,2018-03-09,xslF345X03/form4.xml,CIK0000732717-submissions-001.json
2018-03-13,4,0001127602-18-011459,2018-03-09,xslF345X03/form4.xml,CIK0000732717-submissions-001.json
2018-03-13,4,0001127602-18-011457,2018-03-09,xslF345X03/form4.xml,CIK0000732717-submissions-001.json
2018-03-13,4,0001127602-18-011456,2018-03-09,xslF345X03/form4.xml,CIK0000732717-submissions-001.json
2018-03-13,4,0001127602-18-011454,2018-03-09,xslF345X03/form4.xml,CIK0000732717-submissions-001.json
2018-03-22,8-K,0000732717-18-000011,2018-03-22,march22_8k.htm,CIK0000732717-submissions-001.json
2018-03-29,8-K,0001193125-18-100757,2018-03-29,d524946d8k.htm,CIK0000732717-submissions-001.json
2018-04-02,4,0001127602-18-013388,2018-03-30,xslF345X03/form4.xml,CIK0000732717-submissions-001.json
2018-04-02,4,0001127602-18-013387,2018-03-30,xslF345X03/form4.xml,CIK0000732717-submissions-001.json
2018-04-02,4,0001127602-18-013383,2018-03-12,xslF345X03/form4.xml,CIK0000732717-submissions-001.json
2018-04-02,4,0001127602-18-013380,2018-03-30,xslF345X03/form4.xml,CIK0000732717-submissions-001.json
2018-04-02,4,0001127602-18-013377,2018-03-30,xslF345X03/form4.xml,CIK0000732717-submissions-001.json
2018-04-02,4,0001127602-18-013374,2018-03-30,xslF345X03/form4.xml,CIK0000732717-submissions-001.json
2018-04-02,4,0001127602-18-013369,2018-03-14,xslF345X03/form4.xml,CIK0000732717-submissions-001.json
2018-04-02,4,0001127602-18-013366,2018-03-30,xslF345X03/form4.xml,CIK0000732717-submissions-001.json
2018-04-02,4,0001127602-18-013364,2018-03-30,xslF345X03/form4.xml,CIK0000732717-submissions-001.json
2018-04-02,4,0001127602-18-013362,2018-03-30,xslF345X03/form4.xml,CIK0000732717-submissions-001.json
2018-04-02,DEFA14A,0000732717-18-000014,,defa14a.htm,CIK0000732717-submissions-001.json
2018-04-06,8-K,0001193125-18-109323,2018-04-06,d755061d8k.htm,CIK0000732717-submissions-001.json
2018-04-10,8-K,0001193125-18-113051,2018-04-10,d544612d8k.htm,CIK0000732717-submissions-001.json
2018-04-23,8-K,0001193125-18-126146,2018-04-23,d574806d8k.htm,CIK0000732717-submissions-001.json
2018-04-25,8-K,0000732717-18-000018,2018-04-25,q1earning8k.htm,CIK0000732717-submissions-001.json
2018-04-25,8-K,0000732717-18-000017,2018-04-25,q1earnings801_8k.htm,CIK0000732717-submissions-001.json
2018-05-01,8-K,0000732717-18-000021,2018-04-27,form8k.htm,CIK0000732717-submissions-001.json
2018-05-02,4,0001127602-18-016053,2018-04-30,xslF345X03/form4.xml,CIK0000732717-submissions-001.json
2018-05-02,4,0001127602-18-016046,2018-04-30,xslF345X03/form4.xml,CIK0000732717-submissions-001.json
2018-05-02,4,0001127602-18-016041,2018-04-30,xslF345X03/form4.xml,CIK0000732717-submissions-001.json
2018-05-02,4,0001127602-18-016035,2018-04-30,xslF345X03/form4.xml,CIK0000732717-submissions-001.json
2018-05-02,4,0001127602-18-016026,2018-04-30,xslF345X03/form4.xml,CIK0000732717-submissions-001.json
2018-05-02,4,0001127602-18-016023,2018-04-30,xslF345X03/form4.xml,CIK0000732717-submissions-001.json
2018-05-02,4,0001127602-18-016021,2018-04-30,xslF345X03/form4.xml,CIK0000732717-submissions-001.json
2018-05-02,4,0001127602-18-016020,2018-04-30,xslF345X03/form4.xml,CIK0000732717-submissions-001.json
2018-05-02,4,0001127602-18-016017,2018-04-30,xslF345X03/form4.xml,CIK0000732717-submissions-001.json
2018-05-02,4,0001127602-18-016015,2018-04-30,xslF345X03/form4.xml,CIK0000732717-submissions-001.json
2018-05-02,4,0001127602-18-016010,2018-04-30,xslF345X03/form4.xml,CIK0000732717-submissions-001.json
2018-05-02,4,0001127602-18-016006,2018-04-30,xslF345X03/form4.xml,CIK0000732717-submissions-001.json
2018-05-02,4,0001127602-18-016002,2018-04-30,xslF345X03/form4.xml,CIK0000732717-submissions-001.json
2018-05-02,4,0001127602-18-015998,2018-04-30,xslF345X03/form4.xml,CIK0000732717-submissions-001.json
2018-05-02,4,0001127602-18-015995,2018-04-30,xslF345X03/form4.xml,CIK0000732717-submissions-001.json
2018-05-02,4,0001127602-18-015993,2018-04-30,xslF345X03/form4.xml,CIK0000732717-submissions-001.json
2018-05-02,4,0001127602-18-015991,2018-04-30,xslF345X03/form4.xml,CIK0000732717-submissions-001.json
2018-05-02,4,0001127602-18-015988,2018-04-30,xslF345X03/form4.xml,CIK0000732717-submissions-001.json
2018-05-02,4,0001127602-18-015986,2018-04-30,xslF345X03/form4.xml,CIK0000732717-submissions-001.json
2018-05-02,4,0001127602-18-015983,2018-04-30,xslF345X03/form4.xml,CIK0000732717-submissions-001.json
2018-05-02,4,0001127602-18-015980,2018-04-30,xslF345X03/form4.xml,CIK0000732717-submissions-001.json
2018-05-02,4,0001127602-18-015977,2018-04-30,xslF345X03/form4.xml,CIK0000732717-submissions-001.json
2018-05-03,10-Q,0000732717-18-000024,2018-03-31,q1_10q.htm,CIK0000732717-submissions-001.json
2018-05-16,4,0001127602-18-017668,2018-05-15,xslF345X03/form4.xml,CIK0000732717-submissions-001.json
2018-05-16,S-8,0000732717-18-000029,,forms8.htm,CIK0000732717-submissions-001.json
2018-05-22,8-K,0000732717-18-000033,2018-05-22,form8k.htm,CIK0000732717-submissions-001.json
2018-05-23,25-NSE,0000876661-18-000609,,xslF25X02/primary_doc.xml,CIK0000732717-submissions-001.json
2018-05-23,25-NSE,0000876661-18-000608,,xslF25X02/primary_doc.xml,CIK0000732717-submissions-001.json
2018-05-23,25-NSE,0000876661-18-000607,,xslF25X02/primary_doc.xml,CIK0000732717-submissions-001.json
2018-05-23,25-NSE,0000876661-18-000597,,xslF25X02/primary_doc.xml,CIK0000732717-submissions-001.json
2018-05-23,25-NSE,0000876661-18-000596,,xslF25X02/primary_doc.xml,CIK0000732717-submissions-001.json
2018-06-01,4,0001127602-18-019581,2018-05-31,xslF345X03/form4.xml,CIK0000732717-submissions-001.json
2018-06-01,4,0001127602-18-019580,2018-05-31,xslF345X03/form4.xml,CIK0000732717-submissions-001.json
2018-06-01,4,0001127602-18-019579,2018-05-31,xslF345X03/form4.xml,CIK0000732717-submissions-001.json
2018-06-01,4,0001127602-18-019578,2018-05-31,xslF345X03/form4.xml,CIK0000732717-submissions-001.json
2018-06-01,4,0001127602-18-019577,2018-05-31,xslF345X03/form4.xml,CIK0000732717-submissions-001.json
2018-06-01,4,0001127602-18-019575,2018-05-31,xslF345X03/form4.xml,CIK0000732717-submissions-001.json
2018-06-01,4,0001127602-18-019572,2018-05-31,xslF345X03/form4.xml,CIK0000732717-submissions-001.json
2018-06-01,4,0001127602-18-019570,2018-05-31,xslF345X03/form4.xml,CIK0000732717-submissions-001.json
2018-06-01,4,0001127602-18-019568,2018-05-31,xslF345X03/form4.xml,CIK0000732717-submissions-001.json
2018-06-15,8-K,0001193125-18-194502,2018-06-15,d609728d8k.htm,CIK0000732717-submissions-001.json
2018-06-15,S-8,0000732717-18-000036,,forms8.htm,CIK0000732717-submissions-001.json
2018-06-19,SC 13D/A,0001193125-18-196975,,d207155dsc13da.htm,CIK0000732717-submissions-001.json
2018-06-20,3,0000899243-18-017400,2018-06-14,xslF345X02/doc3.xml,CIK0000732717-submissions-001.json
2018-06-21,FWP,0001193125-18-199046,,d620459dfwp.htm,CIK0000732717-submissions-001.json
2018-06-22,11-K,0000732717-18-000047,2017-12-31,blsssp_11k.htm,CIK0000732717-submissions-001.json
2018-06-22,11-K,0000732717-18-000045,2017-12-31,assp_11k.htm,CIK0000732717-submissions-001.json
2018-06-22,11-K,0000732717-18-000043,2017-12-31,arsp_11k.htm,CIK0000732717-submissions-001.json
2018-06-22,11-K,0000732717-18-000041,2017-12-31,aprrsp_11k.htm,CIK0000732717-submissions-001.json
2018-06-22,424B2,0001193125-18-201193,,d368257d424b2.htm,CIK0000732717-submissions-001.json
2018-06-25,8-K,0001193125-18-202180,2018-06-25,d466764d8k.htm,CIK0000732717-submissions-001.json
2018-06-29,4,0001127602-18-022032,2018-06-28,xslF345X03/form4.xml,CIK0000732717-submissions-001.json
2018-06-29,4,0001127602-18-022029,2018-06-28,xslF345X03/form4.xml,CIK0000732717-submissions-001.json
2018-06-29,4,0001127602-18-022026,2018-06-28,xslF345X03/form4.xml,CIK0000732717-submissions-001.json
2018-07-02,4,0001127602-18-022343,2018-06-29,xslF345X03/form4.xml,CIK0000732717-submissions-001.json
2018-07-02,4,0001127602-18-022342,2018-06-29,xslF345X03/form4.xml,CIK0000732717-submissions-001.json
2018-07-02,4,0001127602-18-022341,2018-06-29,xslF345X03/form4.xml,CIK0000732717-submissions-001.json
2018-07-02,4,0001127602-18-022340,2018-06-29,xslF345X03/form4.xml,CIK0000732717-submissions-001.json
2018-07-02,4,0001127602-18-022339,2018-06-29,xslF345X03/form4.xml,CIK0000732717-submissions-001.json
2018-07-02,4,0001127602-18-022338,2018-06-29,xslF345X03/form4.xml,CIK0000732717-submissions-001.json
2018-07-02,4,0001127602-18-022337,2018-06-29,xslF345X03/form4.xml,CIK0000732717-submissions-001.json
2018-07-02,4,0001127602-18-022336,2018-06-29,xslF345X03/form4.xml,CIK0000732717-submissions-001.json
2018-07-02,4,0001127602-18-022335,2018-06-29,xslF345X03/form4.xml,CIK0000732717-submissions-001.json
2018-07-03,8-K,0000732717-18-000050,2018-06-28,form8k.htm,CIK0000732717-submissions-001.json
2018-07-24,8-K,0000732717-18-000057,2018-07-24,q2earnings8k_701.htm,CIK0000732717-submissions-001.json
2018-07-24,8-K,0000732717-18-000055,2018-07-24,q2earning8k.htm,CIK0000732717-submissions-001.json
2018-07-24,8-K,0000732717-18-000053,2018-07-24,q2earning8k_801.htm,CIK0000732717-submissions-001.json
2018-07-25,424B5,0001193125-18-225346,,d570582d424b5.htm,CIK0000732717-submissions-001.json
2018-07-25,FWP,0001193125-18-226096,,d545507dfwp.htm,CIK0000732717-submissions-001.json
2018-07-27,4,0001127602-18-023935,2018-07-25,xslF345X03/form4.xml,CIK0000732717-submissions-001.json
2018-07-27,4,0001127602-18-023932,2018-07-26,xslF345X03/form4.xml,CIK0000732717-submissions-001.json
2018-07-27,4,0001127602-18-023931,2018-07-25,xslF345X03/form4.xml,CIK0000732717-submissions-001.json
2018-07-27,4,0001127602-18-023930,2018-07-25,xslF345X03/form4.xml,CIK0000732717-submissions-001.json
2018-07-27,4,0001127602-18-023929,2018-07-25,xslF345X03/form4.xml,CIK0000732717-submissions-001.json
2018-07-27,424B2,0001193125-18-229289,,d570582d424b2.htm,CIK0000732717-submissions-001.json
2018-07-30,4,0001127602-18-024028,2018-07-26,xslF345X03/form4.xml,CIK0000732717-submissions-001.json
2018-07-30,4,0001127602-18-024027,2018-07-27,xslF345X03/form4.xml,CIK0000732717-submissions-001.json
2018-07-30,4,0001127602-18-024026,2018-07-27,xslF345X03/form4.xml,CIK0000732717-submissions-001.json
2018-07-30,4,0001127602-18-024024,2018-07-27,xslF345X03/form4.xml,CIK0000732717-submissions-001.json
2018-07-30,424B5,0001193125-18-230986,,d576533d424b5.htm,CIK0000732717-submissions-001.json
2018-07-30,FWP,0001193125-18-231315,,d576533dfwp.htm,CIK0000732717-submissions-001.json
2018-08-01,424B2,0001193125-18-234813,,d576533d424b2.htm,CIK0000732717-submissions-001.json
2018-08-01,8-A12B,0001193125-18-234439,,d569582d8a12b.htm,CIK0000732717-submissions-001.json
2018-08-01,8-K,0001193125-18-234388,2018-08-01,d562195d8k.htm,CIK0000732717-submissions-001.json
2018-08-02,10-Q,0001193125-18-236782,2018-06-30,d592180d10q.htm,CIK0000732717-submissions-001.json
2018-08-02,4,0001127602-18-024395,2018-07-31,xslF345X03/form4.xml,CIK0000732717-submissions-001.json
2018-08-02,4,0001127602-18-024392,2018-07-31,xslF345X03/form4.xml,CIK0000732717-submissions-001.json
2018-08-02,4,0001127602-18-024391,2018-07-31,xslF345X03/form4.xml,CIK0000732717-submissions-001.json
2018-08-02,4,0001127602-18-024389,2018-07-31,xslF345X03/form4.xml,CIK0000732717-submissions-001.json
2018-08-02,4,0001127602-18-024387,2018-07-31,xslF345X03/form4.xml,CIK0000732717-submissions-001.json
2018-08-02,4,0001127602-18-024386,2018-07-31,xslF345X03/form4.xml,CIK0000732717-submissions-001.json
2018-08-02,4,0001127602-18-024385,2018-07-31,xslF345X03/form4.xml,CIK0000732717-submissions-001.json
2018-08-02,4,0001127602-18-024384,2018-07-31,xslF345X03/form4.xml,CIK0000732717-submissions-001.json
2018-08-02,4,0001127602-18-024383,2018-07-31,xslF345X03/form4.xml,CIK0000732717-submissions-001.json
2018-08-02,4,0001127602-18-024382,2018-07-31,xslF345X03/form4.xml,CIK0000732717-submissions-001.json
2018-08-02,4,0001127602-18-024381,2018-07-31,xslF345X03/form4.xml,CIK0000732717-submissions-001.json
2018-08-02,4,0001127602-18-024380,2018-07-31,xslF345X03/form4.xml,CIK0000732717-submissions-001.json
2018-08-02,4,0001127602-18-024379,2018-07-31,xslF345X03/form4.xml,CIK0000732717-submissions-001.json
2018-08-02,4,0001127602-18-024378,2018-07-31,xslF345X03/form4.xml,CIK0000732717-submissions-001.json
2018-08-02,4,0001127602-18-024377,2018-07-31,xslF345X03/form4.xml,CIK0000732717-submissions-001.json
2018-08-02,4,0001127602-18-024376,2018-07-31,xslF345X03/form4.xml,CIK0000732717-submissions-001.json
2018-08-02,4,0001127602-18-024375,2018-07-31,xslF345X03/form4.xml,CIK0000732717-submissions-001.json
2018-08-02,4,0001127602-18-024374,2018-07-31,xslF345X03/form4.xml,CIK0000732717-submissions-001.json
2018-08-02,4,0001127602-18-024373,2018-07-31,xslF345X03/form4.xml,CIK0000732717-submissions-001.json
2018-08-02,4,0001127602-18-024372,2018-07-31,xslF345X03/form4.xml,CIK0000732717-submissions-001.json
2018-08-02,4,0001127602-18-024371,2018-07-31,xslF345X03/form4.xml,CIK0000732717-submissions-001.json
2018-08-03,8-A12B,0001193125-18-237520,,d599903d8a12b.htm,CIK0000732717-submissions-001.json
2018-08-03,8-K,0001193125-18-237506,2018-08-03,d592133d8k.htm,CIK0000732717-submissions-001.json
2018-08-03,CERT,0000876661-18-000853,,TBC8A080318.pdf,CIK0000732717-submissions-001.json
2018-08-07,CERT,0000876661-18-000861,,T20C8A080718.pdf,CIK0000732717-submissions-001.json
2018-08-08,424B5,0001193125-18-242082,,d571457d424b5.htm,CIK0000732717-submissions-001.json
2018-08-08,FWP,0001193125-18-242909,,d591756dfwp.htm,CIK0000732717-submissions-001.json
2018-08-10,4,0001127602-18-025120,2018-08-08,xslF345X03/form4.xml,CIK0000732717-submissions-001.json
2018-08-10,424B2,0001193125-18-245254,,d571457d424b2.htm,CIK0000732717-submissions-001.json
2018-08-16,424B5,0001193125-18-250121,,d585064d424b5.htm,CIK0000732717-submissions-001.json
2018-08-16,FWP,0001193125-18-250554,,d610678dfwp.htm,CIK0000732717-submissions-001.json
2018-08-17,8-K,0001193125-18-251401,2018-08-17,d587529d8k.htm,CIK0000732717-submissions-001.json
2018-08-20,424B2,0001193125-18-253029,,d585064d424b2.htm,CIK0000732717-submissions-001.json
2018-08-22,8-K,0001193125-18-254720,2018-08-22,d600221d8k.htm,CIK0000732717-submissions-001.json
2018-08-27,8-K,0001193125-18-259141,2018-08-27,d609123d8k.htm,CIK0000732717-submissions-001.json
2018-08-27,8-K/A,0000732717-18-000059,2018-08-27,proforma8ka_twx.htm,CIK0000732717-submissions-001.json
2018-09-05,4,0001127602-18-026730,2018-08-31,xslF345X03/form4.xml,CIK0000732717-submissions-001.json
2018-09-05,4,0001127602-18-026729,2018-08-31,xslF345X03/form4.xml,CIK0000732717-submissions-001.json
2018-09-05,4,0001127602-18-026727,2018-08-31,xslF345X03/form4.xml,CIK0000732717-submissions-001.json
2018-09-05,4,0001127602-18-026725,2018-08-31,xslF345X03/form4.xml,CIK0000732717-submissions-001.json
2018-09-05,4,0001127602-18-026724,2018-08-31,xslF345X03/form4.xml,CIK0000732717-submissions-001.json
2018-09-05,4,0001127602-18-026723,2018-08-31,xslF345X03/form4.xml,CIK0000732717-submissions-001.json
2018-09-05,4,0001127602-18-026722,2018-08-31,xslF345X03/form4.xml,CIK0000732717-submissions-001.json
2018-09-05,4,0001127602-18-026721,2018-08-31,xslF345X03/form4.xml,CIK0000732717-submissions-001.json
2018-09-05,4,0001127602-18-026720,2018-08-31,xslF345X03/form4.xml,CIK0000732717-submissions-001.json
2018-09-06,FWP,0001193125-18-268184,,d589070dfwp.htm,CIK0000732717-submissions-001.json
2018-09-07,424B2,0001193125-18-269300,,d620896d424b2.htm,CIK0000732717-submissions-001.json
2018-09-11,8-A12B,0001193125-18-270862,,d614509d8a12b.htm,CIK0000732717-submissions-001.json
2018-09-11,8-K,0001193125-18-270844,2018-09-11,d611667d8k.htm,CIK0000732717-submissions-001.json
2018-09-11,S-8,0000732717-18-000063,,forms8.htm,CIK0000732717-submissions-001.json
2018-09-13,CERT,0000876661-18-000983,,T26A8A091318.pdf,CIK0000732717-submissions-001.json
2018-09-18,8-K,0001193125-18-275906,2018-09-17,d624357d8k.htm,CIK0000732717-submissions-001.json
2018-09-20,8-K,0000732717-18-000066,2018-09-10,form8k.htm,CIK0000732717-submissions-001.json
2018-09-20,UPLOAD,0000000000-18-029678,,filename1.pdf,CIK0000732717-submissions-001.json
2018-09-21,8-K,0000732717-18-000068,2018-09-21,segments_8k.htm,CIK0000732717-submissions-001.json
2018-10-02,4,0001127602-18-029115,2018-09-28,xslF345X03/form4.xml,CIK0000732717-submissions-001.json
2018-10-02,4,0001127602-18-029107,2018-09-28,xslF345X03/form4.xml,CIK0000732717-submissions-001.json
2018-10-02,4,0001127602-18-029101,2018-09-28,xslF345X03/form4.xml,CIK0000732717-submissions-001.json
2018-10-02,4,0001127602-18-029096,2018-09-28,xslF345X03/form4.xml,CIK0000732717-submissions-001.json
2018-10-02,4,0001127602-18-029088,2018-09-28,xslF345X03/form4.xml,CIK0000732717-submissions-001.json
2018-10-02,4,0001127602-18-029080,2018-09-28,xslF345X03/form4.xml,CIK0000732717-submissions-001.json
2018-10-02,4,0001127602-18-029077,2018-09-28,xslF345X03/form4.xml,CIK0000732717-submissions-001.json
2018-10-02,4,0001127602-18-029075,2018-09-28,xslF345X03/form4.xml,CIK0000732717-submissions-001.json
2018-10-02,4,0001127602-18-029065,2018-09-28,xslF345X03/form4.xml,CIK0000732717-submissions-001.json
2018-10-03,CORRESP,0000732717-18-000070,,filename1.htm,CIK0000732717-submissions-001.json
2018-10-10,8-K,0000732717-18-000072,2018-10-10,oct10_8k.htm,CIK0000732717-submissions-001.json
2018-10-12,8-K,0000732717-18-000076,2018-10-12,recast_8k.htm,CIK0000732717-submissions-001.json
2018-10-12,S-4,0001193125-18-298454,,d613929ds4.htm,CIK0000732717-submissions-001.json
2018-10-12,S-4,0001193125-18-298436,,d626579ds4.htm,CIK0000732717-submissions-001.json
2018-10-12,S-4,0001193125-18-298432,,d602811ds4.htm,CIK0000732717-submissions-001.json
2018-10-24,8-K,0000732717-18-000083,2018-09-30,q3fd_8k.htm,CIK0000732717-submissions-001.json
2018-10-24,8-K,0000732717-18-000082,2018-09-30,q3earning8k.htm,CIK0000732717-submissions-001.json
2018-10-24,8-K,0000732717-18-000081,2018-09-30,q3earnings801_8k.htm,CIK0000732717-submissions-001.json
2018-10-24,CORRESP,0000732717-18-000085,,filename1.htm,CIK0000732717-submissions-001.json
2018-10-25,424B3,0001193125-18-307845,,d602811d424b3.htm,CIK0000732717-submissions-001.json
2018-10-25,EFFECT,9999999995-18-002719,,xslEFFECTX01/primary_doc.xml,CIK0000732717-submissions-001.json
2018-10-25,UPLOAD,0000000000-18-033392,,filename1.pdf,CIK0000732717-submissions-001.json
2018-10-26,UPLOAD,0000000000-18-033574,,filename1.pdf,CIK0000732717-submissions-001.json
2018-10-29,4,0001127602-18-031216,2018-10-26,xslF345X03/form4.xml,CIK0000732717-submissions-001.json
2018-10-30,4,0001127602-18-031290,2018-10-29,xslF345X03/form4.xml,CIK0000732717-submissions-001.json
2018-10-31,424B3,0001193125-18-314031,,d613929d424b3.htm,CIK0000732717-submissions-001.json
2018-10-31,424B3,0001193125-18-313996,,d626579d424b3.htm,CIK0000732717-submissions-001.json
2018-10-31,EFFECT,9999999995-18-002768,,xslEFFECTX01/primary_doc.xml,CIK0000732717-submissions-001.json
2018-10-31,EFFECT,9999999995-18-002769,,xslEFFECTX01/primary_doc.xml,CIK0000732717-submissions-001.json
2018-11-02,10-Q,0000732717-18-000090,2018-09-30,q3_10q.htm,CIK0000732717-submissions-001.json
2018-11-02,4,0001127602-18-031961,2018-10-31,xslF345X03/form4.xml,CIK0000732717-submissions-001.json
2018-11-02,4,0001127602-18-031949,2018-10-31,xslF345X03/form4.xml,CIK0000732717-submissions-001.json
2018-11-02,4,0001127602-18-031946,2018-10-31,xslF345X03/form4.xml,CIK0000732717-submissions-001.json
2018-11-02,4,0001127602-18-031942,2018-10-31,xslF345X03/form4.xml,CIK0000732717-submissions-001.json
2018-11-02,4,0001127602-18-031939,2018-10-31,xslF345X03/form4.xml,CIK0000732717-submissions-001.json
2018-11-02,4,0001127602-18-031935,2018-10-31,xslF345X03/form4.xml,CIK0000732717-submissions-001.json
2018-11-02,4,0001127602-18-031932,2018-10-31,xslF345X03/form4.xml,CIK0000732717-submissions-001.json
2018-11-02,4,0001127602-18-031928,2018-10-31,xslF345X03/form4.xml,CIK0000732717-submissions-001.json
2018-11-02,4,0001127602-18-031923,2018-10-31,xslF345X03/form4.xml,CIK0000732717-submissions-001.json
2018-11-02,4,0001127602-18-031919,2018-10-31,xslF345X03/form4.xml,CIK0000732717-submissions-001.json
2018-11-02,4,0001127602-18-031911,2018-10-31,xslF345X03/form4.xml,CIK0000732717-submissions-001.json
2018-11-02,4,0001127602-18-031909,2018-10-31,xslF345X03/form4.xml,CIK0000732717-submissions-001.json
2018-11-02,4,0001127602-18-031906,2018-10-31,xslF345X03/form4.xml,CIK0000732717-submissions-001.json
2018-11-02,4,0001127602-18-031904,2018-10-31,xslF345X03/form4.xml,CIK0000732717-submissions-001.json
2018-11-02,4,0001127602-18-031900,2018-10-31,xslF345X03/form4.xml,CIK0000732717-submissions-001.json
2018-11-02,4,0001127602-18-031896,2018-10-31,xslF345X03/form4.xml,CIK0000732717-submissions-001.json
2018-11-02,4,0001127602-18-031892,2018-10-31,xslF345X03/form4.xml,CIK0000732717-submissions-001.json
2018-11-02,4,0001127602-18-031888,2018-10-31,xslF345X03/form4.xml,CIK0000732717-submissions-001.json
2018-11-02,4,0001127602-18-031883,2018-10-31,xslF345X03/form4.xml,CIK0000732717-submissions-001.json
2018-11-02,4,0001127602-18-031879,2018-10-31,xslF345X03/form4.xml,CIK0000732717-submissions-001.json
2018-11-02,4,0001127602-18-031873,2018-10-31,xslF345X03/form4.xml,CIK0000732717-submissions-001.json
2018-11-16,8-K,0001193125-18-329065,2018-11-16,d656222d8k.htm,CIK0000732717-submissions-001.json
2018-11-21,8-K,0001193125-18-331810,2018-11-20,d653535d8k.htm,CIK0000732717-submissions-001.json
2018-12-04,4,0001127602-18-035179,2018-11-30,xslF345X03/form4.xml,CIK0000732717-submissions-001.json
2018-12-04,4,0001127602-18-035172,2018-10-31,xslF345X03/form4.xml,CIK0000732717-submissions-001.json
2018-12-04,4,0001127602-18-035167,2018-11-30,xslF345X03/form4.xml,CIK0000732717-submissions-001.json
2018-12-04,4,0001127602-18-035160,2018-11-30,xslF345X03/form4.xml,CIK0000732717-submissions-001.json
2018-12-04,4,0001127602-18-035158,2018-11-27,xslF345X03/form4.xml,CIK0000732717-submissions-001.json
2018-12-04,4,0001127602-18-035154,2018-11-30,xslF345X03/form4.xml,CIK0000732717-submissions-001.json
2018-12-04,4,0001127602-18-035151,2018-11-08,xslF345X03/form4.xml,CIK0000732717-submissions-001.json
2018-12-04,4,0001127602-18-035144,2018-11-30,xslF345X03/form4.xml,CIK0000732717-submissions-001.json
2018-12-04,4,0001127602-18-035138,2018-11-30,xslF345X03/form4.xml,CIK0000732717-submissions-001.json
2018-12-06,8-K,0001193125-18-343687,2018-12-06,d667881d8k.htm,CIK0000732717-submissions-001.json
2018-12-13,8-K,0001193125-18-348840,2018-12-11,d672774d8k.htm,CIK0000732717-submissions-001.json
2018-12-19,8-A12B,0001193125-18-352569,,d668195d8a12b.htm,CIK0000732717-submissions-001.json
2018-12-28,CERT,0000876661-18-001388,,ATTBONDS8A122818.pdf,CIK0000732717-submissions-001.json
2019-01-03,4,0001127602-19-000850,2018-12-31,xslF345X03/form4.xml,CIK0000732717-submissions-001.json
2019-01-03,4,0001127602-19-000845,2018-12-31,xslF345X03/form4.xml,CIK0000732717-submissions-001.json
2019-01-03,4,0001127602-19-000835,2018-12-31,xslF345X03/form4.xml,CIK0000732717-submissions-001.json
2019-01-03,4,0001127602-19-000830,2018-12-31,xslF345X03/form4.xml,CIK0000732717-submissions-001.json
2019-01-03,4,0001127602-19-000824,2018-12-31,xslF345X03/form4.xml,CIK0000732717-submissions-001.json
2019-01-03,4,0001127602-19-000817,2018-12-31,xslF345X03/form4.xml,CIK0000732717-submissions-001.json
2019-01-03,4,0001127602-19-000808,2018-12-31,xslF345X03/form4.xml,CIK0000732717-submissions-001.json
2019-01-03,4,0001127602-19-000798,2018-12-31,xslF345X03/form4.xml,CIK0000732717-submissions-001.json
2019-01-03,4,0001127602-19-000791,2018-12-31,xslF345X03/form4.xml,CIK0000732717-submissions-001.json
2019-01-30,8-K,0000732717-19-000006,2019-01-30,q4earning8k.htm,CIK0000732717-submissions-001.json
2019-01-30,8-K,0000732717-19-000005,2019-01-30,q4earnings8k_801.htm,CIK0000732717-submissions-001.json
2019-01-31,4,0001127602-19-003259,2019-01-29,xslF345X03/form4.xml,CIK0000732717-submissions-001.json
2019-01-31,4,0001127602-19-003258,2019-01-29,xslF345X03/form4.xml,CIK0000732717-submissions-001.json
2019-01-31,4,0001127602-19-003257,2019-01-29,xslF345X03/form4.xml,CIK0000732717-submissions-001.json
2019-01-31,4,0001127602-19-003256,2019-01-29,xslF345X03/form4.xml,CIK0000732717-submissions-001.json
2019-01-31,4,0001127602-19-003255,2019-01-29,xslF345X03/form4.xml,CIK0000732717-submissions-001.json
2019-01-31,4,0001127602-19-003254,2019-01-29,xslF345X03/form4.xml,CIK0000732717-submissions-001.json
2019-01-31,4,0001127602-19-003253,2019-01-29,xslF345X03/form4.xml,CIK0000732717-submissions-001.json
2019-01-31,4,0001127602-19-003252,2019-01-29,xslF345X03/form4.xml,CIK0000732717-submissions-001.json
2019-02-04,4,0001127602-19-003848,2019-01-31,xslF345X03/form4.xml,CIK0000732717-submissions-001.json
2019-02-04,4,0001127602-19-003840,2019-01-31,xslF345X03/form4.xml,CIK0000732717-submissions-001.json
2019-02-04,4,0001127602-19-003839,2019-01-31,xslF345X03/form4.xml,CIK0000732717-submissions-001.json
2019-02-04,4,0001127602-19-003838,2019-01-31,xslF345X03/form4.xml,CIK0000732717-submissions-001.json
2019-02-04,4,0001127602-19-003836,2019-01-31,xslF345X03/form4.xml,CIK0000732717-submissions-001.json
2019-02-04,4,0001127602-19-003834,2019-01-31,xslF345X03/form4.xml,CIK0000732717-submissions-001.json
2019-02-04,4,0001127602-19-003832,2019-01-31,xslF345X03/form4.xml,CIK0000732717-submissions-001.json
2019-02-04,4,0001127602-19-003831,2019-01-31,xslF345X03/form4.xml,CIK0000732717-submissions-001.json
2019-02-04,4,0001127602-19-003830,2019-01-31,xslF345X03/form4.xml,CIK0000732717-submissions-001.json
2019-02-04,4,0001127602-19-003829,2019-01-31,xslF345X03/form4.xml,CIK0000732717-submissions-001.json
2019-02-04,4,0001127602-19-003828,2019-01-31,xslF345X03/form4.xml,CIK0000732717-submissions-001.json
2019-02-04,4,0001127602-19-003824,2019-01-31,xslF345X03/form4.xml,CIK0000732717-submissions-001.json
2019-02-04,4,0001127602-19-003821,2019-01-31,xslF345X03/form4.xml,CIK0000732717-submissions-001.json
2019-02-04,4,0001127602-19-003820,2019-01-31,xslF345X03/form4.xml,CIK0000732717-submissions-001.json
2019-02-04,4,0001127602-19-003812,2019-01-31,xslF345X03/form4.xml,CIK0000732717-submissions-001.json
2019-02-04,4,0001127602-19-003808,2019-01-31,xslF345X03/form4.xml,CIK0000732717-submissions-001.json
2019-02-04,4,0001127602-19-003806,2019-01-31,xslF345X03/form4.xml,CIK0000732717-submissions-001.json
2019-02-04,4,0001127602-19-003804,2019-01-31,xslF345X03/form4.xml,CIK0000732717-submissions-001.json
2019-02-04,4,0001127602-19-003801,2019-01-31,xslF345X03/form4.xml,CIK0000732717-submissions-001.json
2019-02-04,4,0001127602-19-003796,2019-01-31,xslF345X03/form4.xml,CIK0000732717-submissions-001.json
2019-02-04,4,0001127602-19-003794,2019-01-31,xslF345X03/form4.xml,CIK0000732717-submissions-001.json
2019-02-04,SC 13G/A,0000215457-19-003376,,us00206r1023_020119.txt,CIK0000732717-submissions-001.json
2019-02-06,4,0001127602-19-004331,2019-02-04,xslF345X03/form4.xml,CIK0000732717-submissions-001.json
2019-02-07,4,0001127602-19-004639,2019-02-05,xslF345X03/form4.xml,CIK0000732717-submissions-001.json
2019-02-07,4/A,0001127602-19-004416,2019-01-31,xslF345X03/form4a.xml,CIK0000732717-submissions-001.json
2019-02-07,4/A,0001127602-19-004413,2019-01-31,xslF345X03/form4a.xml,CIK0000732717-submissions-001.json
2019-02-07,4/A,0001127602-19-004410,2019-01-31,xslF345X03/form4a.xml,CIK0000732717-submissions-001.json
2019-02-07,4/A,0001127602-19-004409,2019-01-31,xslF345X03/form4a.xml,CIK0000732717-submissions-001.json
2019-02-07,4/A,0001127602-19-004407,2019-01-31,xslF345X03/form4a.xml,CIK0000732717-submissions-001.json
2019-02-07,4/A,0001127602-19-004406,2019-01-31,xslF345X03/form4a.xml,CIK0000732717-submissions-001.json
2019-02-07,4/A,0001127602-19-004405,2019-01-31,xslF345X03/form4a.xml,CIK0000732717-submissions-001.json
2019-02-07,4/A,0001127602-19-004402,2019-01-31,xslF345X03/form4a.xml,CIK0000732717-submissions-001.json
2019-02-07,4/A,0001127602-19-004399,2019-01-31,xslF345X03/form4a.xml,CIK0000732717-submissions-001.json
2019-02-07,4/A,0001127602-19-004398,2019-01-31,xslF345X03/form4a.xml,CIK0000732717-submissions-001.json
2019-02-07,4/A,0001127602-19-004397,2019-01-31,xslF345X03/form4a.xml,CIK0000732717-submissions-001.json
2019-02-07,4/A,0001127602-19-004396,2019-01-31,xslF345X03/form4a.xml,CIK0000732717-submissions-001.json
2019-02-11,SC 13G/A,0000932471-19-004616,,attinc.htm,CIK0000732717-submissions-001.json
2019-02-12,4/A,0001127602-19-005438,2019-01-31,xslF345X03/form4a.xml,CIK0000732717-submissions-001.json
2019-02-12,4/A,0001127602-19-005435,2019-01-31,xslF345X03/form4a.xml,CIK0000732717-submissions-001.json
2019-02-12,4/A,0001127602-19-005433,2019-01-31,xslF345X03/form4a.xml,CIK0000732717-submissions-001.json
2019-02-12,4/A,0001127602-19-005430,2019-01-31,xslF345X03/form4a.xml,CIK0000732717-submissions-001.json
2019-02-12,4/A,0001127602-19-005429,2019-01-31,xslF345X03/form4a.xml,CIK0000732717-submissions-001.json
2019-02-13,424B5,0001193125-19-037020,,d708263d424b5.htm,CIK0000732717-submissions-001.json
2019-02-14,FWP,0001193125-19-038519,,d707813dfwp.htm,CIK0000732717-submissions-001.json
2019-02-15,424B2,0001193125-19-042434,,d708263d424b2.htm,CIK0000732717-submissions-001.json
2019-02-15,8-K,0001193125-19-042562,2019-02-15,d701011d8k.htm,CIK0000732717-submissions-001.json
2019-02-19,8-K,0001193125-19-044297,2019-02-19,d710677d8k.htm,CIK0000732717-submissions-001.json
2019-02-20,10-K,0001193125-19-045608,2018-12-31,d705958d10k.htm,CIK0000732717-submissions-001.json
2019-02-20,8-K,0001193125-19-045414,2019-02-20,d709999d8k.htm,CIK0000732717-submissions-001.json
2019-03-04,4,0001127602-19-009606,2019-02-28,xslF345X03/form4.xml,CIK0000732717-submissions-001.json
2019-03-04,4,0001127602-19-009601,2019-02-28,xslF345X03/form4.xml,CIK0000732717-submissions-001.json
2019-03-04,4,0001127602-19-009594,2019-02-28,xslF345X03/form4.xml,CIK0000732717-submissions-001.json
2019-03-04,4,0001127602-19-009586,2019-02-28,xslF345X03/form4.xml,CIK0000732717-submissions-001.json
2019-03-04,4,0001127602-19-009576,2019-02-28,xslF345X03/form4.xml,CIK0000732717-submissions-001.json
2019-03-04,4,0001127602-19-009567,2019-02-28,xslF345X03/form4.xml,CIK0000732717-submissions-001.json
2019-03-04,4,0001127602-19-009560,2019-02-28,xslF345X03/form4.xml,CIK0000732717-submissions-001.json
2019-03-04,4,0001127602-19-009551,2019-02-28,xslF345X03/form4.xml,CIK0000732717-submissions-001.json
2019-03-11,DEF 14A,0001193125-19-070797,2019-04-26,d679803ddef14a.htm,CIK0000732717-submissions-001.json
2019-03-11,DEFA14A,0001193125-19-070818,,d679803ddefa14a.htm,CIK0000732717-submissions-001.json
2019-03-12,4,0001127602-19-011098,2019-03-08,xslF345X03/form4.xml,CIK0000732717-submissions-001.json
2019-03-12,4,0001127602-19-011093,2019-03-08,xslF345X03/form4.xml,CIK0000732717-submissions-001.json
2019-03-12,4,0001127602-19-011088,2019-03-08,xslF345X03/form4.xml,CIK0000732717-submissions-001.json
2019-03-12,4,0001127602-19-011083,2019-03-08,xslF345X03/form4.xml,CIK0000732717-submissions-001.json
2019-03-12,4,0001127602-19-011081,2019-03-08,xslF345X03/form4.xml,CIK0000732717-submissions-001.json
2019-03-12,4,0001127602-19-011078,2019-03-08,xslF345X03/form4.xml,CIK0000732717-submissions-001.json
2019-03-12,4,0001127602-19-011076,2019-03-08,xslF345X03/form4.xml,CIK0000732717-submissions-001.json
2019-03-12,4,0001127602-19-011074,2019-03-08,xslF345X03/form4.xml,CIK0000732717-submissions-001.json
2019-03-12,4,0001127602-19-011073,2019-03-08,xslF345X03/form4.xml,CIK0000732717-submissions-001.json
2019-03-27,SC 13D/A,0001193125-19-088680,,d929200dsc13da.htm,CIK0000732717-submissions-001.json
2019-04-02,4,0001127602-19-014224,2019-03-12,xslF345X03/form4.xml,CIK0000732717-submissions-001.json
2019-04-02,4,0001127602-19-014215,2019-03-29,xslF345X03/form4.xml,CIK0000732717-submissions-001.json
2019-04-02,4,0001127602-19-014214,2019-03-29,xslF345X03/form4.xml,CIK0000732717-submissions-001.json
2019-04-02,4,0001127602-19-014210,2019-03-29,xslF345X03/form4.xml,CIK0000732717-submissions-001.json
2019-04-02,4,0001127602-19-014207,2019-03-29,xslF345X03/form4.xml,CIK0000732717-submissions-001.json
2019-04-02,4,0001127602-19-014202,2019-03-29,xslF345X03/form4.xml,CIK0000732717-submissions-001.json
2019-04-02,4,0001127602-19-014193,2019-03-29,xslF345X03/form4.xml,CIK0000732717-submissions-001.json
2019-04-02,4,0001127602-19-014187,2019-03-29,xslF345X03/form4.xml,CIK0000732717-submissions-001.json
2019-04-02,4,0001127602-19-014181,2019-03-29,xslF345X03/form4.xml,CIK0000732717-submissions-001.json
2019-04-24,8-K,0000732717-19-000011,2019-04-24,q1earnings8k.htm,CIK0000732717-submissions-001.json
2019-04-24,8-K,0000732717-19-000010,2019-04-24,q1earnings801_8k.htm,CIK0000732717-submissions-001.json
2019-05-01,8-K,0001193125-19-133251,2019-05-01,d738683d8k.htm,CIK0000732717-submissions-001.json
2019-05-02,4,0001127602-19-017044,2019-04-30,xslF345X03/form4.xml,CIK0000732717-submissions-001.json
2019-05-02,4,0001127602-19-017042,2019-04-30,xslF345X03/form4.xml,CIK0000732717-submissions-001.json
2019-05-02,4,0001127602-19-017040,2019-04-30,xslF345X03/form4.xml,CIK0000732717-submissions-001.json
2019-05-02,4,0001127602-19-017038,2019-04-30,xslF345X03/form4.xml,CIK0000732717-submissions-001.json
2019-05-02,4,0001127602-19-017036,2019-04-30,xslF345X03/form4.xml,CIK0000732717-submissions-001.json
2019-05-02,4,0001127602-19-017035,2019-04-30,xslF345X03/form4.xml,CIK0000732717-submissions-001.json
2019-05-02,4,0001127602-19-017032,2019-04-30,xslF345X03/form4.xml,CIK0000732717-submissions-001.json
2019-05-02,4,0001127602-19-017029,2019-04-30,xslF345X03/form4.xml,CIK0000732717-submissions-001.json
2019-05-02,4,0001127602-19-017026,2019-04-30,xslF345X03/form4.xml,CIK0000732717-submissions-001.json
2019-05-02,4,0001127602-19-017022,2019-04-30,xslF345X03/form4.xml,CIK0000732717-submissions-001.json
2019-05-02,4,0001127602-19-017019,2019-04-30,xslF345X03/form4.xml,CIK0000732717-submissions-001.json
2019-05-02,4,0001127602-19-017015,2019-04-30,xslF345X03/form4.xml,CIK0000732717-submissions-001.json
2019-05-02,4,0001127602-19-017013,2019-04-30,xslF345X03/form4.xml,CIK0000732717-submissions-001.json
2019-05-02,4,0001127602-19-017010,2019-04-30,xslF345X03/form4.xml,CIK0000732717-submissions-001.json
2019-05-02,4,0001127602-19-017007,2019-04-30,xslF345X03/form4.xml,CIK0000732717-submissions-001.json
2019-05-02,4,0001127602-19-017005,2019-04-30,xslF345X03/form4.xml,CIK0000732717-submissions-001.json
2019-05-02,4,0001127602-19-017002,2019-04-30,xslF345X03/form4.xml,CIK0000732717-submissions-001.json
2019-05-02,4,0001127602-19-017000,2019-04-30,xslF345X03/form4.xml,CIK0000732717-submissions-001.json
2019-05-02,4,0001127602-19-016997,2019-04-30,xslF345X03/form4.xml,CIK0000732717-submissions-001.json
2019-05-02,4,0001127602-19-016994,2019-04-30,xslF345X03/form4.xml,CIK0000732717-submissions-001.json
2019-05-02,4,0001127602-19-016990,2019-04-30,xslF345X03/form4.xml,CIK0000732717-submissions-001.json
2019-05-02,8-K,0000732717-19-000014,2019-04-26,votingresults8k.htm,CIK0000732717-submissions-001.json
2019-05-02,S-4,0001193125-19-134676,,d740107ds4.htm,CIK0000732717-submissions-001.json
2019-05-06,10-Q,0000732717-19-000018,2019-03-31,1q_10q.htm,CIK0000732717-submissions-001.json
2019-05-06,UPLOAD,0000000000-19-008076,,filename1.pdf,CIK0000732717-submissions-001.json
2019-05-07,10-Q/A,0000732717-19-000021,2019-03-31,1q_10qa.htm,CIK0000732717-submissions-001.json
2019-05-07,SC 13D/A,0001193125-19-139294,,d726087dsc13da.htm,CIK0000732717-submissions-001.json
2019-05-09,CORRESP,0001193125-19-143150,,filename1.htm,CIK0000732717-submissions-001.json
2019-05-13,424B3,0001193125-19-145491,,d740107d424b3.htm,CIK0000732717-submissions-001.json
2019-05-13,EFFECT,9999999995-19-001105,,xslEFFECTX01/primary_doc.xml,CIK0000732717-submissions-001.json
2019-05-13,S-3ASR,0001193125-19-144897,,d708852ds3asr.htm,CIK0000732717-submissions-001.json
2019-05-13,S-4/A,0001193125-19-144867,,d740107ds4a.htm,CIK0000732717-submissions-001.json
2019-05-16,425,0001193125-19-148645,,d749800d425.htm,CIK0000732717-submissions-001.json
2019-05-24,4,0001127602-19-019781,2019-05-23,xslF345X03/form4.xml,CIK0000732717-submissions-001.json
2019-05-24,4,0001127602-19-019780,2019-05-23,xslF345X03/form4.xml,CIK0000732717-submissions-001.json
2019-06-04,4,0001127602-19-020708,2019-05-31,xslF345X03/form4.xml,CIK0000732717-submissions-001.json
2019-06-04,4,0001127602-19-020705,2019-05-31,xslF345X03/form4.xml,CIK0000732717-submissions-001.json
2019-06-04,4,0001127602-19-020701,2019-05-31,xslF345X03/form4.xml,CIK0000732717-submissions-001.json
2019-06-04,4,0001127602-19-020700,2019-05-31,xslF345X03/form4.xml,CIK0000732717-submissions-001.json
2019-06-04,4,0001127602-19-020697,2019-05-31,xslF345X03/form4.xml,CIK0000732717-submissions-001.json
2019-06-04,4,0001127602-19-020693,2019-05-31,xslF345X03/form4.xml,CIK0000732717-submissions-001.json
2019-06-04,4,0001127602-19-020690,2019-05-31,xslF345X03/form4.xml,CIK0000732717-submissions-001.json
2019-06-04,4,0001127602-19-020687,2019-05-31,xslF345X03/form4.xml,CIK0000732717-submissions-001.json
2019-06-05,25-NSE,0000876661-19-000542,,xslF25X02/primary_doc.xml,CIK0000732717-submissions-001.json
2019-06-05,8-A12B,0001193125-19-166229,,d742414d8a12b.htm,CIK0000732717-submissions-001.json
2019-06-05,8-K,0001193125-19-166211,2019-06-05,d753126d8k.htm,CIK0000732717-submissions-001.json
2019-06-11,CERT,0000876661-19-000565,,T238A061119.pdf,CIK0000732717-submissions-001.json
2019-06-28,11-K,0001193125-19-185902,2018-12-31,d768837d11k.htm,CIK0000732717-submissions-001.json
2019-06-28,11-K,0001193125-19-185896,2018-12-31,d771081d11k.htm,CIK0000732717-submissions-001.json
2019-06-28,11-K,0001193125-19-185893,2018-12-31,d766831d11k.htm,CIK0000732717-submissions-001.json
2019-06-28,11-K,0001193125-19-185890,2018-12-31,d771080d11k.htm,CIK0000732717-submissions-001.json
2019-06-28,11-K,0001193125-19-185887,2018-12-31,d765305d11k.htm,CIK0000732717-submissions-001.json
2019-07-02,4,0001127602-19-023640,2019-06-28,xslF345X03/form4.xml,CIK0000732717-submissions-001.json
2019-07-02,4,0001127602-19-023630,2019-06-28,xslF345X03/form4.xml,CIK0000732717-submissions-001.json
2019-07-02,4,0001127602-19-023622,2019-06-28,xslF345X03/form4.xml,CIK0000732717-submissions-001.json
2019-07-02,4,0001127602-19-023615,2019-06-28,xslF345X03/form4.xml,CIK0000732717-submissions-001.json
2019-07-02,4,0001127602-19-023608,2019-06-28,xslF345X03/form4.xml,CIK0000732717-submissions-001.json
2019-07-02,4,0001127602-19-023602,2019-06-28,xslF345X03/form4.xml,CIK0000732717-submissions-001.json
2019-07-02,4,0001127602-19-023596,2019-06-28,xslF345X03/form4.xml,CIK0000732717-submissions-001.json
2019-07-02,4,0001127602-19-023589,2019-06-28,xslF345X03/form4.xml,CIK0000732717-submissions-001.json
2019-07-02,8-K,0000732717-19-000025,2019-07-02,jul2_8k.htm,CIK0000732717-submissions-001.json
2019-07-03,8-K,0001193125-19-188389,2019-06-28,d774635d8k.htm,CIK0000732717-submissions-001.json
2019-07-24,8-K,0000732717-19-000031,2019-07-24,q2earning8k.htm,CIK0000732717-submissions-001.json
2019-07-24,8-K,0000732717-19-000030,2019-07-24,q2earnings801_8k.htm,CIK0000732717-submissions-001.json
2019-07-29,8-K,0000732717-19-000034,2019-07-26,newdirector.htm,CIK0000732717-submissions-001.json
2019-07-30,4,0001127602-19-025456,2019-07-26,xslF345X03/form4.xml,CIK0000732717-submissions-001.json
2019-08-02,4,0001127602-19-025834,2019-07-31,xslF345X03/form4.xml,CIK0000732717-submissions-001.json
2019-08-02,4,0001127602-19-025833,2019-07-31,xslF345X03/form4.xml,CIK0000732717-submissions-001.json
2019-08-02,4,0001127602-19-025832,2019-07-31,xslF345X03/form4.xml,CIK0000732717-submissions-001.json
2019-08-02,4,0001127602-19-025830,2019-07-31,xslF345X03/form4.xml,CIK0000732717-submissions-001.json
2019-08-02,4,0001127602-19-025829,2019-07-31,xslF345X03/form4.xml,CIK0000732717-submissions-001.json
2019-08-02,4,0001127602-19-025828,2019-07-31,xslF345X03/form4.xml,CIK0000732717-submissions-001.json
2019-08-02,4,0001127602-19-025827,2019-07-31,xslF345X03/form4.xml,CIK0000732717-submissions-001.json
2019-08-02,4,0001127602-19-025825,2019-07-31,xslF345X03/form4.xml,CIK0000732717-submissions-001.json
2019-08-02,4,0001127602-19-025824,2019-07-31,xslF345X03/form4.xml,CIK0000732717-submissions-001.json
2019-08-02,4,0001127602-19-025823,2019-07-31,xslF345X03/form4.xml,CIK0000732717-submissions-001.json
2019-08-02,4,0001127602-19-025821,2019-07-31,xslF345X03/form4.xml,CIK0000732717-submissions-001.json
2019-08-02,4,0001127602-19-025820,2019-07-31,xslF345X03/form4.xml,CIK0000732717-submissions-001.json
2019-08-02,4,0001127602-19-025818,2019-07-31,xslF345X03/form4.xml,CIK0000732717-submissions-001.json
2019-08-02,4,0001127602-19-025816,2019-07-31,xslF345X03/form4.xml,CIK0000732717-submissions-001.json
2019-08-02,4,0001127602-19-025815,2019-07-31,xslF345X03/form4.xml,CIK0000732717-submissions-001.json
2019-08-02,4,0001127602-19-025814,2019-07-31,xslF345X03/form4.xml,CIK0000732717-submissions-001.json
2019-08-02,4,0001127602-19-025813,2019-07-31,xslF345X03/form4.xml,CIK0000732717-submissions-001.json
2019-08-02,4,0001127602-19-025812,2019-07-31,xslF345X03/form4.xml,CIK0000732717-submissions-001.json
2019-08-02,4,0001127602-19-025810,2019-07-31,xslF345X03/form4.xml,CIK0000732717-submissions-001.json
2019-08-02,4,0001127602-19-025809,2019-07-31,xslF345X03/form4.xml,CIK0000732717-submissions-001.json
2019-08-05,10-Q,0001562762-19-000164,2019-06-30,t-20190630.htm,CIK0000732717-submissions-001.json
2019-08-05,3,0001127602-19-025959,2019-07-26,xslF345X02/form3.xml,CIK0000732717-submissions-001.json
2019-08-08,4,0001127602-19-026263,2019-08-07,xslF345X03/form4.xml,CIK0000732717-submissions-001.json
2019-08-29,8-K,0001193125-19-233801,2019-08-26,d767363d8k.htm,CIK0000732717-submissions-001.json
2019-09-03,8-K,0001193125-19-236682,2019-09-03,d798261d8k.htm,CIK0000732717-submissions-001.json
2019-09-04,4,0001127602-19-027912,2019-08-30,xslF345X03/form4.xml,CIK0000732717-submissions-001.json
2019-09-04,4,0001127602-19-027910,2019-08-30,xslF345X03/form4.xml,CIK0000732717-submissions-001.json
2019-09-04,4,0001127602-19-027907,2019-08-30,xslF345X03/form4.xml,CIK0000732717-submissions-001.json
2019-09-04,4,0001127602-19-027906,2019-08-30,xslF345X03/form4.xml,CIK0000732717-submissions-001.json
2019-09-04,4,0001127602-19-027905,2019-08-30,xslF345X03/form4.xml,CIK0000732717-submissions-001.json
2019-09-04,4,0001127602-19-027904,2019-08-30,xslF345X03/form4.xml,CIK0000732717-submissions-001.json
2019-09-04,4,0001127602-19-027903,2019-08-30,xslF345X03/form4.xml,CIK0000732717-submissions-001.json
2019-09-04,4,0001127602-19-027902,2019-08-30,xslF345X03/form4.xml,CIK0000732717-submissions-001.json
2019-09-04,FWP,0001193125-19-237681,,d795701dfwp.htm,CIK0000732717-submissions-001.json
2019-09-06,424B2,0001193125-19-240028,,d798006d424b2.htm,CIK0000732717-submissions-001.json
2019-09-06,8-K,0001193125-19-239966,2019-09-03,d799915d8k.htm,CIK0000732717-submissions-001.json
2019-09-11,8-A12B,0001193125-19-242775,,d801819d8a12b.htm,CIK0000732717-submissions-001.json
2019-09-11,8-K,0001193125-19-242738,2019-09-11,d800324d8k.htm,CIK0000732717-submissions-001.json
2019-09-12,CERT,0000876661-19-000935,,T8A091219.pdf,CIK0000732717-submissions-001.json
2019-09-24,8-K,0001193125-19-253615,2019-09-20,d778532d8k.htm,CIK0000732717-submissions-001.json
2019-10-01,PX14A6G,0001773161-19-000006,,cwaletter.htm,CIK0000732717-submissions-001.json
2019-10-02,4,0001127602-19-029841,2019-09-30,xslF345X03/form4.xml,CIK0000732717-submissions-001.json
2019-10-02,4,0001127602-19-029832,2019-09-30,xslF345X03/form4.xml,CIK0000732717-submissions-001.json
2019-10-02,4,0001127602-19-029830,2019-09-30,xslF345X03/form4.xml,CIK0000732717-submissions-001.json
2019-10-02,4,0001127602-19-029829,2019-09-30,xslF345X03/form4.xml,CIK0000732717-submissions-001.json
2019-10-02,4,0001127602-19-029828,2019-09-30,xslF345X03/form4.xml,CIK0000732717-submissions-001.json
2019-10-02,4,0001127602-19-029826,2019-09-30,xslF345X03/form4.xml,CIK0000732717-submissions-001.json
2019-10-02,4,0001127602-19-029825,2019-09-30,xslF345X03/form4.xml,CIK0000732717-submissions-001.json
2019-10-02,4,0001127602-19-029823,2019-09-30,xslF345X03/form4.xml,CIK0000732717-submissions-001.json
2019-10-08,3,0001127602-19-030275,2019-10-01,xslF345X02/form3.xml,CIK0000732717-submissions-001.json
2019-10-09,8-K,0001193125-19-265176,2019-10-09,d811796d8k.htm,CIK0000732717-submissions-001.json
2019-10-28,8-K,0000732717-19-000049,2019-10-28,q3earnings8k.htm,CIK0000732717-submissions-001.json
2019-10-28,8-K,0000732717-19-000048,2019-10-28,q3earnings801_8k.htm,CIK0000732717-submissions-001.json
2019-10-28,SC 13D/A,0001193125-19-275410,,d825840dsc13da.htm,CIK0000732717-submissions-001.json
2019-11-01,8-K,0000732717-19-000054,2019-11-01,form8k.htm,CIK0000732717-submissions-001.json
2019-11-04,4,0001127602-19-031686,2019-10-31,xslF345X03/form4.xml,CIK0000732717-submissions-001.json
2019-11-04,4,0001127602-19-031684,2019-10-31,xslF345X03/form4.xml,CIK0000732717-submissions-001.json
2019-11-04,4,0001127602-19-031683,2019-10-31,xslF345X03/form4.xml,CIK0000732717-submissions-001.json
2019-11-04,4,0001127602-19-031681,2019-10-30,xslF345X03/form4.xml,CIK0000732717-submissions-001.json
2019-11-04,4,0001127602-19-031680,2019-10-31,xslF345X03/form4.xml,CIK0000732717-submissions-001.json
2019-11-04,4,0001127602-19-031678,2019-10-31,xslF345X03/form4.xml,CIK0000732717-submissions-001.json
2019-11-04,4,0001127602-19-031675,2019-10-31,xslF345X03/form4.xml,CIK0000732717-submissions-001.json
2019-11-04,4,0001127602-19-031673,2019-10-31,xslF345X03/form4.xml,CIK0000732717-submissions-001.json
2019-11-04,4,0001127602-19-031672,2019-10-31,xslF345X03/form4.xml,CIK0000732717-submissions-001.json
2019-11-04,4,0001127602-19-031670,2019-10-31,xslF345X03/form4.xml,CIK0000732717-submissions-001.json
2019-11-04,4,0001127602-19-031665,2019-10-31,xslF345X03/form4.xml,CIK0000732717-submissions-001.json
2019-11-04,4,0001127602-19-031663,2019-10-31,xslF345X03/form4.xml,CIK0000732717-submissions-001.json
2019-11-04,4,0001127602-19-031662,2019-10-31,xslF345X03/form4.xml,CIK0000732717-submissions-001.json
2019-11-04,4,0001127602-19-031661,2019-10-31,xslF345X03/form4.xml,CIK0000732717-submissions-001.json
2019-11-04,4,0001127602-19-031659,2019-10-31,xslF345X03/form4.xml,CIK0000732717-submissions-001.json
2019-11-04,4,0001127602-19-031658,2019-10-31,xslF345X03/form4.xml,CIK0000732717-submissions-001.json
2019-11-04,4,0001127602-19-031650,2019-10-31,xslF345X03/form4.xml,CIK0000732717-submissions-001.json
2019-11-04,4,0001127602-19-031643,2019-10-31,xslF345X03/form4.xml,CIK0000732717-submissions-001.json
2019-11-04,4,0001127602-19-031641,2019-10-31,xslF345X03/form4.xml,CIK0000732717-submissions-001.json
2019-11-04,4,0001127602-19-031638,2019-10-31,xslF345X03/form4.xml,CIK0000732717-submissions-001.json
2019-11-05,10-Q,0000732717-19-000056,2019-09-30,t-20190930.htm,CIK0000732717-submissions-001.json
2019-11-08,3,0001127602-19-032322,2019-11-01,xslF345X02/form3.xml,CIK0000732717-submissions-001.json
2019-11-18,8-K,0001193125-19-294836,2019-11-18,d55222d8k.htm,CIK0000732717-submissions-001.json
2019-12-03,4,0001127602-19-034184,2019-11-29,xslF345X03/form4.xml,CIK0000732717-submissions-001.json
2019-12-03,4,0001127602-19-034183,2019-11-29,xslF345X03/form4.xml,CIK0000732717-submissions-001.json
2019-12-03,4,0001127602-19-034182,2019-11-29,xslF345X03/form4.xml,CIK0000732717-submissions-001.json
2019-12-03,4,0001127602-19-034181,2019-11-14,xslF345X03/form4.xml,CIK0000732717-submissions-001.json
2019-12-03,4,0001127602-19-034180,2019-11-29,xslF345X03/form4.xml,CIK0000732717-submissions-001.json
2019-12-03,4,0001127602-19-034179,2019-11-29,xslF345X03/form4.xml,CIK0000732717-submissions-001.json
2019-12-03,4,0001127602-19-034178,2019-11-29,xslF345X03/form4.xml,CIK0000732717-submissions-001.json
2019-12-03,4,0001127602-19-034177,2019-11-29,xslF345X03/form4.xml,CIK0000732717-submissions-001.json
2019-12-03,424B5,0001193125-19-304550,,d700509d424b5.htm,CIK0000732717-submissions-001.json
2019-12-03,FWP,0001193125-19-305101,,d843550dfwp.htm,CIK0000732717-submissions-001.json
2019-12-05,424B2,0001193125-19-306646,,d700509d424b2.htm,CIK0000732717-submissions-001.json
2019-12-05,424B5,0001193125-19-306837,,d815423d424b5.htm,CIK0000732717-submissions-001.json
2019-12-05,8-K,0001193125-19-307019,2019-12-05,d827989d8k.htm,CIK0000732717-submissions-001.json
2019-12-05,FWP,0001193125-19-307431,,d842543dfwp.htm,CIK0000732717-submissions-001.json
2019-12-09,424B2,0001193125-19-308619,,d815423d424b2.htm,CIK0000732717-submissions-001.json
2019-12-12,8-A12B,0001193125-19-312543,,d837406d8a12b.htm,CIK0000732717-submissions-001.json
2019-12-12,8-A12B,0001193125-19-312529,,d831249d8a12b.htm,CIK0000732717-submissions-001.json
2019-12-12,8-K,0001193125-19-312856,2019-12-06,d847484d8k.htm,CIK0000732717-submissions-001.json
2019-12-12,8-K,0001193125-19-312505,2019-12-11,d768240d8k.htm,CIK0000732717-submissions-001.json
2019-12-13,CERT,0000876661-19-001249,,T8A121319.pdf,CIK0000732717-submissions-001.json
2019-12-16,8-K,0001193125-19-315331,2019-12-16,d850304d8k.htm,CIK0000732717-submissions-001.json
2019-12-16,CERT,0000876661-19-001250,,T8A121619.pdf,CIK0000732717-submissions-001.json
2019-12-16,S-8,0001193125-19-315285,,d844802ds8.htm,CIK0000732717-submissions-001.json
2019-12-17,4,0001127602-19-035280,2019-12-13,xslF345X03/form4.xml,CIK0000732717-submissions-001.json
2019-12-17,4,0001127602-19-035271,2019-12-13,xslF345X03/form4.xml,CIK0000732717-submissions-001.json
2019-12-17,8-K,0001193125-19-316343,2019-12-17,d851764d8k.htm,CIK0000732717-submissions-001.json
2019-12-17,8-K,0001193125-19-316283,2019-12-12,d851493d8k.htm,CIK0000732717-submissions-001.json
2019-12-20,4/A,0001127602-19-035656,2019-12-13,xslF345X03/form4a.xml,CIK0000732717-submissions-001.json
2019-12-23,8-K,0001193125-19-321511,2019-12-23,d823194d8k.htm,CIK0000732717-submissions-001.json
2019-12-26,3,0001127602-19-035834,2019-12-16,xslF345X02/form3.xml,CIK0000732717-submissions-001.json
2020-01-03,4,0001127602-20-000578,2019-12-31,xslF345X03/form4.xml,CIK0000732717-submissions-001.json
2020-01-03,4,0001127602-20-000577,2019-12-31,xslF345X03/form4.xml,CIK0000732717-submissions-001.json
2020-01-03,4,0001127602-20-000574,2019-12-31,xslF345X03/form4.xml,CIK0000732717-submissions-001.json
2020-01-03,4,0001127602-20-000572,2019-12-31,xslF345X03/form4.xml,CIK0000732717-submissions-001.json
2020-01-03,4,0001127602-20-000569,2019-12-31,xslF345X03/form4.xml,CIK0000732717-submissions-001.json
2020-01-03,4,0001127602-20-000564,2019-12-31,xslF345X03/form4.xml,CIK0000732717-submissions-001.json
2020-01-03,4,0001127602-20-000560,2019-12-31,xslF345X03/form4.xml,CIK0000732717-submissions-001.json
2020-01-03,4,0001127602-20-000555,2019-12-31,xslF345X03/form4.xml,CIK0000732717-submissions-001.json
2020-01-10,8-K,0001193125-20-005410,2020-01-10,d810485d8k.htm,CIK0000732717-submissions-001.json
2020-01-29,8-K,0000732717-20-000006,2020-01-29,q4earnings8k.htm,CIK0000732717-submissions-001.json
2020-01-29,8-K,0000732717-20-000005,2020-01-29,q4earnings8k_801.htm,CIK0000732717-submissions-001.json
2020-01-30,4,0001127602-20-002814,2020-01-28,xslF345X03/form4.xml,CIK0000732717-submissions-001.json
2020-01-30,4,0001127602-20-002813,2020-01-28,xslF345X03/form4.xml,CIK0000732717-submissions-001.json
2020-01-30,4,0001127602-20-002812,2020-01-28,xslF345X03/form4.xml,CIK0000732717-submissions-001.json
2020-01-30,4,0001127602-20-002811,2020-01-28,xslF345X03/form4.xml,CIK0000732717-submissions-001.json
2020-01-30,4,0001127602-20-002810,2020-01-28,xslF345X03/form4.xml,CIK0000732717-submissions-001.json
2020-01-30,4,0001127602-20-002809,2020-01-28,xslF345X03/form4.xml,CIK0000732717-submissions-001.json
2020-01-30,4,0001127602-20-002808,2020-01-28,xslF345X03/form4.xml,CIK0000732717-submissions-001.json
2020-02-03,4,0001127602-20-003251,2020-01-30,xslF345X03/form4.xml,CIK0000732717-submissions-001.json
2020-02-03,4,0001127602-20-003240,2020-01-30,xslF345X03/form4.xml,CIK0000732717-submissions-001.json
2020-02-03,4,0001127602-20-003238,2020-01-30,xslF345X03/form4.xml,CIK0000732717-submissions-001.json
2020-02-03,4,0001127602-20-003236,2020-01-30,xslF345X03/form4.xml,CIK0000732717-submissions-001.json
2020-02-03,4,0001127602-20-003234,2020-01-30,xslF345X03/form4.xml,CIK0000732717-submissions-001.json
2020-02-03,4,0001127602-20-003233,2020-01-30,xslF345X03/form4.xml,CIK0000732717-submissions-001.json
2020-02-03,4,0001127602-20-003232,2020-01-30,xslF345X03/form4.xml,CIK0000732717-submissions-001.json
2020-02-03,4,0001127602-20-003231,2020-01-30,xslF345X03/form4.xml,CIK0000732717-submissions-001.json
2020-02-04,4,0001127602-20-003653,2020-01-31,xslF345X03/form4.xml,CIK0000732717-submissions-001.json
2020-02-04,4,0001127602-20-003650,2020-01-31,xslF345X03/form4.xml,CIK0000732717-submissions-001.json
2020-02-04,4,0001127602-20-003647,2020-01-31,xslF345X03/form4.xml,CIK0000732717-submissions-001.json
2020-02-04,4,0001127602-20-003631,2020-01-31,xslF345X03/form4.xml,CIK0000732717-submissions-001.json
2020-02-04,4,0001127602-20-003629,2020-01-29,xslF345X03/form4.xml,CIK0000732717-submissions-001.json
2020-02-04,4,0001127602-20-003626,2020-01-31,xslF345X03/form4.xml,CIK0000732717-submissions-001.json
2020-02-04,4,0001127602-20-003619,2020-01-31,xslF345X03/form4.xml,CIK0000732717-submissions-001.json
2020-02-04,4,0001127602-20-003615,2020-01-31,xslF345X03/form4.xml,CIK0000732717-submissions-001.json
2020-02-04,4,0001127602-20-003613,2020-01-31,xslF345X03/form4.xml,CIK0000732717-submissions-001.json
2020-02-04,4,0001127602-20-003610,2020-01-31,xslF345X03/form4.xml,CIK0000732717-submissions-001.json
2020-02-04,4,0001127602-20-003608,2020-01-31,xslF345X03/form4.xml,CIK0000732717-submissions-001.json
2020-02-04,4,0001127602-20-003604,2020-01-31,xslF345X03/form4.xml,CIK0000732717-submissions-001.json
2020-02-04,4,0001127602-20-003602,2020-01-31,xslF345X03/form4.xml,CIK0000732717-submissions-001.json
2020-02-04,4,0001127602-20-003600,2020-01-31,xslF345X03/form4.xml,CIK0000732717-submissions-001.json
2020-02-04,4,0001127602-20-003599,2020-01-31,xslF345X03/form4.xml,CIK0000732717-submissions-001.json
2020-02-04,4,0001127602-20-003598,2020-01-31,xslF345X03/form4.xml,CIK0000732717-submissions-001.json
2020-02-04,4,0001127602-20-003596,2019-06-12,xslF345X03/form4.xml,CIK0000732717-submissions-001.json
2020-02-04,4,0001127602-20-003590,2020-01-31,xslF345X03/form4.xml,CIK0000732717-submissions-001.json
2020-02-04,4,0001127602-20-003588,2020-01-31,xslF345X03/form4.xml,CIK0000732717-submissions-001.json
2020-02-04,4,0001127602-20-003586,2020-01-31,xslF345X03/form4.xml,CIK0000732717-submissions-001.json
2020-02-04,4,0001127602-20-003584,2020-01-31,xslF345X03/form4.xml,CIK0000732717-submissions-001.json
2020-02-04,4,0001127602-20-003582,2020-01-31,xslF345X03/form4.xml,CIK0000732717-submissions-001.json
2020-02-05,4,0001127602-20-003806,2020-02-04,xslF345X03/form4.xml,CIK0000732717-submissions-001.json
2020-02-05,SC 13G/A,0000834237-20-004773,,us00206r1023_020420.txt,CIK0000732717-submissions-001.json
2020-02-10,424B5,0001193125-20-028967,,d115529d424b5.htm,CIK0000732717-submissions-001.json
2020-02-12,4,0001127602-20-005052,2020-02-10,xslF345X03/form4.xml,CIK0000732717-submissions-001.json
2020-02-12,424B5,0001193125-20-032375,,d840947d424b5.htm,CIK0000732717-submissions-001.json
2020-02-12,FWP,0001193125-20-033414,,d889849dfwp.htm,CIK0000732717-submissions-001.json
2020-02-12,FWP,0001193125-20-032682,,d888644dfwp.htm,CIK0000732717-submissions-001.json
2020-02-12,SC 13G/A,0001104659-20-018367,,tv01662-attinc.htm,CIK0000732717-submissions-001.json
2020-02-13,FWP,0001193125-20-034876,,d882446dfwp.htm,CIK0000732717-submissions-001.json
2020-02-14,424B2,0001193125-20-038300,,d115529d424b2.htm,CIK0000732717-submissions-001.json
2020-02-14,424B2,0001193125-20-036498,,d840947d424b2.htm,CIK0000732717-submissions-001.json
2020-02-18,424B2,0001193125-20-039353,,d888899d424b2.htm,CIK0000732717-submissions-001.json
2020-02-18,8-A12B,0001193125-20-040369,,d888294d8a12b.htm,CIK0000732717-submissions-001.json
2020-02-18,8-K,0001193125-20-040320,2020-02-14,d610389d8k.htm,CIK0000732717-submissions-001.json
2020-02-18,CERT,0000876661-20-000118,,T8A021820.pdf,CIK0000732717-submissions-001.json
2020-02-19,3/A,0001127602-20-006551,2019-12-16,xslF345X02/form3a.xml,CIK0000732717-submissions-001.json
2020-02-19,4,0001127602-20-006553,2020-02-15,xslF345X03/form4.xml,CIK0000732717-submissions-001.json
2020-02-20,10-K,0001562762-20-000064,2019-12-31,t-20191231.htm,CIK0000732717-submissions-001.json
2020-02-25,4/A,0001127602-20-007513,2020-01-30,xslF345X03/form4a.xml,CIK0000732717-submissions-001.json
2020-02-25,4/A,0001127602-20-007512,2020-01-30,xslF345X03/form4a.xml,CIK0000732717-submissions-001.json
2020-02-25,4/A,0001127602-20-007511,2020-01-30,xslF345X03/form4a.xml,CIK0000732717-submissions-001.json
2020-02-25,4/A,0001127602-20-007510,2020-01-30,xslF345X03/form4a.xml,CIK0000732717-submissions-001.json
2020-02-25,4/A,0001127602-20-007509,2020-01-30,xslF345X03/form4a.xml,CIK0000732717-submissions-001.json
2020-02-25,4/A,0001127602-20-007508,2020-01-30,xslF345X03/form4a.xml,CIK0000732717-submissions-001.json
2020-02-25,4/A,0001127602-20-007506,2020-01-30,xslF345X03/form4a.xml,CIK0000732717-submissions-001.json
2020-02-25,4/A,0001127602-20-007505,2020-01-30,xslF345X03/form4a.xml,CIK0000732717-submissions-001.json
2020-02-25,4/A,0001127602-20-007504,2020-01-30,xslF345X03/form4a.xml,CIK0000732717-submissions-001.json
2020-02-27,8-A12B,0001193125-20-051757,,d898166d8a12b.htm,CIK0000732717-submissions-001.json
2020-02-27,8-K,0001193125-20-051700,2020-02-27,d866752d8k.htm,CIK0000732717-submissions-001.json
2020-02-28,CERT,0000876661-20-000146,,T498A22820.pdf,CIK0000732717-submissions-001.json
2020-03-03,4,0001127602-20-009184,2020-02-28,xslF345X03/form4.xml,CIK0000732717-submissions-001.json
2020-03-03,4,0001127602-20-009181,2020-02-28,xslF345X03/form4.xml,CIK0000732717-submissions-001.json
2020-03-03,4,0001127602-20-009179,2020-02-28,xslF345X03/form4.xml,CIK0000732717-submissions-001.json
2020-03-03,4,0001127602-20-009178,2020-02-28,xslF345X03/form4.xml,CIK0000732717-submissions-001.json
2020-03-03,4,0001127602-20-009175,2020-02-28,xslF345X03/form4.xml,CIK0000732717-submissions-001.json
2020-03-03,4,0001127602-20-009173,2020-02-03,xslF345X03/form4.xml,CIK0000732717-submissions-001.json
2020-03-03,4,0001127602-20-009170,2020-02-28,xslF345X03/form4.xml,CIK0000732717-submissions-001.json
2020-03-11,4,0001127602-20-010301,2020-03-10,xslF345X03/form4.xml,CIK0000732717-submissions-001.json
2020-03-11,4,0001127602-20-010300,2020-03-10,xslF345X03/form4.xml,CIK0000732717-submissions-001.json
2020-03-11,4,0001127602-20-010299,2020-03-10,xslF345X03/form4.xml,CIK0000732717-submissions-001.json
2020-03-11,4,0001127602-20-010298,2020-03-10,xslF345X03/form4.xml,CIK0000732717-submissions-001.json
2020-03-11,4,0001127602-20-010296,2020-03-10,xslF345X03/form4.xml,CIK0000732717-submissions-001.json
2020-03-11,4,0001127602-20-010294,2020-03-10,xslF345X03/form4.xml,CIK0000732717-submissions-001.json
2020-03-11,DEF 14A,0001193125-20-070302,2020-04-24,d867502ddef14a.htm,CIK0000732717-submissions-001.json
2020-03-11,DEFA14A,0001193125-20-070313,,d867502ddefa14a.htm,CIK0000732717-submissions-001.json
2020-03-20,8-K,0000732717-20-000010,2020-03-19,mar19_8k.htm,CIK0000732717-submissions-001.json
2020-04-02,4,0001127602-20-012588,2020-03-31,xslF345X03/form4.xml,CIK0000732717-submissions-001.json
2020-04-02,4,0001127602-20-012587,2020-03-31,xslF345X03/form4.xml,CIK0000732717-submissions-001.json
2020-04-02,4,0001127602-20-012586,2020-03-31,xslF345X03/form4.xml,CIK0000732717-submissions-001.json
2020-04-02,4,0001127602-20-012584,2020-03-31,xslF345X03/form4.xml,CIK0000732717-submissions-001.json
2020-04-02,4,0001127602-20-012583,2020-03-31,xslF345X03/form4.xml,CIK0000732717-submissions-001.json
2020-04-02,4,0001127602-20-012582,2020-03-13,xslF345X03/form4.xml,CIK0000732717-submissions-001.json
2020-04-02,4,0001127602-20-012579,2020-03-31,xslF345X03/form4.xml,CIK0000732717-submissions-001.json
2020-04-07,8-K,0001193125-20-099854,2020-04-06,d912927d8k.htm,CIK0000732717-submissions-001.json
2020-04-07,DEFA14A,0001193125-20-100150,,d851002ddefa14a.htm,CIK0000732717-submissions-001.json
2020-04-21,PX14A6G,0001214659-20-003565,,p421201px14a6g.htm,CIK0000732717-submissions-001.json
2020-04-22,8-K,0000732717-20-000017,2020-04-22,q1earning8k.htm,CIK0000732717-submissions-001.json
2020-04-22,8-K,0000732717-20-000016,2020-04-22,q1earning801_8k.htm,CIK0000732717-submissions-001.json
2020-04-23,3,0001127602-20-014354,2020-04-22,xslF345X02/form3.xml,CIK0000732717-submissions-001.json
2020-04-23,4,0001127602-20-014358,2020-04-22,xslF345X03/form4.xml,CIK0000732717-submissions-001.json
2020-04-23,4,0001127602-20-014356,2020-04-22,xslF345X03/form4.xml,CIK0000732717-submissions-001.json
2020-04-27,4,0001127602-20-014579,2020-04-24,xslF345X03/form4.xml,CIK0000732717-submissions-001.json
2020-04-27,4,0001127602-20-014576,2020-04-23,xslF345X03/form4.xml,CIK0000732717-submissions-001.json
2020-04-28,8-K,0001193125-20-123202,2020-04-23,d913267d8k.htm,CIK0000732717-submissions-001.json
2020-04-28,SC 13D/A,0001193125-20-121362,,d887462dsc13da.htm,CIK0000732717-submissions-001.json
2020-05-04,4,0001127602-20-015270,2020-04-30,xslF345X03/form4.xml,CIK0000732717-submissions-001.json
2020-05-04,4,0001127602-20-015267,2020-04-30,xslF345X03/form4.xml,CIK0000732717-submissions-001.json
2020-05-04,4,0001127602-20-015259,2020-04-30,xslF345X03/form4.xml,CIK0000732717-submissions-001.json
2020-05-04,4,0001127602-20-015256,2020-04-30,xslF345X03/form4.xml,CIK0000732717-submissions-001.json
2020-05-04,4,0001127602-20-015252,2020-04-30,xslF345X03/form4.xml,CIK0000732717-submissions-001.json
2020-05-04,4,0001127602-20-015250,2020-04-30,xslF345X03/form4.xml,CIK0000732717-submissions-001.json
2020-05-04,4,0001127602-20-015248,2020-04-30,xslF345X03/form4.xml,CIK0000732717-submissions-001.json
2020-05-04,4,0001127602-20-015246,2020-04-30,xslF345X03/form4.xml,CIK0000732717-submissions-001.json
2020-05-04,4,0001127602-20-015244,2020-04-30,xslF345X03/form4.xml,CIK0000732717-submissions-001.json
2020-05-04,4,0001127602-20-015241,2020-04-30,xslF345X03/form4.xml,CIK0000732717-submissions-001.json
2020-05-04,4,0001127602-20-015238,2020-04-30,xslF345X03/form4.xml,CIK0000732717-submissions-001.json
2020-05-04,4,0001127602-20-015229,2020-04-30,xslF345X03/form4.xml,CIK0000732717-submissions-001.json
2020-05-04,4,0001127602-20-015224,2020-04-30,xslF345X03/form4.xml,CIK0000732717-submissions-001.json
2020-05-04,4,0001127602-20-015222,2020-04-30,xslF345X03/form4.xml,CIK0000732717-submissions-001.json
2020-05-04,4,0001127602-20-015221,2020-04-30,xslF345X03/form4.xml,CIK0000732717-submissions-001.json
2020-05-04,4,0001127602-20-015218,2020-04-30,xslF345X03/form4.xml,CIK0000732717-submissions-001.json
2020-05-04,4,0001127602-20-015216,2020-04-30,xslF345X03/form4.xml,CIK0000732717-submissions-001.json
2020-05-04,4,0001127602-20-015214,2020-04-30,xslF345X03/form4.xml,CIK0000732717-submissions-001.json
2020-05-04,4,0001127602-20-015212,2020-04-30,xslF345X03/form4.xml,CIK0000732717-submissions-001.json
2020-05-04,4,0001127602-20-015211,2020-04-30,xslF345X03/form4.xml,CIK0000732717-submissions-001.json
2020-05-04,4,0001127602-20-015209,2020-04-30,xslF345X03/form4.xml,CIK0000732717-submissions-001.json
2020-05-04,4/A,0001127602-20-015113,2020-03-10,xslF345X03/form4a.xml,CIK0000732717-submissions-001.json
2020-05-04,4/A,0001127602-20-015107,2020-03-10,xslF345X03/form4a.xml,CIK0000732717-submissions-001.json
2020-05-04,4/A,0001127602-20-015106,2020-03-10,xslF345X03/form4a.xml,CIK0000732717-submissions-001.json
2020-05-04,4/A,0001127602-20-015103,2020-03-10,xslF345X03/form4a.xml,CIK0000732717-submissions-001.json
2020-05-06,10-Q,0001562762-20-000171,2020-03-31,t-20200331.htm,CIK0000732717-submissions-001.json
2020-05-19,FWP,0001193125-20-146114,,d933817dfwp.htm,CIK0000732717-submissions-001.json
2020-05-20,424B2,0001193125-20-147443,,d823893d424b2.htm,CIK0000732717-submissions-001.json
2020-05-22,FWP,0001193125-20-149056,,d935689dfwp.htm,CIK0000732717-submissions-001.json
2020-05-26,424B2,0001193125-20-150572,,d911032d424b2.htm,CIK0000732717-submissions-001.json
2020-05-27,8-A12B,0001193125-20-153123,,d932761d8a12b.htm,CIK0000732717-submissions-001.json
2020-05-27,8-K,0001193125-20-153101,2020-05-27,d903057d8k.htm,CIK0000732717-submissions-001.json
2020-05-28,8-K,0001193125-20-154286,2020-05-28,d936353d8k.htm,CIK0000732717-submissions-001.json
2020-05-28,CERT,0000876661-20-000449,,T283228052820.pdf,CIK0000732717-submissions-001.json
2020-06-02,4,0001127602-20-018517,2020-05-29,xslF345X03/form4.xml,CIK0000732717-submissions-001.json
2020-06-02,4,0001127602-20-018516,2020-05-29,xslF345X03/form4.xml,CIK0000732717-submissions-001.json
2020-06-02,4,0001127602-20-018515,2020-05-29,xslF345X03/form4.xml,CIK0000732717-submissions-001.json
2020-06-02,4,0001127602-20-018513,2020-05-29,xslF345X03/form4.xml,CIK0000732717-submissions-001.json
2020-06-02,4,0001127602-20-018510,2020-05-29,xslF345X03/form4.xml,CIK0000732717-submissions-001.json
2020-06-02,4,0001127602-20-018506,2020-05-29,xslF345X03/form4.xml,CIK0000732717-submissions-001.json
2020-06-02,4,0001127602-20-018503,2020-05-29,xslF345X03/form4.xml,CIK0000732717-submissions-001.json
2020-06-04,4,0001127602-20-018878,2020-06-03,xslF345X03/form4.xml,CIK0000732717-submissions-001.json
2020-06-16,8-K,0001193125-20-170447,2020-06-12,d927617d8k.htm,CIK0000732717-submissions-001.json
2020-06-16,FWP,0001193125-20-170114,,d922576dfwp.htm,CIK0000732717-submissions-001.json
2020-06-18,424B2,0001193125-20-172546,,d922580d424b2.htm,CIK0000732717-submissions-001.json
2020-06-24,8-A12B,0001193125-20-177750,,d920602d8a12b.htm,CIK0000732717-submissions-001.json
2020-06-24,8-K,0001193125-20-177735,2020-06-24,d946859d8k.htm,CIK0000732717-submissions-001.json
2020-06-25,CERT,0000876661-20-000525,,T8A062520.pdf,CIK0000732717-submissions-001.json
2020-06-26,8-K,0000732717-20-000020,2020-06-25,form8k.htm,CIK0000732717-submissions-001.json
2020-06-29,11-K,0000732717-20-000029,2019-12-31,prsp11k.htm,CIK0000732717-submissions-001.json
2020-06-29,11-K,0000732717-20-000027,2019-12-31,arsp11k.htm,CIK0000732717-submissions-001.json
2020-06-29,11-K,0000732717-20-000025,2019-12-31,bssp11k.htm,CIK0000732717-submissions-001.json
2020-06-29,11-K,0000732717-20-000023,2019-12-31,assp11k.htm,CIK0000732717-submissions-001.json
2020-07-02,4,0001127602-20-021049,2020-02-14,xslF345X03/form4.xml,CIK0000732717-submissions-001.json
2020-07-02,4,0001127602-20-021046,2020-06-30,xslF345X03/form4.xml,CIK0000732717-submissions-001.json
2020-07-02,4,0001127602-20-021045,2020-06-30,xslF345X03/form4.xml,CIK0000732717-submissions-001.json
2020-07-02,4,0001127602-20-021042,2020-06-30,xslF345X03/form4.xml,CIK0000732717-submissions-001.json
2020-07-02,4,0001127602-20-021041,2020-06-30,xslF345X03/form4.xml,CIK0000732717-submissions-001.json
2020-07-02,4,0001127602-20-021038,2020-06-30,xslF345X03/form4.xml,CIK0000732717-submissions-001.json
2020-07-02,4,0001127602-20-021035,2020-06-30,xslF345X03/form4.xml,CIK0000732717-submissions-001.json
2020-07-02,4,0001127602-20-021033,2020-06-30,xslF345X03/form4.xml,CIK0000732717-submissions-001.json
2020-07-09,3,0001127602-20-021310,2020-07-01,xslF345X02/form3.xml,CIK0000732717-submissions-001.json
2020-07-21,4/A,0001127602-20-021867,2020-04-23,xslF345X03/form4a.xml,CIK0000732717-submissions-001.json
2020-07-23,8-K,0000732717-20-000042,2020-07-23,q2earning8k.htm,CIK0000732717-submissions-001.json
2020-07-23,8-K,0000732717-20-000038,2020-07-23,q2earnings801_8k.htm,CIK0000732717-submissions-001.json
2020-07-23,8-K/A,0000732717-20-000040,2020-07-23,q2earning801_8ka.htm,CIK0000732717-submissions-001.json
2020-07-27,4,0001127602-20-022122,2020-07-23,xslF345X03/form4.xml,CIK0000732717-submissions-001.json
2020-07-27,424B5,0001193125-20-199153,,d944839d424b5.htm,CIK0000732717-submissions-001.json
2020-07-27,8-K,0001193125-20-199178,2020-07-27,d934121d8k.htm,CIK0000732717-submissions-001.json
2020-07-28,424B2,0001193125-20-201106,,d944839d424b2.htm,CIK0000732717-submissions-001.json
2020-07-28,FWP,0001193125-20-200104,,d948917dfwp.htm,CIK0000732717-submissions-001.json
2020-08-03,25-NSE,0000876661-20-000606,,xslF25X02/primary_doc.xml,CIK0000732717-submissions-001.json
2020-08-03,8-K,0001193125-20-207575,2020-07-31,d40882d8k.htm,CIK0000732717-submissions-001.json
2020-08-04,3/A,0001127602-20-022749,2020-07-01,xslF345X02/form3a.xml,CIK0000732717-submissions-001.json
2020-08-04,4,0001127602-20-022753,2020-07-31,xslF345X03/form4.xml,CIK0000732717-submissions-001.json
2020-08-04,4,0001127602-20-022748,2020-07-31,xslF345X03/form4.xml,CIK0000732717-submissions-001.json
2020-08-04,4,0001127602-20-022746,2020-07-31,xslF345X03/form4.xml,CIK0000732717-submissions-001.json
2020-08-04,4,0001127602-20-022745,2020-07-31,xslF345X03/form4.xml,CIK0000732717-submissions-001.json
2020-08-04,4,0001127602-20-022744,2020-07-31,xslF345X03/form4.xml,CIK0000732717-submissions-001.json
2020-08-04,4,0001127602-20-022743,2020-07-31,xslF345X03/form4.xml,CIK0000732717-submissions-001.json
2020-08-04,4,0001127602-20-022742,2020-07-31,xslF345X03/form4.xml,CIK0000732717-submissions-001.json
2020-08-04,4,0001127602-20-022739,2020-07-31,xslF345X03/form4.xml,CIK0000732717-submissions-001.json
2020-08-04,4,0001127602-20-022691,2020-07-31,xslF345X03/form4.xml,CIK0000732717-submissions-001.json
2020-08-04,4,0001127602-20-022689,2020-07-31,xslF345X03/form4.xml,CIK0000732717-submissions-001.json
2020-08-04,4,0001127602-20-022684,2020-07-31,xslF345X03/form4.xml,CIK0000732717-submissions-001.json
2020-08-04,4,0001127602-20-022680,2020-07-31,xslF345X03/form4.xml,CIK0000732717-submissions-001.json
2020-08-04,4,0001127602-20-022671,2020-07-31,xslF345X03/form4.xml,CIK0000732717-submissions-001.json
2020-08-04,4,0001127602-20-022665,2020-07-31,xslF345X03/form4.xml,CIK0000732717-submissions-001.json
2020-08-04,4,0001127602-20-022663,2020-07-31,xslF345X03/form4.xml,CIK0000732717-submissions-001.json
2020-08-04,4,0001127602-20-022660,2020-07-31,xslF345X03/form4.xml,CIK0000732717-submissions-001.json
2020-08-04,4,0001127602-20-022654,2020-07-31,xslF345X03/form4.xml,CIK0000732717-submissions-001.json
2020-08-04,4,0001127602-20-022650,2020-07-31,xslF345X03/form4.xml,CIK0000732717-submissions-001.json
2020-08-04,4,0001127602-20-022647,2020-07-31,xslF345X03/form4.xml,CIK0000732717-submissions-001.json
2020-08-04,4,0001127602-20-022642,2020-07-31,xslF345X03/form4.xml,CIK0000732717-submissions-001.json
2020-08-04,8-K,0001193125-20-208967,2020-08-04,d85259d8k.htm,CIK0000732717-submissions-001.json
2020-08-05,10-Q,0001562762-20-000279,2020-06-30,T2q2010q.htm,CIK0000732717-submissions-001.json
2020-08-10,8-K,0001193125-20-214947,2020-08-10,d34772d8k.htm,CIK0000732717-submissions-001.json
2020-08-19,8-K,0001193125-20-224301,2020-08-14,d918813d8k.htm,CIK0000732717-submissions-001.json
2020-08-20,4,0001127602-20-023994,2020-08-04,xslF345X03/form4.xml,CIK0000732717-submissions-001.json
2020-08-31,8-K,0001193125-20-236347,2020-08-31,d34281d8k.htm,CIK0000732717-submissions-001.json
2020-09-02,4,0001127602-20-024670,2020-08-31,xslF345X03/form4.xml,CIK0000732717-submissions-001.json
2020-09-02,4,0001127602-20-024669,2020-08-31,xslF345X03/form4.xml,CIK0000732717-submissions-001.json
2020-09-02,4,0001127602-20-024668,2020-08-31,xslF345X03/form4.xml,CIK0000732717-submissions-001.json
2020-09-02,4,0001127602-20-024667,2020-08-31,xslF345X03/form4.xml,CIK0000732717-submissions-001.json
2020-09-02,4,0001127602-20-024666,2020-08-31,xslF345X03/form4.xml,CIK0000732717-submissions-001.json
2020-09-02,4,0001127602-20-024665,2020-08-31,xslF345X03/form4.xml,CIK0000732717-submissions-001.json
2020-09-16,8-K,0001193125-20-246459,2020-09-15,d68385d8k.htm,CIK0000732717-submissions-001.json
2020-09-18,8-K,0001193125-20-249240,2020-09-18,d16270d8k.htm,CIK0000732717-submissions-001.json
2020-10-02,4,0001127602-20-026233,2020-09-30,xslF345X03/form4.xml,CIK0000732717-submissions-001.json
2020-10-02,4,0001127602-20-026229,2020-09-30,xslF345X03/form4.xml,CIK0000732717-submissions-001.json
2020-10-02,4,0001127602-20-026226,2020-09-30,xslF345X03/form4.xml,CIK0000732717-submissions-001.json
2020-10-02,4,0001127602-20-026222,2020-09-30,xslF345X03/form4.xml,CIK0000732717-submissions-001.json
2020-10-02,4,0001127602-20-026217,2020-09-30,xslF345X03/form4.xml,CIK0000732717-submissions-001.json
2020-10-02,4,0001127602-20-026214,2020-09-30,xslF345X03/form4.xml,CIK0000732717-submissions-001.json
2020-10-15,SC 13D/A,0001193125-20-270343,,d41626dsc13da.htm,CIK0000732717-submissions-001.json
2020-10-22,8-K,0000732717-20-000051,2020-10-22,t-20201022.htm,CIK0000732717-submissions-001.json
2020-10-22,8-K,0000732717-20-000050,2020-10-22,t-20201022.htm,CIK0000732717-submissions-001.json
2020-10-23,4,0000899243-20-029167,2020-10-13,xslF345X03/doc4.xml,CIK0000732717-submissions-001.json
2020-11-03,4,0001127602-20-027988,2020-10-30,xslF345X03/form4.xml,CIK0000732717-submissions-001.json
2020-11-03,4,0001127602-20-027987,2020-10-27,xslF345X03/form4.xml,CIK0000732717-submissions-001.json
2020-11-03,4,0001127602-20-027986,2020-10-30,xslF345X03/form4.xml,CIK0000732717-submissions-001.json
2020-11-03,4,0001127602-20-027984,2020-10-30,xslF345X03/form4.xml,CIK0000732717-submissions-001.json
2020-11-03,4,0001127602-20-027983,2020-10-30,xslF345X03/form4.xml,CIK0000732717-submissions-001.json
2020-11-03,4,0001127602-20-027981,2020-10-30,xslF345X03/form4.xml,CIK0000732717-submissions-001.json
2020-11-03,4,0001127602-20-027980,2020-10-30,xslF345X03/form4.xml,CIK0000732717-submissions-001.json
2020-11-03,4,0001127602-20-027978,2020-10-30,xslF345X03/form4.xml,CIK0000732717-submissions-001.json
2020-11-03,4,0001127602-20-027977,2020-10-30,xslF345X03/form4.xml,CIK0000732717-submissions-001.json
2020-11-03,4,0001127602-20-027976,2020-10-30,xslF345X03/form4.xml,CIK0000732717-submissions-001.json
2020-11-03,4,0001127602-20-027975,2020-10-30,xslF345X03/form4.xml,CIK0000732717-submissions-001.json
2020-11-03,4,0001127602-20-027973,2020-10-30,xslF345X03/form4.xml,CIK0000732717-submissions-001.json
2020-11-03,4,0001127602-20-027971,2020-10-30,xslF345X03/form4.xml,CIK0000732717-submissions-001.json
2020-11-03,4,0001127602-20-027970,2020-10-30,xslF345X03/form4.xml,CIK0000732717-submissions-001.json
2020-11-03,4,0001127602-20-027969,2020-10-30,xslF345X03/form4.xml,CIK0000732717-submissions-001.json
2020-11-03,4,0001127602-20-027968,2020-10-30,xslF345X03/form4.xml,CIK0000732717-submissions-001.json
2020-11-03,4,0001127602-20-027967,2020-10-30,xslF345X03/form4.xml,CIK0000732717-submissions-001.json
2020-11-03,4,0001127602-20-027966,2020-10-30,xslF345X03/form4.xml,CIK0000732717-submissions-001.json
2020-11-03,4,0001127602-20-027965,2020-10-30,xslF345X03/form4.xml,CIK0000732717-submissions-001.json
2020-11-03,4,0001127602-20-027964,2020-10-30,xslF345X03/form4.xml,CIK0000732717-submissions-001.json
2020-11-05,10-Q,0000732717-20-000056,2020-09-30,t-20200930.htm,CIK0000732717-submissions-001.json
2020-11-17,8-K,0001193125-20-296128,2020-11-11,d23235d8k.htm,CIK0000732717-submissions-001.json
2020-11-18,8-K,0001193125-20-296513,2020-11-17,d848080d8k.htm,CIK0000732717-submissions-001.json
2020-11-18,8-K,0001193125-20-296239,2020-11-17,d817343d8k.htm,CIK0000732717-submissions-001.json
2020-12-02,4,0001127602-20-030298,2020-11-30,xslF345X03/form4.xml,CIK0000732717-submissions-001.json
2020-12-02,4,0001127602-20-030294,2020-11-30,xslF345X03/form4.xml,CIK0000732717-submissions-001.json
2020-12-02,4,0001127602-20-030281,2020-11-05,xslF345X03/form4.xml,CIK0000732717-submissions-001.json
2020-12-02,4,0001127602-20-030280,2020-11-30,xslF345X03/form4.xml,CIK0000732717-submissions-001.json
2020-12-02,4,0001127602-20-030279,2020-11-30,xslF345X03/form4.xml,CIK0000732717-submissions-001.json
2020-12-02,4,0001127602-20-030278,2020-11-30,xslF345X03/form4.xml,CIK0000732717-submissions-001.json
2020-12-02,4,0001127602-20-030277,2020-11-30,xslF345X03/form4.xml,CIK0000732717-submissions-001.json
2020-12-02,8-K,0001193125-20-308533,2020-12-02,d74999d8k.htm,CIK0000732717-submissions-001.json
2020-12-04,25-NSE,0000876661-20-001119,,xslF25X02/primary_doc.xml,CIK0000732717-submissions-001.json
2020-12-07,8-K,0001193125-20-311774,2020-12-07,d153402d8k.htm,CIK0000732717-submissions-001.json
2020-12-08,4,0001127602-20-030876,2020-12-04,xslF345X03/form4.xml,CIK0000732717-submissions-001.json
2020-12-08,4,0001127602-20-030874,2020-12-04,xslF345X03/form4.xml,CIK0000732717-submissions-001.json
2020-12-08,4,0001127602-20-030869,2020-12-04,xslF345X03/form4.xml,CIK0000732717-submissions-001.json
2020-12-08,4,0001127602-20-030867,2020-12-04,xslF345X03/form4.xml,CIK0000732717-submissions-001.json
2020-12-08,4,0001127602-20-030865,2020-12-04,xslF345X03/form4.xml,CIK0000732717-submissions-001.json
2020-12-29,4,0001127602-20-032434,2020-12-27,xslF345X03/form4.xml,CIK0000732717-submissions-001.json
2021-01-05,4,0001127602-21-000393,2020-12-31,xslF345X03/form4.xml,CIK0000732717-submissions-001.json
2021-01-05,4,0001127602-21-000392,2020-12-31,xslF345X03/form4.xml,CIK0000732717-submissions-001.json
2021-01-05,4,0001127602-21-000391,2020-12-31,xslF345X03/form4.xml,CIK0000732717-submissions-001.json
2021-01-05,4,0001127602-21-000386,2020-12-31,xslF345X03/form4.xml,CIK0000732717-submissions-001.json
2021-01-05,4,0001127602-21-000385,2020-12-31,xslF345X03/form4.xml,CIK0000732717-submissions-001.json
2021-01-05,4,0001127602-21-000376,2020-12-31,xslF345X03/form4.xml,CIK0000732717-submissions-001.json
2021-01-25,8-K,0001193125-21-015737,2021-01-19,d21535d8k.htm,CIK0000732717-submissions-001.json
2021-01-27,8-K,0000732717-21-000009,2021-01-27,t-20210127.htm,CIK0000732717-submissions-001.json
2021-01-27,8-K,0000732717-21-000007,2021-01-27,t-20210127.htm,CIK0000732717-submissions-001.json
2021-01-28,4,0001127602-21-002908,2021-01-26,xslF345X03/form4.xml,CIK0000732717-submissions-001.json
2021-01-28,4,0001127602-21-002907,2021-01-21,xslF345X03/form4.xml,CIK0000732717-submissions-001.json
2021-01-28,4,0001127602-21-002905,2021-01-26,xslF345X03/form4.xml,CIK0000732717-submissions-001.json
2021-01-28,4,0001127602-21-002903,2021-01-26,xslF345X03/form4.xml,CIK0000732717-submissions-001.json
2021-01-28,4,0001127602-21-002900,2021-01-26,xslF345X03/form4.xml,CIK0000732717-submissions-001.json
2021-01-28,4,0001127602-21-002898,2021-01-26,xslF345X03/form4.xml,CIK0000732717-submissions-001.json
2021-01-28,4,0001127602-21-002895,2021-01-26,xslF345X03/form4.xml,CIK0000732717-submissions-001.json
2021-01-29,SC 13G/A,0000834237-21-002946,,us00206r1023_012821.txt,CIK0000732717-submissions-001.json
2021-02-01,4,0001127602-21-003360,2021-01-28,xslF345X03/form4.xml,CIK0000732717-submissions-001.json
2021-02-01,4,0001127602-21-003358,2021-01-28,xslF345X03/form4.xml,CIK0000732717-submissions-001.json
2021-02-01,4,0001127602-21-003292,2021-01-28,xslF345X03/form4.xml,CIK0000732717-submissions-001.json
2021-02-01,4,0001127602-21-003290,2021-01-28,xslF345X03/form4.xml,CIK0000732717-submissions-001.json
2021-02-01,4,0001127602-21-003287,2021-01-28,xslF345X03/form4.xml,CIK0000732717-submissions-001.json
2021-02-01,4,0001127602-21-003283,2021-01-28,xslF345X03/form4.xml,CIK0000732717-submissions-001.json
2021-02-01,4,0001127602-21-003279,2021-01-28,xslF345X03/form4.xml,CIK0000732717-submissions-001.json
2021-02-01,4,0001127602-21-003274,2021-01-28,xslF345X03/form4.xml,CIK0000732717-submissions-001.json
2021-02-01,8-K,0001193125-21-024687,2021-01-29,d910658d8k.htm,CIK0000732717-submissions-001.json
2021-02-02,4,0001127602-21-003545,2021-01-29,xslF345X03/form4.xml,CIK0000732717-submissions-001.json
2021-02-02,4,0001127602-21-003505,2021-01-29,xslF345X03/form4.xml,CIK0000732717-submissions-001.json
2021-02-02,4,0001127602-21-003502,2021-01-29,xslF345X03/form4.xml,CIK0000732717-submissions-001.json
2021-02-02,4,0001127602-21-003499,2021-01-29,xslF345X03/form4.xml,CIK0000732717-submissions-001.json
2021-02-02,4,0001127602-21-003496,2021-01-29,xslF345X03/form4.xml,CIK0000732717-submissions-001.json
2021-02-02,4,0001127602-21-003494,2021-01-29,xslF345X03/form4.xml,CIK0000732717-submissions-001.json
2021-02-02,4,0001127602-21-003492,2021-01-29,xslF345X03/form4.xml,CIK0000732717-submissions-001.json
2021-02-02,4,0001127602-21-003487,2021-01-29,xslF345X03/form4.xml,CIK0000732717-submissions-001.json
2021-02-02,4,0001127602-21-003474,2021-01-29,xslF345X03/form4.xml,CIK0000732717-submissions-001.json
2021-02-02,4,0001127602-21-003469,2021-01-29,xslF345X03/form4.xml,CIK0000732717-submissions-001.json
2021-02-02,4,0001127602-21-003465,2021-01-29,xslF345X03/form4.xml,CIK0000732717-submissions-001.json
2021-02-02,4,0001127602-21-003462,2021-01-29,xslF345X03/form4.xml,CIK0000732717-submissions-001.json
2021-02-02,4,0001127602-21-003461,2021-01-29,xslF345X03/form4.xml,CIK0000732717-submissions-001.json
2021-02-02,4,0001127602-21-003460,2021-01-29,xslF345X03/form4.xml,CIK0000732717-submissions-001.json
2021-02-02,4,0001127602-21-003459,2021-01-29,xslF345X03/form4.xml,CIK0000732717-submissions-001.json
2021-02-02,4,0001127602-21-003458,2021-01-29,xslF345X03/form4.xml,CIK0000732717-submissions-001.json
2021-02-02,4,0001127602-21-003457,2021-01-29,xslF345X03/form4.xml,CIK0000732717-submissions-001.json
2021-02-02,4,0001127602-21-003455,2021-01-29,xslF345X03/form4.xml,CIK0000732717-submissions-001.json
2021-02-02,4,0001127602-21-003453,2021-01-29,xslF345X03/form4.xml,CIK0000732717-submissions-001.json
2021-02-10,4,0001127602-21-004922,2021-02-09,xslF345X03/form4.xml,CIK0000732717-submissions-001.json
2021-02-10,SC 13G/A,0001104659-21-017505,,tv0295-attinc.htm,CIK0000732717-submissions-001.json
2021-02-16,4/A,0001127602-21-005989,2021-01-28,xslF345X03/form4a.xml,CIK0000732717-submissions-001.json
2021-02-16,4/A,0001127602-21-005982,2021-01-28,xslF345X03/form4a.xml,CIK0000732717-submissions-001.json
2021-02-16,4/A,0001127602-21-005981,2021-01-28,xslF345X03/form4a.xml,CIK0000732717-submissions-001.json
2021-02-16,4/A,0001127602-21-005976,2021-01-28,xslF345X03/form4a.xml,CIK0000732717-submissions-001.json
2021-02-16,4/A,0001127602-21-005975,2021-01-28,xslF345X03/form4a.xml,CIK0000732717-submissions-001.json
2021-02-16,4/A,0001127602-21-005974,2021-01-28,xslF345X03/form4a.xml,CIK0000732717-submissions-001.json
2021-02-17,4,0001127602-21-006145,2021-02-15,xslF345X03/form4.xml,CIK0000732717-submissions-001.json
2021-02-17,4,0001127602-21-006142,2021-02-15,xslF345X03/form4.xml,CIK0000732717-submissions-001.json
2021-02-25,10-K,0000732717-21-000012,2020-12-31,t-20201231.htm,CIK0000732717-submissions-001.json
2021-02-25,8-K,0001193125-21-056922,2021-02-25,d544248d8k.htm,CIK0000732717-submissions-001.json
2021-03-02,4,0001127602-21-008682,2021-02-26,xslF345X03/form4.xml,CIK0000732717-submissions-001.json
2021-03-02,4,0001127602-21-008681,2021-02-26,xslF345X03/form4.xml,CIK0000732717-submissions-001.json
2021-03-02,4,0001127602-21-008678,2021-02-26,xslF345X03/form4.xml,CIK0000732717-submissions-001.json
2021-03-02,4,0001127602-21-008674,2021-02-26,xslF345X03/form4.xml,CIK0000732717-submissions-001.json
2021-03-02,4,0001127602-21-008673,2021-02-26,xslF345X03/form4.xml,CIK0000732717-submissions-001.json
2021-03-02,4,0001127602-21-008672,2021-02-26,xslF345X03/form4.xml,CIK0000732717-submissions-001.json
2021-03-11,4,0001127602-21-010264,2021-03-10,xslF345X03/form4.xml,CIK0000732717-submissions-001.json
2021-03-11,4,0001127602-21-010256,2021-03-10,xslF345X03/form4.xml,CIK0000732717-submissions-001.json
2021-03-11,4,0001127602-21-010253,2021-03-10,xslF345X03/form4.xml,CIK0000732717-submissions-001.json
2021-03-11,4,0001127602-21-010251,2021-03-10,xslF345X03/form4.xml,CIK0000732717-submissions-001.json
2021-03-11,4,0001127602-21-010247,2021-03-10,xslF345X03/form4.xml,CIK0000732717-submissions-001.json
2021-03-11,DEF 14A,0001193125-21-077769,2021-04-30,d71655ddef14a.htm,CIK0000732717-submissions-001.json
2021-03-11,DEFA14A,0001193125-21-077789,,d71655ddefa14a.htm,CIK0000732717-submissions-001.json
2021-03-19,424B5,0001193125-21-086880,,d155965d424b5.htm,CIK0000732717-submissions-001.json
2021-03-19,FWP,0001193125-21-087747,,d133456dfwp.htm,CIK0000732717-submissions-001.json
2021-03-22,424B2,0001193125-21-089675,,d155965d424b2.htm,CIK0000732717-submissions-001.json
2021-03-23,8-K,0001193125-21-091252,2021-03-23,d163344d8k.htm,CIK0000732717-submissions-001.json
2021-03-30,8-K,0001193125-21-100281,2021-03-30,d167058d8k.htm,CIK0000732717-submissions-001.json
2021-04-02,4,0001127602-21-012818,2021-03-31,xslF345X03/form4.xml,CIK0000732717-submissions-001.json
2021-04-02,4,0001127602-21-012817,2021-03-31,xslF345X03/form4.xml,CIK0000732717-submissions-001.json
2021-04-02,4,0001127602-21-012815,2021-03-12,xslF345X03/form4.xml,CIK0000732717-submissions-001.json
2021-04-02,4,0001127602-21-012814,2021-03-31,xslF345X03/form4.xml,CIK0000732717-submissions-001.json
2021-04-02,4,0001127602-21-012813,2021-03-31,xslF345X03/form4.xml,CIK0000732717-submissions-001.json
2021-04-02,4,0001127602-21-012698,2021-03-31,xslF345X03/form4.xml,CIK0000732717-submissions-001.json
2021-04-02,DEFA14A,0001193125-21-104396,,d358449ddefa14a.htm,CIK0000732717-submissions-001.json
2021-04-07,3,0001127602-21-013349,2021-04-01,xslF345X02/form3.xml,CIK0000732717-submissions-001.json
2021-04-09,8-K,0000732717-21-000015,2021-04-09,t-20210409.htm,CIK0000732717-submissions-001.json
2021-04-12,PX14A6G,0001214659-21-004096,,p412210px14a6g.htm,CIK0000732717-submissions-001.json
2021-04-22,8-K,0000732717-21-000024,2021-04-22,t-20210422.htm,CIK0000732717-submissions-001.json
2021-04-22,8-K,0000732717-21-000022,2021-04-22,t-20210422.htm,CIK0000732717-submissions-001.json
2021-05-04,4,0001127602-21-015215,2021-01-28,xslF345X03/form4.xml,CIK0000732717-submissions-001.json
2021-05-04,4,0001127602-21-015211,2021-01-28,xslF345X03/form4.xml,CIK0000732717-submissions-001.json
2021-05-04,4,0001127602-21-015206,2021-04-30,xslF345X03/form4.xml,CIK0000732717-submissions-001.json
2021-05-04,4,0001127602-21-015202,2021-04-30,xslF345X03/form4.xml,CIK0000732717-submissions-001.json
2021-05-04,4,0001127602-21-015197,2021-04-22,xslF345X03/form4.xml,CIK0000732717-submissions-001.json
2021-05-04,4,0001127602-21-015194,2021-04-26,xslF345X03/form4.xml,CIK0000732717-submissions-001.json
2021-05-04,4,0001127602-21-015180,2021-04-30,xslF345X03/form4.xml,CIK0000732717-submissions-001.json
2021-05-04,4,0001127602-21-015169,2021-04-30,xslF345X03/form4.xml,CIK0000732717-submissions-001.json
2021-05-04,4,0001127602-21-015168,2021-04-30,xslF345X03/form4.xml,CIK0000732717-submissions-001.json
2021-05-04,4,0001127602-21-015164,2021-04-30,xslF345X03/form4.xml,CIK0000732717-submissions-001.json
2021-05-04,4,0001127602-21-015160,2021-04-30,xslF345X03/form4.xml,CIK0000732717-submissions-001.json
2021-05-04,4,0001127602-21-015157,2021-04-30,xslF345X03/form4.xml,CIK0000732717-submissions-001.json
2021-05-04,4,0001127602-21-015153,2021-04-30,xslF345X03/form4.xml,CIK0000732717-submissions-001.json
2021-05-04,4,0001127602-21-015148,2021-04-30,xslF345X03/form4.xml,CIK0000732717-submissions-001.json
2021-05-04,4,0001127602-21-015145,2021-04-30,xslF345X03/form4.xml,CIK0000732717-submissions-001.json
2021-05-04,4,0001127602-21-015144,2021-04-30,xslF345X03/form4.xml,CIK0000732717-submissions-001.json
2021-05-04,4,0001127602-21-015142,2021-04-30,xslF345X03/form4.xml,CIK0000732717-submissions-001.json
2021-05-04,4,0001127602-21-015141,2021-04-30,xslF345X03/form4.xml,CIK0000732717-submissions-001.json
2021-05-05,8-K,0000732717-21-000026,2021-04-30,form8k.htm,CIK0000732717-submissions-001.json
2021-05-06,10-Q,0000732717-21-000030,2021-03-31,t-20210331.htm,CIK0000732717-submissions-001.json
2021-05-17,425,0001193125-21-163923,,d160965d425.htm,CIK0000732717-submissions-001.json
2021-05-17,425,0001193125-21-163913,,d160965d425.htm,CIK0000732717-submissions-001.json
2021-05-17,425,0001193125-21-163908,,d160965d425.htm,CIK0000732717-submissions-001.json
2021-05-17,425,0001193125-21-163903,,d160965d425.htm,CIK0000732717-submissions-001.json
2021-05-17,425,0001193125-21-163901,,d160965d425.htm,CIK0000732717-submissions-001.json
2021-05-17,425,0001193125-21-163885,,d160965d425.htm,CIK0000732717-submissions-001.json
2021-05-17,425,0001193125-21-163888,,d160965d425.htm,CIK0000732717-submissions-001.json
2021-05-17,425,0001193125-21-162723,,d176202d425.htm,CIK0000732717-submissions-001.json
2021-05-17,8-K,0001193125-21-162721,2021-05-17,d176202d8k.htm,CIK0000732717-submissions-001.json
2021-05-18,425,0001193125-21-165579,,d102212d425.htm,CIK0000732717-submissions-001.json
2021-05-18,425,0001193125-21-165577,,d102212d425.htm,CIK0000732717-submissions-001.json
2021-05-18,425,0001193125-21-165576,,d102212d425.htm,CIK0000732717-submissions-001.json
2021-05-18,425,0001193125-21-165574,,d102212d425.htm,CIK0000732717-submissions-001.json
2021-05-20,8-K,0001193125-21-167802,2021-05-17,d166195d8k.htm,CIK0000732717-submissions-001.json
2021-05-21,4,0001127602-21-017803,2021-05-19,xslF345X03/form4.xml,CIK0000732717-submissions-001.json
2021-05-21,4,0001127602-21-017801,2021-05-19,xslF345X03/form4.xml,CIK0000732717-submissions-001.json
2021-05-24,4,0001127602-21-017873,2021-05-18,xslF345X03/form4.xml,CIK0000732717-submissions-001.json
2021-05-25,425,0001193125-21-171300,,d158193d425.htm,CIK0000732717-submissions-001.json
2021-05-25,425,0001193125-21-171299,,d169927d425.htm,CIK0000732717-submissions-001.json
2021-06-01,425,0001193125-21-178540,,d176845d425.htm,CIK0000732717-submissions-001.json
2021-06-02,4,0001127602-21-018687,2021-05-28,xslF345X03/form4.xml,CIK0000732717-submissions-001.json
2021-06-02,4,0001127602-21-018685,2021-05-28,xslF345X03/form4.xml,CIK0000732717-submissions-001.json
2021-06-02,4,0001127602-21-018684,2021-05-28,xslF345X03/form4.xml,CIK0000732717-submissions-001.json
2021-06-02,4,0001127602-21-018683,2021-05-28,xslF345X03/form4.xml,CIK0000732717-submissions-001.json
2021-06-02,4,0001127602-21-018681,2021-05-28,xslF345X03/form4.xml,CIK0000732717-submissions-001.json
2021-06-10,8-K,0001193125-21-186966,2021-06-04,d66712d8k.htm,CIK0000732717-submissions-001.json
2021-06-11,425,0001193125-21-188906,,d165683d425.htm,CIK0000732717-submissions-001.json
2021-06-15,425,0001193125-21-191179,,d171521d425.htm,CIK0000732717-submissions-001.json
2021-06-21,425,0001193125-21-195222,,d164750d425.htm,CIK0000732717-submissions-001.json
2021-06-21,8-K,0001628280-21-012583,2021-06-21,t-20210621.htm,CIK0000732717-submissions-001.json
2021-06-25,8-K,0001193125-21-199754,2021-06-25,d139615d8k.htm,CIK0000732717-submissions-001.json
2021-06-28,11-K,0000732717-21-000050,2020-12-31,t2020bellsouth11-kfinancial.htm,CIK0000732717-submissions-001.json
2021-06-28,11-K,0000732717-21-000049,2020-12-31,t2020assp11-kfinancial.htm,CIK0000732717-submissions-001.json
2021-06-28,11-K,0000732717-21-000048,2020-12-31,t2020prrsp11-kfinancial.htm,CIK0000732717-submissions-001.json
2021-06-28,11-K,0000732717-21-000047,2020-12-31,t2020arsp11-kfinancial.htm,CIK0000732717-submissions-001.json
2021-06-28,3,0001127602-21-020731,2021-06-25,xslF345X02/form3.xml,CIK0000732717-submissions-001.json
2021-07-01,4,0001127602-21-021065,2021-06-30,xslF345X03/form4.xml,CIK0000732717-submissions-001.json
2021-07-01,4,0001127602-21-021064,2021-06-30,xslF345X03/form4.xml,CIK0000732717-submissions-001.json
2021-07-01,4,0001127602-21-021063,2021-06-30,xslF345X03/form4.xml,CIK0000732717-submissions-001.json
2021-07-01,4,0001127602-21-021062,2021-06-30,xslF345X03/form4.xml,CIK0000732717-submissions-001.json
2021-07-01,4,0001127602-21-021061,2021-06-30,xslF345X03/form4.xml,CIK0000732717-submissions-001.json
2021-07-16,8-K,0001193125-21-216751,2021-07-15,d125119d8k.htm,CIK0000732717-submissions-001.json
2021-07-19,4,0001127602-21-022204,2021-07-15,xslF345X03/form4.xml,CIK0000732717-submissions-001.json
2021-07-19,8-K,0001193125-21-218591,2021-07-19,d167132d8k.htm,CIK0000732717-submissions-001.json
2021-07-21,8-K,0000732717-21-000054,2021-07-21,t-20210721.htm,CIK0000732717-submissions-001.json
2021-07-22,425,0001193125-21-221857,,d104559d425.htm,CIK0000732717-submissions-001.json
2021-07-22,8-K,0000732717-21-000060,2021-07-22,t-20210722.htm,CIK0000732717-submissions-001.json
2021-07-22,8-K,0000732717-21-000059,2021-07-22,t-20210722.htm,CIK0000732717-submissions-001.json
2021-07-22,S-4,0001193125-21-221913,,d139719ds4.htm,CIK0000732717-submissions-001.json
2021-07-29,UPLOAD,0000000000-21-009336,,filename1.pdf,CIK0000732717-submissions-001.json
2021-08-02,4/A,0001127602-21-022799,2021-01-29,xslF345X03/form4a.xml,CIK0000732717-submissions-001.json
2021-08-02,8-K,0001193125-21-233230,2021-07-31,d188128d8k.htm,CIK0000732717-submissions-001.json
2021-08-02,CORRESP,0001193125-21-233426,,filename1.htm,CIK0000732717-submissions-001.json
2021-08-02,S-4/A,0001193125-21-233400,,d139719ds4a.htm,CIK0000732717-submissions-001.json
2021-08-03,4,0001127602-21-022996,2021-07-30,xslF345X03/form4.xml,CIK0000732717-submissions-001.json
2021-08-03,4,0001127602-21-022995,2021-07-30,xslF345X03/form4.xml,CIK0000732717-submissions-001.json
2021-08-03,4,0001127602-21-022994,2021-07-30,xslF345X03/form4.xml,CIK0000732717-submissions-001.json
2021-08-03,4,0001127602-21-022993,2021-07-30,xslF345X03/form4.xml,CIK0000732717-submissions-001.json
2021-08-03,4,0001127602-21-022992,2021-07-30,xslF345X03/form4.xml,CIK0000732717-submissions-001.json
2021-08-03,4,0001127602-21-022991,2021-07-30,xslF345X03/form4.xml,CIK0000732717-submissions-001.json
2021-08-03,4,0001127602-21-022990,2021-07-30,xslF345X03/form4.xml,CIK0000732717-submissions-001.json
2021-08-03,4,0001127602-21-022989,2021-07-30,xslF345X03/form4.xml,CIK0000732717-submissions-001.json
2021-08-03,4,0001127602-21-022988,2021-07-30,xslF345X03/form4.xml,CIK0000732717-submissions-001.json
2021-08-03,4,0001127602-21-022986,2021-07-30,xslF345X03/form4.xml,CIK0000732717-submissions-001.json
2021-08-03,4,0001127602-21-022984,2021-07-30,xslF345X03/form4.xml,CIK0000732717-submissions-001.json
2021-08-03,4,0001127602-21-022983,2021-07-30,xslF345X03/form4.xml,CIK0000732717-submissions-001.json
2021-08-03,4,0001127602-21-022981,2021-07-30,xslF345X03/form4.xml,CIK0000732717-submissions-001.json
2021-08-03,4,0001127602-21-022979,2021-07-30,xslF345X03/form4.xml,CIK0000732717-submissions-001.json
2021-08-03,4,0001127602-21-022977,2021-07-30,xslF345X03/form4.xml,CIK0000732717-submissions-001.json
2021-08-03,4,0001127602-21-022976,2021-07-30,xslF345X03/form4.xml,CIK0000732717-submissions-001.json
2021-08-03,4,0001127602-21-022974,2021-07-30,xslF345X03/form4.xml,CIK0000732717-submissions-001.json
2021-08-04,424B3,0001193125-21-236383,,d139719d424b3.htm,CIK0000732717-submissions-001.json
2021-08-04,EFFECT,9999999995-21-003050,,xslEFFECTX01/primary_doc.xml,CIK0000732717-submissions-001.json
2021-08-05,10-Q,0000732717-21-000067,2021-06-30,t-20210630.htm,CIK0000732717-submissions-001.json
2021-08-10,425,0001193125-21-242005,,d158951d425.htm,CIK0000732717-submissions-001.json
2021-09-01,4,0001127602-21-024675,2021-08-31,xslF345X03/form4.xml,CIK0000732717-submissions-001.json
2021-09-01,4,0001127602-21-024674,2021-08-31,xslF345X03/form4.xml,CIK0000732717-submissions-001.json
2021-09-01,4,0001127602-21-024673,2021-08-31,xslF345X03/form4.xml,CIK0000732717-submissions-001.json
2021-09-01,4,0001127602-21-024672,2021-08-31,xslF345X03/form4.xml,CIK0000732717-submissions-001.json
2021-09-01,4,0001127602-21-024671,2021-08-31,xslF345X03/form4.xml,CIK0000732717-submissions-001.json
2021-09-09,8-K,0000732717-21-000071,2021-09-09,t-20210909.htm,CIK0000732717-submissions-001.json
2021-09-14,425,0001193125-21-272878,,d217961d425.htm,CIK0000732717-submissions-001.json
2021-10-04,4,0001127602-21-026430,2021-09-30,xslF345X03/form4.xml,CIK0000732717-submissions-001.json
2021-10-04,4,0001127602-21-026426,2021-09-30,xslF345X03/form4.xml,CIK0000732717-submissions-001.json
2021-10-04,4,0001127602-21-026424,2021-09-30,xslF345X03/form4.xml,CIK0000732717-submissions-001.json
2021-10-04,4,0001127602-21-026420,2021-09-30,xslF345X03/form4.xml,CIK0000732717-submissions-001.json
2021-10-04,4,0001127602-21-026418,2021-09-30,xslF345X03/form4.xml,CIK0000732717-submissions-001.json
2021-10-21,425,0001193125-21-304017,,d245249d425.htm,CIK0000732717-submissions-001.json
2021-10-21,8-K,0000732717-21-000077,2021-10-21,t-20211021.htm,CIK0000732717-submissions-001.json
2021-10-21,8-K,0000732717-21-000076,2021-10-21,t-20211021.htm,CIK0000732717-submissions-001.json
2021-11-02,4,0001127602-21-028109,2021-10-29,xslF345X03/form4.xml,CIK0000732717-submissions-001.json
2021-11-02,4,0001127602-21-028107,2021-10-29,xslF345X03/form4.xml,CIK0000732717-submissions-001.json
2021-11-02,4,0001127602-21-028104,2021-10-29,xslF345X03/form4.xml,CIK0000732717-submissions-001.json
2021-11-02,4,0001127602-21-028099,2021-10-29,xslF345X03/form4.xml,CIK0000732717-submissions-001.json
2021-11-02,4,0001127602-21-028096,2021-10-29,xslF345X03/form4.xml,CIK0000732717-submissions-001.json
2021-11-02,4,0001127602-21-028094,2021-10-29,xslF345X03/form4.xml,CIK0000732717-submissions-001.json
2021-11-02,4,0001127602-21-028087,2021-10-29,xslF345X03/form4.xml,CIK0000732717-submissions-001.json
2021-11-02,4,0001127602-21-028084,2021-10-29,xslF345X03/form4.xml,CIK0000732717-submissions-001.json
2021-11-02,4,0001127602-21-028083,2021-10-29,xslF345X03/form4.xml,CIK0000732717-submissions-001.json
2021-11-02,4,0001127602-21-028081,2021-10-29,xslF345X03/form4.xml,CIK0000732717-submissions-001.json
2021-11-02,4,0001127602-21-028080,2021-10-29,xslF345X03/form4.xml,CIK0000732717-submissions-001.json
2021-11-02,4,0001127602-21-028075,2021-10-27,xslF345X03/form4.xml,CIK0000732717-submissions-001.json
2021-11-02,4,0001127602-21-028072,2021-10-29,xslF345X03/form4.xml,CIK0000732717-submissions-001.json
2021-11-02,4,0001127602-21-028068,2021-10-29,xslF345X03/form4.xml,CIK0000732717-submissions-001.json
2021-11-02,4,0001127602-21-028067,2021-10-29,xslF345X03/form4.xml,CIK0000732717-submissions-001.json
2021-11-02,4,0001127602-21-028066,2021-10-29,xslF345X03/form4.xml,CIK0000732717-submissions-001.json
2021-11-02,4,0001127602-21-028065,2021-10-29,xslF345X03/form4.xml,CIK0000732717-submissions-001.json
2021-11-04,10-Q,0000732717-21-000080,2021-09-30,t-20210930.htm,CIK0000732717-submissions-001.json
2021-11-10,4,0001127602-21-028805,2021-11-08,xslF345X03/form4.xml,CIK0000732717-submissions-001.json
2021-11-19,425,0001193125-21-335050,,d263720d425.htm,CIK0000732717-submissions-001.json
2021-12-02,4,0001127602-21-030169,2021-11-30,xslF345X03/form4.xml,CIK0000732717-submissions-001.json
2021-12-02,4,0001127602-21-030168,2021-11-30,xslF345X03/form4.xml,CIK0000732717-submissions-001.json
2021-12-02,4,0001127602-21-030167,2021-11-30,xslF345X03/form4.xml,CIK0000732717-submissions-001.json
2021-12-02,4,0001127602-21-030166,2021-11-30,xslF345X03/form4.xml,CIK0000732717-submissions-001.json
2021-12-02,4,0001127602-21-030165,2021-11-30,xslF345X03/form4.xml,CIK0000732717-submissions-001.json
2021-12-02,4,0001127602-21-030164,2021-11-30,xslF345X03/form4.xml,CIK0000732717-submissions-001.json
2021-12-02,4,0001127602-21-030163,2021-11-30,xslF345X03/form4.xml,CIK0000732717-submissions-001.json
2021-12-02,4,0001127602-21-030154,2021-11-30,xslF345X03/form4.xml,CIK0000732717-submissions-001.json
2021-12-06,425,0001193125-21-349126,,d250240d425.htm,CIK0000732717-submissions-001.json
2021-12-06,8-K/A,0000732717-21-000088,2021-06-25,t-20210625.htm,CIK0000732717-submissions-001.json
2021-12-07,425,0001193125-21-350151,,d278484d425.htm,CIK0000732717-submissions-001.json
2021-12-17,25-NSE,0000876661-21-001770,,xslF25X02/primary_doc.xml,CIK0000732717-submissions-001.json
2021-12-22,UPLOAD,0000000000-21-015291,,filename1.pdf,CIK0000732717-submissions-001.json
2021-12-29,8-K,0000732717-21-000094,2021-12-28,t-20211228.htm,CIK0000732717-submissions-001.json
2022-01-04,4,0001127602-22-000365,2021-12-31,xslF345X03/form4.xml,CIK0000732717-submissions-001.json
2022-01-04,4,0001127602-22-000363,2021-12-31,xslF345X03/form4.xml,CIK0000732717-submissions-001.json
2022-01-04,4,0001127602-22-000361,2021-12-31,xslF345X03/form4.xml,CIK0000732717-submissions-001.json
2022-01-04,4,0001127602-22-000359,2021-12-31,xslF345X03/form4.xml,CIK0000732717-submissions-001.json
2022-01-04,4,0001127602-22-000357,2021-12-31,xslF345X03/form4.xml,CIK0000732717-submissions-001.json
2022-01-05,8-K,0000732717-22-000004,2022-01-05,t-20220105.htm,CIK0000732717-submissions-001.json
2022-01-07,CORRESP,0001193125-22-004440,,filename1.htm,CIK0000732717-submissions-001.json
2022-01-19,4,0000899243-22-002544,2022-01-14,xslF345X03/doc4.xml,CIK0000732717-submissions-001.json
2022-01-19,4,0000899243-22-002541,2022-01-14,xslF345X03/doc4.xml,CIK0000732717-submissions-001.json
2022-01-19,4,0000899243-22-002537,2022-01-14,xslF345X03/doc4.xml,CIK0000732717-submissions-001.json
2022-01-19,4,0000899243-22-002532,2022-01-14,xslF345X03/doc4.xml,CIK0000732717-submissions-001.json
2022-01-19,4,0000899243-22-002530,2022-01-14,xslF345X03/doc4.xml,CIK0000732717-submissions-001.json
2022-01-19,4,0000899243-22-002529,2022-01-14,xslF345X03/doc4.xml,CIK0000732717-submissions-001.json
2022-01-19,4,0000899243-22-002526,2022-01-14,xslF345X03/doc4.xml,CIK0000732717-submissions-001.json
2022-01-19,4,0000899243-22-002525,2022-01-14,xslF345X03/doc4.xml,CIK0000732717-submissions-001.json
2022-01-26,425,0001193125-22-018389,,d288789d425.htm,CIK0000732717-submissions-001.json
2022-01-26,425,0001193125-22-018386,,d297318d425.htm,CIK0000732717-submissions-001.json
2022-01-26,8-K,0000732717-22-000010,2022-01-26,t-20220126.htm,CIK0000732717-submissions-001.json
2022-01-26,8-K,0000732717-22-000009,2022-01-26,t-20220126.htm,CIK0000732717-submissions-001.json
2022-01-31,4,0001127602-22-002621,2022-01-27,xslF345X03/form4.xml,CIK0000732717-submissions-001.json
2022-01-31,4,0001127602-22-002620,2022-01-27,xslF345X03/form4.xml,CIK0000732717-submissions-001.json
2022-01-31,4,0001127602-22-002619,2022-01-27,xslF345X03/form4.xml,CIK0000732717-submissions-001.json
2022-01-31,4,0001127602-22-002618,2022-01-27,xslF345X03/form4.xml,CIK0000732717-submissions-001.json
2022-01-31,4,0001127602-22-002617,2022-01-27,xslF345X03/form4.xml,CIK0000732717-submissions-001.json
2022-01-31,4,0001127602-22-002616,2022-01-27,xslF345X03/form4.xml,CIK0000732717-submissions-001.json
2022-01-31,4,0001127602-22-002615,2022-01-27,xslF345X03/form4.xml,CIK0000732717-submissions-001.json
2022-01-31,4,0001127602-22-002614,2022-01-27,xslF345X03/form4.xml,CIK0000732717-submissions-001.json
2022-01-31,4,0001127602-22-002613,2022-01-27,xslF345X03/form4.xml,CIK0000732717-submissions-001.json
2022-01-31,4,0001127602-22-002611,2022-01-27,xslF345X03/form4.xml,CIK0000732717-submissions-001.json
2022-01-31,4,0001127602-22-002609,2022-01-27,xslF345X03/form4.xml,CIK0000732717-submissions-001.json
2022-01-31,4,0001127602-22-002608,2022-01-27,xslF345X03/form4.xml,CIK0000732717-submissions-001.json
2022-01-31,4,0001127602-22-002607,2022-01-27,xslF345X03/form4.xml,CIK0000732717-submissions-001.json
2022-02-01,425,0001193125-22-023927,,d249538d425.htm,CIK0000732717-submissions-001.json
2022-02-01,425,0001193125-22-023920,,d304115d425.htm,CIK0000732717-submissions-001.json
2022-02-01,8-K,0001193125-22-023926,2022-02-01,d297230d8k.htm,CIK0000732717-submissions-001.json
2022-02-01,SC 13G/A,0000834237-22-003987,,us00206r1023_013122.txt,CIK0000732717-submissions-001.json
2022-02-02,4,0001127602-22-003068,2022-01-31,xslF345X03/form4.xml,CIK0000732717-submissions-001.json
2022-02-02,4,0001127602-22-003067,2022-01-31,xslF345X03/form4.xml,CIK0000732717-submissions-001.json
2022-02-02,4,0001127602-22-003066,2022-01-31,xslF345X03/form4.xml,CIK0000732717-submissions-001.json
2022-02-02,4,0001127602-22-003064,2022-01-31,xslF345X03/form4.xml,CIK0000732717-submissions-001.json
2022-02-02,4,0001127602-22-003063,2022-01-31,xslF345X03/form4.xml,CIK0000732717-submissions-001.json
2022-02-02,4,0001127602-22-003062,2022-01-31,xslF345X03/form4.xml,CIK0000732717-submissions-001.json
2022-02-02,4,0001127602-22-003061,2022-01-31,xslF345X03/form4.xml,CIK0000732717-submissions-001.json
2022-02-02,4,0001127602-22-003060,2022-01-31,xslF345X03/form4.xml,CIK0000732717-submissions-001.json
2022-02-02,4,0001127602-22-003059,2022-01-31,xslF345X03/form4.xml,CIK0000732717-submissions-001.json
2022-02-02,4,0001127602-22-003058,2022-01-31,xslF345X03/form4.xml,CIK0000732717-submissions-001.json
2022-02-02,4,0001127602-22-003057,2022-01-31,xslF345X03/form4.xml,CIK0000732717-submissions-001.json
2022-02-02,4,0001127602-22-003056,2022-01-31,xslF345X03/form4.xml,CIK0000732717-submissions-001.json
2022-02-02,4,0001127602-22-003009,2022-01-31,xslF345X03/form4.xml,CIK0000732717-submissions-001.json
2022-02-02,4,0001127602-22-003006,2022-01-31,xslF345X03/form4.xml,CIK0000732717-submissions-001.json
2022-02-02,4,0001127602-22-003004,2022-01-31,xslF345X03/form4.xml,CIK0000732717-submissions-001.json
2022-02-02,4,0001127602-22-003001,2022-01-31,xslF345X03/form4.xml,CIK0000732717-submissions-001.json
2022-02-02,4,0001127602-22-002998,2022-01-31,xslF345X03/form4.xml,CIK0000732717-submissions-001.json
2022-02-02,4,0001127602-22-002995,2022-01-31,xslF345X03/form4.xml,CIK0000732717-submissions-001.json
2022-02-02,4,0001127602-22-002991,2022-01-31,xslF345X03/form4.xml,CIK0000732717-submissions-001.json
2022-02-03,UPLOAD,0000000000-22-001388,,filename1.pdf,CIK0000732717-submissions-001.json
2022-02-09,SC 13G/A,0001104659-22-016226,,tv0013-attinc.htm,CIK0000732717-submissions-001.json
2022-02-16,10-K,0000732717-22-000015,2021-12-31,t-20211231.htm,CIK0000732717-submissions-001.json
2022-02-17,4,0001127602-22-005542,2022-02-15,xslF345X03/form4.xml,CIK0000732717-submissions-001.json
2022-02-17,4,0001127602-22-005540,2022-02-15,xslF345X03/form4.xml,CIK0000732717-submissions-001.json
2022-02-17,4,0001127602-22-005538,2022-02-15,xslF345X03/form4.xml,CIK0000732717-submissions-001.json
2022-02-17,4/A,0001127602-22-005536,2022-01-27,xslF345X03/form4a.xml,CIK0000732717-submissions-001.json
2022-02-17,4/A,0001127602-22-005534,2022-01-27,xslF345X03/form4a.xml,CIK0000732717-submissions-001.json
2022-02-17,4/A,0001127602-22-005532,2022-01-27,xslF345X03/form4a.xml,CIK0000732717-submissions-001.json
2022-02-17,4/A,0001127602-22-005529,2022-01-27,xslF345X03/form4a.xml,CIK0000732717-submissions-001.json
2022-02-17,4/A,0001127602-22-005527,2022-01-27,xslF345X03/form4a.xml,CIK0000732717-submissions-001.json
2022-02-17,4/A,0001127602-22-005525,2022-01-27,xslF345X03/form4a.xml,CIK0000732717-submissions-001.json
2022-03-02,4,0001127602-22-007529,2022-02-28,xslF345X03/form4.xml,CIK0000732717-submissions-001.json
2022-03-02,4,0001127602-22-007528,2022-02-28,xslF345X03/form4.xml,CIK0000732717-submissions-001.json
2022-03-02,4,0001127602-22-007527,2022-02-28,xslF345X03/form4.xml,CIK0000732717-submissions-001.json
2022-03-02,4,0001127602-22-007526,2022-02-28,xslF345X03/form4.xml,CIK0000732717-submissions-001.json
2022-03-02,4,0001127602-22-007525,2022-02-28,xslF345X03/form4.xml,CIK0000732717-submissions-001.json
2022-03-02,4,0001127602-22-007524,2022-02-28,xslF345X03/form4.xml,CIK0000732717-submissions-001.json
2022-03-02,4,0001127602-22-007523,2022-02-28,xslF345X03/form4.xml,CIK0000732717-submissions-001.json
2022-03-02,8-K,0001193125-22-062961,2022-03-02,d296015d8k.htm,CIK0000732717-submissions-001.json
2022-03-02,S-3ASR,0001193125-22-061742,,d111017ds3asr.htm,CIK0000732717-submissions-001.json
2022-03-11,8-K,0000732717-22-000019,2022-03-11,t-20220311.htm,CIK0000732717-submissions-001.json
2022-03-14,4,0001127602-22-009053,2022-03-10,xslF345X03/form4.xml,CIK0000732717-submissions-001.json
2022-03-14,4,0001127602-22-009052,2022-03-10,xslF345X03/form4.xml,CIK0000732717-submissions-001.json
2022-03-14,4,0001127602-22-009051,2022-03-10,xslF345X03/form4.xml,CIK0000732717-submissions-001.json
2022-03-14,4,0001127602-22-009050,2022-03-10,xslF345X03/form4.xml,CIK0000732717-submissions-001.json
2022-03-14,4,0001127602-22-009049,2022-03-10,xslF345X03/form4.xml,CIK0000732717-submissions-001.json
2022-03-15,8-K,0001193125-22-076137,2022-03-15,d330864d8k.htm,CIK0000732717-submissions-001.json
2022-03-22,DEF 14A,0001193125-22-081678,2022-05-19,d219457ddef14a.htm,CIK0000732717-submissions-001.json
2022-03-22,DEFA14A,0001193125-22-081684,,d219457ddefa14a.htm,CIK0000732717-submissions-001.json
2022-03-25,8-K,0001193125-22-085220,2022-03-25,d284241d8k.htm,CIK0000732717-submissions-001.json
2022-03-25,PX14A6G,0001214659-22-004359,,e324224px14a6g.htm,CIK0000732717-submissions-001.json
2022-03-28,3,0000899243-22-012556,2022-03-28,xslF345X02/doc3.xml,CIK0000732717-submissions-001.json
2022-03-30,8-K,0001193125-22-089816,2022-03-30,d303164d8k.htm,CIK0000732717-submissions-001.json
2022-04-04,4,0001127602-22-011073,2022-03-31,xslF345X03/form4.xml,CIK0000732717-submissions-001.json
2022-04-04,4,0001127602-22-011068,2022-03-31,xslF345X03/form4.xml,CIK0000732717-submissions-001.json
2022-04-04,4,0001127602-22-011066,2022-03-31,xslF345X03/form4.xml,CIK0000732717-submissions-001.json
2022-04-04,4,0001127602-22-011064,2022-03-31,xslF345X03/form4.xml,CIK0000732717-submissions-001.json
2022-04-04,4,0001127602-22-011061,2022-03-31,xslF345X03/form4.xml,CIK0000732717-submissions-001.json
2022-04-04,4,0001127602-22-011059,2022-03-31,xslF345X03/form4.xml,CIK0000732717-submissions-001.json
2022-04-11,8-K,0001193125-22-101751,2022-04-05,d315217d8k.htm,CIK0000732717-submissions-001.json
2022-04-11,DEFA14A,0000732717-22-000026,,supplementalproxydisclosur.htm,CIK0000732717-submissions-001.json
2022-04-12,4,0000899243-22-014626,2022-04-08,xslF345X03/doc4.xml,CIK0000732717-submissions-001.json
2022-04-14,8-K,0000732717-22-000030,2022-04-08,t-20220408.htm,CIK0000732717-submissions-001.json
2022-04-18,8-K,0000732717-22-000032,2022-04-15,t-20220415.htm,CIK0000732717-submissions-001.json
2022-04-21,8-K,0000732717-22-000038,2022-04-21,t-20220421.htm,CIK0000732717-submissions-001.json
2022-04-21,8-K,0000732717-22-000037,2022-04-21,t-20220421.htm,CIK0000732717-submissions-001.json
2022-05-03,10-Q,0000732717-22-000042,2022-03-31,t-20220331.htm,CIK0000732717-submissions-001.json
2022-05-03,4,0001127602-22-013104,2022-04-29,xslF345X03/form4.xml,CIK0000732717-submissions-001.json
2022-05-03,4,0001127602-22-013103,2022-04-29,xslF345X03/form4.xml,CIK0000732717-submissions-001.json
2022-05-03,4,0001127602-22-013102,2022-04-29,xslF345X03/form4.xml,CIK0000732717-submissions-001.json
2022-05-03,4,0001127602-22-013101,2022-04-29,xslF345X03/form4.xml,CIK0000732717-submissions-001.json
2022-05-03,4,0001127602-22-013100,2022-04-29,xslF345X03/form4.xml,CIK0000732717-submissions-001.json
2022-05-03,4,0001127602-22-013099,2022-04-29,xslF345X03/form4.xml,CIK0000732717-submissions-001.json
2022-05-03,4,0001127602-22-013098,2022-04-08,xslF345X03/form4.xml,CIK0000732717-submissions-001.json
2022-05-03,4,0001127602-22-013097,2022-04-29,xslF345X03/form4.xml,CIK0000732717-submissions-001.json
2022-05-03,4,0001127602-22-013096,2022-04-29,xslF345X03/form4.xml,CIK0000732717-submissions-001.json
2022-05-03,4,0001127602-22-013094,2022-04-29,xslF345X03/form4.xml,CIK0000732717-submissions-001.json
2022-05-03,4,0001127602-22-013093,2022-04-29,xslF345X03/form4.xml,CIK0000732717-submissions-001.json
2022-05-03,4,0001127602-22-013092,2022-04-29,xslF345X03/form4.xml,CIK0000732717-submissions-001.json
2022-05-03,4,0001127602-22-013091,2022-04-29,xslF345X03/form4.xml,CIK0000732717-submissions-001.json
2022-05-03,4,0001127602-22-013090,2022-04-29,xslF345X03/form4.xml,CIK0000732717-submissions-001.json
2022-05-03,4,0001127602-22-013089,2022-04-29,xslF345X03/form4.xml,CIK0000732717-submissions-001.json
2022-05-05,3,0001127602-22-013589,2022-05-01,xslF345X02/form3.xml,CIK0000732717-submissions-001.json
2022-05-05,4,0001127602-22-013591,2022-05-03,xslF345X03/form4.xml,CIK0000732717-submissions-001.json
2022-05-09,PX14A6G,0001214659-22-006458,,d59220px14a6g.htm,CIK0000732717-submissions-001.json
2022-05-11,3,0001127602-22-014182,2022-05-01,xslF345X02/form3.xml,CIK0000732717-submissions-001.json
2022-05-11,3,0001127602-22-014180,2022-05-01,xslF345X02/form3.xml,CIK0000732717-submissions-001.json
2022-05-11,3/A,0001127602-22-014178,2022-05-01,xslF345X02/form3a.xml,CIK0000732717-submissions-001.json
2022-05-12,3/A,0001127602-22-014205,2022-05-01,xslF345X02/form3a.xml,CIK0000732717-submissions-001.json
2022-05-12,3/A,0001127602-22-014201,2022-05-01,xslF345X02/form3a.xml,CIK0000732717-submissions-001.json
2022-05-16,8-K,0001193125-22-150928,2022-05-16,d330322d8k.htm,CIK0000732717-submissions-001.json
2022-05-18,4,0001127602-22-015023,2022-05-16,xslF345X03/form4.xml,CIK0000732717-submissions-001.json
2022-05-18,4,0001127602-22-015022,2022-05-16,xslF345X03/form4.xml,CIK0000732717-submissions-001.json
2022-05-23,8-K,0001193125-22-156825,2022-05-20,d344386d8k.htm,CIK0000732717-submissions-001.json
2022-05-24,8-K,0000732717-22-000049,2022-05-19,t-20220519.htm,CIK0000732717-submissions-001.json
2022-06-01,25-NSE,0000876661-22-000465,,xslF25X02/primary_doc.xml,CIK0000732717-submissions-001.json
2022-06-02,4,0001127602-22-016500,2022-05-31,xslF345X03/form4.xml,recent
2022-06-02,4,0001127602-22-016496,2022-05-31,xslF345X03/form4.xml,recent
2022-06-02,4,0001127602-22-016494,2022-05-31,xslF345X03/form4.xml,recent
2022-06-02,4,0001127602-22-016492,2022-05-31,xslF345X03/form4.xml,recent
2022-06-02,4,0001127602-22-016489,2022-05-31,xslF345X03/form4.xml,recent
2022-06-02,4,0001127602-22-016488,2022-05-31,xslF345X03/form4.xml,recent
2022-06-02,4,0001127602-22-016487,2022-05-31,xslF345X03/form4.xml,recent
2022-06-02,4,0001127602-22-016486,2022-05-31,xslF345X03/form4.xml,recent
2022-06-02,4,0001127602-22-016485,2022-05-31,xslF345X03/form4.xml,recent
2022-06-02,4,0001127602-22-016484,2022-05-31,xslF345X03/form4.xml,recent
2022-06-02,4,0001127602-22-016482,2022-05-31,xslF345X03/form4.xml,recent
2022-06-02,4,0001127602-22-016481,2022-05-31,xslF345X03/form4.xml,recent
2022-06-02,4,0001127602-22-016480,2022-05-31,xslF345X03/form4.xml,recent
2022-06-02,4,0001127602-22-016479,2022-05-31,xslF345X03/form4.xml,recent
2022-06-02,4,0001127602-22-016478,2022-05-31,xslF345X03/form4.xml,recent
2022-06-02,4,0001127602-22-016476,2022-05-31,xslF345X03/form4.xml,recent
2022-06-02,4,0001127602-22-016475,2022-05-31,xslF345X03/form4.xml,recent
2022-06-02,4,0001127602-22-016474,2022-05-31,xslF345X03/form4.xml,recent
2022-06-02,4,0001127602-22-016473,2022-05-31,xslF345X03/form4.xml,recent
2022-06-02,4,0001127602-22-016472,2022-05-31,xslF345X03/form4.xml,recent
2022-06-28,11-K,0000732717-22-000068,2021-12-31,a2021tassp11-kfinancial.htm,recent
2022-06-28,11-K,0000732717-22-000066,2021-12-31,a2021tprrsp11-kfinancial.htm,recent
2022-06-28,11-K,0000732717-22-000064,2021-12-31,a2021tbellsouth11-kfinanci.htm,recent
2022-06-28,11-K,0000732717-22-000062,2021-12-31,a2021tarsp11-kfinancial.htm,recent
2022-07-01,8-K,0000732717-22-000073,2022-06-30,a8-kdial.htm,recent
2022-07-05,4,0001127602-22-018782,2022-06-30,xslF345X03/form4.xml,recent
2022-07-05,4,0001127602-22-018777,2022-06-30,xslF345X03/form4.xml,recent
2022-07-05,4,0001127602-22-018775,2022-06-30,xslF345X03/form4.xml,recent
2022-07-05,4,0001127602-22-018771,2022-06-30,xslF345X03/form4.xml,recent
2022-07-05,4,0001127602-22-018769,2022-06-30,xslF345X03/form4.xml,recent
2022-07-05,4,0001127602-22-018764,2022-06-30,xslF345X03/form4.xml,recent
2022-07-05,4,0001127602-22-018759,2022-06-30,xslF345X03/form4.xml,recent
2022-07-05,4,0001127602-22-018758,2022-06-30,xslF345X03/form4.xml,recent
2022-07-05,4,0001127602-22-018757,2022-06-30,xslF345X03/form4.xml,recent
2022-07-08,3,0001127602-22-019132,2022-06-30,xslF345X02/form3.xml,recent
2022-07-08,3/A,0001127602-22-019155,2022-06-30,xslF345X02/form3a.xml,recent
2022-07-08,3/A,0001127602-22-019134,2022-05-01,xslF345X02/form3a.xml,recent
2022-07-21,8-K,0000732717-22-000080,2022-07-21,t-20220721.htm,recent
2022-07-21,8-K,0000732717-22-000079,2022-07-21,t-20220721.htm,recent
2022-08-02,4,0001127602-22-020267,2022-07-29,xslF345X03/form4.xml,recent
2022-08-02,4,0001127602-22-020266,2022-07-29,xslF345X03/form4.xml,recent
2022-08-02,4,0001127602-22-020265,2022-07-29,xslF345X03/form4.xml,recent
2022-08-02,4,0001127602-22-020264,2021-03-02,xslF345X03/form4.xml,recent
2022-08-02,4,0001127602-22-020263,2022-07-29,xslF345X03/form4.xml,recent
2022-08-02,4,0001127602-22-020262,2022-07-29,xslF345X03/form4.xml,recent
2022-08-02,4,0001127602-22-020261,2022-07-29,xslF345X03/form4.xml,recent
2022-08-02,4,0001127602-22-020260,2022-07-29,xslF345X03/form4.xml,recent
2022-08-02,4,0001127602-22-020259,2022-07-29,xslF345X03/form4.xml,recent
2022-08-02,4,0001127602-22-020258,2022-07-29,xslF345X03/form4.xml,recent
2022-08-02,4,0001127602-22-020257,2022-07-29,xslF345X03/form4.xml,recent
2022-08-02,4,0001127602-22-020256,2022-07-29,xslF345X03/form4.xml,recent
2022-08-02,4,0001127602-22-020255,2022-07-29,xslF345X03/form4.xml,recent
2022-08-02,4,0001127602-22-020254,2022-07-29,xslF345X03/form4.xml,recent
2022-08-02,4,0001127602-22-020253,2022-07-29,xslF345X03/form4.xml,recent
2022-08-02,4,0001127602-22-020252,2022-07-29,xslF345X03/form4.xml,recent
2022-08-02,4,0001127602-22-020251,2022-07-29,xslF345X03/form4.xml,recent
2022-08-02,4,0001127602-22-020250,2022-07-29,xslF345X03/form4.xml,recent
2022-08-02,4,0001127602-22-020248,2022-07-29,xslF345X03/form4.xml,recent
2022-08-02,4,0001127602-22-020247,2022-07-29,xslF345X03/form4.xml,recent
2022-08-02,4,0001127602-22-020246,2022-07-29,xslF345X03/form4.xml,recent
2022-08-04,10-Q,0000732717-22-000093,2022-06-30,t-20220630.htm,recent
2022-08-04,8-K/A,0000732717-22-000091,2022-06-30,t-20220630.htm,recent
2022-09-02,4,0001127602-22-021990,2022-08-31,xslF345X03/form4.xml,recent
2022-09-02,4,0001127602-22-021988,2022-08-31,xslF345X03/form4.xml,recent
2022-09-02,4,0001127602-22-021987,2022-08-31,xslF345X03/form4.xml,recent
2022-09-02,4,0001127602-22-021986,2022-08-31,xslF345X03/form4.xml,recent
2022-09-02,4,0001127602-22-021985,2022-08-31,xslF345X03/form4.xml,recent
2022-09-02,4,0001127602-22-021984,2022-08-31,xslF345X03/form4.xml,recent
2022-09-02,4,0001127602-22-021983,2022-08-31,xslF345X03/form4.xml,recent
2022-09-02,4,0001127602-22-021982,2022-08-31,xslF345X03/form4.xml,recent
2022-09-02,4,0001127602-22-021981,2022-08-31,xslF345X03/form4.xml,recent
2022-09-02,4,0001127602-22-021980,2022-08-31,xslF345X03/form4.xml,recent
2022-09-02,UPLOAD,0000000000-22-009612,,filename1.pdf,recent
2022-09-14,CORRESP,0001193125-22-244769,,filename1.htm,recent
2022-10-04,4,0001127602-22-023427,2022-09-30,xslF345X03/form4.xml,recent
2022-10-04,4,0001127602-22-023426,2022-09-30,xslF345X03/form4.xml,recent
2022-10-04,4,0001127602-22-023425,2022-09-30,xslF345X03/form4.xml,recent
2022-10-04,4,0001127602-22-023422,2022-09-30,xslF345X03/form4.xml,recent
2022-10-04,4,0001127602-22-023421,2022-09-30,xslF345X03/form4.xml,recent
2022-10-04,4,0001127602-22-023420,2022-09-30,xslF345X03/form4.xml,recent
2022-10-04,4,0001127602-22-023419,2022-09-30,xslF345X03/form4.xml,recent
2022-10-04,4,0001127602-22-023418,2022-09-30,xslF345X03/form4.xml,recent
2022-10-04,4,0001127602-22-023417,2022-09-30,xslF345X03/form4.xml,recent
2022-10-04,4,0001127602-22-023415,2022-09-30,xslF345X03/form4.xml,recent
2022-10-20,8-K,0000732717-22-000099,2022-10-20,t-20221020.htm,recent
2022-10-20,8-K,0000732717-22-000098,2022-10-20,t-20221020.htm,recent
2022-10-25,UPLOAD,0000000000-22-011696,,filename1.pdf,recent
2022-11-02,4,0001127602-22-024782,2022-10-31,xslF345X03/form4.xml,recent
2022-11-02,4,0001127602-22-024781,2022-10-31,xslF345X03/form4.xml,recent
2022-11-02,4,0001127602-22-024777,2022-10-31,xslF345X03/form4.xml,recent
2022-11-02,4,0001127602-22-024770,2022-10-31,xslF345X03/form4.xml,recent
2022-11-02,4,0001127602-22-024766,2022-10-31,xslF345X03/form4.xml,recent
2022-11-02,4,0001127602-22-024764,2022-10-31,xslF345X03/form4.xml,recent
2022-11-02,4,0001127602-22-024761,2022-10-31,xslF345X03/form4.xml,recent
2022-11-02,4,0001127602-22-024759,2022-10-31,xslF345X03/form4.xml,recent
2022-11-02,4,0001127602-22-024755,2022-10-31,xslF345X03/form4.xml,recent
2022-11-02,4,0001127602-22-024726,2022-10-31,xslF345X03/form4.xml,recent
2022-11-02,4,0001127602-22-024725,2022-10-31,xslF345X03/form4.xml,recent
2022-11-02,4,0001127602-22-024724,2022-10-31,xslF345X03/form4.xml,recent
2022-11-02,4,0001127602-22-024723,2022-10-31,xslF345X03/form4.xml,recent
2022-11-02,4,0001127602-22-024721,2022-10-31,xslF345X03/form4.xml,recent
2022-11-02,4,0001127602-22-024720,2022-10-31,xslF345X03/form4.xml,recent
2022-11-02,4,0001127602-22-024718,2022-10-31,xslF345X03/form4.xml,recent
2022-11-02,4,0001127602-22-024717,2022-10-31,xslF345X03/form4.xml,recent
2022-11-02,4,0001127602-22-024716,2022-10-31,xslF345X03/form4.xml,recent
2022-11-02,4,0001127602-22-024715,2022-10-31,xslF345X03/form4.xml,recent
2022-11-02,4,0001127602-22-024714,2022-10-31,xslF345X03/form4.xml,recent
2022-11-02,4,0001127602-22-024713,2022-10-31,xslF345X03/form4.xml,recent
2022-11-03,10-Q,0000732717-22-000102,2022-09-30,t-20220930.htm,recent
2022-11-18,8-K,0001193125-22-288947,2022-11-18,d385545d8k.htm,recent
2022-12-02,4,0001127602-22-026733,2022-11-30,xslF345X03/form4.xml,recent
2022-12-02,4,0001127602-22-026732,2022-11-30,xslF345X03/form4.xml,recent
2022-12-02,4,0001127602-22-026731,2022-11-30,xslF345X03/form4.xml,recent
2022-12-02,4,0001127602-22-026729,2022-11-30,xslF345X03/form4.xml,recent
2022-12-02,4,0001127602-22-026728,2022-11-30,xslF345X03/form4.xml,recent
2022-12-02,4,0001127602-22-026727,2022-11-30,xslF345X03/form4.xml,recent
2022-12-02,4,0001127602-22-026726,2022-11-30,xslF345X03/form4.xml,recent
2022-12-02,4,0001127602-22-026725,2022-11-30,xslF345X03/form4.xml,recent
2022-12-02,4,0001127602-22-026724,2022-11-30,xslF345X03/form4.xml,recent
2022-12-02,4,0001127602-22-026723,2022-11-30,xslF345X03/form4.xml,recent
2022-12-02,4,0001127602-22-026722,2022-11-30,xslF345X03/form4.xml,recent
2023-01-04,4,0001127602-23-000407,2022-12-30,xslF345X03/form4.xml,recent
2023-01-04,4,0001127602-23-000404,2022-12-30,xslF345X03/form4.xml,recent
2023-01-04,4,0001127602-23-000402,2022-12-30,xslF345X03/form4.xml,recent
2023-01-04,4,0001127602-23-000397,2022-12-30,xslF345X03/form4.xml,recent
2023-01-04,4,0001127602-23-000395,2022-12-30,xslF345X03/form4.xml,recent
2023-01-04,4,0001127602-23-000387,2022-12-30,xslF345X03/form4.xml,recent
2023-01-04,4,0001127602-23-000384,2022-12-30,xslF345X03/form4.xml,recent
2023-01-04,4,0001127602-23-000380,2022-12-30,xslF345X03/form4.xml,recent
2023-01-04,4,0001127602-23-000378,2022-12-30,xslF345X03/form4.xml,recent
2023-01-04,4,0001127602-23-000372,2022-12-30,xslF345X03/form4.xml,recent
2023-01-18,4,0001127602-23-001695,2023-01-13,xslF345X03/form4.xml,recent
2023-01-18,4,0001127602-23-001694,2023-01-13,xslF345X03/form4.xml,recent
2023-01-18,4,0001127602-23-001693,2023-01-13,xslF345X03/form4.xml,recent
2023-01-18,4,0001127602-23-001692,2023-01-13,xslF345X03/form4.xml,recent
2023-01-18,4,0001127602-23-001690,2023-01-13,xslF345X03/form4.xml,recent
2023-01-18,4,0001127602-23-001689,2023-01-13,xslF345X03/form4.xml,recent
2023-01-18,4,0001127602-23-001688,2023-01-13,xslF345X03/form4.xml,recent
2023-01-18,4,0001127602-23-001687,2023-01-13,xslF345X03/form4.xml,recent
2023-01-18,4,0001127602-23-001686,2023-01-13,xslF345X03/form4.xml,recent
2023-01-18,4,0001127602-23-001685,2023-01-13,xslF345X03/form4.xml,recent
2023-01-18,4,0001127602-23-001684,2023-01-13,xslF345X03/form4.xml,recent
2023-01-18,4,0001127602-23-001683,2023-01-13,xslF345X03/form4.xml,recent
2023-01-25,8-K,0000732717-23-000007,2023-01-25,t-20230125.htm,recent
2023-01-25,8-K,0000732717-23-000006,2023-01-25,t-20230125.htm,recent
2023-01-30,4,0001127602-23-002677,2023-01-26,xslF345X03/form4.xml,recent
2023-01-30,4,0001127602-23-002673,2023-01-26,xslF345X03/form4.xml,recent
2023-01-30,4,0001127602-23-002667,2023-01-26,xslF345X03/form4.xml,recent
2023-01-30,4,0001127602-23-002650,2023-01-26,xslF345X03/form4.xml,recent
2023-01-30,4,0001127602-23-002619,2023-01-26,xslF345X03/form4.xml,recent
2023-01-30,4,0001127602-23-002608,2023-01-26,xslF345X03/form4.xml,recent
2023-01-30,4,0001127602-23-002595,2023-01-26,xslF345X03/form4.xml,recent
2023-01-30,4,0001127602-23-002594,2023-01-26,xslF345X03/form4.xml,recent
2023-01-30,4,0001127602-23-002591,2023-01-26,xslF345X03/form4.xml,recent
2023-01-30,4,0001127602-23-002588,2023-01-26,xslF345X03/form4.xml,recent
2023-01-30,4,0001127602-23-002587,2023-01-26,xslF345X03/form4.xml,recent
2023-01-30,4,0001127602-23-002586,2023-01-26,xslF345X03/form4.xml,recent
2023-02-02,4,0001127602-23-003082,2023-01-31,xslF345X03/form4.xml,recent
2023-02-02,4,0001127602-23-003079,2023-01-31,xslF345X03/form4.xml,recent
2023-02-02,4,0001127602-23-003078,2023-01-31,xslF345X03/form4.xml,recent
2023-02-02,4,0001127602-23-003077,2023-01-31,xslF345X03/form4.xml,recent
2023-02-02,4,0001127602-23-003076,2023-01-31,xslF345X03/form4.xml,recent
2023-02-02,4,0001127602-23-003075,2023-01-31,xslF345X03/form4.xml,recent
2023-02-02,4,0001127602-23-003072,2023-01-31,xslF345X03/form4.xml,recent
2023-02-02,4,0001127602-23-003070,2023-01-31,xslF345X03/form4.xml,recent
2023-02-02,4,0001127602-23-003068,2023-01-31,xslF345X03/form4.xml,recent
2023-02-02,4,0001127602-23-003020,2023-01-31,xslF345X03/form4.xml,recent
2023-02-02,4,0001127602-23-003019,2023-01-31,xslF345X03/form4.xml,recent
2023-02-02,4,0001127602-23-003018,2023-01-31,xslF345X03/form4.xml,recent
2023-02-02,4,0001127602-23-003017,2023-01-31,xslF345X03/form4.xml,recent
2023-02-02,4,0001127602-23-003016,2023-01-31,xslF345X03/form4.xml,recent
2023-02-02,4,0001127602-23-003015,2023-01-31,xslF345X03/form4.xml,recent
2023-02-02,4,0001127602-23-003014,2023-01-31,xslF345X03/form4.xml,recent
2023-02-02,4,0001127602-23-003013,2023-01-31,xslF345X03/form4.xml,recent
2023-02-02,4,0001127602-23-003012,2023-01-31,xslF345X03/form4.xml,recent
2023-02-02,4,0001127602-23-003010,2023-01-31,xslF345X03/form4.xml,recent
2023-02-02,4,0001127602-23-003008,2023-01-31,xslF345X03/form4.xml,recent
2023-02-02,4,0001127602-23-003005,2023-01-31,xslF345X03/form4.xml,recent
2023-02-02,8-K,0001193125-23-022845,2023-01-27,d457902d8k.htm,recent
2023-02-07,SC 13G/A,0001306550-23-008274,,us00206r1023_020723.txt,recent
2023-02-09,SC 13G/A,0001104659-23-015375,,tv0330-attinc.htm,recent
2023-02-13,10-K,0000732717-23-000011,2022-12-31,t-20221231.htm,recent
2023-02-16,4/A,0001127602-23-005683,2023-01-26,xslF345X03/form4a.xml,recent
2023-02-16,4/A,0001127602-23-005678,2023-01-26,xslF345X03/form4a.xml,recent
2023-02-16,4/A,0001127602-23-005672,2023-01-26,xslF345X03/form4a.xml,recent
2023-02-16,4/A,0001127602-23-005665,2023-01-26,xslF345X03/form4a.xml,recent
2023-02-16,4/A,0001127602-23-005659,2023-01-26,xslF345X03/form4a.xml,recent
2023-02-16,FWP,0001193125-23-041191,,d455214dfwp.htm,recent
2023-02-17,4,0001127602-23-005877,2023-02-15,xslF345X03/form4.xml,recent
2023-02-17,4,0001127602-23-005875,2023-02-15,xslF345X03/form4.xml,recent
2023-02-17,4,0001127602-23-005871,2023-02-15,xslF345X03/form4.xml,recent
2023-02-21,424B2,0001193125-23-042768,,d460388d424b2.htm,recent
2023-02-22,8-K,0001193125-23-044963,2023-02-22,d467564d8k.htm,recent
2023-02-27,FWP,0001193125-23-050629,,d451517dfwp.htm,recent
2023-03-01,424B2,0001193125-23-055465,,d454638d424b2.htm,recent
2023-03-02,4,0001127602-23-008313,2023-02-28,xslF345X03/form4.xml,recent
2023-03-02,4,0001127602-23-008309,2023-02-28,xslF345X03/form4.xml,recent
2023-03-02,4,0001127602-23-008301,2023-02-28,xslF345X03/form4.xml,recent
2023-03-02,4,0001127602-23-008291,2023-02-28,xslF345X03/form4.xml,recent
2023-03-02,4,0001127602-23-008284,2023-02-28,xslF345X03/form4.xml,recent
2023-03-02,4,0001127602-23-008279,2023-02-28,xslF345X03/form4.xml,recent
2023-03-02,4,0001127602-23-008273,2023-02-28,xslF345X03/form4.xml,recent
2023-03-02,4,0001127602-23-008271,2023-02-28,xslF345X03/form4.xml,recent
2023-03-02,4,0001127602-23-008269,2023-02-28,xslF345X03/form4.xml,recent
2023-03-02,4,0001127602-23-008267,2023-02-28,xslF345X03/form4.xml,recent
2023-03-03,4/A,0001127602-23-008859,2023-01-31,xslF345X03/form4a.xml,recent
2023-03-03,4/A,0001127602-23-008852,2022-10-31,xslF345X03/form4a.xml,recent
2023-03-03,4/A,0001127602-23-008844,2022-07-29,xslF345X03/form4a.xml,recent
2023-03-03,4/A,0001127602-23-008839,2022-05-31,xslF345X03/form4a.xml,recent
2023-03-03,4/A,0001127602-23-008831,2022-04-29,xslF345X03/form4a.xml,recent
2023-03-03,8-K,0000732717-23-000013,2023-03-03,t-20230303.htm,recent
2023-03-06,8-A12B,0001193125-23-061501,,d465973d8a12b.htm,recent
2023-03-06,8-K,0001193125-23-061366,2023-02-27,d478263d8k.htm,recent
2023-03-07,CERT,0000876661-23-000175,,T25A030723.pdf,recent
2023-03-14,4,0001127602-23-010139,2023-03-10,xslF345X03/form4.xml,recent
2023-03-14,4,0001127602-23-010138,2023-03-10,xslF345X03/form4.xml,recent
2023-03-14,4,0001127602-23-010137,2023-03-10,xslF345X03/form4.xml,recent
2023-03-14,4,0001127602-23-010136,2023-03-10,xslF345X03/form4.xml,recent
2023-03-14,4,0001127602-23-010135,2023-03-10,xslF345X03/form4.xml,recent
2023-03-14,4,0001127602-23-010134,2023-03-10,xslF345X03/form4.xml,recent
2023-03-14,4,0001127602-23-010132,2023-03-10,xslF345X03/form4.xml,recent
2023-03-14,4,0001127602-23-010131,2023-03-10,xslF345X03/form4.xml,recent
2023-03-14,4,0001127602-23-010130,2023-03-10,xslF345X03/form4.xml,recent
2023-03-14,4,0001127602-23-010129,2023-03-10,xslF345X03/form4.xml,recent
2023-03-14,4,0001127602-23-010128,2023-03-10,xslF345X03/form4.xml,recent
2023-03-15,25-NSE,0000876661-23-000238,,xslF25X02/primary_doc.xml,recent
2023-04-03,ARS,0001193125-23-089675,2022-12-31,d405905dars.pdf,recent
2023-04-03,DEF 14A,0001193125-23-089578,,d393251ddef14a.htm,recent
2023-04-03,DEFA14A,0001193125-23-089656,,d393251ddefa14a.htm,recent
2023-04-04,4,0001127602-23-012077,2023-03-31,xslF345X04/form4.xml,recent
2023-04-04,4,0001127602-23-012076,2023-03-31,xslF345X04/form4.xml,recent
2023-04-04,4,0001127602-23-012075,2023-03-31,xslF345X04/form4.xml,recent
2023-04-04,4,0001127602-23-012073,2023-03-31,xslF345X04/form4.xml,recent
2023-04-04,4,0001127602-23-012070,2023-03-31,xslF345X04/form4.xml,recent
2023-04-04,4,0001127602-23-012068,2023-03-31,xslF345X04/form4.xml,recent
2023-04-04,4,0001127602-23-012066,2023-03-31,xslF345X04/form4.xml,recent
2023-04-06,3,0001127602-23-012690,2023-04-01,xslF345X02/form3.xml,recent
2023-04-07,8-K,0001193125-23-094975,2023-04-04,d211285d8k.htm,recent
2023-04-17,PX14A6G,0001214659-23-005451,,o417231px14a6g.htm,recent
2023-04-20,8-K,0000732717-23-000019,2023-04-20,t-20230420.htm,recent
2023-04-20,8-K,0000732717-23-000018,2023-04-20,t-20230420.htm,recent
2023-04-25,4,0001127602-23-013508,2023-04-21,xslF345X04/form4.xml,recent
2023-05-01,10-Q,0000732717-23-000022,2023-03-31,t-20230331.htm,recent
2023-05-01,4,0001127602-23-013974,2023-04-28,xslF345X04/form4.xml,recent
2023-05-01,4,0001127602-23-013972,2023-04-28,xslF345X04/form4.xml,recent
2023-05-01,4,0001127602-23-013970,2023-04-28,xslF345X04/form4.xml,recent
2023-05-01,4,0001127602-23-013968,2023-04-28,xslF345X04/form4.xml,recent
2023-05-01,4,0001127602-23-013966,2023-04-28,xslF345X04/form4.xml,recent
2023-05-01,4,0001127602-23-013964,2023-04-28,xslF345X04/form4.xml,recent
2023-05-01,4,0001127602-23-013962,2023-04-28,xslF345X04/form4.xml,recent
2023-05-01,4,0001127602-23-013960,2023-04-28,xslF345X04/form4.xml,recent
2023-05-01,4,0001127602-23-013958,2023-04-28,xslF345X04/form4.xml,recent
2023-05-01,4,0001127602-23-013956,2023-04-28,xslF345X04/form4.xml,recent
2023-05-01,4,0001127602-23-013954,2023-04-28,xslF345X04/form4.xml,recent
2023-05-01,8-K,0000732717-23-000024,2023-05-01,t-20230501.htm,recent
2023-05-02,4,0001127602-23-014044,2023-04-28,xslF345X04/form4.xml,recent
2023-05-02,4,0001127602-23-014040,2023-04-28,xslF345X04/form4.xml,recent
2023-05-02,4,0001127602-23-014038,2023-04-28,xslF345X04/form4.xml,recent
2023-05-02,4,0001127602-23-014034,2023-04-28,xslF345X04/form4.xml,recent
2023-05-02,4,0001127602-23-014032,2023-04-28,xslF345X04/form4.xml,recent
2023-05-02,4,0001127602-23-014031,2023-04-28,xslF345X04/form4.xml,recent
2023-05-02,4,0001127602-23-014028,2023-04-28,xslF345X04/form4.xml,recent
2023-05-02,4,0001127602-23-014011,2023-04-28,xslF345X04/form4.xml,recent
2023-05-02,4,0001127602-23-014010,2023-04-28,xslF345X04/form4.xml,recent
2023-05-03,8-K,0000732717-23-000026,2023-05-03,t-20230503.htm,recent
2023-05-11,FWP,0001193125-23-142198,,d455732dfwp.htm,recent
2023-05-12,PX14A6G,0001214659-23-006926,,x512233px14a6g.htm,recent
2023-05-15,424B2,0001193125-23-144967,,d468010d424b2.htm,recent
2023-05-18,8-A12B,0001193125-23-148347,,d389961d8a12b.htm,recent
2023-05-18,8-K,0001193125-23-148320,2023-05-18,d501886d8k.htm,recent
2023-05-19,25-NSE,0000876661-23-000415,,xslF25X02/primary_doc.xml,recent
2023-05-22,4,0001127602-23-016513,2023-05-18,xslF345X04/form4.xml,recent
2023-05-23,8-K,0001193125-23-151799,2023-05-18,d360012d8k.htm,recent
2023-05-23,CERT,0000876661-23-000426,,T25B31F34C052323.pdf,recent
2023-05-30,FWP,0001193125-23-156749,,d509993dfwp.htm,recent
2023-06-01,424B2,0001193125-23-158482,,d485226d424b2.htm,recent
2023-06-02,4,0001127602-23-017467,2023-05-31,xslF345X04/form4.xml,recent
2023-06-02,4,0001127602-23-017466,2023-05-31,xslF345X04/form4.xml,recent
2023-06-02,4,0001127602-23-017464,2023-05-31,xslF345X04/form4.xml,recent
2023-06-02,4,0001127602-23-017463,2023-05-31,xslF345X04/form4.xml,recent
2023-06-02,4,0001127602-23-017462,2023-05-31,xslF345X04/form4.xml,recent
2023-06-02,4,0001127602-23-017459,2023-05-31,xslF345X04/form4.xml,recent
2023-06-02,4,0001127602-23-017458,2023-05-31,xslF345X04/form4.xml,recent
2023-06-02,4,0001127602-23-017440,2023-05-31,xslF345X04/form4.xml,recent
2023-06-02,4,0001127602-23-017438,2023-05-31,xslF345X04/form4.xml,recent
2023-06-02,4,0001127602-23-017436,2023-05-31,xslF345X04/form4.xml,recent
2023-06-02,4,0001127602-23-017432,2023-05-31,xslF345X04/form4.xml,recent
2023-06-02,4,0001127602-23-017428,2023-05-31,xslF345X04/form4.xml,recent
2023-06-02,4,0001127602-23-017423,2023-05-31,xslF345X04/form4.xml,recent
2023-06-02,4,0001127602-23-017420,2023-05-31,xslF345X04/form4.xml,recent
2023-06-02,4,0001127602-23-017418,2023-05-31,xslF345X04/form4.xml,recent
2023-06-02,4,0001127602-23-017416,2023-05-31,xslF345X04/form4.xml,recent
2023-06-02,8-K,0001193125-23-159839,2023-05-31,d489542d8k.htm,recent
2023-06-20,4,0001127602-23-018945,2023-06-15,xslF345X04/form4.xml,recent
2023-06-23,11-K,0000732717-23-000034,2022-12-31,a2022tprrsp11-kfinancial.htm,recent
2023-06-23,11-K,0000732717-23-000033,2022-12-31,a2022tbellsouth11-kfinanci.htm,recent
2023-06-23,11-K,0000732717-23-000032,2022-12-31,a2022tassp11-kfinancial.htm,recent
2023-06-23,11-K,0000732717-23-000031,2022-12-31,a2022tarsp11-kfinancial.htm,recent
2023-06-26,11-K/A,0000732717-23-000038,2022-12-31,a2022tprrsp11-ka.htm,recent
2023-06-26,11-K/A,0000732717-23-000037,2022-12-31,a2022tarsp11-ka.htm,recent
2023-07-05,4,0001127602-23-019889,2023-05-22,xslF345X04/form4.xml,recent
2023-07-05,4,0001127602-23-019886,2023-06-30,xslF345X04/form4.xml,recent
2023-07-05,4,0001127602-23-019883,2023-06-30,xslF345X04/form4.xml,recent
2023-07-05,4,0001127602-23-019881,2023-06-30,xslF345X04/form4.xml,recent
2023-07-05,4,0001127602-23-019878,2023-06-30,xslF345X04/form4.xml,recent
2023-07-05,4,0001127602-23-019876,2023-06-30,xslF345X04/form4.xml,recent
2023-07-05,4,0001127602-23-019863,2023-06-30,xslF345X04/form4.xml,recent
2023-07-05,4,0001127602-23-019862,2023-06-30,xslF345X04/form4.xml,recent
2023-07-05,4,0001127602-23-019861,2023-06-30,xslF345X04/form4.xml,recent
2023-07-05,4,0001127602-23-019860,2023-06-30,xslF345X04/form4.xml,recent
2023-07-05,4,0001127602-23-019859,2023-06-30,xslF345X04/form4.xml,recent
2023-07-05,4,0001127602-23-019858,2023-06-30,xslF345X04/form4.xml,recent
2023-07-05,4,0001127602-23-019852,2023-06-30,xslF345X04/form4.xml,recent
2023-07-26,8-K,0000732717-23-000043,2023-07-26,t-20230726.htm,recent
2023-07-26,8-K,0000732717-23-000042,2023-07-26,t-20230726.htm,recent
2023-07-27,10-Q,0000732717-23-000047,2023-06-30,t-20230630.htm,recent
2023-08-02,4,0001127602-23-021793,2023-07-31,xslF345X05/form4.xml,recent
2023-08-02,4,0001127602-23-021788,2023-07-31,xslF345X05/form4.xml,recent
2023-08-02,4,0001127602-23-021787,2023-07-31,xslF345X05/form4.xml,recent
2023-08-02,4,0001127602-23-021784,2023-07-31,xslF345X05/form4.xml,recent
2023-08-02,4,0001127602-23-021782,2023-07-31,xslF345X05/form4.xml,recent
2023-08-02,4,0001127602-23-021780,2023-07-31,xslF345X05/form4.xml,recent
2023-08-02,4,0001127602-23-021777,2023-07-31,xslF345X05/form4.xml,recent
2023-08-02,4,0001127602-23-021775,2023-07-31,xslF345X05/form4.xml,recent
2023-08-02,4,0001127602-23-021772,2023-07-31,xslF345X05/form4.xml,recent
2023-08-02,4,0001127602-23-021770,2023-07-31,xslF345X05/form4.xml,recent
2023-08-02,4,0001127602-23-021764,2023-07-31,xslF345X05/form4.xml,recent
2023-08-02,4,0001127602-23-021763,2023-07-31,xslF345X05/form4.xml,recent
2023-08-02,4,0001127602-23-021760,2023-07-31,xslF345X05/form4.xml,recent
2023-08-02,4,0001127602-23-021759,2023-07-31,xslF345X05/form4.xml,recent
2023-08-02,4,0001127602-23-021758,2023-07-31,xslF345X05/form4.xml,recent
2023-08-02,4,0001127602-23-021755,2023-07-31,xslF345X05/form4.xml,recent
2023-08-02,4,0001127602-23-021754,2023-07-31,xslF345X05/form4.xml,recent
2023-08-02,4,0001127602-23-021753,2023-07-31,xslF345X05/form4.xml,recent
2023-08-02,4,0001127602-23-021750,2023-07-31,xslF345X05/form4.xml,recent
2023-08-21,4,0001127602-23-023022,2023-08-17,xslF345X05/form4.xml,recent
2023-09-05,25-NSE,0000876661-23-000704,,xslF25X02/primary_doc.xml,recent
2023-09-05,25-NSE,0000876661-23-000703,,xslF25X02/primary_doc.xml,recent
2023-09-05,25-NSE,0000876661-23-000700,,xslF25X02/primary_doc.xml,recent
2023-09-05,4,0001127602-23-023711,2023-08-31,xslF345X05/form4.xml,recent
2023-09-05,4,0001127602-23-023710,2023-08-31,xslF345X05/form4.xml,recent
2023-09-05,4,0001127602-23-023707,2023-08-31,xslF345X05/form4.xml,recent
2023-09-05,4,0001127602-23-023706,2023-08-31,xslF345X05/form4.xml,recent
2023-09-05,4,0001127602-23-023705,2023-08-31,xslF345X05/form4.xml,recent
2023-09-05,4,0001127602-23-023703,2023-08-31,xslF345X05/form4.xml,recent
2023-09-15,25-NSE,0000876661-23-000735,,xslF25X02/primary_doc.xml,recent
2023-10-02,4,0001127602-23-024971,2022-06-15,xslF345X05/form4.xml,recent
2023-10-02,4,0001127602-23-024969,2023-09-30,xslF345X05/form4.xml,recent
2023-10-02,4,0001127602-23-024967,2023-09-30,xslF345X05/form4.xml,recent
2023-10-02,4,0001127602-23-024965,2023-09-30,xslF345X05/form4.xml,recent
2023-10-02,4,0001127602-23-024964,2023-09-30,xslF345X05/form4.xml,recent
2023-10-02,4,0001127602-23-024963,2023-09-30,xslF345X05/form4.xml,recent
2023-10-19,8-K,0000732717-23-000054,2023-10-19,t-20231019.htm,recent
2023-10-19,8-K,0000732717-23-000053,2023-10-19,t-20231019.htm,recent
2023-10-31,10-Q,0000732717-23-000057,2023-09-30,t-20230930.htm,recent
2023-11-02,4,0001127602-23-026624,2023-10-31,xslF345X05/form4.xml,recent
2023-11-02,4,0001127602-23-026610,2023-10-31,xslF345X05/form4.xml,recent
2023-11-02,4,0001127602-23-026609,2023-10-31,xslF345X05/form4.xml,recent
2023-11-02,4,0001127602-23-026606,2023-10-31,xslF345X05/form4.xml,recent
2023-11-02,4,0001127602-23-026605,2023-10-31,xslF345X05/form4.xml,recent
2023-11-02,4,0001127602-23-026603,2023-10-31,xslF345X05/form4.xml,recent
2023-11-02,4,0001127602-23-026601,2023-10-31,xslF345X05/form4.xml,recent
2023-11-02,4,0001127602-23-026599,2023-10-31,xslF345X05/form4.xml,recent
2023-11-02,4,0001127602-23-026598,2023-10-31,xslF345X05/form4.xml,recent
2023-11-02,4,0001127602-23-026596,2023-10-31,xslF345X05/form4.xml,recent
2023-11-02,4,0001127602-23-026586,2023-10-31,xslF345X05/form4.xml,recent
2023-11-02,4,0001127602-23-026581,2023-10-31,xslF345X05/form4.xml,recent
2023-11-02,4,0001127602-23-026572,2023-10-31,xslF345X05/form4.xml,recent
2023-11-02,4,0001127602-23-026568,2023-10-31,xslF345X05/form4.xml,recent
2023-11-02,4,0001127602-23-026565,2023-10-31,xslF345X05/form4.xml,recent
2023-11-02,4,0001127602-23-026563,2023-10-31,xslF345X05/form4.xml,recent
2023-11-02,4,0001127602-23-026559,2023-10-31,xslF345X05/form4.xml,recent
2023-11-02,4,0001127602-23-026557,2023-10-31,xslF345X05/form4.xml,recent
2023-11-15,4,0001127602-23-027434,2023-11-13,xslF345X05/form4.xml,recent
2023-12-04,4,0001127602-23-028763,2023-11-30,xslF345X05/form4.xml,recent
2023-12-04,4,0001127602-23-028762,2023-11-30,xslF345X05/form4.xml,recent
2023-12-04,4,0001127602-23-028760,2023-11-30,xslF345X05/form4.xml,recent
2023-12-04,4,0001127602-23-028758,2023-11-30,xslF345X05/form4.xml,recent
2023-12-04,4,0001127602-23-028756,2023-11-30,xslF345X05/form4.xml,recent
2023-12-04,4,0001127602-23-028754,2023-11-30,xslF345X05/form4.xml,recent
2023-12-04,4,0001127602-23-028636,2023-11-30,xslF345X05/form4.xml,recent
2023-12-04,4,0001127602-23-028635,2023-11-30,xslF345X05/form4.xml,recent
2023-12-04,4,0001127602-23-028634,2023-11-30,xslF345X05/form4.xml,recent
2023-12-04,4,0001127602-23-028633,2023-11-30,xslF345X05/form4.xml,recent
2023-12-04,4,0001127602-23-028632,2023-11-30,xslF345X05/form4.xml,recent
2024-01-03,4,0001127602-24-000559,2023-12-29,xslF345X05/form4.xml,recent
2024-01-03,4,0001127602-24-000553,2023-12-29,xslF345X05/form4.xml,recent
2024-01-03,4,0001127602-24-000549,2023-12-29,xslF345X05/form4.xml,recent
2024-01-03,4,0001127602-24-000547,2023-12-29,xslF345X05/form4.xml,recent
2024-01-03,4,0001127602-24-000544,2023-12-29,xslF345X05/form4.xml,recent
2024-01-17,4,0001127602-24-001461,2024-01-12,xslF345X05/form4.xml,recent
2024-01-17,4,0001127602-24-001458,2024-01-12,xslF345X05/form4.xml,recent
2024-01-17,4,0001127602-24-001456,2024-01-12,xslF345X05/form4.xml,recent
2024-01-17,4,0001127602-24-001454,2024-01-12,xslF345X05/form4.xml,recent
2024-01-17,4,0001127602-24-001453,2024-01-12,xslF345X05/form4.xml,recent
2024-01-17,4,0001127602-24-001451,2024-01-12,xslF345X05/form4.xml,recent
2024-01-17,4,0001127602-24-001449,2024-01-12,xslF345X05/form4.xml,recent
2024-01-17,4,0001127602-24-001448,2024-01-12,xslF345X05/form4.xml,recent
2024-01-17,4,0001127602-24-001447,2024-01-12,xslF345X05/form4.xml,recent
2024-01-17,4,0001127602-24-001446,2024-01-12,xslF345X05/form4.xml,recent
2024-01-24,8-K,0000732717-24-000006,2024-01-24,t-20240124.htm,recent
2024-01-24,8-K,0000732717-24-000004,2024-01-24,t-20240124.htm,recent
2024-01-26,SC 13G/A,0001086364-24-004280,,us00206r1023_012624.txt,recent
2024-01-29,4,0001127602-24-002507,2024-01-25,xslF345X05/form4.xml,recent
2024-01-29,4,0001127602-24-002505,2024-01-25,xslF345X05/form4.xml,recent
2024-01-29,4,0001127602-24-002504,2024-01-25,xslF345X05/form4.xml,recent
2024-01-29,4,0001127602-24-002503,2024-01-25,xslF345X05/form4.xml,recent
2024-01-29,4,0001127602-24-002496,2024-01-25,xslF345X05/form4.xml,recent
2024-01-29,4,0001127602-24-002491,2024-01-25,xslF345X05/form4.xml,recent
2024-01-29,4,0001127602-24-002486,2024-01-25,xslF345X05/form4.xml,recent
2024-01-29,4,0001127602-24-002481,2024-01-25,xslF345X05/form4.xml,recent
2024-01-29,4,0001127602-24-002478,2024-01-25,xslF345X05/form4.xml,recent
2024-01-29,4,0001127602-24-002474,2024-01-25,xslF345X05/form4.xml,recent
2024-02-02,4,0001127602-24-003052,2024-01-31,xslF345X05/form4.xml,recent
2024-02-02,4,0001127602-24-003040,2024-01-31,xslF345X05/form4.xml,recent
2024-02-02,4,0001127602-24-003038,2024-01-31,xslF345X05/form4.xml,recent
2024-02-02,4,0001127602-24-003037,2024-01-31,xslF345X05/form4.xml,recent
2024-02-02,4,0001127602-24-003035,2024-01-31,xslF345X05/form4.xml,recent
2024-02-02,4,0001127602-24-003033,2024-01-31,xslF345X05/form4.xml,recent
2024-02-02,4,0001127602-24-003032,2024-01-31,xslF345X05/form4.xml,recent
2024-02-02,4,0001127602-24-003031,2024-01-31,xslF345X05/form4.xml,recent
2024-02-02,4,0001127602-24-003030,2024-01-31,xslF345X05/form4.xml,recent
2024-02-02,4,0001127602-24-003029,2024-01-31,xslF345X05/form4.xml,recent
2024-02-02,4,0001127602-24-003026,2024-01-31,xslF345X05/form4.xml,recent
2024-02-02,4,0001127602-24-003023,2024-01-31,xslF345X05/form4.xml,recent
2024-02-02,4,0001127602-24-003019,2024-01-31,xslF345X05/form4.xml,recent
2024-02-02,4,0001127602-24-003017,2024-01-31,xslF345X05/form4.xml,recent
2024-02-02,4,0001127602-24-003015,2024-01-31,xslF345X05/form4.xml,recent
2024-02-02,4,0001127602-24-003013,2024-01-31,xslF345X05/form4.xml,recent
2024-02-02,4,0001127602-24-003011,2024-01-31,xslF345X05/form4.xml,recent
2024-02-02,4,0001127602-24-003007,2024-01-31,xslF345X05/form4.xml,recent
2024-02-13,SC 13G/A,0001104659-24-020012,,tv0020-attinc.htm,recent
2024-02-14,5,0001127602-24-005078,2023-12-31,xslF345X05/form5.xml,recent
2024-02-14,5,0001127602-24-005077,2023-12-31,xslF345X05/form5.xml,recent
2024-02-20,4,0001127602-24-005813,2024-02-15,xslF345X05/form4.xml,recent
2024-02-20,4,0001127602-24-005810,2024-02-15,xslF345X05/form4.xml,recent
2024-02-21,4/A,0001127602-24-006167,2024-01-25,xslF345X05/form4a.xml,recent
2024-02-21,4/A,0001127602-24-006158,2024-01-25,xslF345X05/form4a.xml,recent
2024-02-21,4/A,0001127602-24-006149,2024-01-25,xslF345X05/form4a.xml,recent
2024-02-21,4/A,0001127602-24-006147,2024-01-25,xslF345X05/form4a.xml,recent
2024-02-21,4/A,0001127602-24-006145,2024-01-25,xslF345X05/form4a.xml,recent
2024-02-22,4,0001127602-24-006371,2024-01-18,xslF345X05/form4.xml,recent
2024-02-23,10-K,0000732717-24-000009,2023-12-31,t-20231231.htm,recent
2024-03-01,8-K,0000732717-24-000012,2024-03-01,t-20240301.htm,recent
2024-03-04,4,0001127602-24-008263,2024-01-29,xslF345X05/form4.xml,recent
2024-03-04,4,0001127602-24-008262,2024-02-29,xslF345X05/form4.xml,recent
2024-03-04,4,0001127602-24-008260,2024-02-29,xslF345X05/form4.xml,recent
2024-03-04,4,0001127602-24-008259,2024-01-25,xslF345X05/form4.xml,recent
2024-03-04,4,0001127602-24-008257,2024-01-19,xslF345X05/form4.xml,recent
2024-03-04,4,0001127602-24-008251,2024-01-25,xslF345X05/form4.xml,recent
2024-03-04,4,0001127602-24-008230,2024-01-25,xslF345X05/form4.xml,recent
2024-03-11,3,0001127602-24-009398,2024-03-01,xslF345X02/form3.xml,recent
2024-03-13,4,0001127602-24-010025,2024-03-11,xslF345X05/form4.xml,recent
2024-03-13,4,0001127602-24-010023,2024-03-11,xslF345X05/form4.xml,recent
2024-03-13,4,0001127602-24-010022,2024-03-11,xslF345X05/form4.xml,recent
2024-03-13,4,0001127602-24-010021,2024-03-11,xslF345X05/form4.xml,recent
2024-03-13,4,0001127602-24-010020,2024-03-11,xslF345X05/form4.xml,recent
2024-03-13,4,0001127602-24-010019,2024-03-11,xslF345X05/form4.xml,recent
2024-03-13,4,0001127602-24-010018,2024-03-11,xslF345X05/form4.xml,recent
2024-03-13,4,0001127602-24-010016,2024-03-11,xslF345X05/form4.xml,recent
2024-03-15,25-NSE,0000876661-24-000169,,xslF25X02/primary_doc.xml,recent
2024-03-28,PX14A6G,0001096906-24-000628,,bowy_px14a6g.htm,recent
2024-04-02,4,0001127602-24-011839,2024-03-28,xslF345X05/form4.xml,recent
2024-04-02,4,0001127602-24-011838,2024-03-28,xslF345X05/form4.xml,recent
2024-04-02,4,0001127602-24-011837,2024-03-28,xslF345X05/form4.xml,recent
2024-04-02,4,0001127602-24-011835,2024-03-28,xslF345X05/form4.xml,recent
2024-04-02,4,0001127602-24-011834,2024-03-28,xslF345X05/form4.xml,recent
2024-04-02,4,0001127602-24-011830,2024-03-28,xslF345X05/form4.xml,recent
2024-04-04,ARS,0001193125-24-087290,2023-12-31,d723886dars.pdf,recent
2024-04-04,DEF 14A,0001193125-24-087253,2024-05-16,d502707ddef14a.htm,recent
2024-04-04,DEFA14A,0001193125-24-087266,,d502707ddefa14a.htm,recent
2024-04-08,DEFA14A,0001193125-24-089373,,d502707ddefa14a.htm,recent
2024-04-16,PX14A6G,0001096906-24-000844,,insp_px14a6g.htm,recent
2024-04-24,8-K,0000732717-24-000018,2024-04-24,t-20240424.htm,recent
2024-04-24,8-K,0000732717-24-000016,2024-04-24,t-20240424.htm,recent
2024-04-25,4,0001127602-24-013401,2024-04-24,xslF345X05/form4.xml,recent
2024-05-02,10-Q,0000732717-24-000022,2024-03-31,t-20240331.htm,recent
2024-05-02,4,0001127602-24-013908,2024-04-30,xslF345X05/form4.xml,recent
2024-05-02,4,0001127602-24-013906,2024-04-30,xslF345X05/form4.xml,recent
2024-05-02,4,0001127602-24-013903,2024-04-30,xslF345X05/form4.xml,recent
2024-05-02,4,0001127602-24-013900,2024-04-30,xslF345X05/form4.xml,recent
2024-05-02,4,0001127602-24-013896,2024-04-30,xslF345X05/form4.xml,recent
2024-05-02,4,0001127602-24-013894,2024-04-30,xslF345X05/form4.xml,recent
2024-05-02,4,0001127602-24-013892,2024-04-30,xslF345X05/form4.xml,recent
2024-05-02,4,0001127602-24-013890,2024-04-30,xslF345X05/form4.xml,recent
2024-05-02,4,0001127602-24-013888,2024-04-30,xslF345X05/form4.xml,recent
2024-05-02,4,0001127602-24-013882,2024-04-30,xslF345X05/form4.xml,recent
2024-05-02,4,0001127602-24-013870,2024-04-30,xslF345X05/form4.xml,recent
2024-05-02,4,0001127602-24-013865,2024-04-30,xslF345X05/form4.xml,recent
2024-05-02,4,0001127602-24-013863,2024-04-30,xslF345X05/form4.xml,recent
2024-05-02,4,0001127602-24-013861,2024-04-30,xslF345X05/form4.xml,recent
2024-05-02,4,0001127602-24-013859,2024-04-30,xslF345X05/form4.xml,recent
2024-05-02,4,0001127602-24-013858,2024-04-30,xslF345X05/form4.xml,recent
2024-05-21,8-K,0001193125-24-143912,2024-05-16,d804926d8k.htm,recent
2024-06-04,4,0001127602-24-017631,2024-05-31,xslF345X05/form4.xml,recent
2024-06-04,4,0001127602-24-017628,2024-05-31,xslF345X05/form4.xml,recent
2024-06-04,4,0001127602-24-017625,2024-05-31,xslF345X05/form4.xml,recent
2024-06-04,4,0001127602-24-017623,2024-05-31,xslF345X05/form4.xml,recent
2024-06-04,4,0001127602-24-017618,2024-05-31,xslF345X05/form4.xml,recent
2024-06-04,4,0001127602-24-017615,2024-05-31,xslF345X05/form4.xml,recent
2024-06-04,4,0001127602-24-017613,2024-05-31,xslF345X05/form4.xml,recent
2024-06-04,4,0001127602-24-017611,2024-05-31,xslF345X05/form4.xml,recent
2024-06-04,4,0001127602-24-017609,2024-05-31,xslF345X05/form4.xml,recent
2024-06-04,4,0001127602-24-017607,2024-05-31,xslF345X05/form4.xml,recent
2024-06-04,4,0001127602-24-017603,2024-05-31,xslF345X05/form4.xml,recent
2024-06-04,4,0001127602-24-017601,2024-05-31,xslF345X05/form4.xml,recent
2024-06-04,4,0001127602-24-017594,2024-05-31,xslF345X05/form4.xml,recent
2024-06-04,4,0001127602-24-017591,2024-05-31,xslF345X05/form4.xml,recent
2024-06-04,4,0001127602-24-017584,2024-05-31,xslF345X05/form4.xml,recent
2024-06-17,4,0001127602-24-018806,2024-06-14,xslF345X05/form4.xml,recent
2024-06-24,11-K,0000732717-24-000043,2023-12-31,a2023tbellsouth11-kfinanci.htm,recent
2024-06-24,11-K,0000732717-24-000041,2023-12-31,a2023tarsp11-kfinancial.htm,recent
2024-06-24,11-K,0000732717-24-000040,2023-12-31,a2023tarsp-pr11xkfinancial.htm,recent
2024-06-24,11-K,0000732717-24-000039,2023-12-31,a2023tassp11-kfinancial.htm,recent
2024-07-01,4,0001127602-24-019627,2024-06-28,xslF345X05/form4.xml,recent
2024-07-01,4,0001127602-24-019625,2024-06-28,xslF345X05/form4.xml,recent
2024-07-01,4,0001127602-24-019624,2024-06-28,xslF345X05/form4.xml,recent
2024-07-01,4,0001127602-24-019623,2024-06-28,xslF345X05/form4.xml,recent
2024-07-01,4,0001127602-24-019622,2024-06-28,xslF345X05/form4.xml,recent
2024-07-02,4,0001127602-24-019796,2024-06-28,xslF345X05/form4.xml,recent
2024-07-02,4,0001127602-24-019793,2024-06-28,xslF345X05/form4.xml,recent
2024-07-02,4,0001127602-24-019791,2024-06-28,xslF345X05/form4.xml,recent
2024-07-02,4,0001127602-24-019789,2024-06-28,xslF345X05/form4.xml,recent
2024-07-02,4,0001127602-24-019786,2024-06-28,xslF345X05/form4.xml,recent
2024-07-02,4,0001127602-24-019783,2024-06-28,xslF345X05/form4.xml,recent
2024-07-12,8-K,0000732717-24-000046,2024-05-06,t-20240506.htm,recent
2024-07-24,8-K,0000732717-24-000050,2024-07-24,t-20240724.htm,recent
2024-07-25,10-Q,0000732717-24-000053,2024-06-30,t-20240630.htm,recent
2024-07-26,UPLOAD,0000000000-24-008480,,filename1.pdf,recent
2024-07-30,4,0001127602-24-021161,2024-07-29,xslF345X05/form4.xml,recent
2024-07-30,4,0001127602-24-021159,2024-07-26,xslF345X05/form4.xml,recent
2024-07-31,CORRESP,0001193125-24-190323,,filename1.htm,recent
2024-08-02,4,0001127602-24-021532,2024-07-31,xslF345X05/form4.xml,recent
2024-08-02,4,0001127602-24-021529,2024-07-31,xslF345X05/form4.xml,recent
2024-08-02,4,0001127602-24-021527,2024-07-31,xslF345X05/form4.xml,recent
2024-08-02,4,0001127602-24-021525,2024-07-31,xslF345X05/form4.xml,recent
2024-08-02,4,0001127602-24-021522,2024-07-31,xslF345X05/form4.xml,recent
2024-08-02,4,0001127602-24-021521,2024-07-31,xslF345X05/form4.xml,recent
2024-08-02,4,0001127602-24-021518,2024-07-31,xslF345X05/form4.xml,recent
2024-08-02,4,0001127602-24-021516,2024-07-31,xslF345X05/form4.xml,recent
2024-08-02,4,0001127602-24-021515,2024-07-31,xslF345X05/form4.xml,recent
2024-08-02,4,0001127602-24-021514,2024-07-31,xslF345X05/form4.xml,recent
2024-08-02,4,0001127602-24-021513,2024-07-31,xslF345X05/form4.xml,recent
2024-08-02,4,0001127602-24-021511,2024-07-31,xslF345X05/form4.xml,recent
2024-08-02,4,0001127602-24-021510,2024-07-31,xslF345X05/form4.xml,recent
2024-08-02,4,0001127602-24-021487,2024-07-31,xslF345X05/form4.xml,recent
2024-08-02,4,0001127602-24-021481,2024-07-31,xslF345X05/form4.xml,recent
2024-08-02,4,0001127602-24-021477,2024-07-31,xslF345X05/form4.xml,recent
2024-08-06,4,0001127602-24-021751,2024-08-02,xslF345X05/form4.xml,recent
2024-08-12,4,0001127602-24-022020,2024-08-08,xslF345X05/form4.xml,recent
2024-08-19,UPLOAD,0000000000-24-009500,,filename1.pdf,recent
2024-09-04,4,0001127602-24-023470,2024-08-30,xslF345X05/form4.xml,recent
2024-09-04,4,0001127602-24-023441,2024-08-30,xslF345X05/form4.xml,recent
2024-09-04,4,0001127602-24-023425,2024-08-30,xslF345X05/form4.xml,recent
2024-09-04,4,0001127602-24-023422,2024-08-30,xslF345X05/form4.xml,recent
2024-09-04,4,0001127602-24-023418,2024-08-30,xslF345X05/form4.xml,recent
2024-09-17,4,0001127602-24-024088,2024-09-13,xslF345X05/form4.xml,recent
2024-09-17,4,0001127602-24-024087,2024-09-13,xslF345X05/form4.xml,recent
2024-09-17,4,0001127602-24-024086,2024-09-13,xslF345X05/form4.xml,recent
2024-09-17,4,0001127602-24-024085,2024-09-13,xslF345X05/form4.xml,recent
2024-09-30,8-K,0001193125-24-228321,2024-09-29,d35594d8k.htm,recent
2024-10-02,4,0001127602-24-024894,2024-09-30,xslF345X05/form4.xml,recent
2024-10-02,4,0001127602-24-024887,2024-09-30,xslF345X05/form4.xml,recent
2024-10-02,4,0001127602-24-024884,2024-09-30,xslF345X05/form4.xml,recent
2024-10-02,4,0001127602-24-024880,2024-09-30,xslF345X05/form4.xml,recent
2024-10-02,4,0001127602-24-024876,2024-09-30,xslF345X05/form4.xml,recent
2024-10-15,4,0001127602-24-025523,2024-10-10,xslF345X05/form4.xml,recent
2024-10-23,8-K,0000732717-24-000056,2024-10-23,t-20241023.htm,recent
2024-10-29,10-Q,0000732717-24-000059,2024-09-30,t-20240930.htm,recent
2024-11-04,4,0001127602-24-026379,2024-10-31,xslF345X05/form4.xml,recent
2024-11-04,4,0001127602-24-026372,2024-10-31,xslF345X05/form4.xml,recent
2024-11-04,4,0001127602-24-026369,2024-10-31,xslF345X05/form4.xml,recent
2024-11-04,4,0001127602-24-026365,2024-10-31,xslF345X05/form4.xml,recent
2024-11-04,4,0001127602-24-026360,2024-10-31,xslF345X05/form4.xml,recent
2024-11-04,4,0001127602-24-026356,2024-10-31,xslF345X05/form4.xml,recent
2024-11-04,4,0001127602-24-026353,2024-10-31,xslF345X05/form4.xml,recent
2024-11-04,4,0001127602-24-026352,2024-10-31,xslF345X05/form4.xml,recent
2024-11-04,4,0001127602-24-026350,2024-10-31,xslF345X05/form4.xml,recent
2024-11-04,4,0001127602-24-026347,2024-10-31,xslF345X05/form4.xml,recent
2024-11-04,4,0001127602-24-026346,2024-10-31,xslF345X05/form4.xml,recent
2024-11-04,4,0001127602-24-026345,2024-10-31,xslF345X05/form4.xml,recent
2024-11-04,4,0001127602-24-026344,2024-10-31,xslF345X05/form4.xml,recent
2024-11-04,4,0001127602-24-026341,2024-10-31,xslF345X05/form4.xml,recent
2024-11-04,4,0001127602-24-026339,2024-10-31,xslF345X05/form4.xml,recent
2024-11-04,4,0001127602-24-026333,2024-10-31,xslF345X05/form4.xml,recent
2024-12-03,4,0001127602-24-028569,2024-11-29,xslF345X05/form4.xml,recent
2024-12-03,4,0001127602-24-028568,2024-11-29,xslF345X05/form4.xml,recent
2024-12-03,4,0001127602-24-028567,2024-11-29,xslF345X05/form4.xml,recent
2024-12-03,4,0001127602-24-028566,2024-11-29,xslF345X05/form4.xml,recent
2024-12-03,4,0001127602-24-028565,2024-11-29,xslF345X05/form4.xml,recent
2024-12-03,4,0001127602-24-028564,2024-11-29,xslF345X05/form4.xml,recent
2024-12-03,4,0001127602-24-028563,2024-11-29,xslF345X05/form4.xml,recent
2024-12-03,4,0001127602-24-028562,2024-11-29,xslF345X05/form4.xml,recent
2024-12-03,8-K,0000732717-24-000062,2024-12-03,t-20241203.htm,recent
2024-12-10,S-8,0001193125-24-274368,,d917255ds8.htm,recent
2024-12-17,4,0001127602-24-029648,2024-12-13,xslF345X05/form4.xml,recent
2025-01-03,4,0001127602-25-000483,2024-12-31,xslF345X05/form4.xml,recent
2025-01-03,4,0001127602-25-000481,2024-12-31,xslF345X05/form4.xml,recent
2025-01-03,4,0001127602-25-000477,2024-12-31,xslF345X05/form4.xml,recent
2025-01-03,4,0001127602-25-000473,2024-12-31,xslF345X05/form4.xml,recent
2025-01-03,4,0001127602-25-000468,2024-12-31,xslF345X05/form4.xml,recent
2025-01-06,25-NSE,0000876661-25-000012,,xslF25X02/primary_doc.xml,recent
2025-01-17,4,0001127602-25-001464,2025-01-15,xslF345X05/form4.xml,recent
2025-01-17,4,0001127602-25-001463,2025-01-15,xslF345X05/form4.xml,recent
2025-01-17,4,0001127602-25-001462,2025-01-15,xslF345X05/form4.xml,recent
2025-01-17,4,0001127602-25-001461,2025-01-15,xslF345X05/form4.xml,recent
2025-01-17,4,0001127602-25-001460,2025-01-15,xslF345X05/form4.xml,recent
2025-01-17,4,0001127602-25-001459,2025-01-15,xslF345X05/form4.xml,recent
2025-01-17,4,0001127602-25-001458,2025-01-15,xslF345X05/form4.xml,recent
2025-01-17,4,0001127602-25-001457,2025-01-15,xslF345X05/form4.xml,recent
2025-01-17,4,0001127602-25-001455,2025-01-15,xslF345X05/form4.xml,recent
2025-01-17,4,0001127602-25-001454,2025-01-15,xslF345X05/form4.xml,recent
2025-01-21,4/A,0001127602-25-001642,2024-11-29,xslF345X05/form4a.xml,recent
2025-01-21,4/A,0001127602-25-001641,2024-11-29,xslF345X05/form4a.xml,recent
2025-01-21,4/A,0001127602-25-001640,2024-11-29,xslF345X05/form4a.xml,recent
2025-01-22,4,0001127602-25-001749,2025-01-21,xslF345X05/form4.xml,recent
2025-01-22,4,0001127602-25-001747,2025-01-17,xslF345X05/form4.xml,recent
2025-01-27,4,0001127602-25-002023,2025-01-23,xslF345X05/form4.xml,recent
2025-01-27,8-K,0000732717-25-000007,2025-01-27,t-20250127.htm,recent
2025-01-27,8-K,0000732717-25-000005,2025-01-27,t-20250127.htm,recent
2025-02-03,4,0001127602-25-002835,2025-01-30,xslF345X05/form4.xml,recent
2025-02-03,4,0001127602-25-002833,2025-01-30,xslF345X05/form4.xml,recent
2025-02-03,4,0001127602-25-002832,2025-01-30,xslF345X05/form4.xml,recent
2025-02-03,4,0001127602-25-002831,2025-01-30,xslF345X05/form4.xml,recent
2025-02-03,4,0001127602-25-002830,2025-01-30,xslF345X05/form4.xml,recent
2025-02-03,4,0001127602-25-002829,2025-01-30,xslF345X05/form4.xml,recent
2025-02-03,4,0001127602-25-002828,2025-01-30,xslF345X05/form4.xml,recent
2025-02-03,4,0001127602-25-002824,2025-01-30,xslF345X05/form4.xml,recent
2025-02-03,4,0001127602-25-002823,2025-01-30,xslF345X05/form4.xml,recent
2025-02-03,4,0001127602-25-002822,2025-01-30,xslF345X05/form4.xml,recent
2025-02-04,4,0001127602-25-002974,2025-01-31,xslF345X05/form4.xml,recent
2025-02-04,4,0001127602-25-002972,2025-01-31,xslF345X05/form4.xml,recent
2025-02-04,4,0001127602-25-002971,2025-01-31,xslF345X05/form4.xml,recent
2025-02-04,4,0001127602-25-002970,2025-01-31,xslF345X05/form4.xml,recent
2025-02-04,4,0001127602-25-002969,2025-01-31,xslF345X05/form4.xml,recent
2025-02-04,4,0001127602-25-002968,2025-01-31,xslF345X05/form4.xml,recent
2025-02-04,4,0001127602-25-002967,2025-01-31,xslF345X05/form4.xml,recent
2025-02-04,4,0001127602-25-002965,2025-01-31,xslF345X05/form4.xml,recent
2025-02-04,4,0001127602-25-002963,2025-01-31,xslF345X05/form4.xml,recent
2025-02-04,4,0001127602-25-002960,2025-01-31,xslF345X05/form4.xml,recent
2025-02-04,4,0001127602-25-002957,2025-01-31,xslF345X05/form4.xml,recent
2025-02-04,4,0001127602-25-002953,2025-01-31,xslF345X05/form4.xml,recent
2025-02-04,4,0001127602-25-002950,2025-01-31,xslF345X05/form4.xml,recent
2025-02-04,4,0001127602-25-002947,2025-01-31,xslF345X05/form4.xml,recent
2025-02-04,4,0001127602-25-002942,2025-01-31,xslF345X05/form4.xml,recent
2025-02-04,4,0001127602-25-002940,2025-01-31,xslF345X05/form4.xml,recent
2025-02-05,8-K,0000732717-25-000010,2025-01-30,t-20250130.htm,recent
2025-02-10,3,0000950170-25-017304,2025-02-03,xslF345X02/ownership.xml,recent
2025-02-10,SCHEDULE 13D,0000950170-25-017296,,xslSCHEDULE_13D_X01/primary_doc.xml,recent
2025-02-12,10-K,0000732717-25-000013,2024-12-31,t-20241231.htm,recent
2025-02-20,4,0001127602-25-006045,2025-02-18,xslF345X05/form4.xml,recent
2025-02-21,4,0001127602-25-006291,2025-02-19,xslF345X05/form4.xml,recent
2025-02-21,4,0001127602-25-006290,2025-02-19,xslF345X05/form4.xml,recent
2025-02-21,4/A,0001127602-25-006287,2025-01-30,xslF345X05/form4a.xml,recent
2025-02-26,4/A,0001127602-25-006954,2025-01-30,xslF345X05/form4a.xml,recent
2025-02-26,4/A,0001127602-25-006952,2025-01-30,xslF345X05/form4a.xml,recent
2025-02-26,4/A,0001127602-25-006950,2025-01-30,xslF345X05/form4a.xml,recent
2025-02-26,4/A,0001127602-25-006947,2025-01-30,xslF345X05/form4a.xml,recent
2025-02-26,4/A,0001127602-25-006943,2025-01-30,xslF345X05/form4a.xml,recent
2025-02-27,4/A,0001127602-25-007130,2025-01-30,xslF345X05/form4a.xml,recent
2025-02-28,S-3ASR,0001193125-25-042451,,d949609ds3asr.htm,recent
2025-03-04,4,0001127602-25-008105,2025-02-28,xslF345X05/form4.xml,recent
2025-03-04,4,0001127602-25-008103,2025-02-28,xslF345X05/form4.xml,recent
2025-03-04,4,0001127602-25-008100,2025-02-28,xslF345X05/form4.xml,recent
2025-03-04,4,0001127602-25-008098,2025-02-28,xslF345X05/form4.xml,recent
2025-03-04,4,0001127602-25-008093,2025-02-28,xslF345X05/form4.xml,recent
2025-03-04,4,0001127602-25-008090,2025-02-28,xslF345X05/form4.xml,recent
2025-03-06,25-NSE,0000876661-25-000155,,xslF25X02/primary_doc.xml,recent
2025-03-11,4,0001127602-25-009113,2025-03-10,xslF345X05/form4.xml,recent
2025-03-11,4,0001127602-25-009112,2025-03-10,xslF345X05/form4.xml,recent
2025-03-11,4,0001127602-25-009111,2025-03-10,xslF345X05/form4.xml,recent
2025-03-11,4,0001127602-25-009110,2025-03-10,xslF345X05/form4.xml,recent
2025-03-18,4,0001127602-25-009873,2025-02-10,xslF345X05/form4.xml,recent
2025-03-18,4,0001127602-25-009846,2025-03-17,xslF345X05/form4.xml,recent
2025-03-24,FWP,0001193125-25-061322,,d841965dfwp.htm,recent
2025-03-26,424B2,0001193125-25-064173,,d887859d424b2.htm,recent
2025-03-31,8-A12B,0001193125-25-068741,,d941941d8a12b.htm,recent
2025-03-31,8-K,0001193125-25-068736,2025-03-31,d942292d8k.htm,recent
2025-04-01,CERT,0000876661-25-000242,,ATTNotes040125.pdf,recent
2025-04-02,4,0001127602-25-011137,2025-03-31,xslF345X05/form4.xml,recent
2025-04-02,4,0001127602-25-011135,2025-03-31,xslF345X05/form4.xml,recent
2025-04-02,4,0001127602-25-011133,2025-03-31,xslF345X05/form4.xml,recent
2025-04-02,4,0001127602-25-011132,2025-03-31,xslF345X05/form4.xml,recent
2025-04-02,4,0001127602-25-011128,2025-03-31,xslF345X05/form4.xml,recent
2025-04-02,4,0001127602-25-010956,2025-03-31,xslF345X05/form4.xml,recent
2025-04-04,ARS,0001193125-25-073450,2024-12-31,d615981dars.pdf,recent
2025-04-04,DEF 14A,0001193125-25-073402,2025-05-15,d900144ddef14a.htm,recent
2025-04-04,DEFA14A,0001193125-25-073425,,d594553ddefa14a.htm,recent
2025-04-23,8-K,0000732717-25-000020,2025-04-23,t-20250423.htm,recent
2025-04-29,10-Q,0000732717-25-000023,2025-03-31,t-20250331.htm,recent
2025-05-02,4,0001127602-25-013252,2025-04-30,xslF345X05/form4.xml,recent
2025-05-02,4,0001127602-25-013244,2025-04-30,xslF345X05/form4.xml,recent
2025-05-02,4,0001127602-25-013206,2025-04-30,xslF345X05/form4.xml,recent
2025-05-02,4,0001127602-25-013191,2025-04-30,xslF345X05/form4.xml,recent
2025-05-02,4,0001127602-25-013187,2025-04-30,xslF345X05/form4.xml,recent
2025-05-02,4,0001127602-25-013184,2025-04-30,xslF345X05/form4.xml,recent
2025-05-02,4,0001127602-25-013176,2025-04-30,xslF345X05/form4.xml,recent
2025-05-02,4,0001127602-25-013167,2025-04-30,xslF345X05/form4.xml,recent
2025-05-02,4,0001127602-25-013162,2025-04-30,xslF345X05/form4.xml,recent
2025-05-02,4,0001127602-25-013159,2025-04-30,xslF345X05/form4.xml,recent
2025-05-02,4,0001127602-25-013157,2025-04-30,xslF345X05/form4.xml,recent
2025-05-02,4,0001127602-25-013156,2025-04-30,xslF345X05/form4.xml,recent
2025-05-02,4,0001127602-25-013155,2025-04-30,xslF345X05/form4.xml,recent
2025-05-02,4,0001127602-25-013154,2025-04-30,xslF345X05/form4.xml,recent
2025-05-02,4,0001127602-25-013153,2025-04-30,xslF345X05/form4.xml,recent
2025-05-02,4,0001127602-25-013152,2025-04-30,xslF345X05/form4.xml,recent
2025-05-14,4/A,0001127602-25-014368,2025-04-30,xslF345X05/form4a.xml,recent
2025-05-14,4/A,0001127602-25-014367,2025-04-30,xslF345X05/form4a.xml,recent
2025-05-14,4/A,0001127602-25-014366,2025-04-30,xslF345X05/form4a.xml,recent
2025-05-14,4/A,0001127602-25-014363,2025-04-30,xslF345X05/form4a.xml,recent
2025-05-14,4/A,0001127602-25-014361,2025-04-30,xslF345X05/form4a.xml,recent
2025-05-19,4,0001127602-25-014911,2025-05-15,xslF345X05/form4.xml,recent
2025-05-19,4,0001127602-25-014902,2025-05-15,xslF345X05/form4.xml,recent
2025-05-19,4,0001127602-25-014897,2025-05-15,xslF345X05/form4.xml,recent
2025-05-19,8-K,0001193125-25-122439,2025-05-15,d95146d8k.htm,recent
2025-05-21,8-K,0001193125-25-123971,2025-05-21,d939113d8k.htm,recent
2025-05-28,FWP,0001193125-25-129601,,d933699dfwp.htm,recent
2025-05-30,424B2,0001193125-25-132097,,d941250d424b2.htm,recent
2025-06-03,4,0001127602-25-016524,2025-05-30,xslF345X05/form4.xml,recent
2025-06-03,4,0001127602-25-016522,2025-05-30,xslF345X05/form4.xml,recent
2025-06-03,4,0001127602-25-016518,2025-05-30,xslF345X05/form4.xml,recent
2025-06-03,4,0001127602-25-016506,2025-05-30,xslF345X05/form4.xml,recent
2025-06-03,4,0001127602-25-016498,2025-05-30,xslF345X05/form4.xml,recent
2025-06-03,4,0001127602-25-016491,2025-05-30,xslF345X05/form4.xml,recent
2025-06-03,4,0001127602-25-016488,2025-05-30,xslF345X05/form4.xml,recent
2025-06-03,4,0001127602-25-016485,2025-05-30,xslF345X05/form4.xml,recent
2025-06-03,4,0001127602-25-016483,2025-05-30,xslF345X05/form4.xml,recent
2025-06-03,4,0001127602-25-016474,2025-05-28,xslF345X05/form4.xml,recent
2025-06-03,4,0001127602-25-016468,2025-05-30,xslF345X05/form4.xml,recent
2025-06-03,4,0001127602-25-016457,2025-05-30,xslF345X05/form4.xml,recent
2025-06-03,4,0001127602-25-016448,2025-05-30,xslF345X05/form4.xml,recent
2025-06-03,4,0001127602-25-016440,2025-05-30,xslF345X05/form4.xml,recent
2025-06-03,8-K,0001193125-25-134108,2025-06-03,d947422d8k.htm,recent
2025-06-23,11-K,0000732717-25-000046,2024-12-31,a2024tarsp-pr11xkfinancial.htm,recent
2025-06-23,11-K,0000732717-25-000044,2024-12-31,a2024tarsp11-kfinancial.htm,recent
2025-06-23,11-K,0000732717-25-000042,2024-12-31,a2024tbellsouth11-kfinanci.htm,recent
2025-06-23,11-K,0000732717-25-000040,2024-12-31,a2024tassp11-kfinancial.htm,recent
2025-07-02,4,0001127602-25-018647,2025-06-30,xslF345X05/form4.xml,recent
2025-07-02,4,0001127602-25-018645,2025-06-30,xslF345X05/form4.xml,recent
2025-07-02,4,0001127602-25-018635,2025-06-30,xslF345X05/form4.xml,recent
2025-07-02,4,0001127602-25-018634,2025-06-30,xslF345X05/form4.xml,recent
2025-07-02,4,0001127602-25-018632,2025-06-30,xslF345X05/form4.xml,recent
2025-07-02,4,0001127602-25-018630,2025-06-30,xslF345X05/form4.xml,recent
2025-07-02,4,0001127602-25-018627,2025-06-30,xslF345X05/form4.xml,recent
2025-07-02,4,0001127602-25-018626,2025-06-30,xslF345X05/form4.xml,recent
2025-07-02,4,0001127602-25-018625,2025-06-30,xslF345X05/form4.xml,recent
2025-07-02,4,0001127602-25-018624,2025-06-30,xslF345X05/form4.xml,recent
2025-07-23,8-K,0000732717-25-000076,2025-07-23,t-20250723.htm,recent
2025-07-24,10-Q,0000732717-25-000080,2025-06-30,t-20250630.htm,recent
2025-07-30,4,0001127602-25-019769,2025-07-29,xslF345X05/form4.xml,recent
2025-07-30,4,0001127602-25-019767,2025-07-29,xslF345X05/form4.xml,recent
2025-07-31,8-A12B,0000732717-25-000084,,form8-a12b.htm,recent
2025-07-31,CERT,0000876882-25-000026,,T073125.pdf,recent
2025-08-04,4,0001127602-25-019983,2025-07-31,xslF345X05/form4.xml,recent
2025-08-04,4,0001127602-25-019982,2025-07-31,xslF345X05/form4.xml,recent
2025-08-04,4,0001127602-25-019981,2025-07-31,xslF345X05/form4.xml,recent
2025-08-04,4,0001127602-25-019980,2025-07-31,xslF345X05/form4.xml,recent
2025-08-04,4,0001127602-25-019979,2025-07-31,xslF345X05/form4.xml,recent
2025-08-04,4,0001127602-25-019978,2025-07-31,xslF345X05/form4.xml,recent
2025-08-04,4,0001127602-25-019935,2025-07-31,xslF345X05/form4.xml,recent
2025-08-04,4,0001127602-25-019934,2025-07-31,xslF345X05/form4.xml,recent
2025-08-04,4,0000732717-25-000106,2025-07-31,xslF345X05/form4.xml,recent
2025-08-04,4,0000732717-25-000105,2025-07-31,xslF345X05/form4.xml,recent
2025-08-04,4,0000732717-25-000104,2025-07-31,xslF345X05/form4.xml,recent
2025-08-04,4,0000732717-25-000103,2025-07-31,xslF345X05/form4.xml,recent
2025-08-04,4,0000732717-25-000102,2025-07-31,xslF345X05/form4.xml,recent
2025-08-04,4,0000732717-25-000101,2025-07-31,xslF345X05/form4.xml,recent
2025-08-04,4,0000732717-25-000100,2025-07-31,xslF345X05/form4.xml,recent
2025-08-19,8-K,0001193125-25-183029,2025-08-15,d49437d8k.htm,recent
2025-08-26,8-K,0001193125-25-188074,2025-08-25,d13570d8k.htm,recent
2025-09-03,4,0000732717-25-000123,2025-08-29,xslF345X05/form4.xml,recent
2025-09-03,4,0000732717-25-000122,2025-08-29,xslF345X05/form4.xml,recent
2025-09-03,4,0000732717-25-000121,2025-08-29,xslF345X05/form4.xml,recent
2025-09-03,4,0000732717-25-000120,2025-08-29,xslF345X05/form4.xml,recent
2025-09-03,4,0000732717-25-000119,2025-08-29,xslF345X05/form4.xml,recent
2025-09-09,3,0000732717-25-000127,2025-09-01,xslF345X02/form3.xml,recent
2025-09-09,FWP,0001193125-25-198872,,d10091dfwp.htm,recent
2025-09-10,3/A,0000732717-25-000130,2025-09-01,xslF345X02/form3a.xml,recent
2025-09-11,424B2,0001193125-25-201356,,d37619d424b2.htm,recent
2025-09-16,8-A12B,0001193125-25-205078,,d95846d8a12b.htm,recent
2025-09-16,8-K,0001193125-25-205072,2025-09-16,d70951d8k.htm,recent
2025-09-18,CERT,0000876661-25-000681,,T27C091825.pdf,recent
2025-09-18,FWP,0001193125-25-207574,,d53991dfwp.htm,recent
2025-09-19,424B2,0001193125-25-209307,,d50406d424b2.htm,recent
2025-09-24,8-K,0001193125-25-215530,2025-09-24,d77733d8k.htm,recent
2025-09-25,4,0000732717-25-000138,2025-09-23,xslF345X05/form4.xml,recent
2025-09-25,4,0000732717-25-000137,2025-09-23,xslF345X05/form4.xml,recent
2025-10-02,4,0000732717-25-000151,2025-09-30,xslF345X05/form4.xml,recent
2025-10-02,4,0000732717-25-000149,2025-09-30,xslF345X05/form4.xml,recent
2025-10-02,4,0000732717-25-000148,2025-09-30,xslF345X05/form4.xml,recent
2025-10-02,4,0000732717-25-000147,2025-09-30,xslF345X05/form4.xml,recent
2025-10-02,4,0000732717-25-000146,2025-09-30,xslF345X05/form4.xml,recent
2025-10-02,4,0000732717-25-000145,2025-09-30,xslF345X05/form4.xml,recent
2025-10-16,3,0000732717-25-000159,2025-10-06,xslF345X02/form3.xml,recent
2025-10-16,4,0000732717-25-000160,2025-10-06,xslF345X05/form4.xml,recent
2025-10-22,8-K,0000732717-25-000163,2025-10-22,t-20251022.htm,recent
2025-10-23,4,0000732717-25-000165,2025-10-23,xslF345X05/form4.xml,recent
2025-10-28,4,0000732717-25-000168,2025-10-24,xslF345X05/form4.xml,recent
2025-10-31,10-Q,0000732717-25-000171,2025-09-30,t-20250930.htm,recent
2025-11-03,8-K,0001193125-25-262515,2025-11-03,d935272d8k.htm,recent
2025-11-04,4,0000732717-25-000202,2025-10-31,xslF345X05/form4.xml,recent
2025-11-04,4,0000732717-25-000201,2025-10-31,xslF345X05/form4.xml,recent
2025-11-04,4,0000732717-25-000200,2025-10-31,xslF345X05/form4.xml,recent
2025-11-04,4,0000732717-25-000199,2025-10-31,xslF345X05/form4.xml,recent
2025-11-04,4,0000732717-25-000198,2025-10-31,xslF345X05/form4.xml,recent
2025-11-04,4,0000732717-25-000197,2025-10-31,xslF345X05/form4.xml,recent
2025-11-04,4,0000732717-25-000196,2025-10-31,xslF345X05/form4.xml,recent
2025-11-04,4,0000732717-25-000195,2025-10-31,xslF345X05/form4.xml,recent
2025-11-04,4,0000732717-25-000194,2025-10-31,xslF345X05/form4.xml,recent
2025-11-04,4,0000732717-25-000193,2025-10-31,xslF345X05/form4.xml,recent
2025-11-04,4,0000732717-25-000192,2025-10-31,xslF345X05/form4.xml,recent
2025-11-04,4,0000732717-25-000191,2025-10-31,xslF345X05/form4.xml,recent
2025-11-04,4,0000732717-25-000190,2025-10-31,xslF345X05/form4.xml,recent
2025-11-04,4,0000732717-25-000189,2025-10-31,xslF345X05/form4.xml,recent
2025-11-04,4,0000732717-25-000188,2025-10-31,xslF345X05/form4.xml,recent
2025-11-18,25-NSE,0000876661-25-000880,,xslF25X02/primary_doc.xml,recent
2025-12-02,4,0000732717-25-000230,2025-11-28,xslF345X05/form4.xml,recent
2025-12-02,4,0000732717-25-000229,2025-11-28,xslF345X05/form4.xml,recent
2025-12-02,4,0000732717-25-000228,2025-11-28,xslF345X05/form4.xml,recent
2025-12-02,4,0000732717-25-000227,2025-11-28,xslF345X05/form4.xml,recent
2025-12-02,4,0000732717-25-000226,2025-11-28,xslF345X05/form4.xml,recent
2025-12-02,4,0000732717-25-000225,2025-11-28,xslF345X05/form4.xml,recent
2025-12-02,4,0000732717-25-000224,2025-11-28,xslF345X05/form4.xml,recent
2025-12-02,4,0000732717-25-000223,2025-11-28,xslF345X05/form4.xml,recent
2025-12-17,25-NSE,0000876661-25-000982,,xslF25X02/primary_doc.xml,recent
2025-12-17,4,0000732717-25-000236,2025-12-15,xslF345X05/form4.xml,recent
2025-12-17,4,0000732717-25-000235,2025-12-15,xslF345X05/form4.xml,recent
2025-12-17,4,0000732717-25-000234,2025-12-15,xslF345X05/form4.xml,recent
2026-01-05,4,0000732717-26-000006,2025-12-31,xslF345X05/form4.xml,recent
2026-01-05,4,0000732717-26-000004,2025-12-31,xslF345X05/form4.xml,recent
2026-01-05,4,0000732717-26-000003,2025-12-31,xslF345X05/form4.xml,recent
2026-01-05,4,0000732717-26-000002,2025-12-31,xslF345X05/form4.xml,recent
2026-01-05,4,0000732717-26-000001,2025-12-31,xslF345X05/form4.xml,recent
2026-01-20,4,0000732717-26-000038,2026-01-15,xslF345X05/form4.xml,recent
2026-01-20,4,0000732717-26-000037,2026-01-15,xslF345X05/form4.xml,recent
2026-01-20,4,0000732717-26-000036,2026-01-15,xslF345X05/form4.xml,recent
2026-01-20,4,0000732717-26-000035,2026-01-15,xslF345X05/form4.xml,recent
2026-01-20,4,0000732717-26-000034,2026-01-15,xslF345X05/form4.xml,recent
2026-01-20,4,0000732717-26-000033,2026-01-15,xslF345X05/form4.xml,recent
2026-01-20,4,0000732717-26-000032,2026-01-15,xslF345X05/form4.xml,recent
2026-01-20,4,0000732717-26-000031,2026-01-15,xslF345X05/form4.xml,recent
2026-01-20,4,0000732717-26-000030,2026-01-15,xslF345X05/form4.xml,recent
2026-01-20,4,0000732717-26-000029,2026-01-15,xslF345X05/form4.xml,recent
2026-01-22,4,0000732717-26-000042,2026-01-20,xslF345X05/form4.xml,recent
2026-01-22,4,0000732717-26-000041,2026-01-20,xslF345X05/form4.xml,recent
2026-01-28,8-K,0000732717-26-000047,2026-01-28,t-20260128.htm,recent
2026-01-28,8-K,0000732717-26-000046,2026-01-28,t-20260128.htm,recent
2026-01-29,FWP,0001193125-26-029695,,d58723dfwp.htm,recent
2026-02-02,4,0000732717-26-000075,2026-01-29,xslF345X05/form4.xml,recent
2026-02-02,4,0000732717-26-000074,2026-01-29,xslF345X05/form4.xml,recent
2026-02-02,4,0000732717-26-000073,2026-01-29,xslF345X05/form4.xml,recent
2026-02-02,4,0000732717-26-000072,2026-01-29,xslF345X05/form4.xml,recent
2026-02-02,4,0000732717-26-000071,2026-01-29,xslF345X05/form4.xml,recent
2026-02-02,4,0000732717-26-000070,2026-01-29,xslF345X05/form4.xml,recent
2026-02-02,4,0000732717-26-000069,2026-01-29,xslF345X05/form4.xml,recent
2026-02-02,4,0000732717-26-000068,2026-01-29,xslF345X05/form4.xml,recent
2026-02-02,4,0000732717-26-000067,2026-01-29,xslF345X05/form4.xml,recent
2026-02-02,4,0000732717-26-000066,2026-01-29,xslF345X05/form4.xml,recent
2026-02-02,424B2,0001193125-26-033630,,d31343d424b2.htm,recent
2026-02-03,4,0000732717-26-000116,2026-01-30,xslF345X05/form4.xml,recent
2026-02-03,4,0000732717-26-000113,2026-01-30,xslF345X05/form4.xml,recent
2026-02-03,4,0000732717-26-000112,2026-01-30,xslF345X05/form4.xml,recent
2026-02-03,4,0000732717-26-000111,2026-01-30,xslF345X05/form4.xml,recent
2026-02-03,4,0000732717-26-000110,2026-01-30,xslF345X05/form4.xml,recent
2026-02-03,4,0000732717-26-000109,2026-01-30,xslF345X05/form4.xml,recent
2026-02-03,4,0000732717-26-000108,2026-01-30,xslF345X05/form4.xml,recent
2026-02-03,4,0000732717-26-000106,2026-01-30,xslF345X05/form4.xml,recent
2026-02-03,4,0000732717-26-000105,2026-01-30,xslF345X05/form4.xml,recent
2026-02-03,4,0000732717-26-000104,2026-01-30,xslF345X05/form4.xml,recent
2026-02-03,4,0000732717-26-000103,2026-01-30,xslF345X05/form4.xml,recent
2026-02-03,4,0000732717-26-000102,2026-01-30,xslF345X05/form4.xml,recent
2026-02-03,4,0000732717-26-000101,2026-01-30,xslF345X05/form4.xml,recent
2026-02-03,4,0000732717-26-000100,2026-01-30,xslF345X05/form4.xml,recent
2026-02-05,8-K,0001193125-26-039407,2026-02-05,d104980d8k.htm,recent
2026-02-09,10-K,0000732717-26-000120,2025-12-31,t-20251231.htm,recent
2026-02-18,4,0000732717-26-000143,2026-02-13,xslF345X05/form4.xml,recent
2026-02-18,4,0000732717-26-000142,2026-02-13,xslF345X05/form4.xml,recent
2026-02-18,4,0000732717-26-000141,2026-02-13,xslF345X05/form4.xml,recent
2026-02-18,4,0000732717-26-000140,2026-02-13,xslF345X05/form4.xml,recent
2026-02-18,4,0000732717-26-000139,2026-02-13,xslF345X05/form4.xml,recent
2026-02-18,4,0000732717-26-000138,2026-02-13,xslF345X05/form4.xml,recent
2026-02-18,4,0000732717-26-000137,2026-02-13,xslF345X05/form4.xml,recent
2026-02-18,4,0000732717-26-000136,2026-02-13,xslF345X05/form4.xml,recent
2026-02-18,4,0000732717-26-000135,2026-02-13,xslF345X05/form4.xml,recent
2026-02-18,4,0000732717-26-000134,2026-02-13,xslF345X05/form4.xml,recent
2026-02-19,4/A,0000732717-26-000162,2026-01-29,xslF345X05/form4a.xml,recent
2026-02-19,4/A,0000732717-26-000161,2026-01-29,xslF345X05/form4a.xml,recent
2026-02-19,4/A,0000732717-26-000160,2026-01-29,xslF345X05/form4a.xml,recent
2026-02-19,4/A,0000732717-26-000159,2026-01-29,xslF345X05/form4a.xml,recent
2026-02-19,4/A,0000732717-26-000158,2026-01-29,xslF345X05/form4a.xml,recent
2026-02-19,4/A,0000732717-26-000157,2026-01-29,xslF345X05/form4a.xml,recent
2026-02-19,4/A,0000732717-26-000156,2026-01-29,xslF345X05/form4a.xml,recent
2026-02-19,4/A,0000732717-26-000155,2026-01-29,xslF345X05/form4a.xml,recent
2026-02-19,4/A,0000732717-26-000154,2026-01-29,xslF345X05/form4a.xml,recent
2026-02-20,4,0000732717-26-000168,2026-02-18,xslF345X05/form4.xml,recent
2026-02-20,4,0000732717-26-000167,2026-02-18,xslF345X05/form4.xml,recent
2026-02-20,4,0000732717-26-000166,2026-02-18,xslF345X05/form4.xml,recent
2026-02-27,4,0000732717-26-000171,2026-02-25,xslF345X05/form4.xml,recent
2026-03-03,4,0000732717-26-000179,2026-02-28,xslF345X05/form4.xml,recent
2026-03-03,4,0000732717-26-000178,2026-02-28,xslF345X05/form4.xml,recent
2026-03-03,4,0000732717-26-000177,2026-02-28,xslF345X05/form4.xml,recent
2026-03-03,4,0000732717-26-000176,2026-02-28,xslF345X05/form4.xml,recent
2026-03-04,25-NSE,0000876661-26-000208,,xslF25X02/primary_doc.xml,recent
2026-03-05,424B5,0001193125-26-093205,,d47494d424b5.htm,recent
2026-03-05,FWP,0001193125-26-094253,,d117979dfwp.htm,recent
2026-03-09,424B2,0001193125-26-098472,,d47494d424b2.htm,recent
2026-03-11,4,0000732717-26-000187,2026-03-10,xslF345X05/form4.xml,recent
2026-03-11,4,0000732717-26-000186,2026-03-10,xslF345X05/form4.xml,recent
2026-03-11,4,0000732717-26-000185,2026-03-10,xslF345X05/form4.xml,recent
2026-03-11,4,0000732717-26-000184,2026-03-10,xslF345X05/form4.xml,recent
2026-03-12,8-K,0001193125-26-104098,2026-03-12,d25847d8k.htm,recent
2026-03-13,PRE 14A,0001193125-26-106122,2026-05-14,d919223dpre14a.htm,recent
2026-03-23,ARS,0001193125-26-119907,2025-12-31,d851666dars.pdf,recent
2026-03-23,DEF 14A,0001193125-26-119888,2026-05-14,d919223ddef14a.htm,recent
2026-03-23,DEFA14A,0001193125-26-119897,,d23754ddefa14a.htm,recent
2026-03-26,SCHEDULE 13G/A,0000102909-26-000795,,xslSCHEDULE_13G_X02/primary_doc.xml,recent
2026-04-02,4,0000732717-26-000195,2026-03-31,xslF345X06/form4.xml,recent
2026-04-02,4,0000732717-26-000194,2026-03-31,xslF345X06/form4.xml,recent
2026-04-02,4,0000732717-26-000193,2026-03-31,xslF345X06/form4.xml,recent
2026-04-02,4,0000732717-26-000192,2026-03-31,xslF345X06/form4.xml,recent
2026-04-22,8-K,0000732717-26-000203,2026-04-22,t-20260422.htm,recent
2026-04-22,8-K,0000732717-26-000201,2026-04-22,t-20260422.htm,recent
2026-04-22,PX14A6G,0001214659-26-004966,,o422262px14a6g.htm,recent
2026-04-23,FWP,0001193125-26-173962,,d124376dfwp.htm,recent
2026-04-27,10-Q,0000732717-26-000206,2026-03-31,t-20260331.htm,recent
2026-04-27,424B2,0001193125-26-182243,,d105456d424b2.htm,recent
2026-04-29,SCHEDULE 13G,0002100119-26-000102,,xslSCHEDULE_13G_X02/primary_doc.xml,recent
2026-04-30,8-K,0001193125-26-197776,2026-04-30,d77464d8k.htm,recent
2026-05-04,4,0000732717-26-000236,2026-04-30,xslF345X06/form4.xml,recent
2026-05-04,4,0000732717-26-000235,2026-04-30,xslF345X06/form4.xml,recent
2026-05-04,4,0000732717-26-000234,2026-04-30,xslF345X06/form4.xml,recent
2026-05-04,4,0000732717-26-000233,2026-04-30,xslF345X06/form4.xml,recent
2026-05-04,4,0000732717-26-000232,2026-04-30,xslF345X06/form4.xml,recent
2026-05-04,4,0000732717-26-000231,2026-03-31,xslF345X06/form4.xml,recent
2026-05-04,4,0000732717-26-000230,2026-04-30,xslF345X06/form4.xml,recent
2026-05-04,4,0000732717-26-000229,2026-04-30,xslF345X06/form4.xml,recent
2026-05-04,4,0000732717-26-000228,2026-04-30,xslF345X06/form4.xml,recent
2026-05-04,4,0000732717-26-000227,2026-04-30,xslF345X06/form4.xml,recent
2026-05-04,4,0000732717-26-000226,2026-04-30,xslF345X06/form4.xml,recent
2026-05-04,4,0000732717-26-000225,2026-04-30,xslF345X06/form4.xml,recent
2026-05-04,4,0000732717-26-000224,2026-04-30,xslF345X06/form4.xml,recent
2026-05-04,4,0000732717-26-000223,2026-04-30,xslF345X06/form4.xml,recent
2026-05-20,8-K,0001193125-26-232817,2026-05-14,d227921d8k.htm,recent
2026-05-29,S-8,0001193125-26-248703,,d135325ds8.htm,recent
2026-06-02,4,0000732717-26-000262,2026-05-29,xslF345X06/form4.xml,recent
2026-06-02,4,0000732717-26-000261,2026-05-29,xslF345X06/form4.xml,recent
2026-06-02,4,0000732717-26-000260,2026-05-29,xslF345X06/form4.xml,recent
2026-06-02,4,0000732717-26-000259,2026-05-29,xslF345X06/form4.xml,recent
2026-06-02,4,0000732717-26-000258,2026-05-29,xslF345X06/form4.xml,recent
2026-06-02,4,0000732717-26-000257,2026-05-29,xslF345X06/form4.xml,recent
2026-06-02,4,0000732717-26-000256,2026-05-29,xslF345X06/form4.xml,recent
2026-06-02,4,0000732717-26-000255,2026-05-29,xslF345X06/form4.xml,recent
2026-06-02,4,0000732717-26-000254,2026-05-29,xslF345X06/form4.xml,recent
2026-06-02,4,0000732717-26-000253,2026-05-29,xslF345X06/form4.xml,recent
2026-06-02,4,0000732717-26-000252,2026-05-29,xslF345X06/form4.xml,recent
2026-06-02,4,0000732717-26-000251,2026-05-29,xslF345X06/form4.xml,recent
2026-06-02,4,0000732717-26-000250,2026-05-29,xslF345X06/form4.xml,recent
2026-06-16,8-K,0001193125-26-272580,2026-06-11,d151168d8k.htm,recent
2026-06-22,11-K,0000732717-26-000273,2025-12-31,t-20260622.htm,recent
2026-06-22,11-K,0000732717-26-000272,2025-12-31,t-20260622.htm,recent
2026-06-22,11-K,0000732717-26-000271,2025-12-31,t-20260622.htm,recent
2026-06-22,11-K,0000732717-26-000270,2025-12-31,t-20260622.htm,recent
2026-07-02,4,0000732717-26-000289,2026-06-30,xslF345X06/form4.xml,recent
2026-07-02,4,0000732717-26-000288,2026-06-30,xslF345X06/form4.xml,recent
2026-07-02,4,0000732717-26-000287,2026-06-30,xslF345X06/form4.xml,recent
2026-07-02,4,0000732717-26-000286,2026-06-30,xslF345X06/form4.xml,recent
2026-07-02,4,0000732717-26-000285,2026-06-30,xslF345X06/form4.xml,recent
2026-07-02,4,0000732717-26-000284,2026-06-30,xslF345X06/form4.xml,recent
2026-07-02,4,0000732717-26-000283,2026-06-30,xslF345X06/form4.xml,recent
2026-07-02,4,0000732717-26-000282,2026-06-30,xslF345X06/form4.xml,recent
2026-07-22,10-Q,0000732717-26-000297,2026-06-30,t-20260630.htm,recent
2026-07-22,8-K,0000732717-26-000294,2026-07-22,t-20260722.htm,recent
2026-07-27,FWP,0001193125-26-318207,,d101711dfwp.htm,recent
2026-07-28,8-K,0001193125-26-321053,2026-07-28,d142142d8k.htm,recent
2026-07-29,424B2,0001193125-26-323650,,d141560d424b2.htm,recent
2026-08-04,4,0000732717-26-000325,2026-07-31,xslF345X06/form4.xml,recent
2026-08-04,4,0000732717-26-000324,2026-07-31,xslF345X06/form4.xml,recent
2026-08-04,4,0000732717-26-000323,2026-07-31,xslF345X06/form4.xml,recent
2026-08-04,4,0000732717-26-000322,2026-07-31,xslF345X06/form4.xml,recent
2026-08-04,4,0000732717-26-000321,2026-07-31,xslF345X06/form4.xml,recent
2026-08-04,4,0000732717-26-000320,2026-07-31,xslF345X06/form4.xml,recent
2026-08-04,4,0000732717-26-000319,2026-07-31,xslF345X06/form4.xml,recent
2026-08-04,4,0000732717-26-000318,2026-07-31,xslF345X06/form4.xml,recent
2026-08-04,4,0000732717-26-000317,2026-07-31,xslF345X06/form4.xml,recent
2026-08-04,4,0000732717-26-000316,2026-07-31,xslF345X06/form4.xml,recent
2026-08-04,4,0000732717-26-000315,2026-07-31,xslF345X06/form4.xml,recent
2026-08-04,4,0000732717-26-000314,2026-07-31,xslF345X06/form4.xml,recent
2026-08-04,4,0000732717-26-000313,2026-07-31,xslF345X06/form4.xml,recent
2026-08-04,4,0000732717-26-000312,2026-07-31,xslF345X06/form4.xml,recent
2026-08-04,8-A12B,0001193125-26-332234,,d134367d8a12b.htm,recent
2026-08-04,8-K,0001193125-26-332110,2026-08-03,d112584d8k.htm,recent
2026-08-06,CERT,0000876661-26-000660,,GlobalNotes080626.pdf,recent
2026-08-07,FWP,0001193125-26-340212,,d181480dfwp.htm,recent
2026-08-10,FWP,0001193125-26-342422,,d22898dfwp.htm,recent
2026-08-11,424B2,0001193125-26-344905,,d45776d424b2.htm,recent
2026-08-12,424B2,0001193125-26-346869,,d180822d424b2.htm,recent
2026-08-17,8-A12B,0001193125-26-354179,,d154929d8a12b.htm,recent
2026-08-17,8-K,0001193125-26-354091,2026-08-17,d153710d8k.htm,recent
2026-08-18,CERT,0000876661-26-000691,,T28081826.pdf,recent
2026-09-02,4,0000732717-26-000333,2026-08-31,xslF345X06/form4.xml,recent
2026-09-02,4,0000732717-26-000332,2026-08-31,xslF345X06/form4.xml,recent
2026-09-02,4,0000732717-26-000331,2026-08-31,xslF345X06/form4.xml,recent
2026-09-02,4,0000732717-26-000330,2026-08-31,xslF345X06/form4.xml,recent
2026-09-08,25-NSE,0000876661-26-000719,,xslF25X02/primary_doc.xml,recent
2026-09-09,8-K,0001193125-26-386534,2026-09-07,d123248d8k.htm,recent
2026-09-16,3,0000732717-26-000344,2026-09-08,xslF345X06/form3.xml,recent
