filingDate,form,accession,reportDate,primaryDocument,source
1994-03-15,DEF 14A,0000012927-94-000001,1993-12-31,,CIK0000012927-submissions-002.json
1994-03-17,10-K,0000012927-94-000004,1993-12-31,,CIK0000012927-submissions-002.json
1994-03-22,S-8,0000012927-94-000008,,,CIK0000012927-submissions-002.json
1994-05-13,10-Q,0000012927-94-000010,1994-03-31,,CIK0000012927-submissions-002.json
1994-06-28,11-K,0000012927-94-000013,1993-12-31,,CIK0000012927-submissions-002.json
1994-08-09,10-Q,0000012927-94-000015,1994-06-30,,CIK0000012927-submissions-002.json
1994-11-07,10-Q,0000012927-94-000016,1994-09-30,,CIK0000012927-submissions-002.json
1995-03-09,10-K,0000012927-95-000002,1994-12-31,,CIK0000012927-submissions-002.json
1995-03-10,DEF 14A,0000891020-95-000046,1995-04-24,,CIK0000012927-submissions-002.json
1995-03-16,DEFR14A,0000891020-95-000053,,,CIK0000012927-submissions-002.json
1995-05-12,10-Q,0000012927-95-000004,1995-03-31,,CIK0000012927-submissions-002.json
1995-08-10,10-Q,0000012927-95-000008,1995-06-30,,CIK0000012927-submissions-002.json
1995-11-08,10-Q,0000012927-95-000010,1995-09-30,,CIK0000012927-submissions-002.json
1996-03-08,DEF 14A,0000891020-96-000212,1996-04-29,,CIK0000012927-submissions-002.json
1996-03-13,10-K,0000012927-96-000003,1995-12-31,,CIK0000012927-submissions-002.json
1996-05-06,S-8,0000891020-96-000384,,,CIK0000012927-submissions-002.json
1996-05-13,10-Q,0000012927-96-000005,1996-03-31,,CIK0000012927-submissions-002.json
1996-08-09,10-Q,0000012927-96-000007,1996-06-30,,CIK0000012927-submissions-002.json
1996-08-30,S-8 POS,0000012927-96-000014,,,CIK0000012927-submissions-002.json
1996-09-11,S-3,0000950157-96-000244,,,CIK0000012927-submissions-002.json
1996-10-29,S-4,0000950123-96-006004,,,CIK0000012927-submissions-002.json
1996-10-30,S-3/A,0000950157-96-000350,,,CIK0000012927-submissions-002.json
1996-11-05,S-3/A,0000912057-96-024701,,,CIK0000012927-submissions-002.json
1996-11-14,10-Q,0000012927-96-000025,1996-09-30,,CIK0000012927-submissions-002.json
1996-11-19,S-8,0000891020-96-001484,,,CIK0000012927-submissions-002.json
1996-12-20,8-K,0000950157-96-000483,1996-12-14,,CIK0000012927-submissions-002.json
1996-12-20,8-K,0000950157-96-000480,1996-12-06,,CIK0000012927-submissions-002.json
1997-01-28,PREN14A,0001009881-97-000006,1997-12-31,,CIK0000012927-submissions-002.json
1997-02-12,PRRN14A,0001009881-97-000008,,,CIK0000012927-submissions-002.json
1997-02-25,PRRN14A,0001009881-97-000011,,,CIK0000012927-submissions-002.json
1997-02-28,PRE 14A,0001012870-97-000415,1997-04-28,,CIK0000012927-submissions-002.json
1997-03-06,PRRN14A,0001009881-97-000017,,,CIK0000012927-submissions-002.json
1997-03-10,10-K,0000012927-97-000020,1996-12-31,,CIK0000012927-submissions-002.json
1997-03-13,PRRN14A,0001009881-97-000026,,,CIK0000012927-submissions-002.json
1997-03-14,DEF 14A,0000898430-97-000989,1997-04-28,,CIK0000012927-submissions-002.json
1997-05-12,S-8,0000891020-97-000786,,,CIK0000012927-submissions-002.json
1997-05-14,10-Q,0000012927-97-000026,1997-03-31,,CIK0000012927-submissions-002.json
1997-06-20,DEFM14A,0000950123-97-005181,,,CIK0000012927-submissions-002.json
1997-06-20,S-4,0000950123-97-005169,,,CIK0000012927-submissions-002.json
1997-07-03,8-K,0000950157-97-000295,1997-07-01,,CIK0000012927-submissions-002.json
1997-07-22,8-K,0000950157-97-000327,1997-07-21,,CIK0000012927-submissions-002.json
1997-07-23,8-K,0000950157-97-000331,1997-07-23,,CIK0000012927-submissions-002.json
1997-07-28,8-K,0000950157-97-000338,1997-07-25,,CIK0000012927-submissions-002.json
1997-07-30,8-K,0000950157-97-000347,1997-07-30,,CIK0000012927-submissions-002.json
1997-07-30,S-8,0000891020-97-001026,,,CIK0000012927-submissions-002.json
1997-07-31,S-8,0000891020-97-001030,,,CIK0000012927-submissions-002.json
1997-07-31,S-8,0000891020-97-001029,,,CIK0000012927-submissions-002.json
1997-07-31,S-8,0000891020-97-001028,,,CIK0000012927-submissions-002.json
1997-08-12,3,0000950157-97-000383,1997-08-01,,CIK0000012927-submissions-002.json
1997-08-12,3,0000950157-97-000381,1997-08-01,,CIK0000012927-submissions-002.json
1997-08-12,3,0000950157-97-000380,1997-08-01,,CIK0000012927-submissions-002.json
1997-08-12,3,0000950157-97-000379,1997-08-01,,CIK0000012927-submissions-002.json
1997-08-12,3,0000950157-97-000378,1997-08-01,,CIK0000012927-submissions-002.json
1997-08-12,3,0000950157-97-000377,1997-08-01,,CIK0000012927-submissions-002.json
1997-08-12,SC 13D,0000950157-97-000376,,,CIK0000012927-submissions-002.json
1997-08-14,10-Q,0000012927-97-000032,1997-06-30,,CIK0000012927-submissions-002.json
1997-08-14,8-K,0000950157-97-000394,1997-08-01,,CIK0000012927-submissions-002.json
1997-10-27,8-K,0000012927-97-000035,1997-10-24,,CIK0000012927-submissions-002.json
1997-11-14,10-Q,0000012927-97-000042,1997-09-30,,CIK0000012927-submissions-002.json
1998-01-28,8-K,0000891020-98-000072,1998-01-21,,CIK0000012927-submissions-002.json
1998-02-02,8-K,0000891020-98-000078,1998-01-30,,CIK0000012927-submissions-002.json
1998-03-04,10-K,0000012927-98-000007,1997-12-31,,CIK0000012927-submissions-002.json
1998-03-20,DEF 14A,0000891020-98-000356,1998-04-27,,CIK0000012927-submissions-002.json
1998-04-10,8-K,0000891020-98-000570,1998-04-10,,CIK0000012927-submissions-002.json
1998-05-12,10-Q,0000012927-98-000013,1998-03-31,,CIK0000012927-submissions-002.json
1998-05-13,S-4,0000891020-98-000799,,,CIK0000012927-submissions-002.json
1998-05-29,S-4/A,0000891020-98-000905,,,CIK0000012927-submissions-002.json
1998-06-03,424B3,0000891020-98-000929,,,CIK0000012927-submissions-002.json
1998-08-12,10-Q,0000012927-98-000017,1998-06-30,,CIK0000012927-submissions-002.json
1998-08-24,8-K,0000012927-98-000020,1998-06-30,,CIK0000012927-submissions-002.json
1998-11-06,10-Q,0000012927-98-000024,1998-09-30,,CIK0000012927-submissions-002.json
1999-02-11,SC 13G,0000093748-99-000041,,,CIK0000012927-submissions-002.json
1999-03-05,10-K,0000012927-99-000010,1998-12-31,,CIK0000012927-submissions-002.json
1999-03-19,DEF 14A,0001047469-99-010424,1999-04-26,,CIK0000012927-submissions-002.json
1999-05-14,10-Q,0000012927-99-000017,1999-03-31,,CIK0000012927-submissions-002.json
1999-08-12,10-Q,0000012927-99-000022,1999-06-30,,CIK0000012927-submissions-002.json
1999-09-02,8-K,0000012927-99-000024,1999-09-02,,CIK0000012927-submissions-002.json
1999-10-26,8-K,0001032210-99-001453,1999-02-22,,CIK0000012927-submissions-002.json
1999-11-12,10-Q,0000012927-99-000030,1999-09-30,,CIK0000012927-submissions-002.json
2000-02-08,SC 13G,0000093748-00-000009,,,CIK0000012927-submissions-002.json
2000-02-11,SC 13G,0000315066-00-000145,,,CIK0000012927-submissions-002.json
2000-03-08,10-K,0000012927-00-000002,1999-12-31,,CIK0000012927-submissions-002.json
2000-03-24,DEF 14A,0000912057-00-013279,2000-05-01,,CIK0000012927-submissions-002.json
2000-04-21,S-8,0000912057-00-019076,,,CIK0000012927-submissions-002.json
2000-05-12,10-Q,0000012927-00-000005,2000-03-31,,CIK0000012927-submissions-002.json
2000-07-21,S-8,0000912057-00-032765,,s-8.htm,CIK0000012927-submissions-002.json
2000-08-02,10-Q,0000012927-00-000007,2000-06-30,0001.txt,CIK0000012927-submissions-002.json
2000-10-06,S-8,0000912057-00-043956,,s-8.htm,CIK0000012927-submissions-002.json
2000-10-06,SC 13G,0000093748-00-500007,,septba.txt,CIK0000012927-submissions-002.json
2000-11-06,10-Q,0000012927-00-000009,2000-09-30,0001.txt,CIK0000012927-submissions-002.json
2001-01-24,S-8,0000912057-01-002667,,a2034568zs-8.htm,CIK0000012927-submissions-002.json
2001-02-09,SC 13G,0000093748-01-500066,,boeing00.txt,CIK0000012927-submissions-002.json
2001-02-13,SC 13G/A,0000315066-01-000163,,0001.txt,CIK0000012927-submissions-002.json
2001-02-15,SC 13G,0000812295-01-000123,,0001.txt,CIK0000012927-submissions-002.json
2001-03-09,10-K,0000012927-01-000004,2000-12-31,0001.txt,CIK0000012927-submissions-002.json
2001-03-23,DEF 14A,0000950109-01-500277,2001-04-30,ddef14a.htm,CIK0000012927-submissions-002.json
2001-04-30,DEFA14A,0001032210-01-500439,,ddefa14a.txt,CIK0000012927-submissions-002.json
2001-05-08,10-Q,0000012927-01-500005,2001-03-31,q0301doc.txt,CIK0000012927-submissions-002.json
2001-08-09,10-Q,0000012927-01-500009,2001-06-30,b-q0601.txt,CIK0000012927-submissions-002.json
2001-09-10,8-K,0000891020-01-500177,2001-09-07,v75689e8-k.txt,CIK0000012927-submissions-002.json
2001-09-20,8-K,0001095811-01-505025,2001-09-18,v75896e8-k.htm,CIK0000012927-submissions-002.json
2001-10-25,10-Q,0000012927-01-500012,2001-09-30,b-q0901.txt,CIK0000012927-submissions-002.json
2001-10-30,8-K,0000891020-01-500189,2001-10-26,v76650e8-k.htm,CIK0000012927-submissions-002.json
2001-11-13,S-8,0001032210-01-501358,,ds8.txt,CIK0000012927-submissions-002.json
2002-01-17,NO ACT,9999999997-02-006806,2002-01-04,9999999997-02-006806.paper,CIK0000012927-submissions-002.json
2002-02-05,SC 13G,0000093748-02-000012,,boeing01.txt,CIK0000012927-submissions-002.json
2002-02-06,NO ACT,9999999997-02-012617,2001-12-18,9999999997-02-012617.paper,CIK0000012927-submissions-002.json
2002-02-06,NO ACT,9999999997-02-011622,2001-12-18,9999999997-02-011622.paper,CIK0000012927-submissions-002.json
2002-02-06,NO ACT,9999999997-02-009024,2001-12-19,9999999997-02-009024.paper,CIK0000012927-submissions-002.json
2002-02-07,NO ACT,9999999997-02-021097,2001-12-18,9999999997-02-021097.paper,CIK0000012927-submissions-002.json
2002-02-07,NO ACT,9999999997-02-012453,2001-12-18,9999999997-02-012453.paper,CIK0000012927-submissions-002.json
2002-02-07,NO ACT,9999999997-02-012451,2002-02-04,9999999997-02-012451.paper,CIK0000012927-submissions-002.json
2002-02-11,SC 13G/A,0000812295-02-000035,,boeing1.txt,CIK0000012927-submissions-002.json
2002-02-13,NO ACT,9999999997-02-014128,2001-12-18,9999999997-02-014128.paper,CIK0000012927-submissions-002.json
2002-02-13,NO ACT,9999999997-02-014118,2001-12-18,9999999997-02-014118.paper,CIK0000012927-submissions-002.json
2002-02-13,NO ACT,9999999997-02-012628,2001-12-18,9999999997-02-012628.paper,CIK0000012927-submissions-002.json
2002-02-13,SC 13G,0001074683-02-000060,,boeing.txt,CIK0000012927-submissions-002.json
2002-02-19,NO ACT,9999999997-02-014120,2001-12-18,9999999997-02-014120.paper,CIK0000012927-submissions-002.json
2002-02-19,NO ACT,9999999997-02-013772,2001-12-18,9999999997-02-013772.paper,CIK0000012927-submissions-002.json
2002-03-04,NO ACT,9999999997-02-021301,2001-12-18,9999999997-02-021301.paper,CIK0000012927-submissions-002.json
2002-03-08,10-K,0000012927-02-000005,2001-12-31,k2001doc.txt,CIK0000012927-submissions-002.json
2002-03-22,DEF 14A,0000912057-02-011051,2002-04-29,a2072499zdef14a.htm,CIK0000012927-submissions-002.json
2002-03-25,ARS,9999999997-02-018162,2001-12-31,9999999997-02-018162.paper,CIK0000012927-submissions-002.json
2002-03-27,NO ACT,9999999997-02-026451,2002-02-15,9999999997-02-026451.paper,CIK0000012927-submissions-002.json
2002-04-22,DEFA14A,0000912057-02-016015,,a2077583zdefa14a.htm,CIK0000012927-submissions-002.json
2002-05-07,10-Q,0000012927-02-000007,2002-03-31,b-q0302.txt,CIK0000012927-submissions-002.json
2002-05-13,11-K,9999999997-02-029715,2001-11-13,9999999997-02-029715.paper,CIK0000012927-submissions-002.json
2002-05-13,11-K,9999999997-02-029713,2001-11-13,9999999997-02-029713.paper,CIK0000012927-submissions-002.json
2002-05-13,11-K,9999999997-02-029711,2001-11-13,9999999997-02-029711.paper,CIK0000012927-submissions-002.json
2002-05-14,11-K,9999999997-02-029724,2001-11-12,9999999997-02-029724.paper,CIK0000012927-submissions-002.json
2002-07-01,11-K,9999999997-02-038352,2001-12-31,9999999997-02-038352.paper,CIK0000012927-submissions-002.json
2002-07-01,11-K,9999999997-02-037945,2001-12-31,9999999997-02-037945.paper,CIK0000012927-submissions-002.json
2002-07-01,11-K,9999999997-02-037941,2001-12-31,9999999997-02-037941.paper,CIK0000012927-submissions-002.json
2002-07-01,11-K,9999999997-02-037939,2001-12-31,9999999997-02-037939.paper,CIK0000012927-submissions-002.json
2002-07-01,11-K,9999999997-02-037937,2001-12-31,9999999997-02-037937.paper,CIK0000012927-submissions-002.json
2002-08-12,10-Q,0000012927-02-000010,2002-06-30,boeing10q_2q02.htm,CIK0000012927-submissions-002.json
2002-08-12,8-K,0000012927-02-000011,2002-08-12,boeing8k_2q02.htm,CIK0000012927-submissions-002.json
2002-09-03,4,0001137638-02-000021,2002-08-30,pal301.htm,CIK0000012927-submissions-002.json
2002-09-03,4,0001137638-02-000019,2002-08-30,swa303.htm,CIK0000012927-submissions-002.json
2002-09-03,4,0001137638-02-000018,2002-08-30,alb305.htm,CIK0000012927-submissions-002.json
2002-09-03,4,0001137638-02-000015,2002-08-30,soo304.htm,CIK0000012927-submissions-002.json
2002-09-04,8-K,0000012927-02-000013,2002-09-04,boeing8k_090402.htm,CIK0000012927-submissions-002.json
2002-09-13,S-3,0000912057-02-035438,,a2089041zs-3.htm,CIK0000012927-submissions-002.json
2002-09-16,4,0000891020-02-001351,2002-09-12,swa311.htm,CIK0000012927-submissions-002.json
2002-09-16,4,0000891020-02-001348,2002-09-12,soo310.htm,CIK0000012927-submissions-002.json
2002-09-16,4,0000891020-02-001346,2002-09-12,pal309.htm,CIK0000012927-submissions-002.json
2002-09-16,4,0000891020-02-001344,2002-09-12,alb308.htm,CIK0000012927-submissions-002.json
2002-09-20,424B3,0000912057-02-036387,,a2089520z424b3.htm,CIK0000012927-submissions-002.json
2002-09-30,4,0000891020-02-001401,2002-09-26,swa315.htm,CIK0000012927-submissions-002.json
2002-09-30,4,0000891020-02-001399,2002-09-26,soo314.htm,CIK0000012927-submissions-002.json
2002-09-30,4,0000891020-02-001397,2002-09-26,pal313.htm,CIK0000012927-submissions-002.json
2002-09-30,4,0000891020-02-001395,2002-09-26,alb316.htm,CIK0000012927-submissions-002.json
2002-10-03,4,0000891020-02-001445,2002-05-09,sto328.htm,CIK0000012927-submissions-002.json
2002-10-03,4,0000891020-02-001443,2002-01-02,sha325.htm,CIK0000012927-submissions-002.json
2002-10-03,4,0000891020-02-001441,2002-04-01,rid324.htm,CIK0000012927-submissions-002.json
2002-10-03,4,0000891020-02-001439,2002-01-02,pla327.htm,CIK0000012927-submissions-002.json
2002-10-03,4,0000891020-02-001437,2002-01-02,mcn322.htm,CIK0000012927-submissions-002.json
2002-10-03,4,0000891020-02-001435,2002-04-01,mcd321.htm,CIK0000012927-submissions-002.json
2002-10-03,4,0000891020-02-001433,2002-01-02,gra320.htm,CIK0000012927-submissions-002.json
2002-10-03,4,0000891020-02-001431,2002-01-02,dub319.htm,CIK0000012927-submissions-002.json
2002-10-03,4,0000891020-02-001429,2002-01-02,bry318.htm,CIK0000012927-submissions-002.json
2002-10-03,4,0000891020-02-001427,2002-01-02,big317.htm,CIK0000012927-submissions-002.json
2002-10-04,8-K,0000012927-02-000014,2002-10-04,pre_release.htm,CIK0000012927-submissions-002.json
2002-10-11,4,0000891020-02-001494,2002-10-11,swa334.htm,CIK0000012927-submissions-002.json
2002-10-11,4,0000891020-02-001493,2002-10-11,soo333.htm,CIK0000012927-submissions-002.json
2002-10-11,4,0000891020-02-001491,2002-10-11,pal332.htm,CIK0000012927-submissions-002.json
2002-10-11,4,0000891020-02-001490,2002-10-11,alb331.htm,CIK0000012927-submissions-002.json
2002-10-11,4,0000891020-02-001483,2002-10-01,pla330.htm,CIK0000012927-submissions-002.json
2002-10-21,8-K,0000012927-02-000015,2002-10-21,boeing8k_fsc-102002.htm,CIK0000012927-submissions-002.json
2002-10-22,4,0000891020-02-001539,2002-10-18,alb335.htm,CIK0000012927-submissions-002.json
2002-10-22,4,0000891020-02-001538,2002-10-18,sea336.htm,CIK0000012927-submissions-002.json
2002-10-25,4,0000891020-02-001552,2002-10-24,swa340.htm,CIK0000012927-submissions-002.json
2002-10-25,4,0000891020-02-001551,2002-10-24,soo339.htm,CIK0000012927-submissions-002.json
2002-10-25,4,0000891020-02-001550,2002-10-24,pal338.htm,CIK0000012927-submissions-002.json
2002-10-25,4,0000891020-02-001549,2002-10-24,alb337.htm,CIK0000012927-submissions-002.json
2002-11-01,4,0000891020-02-001578,2002-10-31,car341.htm,CIK0000012927-submissions-002.json
2002-11-06,10-Q,0000012927-02-000019,2002-09-30,boeing10q_3q02.htm,CIK0000012927-submissions-002.json
2002-11-12,4,0000891020-02-001694,2002-11-07,pal343.htm,CIK0000012927-submissions-002.json
2002-11-12,4,0000891020-02-001691,2002-11-07,soo345.htm,CIK0000012927-submissions-002.json
2002-11-12,4,0000891020-02-001690,2002-11-07,alb342.htm,CIK0000012927-submissions-002.json
2002-11-12,4,0000891020-02-001689,2002-11-07,swa344.htm,CIK0000012927-submissions-002.json
2002-11-12,4,0000891020-02-001688,2002-11-07,alb342.htm,CIK0000012927-submissions-002.json
2002-11-20,4,0000891020-02-001821,2002-11-20,bai346.htm,CIK0000012927-submissions-002.json
2002-11-22,4,0000891020-02-001843,2002-11-21,alb352.htm,CIK0000012927-submissions-002.json
2002-11-22,4,0000891020-02-001840,2002-11-21,swa355.htm,CIK0000012927-submissions-002.json
2002-11-22,4,0000891020-02-001839,2002-11-21,soo354.htm,CIK0000012927-submissions-002.json
2002-11-22,4,0000891020-02-001832,2002-11-21,pal353.htm,CIK0000012927-submissions-002.json
2002-12-09,4,0000891020-02-001958,2002-12-05,pal358.htm,CIK0000012927-submissions-002.json
2002-12-09,4,0000891020-02-001956,2002-12-05,swa360.htm,CIK0000012927-submissions-002.json
2002-12-09,4,0000891020-02-001955,2002-12-05,alb357.htm,CIK0000012927-submissions-002.json
2002-12-09,4,0000891020-02-001952,2002-12-05,soo359.htm,CIK0000012927-submissions-002.json
2002-12-11,11-K/A,9999999997-02-060794,2001-12-31,9999999997-02-060794.paper,CIK0000012927-submissions-002.json
2002-12-23,4,0000891020-02-002073,2002-12-19,soo363.htm,CIK0000012927-submissions-002.json
2002-12-23,4,0000891020-02-002071,2002-12-19,swa364.htm,CIK0000012927-submissions-002.json
2002-12-23,4,0000891020-02-002069,2002-12-19,alb365.htm,CIK0000012927-submissions-002.json
2002-12-23,4,0000891020-02-002067,2002-12-19,pal362.htm,CIK0000012927-submissions-002.json
2003-01-03,4,0000891020-03-000041,2003-01-02,swa369.htm,CIK0000012927-submissions-002.json
2003-01-03,4,0000891020-03-000039,2003-01-02,soo368.htm,CIK0000012927-submissions-002.json
2003-01-03,4,0000891020-03-000037,2003-01-02,pal367.htm,CIK0000012927-submissions-002.json
2003-01-10,4,0000891020-03-000070,2003-01-06,pal370.htm,CIK0000012927-submissions-002.json
2003-01-15,4,0000891020-03-000114,2002-12-31,koe372.htm,CIK0000012927-submissions-002.json
2003-01-15,4,0000891020-03-000111,2002-12-31,sea376.htm,CIK0000012927-submissions-002.json
2003-01-15,4,0000891020-03-000109,2002-12-31,pal373.htm,CIK0000012927-submissions-002.json
2003-01-15,4,0000891020-03-000107,2002-12-31,soo374.htm,CIK0000012927-submissions-002.json
2003-01-15,4,0000891020-03-000105,2002-12-31,swa375.htm,CIK0000012927-submissions-002.json
2003-01-15,4/A,0000891020-03-000090,2002-05-09,sto371.htm,CIK0000012927-submissions-002.json
2003-01-17,4,0000891020-03-000156,2003-01-16,soo388.htm,CIK0000012927-submissions-002.json
2003-01-17,4,0000891020-03-000154,2003-01-16,swa389.htm,CIK0000012927-submissions-002.json
2003-01-17,4,0000891020-03-000152,2003-01-16,pal387.htm,CIK0000012927-submissions-002.json
2003-01-17,4,0000891020-03-000146,2003-01-02,sha385.htm,CIK0000012927-submissions-002.json
2003-01-17,4,0000891020-03-000144,2003-01-02,rid384.htm,CIK0000012927-submissions-002.json
2003-01-17,4,0000891020-03-000142,2003-01-02,pla383.htm,CIK0000012927-submissions-002.json
2003-01-17,4,0000891020-03-000140,2003-01-02,mcn382.htm,CIK0000012927-submissions-002.json
2003-01-17,4,0000891020-03-000138,2003-01-02,mcd381.htm,CIK0000012927-submissions-002.json
2003-01-17,4,0000891020-03-000135,2003-01-02,gra380.htm,CIK0000012927-submissions-002.json
2003-01-17,4,0000891020-03-000133,2003-01-02,dub379.htm,CIK0000012927-submissions-002.json
2003-01-17,4,0000891020-03-000131,2003-01-02,bry378.htm,CIK0000012927-submissions-002.json
2003-01-17,4,0000891020-03-000129,2003-01-02,big377.htm,CIK0000012927-submissions-002.json
2003-01-17,4,0000891020-03-000127,2003-01-02,sto386.htm,CIK0000012927-submissions-002.json
2003-01-21,4,0000891020-03-000172,2002-12-31,bel390.htm,CIK0000012927-submissions-002.json
2003-01-21,4,0000891020-03-000171,2002-12-31,de394.htm,CIK0000012927-submissions-002.json
2003-01-21,4,0000891020-03-000170,2002-12-31,pic393.htm,CIK0000012927-submissions-002.json
2003-01-23,4,0000891020-03-000232,2002-12-31,con391.htm,CIK0000012927-submissions-002.json
2003-01-23,5,0000891020-03-000228,2002-12-31,dan397.htm,CIK0000012927-submissions-002.json
2003-01-24,5,0000891020-03-000242,2002-05-09,mcd400.htm,CIK0000012927-submissions-002.json
2003-02-03,4,0000891020-03-000293,2003-01-30,swa403.htm,CIK0000012927-submissions-002.json
2003-02-03,4,0000891020-03-000291,2003-01-30,soo402.htm,CIK0000012927-submissions-002.json
2003-02-03,4,0000891020-03-000288,2003-01-30,pal401.htm,CIK0000012927-submissions-002.json
2003-02-04,NO ACT,9999999997-03-005477,2003-01-31,9999999997-03-005477.paper,CIK0000012927-submissions-002.json
2003-02-06,8-K,0001047469-03-004271,2003-02-06,a2102259z8-k.htm,CIK0000012927-submissions-002.json
2003-02-07,4,0000891020-03-000362,2003-02-05,mul404.htm,CIK0000012927-submissions-002.json
2003-02-10,424B5,0001047469-03-004557,,a2102252z424b5.htm,CIK0000012927-submissions-002.json
2003-02-11,8-K,0001047469-03-004705,2003-02-06,a2102912z8-k.htm,CIK0000012927-submissions-002.json
2003-02-12,SC 13G,0001074683-03-000077,,boeing.htm,CIK0000012927-submissions-002.json
2003-02-12,SC 13G,0000093748-03-000046,,boeing02.txt,CIK0000012927-submissions-002.json
2003-02-13,5,0000891020-03-000458,2002-06-03,sto406.htm,CIK0000012927-submissions-002.json
2003-02-18,4,0000891020-03-000534,2003-02-13,swa409.htm,CIK0000012927-submissions-002.json
2003-02-18,4,0000891020-03-000532,2003-02-13,soo408.htm,CIK0000012927-submissions-002.json
2003-02-18,4,0000891020-03-000530,2003-02-13,pal410.htm,CIK0000012927-submissions-002.json
2003-02-18,NO ACT,9999999997-03-006471,2002-12-24,9999999997-03-006471.paper,CIK0000012927-submissions-002.json
2003-02-18,NO ACT,9999999997-03-006449,2002-12-23,9999999997-03-006449.paper,CIK0000012927-submissions-002.json
2003-02-18,NO ACT,9999999997-03-006448,2002-12-23,9999999997-03-006448.paper,CIK0000012927-submissions-002.json
2003-02-20,4,0000891020-03-000547,2003-01-02,sto405.htm,CIK0000012927-submissions-002.json
2003-02-20,4,0000891020-03-000546,2003-02-19,con411.htm,CIK0000012927-submissions-002.json
2003-02-21,4,0000891020-03-000551,2003-02-20,bai412.htm,CIK0000012927-submissions-002.json
2003-02-26,4,0000891020-03-000610,2003-02-24,con430.htm,CIK0000012927-submissions-002.json
2003-02-26,4,0000891020-03-000609,2003-02-24,sea423.htm,CIK0000012927-submissions-002.json
2003-02-26,4,0000891020-03-000608,2003-02-24,del429.htm,CIK0000012927-submissions-002.json
2003-02-26,4,0000891020-03-000607,2003-02-24,mul420.htm,CIK0000012927-submissions-002.json
2003-02-26,4,0000891020-03-000605,2003-02-24,hay418.htm,CIK0000012927-submissions-002.json
2003-02-26,4,0000891020-03-000604,2003-02-24,koe419.htm,CIK0000012927-submissions-002.json
2003-02-26,4,0000891020-03-000603,2003-02-24,pic422.htm,CIK0000012927-submissions-002.json
2003-02-26,4,0000891020-03-000601,2003-02-24,pal421.htm,CIK0000012927-submissions-002.json
2003-02-26,4,0000891020-03-000600,2003-02-24,bel428.htm,CIK0000012927-submissions-002.json
2003-02-26,4,0000891020-03-000599,2003-02-24,car415.htm,CIK0000012927-submissions-002.json
2003-02-26,4,0000891020-03-000590,2003-02-24,bai414.htm,CIK0000012927-submissions-002.json
2003-02-26,4,0000891020-03-000588,2003-02-24,soo424.htm,CIK0000012927-submissions-002.json
2003-02-26,4,0000891020-03-000587,2003-02-24,swa425.htm,CIK0000012927-submissions-002.json
2003-02-26,4,0000891020-03-000584,2003-02-24,alb427.htm,CIK0000012927-submissions-002.json
2003-02-26,NO ACT,9999999997-03-008428,2002-12-23,9999999997-03-008428.paper,CIK0000012927-submissions-002.json
2003-02-26,NO ACT,9999999997-03-008421,2002-12-23,9999999997-03-008421.paper,CIK0000012927-submissions-002.json
2003-02-26,NO ACT,9999999997-03-008419,2002-12-23,9999999997-03-008419.paper,CIK0000012927-submissions-002.json
2003-02-27,10-K,0000012927-03-000005,2002-12-31,boeing10k_123102.htm,CIK0000012927-submissions-002.json
2003-03-03,4,0000891020-03-000631,2003-02-27,swa433.htm,CIK0000012927-submissions-002.json
2003-03-03,4,0000891020-03-000630,2003-02-27,soo432.htm,CIK0000012927-submissions-002.json
2003-03-03,4,0000891020-03-000629,2003-02-27,pal434.htm,CIK0000012927-submissions-002.json
2003-03-05,NO ACT,9999999997-03-008281,2003-03-04,9999999997-03-008281.paper,CIK0000012927-submissions-002.json
2003-03-05,NO ACT,9999999997-03-008269,2003-02-27,9999999997-03-008269.paper,CIK0000012927-submissions-002.json
2003-03-05,NO ACT,9999999997-03-008117,2003-03-03,9999999997-03-008117.paper,CIK0000012927-submissions-002.json
2003-03-10,4,0000891020-03-000718,2003-03-07,alb435.htm,CIK0000012927-submissions-002.json
2003-03-10,4,0000891020-03-000717,2003-03-07,de440.htm,CIK0000012927-submissions-002.json
2003-03-10,4,0000891020-03-000714,2003-03-07,hay441.htm,CIK0000012927-submissions-002.json
2003-03-10,4,0000891020-03-000711,2003-03-07,bai436.htm,CIK0000012927-submissions-002.json
2003-03-10,4,0000891020-03-000709,2003-03-07,swa449.htm,CIK0000012927-submissions-002.json
2003-03-10,4,0000891020-03-000708,2003-03-07,sto456.htm,CIK0000012927-submissions-002.json
2003-03-10,4,0000891020-03-000707,2003-03-07,soo455.htm,CIK0000012927-submissions-002.json
2003-03-10,4,0000891020-03-000706,2003-03-07,bel450.htm,CIK0000012927-submissions-002.json
2003-03-10,4,0000891020-03-000705,2003-03-07,car457.htm,CIK0000012927-submissions-002.json
2003-03-10,4,0000891020-03-000704,2003-03-07,con437.htm,CIK0000012927-submissions-002.json
2003-03-10,4,0000891020-03-000691,2003-03-07,koe452.htm,CIK0000012927-submissions-002.json
2003-03-10,4,0000891020-03-000690,2003-03-07,mul443.htm,CIK0000012927-submissions-002.json
2003-03-10,4,0000891020-03-000689,2003-03-07,pal444.htm,CIK0000012927-submissions-002.json
2003-03-10,4,0000891020-03-000688,2003-03-07,pic446.htm,CIK0000012927-submissions-002.json
2003-03-10,4,0000891020-03-000687,2003-03-07,sea453.htm,CIK0000012927-submissions-002.json
2003-03-11,4,0000891020-03-000727,2003-03-10,rid458.htm,CIK0000012927-submissions-002.json
2003-03-12,4,0000891020-03-000774,2003-03-10,alb459.htm,CIK0000012927-submissions-002.json
2003-03-12,4,0000891020-03-000773,2003-03-10,bai460.htm,CIK0000012927-submissions-002.json
2003-03-12,4,0000891020-03-000772,2003-03-10,bel461.htm,CIK0000012927-submissions-002.json
2003-03-12,4,0000891020-03-000771,2003-03-10,car462.htm,CIK0000012927-submissions-002.json
2003-03-12,4,0000891020-03-000770,2003-03-10,con463.htm,CIK0000012927-submissions-002.json
2003-03-12,4,0000891020-03-000769,2003-03-10,hay464.htm,CIK0000012927-submissions-002.json
2003-03-12,4,0000891020-03-000768,2003-03-10,koe465.htm,CIK0000012927-submissions-002.json
2003-03-12,4,0000891020-03-000767,2003-03-10,mul467.htm,CIK0000012927-submissions-002.json
2003-03-12,4,0000891020-03-000766,2003-03-10,pal466.htm,CIK0000012927-submissions-002.json
2003-03-12,4,0000891020-03-000765,2003-03-10,sea468.htm,CIK0000012927-submissions-002.json
2003-03-12,4,0000891020-03-000764,2003-03-10,soo469.htm,CIK0000012927-submissions-002.json
2003-03-12,4,0000891020-03-000763,2003-03-10,swa470.htm,CIK0000012927-submissions-002.json
2003-03-14,4,0000891020-03-000802,2003-03-14,pal471.htm,CIK0000012927-submissions-002.json
2003-03-14,4,0000891020-03-000801,2003-03-14,swa473.htm,CIK0000012927-submissions-002.json
2003-03-14,4,0000891020-03-000800,2003-03-14,soo472.htm,CIK0000012927-submissions-002.json
2003-03-21,DEF 14A,0001032210-03-000382,2003-04-28,ddef14a.htm,CIK0000012927-submissions-002.json
2003-03-24,ARS,9999999997-03-012883,2002-12-31,9999999997-03-012883.paper,CIK0000012927-submissions-002.json
2003-03-31,4,0000891020-03-000997,2003-03-27,swa476.htm,CIK0000012927-submissions-002.json
2003-03-31,4,0000891020-03-000996,2003-03-27,soo475.htm,CIK0000012927-submissions-002.json
2003-03-31,4,0000891020-03-000995,2003-03-27,pal477.htm,CIK0000012927-submissions-002.json
2003-04-03,4,0000891020-03-001083,2003-04-01,rid485.htm,CIK0000012927-submissions-002.json
2003-04-03,4,0000891020-03-001082,2003-04-01,mcd482.htm,CIK0000012927-submissions-002.json
2003-04-03,4,0000891020-03-001081,2003-04-01,dub490.htm,CIK0000012927-submissions-002.json
2003-04-03,4,0000891020-03-001080,2003-04-01,bry489.htm,CIK0000012927-submissions-002.json
2003-04-03,4,0000891020-03-001079,2003-04-01,big488.htm,CIK0000012927-submissions-002.json
2003-04-03,4,0000891020-03-001078,2003-04-01,sto487.htm,CIK0000012927-submissions-002.json
2003-04-03,4,0000891020-03-001077,2003-04-01,sha494.htm,CIK0000012927-submissions-002.json
2003-04-03,4,0000891020-03-001076,2003-04-01,pla493.htm,CIK0000012927-submissions-002.json
2003-04-03,4,0000891020-03-001075,2003-04-01,mcn492.htm,CIK0000012927-submissions-002.json
2003-04-03,4,0000891020-03-001074,2003-04-01,gra491.htm,CIK0000012927-submissions-002.json
2003-04-04,DEFR14A,0001032210-03-000549,,ddefr14a.htm,CIK0000012927-submissions-002.json
2003-04-10,8-K,0000950131-03-002068,2003-04-10,d8k.htm,CIK0000012927-submissions-002.json
2003-04-14,4,0000891020-03-001202,2003-04-10,soo496.htm,CIK0000012927-submissions-002.json
2003-04-14,4,0000891020-03-001201,2003-04-10,pal495.htm,CIK0000012927-submissions-002.json
2003-04-14,4,0000891020-03-001200,2003-04-10,swa497.htm,CIK0000012927-submissions-002.json
2003-04-16,DEFA14A,0001032210-03-000618,,ddefa14a.htm,CIK0000012927-submissions-002.json
2003-04-23,4,0000891020-03-001303,2003-04-21,bel499.htm,CIK0000012927-submissions-002.json
2003-04-23,4,0000891020-03-001302,2003-04-21,alb498.htm,CIK0000012927-submissions-002.json
2003-04-23,8-K,0000950131-03-002238,2003-04-23,d8k.htm,CIK0000012927-submissions-002.json
2003-04-28,4,0000891020-03-001343,2003-04-24,soo501.htm,CIK0000012927-submissions-002.json
2003-04-28,4,0000891020-03-001342,2003-04-24,pal503.htm,CIK0000012927-submissions-002.json
2003-04-28,4,0000891020-03-001340,2003-04-24,swa502.htm,CIK0000012927-submissions-002.json
2003-05-05,10-Q,0000950131-03-002606,2003-03-31,d10q.htm,CIK0000012927-submissions-002.json
2003-05-12,4,0000012927-03-000013,2003-05-08,xslF345X01/swa517.xml,CIK0000012927-submissions-002.json
2003-05-12,4,0000012927-03-000011,2003-05-08,xslF345X01/soo516.xml,CIK0000012927-submissions-002.json
2003-05-12,4,0000012927-03-000009,2003-05-08,xslF345X01/pal515.xml,CIK0000012927-submissions-002.json
2003-05-12,4,0000012927-03-000007,2003-05-08,xslF345X01/bel518.xml,CIK0000012927-submissions-002.json
2003-05-13,4,0001209191-03-004234,2003-05-09,xslF345X01/bos89229_bos15jeb.xml,CIK0000012927-submissions-002.json
2003-05-13,4,0001209191-03-004219,2003-05-09,xslF345X01/bos89229_bos15jfm.xml,CIK0000012927-submissions-002.json
2003-05-13,4,0001209191-03-004215,2003-05-09,xslF345X01/bos89229_bos15jhb.xml,CIK0000012927-submissions-002.json
2003-05-13,4,0001209191-03-004204,2003-05-09,xslF345X01/bos89229_bos15kmd.xml,CIK0000012927-submissions-002.json
2003-05-13,4,0001209191-03-004208,2003-05-09,xslF345X01/bos89229_bos15jm.xml,CIK0000012927-submissions-002.json
2003-05-13,4,0001209191-03-004206,2003-05-09,xslF345X01/bos89229_bos15jms.xml,CIK0000012927-submissions-002.json
2003-05-13,4,0001209191-03-004203,2003-05-09,xslF345X01/bos89229_bos15lep.xml,CIK0000012927-submissions-002.json
2003-05-13,4,0001209191-03-004200,2003-05-09,xslF345X01/bos89229_bos15peg.xml,CIK0000012927-submissions-002.json
2003-05-13,4,0001209191-03-004197,2003-05-09,xslF345X01/bos89229_bos15rrl.xml,CIK0000012927-submissions-002.json
2003-05-13,4,0001209191-03-004195,2003-05-09,xslF345X01/bos89229_bos15hcs.xml,CIK0000012927-submissions-002.json
2003-05-21,4,0001137638-03-000007,2003-05-19,xslF345X01/koe534.xml,CIK0000012927-submissions-002.json
2003-05-23,4,0001137638-03-000015,2003-05-22,xslF345X01/swa537.xml,CIK0000012927-submissions-002.json
2003-05-23,4,0001137638-03-000014,2003-05-22,xslF345X01/soo536.xml,CIK0000012927-submissions-002.json
2003-05-23,4,0001137638-03-000013,2003-05-22,xslF345X01/pal535.xml,CIK0000012927-submissions-002.json
2003-06-09,4,0001137638-03-000026,2003-06-05,xslF345X01/swa542.xml,CIK0000012927-submissions-002.json
2003-06-09,4,0001137638-03-000024,2003-06-05,xslF345X01/soo541.xml,CIK0000012927-submissions-002.json
2003-06-09,4,0001137638-03-000022,2003-06-05,xslF345X01/pal544.xml,CIK0000012927-submissions-002.json
2003-06-13,8-K,0001193125-03-009930,2003-06-13,d8k.txt,CIK0000012927-submissions-002.json
2003-06-23,4,0001137638-03-000052,2003-06-19,xslF345X01/swa551.xml,CIK0000012927-submissions-002.json
2003-06-23,4,0001137638-03-000051,2003-06-19,xslF345X01/soo549.xml,CIK0000012927-submissions-002.json
2003-06-23,4,0001137638-03-000050,2003-06-19,xslF345X01/pal548.xml,CIK0000012927-submissions-002.json
2003-06-30,11-K,9999999997-03-027972,2002-12-31,9999999997-03-027972.paper,CIK0000012927-submissions-002.json
2003-06-30,11-K,9999999997-03-027971,2002-12-31,9999999997-03-027971.paper,CIK0000012927-submissions-002.json
2003-06-30,11-K,9999999997-03-027970,2002-12-31,9999999997-03-027970.paper,CIK0000012927-submissions-002.json
2003-06-30,11-K,9999999997-03-027844,2002-12-31,9999999997-03-027844.paper,CIK0000012927-submissions-002.json
2003-07-02,4,0001137638-03-000108,2003-07-01,xslF345X01/sto569.xml,CIK0000012927-submissions-002.json
2003-07-02,4,0001137638-03-000107,2003-07-01,xslF345X01/sha568.xml,CIK0000012927-submissions-002.json
2003-07-02,4,0001137638-03-000106,2003-07-01,xslF345X01/rid567.xml,CIK0000012927-submissions-002.json
2003-07-02,4,0001137638-03-000105,2003-07-01,xslF345X01/pla566.xml,CIK0000012927-submissions-002.json
2003-07-02,4,0001137638-03-000104,2003-07-01,xslF345X01/mcn572.xml,CIK0000012927-submissions-002.json
2003-07-02,4,0001137638-03-000098,2003-07-01,xslF345X01/mcd564.xml,CIK0000012927-submissions-002.json
2003-07-02,4,0001137638-03-000097,2003-07-01,xslF345X01/gra563.xml,CIK0000012927-submissions-002.json
2003-07-02,4,0001137638-03-000096,2003-07-01,xslF345X01/dub562.xml,CIK0000012927-submissions-002.json
2003-07-02,4,0001137638-03-000094,2003-07-01,xslF345X01/bry561.xml,CIK0000012927-submissions-002.json
2003-07-02,4,0001137638-03-000090,2003-07-01,xslF345X01/big571.xml,CIK0000012927-submissions-002.json
2003-07-07,4,0001137638-03-000118,2003-07-03,xslF345X01/swa577.xml,CIK0000012927-submissions-002.json
2003-07-07,4,0001137638-03-000117,2003-07-03,xslF345X01/soo576.xml,CIK0000012927-submissions-002.json
2003-07-07,4,0001137638-03-000116,2003-07-03,xslF345X01/pal575.xml,CIK0000012927-submissions-002.json
2003-07-15,8-K,0001193125-03-019406,2003-07-15,d8k.htm,CIK0000012927-submissions-002.json
2003-07-18,4,0001137638-03-000139,2003-07-17,xslF345X01/swa579.xml,CIK0000012927-submissions-002.json
2003-07-18,4,0001137638-03-000138,2003-07-17,xslF345X01/pal580.xml,CIK0000012927-submissions-002.json
2003-07-18,4,0001137638-03-000137,2003-07-17,xslF345X01/soo581.xml,CIK0000012927-submissions-002.json
2003-07-23,8-K,0001193125-03-022492,2003-07-23,d8k.htm,CIK0000012927-submissions-002.json
2003-07-28,8-K,0001193125-03-024871,2003-07-28,d8k.htm,CIK0000012927-submissions-002.json
2003-08-04,10-Q,0001193125-03-028503,2003-07-30,d10q.htm,CIK0000012927-submissions-002.json
2003-08-04,4,0001137638-03-000155,2003-07-31,xslF345X02/swa584.xml,CIK0000012927-submissions-002.json
2003-08-04,4,0001137638-03-000154,2003-07-31,xslF345X02/soo583.xml,CIK0000012927-submissions-002.json
2003-08-04,4,0001137638-03-000153,2003-07-31,xslF345X02/pal586.xml,CIK0000012927-submissions-002.json
2003-08-05,S-8,0001047469-03-026321,,a2115449zs-8.htm,CIK0000012927-submissions-002.json
2003-08-05,S-8 POS,0001047469-03-026330,,a2115448zs-8pos.htm,CIK0000012927-submissions-002.json
2003-08-05,S-8 POS,0001047469-03-026322,,a2115445zs-8pos.htm,CIK0000012927-submissions-002.json
2003-08-13,10-Q/A,0001193125-03-035983,2003-06-30,d10qa.htm,CIK0000012927-submissions-002.json
2003-08-15,4,0001137638-03-000163,2003-08-14,xslF345X02/swa600.xml,CIK0000012927-submissions-002.json
2003-08-15,4,0001137638-03-000162,2003-08-14,xslF345X02/soo598.xml,CIK0000012927-submissions-002.json
2003-08-15,4,0001137638-03-000161,2003-08-14,xslF345X02/pal595.xml,CIK0000012927-submissions-002.json
2003-08-29,4,0001137638-03-000186,2003-08-28,xslF345X02/pal603.xml,CIK0000012927-submissions-002.json
2003-08-29,4,0001137638-03-000185,2003-08-28,xslF345X02/soo604.xml,CIK0000012927-submissions-002.json
2003-08-29,4,0001137638-03-000184,2003-08-28,xslF345X02/swa605.xml,CIK0000012927-submissions-002.json
2003-09-12,4,0001137638-03-000226,2003-09-11,xslF345X02/swa608.xml,CIK0000012927-submissions-002.json
2003-09-12,4,0001137638-03-000225,2003-09-11,xslF345X02/soo607.xml,CIK0000012927-submissions-002.json
2003-09-12,4,0001137638-03-000224,2003-09-11,xslF345X02/pal606.xml,CIK0000012927-submissions-002.json
2003-09-18,3,0001137638-03-000232,2003-09-12,xslF345X02/hul609.xml,CIK0000012927-submissions-002.json
2003-09-22,4,0001137638-03-000237,2003-09-19,xslF345X02/hul611.xml,CIK0000012927-submissions-002.json
2003-09-22,4,0001137638-03-000236,2003-09-18,xslF345X02/koe613.xml,CIK0000012927-submissions-002.json
2003-09-25,11-K,0001193125-03-054041,2003-04-04,d11k.htm,CIK0000012927-submissions-002.json
2003-09-25,11-K,0001193125-03-054031,2003-04-04,d11k.htm,CIK0000012927-submissions-002.json
2003-09-29,4,0001137638-03-000245,2003-09-25,xslF345X02/swa616.xml,CIK0000012927-submissions-002.json
2003-09-29,4,0001137638-03-000244,2003-09-25,xslF345X02/soo615.xml,CIK0000012927-submissions-002.json
2003-09-29,4,0001137638-03-000243,2003-09-25,xslF345X02/pal614.xml,CIK0000012927-submissions-002.json
2003-09-29,4,0001137638-03-000242,2003-09-25,xslF345X02/soo615.xml,CIK0000012927-submissions-002.json
2003-09-29,4,0001137638-03-000241,2003-09-25,xslF345X02/pal614.xml,CIK0000012927-submissions-002.json
2003-10-02,4,0001137638-03-000285,2003-10-01,xslF345X02/sto627.xml,CIK0000012927-submissions-002.json
2003-10-02,4,0001137638-03-000283,2003-10-01,xslF345X02/rid625.xml,CIK0000012927-submissions-002.json
2003-10-02,4,0001137638-03-000284,2003-10-01,xslF345X02/sha626.xml,CIK0000012927-submissions-002.json
2003-10-02,4,0001137638-03-000282,2003-10-01,xslF345X02/pla624.xml,CIK0000012927-submissions-002.json
2003-10-02,4,0001137638-03-000281,2003-10-01,xslF345X02/mcn623.xml,CIK0000012927-submissions-002.json
2003-10-02,4,0001137638-03-000280,2003-10-01,xslF345X02/mcd622.xml,CIK0000012927-submissions-002.json
2003-10-02,4,0001137638-03-000279,2003-10-01,xslF345X02/gra621.xml,CIK0000012927-submissions-002.json
2003-10-02,4,0001137638-03-000278,2003-10-01,xslF345X02/dub620.xml,CIK0000012927-submissions-002.json
2003-10-02,4,0001137638-03-000277,2003-10-01,xslF345X02/bry619.xml,CIK0000012927-submissions-002.json
2003-10-02,4,0001137638-03-000276,2003-10-01,xslF345X02/big618.xml,CIK0000012927-submissions-002.json
2003-10-10,4,0001137638-03-000301,2003-10-09,xslF345X02/swa630.xml,CIK0000012927-submissions-002.json
2003-10-10,4,0001137638-03-000300,2003-10-09,xslF345X02/soo629.xml,CIK0000012927-submissions-002.json
2003-10-10,4,0001137638-03-000299,2003-10-09,xslF345X02/pal628.xml,CIK0000012927-submissions-002.json
2003-10-16,8-K,0001193125-03-062996,2003-10-16,d8k.htm,CIK0000012927-submissions-002.json
2003-10-22,4,0001137638-03-000343,2003-10-20,xslF345X02/sea632.xml,CIK0000012927-submissions-002.json
2003-10-22,4,0001137638-03-000342,2003-10-20,xslF345X02/alb631.xml,CIK0000012927-submissions-002.json
2003-10-24,4,0001137638-03-000351,2003-10-23,xslF345X02/swa640.xml,CIK0000012927-submissions-002.json
2003-10-24,4,0001137638-03-000349,2003-10-23,xslF345X02/soo638.xml,CIK0000012927-submissions-002.json
2003-10-24,4,0001137638-03-000347,2003-10-23,xslF345X02/pal637.xml,CIK0000012927-submissions-002.json
2003-10-29,10-Q,0001193125-03-069438,2003-09-30,d10q.htm,CIK0000012927-submissions-002.json
2003-10-29,8-K,0001193125-03-068914,2003-10-29,d8k.htm,CIK0000012927-submissions-002.json
2003-11-05,4,0001137638-03-000363,2003-11-04,xslF345X02/mul642.xml,CIK0000012927-submissions-002.json
2003-11-07,4,0001137638-03-000368,2003-11-06,xslF345X02/swa645.xml,CIK0000012927-submissions-002.json
2003-11-07,4,0001137638-03-000367,2003-11-06,xslF345X02/soo644.xml,CIK0000012927-submissions-002.json
2003-11-07,4,0001137638-03-000366,2003-11-06,xslF345X02/pal643.xml,CIK0000012927-submissions-002.json
2003-11-21,4,0001137638-03-000390,2003-11-20,xslF345X02/swa648.xml,CIK0000012927-submissions-002.json
2003-11-21,4,0001137638-03-000389,2003-11-20,xslF345X02/soo647.xml,CIK0000012927-submissions-002.json
2003-11-21,4,0001137638-03-000388,2003-11-20,xslF345X02/pal646.xml,CIK0000012927-submissions-002.json
2003-11-24,8-K,0000898318-03-000034,2003-11-24,b8k.htm,CIK0000012927-submissions-002.json
2003-11-25,8-K,0001193125-03-086101,2003-11-25,d8k.htm,CIK0000012927-submissions-002.json
2003-11-26,4,0001137638-03-000401,2003-11-24,xslF345X02/sea649.xml,CIK0000012927-submissions-002.json
2003-12-01,3,0001137638-03-000409,2003-12-01,xslF345X02/coo650.xml,CIK0000012927-submissions-002.json
2003-12-01,8-K,0001193125-03-087790,2003-12-01,d8k.htm,CIK0000012927-submissions-002.json
2003-12-03,4,0001137638-03-000413,2003-12-01,xslF345X02/sto651.xml,CIK0000012927-submissions-002.json
2003-12-03,4,0001137638-03-000412,2003-12-01,xslF345X02/coo652.xml,CIK0000012927-submissions-002.json
2003-12-05,4,0001137638-03-000422,2003-12-04,xslF345X02/swa655.xml,CIK0000012927-submissions-002.json
2003-12-05,4,0001137638-03-000421,2003-12-04,xslF345X02/soo654.xml,CIK0000012927-submissions-002.json
2003-12-05,4,0001137638-03-000420,2003-12-04,xslF345X02/pal653.xml,CIK0000012927-submissions-002.json
2003-12-10,3,0001137638-03-000437,2003-12-01,xslF345X02/jam657.xml,CIK0000012927-submissions-002.json
2003-12-10,3,0001137638-03-000436,2003-12-01,xslF345X02/jam657.xml,CIK0000012927-submissions-002.json
2003-12-16,4,0001137638-03-000451,2003-12-15,xslF345X02/bai658.xml,CIK0000012927-submissions-002.json
2003-12-19,4,0001137638-03-000463,2003-12-18,xslF345X02/swa660.xml,CIK0000012927-submissions-002.json
2003-12-19,4,0001137638-03-000462,2003-12-18,xslF345X02/soo659.xml,CIK0000012927-submissions-002.json
2003-12-19,8-K,0000898318-03-000038,2003-12-19,b8k3.htm,CIK0000012927-submissions-002.json
2003-12-22,4,0001137638-03-000471,2003-12-22,xslF345X02/coo661.xml,CIK0000012927-submissions-002.json
2004-01-02,4,0001137638-04-000002,2003-12-31,xslF345X02/swa663.xml,CIK0000012927-submissions-002.json
2004-01-02,4,0001137638-04-000001,2003-12-31,xslF345X02/soo662.xml,CIK0000012927-submissions-002.json
2004-01-05,4,0001137638-04-000018,2004-01-02,xslF345X02/sto679.xml,CIK0000012927-submissions-002.json
2004-01-05,4,0001137638-04-000017,2004-01-02,xslF345X02/sha678.xml,CIK0000012927-submissions-002.json
2004-01-05,4,0001137638-04-000016,2004-01-02,xslF345X02/rid670.xml,CIK0000012927-submissions-002.json
2004-01-05,4,0001137638-04-000015,2004-01-02,xslF345X02/pla666.xml,CIK0000012927-submissions-002.json
2004-01-05,4,0001137638-04-000014,2004-01-02,xslF345X02/mcn668.xml,CIK0000012927-submissions-002.json
2004-01-05,4,0001137638-04-000013,2004-01-02,xslF345X02/coo673.xml,CIK0000012927-submissions-002.json
2004-01-05,4,0001137638-04-000012,2004-01-02,xslF345X02/mcd672.xml,CIK0000012927-submissions-002.json
2004-01-05,4,0001137638-04-000011,2004-01-02,xslF345X02/gra667.xml,CIK0000012927-submissions-002.json
2004-01-05,4,0001137638-04-000010,2004-01-02,xslF345X02/dub675.xml,CIK0000012927-submissions-002.json
2004-01-05,4,0001137638-04-000009,2004-01-02,xslF345X02/bry674.xml,CIK0000012927-submissions-002.json
2004-01-05,4,0001137638-04-000008,2004-01-02,xslF345X02/big676.xml,CIK0000012927-submissions-002.json
2004-01-06,4,0001137638-04-000019,2004-01-02,xslF345X02/pic680.xml,CIK0000012927-submissions-002.json
2004-01-16,4,0001137638-04-000039,2004-01-15,xslF345X02/swa683.xml,CIK0000012927-submissions-002.json
2004-01-16,4,0001137638-04-000038,2004-01-15,xslF345X02/soo681.xml,CIK0000012927-submissions-002.json
2004-01-20,NO ACT,9999999997-04-003199,2004-01-15,9999999997-04-003199.paper,CIK0000012927-submissions-002.json
2004-01-21,4/A,0001137638-04-000040,2003-03-10,xslF345X02/rid684.xml,CIK0000012927-submissions-002.json
2004-01-23,4,0001137638-04-000063,2004-01-21,xslF345X02/mcg700.xml,CIK0000012927-submissions-002.json
2004-01-23,4,0001137638-04-000062,2004-01-21,xslF345X02/swa699.xml,CIK0000012927-submissions-002.json
2004-01-23,4,0001137638-04-000061,2004-01-21,xslF345X02/soo698.xml,CIK0000012927-submissions-002.json
2004-01-23,4,0001137638-04-000060,2004-01-21,xslF345X02/pic697.xml,CIK0000012927-submissions-002.json
2004-01-23,4,0001137638-04-000059,2004-01-21,xslF345X02/mul696.xml,CIK0000012927-submissions-002.json
2004-01-23,4,0001137638-04-000057,2004-01-21,xslF345X02/koe695.xml,CIK0000012927-submissions-002.json
2004-01-23,4,0001137638-04-000056,2004-01-21,xslF345X02/jam694.xml,CIK0000012927-submissions-002.json
2004-01-23,4,0001137638-04-000055,2004-01-21,xslF345X02/hay692.xml,CIK0000012927-submissions-002.json
2004-01-23,4,0001137638-04-000054,2004-01-21,xslF345X02/del691.xml,CIK0000012927-submissions-002.json
2004-01-23,4,0001137638-04-000053,2004-01-21,xslF345X02/car690.xml,CIK0000012927-submissions-002.json
2004-01-23,4,0001137638-04-000052,2004-01-21,xslF345X02/bel689.xml,CIK0000012927-submissions-002.json
2004-01-23,4,0001137638-04-000051,2004-01-21,xslF345X02/bai704.xml,CIK0000012927-submissions-002.json
2004-01-23,4,0001137638-04-000050,2004-01-21,xslF345X02/alb688.xml,CIK0000012927-submissions-002.json
2004-01-28,3,0001137638-04-000064,2004-01-19,xslF345X02/mcg707.xml,CIK0000012927-submissions-002.json
2004-01-28,4/A,0001137638-04-000065,2004-01-21,xslF345X02/mcg708.xml,CIK0000012927-submissions-002.json
2004-01-29,8-K,0001193125-04-010896,2004-01-29,d8k.htm,CIK0000012927-submissions-002.json
2004-01-30,4,0001137638-04-000074,2004-01-29,xslF345X02/swa710.xml,CIK0000012927-submissions-002.json
2004-01-30,4,0001137638-04-000073,2004-01-29,xslF345X02/soo709.xml,CIK0000012927-submissions-002.json
2004-01-30,SC 13G,0001074683-04-000005,,boeing.htm,CIK0000012927-submissions-002.json
2004-02-04,4,0001137638-04-000078,2004-02-04,xslF345X02/car720.xml,CIK0000012927-submissions-002.json
2004-02-04,4,0001137638-04-000076,2004-02-03,xslF345X02/bel721.xml,CIK0000012927-submissions-002.json
2004-02-04,4/A,0001137638-04-000083,2004-01-21,xslF345X02/swa716.xml,CIK0000012927-submissions-002.json
2004-02-04,4/A,0001137638-04-000082,2004-01-21,xslF345X02/soo713.xml,CIK0000012927-submissions-002.json
2004-02-04,4/A,0001137638-04-000081,2004-01-21,xslF345X02/pic714.xml,CIK0000012927-submissions-002.json
2004-02-04,4/A,0001137638-04-000079,2004-01-21,xslF345X02/hay717.xml,CIK0000012927-submissions-002.json
2004-02-04,4/A,0001137638-04-000080,2004-01-21,xslF345X02/koe712.xml,CIK0000012927-submissions-002.json
2004-02-04,4/A,0001137638-04-000077,2004-01-21,xslF345X02/car718.xml,CIK0000012927-submissions-002.json
2004-02-04,4/A,0001137638-04-000075,2004-01-21,xslF345X02/bai711.xml,CIK0000012927-submissions-002.json
2004-02-05,SC 13G,0000093748-04-000014,,boeing03.txt,CIK0000012927-submissions-002.json
2004-02-06,4,0001137638-04-000093,2004-02-04,xslF345X02/mcd719.xml,CIK0000012927-submissions-002.json
2004-02-06,NO ACT,9999999997-04-008797,2003-12-23,9999999997-04-008797.paper,CIK0000012927-submissions-002.json
2004-02-06,NO ACT,9999999997-04-006486,2003-12-24,9999999997-04-006486.paper,CIK0000012927-submissions-002.json
2004-02-06,NO ACT,9999999997-04-005340,2003-12-23,9999999997-04-005340.paper,CIK0000012927-submissions-002.json
2004-02-09,4,0001137638-04-000095,2004-02-06,xslF345X02/koe722.xml,CIK0000012927-submissions-002.json
2004-02-09,5,0001137638-04-000096,2003-12-31,xslF345X02/mcd685.xml,CIK0000012927-submissions-002.json
2004-02-10,4,0001137638-04-000097,2004-02-10,xslF345X02/hay723.xml,CIK0000012927-submissions-002.json
2004-02-10,NO ACT,9999999997-04-008796,2003-12-23,9999999997-04-008796.paper,CIK0000012927-submissions-002.json
2004-02-11,5,0001137638-04-000098,2003-12-31,xslF345X02/con726.xml,CIK0000012927-submissions-002.json
2004-02-11,NO ACT,9999999997-04-007118,2003-12-23,9999999997-04-007118.paper,CIK0000012927-submissions-002.json
2004-02-13,4,0001137638-04-000117,2004-02-12,xslF345X02/swa728.xml,CIK0000012927-submissions-002.json
2004-02-13,4,0001137638-04-000116,2004-02-12,xslF345X02/soo727.xml,CIK0000012927-submissions-002.json
2004-02-13,SC 13G,0000017283-04-000331,,edgba.txt,CIK0000012927-submissions-002.json
2004-02-17,4,0001137638-04-000139,2004-02-13,xslF345X02/koe729.xml,CIK0000012927-submissions-002.json
2004-02-18,4,0001137638-04-000148,2004-02-17,xslF345X02/bai730.xml,CIK0000012927-submissions-002.json
2004-02-24,4,0001137638-04-000175,2004-02-23,xslF345X02/swa744.xml,CIK0000012927-submissions-002.json
2004-02-24,4,0001137638-04-000174,2004-02-23,xslF345X02/sto743.xml,CIK0000012927-submissions-002.json
2004-02-24,4,0001137638-04-000173,2004-02-23,xslF345X02/soo742.xml,CIK0000012927-submissions-002.json
2004-02-24,4,0001137638-04-000172,2004-02-23,xslF345X02/pic741.xml,CIK0000012927-submissions-002.json
2004-02-24,4,0001137638-04-000171,2004-02-23,xslF345X02/mul740.xml,CIK0000012927-submissions-002.json
2004-02-24,4,0001137638-04-000170,2004-02-23,xslF345X02/mcg745.xml,CIK0000012927-submissions-002.json
2004-02-24,4,0001137638-04-000169,2004-02-23,xslF345X02/koe739.xml,CIK0000012927-submissions-002.json
2004-02-24,4,0001137638-04-000168,2004-02-23,xslF345X02/jam738.xml,CIK0000012927-submissions-002.json
2004-02-24,4,0001137638-04-000167,2004-02-23,xslF345X02/hul737.xml,CIK0000012927-submissions-002.json
2004-02-24,4,0001137638-04-000166,2004-02-23,xslF345X02/hay736.xml,CIK0000012927-submissions-002.json
2004-02-24,4,0001137638-04-000164,2004-02-23,xslF345X02/car734.xml,CIK0000012927-submissions-002.json
2004-02-24,4,0001137638-04-000165,2004-02-23,xslF345X02/del735.xml,CIK0000012927-submissions-002.json
2004-02-24,4,0001137638-04-000163,2004-02-23,xslF345X02/bel733.xml,CIK0000012927-submissions-002.json
2004-02-24,4,0001137638-04-000162,2004-02-23,xslF345X02/bai732.xml,CIK0000012927-submissions-002.json
2004-02-24,4,0001137638-04-000161,2004-02-23,xslF345X02/alb731.xml,CIK0000012927-submissions-002.json
2004-02-27,4,0001137638-04-000178,2004-02-26,xslF345X02/soo746.xml,CIK0000012927-submissions-002.json
2004-02-27,4,0001137638-04-000179,2004-02-26,xslF345X02/swa747.xml,CIK0000012927-submissions-002.json
2004-03-05,10-K,0001193125-04-034751,2003-12-31,d10k.htm,CIK0000012927-submissions-002.json
2004-03-05,4,0001137638-04-000209,2004-03-05,xslF345X02/swa752.xml,CIK0000012927-submissions-002.json
2004-03-05,4,0001137638-04-000207,2004-03-05,xslF345X02/soo762.xml,CIK0000012927-submissions-002.json
2004-03-05,4,0001137638-04-000208,2004-03-05,xslF345X02/sto751.xml,CIK0000012927-submissions-002.json
2004-03-05,4,0001137638-04-000206,2004-03-05,xslF345X02/pic761.xml,CIK0000012927-submissions-002.json
2004-03-05,4,0001137638-04-000205,2004-03-05,xslF345X02/mul750.xml,CIK0000012927-submissions-002.json
2004-03-05,4,0001137638-04-000204,2004-03-05,xslF345X02/mcg760.xml,CIK0000012927-submissions-002.json
2004-03-05,4,0001137638-04-000203,2004-03-05,xslF345X02/koe749.xml,CIK0000012927-submissions-002.json
2004-03-05,4,0001137638-04-000202,2004-03-05,xslF345X02/jam759.xml,CIK0000012927-submissions-002.json
2004-03-05,4,0001137638-04-000201,2004-03-05,xslF345X02/hul758.xml,CIK0000012927-submissions-002.json
2004-03-05,4,0001137638-04-000200,2004-03-05,xslF345X02/hay757.xml,CIK0000012927-submissions-002.json
2004-03-05,4,0001137638-04-000199,2004-03-05,xslF345X02/del756.xml,CIK0000012927-submissions-002.json
2004-03-05,4,0001137638-04-000198,2004-03-05,xslF345X02/car755.xml,CIK0000012927-submissions-002.json
2004-03-05,4,0001137638-04-000197,2004-03-05,xslF345X02/bel754.xml,CIK0000012927-submissions-002.json
2004-03-05,4,0001137638-04-000196,2004-03-05,xslF345X02/bai753.xml,CIK0000012927-submissions-002.json
2004-03-05,4,0001137638-04-000195,2004-03-05,xslF345X02/alb748.xml,CIK0000012927-submissions-002.json
2004-03-10,4,0001137638-04-000211,2004-03-09,xslF345X02/rid763.xml,CIK0000012927-submissions-002.json
2004-03-11,4,0001137638-04-000222,2004-03-09,xslF345X02/swa773.xml,CIK0000012927-submissions-002.json
2004-03-11,4,0001137638-04-000221,2004-03-09,xslF345X02/soo774.xml,CIK0000012927-submissions-002.json
2004-03-11,4,0001137638-04-000220,2004-03-09,xslF345X02/mul772.xml,CIK0000012927-submissions-002.json
2004-03-11,4,0001137638-04-000219,2004-03-09,xslF345X02/mcg771.xml,CIK0000012927-submissions-002.json
2004-03-11,4,0001137638-04-000218,2004-03-09,xslF345X02/koe770.xml,CIK0000012927-submissions-002.json
2004-03-11,4,0001137638-04-000216,2004-03-09,xslF345X02/hay768.xml,CIK0000012927-submissions-002.json
2004-03-11,4,0001137638-04-000217,2004-03-09,xslF345X02/jam769.xml,CIK0000012927-submissions-002.json
2004-03-11,4,0001137638-04-000215,2004-03-09,xslF345X02/car767.xml,CIK0000012927-submissions-002.json
2004-03-11,4,0001137638-04-000214,2004-03-09,xslF345X02/bel766.xml,CIK0000012927-submissions-002.json
2004-03-11,4,0001137638-04-000213,2004-03-09,xslF345X02/bai765.xml,CIK0000012927-submissions-002.json
2004-03-11,4,0001137638-04-000212,2004-03-09,xslF345X02/alb764.xml,CIK0000012927-submissions-002.json
2004-03-12,10-K/A,0001193125-04-039346,2003-12-31,d10ka.htm,CIK0000012927-submissions-002.json
2004-03-12,4,0001137638-04-000228,2004-03-11,xslF345X02/swa776.xml,CIK0000012927-submissions-002.json
2004-03-12,4,0001137638-04-000227,2004-03-11,xslF345X02/soo775.xml,CIK0000012927-submissions-002.json
2004-03-12,PRE 14A,0001193125-04-040583,2004-05-03,dpre14a.htm,CIK0000012927-submissions-002.json
2004-03-15,NO ACT,9999999997-04-013533,2004-03-05,9999999997-04-013533.paper,CIK0000012927-submissions-002.json
2004-03-23,S-3,0001047469-04-008995,,a2131349zs-3.htm,CIK0000012927-submissions-002.json
2004-03-25,3/A,0001137638-04-000271,2004-01-19,xslF345X02/mcg777.xml,CIK0000012927-submissions-002.json
2004-03-26,4,0001137638-04-000275,2004-03-25,xslF345X02/swa779.xml,CIK0000012927-submissions-002.json
2004-03-26,4,0001137638-04-000274,2004-03-25,xslF345X02/soo778.xml,CIK0000012927-submissions-002.json
2004-03-26,DEF 14A,0001193125-04-050555,2004-05-03,ddef14a.htm,CIK0000012927-submissions-002.json
2004-03-31,DEFA14A,0001193125-04-054837,,ddefa14a.htm,CIK0000012927-submissions-002.json
2004-04-02,4,0001137638-04-000291,2004-04-01,xslF345X02/sha789.xml,CIK0000012927-submissions-002.json
2004-04-02,4,0001137638-04-000290,2004-04-01,xslF345X02/rid788.xml,CIK0000012927-submissions-002.json
2004-04-02,4,0001137638-04-000289,2004-04-01,xslF345X02/pla787.xml,CIK0000012927-submissions-002.json
2004-04-02,4,0001137638-04-000287,2004-04-01,xslF345X02/mcd785.xml,CIK0000012927-submissions-002.json
2004-04-02,4,0001137638-04-000288,2004-04-01,xslF345X02/mcn786.xml,CIK0000012927-submissions-002.json
2004-04-02,4,0001137638-04-000286,2004-04-01,xslF345X02/gra784.xml,CIK0000012927-submissions-002.json
2004-04-02,4,0001137638-04-000285,2004-04-01,xslF345X02/dub783.xml,CIK0000012927-submissions-002.json
2004-04-02,4,0001137638-04-000284,2004-04-01,xslF345X02/coo782.xml,CIK0000012927-submissions-002.json
2004-04-02,4,0001137638-04-000283,2004-04-01,xslF345X02/bry781.xml,CIK0000012927-submissions-002.json
2004-04-02,4,0001137638-04-000282,2004-04-01,xslF345X02/big780.xml,CIK0000012927-submissions-002.json
2004-04-09,4,0001137638-04-000304,2004-04-08,xslF345X02/swa791.xml,CIK0000012927-submissions-002.json
2004-04-09,4,0001137638-04-000303,2004-04-08,xslF345X02/soo790.xml,CIK0000012927-submissions-002.json
2004-04-22,8-K,0001193125-04-067070,2004-04-22,d8k.htm,CIK0000012927-submissions-002.json
2004-04-23,4,0001137638-04-000367,2004-04-22,xslF345X02/swa793.xml,CIK0000012927-submissions-002.json
2004-04-23,4,0001137638-04-000366,2004-04-22,xslF345X02/soo792.xml,CIK0000012927-submissions-002.json
2004-04-27,DEFA14A,0001193125-04-070418,,ddefa14a.htm,CIK0000012927-submissions-002.json
2004-04-28,10-Q,0001193125-04-072412,2004-03-31,d10q.htm,CIK0000012927-submissions-002.json
2004-04-28,8-K,0001193125-04-071654,2004-04-28,d8k.htm,CIK0000012927-submissions-002.json
2004-05-04,8-K,0001193125-04-077616,2004-05-03,d8k.htm,CIK0000012927-submissions-002.json
2004-05-07,4,0001137638-04-000396,2004-05-06,xslF345X02/swa796.xml,CIK0000012927-submissions-002.json
2004-05-07,4,0001137638-04-000395,2004-05-06,xslF345X02/soo795.xml,CIK0000012927-submissions-002.json
2004-05-07,4,0001137638-04-000394,2004-05-06,xslF345X02/jam794.xml,CIK0000012927-submissions-002.json
2004-05-17,4,0001137638-04-000433,2004-05-14,xslF345X02/sha805.xml,CIK0000012927-submissions-002.json
2004-05-17,4,0001137638-04-000432,2004-05-14,xslF345X02/rid804.xml,CIK0000012927-submissions-002.json
2004-05-17,4,0001137638-04-000431,2004-05-14,xslF345X02/pla803.xml,CIK0000012927-submissions-002.json
2004-05-17,4,0001137638-04-000430,2004-05-14,xslF345X02/mcn801.xml,CIK0000012927-submissions-002.json
2004-05-17,4,0001137638-04-000429,2004-05-14,xslF345X02/mcd802.xml,CIK0000012927-submissions-002.json
2004-05-17,4,0001137638-04-000428,2004-05-14,xslF345X02/dub800.xml,CIK0000012927-submissions-002.json
2004-05-17,4,0001137638-04-000427,2004-05-14,xslF345X02/coo798.xml,CIK0000012927-submissions-002.json
2004-05-17,4,0001137638-04-000426,2004-05-14,xslF345X02/bry799.xml,CIK0000012927-submissions-002.json
2004-05-17,4,0001137638-04-000425,2004-05-14,xslF345X02/big797.xml,CIK0000012927-submissions-002.json
2004-05-21,4,0001137638-04-000449,2004-05-20,xslF345X02/swa807.xml,CIK0000012927-submissions-002.json
2004-05-21,4,0001137638-04-000448,2004-05-20,xslF345X02/soo806.xml,CIK0000012927-submissions-002.json
2004-05-24,8-K,0001193125-04-093542,2004-05-24,d8k.htm,CIK0000012927-submissions-002.json
2004-06-04,4,0001137638-04-000468,2004-06-03,xslF345X02/swa818.xml,CIK0000012927-submissions-002.json
2004-06-04,4,0001137638-04-000466,2004-06-03,xslF345X02/soo817.xml,CIK0000012927-submissions-002.json
2004-06-16,4,0001137638-04-000482,2004-06-14,xslF345X02/bai827.xml,CIK0000012927-submissions-002.json
2004-06-16,4,0001137638-04-000481,2004-06-14,xslF345X02/soo825.xml,CIK0000012927-submissions-002.json
2004-06-16,4,0001137638-04-000480,2004-06-14,xslF345X02/pic824.xml,CIK0000012927-submissions-002.json
2004-06-16,4,0001137638-04-000477,2004-06-14,xslF345X02/mcg823.xml,CIK0000012927-submissions-002.json
2004-06-16,4,0001137638-04-000476,2004-06-14,xslF345X02/jam822.xml,CIK0000012927-submissions-002.json
2004-06-16,4,0001137638-04-000475,2004-06-14,xslF345X02/del821.xml,CIK0000012927-submissions-002.json
2004-06-16,4,0001137638-04-000474,2004-06-14,xslF345X02/car820.xml,CIK0000012927-submissions-002.json
2004-06-18,4,0001137638-04-000486,2004-06-17,xslF345X02/swa835.xml,CIK0000012927-submissions-002.json
2004-06-18,4,0001137638-04-000485,2004-06-17,xslF345X02/soo834.xml,CIK0000012927-submissions-002.json
2004-06-28,11-K,0001193125-04-109959,2003-12-31,d11k.htm,CIK0000012927-submissions-002.json
2004-06-28,11-K,0001193125-04-109954,2003-12-31,d11k.htm,CIK0000012927-submissions-002.json
2004-06-28,4/A,0001137638-04-000528,2004-03-05,xslF345X02/soo838.xml,CIK0000012927-submissions-002.json
2004-06-29,4,0001137638-04-000549,2004-06-25,xslF345X02/soo845.xml,CIK0000012927-submissions-002.json
2004-06-29,4,0001137638-04-000550,2004-06-27,xslF345X02/swa837.xml,CIK0000012927-submissions-002.json
2004-06-29,4,0001137638-04-000548,2004-06-25,xslF345X02/pic844.xml,CIK0000012927-submissions-002.json
2004-06-29,4,0001137638-04-000545,2004-06-27,xslF345X02/koe830.xml,CIK0000012927-submissions-002.json
2004-06-29,4,0001137638-04-000547,2004-06-27,xslF345X02/mul836.xml,CIK0000012927-submissions-002.json
2004-06-29,4,0001137638-04-000546,2004-06-25,xslF345X02/mcg843.xml,CIK0000012927-submissions-002.json
2004-06-29,4,0001137638-04-000544,2004-06-25,xslF345X02/jam842.xml,CIK0000012927-submissions-002.json
2004-06-29,4,0001137638-04-000542,2004-06-25,xslF345X02/car840.xml,CIK0000012927-submissions-002.json
2004-06-29,4,0001137638-04-000543,2004-06-25,xslF345X02/del841.xml,CIK0000012927-submissions-002.json
2004-06-29,4,0001137638-04-000541,2004-06-27,xslF345X02/bel819.xml,CIK0000012927-submissions-002.json
2004-06-29,4,0001137638-04-000540,2004-06-24,xslF345X02/bai839.xml,CIK0000012927-submissions-002.json
2004-06-29,4,0001137638-04-000539,2004-06-27,xslF345X02/alb829.xml,CIK0000012927-submissions-002.json
2004-07-02,4,0001137638-04-000567,2004-07-01,xslF345X02/soo846.xml,CIK0000012927-submissions-002.json
2004-07-06,4,0001137638-04-000588,2004-07-01,xslF345X02/sha850.xml,CIK0000012927-submissions-002.json
2004-07-06,4,0001137638-04-000587,2004-07-01,xslF345X02/rid851.xml,CIK0000012927-submissions-002.json
2004-07-06,4,0001137638-04-000586,2004-07-01,xslF345X02/pla848.xml,CIK0000012927-submissions-002.json
2004-07-06,4,0001137638-04-000585,2004-07-01,xslF345X02/mcn849.xml,CIK0000012927-submissions-002.json
2004-07-06,4,0001137638-04-000584,2004-07-01,xslF345X02/mcd853.xml,CIK0000012927-submissions-002.json
2004-07-06,4,0001137638-04-000583,2004-07-01,xslF345X02/dub847.xml,CIK0000012927-submissions-002.json
2004-07-06,4,0001137638-04-000582,2004-07-01,xslF345X02/coo854.xml,CIK0000012927-submissions-002.json
2004-07-06,4,0001137638-04-000581,2004-07-01,xslF345X02/bry855.xml,CIK0000012927-submissions-002.json
2004-07-06,4,0001137638-04-000580,2004-07-01,xslF345X02/big852.xml,CIK0000012927-submissions-002.json
2004-07-16,4,0001137638-04-000598,2004-07-15,xslF345X02/swa860.xml,CIK0000012927-submissions-002.json
2004-07-16,4,0001137638-04-000597,2004-07-15,xslF345X02/soo859.xml,CIK0000012927-submissions-002.json
2004-07-28,10-Q,0001193125-04-126399,2004-06-30,d10q.htm,CIK0000012927-submissions-002.json
2004-07-28,8-K,0001193125-04-125866,2004-07-28,d8k.htm,CIK0000012927-submissions-002.json
2004-07-30,4,0001137638-04-000605,2004-07-29,xslF345X02/swa862.xml,CIK0000012927-submissions-002.json
2004-07-30,4,0001137638-04-000604,2004-07-29,xslF345X02/soo861.xml,CIK0000012927-submissions-002.json
2004-08-04,4,0001137638-04-000613,2004-08-03,xslF345X02/bel864.xml,CIK0000012927-submissions-002.json
2004-08-06,4,0001137638-04-000616,2004-08-03,xslF345X02/car866.xml,CIK0000012927-submissions-002.json
2004-08-06,4,0001137638-04-000615,2004-08-03,xslF345X02/car866.xml,CIK0000012927-submissions-002.json
2004-08-06,4,0001137638-04-000614,2004-08-05,xslF345X02/mul865.xml,CIK0000012927-submissions-002.json
2004-08-12,4,0001137638-04-000628,2004-08-12,xslF345X02/soo869.xml,CIK0000012927-submissions-002.json
2004-08-12,4,0001137638-04-000626,2004-08-11,xslF345X02/alb868.xml,CIK0000012927-submissions-002.json
2004-08-13,4,0001137638-04-000634,2004-08-12,xslF345X02/swa872.xml,CIK0000012927-submissions-002.json
2004-08-13,4,0001137638-04-000633,2004-08-12,xslF345X02/soo871.xml,CIK0000012927-submissions-002.json
2004-08-26,4/A,0001137638-04-000658,2004-07-01,xslF345X02/rid876.xml,CIK0000012927-submissions-002.json
2004-08-26,4/A,0001137638-04-000657,2004-04-01,xslF345X02/rid875.xml,CIK0000012927-submissions-002.json
2004-08-26,4/A,0001137638-04-000656,2004-01-02,xslF345X02/rid874.xml,CIK0000012927-submissions-002.json
2004-08-26,4/A,0001137638-04-000655,2004-01-02,xslF345X02/pla873.xml,CIK0000012927-submissions-002.json
2004-08-30,4,0001137638-04-000662,2004-08-26,xslF345X02/swa879.xml,CIK0000012927-submissions-002.json
2004-08-30,4,0001137638-04-000661,2004-08-26,xslF345X02/soo878.xml,CIK0000012927-submissions-002.json
2004-09-10,4,0001137638-04-000679,2004-09-08,xslF345X02/swa885.xml,CIK0000012927-submissions-002.json
2004-09-10,4,0001137638-04-000678,2004-09-08,xslF345X02/soo892.xml,CIK0000012927-submissions-002.json
2004-09-10,4,0001137638-04-000676,2004-09-08,xslF345X02/mul891.xml,CIK0000012927-submissions-002.json
2004-09-10,4,0001137638-04-000677,2004-09-08,xslF345X02/pic883.xml,CIK0000012927-submissions-002.json
2004-09-10,4,0001137638-04-000674,2004-09-08,xslF345X02/koe889.xml,CIK0000012927-submissions-002.json
2004-09-10,4,0001137638-04-000675,2004-09-08,xslF345X02/mcg890.xml,CIK0000012927-submissions-002.json
2004-09-10,4,0001137638-04-000673,2004-09-08,xslF345X02/jam888.xml,CIK0000012927-submissions-002.json
2004-09-10,4,0001137638-04-000672,2004-09-08,xslF345X02/del887.xml,CIK0000012927-submissions-002.json
2004-09-10,4,0001137638-04-000671,2004-09-08,xslF345X02/car882.xml,CIK0000012927-submissions-002.json
2004-09-10,4,0001137638-04-000670,2004-09-08,xslF345X02/bel886.xml,CIK0000012927-submissions-002.json
2004-09-10,4,0001137638-04-000669,2004-09-08,xslF345X02/bai881.xml,CIK0000012927-submissions-002.json
2004-09-10,4,0001137638-04-000668,2004-09-08,xslF345X02/alb880.xml,CIK0000012927-submissions-002.json
2004-09-27,4,0001137638-04-000695,2004-09-23,xslF345X02/swa894.xml,CIK0000012927-submissions-002.json
2004-09-27,4,0001137638-04-000694,2004-09-23,xslF345X02/soo893.xml,CIK0000012927-submissions-002.json
2004-10-04,4,0001137638-04-000709,2004-10-01,xslF345X02/sha906.xml,CIK0000012927-submissions-002.json
2004-10-04,4,0001137638-04-000705,2004-10-01,xslF345X02/rid905.xml,CIK0000012927-submissions-002.json
2004-10-04,4,0001137638-04-000704,2004-10-01,xslF345X02/pla904.xml,CIK0000012927-submissions-002.json
2004-10-04,4,0001137638-04-000703,2004-10-01,xslF345X02/mcn903.xml,CIK0000012927-submissions-002.json
2004-10-04,4,0001137638-04-000701,2004-10-01,xslF345X02/dub901.xml,CIK0000012927-submissions-002.json
2004-10-04,4,0001137638-04-000702,2004-10-01,xslF345X02/mcd902.xml,CIK0000012927-submissions-002.json
2004-10-04,4,0001137638-04-000700,2004-10-01,xslF345X02/coo900.xml,CIK0000012927-submissions-002.json
2004-10-04,4,0001137638-04-000698,2004-10-01,xslF345X02/big898.xml,CIK0000012927-submissions-002.json
2004-10-04,4,0001137638-04-000699,2004-10-01,xslF345X02/bry899.xml,CIK0000012927-submissions-002.json
2004-10-04,4/A,0001137638-04-000708,2004-07-01,xslF345X02/sha897.xml,CIK0000012927-submissions-002.json
2004-10-04,4/A,0001137638-04-000707,2004-04-01,xslF345X02/sha896.xml,CIK0000012927-submissions-002.json
2004-10-04,4/A,0001137638-04-000706,2004-01-02,xslF345X02/sha895.xml,CIK0000012927-submissions-002.json
2004-10-08,4,0001137638-04-000716,2004-10-07,xslF345X02/soo907.xml,CIK0000012927-submissions-002.json
2004-10-20,4,0001137638-04-000728,2004-10-18,xslF345X02/alb908.xml,CIK0000012927-submissions-002.json
2004-10-21,8-K,0001193125-04-175547,2004-10-21,d8k.htm,CIK0000012927-submissions-002.json
2004-10-22,4,0001137638-04-000731,2004-10-21,xslF345X02/soo908.xml,CIK0000012927-submissions-002.json
2004-10-26,3,0001137638-04-000737,2004-10-24,xslF345X02/zaf909.xml,CIK0000012927-submissions-002.json
2004-10-27,10-Q,0001193125-04-179383,2004-09-30,d10q.htm,CIK0000012927-submissions-002.json
2004-10-27,4,0001137638-04-000742,2004-10-25,xslF345X02/zaf911.xml,CIK0000012927-submissions-002.json
2004-10-27,8-K,0001193125-04-178774,2004-10-27,d8k.htm,CIK0000012927-submissions-002.json
2004-10-28,8-K,0001193125-04-179518,2004-10-24,d8k.htm,CIK0000012927-submissions-002.json
2004-11-02,4,0001137638-04-000743,2004-11-01,xslF345X02/mul912.xml,CIK0000012927-submissions-002.json
2004-11-03,4,0001137638-04-000744,2004-11-01,xslF345X02/bel914.xml,CIK0000012927-submissions-002.json
2004-11-04,4,0001137638-04-000747,2004-11-04,xslF345X02/koe916.xml,CIK0000012927-submissions-002.json
2004-11-04,4,0001137638-04-000746,2004-11-03,xslF345X02/jam915.xml,CIK0000012927-submissions-002.json
2004-11-04,4,0001137638-04-000745,2004-11-03,xslF345X02/del913.xml,CIK0000012927-submissions-002.json
2004-11-05,4,0001137638-04-000749,2004-11-04,xslF345X02/soo917.xml,CIK0000012927-submissions-002.json
2004-11-10,4,0001137638-04-000755,2004-11-03,xslF345X02/alb918.xml,CIK0000012927-submissions-002.json
2004-11-12,4,0001137638-04-000757,2004-11-10,xslF345X02/koe919.xml,CIK0000012927-submissions-002.json
2004-11-19,4,0001137638-04-000758,2004-11-18,xslF345X02/soo920.xml,CIK0000012927-submissions-002.json
2004-12-03,4,0001137638-04-000817,2004-12-03,xslF345X02/bai922.xml,CIK0000012927-submissions-002.json
2004-12-03,4,0001137638-04-000816,2004-12-02,xslF345X02/soo921.xml,CIK0000012927-submissions-002.json
2004-12-06,8-K/A,0001193125-04-207897,2004-12-02,d8ka.htm,CIK0000012927-submissions-002.json
2004-12-13,3,0001137638-04-000871,2004-12-03,xslF345X02/ste923.xml,CIK0000012927-submissions-002.json
2004-12-14,8-K,0001193125-04-212495,2004-12-13,d8k.htm,CIK0000012927-submissions-002.json
2004-12-16,8-K,0001193125-04-214286,2004-12-12,d8k.htm,CIK0000012927-submissions-002.json
2004-12-17,4,0001137638-04-000883,2004-12-16,xslF345X02/soo924.xml,CIK0000012927-submissions-002.json
2004-12-23,8-K,0001193125-04-218908,2004-12-12,d8k.htm,CIK0000012927-submissions-002.json
2005-01-03,4,0001137638-05-000001,2004-12-30,xslF345X02/soo925.xml,CIK0000012927-submissions-002.json
2005-01-04,3,0001137638-05-000002,2005-01-01,xslF345X02/nan926.xml,CIK0000012927-submissions-002.json
2005-01-05,4,0001137638-05-000020,2005-01-03,xslF345X02/big933.xml,CIK0000012927-submissions-002.json
2005-01-05,4,0001137638-05-000019,2005-01-03,xslF345X02/zaf929.xml,CIK0000012927-submissions-002.json
2005-01-05,4,0001137638-05-000018,2005-01-03,xslF345X02/sto938.xml,CIK0000012927-submissions-002.json
2005-01-05,4,0001137638-05-000017,2005-01-03,xslF345X02/sha931.xml,CIK0000012927-submissions-002.json
2005-01-05,4,0001137638-05-000016,2005-01-03,xslF345X02/rid932.xml,CIK0000012927-submissions-002.json
2005-01-05,4,0001137638-05-000015,2005-01-03,xslF345X02/pla928.xml,CIK0000012927-submissions-002.json
2005-01-05,4,0001137638-05-000014,2005-01-03,xslF345X02/nan937.xml,CIK0000012927-submissions-002.json
2005-01-05,4,0001137638-05-000013,2005-01-03,xslF345X02/mcn930.xml,CIK0000012927-submissions-002.json
2005-01-05,4,0001137638-05-000012,2005-01-03,xslF345X02/mcd934.xml,CIK0000012927-submissions-002.json
2005-01-05,4,0001137638-05-000010,2005-01-03,xslF345X02/coo935.xml,CIK0000012927-submissions-002.json
2005-01-05,4,0001137638-05-000011,2005-01-03,xslF345X02/dub927.xml,CIK0000012927-submissions-002.json
2005-01-05,4,0001137638-05-000009,2005-01-03,xslF345X02/bry936.xml,CIK0000012927-submissions-002.json
2005-01-05,SC 13G,0000898318-05-000004,,boeing.htm,CIK0000012927-submissions-002.json
2005-01-14,4,0001137638-05-000030,2005-01-13,xslF345X02/sto941.xml,CIK0000012927-submissions-002.json
2005-01-14,4,0001137638-05-000029,2005-01-13,xslF345X02/soo940.xml,CIK0000012927-submissions-002.json
2005-01-14,5,0001137638-05-000028,2004-12-31,xslF345X02/mcd939.xml,CIK0000012927-submissions-002.json
2005-01-18,NO ACT,9999999997-05-003929,2004-12-21,9999999997-05-003929.paper,CIK0000012927-submissions-002.json
2005-01-19,8-K,0001193125-05-008279,2005-01-12,d8k.htm,CIK0000012927-submissions-002.json
2005-01-21,NO ACT,9999999997-05-003492,2004-12-21,9999999997-05-003492.paper,CIK0000012927-submissions-002.json
2005-01-27,NO ACT,9999999997-05-004148,2004-12-21,9999999997-05-004148.paper,CIK0000012927-submissions-002.json
2005-01-27,NO ACT,9999999997-05-004146,2004-12-21,9999999997-05-004146.paper,CIK0000012927-submissions-002.json
2005-01-28,4,0001137638-05-000038,2005-01-27,xslF345X02/sto943.xml,CIK0000012927-submissions-002.json
2005-01-28,4,0001137638-05-000037,2005-01-27,xslF345X02/soo942.xml,CIK0000012927-submissions-002.json
2005-01-31,NO ACT,9999999997-05-004147,2004-12-21,9999999997-05-004147.paper,CIK0000012927-submissions-002.json
2005-02-02,8-K,0001193125-05-016729,2005-02-02,d8k.htm,CIK0000012927-submissions-002.json
2005-02-07,NO ACT,9999999997-05-005548,2004-12-23,9999999997-05-005548.paper,CIK0000012927-submissions-002.json
2005-02-09,4,0001137638-05-000059,2005-02-08,xslF345X02/bai944.xml,CIK0000012927-submissions-002.json
2005-02-10,NO ACT,9999999997-05-041076,2004-12-22,9999999997-05-041076.paper,CIK0000012927-submissions-002.json
2005-02-11,4,0001137638-05-000064,2005-02-09,xslF345X02/sto947.xml,CIK0000012927-submissions-002.json
2005-02-11,4,0001137638-05-000063,2005-02-09,xslF345X02/soo946.xml,CIK0000012927-submissions-002.json
2005-02-11,SC 13G/A,0000017283-05-000069,,edgba.txt,CIK0000012927-submissions-002.json
2005-02-15,SC 13G,0000093748-05-000007,,boeing04.txt,CIK0000012927-submissions-002.json
2005-02-16,4,0001137638-05-000065,2005-02-15,xslF345X02/rid948.xml,CIK0000012927-submissions-002.json
2005-02-16,SC 13G/A,0000898318-05-000014,,b13g1.htm,CIK0000012927-submissions-002.json
2005-02-17,4,0001137638-05-000071,2005-02-17,xslF345X02/soo949.xml,CIK0000012927-submissions-002.json
2005-02-17,4,0001137638-05-000070,2005-02-16,xslF345X02/pic950.xml,CIK0000012927-submissions-002.json
2005-02-17,NO ACT,9999999997-05-007458,2004-12-22,9999999997-05-007458.paper,CIK0000012927-submissions-002.json
2005-02-22,SC 13G/A,0000093748-05-000093,,boeingamd04.txt,CIK0000012927-submissions-002.json
2005-02-23,4,0001137638-05-000072,2005-02-22,xslF345X02/car951.xml,CIK0000012927-submissions-002.json
2005-02-24,8-K,0001169232-05-001231,2005-02-22,d62656_8k.txt,CIK0000012927-submissions-002.json
2005-02-25,4,0001137638-05-000079,2005-02-24,xslF345X02/sto953.xml,CIK0000012927-submissions-002.json
2005-02-25,4,0001137638-05-000078,2005-02-24,xslF345X02/soo952.xml,CIK0000012927-submissions-002.json
2005-02-25,NO ACT,9999999997-05-007282,2005-02-11,9999999997-05-007282.paper,CIK0000012927-submissions-002.json
2005-02-28,10-K,0001193125-05-038602,2004-12-31,d10k.htm,CIK0000012927-submissions-002.json
2005-03-02,4,0001137638-05-000093,2005-02-28,xslF345X02/sto967.xml,CIK0000012927-submissions-002.json
2005-03-02,4,0001137638-05-000092,2005-02-28,xslF345X02/ste966.xml,CIK0000012927-submissions-002.json
2005-03-02,4,0001137638-05-000091,2005-02-28,xslF345X02/soo965.xml,CIK0000012927-submissions-002.json
2005-03-02,4,0001137638-05-000090,2005-02-28,xslF345X02/pic964.xml,CIK0000012927-submissions-002.json
2005-03-02,4,0001137638-05-000089,2005-02-28,xslF345X02/mul963.xml,CIK0000012927-submissions-002.json
2005-03-02,4,0001137638-05-000088,2005-02-28,xslF345X02/koe962.xml,CIK0000012927-submissions-002.json
2005-03-02,4,0001137638-05-000087,2005-02-28,xslF345X02/jam961.xml,CIK0000012927-submissions-002.json
2005-03-02,4,0001137638-05-000086,2005-02-28,xslF345X02/hul960.xml,CIK0000012927-submissions-002.json
2005-03-02,4,0001137638-05-000084,2005-02-28,xslF345X02/car957.xml,CIK0000012927-submissions-002.json
2005-03-02,4,0001137638-05-000085,2005-02-28,xslF345X02/del959.xml,CIK0000012927-submissions-002.json
2005-03-02,4,0001137638-05-000083,2005-02-28,xslF345X02/bel956.xml,CIK0000012927-submissions-002.json
2005-03-02,4,0001137638-05-000081,2005-02-28,xslF345X02/alb954.xml,CIK0000012927-submissions-002.json
2005-03-02,4,0001137638-05-000082,2005-02-28,xslF345X02/bai955.xml,CIK0000012927-submissions-002.json
2005-03-04,4,0001137638-05-000096,2005-02-28,xslF345X02/mcg968.xml,CIK0000012927-submissions-002.json
2005-03-09,NO ACT,9999999997-05-010469,2005-03-01,9999999997-05-010469.paper,CIK0000012927-submissions-002.json
2005-03-10,4,0001137638-05-000124,2005-03-08,xslF345X02/ste984.xml,CIK0000012927-submissions-002.json
2005-03-10,4,0001137638-05-000123,2005-03-08,xslF345X02/soo983.xml,CIK0000012927-submissions-002.json
2005-03-10,4,0001137638-05-000122,2005-03-08,xslF345X02/pic985.xml,CIK0000012927-submissions-002.json
2005-03-10,4,0001137638-05-000120,2005-03-08,xslF345X02/mul982.xml,CIK0000012927-submissions-002.json
2005-03-10,4,0001137638-05-000119,2005-03-08,xslF345X02/mcg981.xml,CIK0000012927-submissions-002.json
2005-03-10,4,0001137638-05-000118,2005-03-08,xslF345X02/koe980.xml,CIK0000012927-submissions-002.json
2005-03-10,4,0001137638-05-000117,2005-03-08,xslF345X02/jam979.xml,CIK0000012927-submissions-002.json
2005-03-10,4,0001137638-05-000116,2002-03-08,xslF345X02/del978.xml,CIK0000012927-submissions-002.json
2005-03-10,4,0001137638-05-000115,2005-03-08,xslF345X02/car977.xml,CIK0000012927-submissions-002.json
2005-03-10,4,0001137638-05-000114,2005-03-08,xslF345X02/bel976.xml,CIK0000012927-submissions-002.json
2005-03-10,4,0001137638-05-000113,2005-03-08,xslF345X02/bai975.xml,CIK0000012927-submissions-002.json
2005-03-10,4,0001137638-05-000112,2005-03-08,xslF345X02/alb974.xml,CIK0000012927-submissions-002.json
2005-03-10,4/A,0001137638-05-000125,2005-02-28,xslF345X02/sto973.xml,CIK0000012927-submissions-002.json
2005-03-10,8-K,0001193125-05-046669,2005-03-06,d8k.htm,CIK0000012927-submissions-002.json
2005-03-10,NO ACT,9999999997-05-011435,2005-03-02,9999999997-05-011435.paper,CIK0000012927-submissions-002.json
2005-03-11,4,0001137638-05-000156,2005-03-11,xslF345X02/ste990.xml,CIK0000012927-submissions-002.json
2005-03-11,4,0001137638-05-000155,2005-03-10,xslF345X02/soo993.xml,CIK0000012927-submissions-002.json
2005-03-11,4,0001137638-05-000154,2005-03-11,xslF345X02/pic992.xml,CIK0000012927-submissions-002.json
2005-03-11,4,0001137638-05-000152,2005-03-11,xslF345X02/mcg988.xml,CIK0000012927-submissions-002.json
2005-03-11,4,0001137638-05-000153,2005-03-11,xslF345X02/mul995.xml,CIK0000012927-submissions-002.json
2005-03-11,4,0001137638-05-000151,2005-03-11,xslF345X02/koe991.xml,CIK0000012927-submissions-002.json
2005-03-11,4,0001137638-05-000150,2005-03-11,xslF345X02/jam998.xml,CIK0000012927-submissions-002.json
2005-03-11,4,0001137638-05-000149,2005-03-11,xslF345X02/hul996.xml,CIK0000012927-submissions-002.json
2005-03-11,4,0001137638-05-000148,2005-03-11,xslF345X02/del987.xml,CIK0000012927-submissions-002.json
2005-03-11,4,0001137638-05-000147,2005-03-11,xslF345X02/car997.xml,CIK0000012927-submissions-002.json
2005-03-11,4,0001137638-05-000146,2005-03-11,xslF345X02/bel989.xml,CIK0000012927-submissions-002.json
2005-03-11,4,0001137638-05-000145,2005-03-11,xslF345X02/bai994.xml,CIK0000012927-submissions-002.json
2005-03-11,4,0001137638-05-000144,2005-03-11,xslF345X02/alb986.xml,CIK0000012927-submissions-002.json
2005-03-18,DEF 14A,0001193125-05-055432,2005-05-02,ddef14a.htm,CIK0000012927-submissions-002.json
2005-03-22,NO ACT,9999999997-05-021355,2005-03-16,9999999997-05-021355.paper,CIK0000012927-submissions-002.json
2005-03-28,4,0001137638-05-000203,2005-03-25,xslF345X02/soo999.xml,CIK0000012927-submissions-002.json
2005-04-01,DEFA14A,0001193125-05-068015,,ddefa14a.htm,CIK0000012927-submissions-002.json
2005-04-04,4,0001137638-05-000217,2005-03-31,xslF345X02/ste1010.xml,CIK0000012927-submissions-002.json
2005-04-04,4,0001137638-05-000215,2005-03-31,xslF345X02/pic1008.xml,CIK0000012927-submissions-002.json
2005-04-04,4,0001137638-05-000216,2005-03-31,xslF345X02/soo1009.xml,CIK0000012927-submissions-002.json
2005-04-04,4,0001137638-05-000214,2005-03-31,xslF345X02/mul1007.xml,CIK0000012927-submissions-002.json
2005-04-04,4,0001137638-05-000213,2005-03-31,xslF345X02/mcg1006.xml,CIK0000012927-submissions-002.json
2005-04-04,4,0001137638-05-000211,2005-03-31,xslF345X02/jam1004.xml,CIK0000012927-submissions-002.json
2005-04-04,4,0001137638-05-000212,2005-03-31,xslF345X02/koe1005.xml,CIK0000012927-submissions-002.json
2005-04-04,4,0001137638-05-000210,2005-03-31,xslF345X02/del1003.xml,CIK0000012927-submissions-002.json
2005-04-04,4,0001137638-05-000208,2005-03-31,xslF345X02/bai1001.xml,CIK0000012927-submissions-002.json
2005-04-04,4,0001137638-05-000209,2004-03-31,xslF345X02/bel1002.xml,CIK0000012927-submissions-002.json
2005-04-04,4,0001137638-05-000207,2005-03-31,xslF345X02/alb1000.xml,CIK0000012927-submissions-002.json
2005-04-05,4,0001137638-05-000237,2005-04-01,xslF345X02/sha1020.xml,CIK0000012927-submissions-002.json
2005-04-05,4,0001137638-05-000238,2005-04-01,xslF345X02/zaf1021.xml,CIK0000012927-submissions-002.json
2005-04-05,4,0001137638-05-000236,2005-04-01,xslF345X02/rid1019.xml,CIK0000012927-submissions-002.json
2005-04-05,4,0001137638-05-000234,2005-04-01,xslF345X02/nan1017.xml,CIK0000012927-submissions-002.json
2005-04-05,4,0001137638-05-000235,2005-04-01,xslF345X02/pla1018.xml,CIK0000012927-submissions-002.json
2005-04-05,4,0001137638-05-000233,2005-04-01,xslF345X02/mcn1016.xml,CIK0000012927-submissions-002.json
2005-04-05,4,0001137638-05-000232,2005-04-01,xslF345X02/mcd1015.xml,CIK0000012927-submissions-002.json
2005-04-05,4,0001137638-05-000231,2005-04-01,xslF345X02/dub1014.xml,CIK0000012927-submissions-002.json
2005-04-05,4,0001137638-05-000230,2005-04-01,xslF345X02/coo1013.xml,CIK0000012927-submissions-002.json
2005-04-05,4,0001137638-05-000229,2005-04-01,xslF345X02/bry1012.xml,CIK0000012927-submissions-002.json
2005-04-05,4,0001137638-05-000228,2005-04-01,xslF345X02/big1011.xml,CIK0000012927-submissions-002.json
2005-04-08,4,0001137638-05-000243,2005-04-07,xslF345X02/soo1022.xml,CIK0000012927-submissions-002.json
2005-04-22,4,0001137638-05-000253,2005-04-21,xslF345X02/soo1024.xml,CIK0000012927-submissions-002.json
2005-04-22,4,0001137638-05-000251,2005-04-21,xslF345X02/bry1023.xml,CIK0000012927-submissions-002.json
2005-04-22,DEFA14A,0001193125-05-082646,,ddefa14a.htm,CIK0000012927-submissions-002.json
2005-04-27,10-Q,0001193125-05-086964,2005-03-31,d10q.htm,CIK0000012927-submissions-002.json
2005-04-27,8-K,0001193125-05-086260,2005-04-27,d8k.htm,CIK0000012927-submissions-002.json
2005-05-04,8-K,0000893838-05-000096,2005-05-02,b8k050305.htm,CIK0000012927-submissions-002.json
2005-05-06,4,0001137638-05-000260,2005-05-05,xslF345X02/soo1025.xml,CIK0000012927-submissions-002.json
2005-05-16,4,0001137638-05-000263,2005-05-16,xslF345X02/soo1026.xml,CIK0000012927-submissions-002.json
2005-05-18,4,0001137638-05-000279,2005-05-16,xslF345X02/car1027.xml,CIK0000012927-submissions-002.json
2005-05-18,4,0001137638-05-000278,2005-05-16,xslF345X02/alb1028.xml,CIK0000012927-submissions-002.json
2005-05-20,4,0001137638-05-000281,2005-05-19,xslF345X02/soo1029.xml,CIK0000012927-submissions-002.json
2005-05-27,4,0001137638-05-000314,2005-05-25,xslF345X02/ste1041.xml,CIK0000012927-submissions-002.json
2005-05-27,4,0001137638-05-000313,2005-05-25,xslF345X02/soo1040.xml,CIK0000012927-submissions-002.json
2005-05-27,4,0001137638-05-000311,2005-05-25,xslF345X02/mul1038.xml,CIK0000012927-submissions-002.json
2005-05-27,4,0001137638-05-000312,2005-05-25,xslF345X02/pic1039.xml,CIK0000012927-submissions-002.json
2005-05-27,4,0001137638-05-000310,2005-05-25,xslF345X02/mcg1037.xml,CIK0000012927-submissions-002.json
2005-05-27,4,0001137638-05-000308,2005-05-25,xslF345X02/jam1035.xml,CIK0000012927-submissions-002.json
2005-05-27,4,0001137638-05-000309,2005-05-25,xslF345X02/koe1036.xml,CIK0000012927-submissions-002.json
2005-05-27,4,0001137638-05-000307,2005-05-25,xslF345X02/del1034.xml,CIK0000012927-submissions-002.json
2005-05-27,4,0001137638-05-000305,2005-05-25,xslF345X02/bel1032.xml,CIK0000012927-submissions-002.json
2005-05-27,4,0001137638-05-000306,2005-03-31,xslF345X02/car1033.xml,CIK0000012927-submissions-002.json
2005-05-27,4,0001137638-05-000304,2005-05-25,xslF345X02/bai1031.xml,CIK0000012927-submissions-002.json
2005-05-27,4,0001137638-05-000303,2005-05-25,xslF345X02/alb1030.xml,CIK0000012927-submissions-002.json
2005-06-01,4,0001137638-05-000333,2005-05-27,xslF345X02/ste1056.xml,CIK0000012927-submissions-002.json
2005-06-01,4,0001137638-05-000332,2005-05-27,xslF345X02/soo1055.xml,CIK0000012927-submissions-002.json
2005-06-01,4,0001137638-05-000331,2005-05-27,xslF345X02/pic1054.xml,CIK0000012927-submissions-002.json
2005-06-01,4,0001137638-05-000330,2005-05-27,xslF345X02/mul1053.xml,CIK0000012927-submissions-002.json
2005-06-01,4,0001137638-05-000329,2005-05-27,xslF345X02/mcg1052.xml,CIK0000012927-submissions-002.json
2005-06-01,4,0001137638-05-000328,2005-05-27,xslF345X02/koe1051.xml,CIK0000012927-submissions-002.json
2005-06-01,4,0001137638-05-000327,2005-05-27,xslF345X02/jam1050.xml,CIK0000012927-submissions-002.json
2005-06-01,4,0001137638-05-000326,2005-05-27,xslF345X02/hul1049.xml,CIK0000012927-submissions-002.json
2005-06-01,4,0001137638-05-000325,2005-05-27,xslF345X02/del1048.xml,CIK0000012927-submissions-002.json
2005-06-01,4,0001137638-05-000324,2005-05-27,xslF345X02/car1047.xml,CIK0000012927-submissions-002.json
2005-06-01,4,0001137638-05-000322,2005-05-27,xslF345X02/bel1044.xml,CIK0000012927-submissions-002.json
2005-06-01,4,0001137638-05-000321,2005-05-27,xslF345X02/bai1043.xml,CIK0000012927-submissions-002.json
2005-06-01,4,0001137638-05-000320,2005-05-27,xslF345X02/alb1042.xml,CIK0000012927-submissions-002.json
2005-06-01,4/A,0001137638-05-000323,2005-03-31,xslF345X02/car1046.xml,CIK0000012927-submissions-002.json
2005-06-06,4,0001137638-05-000340,2005-06-02,xslF345X02/soo1057.xml,CIK0000012927-submissions-002.json
2005-06-07,4,0001137638-05-000352,2005-06-03,xslF345X02/ste1068.xml,CIK0000012927-submissions-002.json
2005-06-07,4,0001137638-05-000351,2005-06-03,xslF345X02/soo1067.xml,CIK0000012927-submissions-002.json
2005-06-07,4,0001137638-05-000350,2005-06-03,xslF345X02/pic1069.xml,CIK0000012927-submissions-002.json
2005-06-07,4,0001137638-05-000349,2005-06-03,xslF345X02/mul1066.xml,CIK0000012927-submissions-002.json
2005-06-07,4,0001137638-05-000348,2005-06-03,xslF345X02/mcg1065.xml,CIK0000012927-submissions-002.json
2005-06-07,4,0001137638-05-000347,2005-06-03,xslF345X02/koe1064.xml,CIK0000012927-submissions-002.json
2005-06-07,4,0001137638-05-000346,2005-06-03,xslF345X02/jam1063.xml,CIK0000012927-submissions-002.json
2005-06-07,4,0001137638-05-000345,2005-06-03,xslF345X02/del1062.xml,CIK0000012927-submissions-002.json
2005-06-07,4,0001137638-05-000344,2005-06-03,xslF345X02/car1061.xml,CIK0000012927-submissions-002.json
2005-06-07,4,0001137638-05-000343,2005-06-03,xslF345X02/bel1060.xml,CIK0000012927-submissions-002.json
2005-06-07,4,0001137638-05-000342,2005-06-03,xslF345X02/bai1059.xml,CIK0000012927-submissions-002.json
2005-06-07,4,0001137638-05-000341,2005-06-03,xslF345X02/alb1058.xml,CIK0000012927-submissions-002.json
2005-06-14,4/A,0001137638-05-000363,2005-06-03,xslF345X02/car1071.xml,CIK0000012927-submissions-002.json
2005-06-14,4/A,0001137638-05-000362,2005-05-27,xslF345X02/car1070.xml,CIK0000012927-submissions-002.json
2005-06-20,4,0001137638-05-000392,2005-06-16,xslF345X02/ste1084.xml,CIK0000012927-submissions-002.json
2005-06-20,4,0001137638-05-000391,2005-06-16,xslF345X02/soo1073.xml,CIK0000012927-submissions-002.json
2005-06-20,4,0001137638-05-000390,2005-06-16,xslF345X02/pic1082.xml,CIK0000012927-submissions-002.json
2005-06-20,4,0001137638-05-000389,2005-06-16,xslF345X02/mul1081.xml,CIK0000012927-submissions-002.json
2005-06-20,4,0001137638-05-000388,2005-06-16,xslF345X02/mcg1080.xml,CIK0000012927-submissions-002.json
2005-06-20,4,0001137638-05-000387,2005-06-16,xslF345X02/koe1079.xml,CIK0000012927-submissions-002.json
2005-06-20,4,0001137638-05-000386,2005-06-16,xslF345X02/jam1078.xml,CIK0000012927-submissions-002.json
2005-06-20,4,0001137638-05-000385,2005-06-16,xslF345X02/del1077.xml,CIK0000012927-submissions-002.json
2005-06-20,4,0001137638-05-000384,2005-06-16,xslF345X02/car1076.xml,CIK0000012927-submissions-002.json
2005-06-20,4,0001137638-05-000383,2005-06-16,xslF345X02/bel1072.xml,CIK0000012927-submissions-002.json
2005-06-20,4,0001137638-05-000382,2005-06-16,xslF345X02/bai1075.xml,CIK0000012927-submissions-002.json
2005-06-20,4,0001137638-05-000381,2005-06-16,xslF345X02/alb1074.xml,CIK0000012927-submissions-002.json
2005-06-22,8-K,0001193125-05-129247,2005-06-16,d8k.htm,CIK0000012927-submissions-002.json
2005-06-27,11-K,0001193125-05-132080,2004-12-31,d11k.htm,CIK0000012927-submissions-002.json
2005-06-27,11-K,0001193125-05-132074,2004-12-31,d11k.htm,CIK0000012927-submissions-002.json
2005-07-01,4,0001137638-05-000397,2005-06-30,xslF345X02/soo1086.xml,CIK0000012927-submissions-002.json
2005-07-06,4,0001137638-05-000414,2005-07-01,xslF345X02/zaf1096.xml,CIK0000012927-submissions-002.json
2005-07-06,4,0001137638-05-000413,2005-07-01,xslF345X02/sha1095.xml,CIK0000012927-submissions-002.json
2005-07-06,4,0001137638-05-000412,2005-07-01,xslF345X02/rid1094.xml,CIK0000012927-submissions-002.json
2005-07-06,4,0001137638-05-000411,2005-07-01,xslF345X02/pla1093.xml,CIK0000012927-submissions-002.json
2005-07-06,4,0001137638-05-000410,2005-07-01,xslF345X02/nan1092.xml,CIK0000012927-submissions-002.json
2005-07-06,4,0001137638-05-000409,2005-07-01,xslF345X02/mcn1085.xml,CIK0000012927-submissions-002.json
2005-07-06,4,0001137638-05-000408,2005-07-01,xslF345X02/mcd1091.xml,CIK0000012927-submissions-002.json
2005-07-06,4,0001137638-05-000407,2005-07-01,xslF345X02/dub1090.xml,CIK0000012927-submissions-002.json
2005-07-06,4,0001137638-05-000406,2005-07-01,xslF345X02/coo1089.xml,CIK0000012927-submissions-002.json
2005-07-06,4,0001137638-05-000405,2005-07-01,xslF345X02/bry1088.xml,CIK0000012927-submissions-002.json
2005-07-06,4,0001137638-05-000404,2005-07-01,xslF345X02/big1087.xml,CIK0000012927-submissions-002.json
2005-07-06,8-K,0001193125-05-138157,2005-06-29,d8k.htm,CIK0000012927-submissions-002.json
2005-07-15,4,0001137638-05-000419,2005-07-14,xslF345X02/soo1097.xml,CIK0000012927-submissions-002.json
2005-07-27,10-Q,0001193125-05-149899,2005-06-30,d10q.htm,CIK0000012927-submissions-002.json
2005-07-27,8-K,0001193125-05-149530,2005-07-27,d8k.htm,CIK0000012927-submissions-002.json
2005-08-01,4,0001137638-05-000456,2005-07-28,xslF345X02/ste1099.xml,CIK0000012927-submissions-002.json
2005-08-01,4,0001137638-05-000455,2005-07-28,xslF345X02/soo1113.xml,CIK0000012927-submissions-002.json
2005-08-01,4,0001137638-05-000454,2005-07-28,xslF345X02/pic1101.xml,CIK0000012927-submissions-002.json
2005-08-01,4,0001137638-05-000453,2005-07-28,xslF345X02/mul1109.xml,CIK0000012927-submissions-002.json
2005-08-01,4,0001137638-05-000452,2005-07-28,xslF345X02/mcg1108.xml,CIK0000012927-submissions-002.json
2005-08-01,4,0001137638-05-000451,2005-07-28,xslF345X02/koe1110.xml,CIK0000012927-submissions-002.json
2005-08-01,4,0001137638-05-000450,2005-07-28,xslF345X02/jam1107.xml,CIK0000012927-submissions-002.json
2005-08-01,4,0001137638-05-000449,2005-07-28,xslF345X02/hul1106.xml,CIK0000012927-submissions-002.json
2005-08-01,4,0001137638-05-000448,2005-07-28,xslF345X02/del1105.xml,CIK0000012927-submissions-002.json
2005-08-01,4,0001137638-05-000447,2005-07-28,xslF345X02/car1102.xml,CIK0000012927-submissions-002.json
2005-08-01,4,0001137638-05-000446,2005-07-28,xslF345X02/bel1112.xml,CIK0000012927-submissions-002.json
2005-08-01,4,0001137638-05-000445,2005-07-28,xslF345X02/bai1103.xml,CIK0000012927-submissions-002.json
2005-08-01,4,0001137638-05-000444,2005-07-28,xslF345X02/alb1111.xml,CIK0000012927-submissions-002.json
2005-08-03,4,0001137638-05-000470,2005-08-02,xslF345X02/koe1114.xml,CIK0000012927-submissions-002.json
2005-08-05,4,0001137638-05-000472,2005-08-04,xslF345X02/mul1117.xml,CIK0000012927-submissions-002.json
2005-08-10,4,0001137638-05-000474,2005-08-09,xslF345X02/jam1118.xml,CIK0000012927-submissions-002.json
2005-08-11,4,0001137638-05-000481,2005-08-09,xslF345X02/alb1122.xml,CIK0000012927-submissions-002.json
2005-08-11,4,0001137638-05-000477,2005-08-10,xslF345X02/mcg1120.xml,CIK0000012927-submissions-002.json
2005-08-12,4,0001137638-05-000485,2005-08-11,xslF345X02/soo1123.xml,CIK0000012927-submissions-002.json
2005-08-12,4,0001137638-05-000484,2005-08-10,xslF345X02/dub1121.xml,CIK0000012927-submissions-002.json
2005-08-19,4,0001137638-05-000500,2005-08-19,xslF345X02/nan1124.xml,CIK0000012927-submissions-002.json
2005-08-25,4,0001137638-05-000516,2005-08-23,xslF345X02/ste1135.xml,CIK0000012927-submissions-002.json
2005-08-25,4,0001137638-05-000515,2005-08-23,xslF345X02/soo1134.xml,CIK0000012927-submissions-002.json
2005-08-25,4,0001137638-05-000514,2005-08-23,xslF345X02/pic1133.xml,CIK0000012927-submissions-002.json
2005-08-25,4,0001137638-05-000513,2005-08-23,xslF345X02/mul1132.xml,CIK0000012927-submissions-002.json
2005-08-25,4,0001137638-05-000512,2005-08-23,xslF345X02/mcg1136.xml,CIK0000012927-submissions-002.json
2005-08-25,4,0001137638-05-000511,2005-08-23,xslF345X02/koe1131.xml,CIK0000012927-submissions-002.json
2005-08-25,4,0001137638-05-000510,2005-08-23,xslF345X02/jam1130.xml,CIK0000012927-submissions-002.json
2005-08-25,4,0001137638-05-000509,2005-08-23,xslF345X02/del1129.xml,CIK0000012927-submissions-002.json
2005-08-25,4,0001137638-05-000508,2005-08-23,xslF345X02/car1128.xml,CIK0000012927-submissions-002.json
2005-08-25,4,0001137638-05-000507,2005-08-23,xslF345X02/bel1127.xml,CIK0000012927-submissions-002.json
2005-08-25,4,0001137638-05-000506,2005-08-22,xslF345X02/bai1126.xml,CIK0000012927-submissions-002.json
2005-08-25,4,0001137638-05-000505,2005-08-23,xslF345X02/alb1125.xml,CIK0000012927-submissions-002.json
2005-08-26,4,0001137638-05-000517,2005-08-25,xslF345X02/soo1137.xml,CIK0000012927-submissions-002.json
2005-08-31,4,0001137638-05-000525,2005-08-29,xslF345X02/pla1139.xml,CIK0000012927-submissions-002.json
2005-08-31,4,0001137638-05-000524,2005-08-29,xslF345X02/bel1138.xml,CIK0000012927-submissions-002.json
2005-09-02,8-K,0001193125-05-179939,2005-08-29,d8k.htm,CIK0000012927-submissions-002.json
2005-09-09,4,0001137638-05-000542,2005-09-08,xslF345X02/soo1140.xml,CIK0000012927-submissions-002.json
2005-09-26,4,0001137638-05-000562,2005-09-22,xslF345X02/soo1141.xml,CIK0000012927-submissions-002.json
2005-10-04,4,0001137638-05-000601,2005-10-03,xslF345X02/zaf1150.xml,CIK0000012927-submissions-002.json
2005-10-04,4,0001137638-05-000600,2005-10-03,xslF345X02/sha1149.xml,CIK0000012927-submissions-002.json
2005-10-04,4,0001137638-05-000599,2005-10-03,xslF345X02/rid1148.xml,CIK0000012927-submissions-002.json
2005-10-04,4,0001137638-05-000598,2005-10-03,xslF345X02/nan1147.xml,CIK0000012927-submissions-002.json
2005-10-04,4,0001137638-05-000597,2005-10-03,xslF345X02/mcd1146.xml,CIK0000012927-submissions-002.json
2005-10-04,4,0001137638-05-000596,2005-10-03,xslF345X02/dub1145.xml,CIK0000012927-submissions-002.json
2005-10-04,4,0001137638-05-000595,2005-10-03,xslF345X02/coo1144.xml,CIK0000012927-submissions-002.json
2005-10-04,4,0001137638-05-000594,2005-10-03,xslF345X02/bry1143.xml,CIK0000012927-submissions-002.json
2005-10-04,4,0001137638-05-000593,2005-10-03,xslF345X02/big1142.xml,CIK0000012927-submissions-002.json
2005-10-07,4,0001137638-05-000602,2005-10-06,xslF345X02/soo1151.xml,CIK0000012927-submissions-002.json
2005-10-24,4,0001137638-05-000609,2005-10-20,xslF345X02/soo1152.xml,CIK0000012927-submissions-002.json
2005-10-26,10-Q,0001193125-05-208763,2005-09-30,d10q.htm,CIK0000012927-submissions-002.json
2005-10-26,8-K,0001193125-05-208460,2005-10-26,d8k.htm,CIK0000012927-submissions-002.json
2005-11-01,4,0001137638-05-000617,2005-10-31,xslF345X02/bel1153.xml,CIK0000012927-submissions-002.json
2005-11-02,4,0001137638-05-000618,2005-11-01,xslF345X02/del1154.xml,CIK0000012927-submissions-002.json
2005-11-03,4,0001137638-05-000619,2005-11-01,xslF345X02/mul1155.xml,CIK0000012927-submissions-002.json
2005-11-03,8-K,0001193125-05-215240,2005-10-31,d8k.htm,CIK0000012927-submissions-002.json
2005-11-04,4,0001137638-05-000620,2005-11-04,xslF345X02/soo1156.xml,CIK0000012927-submissions-002.json
2005-11-10,8-K,0001193125-05-223267,2005-11-04,d8k.htm,CIK0000012927-submissions-002.json
2005-11-14,4,0001137638-05-000623,2005-11-09,xslF345X02/car1159.xml,CIK0000012927-submissions-002.json
2005-11-14,4,0001137638-05-000622,2005-11-10,xslF345X02/soo1158.xml,CIK0000012927-submissions-002.json
2005-11-14,4,0001137638-05-000621,2005-11-10,xslF345X02/bai1157.xml,CIK0000012927-submissions-002.json
2005-11-15,4,0001137638-05-000627,2005-11-14,xslF345X02/mcg1161.xml,CIK0000012927-submissions-002.json
2005-11-15,4,0001137638-05-000626,2005-11-14,xslF345X02/alb1160.xml,CIK0000012927-submissions-002.json
2005-11-16,4,0001137638-05-000628,2005-11-15,xslF345X02/koe1162.xml,CIK0000012927-submissions-002.json
2005-11-18,4,0001137638-05-000633,2005-11-17,xslF345X02/soo1163.xml,CIK0000012927-submissions-002.json
2005-11-23,8-K,0001193125-05-231771,2005-11-18,d8k.htm,CIK0000012927-submissions-002.json
2005-12-02,4,0001137638-05-000648,2005-12-01,xslF345X02/soo1164.xml,CIK0000012927-submissions-002.json
2005-12-12,4,0001137638-05-000674,2005-12-08,xslF345X02/ste1176.xml,CIK0000012927-submissions-002.json
2005-12-12,4,0001137638-05-000673,2005-12-08,xslF345X02/soo1175.xml,CIK0000012927-submissions-002.json
2005-12-12,4,0001137638-05-000672,2005-12-08,xslF345X02/pic1174.xml,CIK0000012927-submissions-002.json
2005-12-12,4,0001137638-05-000670,2005-12-08,xslF345X02/mul1173.xml,CIK0000012927-submissions-002.json
2005-12-12,4,0001137638-05-000669,2005-12-08,xslF345X02/mcg1172.xml,CIK0000012927-submissions-002.json
2005-12-12,4,0001137638-05-000667,2005-12-08,xslF345X02/koe1171.xml,CIK0000012927-submissions-002.json
2005-12-12,4,0001137638-05-000666,2005-12-08,xslF345X02/jam1170.xml,CIK0000012927-submissions-002.json
2005-12-12,4,0001137638-05-000665,2005-12-08,xslF345X02/del1169.xml,CIK0000012927-submissions-002.json
2005-12-12,4,0001137638-05-000664,2005-12-08,xslF345X02/car1168.xml,CIK0000012927-submissions-002.json
2005-12-12,4,0001137638-05-000663,2005-12-08,xslF345X02/bel1167.xml,CIK0000012927-submissions-002.json
2005-12-12,4,0001137638-05-000662,2005-12-08,xslF345X02/bai1166.xml,CIK0000012927-submissions-002.json
2005-12-12,4,0001137638-05-000660,2005-12-08,xslF345X02/alb1165.xml,CIK0000012927-submissions-002.json
2005-12-12,4/A,0001137638-05-000671,2005-07-28,xslF345X02/mul1179.xml,CIK0000012927-submissions-002.json
2005-12-12,4/A,0001137638-05-000668,2005-07-28,xslF345X02/koe1178.xml,CIK0000012927-submissions-002.json
2005-12-12,4/A,0001137638-05-000661,2005-07-28,xslF345X02/alb1177.xml,CIK0000012927-submissions-002.json
2005-12-16,4,0001137638-05-000683,2005-12-15,xslF345X02/soo1180.xml,CIK0000012927-submissions-002.json
2005-12-20,4,0001137638-05-000703,2005-12-19,xslF345X02/ste1193.xml,CIK0000012927-submissions-002.json
2005-12-20,4,0001137638-05-000702,2005-12-19,xslF345X02/soo1192.xml,CIK0000012927-submissions-002.json
2005-12-20,4,0001137638-05-000701,2005-12-19,xslF345X02/pic1191.xml,CIK0000012927-submissions-002.json
2005-12-20,4,0001137638-05-000700,2005-12-19,xslF345X02/mul1190.xml,CIK0000012927-submissions-002.json
2005-12-20,4,0001137638-05-000699,2005-12-19,xslF345X02/mcg1189.xml,CIK0000012927-submissions-002.json
2005-12-20,4,0001137638-05-000698,2005-12-19,xslF345X02/koe1188.xml,CIK0000012927-submissions-002.json
2005-12-20,4,0001137638-05-000697,2005-12-19,xslF345X02/jam1187.xml,CIK0000012927-submissions-002.json
2005-12-20,4,0001137638-05-000696,2005-12-19,xslF345X02/hul1186.xml,CIK0000012927-submissions-002.json
2005-12-20,4,0001137638-05-000695,2005-12-19,xslF345X02/del1185.xml,CIK0000012927-submissions-002.json
2005-12-20,4,0001137638-05-000694,2005-12-19,xslF345X02/car1184.xml,CIK0000012927-submissions-002.json
2005-12-20,4,0001137638-05-000693,2005-12-19,xslF345X02/bel1183.xml,CIK0000012927-submissions-002.json
2005-12-20,4,0001137638-05-000692,2005-12-19,xslF345X02/bai1182.xml,CIK0000012927-submissions-002.json
2005-12-20,4,0001137638-05-000691,2005-12-19,xslF345X02/alb1181.xml,CIK0000012927-submissions-002.json
2005-12-30,UPLOAD,0000000000-05-064620,,filename1.txt,CIK0000012927-submissions-002.json
2006-01-03,4,0001137638-06-000002,2005-12-29,xslF345X02/soo1194.xml,CIK0000012927-submissions-002.json
2006-01-04,4,0001137638-06-000016,2006-01-03,xslF345X02/zaf1196.xml,CIK0000012927-submissions-002.json
2006-01-04,4,0001137638-06-000015,2006-01-03,xslF345X02/sha1197.xml,CIK0000012927-submissions-002.json
2006-01-04,4,0001137638-06-000014,2006-01-03,xslF345X02/rid1198.xml,CIK0000012927-submissions-002.json
2006-01-04,4,0001137638-06-000013,2006-01-03,xslF345X02/nan1203.xml,CIK0000012927-submissions-002.json
2006-01-04,4,0001137638-06-000012,2006-01-03,xslF345X02/mcd1200.xml,CIK0000012927-submissions-002.json
2006-01-04,4,0001137638-06-000011,2006-01-03,xslF345X02/dub1195.xml,CIK0000012927-submissions-002.json
2006-01-04,4,0001137638-06-000010,2006-01-03,xslF345X02/coo1201.xml,CIK0000012927-submissions-002.json
2006-01-04,4,0001137638-06-000009,2006-01-03,xslF345X02/bry1202.xml,CIK0000012927-submissions-002.json
2006-01-04,4,0001137638-06-000008,2006-01-03,xslF345X02/big1199.xml,CIK0000012927-submissions-002.json
2006-01-13,4,0001137638-06-000040,2006-01-03,xslF345X02/mcn1218.xml,CIK0000012927-submissions-001.json
2006-01-13,4/A,0001137638-06-000044,2005-12-19,xslF345X02/ste1216.xml,CIK0000012927-submissions-001.json
2006-01-13,4/A,0001137638-06-000043,2005-12-19,xslF345X02/soo1217.xml,CIK0000012927-submissions-001.json
2006-01-13,4/A,0001137638-06-000042,2005-12-19,xslF345X02/pic1214.xml,CIK0000012927-submissions-001.json
2006-01-13,4/A,0001137638-06-000041,2005-12-19,xslF345X02/mul1213.xml,CIK0000012927-submissions-001.json
2006-01-13,4/A,0001137638-06-000039,2005-12-19,xslF345X02/mcg1212.xml,CIK0000012927-submissions-001.json
2006-01-13,4/A,0001137638-06-000038,2005-12-19,xslF345X02/koe1211.xml,CIK0000012927-submissions-001.json
2006-01-13,4/A,0001137638-06-000037,2005-12-19,xslF345X02/jam1210.xml,CIK0000012927-submissions-001.json
2006-01-13,4/A,0001137638-06-000036,2005-12-19,xslF345X02/hul1209.xml,CIK0000012927-submissions-001.json
2006-01-13,4/A,0001137638-06-000035,2005-12-19,xslF345X02/del1208.xml,CIK0000012927-submissions-001.json
2006-01-13,4/A,0001137638-06-000034,2005-12-19,xslF345X02/car1206.xml,CIK0000012927-submissions-001.json
2006-01-13,4/A,0001137638-06-000033,2005-12-19,xslF345X02/bel1207.xml,CIK0000012927-submissions-001.json
2006-01-13,4/A,0001137638-06-000032,2005-12-19,xslF345X02/bai1205.xml,CIK0000012927-submissions-001.json
2006-01-13,4/A,0001137638-06-000031,2005-12-19,xslF345X02/alb1204.xml,CIK0000012927-submissions-001.json
2006-02-01,8-K,0001193125-06-016906,2006-02-01,d8k.htm,CIK0000012927-submissions-001.json
2006-02-02,8-K,0001193125-06-017772,2006-02-01,d8k.htm,CIK0000012927-submissions-001.json
2006-02-03,CORRESP,0001193125-06-019814,,filename1.htm,CIK0000012927-submissions-001.json
2006-02-03,NO ACT,9999999997-06-008970,2005-12-15,9999999997-06-008970.paper,CIK0000012927-submissions-001.json
2006-02-06,4,0001137638-06-000061,2006-02-06,xslF345X02/jam1220.xml,CIK0000012927-submissions-001.json
2006-02-07,4,0001137638-06-000063,2006-02-07,xslF345X02/del1222.xml,CIK0000012927-submissions-001.json
2006-02-08,4,0001137638-06-000084,2006-02-08,xslF345X02/soo1223.xml,CIK0000012927-submissions-001.json
2006-02-08,5,0001137638-06-000083,2005-12-31,xslF345X02/mcd1221.xml,CIK0000012927-submissions-001.json
2006-02-08,5,0001137638-06-000082,2005-12-31,xslF345X02/koe1219.xml,CIK0000012927-submissions-001.json
2006-02-09,4,0001137638-06-000085,2006-02-09,xslF345X02/del1224.xml,CIK0000012927-submissions-001.json
2006-02-10,4,0001137638-06-000088,2006-02-10,xslF345X02/rid1225.xml,CIK0000012927-submissions-001.json
2006-02-10,SC 13G/A,0000017283-06-000098,,edgba.txt,CIK0000012927-submissions-001.json
2006-02-13,SC 13G,0000093748-06-000008,,boeing05.txt,CIK0000012927-submissions-001.json
2006-02-17,4,0001137638-06-000115,2006-02-17,xslF345X02/bry1227.xml,CIK0000012927-submissions-001.json
2006-02-17,4,0001137638-06-000112,2006-02-14,xslF345X02/mul1226.xml,CIK0000012927-submissions-001.json
2006-02-21,4,0001137638-06-000116,2006-02-13,xslF345X02/car1230.xml,CIK0000012927-submissions-001.json
2006-02-28,10-K,0001193125-06-040952,2005-12-31,d10k.htm,CIK0000012927-submissions-001.json
2006-02-28,UPLOAD,0000000000-06-010213,,filename1.txt,CIK0000012927-submissions-001.json
2006-03-01,4,0001137638-06-000135,2006-02-27,xslF345X02/ste1244.xml,CIK0000012927-submissions-001.json
2006-03-01,4,0001137638-06-000134,2006-02-27,xslF345X02/soo1243.xml,CIK0000012927-submissions-001.json
2006-03-01,4,0001137638-06-000133,2006-02-27,xslF345X02/mul1242.xml,CIK0000012927-submissions-001.json
2006-03-01,4,0001137638-06-000132,2006-02-27,xslF345X02/mcn1241.xml,CIK0000012927-submissions-001.json
2006-03-01,4,0001137638-06-000131,2006-02-27,xslF345X02/mcg1245.xml,CIK0000012927-submissions-001.json
2006-03-01,4,0001137638-06-000130,2006-02-27,xslF345X02/koe1240.xml,CIK0000012927-submissions-001.json
2006-03-01,4,0001137638-06-000129,2006-02-27,xslF345X02/jam1239.xml,CIK0000012927-submissions-001.json
2006-03-01,4,0001137638-06-000128,2006-02-27,xslF345X02/hul1238.xml,CIK0000012927-submissions-001.json
2006-03-01,4,0001137638-06-000127,2006-02-27,xslF345X02/car1237.xml,CIK0000012927-submissions-001.json
2006-03-01,4,0001137638-06-000126,2006-02-27,xslF345X02/bel1236.xml,CIK0000012927-submissions-001.json
2006-03-01,4,0001137638-06-000125,2006-02-27,xslF345X02/bai1235.xml,CIK0000012927-submissions-001.json
2006-03-01,4,0001137638-06-000124,2006-02-27,xslF345X02/alb1234.xml,CIK0000012927-submissions-001.json
2006-03-02,8-K,0001193125-06-043962,2006-02-26,d8k.htm,CIK0000012927-submissions-001.json
2006-03-03,4,0001137638-06-000153,2006-03-01,xslF345X02/ste1257.xml,CIK0000012927-submissions-001.json
2006-03-03,4,0001137638-06-000152,2006-03-01,xslF345X02/soo1256.xml,CIK0000012927-submissions-001.json
2006-03-03,4,0001137638-06-000151,2006-02-27,xslF345X02/pic1258.xml,CIK0000012927-submissions-001.json
2006-03-03,4,0001137638-06-000150,2006-03-01,xslF345X02/mul1254.xml,CIK0000012927-submissions-001.json
2006-03-03,4,0001137638-06-000149,2006-03-01,xslF345X02/mcg1253.xml,CIK0000012927-submissions-001.json
2006-03-03,4,0001137638-06-000148,2006-03-01,xslF345X02/koe1252.xml,CIK0000012927-submissions-001.json
2006-03-03,4,0001137638-06-000147,2006-03-01,xslF345X02/jam1251.xml,CIK0000012927-submissions-001.json
2006-03-03,4,0001137638-06-000146,2006-02-27,xslF345X02/del1250.xml,CIK0000012927-submissions-001.json
2006-03-03,4,0001137638-06-000145,2006-03-01,xslF345X02/car1249.xml,CIK0000012927-submissions-001.json
2006-03-03,4,0001137638-06-000144,2006-03-01,xslF345X02/bel1248.xml,CIK0000012927-submissions-001.json
2006-03-03,4,0001137638-06-000143,2006-03-01,xslF345X02/bai1247.xml,CIK0000012927-submissions-001.json
2006-03-03,4,0001137638-06-000142,2006-03-01,xslF345X02/alb1246.xml,CIK0000012927-submissions-001.json
2006-03-03,8-K,0001193125-06-045153,2006-02-27,d8k.htm,CIK0000012927-submissions-001.json
2006-03-06,PRE 14A,0001193125-06-046241,2006-05-01,dpre14a.htm,CIK0000012927-submissions-001.json
2006-03-07,3,0001137638-06-000156,2006-02-26,xslF345X02/dal1231.xml,CIK0000012927-submissions-001.json
2006-03-09,4,0001137638-06-000178,2006-03-07,xslF345X02/ste1271.xml,CIK0000012927-submissions-001.json
2006-03-09,4,0001137638-06-000177,2006-03-07,xslF345X02/soo1270.xml,CIK0000012927-submissions-001.json
2006-03-09,4,0001137638-06-000176,2006-03-07,xslF345X02/pic1269.xml,CIK0000012927-submissions-001.json
2006-03-09,4,0001137638-06-000175,2006-03-07,xslF345X02/mul1268.xml,CIK0000012927-submissions-001.json
2006-03-09,4,0001137638-06-000174,2006-03-07,xslF345X02/mcg1267.xml,CIK0000012927-submissions-001.json
2006-03-09,4,0001137638-06-000173,2006-03-07,xslF345X02/koe1266.xml,CIK0000012927-submissions-001.json
2006-03-09,4,0001137638-06-000172,2006-03-07,xslF345X02/jam1265.xml,CIK0000012927-submissions-001.json
2006-03-09,4,0001137638-06-000171,2006-03-07,xslF345X02/del1263.xml,CIK0000012927-submissions-001.json
2006-03-09,4,0001137638-06-000170,2006-03-07,xslF345X02/car1262.xml,CIK0000012927-submissions-001.json
2006-03-09,4,0001137638-06-000169,2006-03-07,xslF345X02/bel1272.xml,CIK0000012927-submissions-001.json
2006-03-09,4,0001137638-06-000168,2006-03-07,xslF345X02/bai1260.xml,CIK0000012927-submissions-001.json
2006-03-09,4,0001137638-06-000167,2006-03-07,xslF345X02/alb1259.xml,CIK0000012927-submissions-001.json
2006-03-10,4,0001137638-06-000191,2006-03-10,xslF345X02/ste1285.xml,CIK0000012927-submissions-001.json
2006-03-10,4,0001137638-06-000190,2006-03-10,xslF345X02/soo1284.xml,CIK0000012927-submissions-001.json
2006-03-10,4,0001137638-06-000189,2006-03-10,xslF345X02/pic1283.xml,CIK0000012927-submissions-001.json
2006-03-10,4,0001137638-06-000188,2006-03-10,xslF345X02/mul1282.xml,CIK0000012927-submissions-001.json
2006-03-10,4,0001137638-06-000187,2006-03-10,xslF345X02/mcg1281.xml,CIK0000012927-submissions-001.json
2006-03-10,4,0001137638-06-000186,2006-03-10,xslF345X02/koe1280.xml,CIK0000012927-submissions-001.json
2006-03-10,4,0001137638-06-000185,2006-03-10,xslF345X02/jam1279.xml,CIK0000012927-submissions-001.json
2006-03-10,4,0001137638-06-000184,2006-03-10,xslF345X02/hul1278.xml,CIK0000012927-submissions-001.json
2006-03-10,4,0001137638-06-000183,2006-03-10,xslF345X02/del1277.xml,CIK0000012927-submissions-001.json
2006-03-10,4,0001137638-06-000182,2006-03-10,xslF345X02/car1276.xml,CIK0000012927-submissions-001.json
2006-03-10,4,0001137638-06-000181,2006-03-10,xslF345X02/bel1275.xml,CIK0000012927-submissions-001.json
2006-03-10,4,0001137638-06-000180,2006-03-10,xslF345X02/bai1274.xml,CIK0000012927-submissions-001.json
2006-03-10,4,0001137638-06-000179,2006-03-10,xslF345X02/alb1273.xml,CIK0000012927-submissions-001.json
2006-03-14,NO ACT,9999999997-06-012328,2006-03-10,9999999997-06-012328.paper,CIK0000012927-submissions-001.json
2006-03-15,NO ACT,9999999997-07-003395,2006-03-08,9999999997-07-003395.paper,CIK0000012927-submissions-001.json
2006-03-21,4,0001137638-06-000230,2006-03-17,xslF345X02/ste1298.xml,CIK0000012927-submissions-001.json
2006-03-21,4,0001137638-06-000229,2006-03-17,xslF345X02/soo1297.xml,CIK0000012927-submissions-001.json
2006-03-21,4,0001137638-06-000228,2006-03-17,xslF345X02/pic1296.xml,CIK0000012927-submissions-001.json
2006-03-21,4,0001137638-06-000227,2006-03-17,xslF345X02/mul1295.xml,CIK0000012927-submissions-001.json
2006-03-21,4,0001137638-06-000226,2006-03-17,xslF345X02/mcg1294.xml,CIK0000012927-submissions-001.json
2006-03-21,4,0001137638-06-000225,2006-03-17,xslF345X02/koe1293.xml,CIK0000012927-submissions-001.json
2006-03-21,4,0001137638-06-000224,2006-03-17,xslF345X02/jam1292.xml,CIK0000012927-submissions-001.json
2006-03-21,4,0001137638-06-000223,2006-03-17,xslF345X02/hul1291.xml,CIK0000012927-submissions-001.json
2006-03-21,4,0001137638-06-000222,2006-03-17,xslF345X02/del1290.xml,CIK0000012927-submissions-001.json
2006-03-21,4,0001137638-06-000221,2006-03-17,xslF345X02/car1289.xml,CIK0000012927-submissions-001.json
2006-03-21,4,0001137638-06-000220,2006-03-17,xslF345X02/bel1288.xml,CIK0000012927-submissions-001.json
2006-03-21,4,0001137638-06-000219,2006-03-17,xslF345X02/bai1287.xml,CIK0000012927-submissions-001.json
2006-03-21,4,0001137638-06-000218,2006-03-17,xslF345X02/alb1286.xml,CIK0000012927-submissions-001.json
2006-03-23,4,0001137638-06-000246,2006-03-21,xslF345X02/ste1311.xml,CIK0000012927-submissions-001.json
2006-03-23,4,0001137638-06-000245,2006-03-21,xslF345X02/soo1310.xml,CIK0000012927-submissions-001.json
2006-03-23,4,0001137638-06-000244,2006-03-21,xslF345X02/pic1309.xml,CIK0000012927-submissions-001.json
2006-03-23,4,0001137638-06-000243,2006-03-21,xslF345X02/mul1308.xml,CIK0000012927-submissions-001.json
2006-03-23,4,0001137638-06-000242,2006-03-21,xslF345X02/mcg1307.xml,CIK0000012927-submissions-001.json
2006-03-23,4,0001137638-06-000241,2006-03-21,xslF345X02/koe1306.xml,CIK0000012927-submissions-001.json
2006-03-23,4,0001137638-06-000240,2006-03-21,xslF345X02/jam1305.xml,CIK0000012927-submissions-001.json
2006-03-23,4,0001137638-06-000239,2006-03-21,xslF345X02/hul1304.xml,CIK0000012927-submissions-001.json
2006-03-23,4,0001137638-06-000238,2006-03-21,xslF345X02/del1303.xml,CIK0000012927-submissions-001.json
2006-03-23,4,0001137638-06-000237,2006-03-21,xslF345X02/car1302.xml,CIK0000012927-submissions-001.json
2006-03-23,4,0001137638-06-000236,2006-03-21,xslF345X02/bel1301.xml,CIK0000012927-submissions-001.json
2006-03-23,4,0001137638-06-000235,2006-03-21,xslF345X02/bai1300.xml,CIK0000012927-submissions-001.json
2006-03-23,4,0001137638-06-000234,2006-03-21,xslF345X02/alb1320.xml,CIK0000012927-submissions-001.json
2006-03-24,DEF 14A,0001193125-06-062746,2006-05-01,ddef14a.htm,CIK0000012927-submissions-001.json
2006-03-27,ARS,9999999997-06-011586,2005-12-31,9999999997-06-011586.paper,CIK0000012927-submissions-001.json
2006-03-30,4,0001137638-06-000265,2006-03-28,xslF345X02/ste1332.xml,CIK0000012927-submissions-001.json
2006-03-30,4,0001137638-06-000264,2006-03-28,xslF345X02/soo1331.xml,CIK0000012927-submissions-001.json
2006-03-30,4,0001137638-06-000263,2006-03-28,xslF345X02/pic1330.xml,CIK0000012927-submissions-001.json
2006-03-30,4,0001137638-06-000262,2006-03-28,xslF345X02/mul1329.xml,CIK0000012927-submissions-001.json
2006-03-30,4,0001137638-06-000261,2006-03-28,xslF345X02/mcg1328.xml,CIK0000012927-submissions-001.json
2006-03-30,4,0001137638-06-000260,2006-03-28,xslF345X02/koe1327.xml,CIK0000012927-submissions-001.json
2006-03-30,4,0001137638-06-000259,2006-03-28,xslF345X02/jam1326.xml,CIK0000012927-submissions-001.json
2006-03-30,4,0001137638-06-000258,2006-03-28,xslF345X02/del1325.xml,CIK0000012927-submissions-001.json
2006-03-30,4,0001137638-06-000257,2006-03-28,xslF345X02/car1324.xml,CIK0000012927-submissions-001.json
2006-03-30,4,0001137638-06-000256,2006-03-28,xslF345X02/bel1323.xml,CIK0000012927-submissions-001.json
2006-03-30,4,0001137638-06-000255,2006-03-28,xslF345X02/bai1322.xml,CIK0000012927-submissions-001.json
2006-03-30,4,0001137638-06-000254,2006-03-28,xslF345X02/alb1321.xml,CIK0000012927-submissions-001.json
2006-04-03,DEFA14A,0001193125-06-071726,,ddefa14a.htm,CIK0000012927-submissions-001.json
2006-04-05,4,0001137638-06-000296,2006-04-03,xslF345X02/zaf1334.xml,CIK0000012927-submissions-001.json
2006-04-05,4,0001137638-06-000295,2006-04-03,xslF345X02/sha1335.xml,CIK0000012927-submissions-001.json
2006-04-05,4,0001137638-06-000294,2006-04-03,xslF345X02/rid1337.xml,CIK0000012927-submissions-001.json
2006-04-05,4,0001137638-06-000293,2006-04-03,xslF345X02/nan1342.xml,CIK0000012927-submissions-001.json
2006-04-05,4,0001137638-06-000292,2006-04-03,xslF345X02/mcd1339.xml,CIK0000012927-submissions-001.json
2006-04-05,4,0001137638-06-000291,2006-04-03,xslF345X02/dub1333.xml,CIK0000012927-submissions-001.json
2006-04-05,4,0001137638-06-000290,2006-04-03,xslF345X02/dal1336.xml,CIK0000012927-submissions-001.json
2006-04-05,4,0001137638-06-000289,2006-04-03,xslF345X02/coo1340.xml,CIK0000012927-submissions-001.json
2006-04-05,4,0001137638-06-000288,2006-04-03,xslF345X02/bry1341.xml,CIK0000012927-submissions-001.json
2006-04-05,4,0001137638-06-000287,2006-04-03,xslF345X02/big1338.xml,CIK0000012927-submissions-001.json
2006-04-13,4,0001137638-06-000312,2006-04-11,xslF345X02/ste1357.xml,CIK0000012927-submissions-001.json
2006-04-13,4,0001137638-06-000311,2006-04-11,xslF345X02/soo1356.xml,CIK0000012927-submissions-001.json
2006-04-13,4,0001137638-06-000310,2006-04-11,xslF345X02/pic1354.xml,CIK0000012927-submissions-001.json
2006-04-13,4,0001137638-06-000309,2006-04-11,xslF345X02/mul1353.xml,CIK0000012927-submissions-001.json
2006-04-13,4,0001137638-06-000308,2006-04-11,xslF345X02/mcg1352.xml,CIK0000012927-submissions-001.json
2006-04-13,4,0001137638-06-000307,2006-04-11,xslF345X02/koe1351.xml,CIK0000012927-submissions-001.json
2006-04-13,4,0001137638-06-000306,2006-04-11,xslF345X02/jam1350.xml,CIK0000012927-submissions-001.json
2006-04-13,4,0001137638-06-000305,2006-04-11,xslF345X02/hul1349.xml,CIK0000012927-submissions-001.json
2006-04-13,4,0001137638-06-000304,2006-04-11,xslF345X02/del1348.xml,CIK0000012927-submissions-001.json
2006-04-13,4,0001137638-06-000303,2006-04-11,xslF345X02/car1359.xml,CIK0000012927-submissions-001.json
2006-04-13,4,0001137638-06-000302,2006-04-11,xslF345X02/bel1345.xml,CIK0000012927-submissions-001.json
2006-04-13,4,0001137638-06-000301,2006-04-11,xslF345X02/bai1344.xml,CIK0000012927-submissions-001.json
2006-04-13,4,0001137638-06-000300,2006-04-11,xslF345X02/alb1343.xml,CIK0000012927-submissions-001.json
2006-04-19,4,0001137638-06-000326,2006-04-17,xslF345X02/ste1371.xml,CIK0000012927-submissions-001.json
2006-04-19,4,0001137638-06-000325,2006-04-17,xslF345X02/soo1373.xml,CIK0000012927-submissions-001.json
2006-04-19,4,0001137638-06-000324,2006-04-17,xslF345X02/pic1376.xml,CIK0000012927-submissions-001.json
2006-04-19,4,0001137638-06-000323,2006-04-17,xslF345X02/mul1368.xml,CIK0000012927-submissions-001.json
2006-04-19,4,0001137638-06-000322,2006-04-17,xslF345X02/mcg1367.xml,CIK0000012927-submissions-001.json
2006-04-19,4,0001137638-06-000321,2006-04-17,xslF345X02/koe1366.xml,CIK0000012927-submissions-001.json
2006-04-19,4,0001137638-06-000320,2006-04-17,xslF345X02/jam1365.xml,CIK0000012927-submissions-001.json
2006-04-19,4,0001137638-06-000319,2006-04-17,xslF345X02/del1364.xml,CIK0000012927-submissions-001.json
2006-04-19,4,0001137638-06-000318,2006-04-17,xslF345X02/car1375.xml,CIK0000012927-submissions-001.json
2006-04-19,4,0001137638-06-000317,2006-04-17,xslF345X02/bel1362.xml,CIK0000012927-submissions-001.json
2006-04-19,4,0001137638-06-000316,2006-04-17,xslF345X02/bai1374.xml,CIK0000012927-submissions-001.json
2006-04-19,4,0001137638-06-000315,2006-04-17,xslF345X02/alb1360.xml,CIK0000012927-submissions-001.json
2006-04-21,4,0001137638-06-000341,2006-04-19,xslF345X02/ste1392.xml,CIK0000012927-submissions-001.json
2006-04-21,4,0001137638-06-000340,2006-04-19,xslF345X02/soo1391.xml,CIK0000012927-submissions-001.json
2006-04-21,4,0001137638-06-000339,2006-04-19,xslF345X02/pic1389.xml,CIK0000012927-submissions-001.json
2006-04-21,4,0001137638-06-000338,2006-04-19,xslF345X02/mul1388.xml,CIK0000012927-submissions-001.json
2006-04-21,4,0001137638-06-000337,2006-04-19,xslF345X02/mcg1387.xml,CIK0000012927-submissions-001.json
2006-04-21,4,0001137638-06-000336,2006-04-19,xslF345X02/koe1386.xml,CIK0000012927-submissions-001.json
2006-04-21,4,0001137638-06-000335,2006-04-19,xslF345X02/jam1385.xml,CIK0000012927-submissions-001.json
2006-04-21,4,0001137638-06-000334,2006-04-19,xslF345X02/hul1384.xml,CIK0000012927-submissions-001.json
2006-04-21,4,0001137638-06-000333,2006-04-19,xslF345X02/del1383.xml,CIK0000012927-submissions-001.json
2006-04-21,4,0001137638-06-000332,2006-04-19,xslF345X02/car1382.xml,CIK0000012927-submissions-001.json
2006-04-21,4,0001137638-06-000331,2006-04-19,xslF345X02/bel1379.xml,CIK0000012927-submissions-001.json
2006-04-21,4,0001137638-06-000330,2006-04-19,xslF345X02/bai1378.xml,CIK0000012927-submissions-001.json
2006-04-21,4,0001137638-06-000329,2006-04-19,xslF345X02/alb1377.xml,CIK0000012927-submissions-001.json
2006-04-26,10-Q,0001193125-06-089258,2006-03-31,d10q.htm,CIK0000012927-submissions-001.json
2006-04-26,8-K,0001193125-06-088783,2006-04-26,d8k.htm,CIK0000012927-submissions-001.json
2006-05-01,DEFA14A,0001193125-06-095424,,ddefa14a.htm,CIK0000012927-submissions-001.json
2006-05-04,3,0001137638-06-000360,2006-05-01,xslF345X02/hil1401.xml,CIK0000012927-submissions-001.json
2006-05-04,4,0001137638-06-000367,2006-05-02,xslF345X02/soo1410.xml,CIK0000012927-submissions-001.json
2006-05-04,4,0001137638-06-000368,2006-05-02,xslF345X02/ste1409.xml,CIK0000012927-submissions-001.json
2006-05-04,4,0001137638-06-000366,2006-05-02,xslF345X02/mul1407.xml,CIK0000012927-submissions-001.json
2006-05-04,4,0001137638-06-000365,2006-05-02,xslF345X02/mcg1406.xml,CIK0000012927-submissions-001.json
2006-05-04,4,0001137638-06-000364,2006-05-02,xslF345X02/koe1405.xml,CIK0000012927-submissions-001.json
2006-05-04,4,0001137638-06-000363,2006-05-02,xslF345X02/jam1404.xml,CIK0000012927-submissions-001.json
2006-05-04,4,0001137638-06-000362,2006-05-02,xslF345X02/hul1403.xml,CIK0000012927-submissions-001.json
2006-05-04,4,0001137638-06-000361,2006-05-02,xslF345X02/hil1402.xml,CIK0000012927-submissions-001.json
2006-05-04,4,0001137638-06-000359,2006-05-02,xslF345X02/del1400.xml,CIK0000012927-submissions-001.json
2006-05-04,4,0001137638-06-000358,2006-05-02,xslF345X02/car1397.xml,CIK0000012927-submissions-001.json
2006-05-04,4,0001137638-06-000357,2006-05-02,xslF345X02/bel1396.xml,CIK0000012927-submissions-001.json
2006-05-04,4,0001137638-06-000356,2006-05-02,xslF345X02/bai1395.xml,CIK0000012927-submissions-001.json
2006-05-04,4,0001137638-06-000355,2006-05-02,xslF345X02/alb1394.xml,CIK0000012927-submissions-001.json
2006-05-04,8-K,0001193125-06-100556,2006-04-30,d8k.htm,CIK0000012927-submissions-001.json
2006-05-04,DEFA14A,0001193125-06-100557,,d8k.htm,CIK0000012927-submissions-001.json
2006-05-05,8-K,0001193125-06-102223,2006-05-01,d8k.htm,CIK0000012927-submissions-001.json
2006-05-08,4,0001137638-06-000372,2006-05-04,xslF345X02/soo1418.xml,CIK0000012927-submissions-001.json
2006-05-08,4,0001137638-06-000371,2006-05-04,xslF345X02/bel1412.xml,CIK0000012927-submissions-001.json
2006-05-08,4,0001137638-06-000370,2006-05-04,xslF345X02/bai1417.xml,CIK0000012927-submissions-001.json
2006-05-08,4,0001137638-06-000369,2006-05-04,xslF345X02/alb1411.xml,CIK0000012927-submissions-001.json
2006-05-09,3/A,0001137638-06-000376,2006-05-01,xslF345X02/hil1422.xml,CIK0000012927-submissions-001.json
2006-05-09,3/A,0001137638-06-000373,2006-05-01,xslF345X02/hil1415.xml,CIK0000012927-submissions-001.json
2006-05-09,4,0001137638-06-000378,2006-05-05,xslF345X02/hil1425.xml,CIK0000012927-submissions-001.json
2006-05-09,4,0001137638-06-000377,2006-05-05,xslF345X02/alb1419.xml,CIK0000012927-submissions-001.json
2006-05-10,4,0001137638-06-000380,2006-05-08,xslF345X02/mcg1426.xml,CIK0000012927-submissions-001.json
2006-05-10,4,0001137638-06-000379,2006-05-08,xslF345X02/jam1423.xml,CIK0000012927-submissions-001.json
2006-05-12,4,0001137638-06-000395,2006-05-10,xslF345X02/ste1439.xml,CIK0000012927-submissions-001.json
2006-05-12,4,0001137638-06-000394,2006-05-10,xslF345X02/soo1438.xml,CIK0000012927-submissions-001.json
2006-05-12,4,0001137638-06-000393,2006-05-10,xslF345X02/mul1437.xml,CIK0000012927-submissions-001.json
2006-05-12,4,0001137638-06-000392,2006-05-10,xslF345X02/mcg1436.xml,CIK0000012927-submissions-001.json
2006-05-12,4,0001137638-06-000391,2006-05-10,xslF345X02/koe1435.xml,CIK0000012927-submissions-001.json
2006-05-12,4,0001137638-06-000390,2006-05-10,xslF345X02/jam1434.xml,CIK0000012927-submissions-001.json
2006-05-12,4,0001137638-06-000389,2006-05-10,xslF345X02/hul1443.xml,CIK0000012927-submissions-001.json
2006-05-12,4,0001137638-06-000388,2006-05-10,xslF345X02/hil1432.xml,CIK0000012927-submissions-001.json
2006-05-12,4,0001137638-06-000387,2006-05-10,xslF345X02/del1431.xml,CIK0000012927-submissions-001.json
2006-05-12,4,0001137638-06-000386,2006-05-10,xslF345X02/car1430.xml,CIK0000012927-submissions-001.json
2006-05-12,4,0001137638-06-000385,2006-05-10,xslF345X02/bel1429.xml,CIK0000012927-submissions-001.json
2006-05-12,4,0001137638-06-000384,2006-05-10,xslF345X02/bai1446.xml,CIK0000012927-submissions-001.json
2006-05-12,4,0001137638-06-000383,2006-05-10,xslF345X02/alb1444.xml,CIK0000012927-submissions-001.json
2006-05-15,3,0001137638-06-000406,2006-05-11,xslF345X02/lut1447.xml,CIK0000012927-submissions-001.json
2006-05-15,4,0001137638-06-000407,2006-05-11,xslF345X02/lut1449.xml,CIK0000012927-submissions-001.json
2006-05-25,4,0001137638-06-000421,2006-05-23,xslF345X02/ste1450.xml,CIK0000012927-submissions-001.json
2006-06-27,8-K,0001193125-06-136943,2006-06-27,d8k.htm,CIK0000012927-submissions-001.json
2006-06-28,11-K,0001193125-06-138276,2005-12-31,d11k.htm,CIK0000012927-submissions-001.json
2006-06-28,11-K,0001193125-06-138269,2005-12-31,d11k.htm,CIK0000012927-submissions-001.json
2006-06-30,8-K,0001193125-06-140805,2006-06-26,d8k.htm,CIK0000012927-submissions-001.json
2006-07-06,4,0001137638-06-000517,2006-07-03,xslF345X02/zaf1460.xml,CIK0000012927-submissions-001.json
2006-07-06,4,0001137638-06-000516,2006-07-03,xslF345X02/rid1459.xml,CIK0000012927-submissions-001.json
2006-07-06,4,0001137638-06-000515,2006-07-03,xslF345X02/nan1458.xml,CIK0000012927-submissions-001.json
2006-07-06,4,0001137638-06-000514,2006-05-10,xslF345X02/mcn1451.xml,CIK0000012927-submissions-001.json
2006-07-06,4,0001137638-06-000513,2006-07-03,xslF345X02/mcd1457.xml,CIK0000012927-submissions-001.json
2006-07-06,4,0001137638-06-000512,2006-07-03,xslF345X02/dub1456.xml,CIK0000012927-submissions-001.json
2006-07-06,4,0001137638-06-000511,2006-07-03,xslF345X02/dal1455.xml,CIK0000012927-submissions-001.json
2006-07-06,4,0001137638-06-000510,2006-07-03,xslF345X02/coo1461.xml,CIK0000012927-submissions-001.json
2006-07-06,4,0001137638-06-000509,2006-07-03,xslF345X02/bry1453.xml,CIK0000012927-submissions-001.json
2006-07-06,4,0001137638-06-000508,2006-07-03,xslF345X02/big1452.xml,CIK0000012927-submissions-001.json
2006-07-26,10-Q,0001193125-06-153564,2006-06-30,d10q.htm,CIK0000012927-submissions-001.json
2006-07-26,8-K,0001193125-06-153284,2006-07-26,d8k.htm,CIK0000012927-submissions-001.json
2006-08-03,4,0001137638-06-000524,2006-08-02,xslF345X02/dal1462.xml,CIK0000012927-submissions-001.json
2006-08-21,S-8 POS,0001193125-06-177037,,ds8pos.htm,CIK0000012927-submissions-001.json
2006-08-22,8-K,0001193125-06-177709,2006-08-16,d8k.htm,CIK0000012927-submissions-001.json
2006-09-14,4,0001137638-06-000542,2006-09-12,xslF345X02/jam1466.xml,CIK0000012927-submissions-001.json
2006-09-14,4,0001137638-06-000541,2006-09-12,xslF345X02/car1465.xml,CIK0000012927-submissions-001.json
2006-09-25,8-K,0001104659-06-062783,2006-09-20,a06-20169_18k.htm,CIK0000012927-submissions-001.json
2006-09-29,3,0001137638-06-000545,2006-09-21,xslF345X02/tra1468.xml,CIK0000012927-submissions-001.json
2006-10-04,4,0001137638-06-000554,2006-10-02,xslF345X02/zaf1477.xml,CIK0000012927-submissions-001.json
2006-10-04,4,0001137638-06-000553,2006-10-02,xslF345X02/rid1476.xml,CIK0000012927-submissions-001.json
2006-10-04,4,0001137638-06-000552,2006-10-02,xslF345X02/nan1475.xml,CIK0000012927-submissions-001.json
2006-10-04,4,0001137638-06-000551,2006-10-02,xslF345X02/mcd1474.xml,CIK0000012927-submissions-001.json
2006-10-04,4,0001137638-06-000550,2006-10-02,xslF345X02/dub1473.xml,CIK0000012927-submissions-001.json
2006-10-04,4,0001137638-06-000549,2006-10-02,xslF345X02/dal1472.xml,CIK0000012927-submissions-001.json
2006-10-04,4,0001137638-06-000548,2006-10-02,xslF345X02/coo1471.xml,CIK0000012927-submissions-001.json
2006-10-04,4,0001137638-06-000547,2006-10-02,xslF345X02/bry1470.xml,CIK0000012927-submissions-001.json
2006-10-04,4,0001137638-06-000546,2006-10-02,xslF345X02/big1469.xml,CIK0000012927-submissions-001.json
2006-10-25,10-Q,0001193125-06-214506,2006-09-30,d10q.htm,CIK0000012927-submissions-001.json
2006-10-25,8-K,0001193125-06-214277,2006-10-25,d8k.htm,CIK0000012927-submissions-001.json
2006-11-03,4,0001137638-06-000557,2006-11-01,xslF345X02/ste1479.xml,CIK0000012927-submissions-001.json
2006-11-06,4,0001137638-06-000558,2006-11-02,xslF345X02/jam1480.xml,CIK0000012927-submissions-001.json
2006-11-09,4,0001137638-06-000560,2006-11-07,xslF345X02/mcg1482.xml,CIK0000012927-submissions-001.json
2006-11-09,4,0001137638-06-000559,2006-11-07,xslF345X02/koe1481.xml,CIK0000012927-submissions-001.json
2006-11-13,4,0001137638-06-000562,2006-11-08,xslF345X02/soo1484.xml,CIK0000012927-submissions-001.json
2006-11-13,4,0001137638-06-000561,2006-11-08,xslF345X02/alb1483.xml,CIK0000012927-submissions-001.json
2006-11-22,8-K,0001193125-06-240719,2006-11-17,d8k.htm,CIK0000012927-submissions-001.json
2006-12-05,4,0001137638-06-000572,2006-12-01,xslF345X02/hil1532.xml,CIK0000012927-submissions-001.json
2006-12-05,4,0001137638-06-000571,2006-12-01,xslF345X02/tra1510.xml,CIK0000012927-submissions-001.json
2006-12-05,4,0001137638-06-000570,2006-12-01,xslF345X02/ste1515.xml,CIK0000012927-submissions-001.json
2006-12-05,4,0001137638-06-000569,2006-12-01,xslF345X02/soo1512.xml,CIK0000012927-submissions-001.json
2006-12-05,4,0001137638-06-000568,2006-12-01,xslF345X02/mcg1505.xml,CIK0000012927-submissions-001.json
2006-12-05,4,0001137638-06-000567,2006-12-01,xslF345X02/koe1528.xml,CIK0000012927-submissions-001.json
2006-12-05,4,0001137638-06-000566,2006-12-01,xslF345X02/jam1504.xml,CIK0000012927-submissions-001.json
2006-12-05,4,0001137638-06-000565,2006-12-01,xslF345X02/bel1523.xml,CIK0000012927-submissions-001.json
2006-12-05,4,0001137638-06-000564,2006-12-01,xslF345X02/alb1520.xml,CIK0000012927-submissions-001.json
2006-12-05,4,0001137638-06-000563,2006-12-01,xslF345X02/car1514.xml,CIK0000012927-submissions-001.json
2006-12-06,4,0001137638-06-000583,2006-12-04,xslF345X02/tra1542.xml,CIK0000012927-submissions-001.json
2006-12-06,4,0001137638-06-000582,2006-12-04,xslF345X02/ste1550.xml,CIK0000012927-submissions-001.json
2006-12-06,4,0001137638-06-000581,2006-12-04,xslF345X02/soo1554.xml,CIK0000012927-submissions-001.json
2006-12-06,4,0001137638-06-000580,2006-12-04,xslF345X02/mcg1551.xml,CIK0000012927-submissions-001.json
2006-12-06,4,0001137638-06-000579,2006-12-04,xslF345X02/koe1552.xml,CIK0000012927-submissions-001.json
2006-12-06,4,0001137638-06-000578,2006-12-04,xslF345X02/jam1544.xml,CIK0000012927-submissions-001.json
2006-12-06,4,0001137638-06-000577,2006-12-04,xslF345X02/hul1555.xml,CIK0000012927-submissions-001.json
2006-12-06,4,0001137638-06-000576,2006-12-04,xslF345X02/hil1549.xml,CIK0000012927-submissions-001.json
2006-12-06,4,0001137638-06-000575,2006-12-04,xslF345X02/car1535.xml,CIK0000012927-submissions-001.json
2006-12-06,4,0001137638-06-000574,2006-12-04,xslF345X02/bel1548.xml,CIK0000012927-submissions-001.json
2006-12-06,4,0001137638-06-000573,2006-12-04,xslF345X02/alb1556.xml,CIK0000012927-submissions-001.json
2006-12-21,3/A,0001137638-06-000585,2006-09-21,xslF345X02/tra1557.xml,CIK0000012927-submissions-001.json
2006-12-21,3/A,0001137638-06-000584,2006-05-01,xslF345X02/hil1560.xml,CIK0000012927-submissions-001.json
2007-01-05,4,0001137638-07-000010,2007-01-03,xslF345X02/zaf1576.xml,CIK0000012927-submissions-001.json
2007-01-05,4,0001137638-07-000009,2007-01-03,xslF345X02/rid1574.xml,CIK0000012927-submissions-001.json
2007-01-05,4,0001137638-07-000008,2007-01-03,xslF345X02/nan1573.xml,CIK0000012927-submissions-001.json
2007-01-05,4,0001137638-07-000007,2007-01-03,xslF345X02/mcn1577.xml,CIK0000012927-submissions-001.json
2007-01-05,4,0001137638-07-000006,2007-01-03,xslF345X02/mcd1572.xml,CIK0000012927-submissions-001.json
2007-01-05,4,0001137638-07-000005,2007-01-03,xslF345X02/dub1571.xml,CIK0000012927-submissions-001.json
2007-01-05,4,0001137638-07-000004,2007-01-03,xslF345X02/dal1570.xml,CIK0000012927-submissions-001.json
2007-01-05,4,0001137638-07-000003,2007-01-03,xslF345X02/coo1569.xml,CIK0000012927-submissions-001.json
2007-01-05,4,0001137638-07-000002,2007-01-03,xslF345X02/bry1568.xml,CIK0000012927-submissions-001.json
2007-01-05,4,0001137638-07-000001,2007-01-03,xslF345X02/big1567.xml,CIK0000012927-submissions-001.json
2007-01-10,3,0001137638-07-000014,2007-01-01,xslF345X02/dow1578.xml,CIK0000012927-submissions-001.json
2007-01-31,8-K,0001193125-07-016878,2007-01-31,d8k.htm,CIK0000012927-submissions-001.json
2007-02-08,4,0001137638-07-000016,2007-02-06,xslF345X02/koe1580.xml,CIK0000012927-submissions-001.json
2007-02-08,4,0001137638-07-000015,2007-02-06,xslF345X02/bel1579.xml,CIK0000012927-submissions-001.json
2007-02-12,4,0001137638-07-000019,2007-02-08,xslF345X02/soo1584.xml,CIK0000012927-submissions-001.json
2007-02-12,4,0001137638-07-000018,2007-02-08,xslF345X02/rid1587.xml,CIK0000012927-submissions-001.json
2007-02-12,4,0001137638-07-000017,2007-02-08,xslF345X02/koe1589.xml,CIK0000012927-submissions-001.json
2007-02-12,SC 13G,0000093748-07-000037,,boeing06.txt,CIK0000012927-submissions-001.json
2007-02-12,SC 13G/A,0000017283-07-000444,,edgba.txt,CIK0000012927-submissions-001.json
2007-02-13,SC 13G,0000888002-07-000320,,ba1231_g.txt,CIK0000012927-submissions-001.json
2007-02-14,5,0001137638-07-000020,2006-12-31,xslF345X02/mcd1586.xml,CIK0000012927-submissions-001.json
2007-02-15,4,0001137638-07-000022,2007-02-14,xslF345X02/koe1590.xml,CIK0000012927-submissions-001.json
2007-02-15,NO ACT,9999999997-07-010015,2006-12-28,9999999997-07-010015.paper,CIK0000012927-submissions-001.json
2007-02-16,10-K,0001193125-07-033902,2006-12-31,d10k.htm,CIK0000012927-submissions-001.json
2007-02-22,4,0001137638-07-000024,2007-02-20,xslF345X02/mcg1593.xml,CIK0000012927-submissions-001.json
2007-02-22,4,0001137638-07-000023,2007-02-20,xslF345X02/alb1592.xml,CIK0000012927-submissions-001.json
2007-02-22,S-8,0001193125-07-037160,,ds8.htm,CIK0000012927-submissions-001.json
2007-02-28,4,0001137638-07-000038,2007-02-26,xslF345X02/tra1621.xml,CIK0000012927-submissions-001.json
2007-02-28,4,0001137638-07-000037,2007-02-26,xslF345X02/ste1620.xml,CIK0000012927-submissions-001.json
2007-02-28,4,0001137638-07-000036,2007-02-26,xslF345X02/soo1619.xml,CIK0000012927-submissions-001.json
2007-02-28,4,0001137638-07-000035,2007-02-26,xslF345X02/mcn1618.xml,CIK0000012927-submissions-001.json
2007-02-28,4,0001137638-07-000034,2007-02-26,xslF345X02/mcg1617.xml,CIK0000012927-submissions-001.json
2007-02-28,4,0001137638-07-000033,2007-02-26,xslF345X02/lut1616.xml,CIK0000012927-submissions-001.json
2007-02-28,4,0001137638-07-000032,2007-02-26,xslF345X02/koe1615.xml,CIK0000012927-submissions-001.json
2007-02-28,4,0001137638-07-000031,2007-02-26,xslF345X02/jam1614.xml,CIK0000012927-submissions-001.json
2007-02-28,4,0001137638-07-000030,2007-02-26,xslF345X02/hul1613.xml,CIK0000012927-submissions-001.json
2007-02-28,4,0001137638-07-000029,2007-02-26,xslF345X02/hil1612.xml,CIK0000012927-submissions-001.json
2007-02-28,4,0001137638-07-000028,2007-02-26,xslF345X02/dow1611.xml,CIK0000012927-submissions-001.json
2007-02-28,4,0001137638-07-000027,2007-02-26,xslF345X02/car1610.xml,CIK0000012927-submissions-001.json
2007-02-28,4,0001137638-07-000026,2007-02-26,xslF345X02/bel1609.xml,CIK0000012927-submissions-001.json
2007-02-28,4,0001137638-07-000025,2007-02-26,xslF345X02/alb1608.xml,CIK0000012927-submissions-001.json
2007-03-05,8-K,0001193125-07-046463,2007-02-27,d8k.htm,CIK0000012927-submissions-001.json
2007-03-07,3,0001137638-07-000040,2007-02-27,xslF345X02/col1622.xml,CIK0000012927-submissions-001.json
2007-03-07,4,0001137638-07-000052,2007-03-05,xslF345X02/soo1643.xml,CIK0000012927-submissions-001.json
2007-03-07,4,0001137638-07-000051,2007-03-05,xslF345X02/mcg1642.xml,CIK0000012927-submissions-001.json
2007-03-07,4,0001137638-07-000050,2007-03-05,xslF345X02/jam1640.xml,CIK0000012927-submissions-001.json
2007-03-07,4,0001137638-07-000049,2007-03-05,xslF345X02/hul1639.xml,CIK0000012927-submissions-001.json
2007-03-07,4,0001137638-07-000048,2007-03-05,xslF345X02/tra1645.xml,CIK0000012927-submissions-001.json
2007-03-07,4,0001137638-07-000047,2007-03-05,xslF345X02/ste1644.xml,CIK0000012927-submissions-001.json
2007-03-07,4,0001137638-07-000046,2007-03-05,xslF345X02/koe1641.xml,CIK0000012927-submissions-001.json
2007-03-07,4,0001137638-07-000045,2007-03-05,xslF345X02/hil1638.xml,CIK0000012927-submissions-001.json
2007-03-07,4,0001137638-07-000044,2007-03-05,xslF345X02/dow1637.xml,CIK0000012927-submissions-001.json
2007-03-07,4,0001137638-07-000043,2007-03-05,xslF345X02/car1636.xml,CIK0000012927-submissions-001.json
2007-03-07,4,0001137638-07-000042,2007-03-05,xslF345X02/bel1624.xml,CIK0000012927-submissions-001.json
2007-03-07,4,0001137638-07-000041,2007-03-05,xslF345X02/alb1635.xml,CIK0000012927-submissions-001.json
2007-03-20,3/A,0001137638-07-000054,2006-05-01,xslF345X02/hil1646.xml,CIK0000012927-submissions-001.json
2007-03-23,DEF 14A,0001193125-07-062748,2007-04-30,ddef14a.htm,CIK0000012927-submissions-001.json
2007-04-02,DEFA14A,0001193125-07-072271,,ddefa14a.htm,CIK0000012927-submissions-001.json
2007-04-03,ARS,9999999997-07-016347,2006-12-31,9999999997-07-016347.paper,CIK0000012927-submissions-001.json
2007-04-04,4,0001137638-07-000064,2007-04-02,xslF345X02/zaf1670.xml,CIK0000012927-submissions-001.json
2007-04-04,4,0001137638-07-000063,2007-04-02,xslF345X02/rid1669.xml,CIK0000012927-submissions-001.json
2007-04-04,4,0001137638-07-000062,2007-04-02,xslF345X02/nan1668.xml,CIK0000012927-submissions-001.json
2007-04-04,4,0001137638-07-000061,2007-04-02,xslF345X02/mcd1667.xml,CIK0000012927-submissions-001.json
2007-04-04,4,0001137638-07-000060,2007-04-02,xslF345X02/dub1666.xml,CIK0000012927-submissions-001.json
2007-04-04,4,0001137638-07-000059,2007-04-02,xslF345X02/dal1665.xml,CIK0000012927-submissions-001.json
2007-04-04,4,0001137638-07-000058,2007-04-02,xslF345X02/coo1664.xml,CIK0000012927-submissions-001.json
2007-04-04,4,0001137638-07-000057,2007-04-02,xslF345X02/col1663.xml,CIK0000012927-submissions-001.json
2007-04-04,4,0001137638-07-000056,2007-04-02,xslF345X02/bry1662.xml,CIK0000012927-submissions-001.json
2007-04-04,4,0001137638-07-000055,2007-04-02,xslF345X02/big1661.xml,CIK0000012927-submissions-001.json
2007-04-17,DEFA14A,0001193125-07-082780,,ddefa14a.htm,CIK0000012927-submissions-001.json
2007-04-23,4,0001137638-07-000076,2007-04-19,xslF345X02/tra1684.xml,CIK0000012927-submissions-001.json
2007-04-23,4,0001137638-07-000075,2007-04-19,xslF345X02/ste1683.xml,CIK0000012927-submissions-001.json
2007-04-23,4,0001137638-07-000074,2007-04-19,xslF345X02/soo1682.xml,CIK0000012927-submissions-001.json
2007-04-23,4,0001137638-07-000073,2007-04-19,xslF345X02/mcg1681.xml,CIK0000012927-submissions-001.json
2007-04-23,4,0001137638-07-000072,2007-04-19,xslF345X02/koe1679.xml,CIK0000012927-submissions-001.json
2007-04-23,4,0001137638-07-000071,2007-04-19,xslF345X02/jam1678.xml,CIK0000012927-submissions-001.json
2007-04-23,4,0001137638-07-000070,2007-04-19,xslF345X02/hul1677.xml,CIK0000012927-submissions-001.json
2007-04-23,4,0001137638-07-000069,2007-04-19,xslF345X02/hil1676.xml,CIK0000012927-submissions-001.json
2007-04-23,4,0001137638-07-000068,2007-04-19,xslF345X02/dow1675.xml,CIK0000012927-submissions-001.json
2007-04-23,4,0001137638-07-000067,2007-04-19,xslF345X02/car1674.xml,CIK0000012927-submissions-001.json
2007-04-23,4,0001137638-07-000066,2007-04-19,xslF345X02/bel1672.xml,CIK0000012927-submissions-001.json
2007-04-23,4,0001137638-07-000065,2007-04-19,xslF345X02/alb1671.xml,CIK0000012927-submissions-001.json
2007-04-25,10-Q,0001193125-07-089827,2007-03-31,d10q.htm,CIK0000012927-submissions-001.json
2007-04-25,8-K,0001193125-07-089597,2007-04-25,d8k.htm,CIK0000012927-submissions-001.json
2007-05-01,4,0001137638-07-000088,2007-04-27,xslF345X02/tra1696.xml,CIK0000012927-submissions-001.json
2007-05-01,4,0001137638-07-000087,2007-04-27,xslF345X02/ste1695.xml,CIK0000012927-submissions-001.json
2007-05-01,4,0001137638-07-000086,2007-04-27,xslF345X02/soo1694.xml,CIK0000012927-submissions-001.json
2007-05-01,4,0001137638-07-000085,2007-04-27,xslF345X02/mcg1693.xml,CIK0000012927-submissions-001.json
2007-05-01,4,0001137638-07-000084,2007-04-27,xslF345X02/koe1692.xml,CIK0000012927-submissions-001.json
2007-05-01,4,0001137638-07-000083,2007-04-27,xslF345X02/jam1691.xml,CIK0000012927-submissions-001.json
2007-05-01,4,0001137638-07-000082,2007-04-27,xslF345X02/hul1690.xml,CIK0000012927-submissions-001.json
2007-05-01,4,0001137638-07-000081,2007-04-27,xslF345X02/hil1689.xml,CIK0000012927-submissions-001.json
2007-05-01,4,0001137638-07-000080,2007-04-27,xslF345X02/dow1688.xml,CIK0000012927-submissions-001.json
2007-05-01,4,0001137638-07-000079,2007-04-27,xslF345X02/car1687.xml,CIK0000012927-submissions-001.json
2007-05-01,4,0001137638-07-000078,2007-04-27,xslF345X02/bel1686.xml,CIK0000012927-submissions-001.json
2007-05-01,4,0001137638-07-000077,2007-04-27,xslF345X02/alb1685.xml,CIK0000012927-submissions-001.json
2007-05-03,4,0001137638-07-000089,2007-05-02,xslF345X02/mcd1701.xml,CIK0000012927-submissions-001.json
2007-05-04,4,0001137638-07-000090,2007-03-09,xslF345X02/hil1698.xml,CIK0000012927-submissions-001.json
2007-05-04,8-K,0001193125-07-102929,2007-05-04,d8k.htm,CIK0000012927-submissions-001.json
2007-05-04,8-K,0001193125-07-102918,2007-05-04,d8k.htm,CIK0000012927-submissions-001.json
2007-05-10,3,0001137638-07-000093,2007-05-04,xslF345X02/den1703.xml,CIK0000012927-submissions-001.json
2007-05-14,4,0001137638-07-000094,2007-05-10,xslF345X02/mcn1704.xml,CIK0000012927-submissions-001.json
2007-05-16,4,0001137638-07-000095,2007-05-15,xslF345X02/koe1705.xml,CIK0000012927-submissions-001.json
2007-05-17,4,0001137638-07-000096,2007-05-16,xslF345X02/alb1707.xml,CIK0000012927-submissions-001.json
2007-06-04,4,0001137638-07-000108,2007-05-31,xslF345X02/tra1720.xml,CIK0000012927-submissions-001.json
2007-06-04,4,0001137638-07-000107,2007-05-31,xslF345X02/ste1719.xml,CIK0000012927-submissions-001.json
2007-06-04,4,0001137638-07-000106,2007-05-31,xslF345X02/mcg1717.xml,CIK0000012927-submissions-001.json
2007-06-04,4,0001137638-07-000105,2007-05-31,xslF345X02/koe1716.xml,CIK0000012927-submissions-001.json
2007-06-04,4,0001137638-07-000104,2007-05-31,xslF345X02/jam1715.xml,CIK0000012927-submissions-001.json
2007-06-04,4,0001137638-07-000103,2007-05-31,xslF345X02/hul1714.xml,CIK0000012927-submissions-001.json
2007-06-04,4,0001137638-07-000102,2007-05-31,xslF345X02/hil1713.xml,CIK0000012927-submissions-001.json
2007-06-04,4,0001137638-07-000101,2007-05-31,xslF345X02/dow1712.xml,CIK0000012927-submissions-001.json
2007-06-04,4,0001137638-07-000100,2007-05-31,xslF345X02/den1711.xml,CIK0000012927-submissions-001.json
2007-06-04,4,0001137638-07-000099,2007-05-31,xslF345X02/car1710.xml,CIK0000012927-submissions-001.json
2007-06-04,4,0001137638-07-000098,2007-05-31,xslF345X02/bel1709.xml,CIK0000012927-submissions-001.json
2007-06-04,4,0001137638-07-000097,2007-05-31,xslF345X02/alb1708.xml,CIK0000012927-submissions-001.json
2007-06-18,4,0001137638-07-000120,2007-06-14,xslF345X02/tra1732.xml,CIK0000012927-submissions-001.json
2007-06-18,4,0001137638-07-000119,2007-06-14,xslF345X02/ste1731.xml,CIK0000012927-submissions-001.json
2007-06-18,4,0001137638-07-000118,2007-06-14,xslF345X02/mcg1730.xml,CIK0000012927-submissions-001.json
2007-06-18,4,0001137638-07-000117,2007-06-14,xslF345X02/koe1729.xml,CIK0000012927-submissions-001.json
2007-06-18,4,0001137638-07-000116,2007-06-14,xslF345X02/jam1728.xml,CIK0000012927-submissions-001.json
2007-06-18,4,0001137638-07-000115,2007-06-14,xslF345X02/hul1727.xml,CIK0000012927-submissions-001.json
2007-06-18,4,0001137638-07-000114,2007-06-14,xslF345X02/hil1726.xml,CIK0000012927-submissions-001.json
2007-06-18,4,0001137638-07-000113,2007-06-14,xslF345X02/dow1725.xml,CIK0000012927-submissions-001.json
2007-06-18,4,0001137638-07-000112,2007-06-14,xslF345X02/den1724.xml,CIK0000012927-submissions-001.json
2007-06-18,4,0001137638-07-000111,2007-06-14,xslF345X02/car1723.xml,CIK0000012927-submissions-001.json
2007-06-18,4,0001137638-07-000110,2007-06-14,xslF345X02/bel1722.xml,CIK0000012927-submissions-001.json
2007-06-18,4,0001137638-07-000109,2007-06-14,xslF345X02/alb1721.xml,CIK0000012927-submissions-001.json
2007-06-26,11-K,0001193125-07-143110,2006-12-31,d11k.htm,CIK0000012927-submissions-001.json
2007-06-26,11-K,0001193125-07-143099,2006-12-31,d11k.htm,CIK0000012927-submissions-001.json
2007-06-27,8-K,0001193125-07-144243,2007-06-21,d8k.htm,CIK0000012927-submissions-001.json
2007-06-29,3,0001137638-07-000126,2007-06-21,xslF345X02/jon1733.xml,CIK0000012927-submissions-001.json
2007-07-03,4,0001137638-07-000137,2007-07-02,xslF345X02/jon1741.xml,CIK0000012927-submissions-001.json
2007-07-03,4,0001137638-07-000136,2007-07-02,xslF345X02/zaf1744.xml,CIK0000012927-submissions-001.json
2007-07-03,4,0001137638-07-000135,2007-07-02,xslF345X02/rid1743.xml,CIK0000012927-submissions-001.json
2007-07-03,4,0001137638-07-000134,2007-07-02,xslF345X02/mcd1742.xml,CIK0000012927-submissions-001.json
2007-07-03,4,0001137638-07-000133,2007-07-02,xslF345X02/dub1740.xml,CIK0000012927-submissions-001.json
2007-07-03,4,0001137638-07-000132,2007-07-02,xslF345X02/dal1739.xml,CIK0000012927-submissions-001.json
2007-07-03,4,0001137638-07-000131,2007-07-02,xslF345X02/coo1738.xml,CIK0000012927-submissions-001.json
2007-07-03,4,0001137638-07-000130,2007-07-02,xslF345X02/col1737.xml,CIK0000012927-submissions-001.json
2007-07-03,4,0001137638-07-000129,2007-07-02,xslF345X02/bry1736.xml,CIK0000012927-submissions-001.json
2007-07-03,4,0001137638-07-000128,2007-07-02,xslF345X02/big1735.xml,CIK0000012927-submissions-001.json
2007-07-03,4,0001137638-07-000127,2007-07-02,xslF345X02/mcn1734.xml,CIK0000012927-submissions-001.json
2007-07-25,10-Q,0001193125-07-161475,2007-06-30,d10q.htm,CIK0000012927-submissions-001.json
2007-07-25,8-K,0001193125-07-161247,2007-07-25,d8k.htm,CIK0000012927-submissions-001.json
2007-07-31,4,0001137638-07-000149,2007-07-27,xslF345X02/tra1758.xml,CIK0000012927-submissions-001.json
2007-07-31,4,0001137638-07-000148,2007-07-27,xslF345X02/ste1760.xml,CIK0000012927-submissions-001.json
2007-07-31,4,0001137638-07-000147,2007-07-27,xslF345X02/mcg1756.xml,CIK0000012927-submissions-001.json
2007-07-31,4,0001137638-07-000146,2007-07-27,xslF345X02/koe1755.xml,CIK0000012927-submissions-001.json
2007-07-31,4,0001137638-07-000145,2007-07-27,xslF345X02/jam1754.xml,CIK0000012927-submissions-001.json
2007-07-31,4,0001137638-07-000144,2007-07-27,xslF345X02/hul1753.xml,CIK0000012927-submissions-001.json
2007-07-31,4,0001137638-07-000143,2007-07-27,xslF345X02/hil1752.xml,CIK0000012927-submissions-001.json
2007-07-31,4,0001137638-07-000142,2007-07-27,xslF345X02/dow1751.xml,CIK0000012927-submissions-001.json
2007-07-31,4,0001137638-07-000141,2007-07-27,xslF345X02/den1759.xml,CIK0000012927-submissions-001.json
2007-07-31,4,0001137638-07-000140,2007-07-27,xslF345X02/car1747.xml,CIK0000012927-submissions-001.json
2007-07-31,4,0001137638-07-000139,2007-07-27,xslF345X02/bel1746.xml,CIK0000012927-submissions-001.json
2007-07-31,4,0001137638-07-000138,2007-07-27,xslF345X02/alb1745.xml,CIK0000012927-submissions-001.json
2007-08-02,4,0001137638-07-000150,2007-08-01,xslF345X02/dow1762.xml,CIK0000012927-submissions-001.json
2007-08-30,8-K,0001193125-07-193106,2007-08-28,d8k.htm,CIK0000012927-submissions-001.json
2007-09-05,3,0001137638-07-000160,2007-08-28,xslF345X02/lid1764.xml,CIK0000012927-submissions-001.json
2007-10-01,CORRESP,0001193125-07-211187,,filename1.htm,CIK0000012927-submissions-001.json
2007-10-03,4,0001137638-07-000172,2007-10-01,xslF345X02/zaf1776.xml,CIK0000012927-submissions-001.json
2007-10-03,4,0001137638-07-000171,2007-10-01,xslF345X02/rid1775.xml,CIK0000012927-submissions-001.json
2007-10-03,4,0001137638-07-000170,2007-10-01,xslF345X02/mcd1774.xml,CIK0000012927-submissions-001.json
2007-10-03,4,0001137638-07-000169,2007-10-01,xslF345X02/lid1773.xml,CIK0000012927-submissions-001.json
2007-10-03,4,0001137638-07-000168,2007-10-01,xslF345X02/jon1772.xml,CIK0000012927-submissions-001.json
2007-10-03,4,0001137638-07-000167,2007-10-01,xslF345X02/dub1771.xml,CIK0000012927-submissions-001.json
2007-10-03,4,0001137638-07-000166,2007-10-01,xslF345X02/dal1782.xml,CIK0000012927-submissions-001.json
2007-10-03,4,0001137638-07-000165,2007-10-01,xslF345X02/coo1780.xml,CIK0000012927-submissions-001.json
2007-10-03,4,0001137638-07-000164,2007-10-01,xslF345X02/col1781.xml,CIK0000012927-submissions-001.json
2007-10-03,4,0001137638-07-000163,2007-10-01,xslF345X02/bry1779.xml,CIK0000012927-submissions-001.json
2007-10-03,4,0001137638-07-000162,2007-10-01,xslF345X02/big1777.xml,CIK0000012927-submissions-001.json
2007-10-17,8-K,0001193125-07-220382,2007-10-16,d8k.htm,CIK0000012927-submissions-001.json
2007-10-24,10-Q,0001193125-07-224585,2007-09-30,d10q.htm,CIK0000012927-submissions-001.json
2007-10-24,8-K,0001193125-07-224344,2007-10-24,d8k.htm,CIK0000012927-submissions-001.json
2007-11-01,8-K,0001193125-07-232400,2007-10-28,d8k.htm,CIK0000012927-submissions-001.json
2007-11-05,3,0001137638-07-000174,2007-11-01,xslF345X02/cav1783.xml,CIK0000012927-submissions-001.json
2007-11-13,4,0001137638-07-000175,2007-11-07,xslF345X02/alb1784.xml,CIK0000012927-submissions-001.json
2007-11-21,8-K,0001193125-07-251817,2007-11-16,d8k.htm,CIK0000012927-submissions-001.json
2007-12-14,8-K,0001193125-07-265592,2007-12-10,d8k.htm,CIK0000012927-submissions-001.json
2008-01-04,4,0001137638-08-000012,2008-01-02,xslF345X02/zaf1796.xml,CIK0000012927-submissions-001.json
2008-01-04,4,0001137638-08-000011,2008-01-02,xslF345X02/rid1795.xml,CIK0000012927-submissions-001.json
2008-01-04,4,0001137638-08-000010,2008-01-02,xslF345X02/mcn1785.xml,CIK0000012927-submissions-001.json
2008-01-04,4,0001137638-08-000009,2008-01-02,xslF345X02/mcd1794.xml,CIK0000012927-submissions-001.json
2008-01-04,4,0001137638-08-000008,2008-01-02,xslF345X02/lid1793.xml,CIK0000012927-submissions-001.json
2008-01-04,4,0001137638-08-000007,2008-01-02,xslF345X02/jon1792.xml,CIK0000012927-submissions-001.json
2008-01-04,4,0001137638-08-000006,2008-01-02,xslF345X02/dub1791.xml,CIK0000012927-submissions-001.json
2008-01-04,4,0001137638-08-000005,2008-01-02,xslF345X02/dal1790.xml,CIK0000012927-submissions-001.json
2008-01-04,4,0001137638-08-000004,2008-01-02,xslF345X02/coo1789.xml,CIK0000012927-submissions-001.json
2008-01-04,4,0001137638-08-000003,2008-01-02,xslF345X02/col1797.xml,CIK0000012927-submissions-001.json
2008-01-04,4,0001137638-08-000002,2008-01-02,xslF345X02/bry1787.xml,CIK0000012927-submissions-001.json
2008-01-04,4,0001137638-08-000001,2008-01-02,xslF345X02/big1786.xml,CIK0000012927-submissions-001.json
2008-01-09,NO ACT,9999999997-08-002256,2007-12-21,9999999997-08-002256.paper,CIK0000012927-submissions-001.json
2008-01-15,CORRESP,0001193125-08-006666,,filename1.htm,CIK0000012927-submissions-001.json
2008-01-30,8-K,0001193125-08-015035,2008-01-30,d8k.htm,CIK0000012927-submissions-001.json
2008-02-05,NO ACT,9999999997-08-005902,2007-12-21,9999999997-08-005902.paper,CIK0000012927-submissions-001.json
2008-02-06,4,0001137638-08-000013,2008-02-04,xslF345X02/big1802.xml,CIK0000012927-submissions-001.json
2008-02-07,4,0001137638-08-000015,2008-02-05,xslF345X02/mcd1809.xml,CIK0000012927-submissions-001.json
2008-02-07,5,0001137638-08-000014,2007-12-31,xslF345X02/mcd1808.xml,CIK0000012927-submissions-001.json
2008-02-12,4,0001137638-08-000016,2008-02-11,xslF345X02/bry1810.xml,CIK0000012927-submissions-001.json
2008-02-12,SC 13G,0000093748-08-000008,,boeing07.txt,CIK0000012927-submissions-001.json
2008-02-14,4,0001137638-08-000018,2008-02-13,xslF345X02/rid1812.xml,CIK0000012927-submissions-001.json
2008-02-14,4,0001137638-08-000017,2008-02-12,xslF345X02/dub1811.xml,CIK0000012927-submissions-001.json
2008-02-14,SC 13G/A,0000888002-08-000348,,ba1231_g.txt,CIK0000012927-submissions-001.json
2008-02-15,10-K,0001193125-08-032328,2007-12-31,d10k.htm,CIK0000012927-submissions-001.json
2008-02-19,NO ACT,9999999997-08-007536,2007-12-21,9999999997-08-007536.paper,CIK0000012927-submissions-001.json
2008-02-19,NO ACT,9999999997-08-007475,2007-12-21,9999999997-08-007475.paper,CIK0000012927-submissions-001.json
2008-02-20,NO ACT,9999999997-08-007790,2007-12-21,9999999997-08-007790.paper,CIK0000012927-submissions-001.json
2008-02-27,4,0001137638-08-000032,2008-02-25,xslF345X02/tra1825.xml,CIK0000012927-submissions-001.json
2008-02-27,4,0001137638-08-000031,2008-02-25,xslF345X02/ste1824.xml,CIK0000012927-submissions-001.json
2008-02-27,4,0001137638-08-000030,2008-02-25,xslF345X02/mcn1823.xml,CIK0000012927-submissions-001.json
2008-02-27,4,0001137638-08-000029,2008-02-25,xslF345X02/mcg1826.xml,CIK0000012927-submissions-001.json
2008-02-27,4,0001137638-08-000028,2008-02-25,xslF345X02/lut1822.xml,CIK0000012927-submissions-001.json
2008-02-27,4,0001137638-08-000027,2008-02-25,xslF345X02/jam1821.xml,CIK0000012927-submissions-001.json
2008-02-27,4,0001137638-08-000026,2008-02-25,xslF345X02/hul1820.xml,CIK0000012927-submissions-001.json
2008-02-27,4,0001137638-08-000025,2008-02-25,xslF345X02/hil1819.xml,CIK0000012927-submissions-001.json
2008-02-27,4,0001137638-08-000024,2008-02-25,xslF345X02/dow1818.xml,CIK0000012927-submissions-001.json
2008-02-27,4,0001137638-08-000023,2008-02-25,xslF345X02/den1817.xml,CIK0000012927-submissions-001.json
2008-02-27,4,0001137638-08-000022,2008-02-25,xslF345X02/cav1816.xml,CIK0000012927-submissions-001.json
2008-02-27,4,0001137638-08-000021,2008-02-25,xslF345X02/car1815.xml,CIK0000012927-submissions-001.json
2008-02-27,4,0001137638-08-000020,2008-02-25,xslF345X02/bel1814.xml,CIK0000012927-submissions-001.json
2008-02-27,4,0001137638-08-000019,2008-02-25,xslF345X02/alb1813.xml,CIK0000012927-submissions-001.json
2008-03-09,UPLOAD,0000000000-08-012333,,filename1.pdf,CIK0000012927-submissions-001.json
2008-03-09,UPLOAD,0000000000-08-012332,,filename1.pdf,CIK0000012927-submissions-001.json
2008-03-09,UPLOAD,0000000000-08-012331,,filename1.pdf,CIK0000012927-submissions-001.json
2008-03-13,4,0001137638-08-000043,2008-03-11,xslF345X02/tra1844.xml,CIK0000012927-submissions-001.json
2008-03-13,4,0001137638-08-000042,2008-03-11,xslF345X02/ste1843.xml,CIK0000012927-submissions-001.json
2008-03-13,4,0001137638-08-000041,2008-03-11,xslF345X02/mcg1842.xml,CIK0000012927-submissions-001.json
2008-03-13,4,0001137638-08-000040,2008-03-11,xslF345X02/hul1838.xml,CIK0000012927-submissions-001.json
2008-03-13,4,0001137638-08-000039,2008-03-11,xslF345X02/hil1841.xml,CIK0000012927-submissions-001.json
2008-03-13,4,0001137638-08-000038,2008-03-11,xslF345X02/dow1832.xml,CIK0000012927-submissions-001.json
2008-03-13,4,0001137638-08-000037,2008-03-11,xslF345X02/den1831.xml,CIK0000012927-submissions-001.json
2008-03-13,4,0001137638-08-000036,2008-03-11,xslF345X02/cav1830.xml,CIK0000012927-submissions-001.json
2008-03-13,4,0001137638-08-000035,2008-03-11,xslF345X02/car1840.xml,CIK0000012927-submissions-001.json
2008-03-13,4,0001137638-08-000034,2008-03-11,xslF345X02/bel1828.xml,CIK0000012927-submissions-001.json
2008-03-13,4,0001137638-08-000033,2008-03-11,xslF345X02/alb1839.xml,CIK0000012927-submissions-001.json
2008-03-14,DEF 14A,0001193125-08-057498,2008-04-28,ddef14a.htm,CIK0000012927-submissions-001.json
2008-03-18,8-K,0001193125-08-059922,2008-03-13,d8k.htm,CIK0000012927-submissions-001.json
2008-04-03,4,0001137638-08-000055,2008-04-01,xslF345X02/zaf1855.xml,CIK0000012927-submissions-001.json
2008-04-03,4,0001137638-08-000054,2008-04-01,xslF345X02/rid1858.xml,CIK0000012927-submissions-001.json
2008-04-03,4,0001137638-08-000053,2008-04-01,xslF345X02/mcd1854.xml,CIK0000012927-submissions-001.json
2008-04-03,4,0001137638-08-000052,2008-04-01,xslF345X02/lid1853.xml,CIK0000012927-submissions-001.json
2008-04-03,4,0001137638-08-000051,2008-04-01,xslF345X02/jon1852.xml,CIK0000012927-submissions-001.json
2008-04-03,4,0001137638-08-000050,2008-04-01,xslF345X02/dub1856.xml,CIK0000012927-submissions-001.json
2008-04-03,4,0001137638-08-000049,2008-04-01,xslF345X02/dal1849.xml,CIK0000012927-submissions-001.json
2008-04-03,4,0001137638-08-000048,2008-04-01,xslF345X02/coo1848.xml,CIK0000012927-submissions-001.json
2008-04-03,4,0001137638-08-000047,2008-04-01,xslF345X02/col1847.xml,CIK0000012927-submissions-001.json
2008-04-03,4,0001137638-08-000046,2008-04-01,xslF345X02/bry1846.xml,CIK0000012927-submissions-001.json
2008-04-03,4,0001137638-08-000045,2008-04-01,xslF345X02/big1845.xml,CIK0000012927-submissions-001.json
2008-04-10,DEFA14A,0001193125-08-078767,,ddefa14a.htm,CIK0000012927-submissions-001.json
2008-04-23,10-Q,0001193125-08-087722,2008-03-31,d10q.htm,CIK0000012927-submissions-001.json
2008-04-23,8-K,0001193125-08-087499,2008-04-23,d8k.htm,CIK0000012927-submissions-001.json
2008-04-30,4,0001137638-08-000056,2008-04-28,xslF345X02/lut1862.xml,CIK0000012927-submissions-001.json
2008-04-30,8-K,0001193125-08-096817,2008-04-28,d8k.htm,CIK0000012927-submissions-001.json
2008-05-02,4,0001137638-08-000057,2008-04-30,xslF345X02/coo1863.xml,CIK0000012927-submissions-001.json
2008-05-13,4,0001137638-08-000059,2008-05-12,xslF345X02/mcn1864.xml,CIK0000012927-submissions-001.json
2008-06-02,3,0001137638-08-000061,2008-05-30,xslF345X02/kea1865.xml,CIK0000012927-submissions-001.json
2008-06-02,4,0001137638-08-000062,2008-05-30,xslF345X02/kea1866.xml,CIK0000012927-submissions-001.json
2008-06-26,11-K,0001193125-08-141267,2007-12-31,d11k.htm,CIK0000012927-submissions-001.json
2008-06-26,11-K,0001193125-08-141265,2007-12-31,d11k.htm,CIK0000012927-submissions-001.json
2008-07-03,4,0001137638-08-000073,2008-07-01,xslF345X03/zaf1891.xml,CIK0000012927-submissions-001.json
2008-07-03,4,0001137638-08-000072,2008-07-01,xslF345X03/mcn1884.xml,CIK0000012927-submissions-001.json
2008-07-03,4,0001137638-08-000071,2008-07-01,xslF345X03/mcd1889.xml,CIK0000012927-submissions-001.json
2008-07-03,4,0001137638-08-000070,2008-07-01,xslF345X03/lid1888.xml,CIK0000012927-submissions-001.json
2008-07-03,4,0001137638-08-000069,2008-07-01,xslF345X03/jon1887.xml,CIK0000012927-submissions-001.json
2008-07-03,4,0001137638-08-000068,2008-07-01,xslF345X03/dub1886.xml,CIK0000012927-submissions-001.json
2008-07-03,4,0001137638-08-000067,2008-07-01,xslF345X03/dal1885.xml,CIK0000012927-submissions-001.json
2008-07-03,4,0001137638-08-000066,2008-07-01,xslF345X03/coo1883.xml,CIK0000012927-submissions-001.json
2008-07-03,4,0001137638-08-000065,2008-07-01,xslF345X03/col1882.xml,CIK0000012927-submissions-001.json
2008-07-03,4,0001137638-08-000064,2008-07-01,xslF345X03/bry1881.xml,CIK0000012927-submissions-001.json
2008-07-03,4,0001137638-08-000063,2008-07-01,xslF345X03/big1880.xml,CIK0000012927-submissions-001.json
2008-07-23,10-Q,0001193125-08-156077,2008-06-30,d10q.htm,CIK0000012927-submissions-001.json
2008-07-23,8-K,0001193125-08-155831,2008-07-23,d8k.htm,CIK0000012927-submissions-001.json
2008-08-06,4,0001225208-08-013197,2008-08-04,xslF345X03/doc4.xml,CIK0000012927-submissions-001.json
2008-09-03,4,0001225208-08-014407,2008-08-29,xslF345X03/doc4.xml,CIK0000012927-submissions-001.json
2008-09-16,4,0001225208-08-014841,2008-09-12,xslF345X03/doc4.xml,CIK0000012927-submissions-001.json
2008-09-16,4,0001225208-08-014840,2008-09-12,xslF345X03/doc4.xml,CIK0000012927-submissions-001.json
2008-10-03,4,0001225208-08-015854,2008-10-01,xslF345X03/doc4.xml,CIK0000012927-submissions-001.json
2008-10-03,4,0001225208-08-015853,2008-10-01,xslF345X03/doc4.xml,CIK0000012927-submissions-001.json
2008-10-03,4,0001225208-08-015852,2008-10-01,xslF345X03/doc4.xml,CIK0000012927-submissions-001.json
2008-10-03,4,0001225208-08-015851,2008-10-01,xslF345X03/doc4.xml,CIK0000012927-submissions-001.json
2008-10-03,4,0001225208-08-015850,2008-10-01,xslF345X03/doc4.xml,CIK0000012927-submissions-001.json
2008-10-03,4,0001225208-08-015849,2008-10-01,xslF345X03/doc4.xml,CIK0000012927-submissions-001.json
2008-10-03,4,0001225208-08-015848,2008-10-01,xslF345X03/doc4.xml,CIK0000012927-submissions-001.json
2008-10-03,4,0001225208-08-015847,2008-10-01,xslF345X03/doc4.xml,CIK0000012927-submissions-001.json
2008-10-03,4,0001225208-08-015846,2008-10-01,xslF345X03/doc4.xml,CIK0000012927-submissions-001.json
2008-10-03,4,0001225208-08-015845,2008-10-01,xslF345X03/doc4.xml,CIK0000012927-submissions-001.json
2008-10-22,10-Q,0001193125-08-214169,2008-09-30,d10q.htm,CIK0000012927-submissions-001.json
2008-10-22,8-K,0001193125-08-214077,2008-10-22,d8k.htm,CIK0000012927-submissions-001.json
2008-10-28,POS AM,0001193125-08-217905,,dposam.htm,CIK0000012927-submissions-001.json
2008-10-29,8-K,0001193125-08-218800,2008-10-27,d8k.htm,CIK0000012927-submissions-001.json
2008-10-29,EFFECT,9999999995-08-003232,,xslEFFECTX01/primary_doc.xml,CIK0000012927-submissions-001.json
2008-11-20,8-K,0001193125-08-240082,2008-11-14,d8k.htm,CIK0000012927-submissions-001.json
2008-12-16,8-K,0001193125-08-254398,2008-12-15,d8k.htm,CIK0000012927-submissions-001.json
2008-12-22,S-8,0001193125-08-258406,,ds8.htm,CIK0000012927-submissions-001.json
2009-01-06,4,0001225208-09-000797,2009-01-02,xslF345X03/doc4.xml,CIK0000012927-submissions-001.json
2009-01-06,4,0001225208-09-000796,2009-01-02,xslF345X03/doc4.xml,CIK0000012927-submissions-001.json
2009-01-06,4,0001225208-09-000795,2009-01-02,xslF345X03/doc4.xml,CIK0000012927-submissions-001.json
2009-01-06,4,0001225208-09-000791,2009-01-02,xslF345X03/doc4.xml,CIK0000012927-submissions-001.json
2009-01-06,4,0001225208-09-000790,2009-01-02,xslF345X03/doc4.xml,CIK0000012927-submissions-001.json
2009-01-06,4,0001225208-09-000789,2009-01-02,xslF345X03/doc4.xml,CIK0000012927-submissions-001.json
2009-01-06,4,0001225208-09-000784,2009-01-02,xslF345X03/doc4.xml,CIK0000012927-submissions-001.json
2009-01-06,4,0001225208-09-000783,2009-01-02,xslF345X03/doc4.xml,CIK0000012927-submissions-001.json
2009-01-06,4,0001225208-09-000780,2009-01-02,xslF345X03/doc4.xml,CIK0000012927-submissions-001.json
2009-01-28,8-K,0001193125-09-012567,2009-01-28,d8k.htm,CIK0000012927-submissions-001.json
2009-02-03,NO ACT,9999999997-09-003632,2008-12-22,9999999997-09-003632.paper,CIK0000012927-submissions-001.json
2009-02-09,10-K,0001193125-09-022654,2008-12-31,d10k.htm,CIK0000012927-submissions-001.json
2009-02-09,8-K,0001193125-09-022679,2009-02-09,d8k.htm,CIK0000012927-submissions-001.json
2009-02-10,8-K,0001193125-09-023998,2009-02-10,d8k.htm,CIK0000012927-submissions-001.json
2009-02-12,5,0001225208-09-003496,2008-12-31,xslF345X03/doc5.xml,CIK0000012927-submissions-001.json
2009-02-13,SC 13G,0000070858-09-000146,,boeingco.htm,CIK0000012927-submissions-001.json
2009-02-13,SC 13G,0001422849-09-000294,,edgba.txt,CIK0000012927-submissions-001.json
2009-02-17,3,0001225208-09-003898,2009-02-10,xslF345X02/doc3.xml,CIK0000012927-submissions-001.json
2009-02-17,SC 13G,0000093748-09-000055,,boeing08.txt,CIK0000012927-submissions-001.json
2009-02-18,NO ACT,9999999997-09-005724,2008-12-19,9999999997-09-005724.paper,CIK0000012927-submissions-001.json
2009-02-25,4,0001225208-09-004868,2009-02-23,xslF345X03/doc4.xml,CIK0000012927-submissions-001.json
2009-02-25,4,0001225208-09-004866,2009-02-23,xslF345X03/doc4.xml,CIK0000012927-submissions-001.json
2009-02-25,4,0001225208-09-004865,2009-02-23,xslF345X03/doc4.xml,CIK0000012927-submissions-001.json
2009-02-25,4,0001225208-09-004864,2009-02-23,xslF345X03/doc4.xml,CIK0000012927-submissions-001.json
2009-02-25,4,0001225208-09-004863,2009-02-23,xslF345X03/doc4.xml,CIK0000012927-submissions-001.json
2009-02-25,4,0001225208-09-004861,2009-02-23,xslF345X03/doc4.xml,CIK0000012927-submissions-001.json
2009-02-25,4,0001225208-09-004860,2009-02-23,xslF345X03/doc4.xml,CIK0000012927-submissions-001.json
2009-02-25,4,0001225208-09-004859,2009-02-23,xslF345X03/doc4.xml,CIK0000012927-submissions-001.json
2009-02-25,4,0001225208-09-004858,2009-02-23,xslF345X03/doc4.xml,CIK0000012927-submissions-001.json
2009-02-25,4,0001225208-09-004857,2009-02-23,xslF345X03/doc4.xml,CIK0000012927-submissions-001.json
2009-02-25,4,0001225208-09-004856,2009-02-23,xslF345X03/doc4.xml,CIK0000012927-submissions-001.json
2009-02-25,4,0001225208-09-004855,2009-02-23,xslF345X03/doc4.xml,CIK0000012927-submissions-001.json
2009-02-25,4,0001225208-09-004854,2009-02-23,xslF345X03/doc4.xml,CIK0000012927-submissions-001.json
2009-02-26,8-K,0001193125-09-039266,2009-02-22,d8k.htm,CIK0000012927-submissions-001.json
2009-03-09,S-3ASR,0001193125-09-048656,,ds3asr.htm,CIK0000012927-submissions-001.json
2009-03-10,424B3,0001193125-09-049633,,d424b3.htm,CIK0000012927-submissions-001.json
2009-03-11,424B2,0001193125-09-051017,,d424b2.htm,CIK0000012927-submissions-001.json
2009-03-11,FWP,0001193125-09-050074,,dfwp.htm,CIK0000012927-submissions-001.json
2009-03-12,4,0001225208-09-007038,2009-03-10,xslF345X03/doc4.xml,CIK0000012927-submissions-001.json
2009-03-12,4,0001225208-09-007037,2009-03-10,xslF345X03/doc4.xml,CIK0000012927-submissions-001.json
2009-03-12,4,0001225208-09-007036,2009-03-10,xslF345X03/doc4.xml,CIK0000012927-submissions-001.json
2009-03-12,4,0001225208-09-007035,2009-03-10,xslF345X03/doc4.xml,CIK0000012927-submissions-001.json
2009-03-12,4,0001225208-09-007034,2009-03-10,xslF345X03/doc4.xml,CIK0000012927-submissions-001.json
2009-03-12,4,0001225208-09-007033,2009-03-10,xslF345X03/doc4.xml,CIK0000012927-submissions-001.json
2009-03-12,4,0001225208-09-007032,2009-03-10,xslF345X03/doc4.xml,CIK0000012927-submissions-001.json
2009-03-12,4,0001225208-09-007031,2009-03-10,xslF345X03/doc4.xml,CIK0000012927-submissions-001.json
2009-03-12,4,0001225208-09-007030,2009-03-10,xslF345X03/doc4.xml,CIK0000012927-submissions-001.json
2009-03-12,4,0001225208-09-007029,2009-03-10,xslF345X03/doc4.xml,CIK0000012927-submissions-001.json
2009-03-13,8-K,0001193125-09-053952,2009-03-10,d8k.htm,CIK0000012927-submissions-001.json
2009-03-13,DEF 14A,0001193125-09-053455,2009-04-27,ddef14a.htm,CIK0000012927-submissions-001.json
2009-03-16,ARS,9999999997-09-014970,2008-12-31,9999999997-09-014970.paper,CIK0000012927-submissions-001.json
2009-04-03,4,0001225208-09-009862,2009-04-01,xslF345X03/doc4.xml,CIK0000012927-submissions-001.json
2009-04-03,4,0001225208-09-009861,2009-04-01,xslF345X03/doc4.xml,CIK0000012927-submissions-001.json
2009-04-03,4,0001225208-09-009860,2009-04-01,xslF345X03/doc4.xml,CIK0000012927-submissions-001.json
2009-04-03,4,0001225208-09-009859,2009-04-01,xslF345X03/doc4.xml,CIK0000012927-submissions-001.json
2009-04-03,4,0001225208-09-009858,2009-04-01,xslF345X03/doc4.xml,CIK0000012927-submissions-001.json
2009-04-03,4,0001225208-09-009857,2009-04-01,xslF345X03/doc4.xml,CIK0000012927-submissions-001.json
2009-04-03,4,0001225208-09-009856,2009-04-01,xslF345X03/doc4.xml,CIK0000012927-submissions-001.json
2009-04-03,4,0001225208-09-009855,2009-04-01,xslF345X03/doc4.xml,CIK0000012927-submissions-001.json
2009-04-09,8-K,0001193125-09-076544,2009-04-09,d8k.htm,CIK0000012927-submissions-001.json
2009-04-16,UPLOAD,0000000000-09-019971,,filename1.pdf,CIK0000012927-submissions-001.json
2009-04-22,10-Q,0001193125-09-084313,2009-03-31,d10q.htm,CIK0000012927-submissions-001.json
2009-04-22,8-K,0001193125-09-084108,2009-04-22,d8k.htm,CIK0000012927-submissions-001.json
2009-04-30,8-K,0001193125-09-094044,2009-04-27,d8k.htm,CIK0000012927-submissions-001.json
2009-05-08,CORRESP,0001193125-09-105599,,filename1.htm,CIK0000012927-submissions-001.json
2009-05-12,4,0001225208-09-012284,2009-05-11,xslF345X03/doc4.xml,CIK0000012927-submissions-001.json
2009-06-03,4,0001225208-09-013639,2009-06-01,xslF345X03/doc4.xml,CIK0000012927-submissions-001.json
2009-06-03,UPLOAD,0000000000-09-029518,,filename1.pdf,CIK0000012927-submissions-001.json
2009-06-09,3,0001225208-09-013925,2009-06-08,xslF345X02/doc3.xml,CIK0000012927-submissions-001.json
2009-06-09,8-K,0001193125-09-127777,2009-06-08,d8k.htm,CIK0000012927-submissions-001.json
2009-06-10,SC 13G/A,0000070858-09-000244,,boeingco.htm,CIK0000012927-submissions-001.json
2009-06-23,11-K,0001193125-09-135659,2008-12-31,d11k.htm,CIK0000012927-submissions-001.json
2009-06-23,11-K,0001193125-09-135657,2008-12-31,d11k.htm,CIK0000012927-submissions-001.json
2009-06-23,8-K,0001193125-09-135627,2009-06-23,d8k.htm,CIK0000012927-submissions-001.json
2009-06-24,4,0001225208-09-014418,2009-06-22,xslF345X03/doc4.xml,CIK0000012927-submissions-001.json
2009-06-25,8-K,0001193125-09-137283,2009-06-22,d8k.htm,CIK0000012927-submissions-001.json
2009-06-26,8-K,0001193125-09-139309,2009-06-22,d8k.htm,CIK0000012927-submissions-001.json
2009-07-06,4,0001225208-09-015356,2009-07-01,xslF345X03/doc4.xml,CIK0000012927-submissions-001.json
2009-07-06,4,0001225208-09-015355,2009-07-01,xslF345X03/doc4.xml,CIK0000012927-submissions-001.json
2009-07-06,4,0001225208-09-015354,2009-07-01,xslF345X03/doc4.xml,CIK0000012927-submissions-001.json
2009-07-06,4,0001225208-09-015353,2009-07-01,xslF345X03/doc4.xml,CIK0000012927-submissions-001.json
2009-07-06,4,0001225208-09-015352,2009-07-01,xslF345X03/doc4.xml,CIK0000012927-submissions-001.json
2009-07-06,4,0001225208-09-015351,2009-07-01,xslF345X03/doc4.xml,CIK0000012927-submissions-001.json
2009-07-06,4,0001225208-09-015350,2009-07-01,xslF345X03/doc4.xml,CIK0000012927-submissions-001.json
2009-07-06,4,0001225208-09-015349,2009-07-01,xslF345X03/doc4.xml,CIK0000012927-submissions-001.json
2009-07-06,4,0001225208-09-015348,2009-07-01,xslF345X03/doc4.xml,CIK0000012927-submissions-001.json
2009-07-07,8-K,0001193125-09-144858,2009-07-06,d8k.htm,CIK0000012927-submissions-001.json
2009-07-22,10-Q,0001193125-09-152905,2009-06-30,d10q.htm,CIK0000012927-submissions-001.json
2009-07-22,8-K,0001193125-09-152715,2009-07-22,d8k.htm,CIK0000012927-submissions-001.json
2009-07-23,424B3,0001193125-09-153640,,d424b3.htm,CIK0000012927-submissions-001.json
2009-07-23,FWP,0001193125-09-154098,,dfwp.htm,CIK0000012927-submissions-001.json
2009-07-23,S-8,0001193125-09-153788,,ds8.htm,CIK0000012927-submissions-001.json
2009-07-24,424B2,0001193125-09-154934,,d424b2.htm,CIK0000012927-submissions-001.json
2009-07-28,8-K,0001193125-09-156623,2009-07-23,d8k.htm,CIK0000012927-submissions-001.json
2009-08-27,8-K,0001193125-09-182582,2009-08-27,d8k.htm,CIK0000012927-submissions-001.json
2009-08-31,8-K,0001193125-09-184806,2009-08-26,d8k.htm,CIK0000012927-submissions-001.json
2009-09-11,3,0001225208-09-018738,2009-09-01,xslF345X02/doc3.xml,CIK0000012927-submissions-001.json
2009-09-15,8-K,0001193125-09-191797,2009-06-09,d8k.htm,CIK0000012927-submissions-001.json
2009-09-16,4,0001225208-09-018940,2009-09-14,xslF345X03/doc4.xml,CIK0000012927-submissions-001.json
2009-09-16,4,0001225208-09-018939,2009-09-14,xslF345X03/doc4.xml,CIK0000012927-submissions-001.json
2009-09-30,UPLOAD,0000000000-09-055234,,filename1.pdf,CIK0000012927-submissions-001.json
2009-10-05,4,0001225208-09-020156,2009-10-01,xslF345X03/doc4.xml,CIK0000012927-submissions-001.json
2009-10-05,4,0001225208-09-020155,2009-10-01,xslF345X03/doc4.xml,CIK0000012927-submissions-001.json
2009-10-05,4,0001225208-09-020154,2009-10-01,xslF345X03/doc4.xml,CIK0000012927-submissions-001.json
2009-10-05,4,0001225208-09-020153,2009-10-01,xslF345X03/doc4.xml,CIK0000012927-submissions-001.json
2009-10-05,4,0001225208-09-020152,2009-10-01,xslF345X03/doc4.xml,CIK0000012927-submissions-001.json
2009-10-05,4,0001225208-09-020151,2009-10-01,xslF345X03/doc4.xml,CIK0000012927-submissions-001.json
2009-10-05,4,0001225208-09-020150,2009-10-01,xslF345X03/doc4.xml,CIK0000012927-submissions-001.json
2009-10-05,4,0001225208-09-020149,2009-10-01,xslF345X03/doc4.xml,CIK0000012927-submissions-001.json
2009-10-05,4,0001225208-09-020148,2009-10-01,xslF345X03/doc4.xml,CIK0000012927-submissions-001.json
2009-10-06,8-K,0001193125-09-204033,2009-10-06,d8k.htm,CIK0000012927-submissions-001.json
2009-10-09,8-K,0001193125-09-205983,2009-10-07,d8k.htm,CIK0000012927-submissions-001.json
2009-10-14,3,0001225208-09-020503,2009-10-07,xslF345X02/doc3.xml,CIK0000012927-submissions-001.json
2009-10-14,CORRESP,0001193125-09-207923,,filename1.htm,CIK0000012927-submissions-001.json
2009-10-21,10-Q,0001193125-09-210918,2009-09-30,d10q.htm,CIK0000012927-submissions-001.json
2009-10-21,8-K,0001193125-09-210777,2009-10-21,d8k.htm,CIK0000012927-submissions-001.json
2009-10-23,UPLOAD,0000000000-09-059876,,filename1.pdf,CIK0000012927-submissions-001.json
2009-10-27,4,0001225208-09-021011,2009-10-25,xslF345X03/doc4.xml,CIK0000012927-submissions-001.json
2009-10-29,8-K,0001193125-09-217488,2009-10-25,d8k.htm,CIK0000012927-submissions-001.json
2009-11-05,8-K,0001193125-09-225187,2009-11-05,d8k.htm,CIK0000012927-submissions-001.json
2009-11-06,4,0001225208-09-021826,2009-11-05,xslF345X03/doc4.xml,CIK0000012927-submissions-001.json
2009-11-10,8-K,0001193125-09-230185,2009-11-09,d8k.htm,CIK0000012927-submissions-001.json
2009-11-10,S-3ASR,0001193125-09-230620,,ds3asr.htm,CIK0000012927-submissions-001.json
2009-11-13,8-K,0001193125-09-234368,2009-11-13,d8k.htm,CIK0000012927-submissions-001.json
2009-11-17,424B3,0001193125-09-236329,,d424b3.htm,CIK0000012927-submissions-001.json
2009-11-17,8-K,0001193125-09-236349,2009-11-13,d8k.htm,CIK0000012927-submissions-001.json
2009-11-17,FWP,0001193125-09-236670,,dfwp.htm,CIK0000012927-submissions-001.json
2009-11-18,424B2,0001193125-09-237434,,d424b2.htm,CIK0000012927-submissions-001.json
2009-11-20,8-K,0001193125-09-238921,2009-11-17,d8k.htm,CIK0000012927-submissions-001.json
2009-12-09,SC 13G/A,0001172661-09-001575,,ba113009a1.txt,CIK0000012927-submissions-001.json
2009-12-10,S-8,0001193125-09-250650,,ds8.htm,CIK0000012927-submissions-001.json
2010-01-06,4,0001225208-10-001034,2009-09-25,xslF345X03/doc4.xml,CIK0000012927-submissions-001.json
2010-01-06,4,0001225208-10-000981,2010-01-04,xslF345X03/doc4.xml,CIK0000012927-submissions-001.json
2010-01-06,4,0001225208-10-000980,2010-01-04,xslF345X03/doc4.xml,CIK0000012927-submissions-001.json
2010-01-06,4,0001225208-10-000979,2010-01-04,xslF345X03/doc4.xml,CIK0000012927-submissions-001.json
2010-01-06,4,0001225208-10-000978,2010-01-04,xslF345X03/doc4.xml,CIK0000012927-submissions-001.json
2010-01-06,4,0001225208-10-000977,2010-01-04,xslF345X03/doc4.xml,CIK0000012927-submissions-001.json
2010-01-06,4,0001225208-10-000976,2010-01-04,xslF345X03/doc4.xml,CIK0000012927-submissions-001.json
2010-01-06,4,0001225208-10-000975,2010-01-04,xslF345X03/doc4.xml,CIK0000012927-submissions-001.json
2010-01-06,4,0001225208-10-000974,2010-01-04,xslF345X03/doc4.xml,CIK0000012927-submissions-001.json
2010-01-06,4,0001225208-10-000973,2010-01-04,xslF345X03/doc4.xml,CIK0000012927-submissions-001.json
2010-01-06,4,0001225208-10-000972,2010-01-04,xslF345X03/doc4.xml,CIK0000012927-submissions-001.json
2010-01-06,4,0001225208-10-000971,2010-01-04,xslF345X03/doc4.xml,CIK0000012927-submissions-001.json
2010-01-27,8-K,0001193125-10-013708,2010-01-27,d8k.htm,CIK0000012927-submissions-001.json
2010-01-27,NO ACT,9999999997-10-002250,2009-12-21,9999999997-10-002250.paper,CIK0000012927-submissions-001.json
2010-01-29,15-15D,0001193125-10-016944,,d1515d.htm,CIK0000012927-submissions-001.json
2010-01-29,NO ACT,9999999997-10-003924,2009-12-21,9999999997-10-003924.paper,CIK0000012927-submissions-001.json
2010-02-01,4,0001225208-10-002892,2009-07-22,xslF345X03/doc4.xml,CIK0000012927-submissions-001.json
2010-02-01,4,0001225208-10-002891,2010-02-01,xslF345X03/doc4.xml,CIK0000012927-submissions-001.json
2010-02-01,4,0001225208-10-002890,2010-02-01,xslF345X03/doc4.xml,CIK0000012927-submissions-001.json
2010-02-01,4,0001225208-10-002889,2010-02-01,xslF345X03/doc4.xml,CIK0000012927-submissions-001.json
2010-02-01,NO ACT,9999999997-10-002258,2009-12-21,9999999997-10-002258.paper,CIK0000012927-submissions-001.json
2010-02-03,4,0001225208-10-003369,2010-02-02,xslF345X03/doc4.xml,CIK0000012927-submissions-001.json
2010-02-03,5,0001225208-10-003370,2009-12-31,xslF345X03/doc5.xml,CIK0000012927-submissions-001.json
2010-02-03,NO ACT,9999999997-10-003926,2009-12-21,9999999997-10-003926.paper,CIK0000012927-submissions-001.json
2010-02-05,4,0001225208-10-003613,2010-02-04,xslF345X03/doc4.xml,CIK0000012927-submissions-001.json
2010-02-05,NO ACT,9999999997-10-003927,2009-12-21,9999999997-10-003927.paper,CIK0000012927-submissions-001.json
2010-02-08,10-K,0001193125-10-024406,2009-12-31,d10k.htm,CIK0000012927-submissions-001.json
2010-02-08,NO ACT,9999999997-10-004477,2009-12-02,9999999997-10-004477.paper,CIK0000012927-submissions-001.json
2010-02-09,8-K,0001193125-10-025697,2010-02-08,d8k.htm,CIK0000012927-submissions-001.json
2010-02-11,3,0001225208-10-004071,2010-02-10,xslF345X02/doc3.xml,CIK0000012927-submissions-001.json
2010-02-11,8-K,0001193125-10-027505,2010-02-10,d8k.htm,CIK0000012927-submissions-001.json
2010-02-11,SC 13G/A,0001172661-10-000081,,ba123109a2.txt,CIK0000012927-submissions-001.json
2010-02-11,SC 13G/A,0001422849-10-000475,,edgba.txt,CIK0000012927-submissions-001.json
2010-02-12,4,0001225208-10-004297,2010-02-11,xslF345X03/doc4.xml,CIK0000012927-submissions-001.json
2010-02-12,SC 13G,0000093748-10-000097,,boeing09.txt,CIK0000012927-submissions-001.json
2010-02-12,SC 13G/A,0000093748-10-000056,,boeingext09.txt,CIK0000012927-submissions-001.json
2010-02-17,3,0001225208-10-004650,2010-02-09,xslF345X02/doc3.xml,CIK0000012927-submissions-001.json
2010-02-24,4,0001225208-10-005542,2010-02-22,xslF345X03/doc4.xml,CIK0000012927-submissions-001.json
2010-02-24,4,0001225208-10-005541,2010-02-22,xslF345X03/doc4.xml,CIK0000012927-submissions-001.json
2010-02-24,4,0001225208-10-005540,2010-02-22,xslF345X03/doc4.xml,CIK0000012927-submissions-001.json
2010-02-24,4,0001225208-10-005539,2010-02-22,xslF345X03/doc4.xml,CIK0000012927-submissions-001.json
2010-02-24,4,0001225208-10-005538,2010-02-22,xslF345X03/doc4.xml,CIK0000012927-submissions-001.json
2010-02-24,4,0001225208-10-005537,2010-02-22,xslF345X03/doc4.xml,CIK0000012927-submissions-001.json
2010-02-24,4,0001225208-10-005536,2010-02-22,xslF345X03/doc4.xml,CIK0000012927-submissions-001.json
2010-02-24,4,0001225208-10-005535,2010-02-22,xslF345X03/doc4.xml,CIK0000012927-submissions-001.json
2010-02-24,4,0001225208-10-005534,2010-02-22,xslF345X03/doc4.xml,CIK0000012927-submissions-001.json
2010-02-24,4,0001225208-10-005532,2010-02-22,xslF345X03/doc4.xml,CIK0000012927-submissions-001.json
2010-02-24,4,0001225208-10-005531,2010-02-22,xslF345X03/doc4.xml,CIK0000012927-submissions-001.json
2010-02-24,4,0001225208-10-005530,2010-02-22,xslF345X03/doc4.xml,CIK0000012927-submissions-001.json
2010-02-26,8-K,0001193125-10-042601,2010-02-22,d8k.htm,CIK0000012927-submissions-001.json
2010-03-04,PRE 14A,0001193125-10-047326,2010-03-04,dpre14a.htm,CIK0000012927-submissions-001.json
2010-03-10,8-K,0001193125-10-052429,2010-03-05,d8k.htm,CIK0000012927-submissions-001.json
2010-03-15,DEF 14A,0001193125-10-056985,2010-04-26,ddef14a.htm,CIK0000012927-submissions-001.json
2010-03-16,ARS,9999999997-10-006673,2009-12-31,9999999997-10-006673.paper,CIK0000012927-submissions-001.json
2010-03-31,8-K,0001193125-10-072743,2010-03-31,d8k.htm,CIK0000012927-submissions-001.json
2010-04-05,4,0001225208-10-009893,2010-04-01,xslF345X03/doc4.xml,CIK0000012927-submissions-001.json
2010-04-05,4,0001225208-10-009892,2010-04-01,xslF345X03/doc4.xml,CIK0000012927-submissions-001.json
2010-04-05,4,0001225208-10-009891,2010-04-01,xslF345X03/doc4.xml,CIK0000012927-submissions-001.json
2010-04-05,4,0001225208-10-009890,2010-04-01,xslF345X03/doc4.xml,CIK0000012927-submissions-001.json
2010-04-05,4,0001225208-10-009889,2010-04-01,xslF345X03/doc4.xml,CIK0000012927-submissions-001.json
2010-04-05,4,0001225208-10-009888,2010-04-01,xslF345X03/doc4.xml,CIK0000012927-submissions-001.json
2010-04-05,4,0001225208-10-009887,2010-04-01,xslF345X03/doc4.xml,CIK0000012927-submissions-001.json
2010-04-05,4,0001225208-10-009886,2010-04-01,xslF345X03/doc4.xml,CIK0000012927-submissions-001.json
2010-04-05,4,0001225208-10-009885,2010-04-01,xslF345X03/doc4.xml,CIK0000012927-submissions-001.json
2010-04-05,4,0001225208-10-009878,2010-04-01,xslF345X03/doc4.xml,CIK0000012927-submissions-001.json
2010-04-05,4,0001225208-10-009877,2010-04-01,xslF345X03/doc4.xml,CIK0000012927-submissions-001.json
2010-04-21,10-Q,0001193125-10-088623,2010-03-31,d10q.htm,CIK0000012927-submissions-001.json
2010-04-21,8-K,0001193125-10-088355,2010-04-21,d8k.htm,CIK0000012927-submissions-001.json
2010-04-28,4,0001225208-10-011206,2010-04-26,xslF345X03/doc4.xml,CIK0000012927-submissions-001.json
2010-04-28,4,0001225208-10-011205,2010-04-26,xslF345X03/doc4.xml,CIK0000012927-submissions-001.json
2010-04-28,4,0001225208-10-011204,2010-04-26,xslF345X03/doc4.xml,CIK0000012927-submissions-001.json
2010-04-28,4,0001225208-10-011203,2010-04-26,xslF345X03/doc4.xml,CIK0000012927-submissions-001.json
2010-04-28,8-K,0001193125-10-096686,2010-04-26,d8k.htm,CIK0000012927-submissions-001.json
2010-04-29,4,0001225208-10-011303,2010-04-28,xslF345X03/doc4.xml,CIK0000012927-submissions-001.json
2010-04-29,4,0001225208-10-011302,2010-04-28,xslF345X03/doc4.xml,CIK0000012927-submissions-001.json
2010-04-30,4,0001225208-10-011488,2010-04-29,xslF345X03/doc4.xml,CIK0000012927-submissions-001.json
2010-05-03,4,0001225208-10-011710,2010-04-30,xslF345X03/doc4.xml,CIK0000012927-submissions-001.json
2010-05-12,4,0001225208-10-012690,2010-05-10,xslF345X03/doc4.xml,CIK0000012927-submissions-001.json
2010-05-12,CORRESP,0001193125-10-117026,,filename1.htm,CIK0000012927-submissions-001.json
2010-05-28,3/A,0001225208-10-014208,2010-02-09,xslF345X02/doc3a.xml,CIK0000012927-submissions-001.json
2010-06-03,4,0001225208-10-014692,2010-06-01,xslF345X03/doc4.xml,CIK0000012927-submissions-001.json
2010-06-04,UPLOAD,0000000000-10-031312,,filename1.pdf,CIK0000012927-submissions-001.json
2010-06-07,UPLOAD,0000000000-10-031452,,filename1.pdf,CIK0000012927-submissions-001.json
2010-06-10,3,0001225208-10-014943,2010-06-07,xslF345X02/doc3.xml,CIK0000012927-submissions-001.json
2010-06-10,8-K,0001193125-10-136846,2010-06-07,d8k.htm,CIK0000012927-submissions-001.json
2010-06-21,11-K,0001193125-10-143123,2009-12-31,d11k.htm,CIK0000012927-submissions-001.json
2010-06-30,SC TO-C,0000950123-10-062862,,c58915sctovc.htm,CIK0000012927-submissions-001.json
2010-07-06,4,0001225208-10-016747,2010-07-01,xslF345X03/doc4.xml,CIK0000012927-submissions-001.json
2010-07-06,4,0001225208-10-016701,2010-07-01,xslF345X03/doc4.xml,CIK0000012927-submissions-001.json
2010-07-06,4,0001225208-10-016700,2010-07-01,xslF345X03/doc4.xml,CIK0000012927-submissions-001.json
2010-07-06,4,0001225208-10-016699,2010-07-01,xslF345X03/doc4.xml,CIK0000012927-submissions-001.json
2010-07-06,4,0001225208-10-016698,2010-07-01,xslF345X03/doc4.xml,CIK0000012927-submissions-001.json
2010-07-06,4,0001225208-10-016697,2010-07-01,xslF345X03/doc4.xml,CIK0000012927-submissions-001.json
2010-07-06,4,0001225208-10-016696,2010-07-01,xslF345X03/doc4.xml,CIK0000012927-submissions-001.json
2010-07-06,4,0001225208-10-016695,2010-07-01,xslF345X03/doc4.xml,CIK0000012927-submissions-001.json
2010-07-06,4,0001225208-10-016694,2010-07-01,xslF345X03/doc4.xml,CIK0000012927-submissions-001.json
2010-07-06,4,0001225208-10-016693,2010-07-01,xslF345X03/doc4.xml,CIK0000012927-submissions-001.json
2010-07-06,4,0001225208-10-016692,2010-07-01,xslF345X03/doc4.xml,CIK0000012927-submissions-001.json
2010-07-06,4,0001225208-10-016691,2010-07-01,xslF345X03/doc4.xml,CIK0000012927-submissions-001.json
2010-07-08,SC TO-T,0000950123-10-064175,,c58940sctovt.htm,CIK0000012927-submissions-001.json
2010-07-12,3,0001209191-10-038139,2010-06-30,xslF345X02/c03378_3x1.xml,CIK0000012927-submissions-001.json
2010-07-12,SC 13D,0000950123-10-064877,,c59059sc13d.htm,CIK0000012927-submissions-001.json
2010-07-12,SC TO-T/A,0000950123-10-064680,,c58940a1sctovtza.htm,CIK0000012927-submissions-001.json
2010-07-15,SC TO-T/A,0000950123-10-065593,,c58940a2sctovtza.htm,CIK0000012927-submissions-001.json
2010-07-20,SC TO-T/A,0000950123-10-066576,,c58940a3sctovtza.htm,CIK0000012927-submissions-001.json
2010-07-26,SC TO-T/A,0000950123-10-068139,,c59335a4sctovtza.htm,CIK0000012927-submissions-001.json
2010-07-28,10-Q,0001193125-10-168724,2010-06-30,d10q.htm,CIK0000012927-submissions-001.json
2010-07-28,8-K,0001193125-10-168093,2010-07-28,d8k.htm,CIK0000012927-submissions-001.json
2010-08-04,SC TO-T/A,0000950123-10-072635,,c59542a5sctovtza.htm,CIK0000012927-submissions-001.json
2010-08-05,SC TO-T/A,0000950123-10-073332,,c59542a6sctovtza.htm,CIK0000012927-submissions-001.json
2010-08-06,4,0001209191-10-041644,2010-08-05,xslF345X03/c04524_4x0.xml,CIK0000012927-submissions-001.json
2010-08-27,8-K,0001193125-10-198766,2010-08-27,d8k.htm,CIK0000012927-submissions-001.json
2010-09-01,4,0001225208-10-020145,2010-08-30,xslF345X03/doc4.xml,CIK0000012927-submissions-001.json
2010-10-05,4,0001225208-10-022290,2010-10-01,xslF345X03/doc4.xml,CIK0000012927-submissions-001.json
2010-10-05,4,0001225208-10-022289,2010-10-01,xslF345X03/doc4.xml,CIK0000012927-submissions-001.json
2010-10-05,4,0001225208-10-022287,2010-10-01,xslF345X03/doc4.xml,CIK0000012927-submissions-001.json
2010-10-05,4,0001225208-10-022285,2010-10-01,xslF345X03/doc4.xml,CIK0000012927-submissions-001.json
2010-10-05,4,0001225208-10-022283,2010-10-01,xslF345X03/doc4.xml,CIK0000012927-submissions-001.json
2010-10-05,4,0001225208-10-022281,2010-10-01,xslF345X03/doc4.xml,CIK0000012927-submissions-001.json
2010-10-05,4,0001225208-10-022280,2010-10-01,xslF345X03/doc4.xml,CIK0000012927-submissions-001.json
2010-10-05,4,0001225208-10-022278,2010-10-01,xslF345X03/doc4.xml,CIK0000012927-submissions-001.json
2010-10-05,4,0001225208-10-022277,2010-10-01,xslF345X03/doc4.xml,CIK0000012927-submissions-001.json
2010-10-05,4,0001225208-10-022275,2010-10-01,xslF345X03/doc4.xml,CIK0000012927-submissions-001.json
2010-10-05,4,0001225208-10-022274,2010-10-01,xslF345X03/doc4.xml,CIK0000012927-submissions-001.json
2010-10-05,4,0001225208-10-022273,2010-10-01,xslF345X03/doc4.xml,CIK0000012927-submissions-001.json
2010-10-05,4,0001225208-10-022264,2010-10-01,xslF345X03/doc4.xml,CIK0000012927-submissions-001.json
2010-10-20,10-Q,0001193125-10-232425,2010-09-30,d10q.htm,CIK0000012927-submissions-001.json
2010-10-20,8-K,0001193125-10-232203,2010-10-20,d8k.htm,CIK0000012927-submissions-001.json
2010-10-29,4,0001225208-10-023653,2010-10-27,xslF345X03/doc4.xml,CIK0000012927-submissions-001.json
2010-11-01,4,0001225208-10-023878,2010-10-28,xslF345X03/doc4.xml,CIK0000012927-submissions-001.json
2010-11-01,4,0001225208-10-023877,2010-10-28,xslF345X03/doc4.xml,CIK0000012927-submissions-001.json
2010-11-01,4,0001225208-10-023873,2010-10-28,xslF345X03/doc4.xml,CIK0000012927-submissions-001.json
2010-11-02,3/A,0001137638-10-000002,2010-02-09,xslF345X02/primary_doc.xml,CIK0000012927-submissions-001.json
2010-11-02,4,0001225208-10-023996,2010-10-29,xslF345X03/doc4.xml,CIK0000012927-submissions-001.json
2010-11-03,4,0001225208-10-024183,2010-11-03,xslF345X03/doc4.xml,CIK0000012927-submissions-001.json
2010-11-16,8-K,0001193125-10-262146,2010-11-12,d8k.htm,CIK0000012927-submissions-001.json
2010-12-03,8-K,0001193125-10-273463,2010-12-02,d8k.htm,CIK0000012927-submissions-001.json
2010-12-06,3,0001225208-10-026453,2010-12-02,xslF345X02/doc3.xml,CIK0000012927-submissions-001.json
2011-01-04,4,0001225208-11-000726,2011-01-03,xslF345X03/doc4.xml,CIK0000012927-submissions-001.json
2011-01-04,4,0001225208-11-000725,2011-01-03,xslF345X03/doc4.xml,CIK0000012927-submissions-001.json
2011-01-04,4,0001225208-11-000724,2011-01-03,xslF345X03/doc4.xml,CIK0000012927-submissions-001.json
2011-01-04,4,0001225208-11-000722,2011-01-03,xslF345X03/doc4.xml,CIK0000012927-submissions-001.json
2011-01-04,4,0001225208-11-000720,2011-01-03,xslF345X03/doc4.xml,CIK0000012927-submissions-001.json
2011-01-04,4,0001225208-11-000719,2011-01-03,xslF345X03/doc4.xml,CIK0000012927-submissions-001.json
2011-01-04,4,0001225208-11-000718,2011-01-03,xslF345X03/doc4.xml,CIK0000012927-submissions-001.json
2011-01-04,4,0001225208-11-000717,2011-01-03,xslF345X03/doc4.xml,CIK0000012927-submissions-001.json
2011-01-04,4,0001225208-11-000716,2011-01-03,xslF345X03/doc4.xml,CIK0000012927-submissions-001.json
2011-01-04,4,0001225208-11-000703,2011-01-03,xslF345X03/doc4.xml,CIK0000012927-submissions-001.json
2011-01-04,4,0001225208-11-000699,2011-01-03,xslF345X03/doc4.xml,CIK0000012927-submissions-001.json
2011-01-04,4,0001225208-11-000697,2011-01-03,xslF345X03/doc4.xml,CIK0000012927-submissions-001.json
2011-01-04,4,0001225208-11-000696,2011-01-03,xslF345X03/doc4.xml,CIK0000012927-submissions-001.json
2011-01-05,4,0001225208-11-001094,2011-01-03,xslF345X03/doc4.xml,CIK0000012927-submissions-001.json
2011-01-11,8-K,0001193125-11-005963,2011-01-07,d8k.htm,CIK0000012927-submissions-001.json
2011-01-26,8-K,0001193125-11-014362,2011-01-26,d8k.htm,CIK0000012927-submissions-001.json
2011-01-28,5,0001225208-11-004188,2010-12-31,xslF345X03/doc5.xml,CIK0000012927-submissions-001.json
2011-01-28,5,0001225208-11-004187,2010-12-31,xslF345X03/doc5.xml,CIK0000012927-submissions-001.json
2011-01-28,5,0001225208-11-004186,2010-12-31,xslF345X03/doc5.xml,CIK0000012927-submissions-001.json
2011-01-31,4,0001225208-11-004245,2011-01-31,xslF345X03/doc4.xml,CIK0000012927-submissions-001.json
2011-02-04,4,0001225208-11-004821,2011-02-02,xslF345X03/doc4.xml,CIK0000012927-submissions-001.json
2011-02-04,NO ACT,9999999997-11-000932,2010-12-21,9999999997-11-000932.paper,CIK0000012927-submissions-001.json
2011-02-08,4,0001225208-11-004990,2011-02-07,xslF345X03/doc4.xml,CIK0000012927-submissions-001.json
2011-02-09,10-K,0001193125-11-028490,2010-12-31,d10k.htm,CIK0000012927-submissions-001.json
2011-02-09,4,0001225208-11-005185,2011-02-08,xslF345X03/doc4.xml,CIK0000012927-submissions-001.json
2011-02-09,4,0001225208-11-005184,2011-02-08,xslF345X03/doc4.xml,CIK0000012927-submissions-001.json
2011-02-11,SC 13G,0000093748-11-000012,,boeing10.txt,CIK0000012927-submissions-001.json
2011-02-14,NO ACT,9999999997-11-001456,2010-12-21,9999999997-11-001456.paper,CIK0000012927-submissions-001.json
2011-02-14,SC 13G/A,0001172661-11-000196,,ba123110a3.txt,CIK0000012927-submissions-001.json
2011-02-14,SC 13G/A,0001422849-11-000165,,edgba.txt,CIK0000012927-submissions-001.json
2011-02-17,4,0001225208-11-006337,2011-02-15,xslF345X03/doc4.xml,CIK0000012927-submissions-001.json
2011-02-17,NO ACT,9999999997-11-001743,2010-12-22,9999999997-11-001743.paper,CIK0000012927-submissions-001.json
2011-02-24,4,0001225208-11-007256,2011-02-22,xslF345X03/doc4.xml,CIK0000012927-submissions-001.json
2011-02-24,4,0001225208-11-007255,2011-02-22,xslF345X03/doc4.xml,CIK0000012927-submissions-001.json
2011-02-24,4,0001225208-11-007254,2011-02-22,xslF345X03/doc4.xml,CIK0000012927-submissions-001.json
2011-02-24,4,0001225208-11-007253,2011-02-22,xslF345X03/doc4.xml,CIK0000012927-submissions-001.json
2011-02-24,4,0001225208-11-007252,2011-02-22,xslF345X03/doc4.xml,CIK0000012927-submissions-001.json
2011-02-24,4,0001225208-11-007251,2011-02-22,xslF345X03/doc4.xml,CIK0000012927-submissions-001.json
2011-02-24,4,0001225208-11-007250,2011-02-22,xslF345X03/doc4.xml,CIK0000012927-submissions-001.json
2011-02-24,4,0001225208-11-007249,2011-02-22,xslF345X03/doc4.xml,CIK0000012927-submissions-001.json
2011-02-24,4,0001225208-11-007248,2011-02-22,xslF345X03/doc4.xml,CIK0000012927-submissions-001.json
2011-02-24,4,0001225208-11-007247,2011-02-22,xslF345X03/doc4.xml,CIK0000012927-submissions-001.json
2011-02-24,4,0001225208-11-007246,2011-02-22,xslF345X03/doc4.xml,CIK0000012927-submissions-001.json
2011-02-24,4,0001225208-11-007245,2011-02-22,xslF345X03/doc4.xml,CIK0000012927-submissions-001.json
2011-03-02,NO ACT,9999999997-11-003162,2011-02-04,9999999997-11-003162.paper,CIK0000012927-submissions-001.json
2011-03-18,DEF 14A,0001193125-11-071122,2011-05-02,ddef14a.htm,CIK0000012927-submissions-001.json
2011-03-21,ARS,9999999997-11-006050,2010-12-31,9999999997-11-006050.paper,CIK0000012927-submissions-001.json
2011-04-05,4,0001225208-11-011286,2011-04-01,xslF345X03/doc4.xml,CIK0000012927-submissions-001.json
2011-04-05,4,0001225208-11-011240,2011-04-01,xslF345X03/doc4.xml,CIK0000012927-submissions-001.json
2011-04-05,4,0001225208-11-011238,2011-04-01,xslF345X03/doc4.xml,CIK0000012927-submissions-001.json
2011-04-05,4,0001225208-11-011236,2011-04-01,xslF345X03/doc4.xml,CIK0000012927-submissions-001.json
2011-04-05,4,0001225208-11-011237,2011-04-01,xslF345X03/doc4.xml,CIK0000012927-submissions-001.json
2011-04-05,4,0001225208-11-011227,2011-04-01,xslF345X03/doc4.xml,CIK0000012927-submissions-001.json
2011-04-05,4,0001225208-11-011226,2011-04-01,xslF345X03/doc4.xml,CIK0000012927-submissions-001.json
2011-04-05,4,0001225208-11-011213,2011-04-01,xslF345X03/doc4.xml,CIK0000012927-submissions-001.json
2011-04-05,4,0001225208-11-011212,2011-04-01,xslF345X03/doc4.xml,CIK0000012927-submissions-001.json
2011-04-05,4,0001225208-11-011211,2011-04-01,xslF345X03/doc4.xml,CIK0000012927-submissions-001.json
2011-04-05,4,0001225208-11-011209,2011-04-01,xslF345X03/doc4.xml,CIK0000012927-submissions-001.json
2011-04-05,4,0001225208-11-011208,2011-04-01,xslF345X03/doc4.xml,CIK0000012927-submissions-001.json
2011-04-06,UPLOAD,0000000000-11-021170,,filename1.pdf,CIK0000012927-submissions-001.json
2011-04-13,CORRESP,0001193125-11-096465,,filename1.htm,CIK0000012927-submissions-001.json
2011-04-13,UPLOAD,0000000000-11-023258,,filename1.pdf,CIK0000012927-submissions-001.json
2011-04-27,10-Q,0001193125-11-111215,2011-03-31,d10q.htm,CIK0000012927-submissions-001.json
2011-04-27,8-K,0001193125-11-110686,2011-04-27,d8k.htm,CIK0000012927-submissions-001.json
2011-05-03,8-K,0001193125-11-123656,2011-05-02,d8k.htm,CIK0000012927-submissions-001.json
2011-05-04,4,0001225208-11-013174,2011-05-04,xslF345X03/doc4.xml,CIK0000012927-submissions-001.json
2011-05-04,4,0001225208-11-013173,2011-05-03,xslF345X03/doc4.xml,CIK0000012927-submissions-001.json
2011-05-04,4,0001225208-11-013172,2011-05-02,xslF345X03/doc4.xml,CIK0000012927-submissions-001.json
2011-05-04,4,0001225208-11-013171,2011-05-02,xslF345X03/doc4.xml,CIK0000012927-submissions-001.json
2011-05-04,4,0001225208-11-013170,2011-05-02,xslF345X03/doc4.xml,CIK0000012927-submissions-001.json
2011-05-12,4,0001225208-11-014134,2011-05-10,xslF345X03/doc4.xml,CIK0000012927-submissions-001.json
2011-06-02,4,0001225208-11-015743,2011-05-31,xslF345X03/doc4.xml,CIK0000012927-submissions-001.json
2011-06-07,4,0001225208-11-016055,2011-06-03,xslF345X03/doc4.xml,CIK0000012927-submissions-001.json
2011-06-14,8-K,0001193125-11-164654,2011-06-13,d8k.htm,CIK0000012927-submissions-001.json
2011-06-27,11-K,0001193125-11-174488,2010-12-31,d11k.htm,CIK0000012927-submissions-001.json
2011-07-06,4,0001225208-11-017628,2011-07-01,xslF345X03/doc4.xml,CIK0000012927-submissions-001.json
2011-07-06,4,0001225208-11-017629,2011-07-01,xslF345X03/doc4.xml,CIK0000012927-submissions-001.json
2011-07-06,4,0001225208-11-017627,2011-07-01,xslF345X03/doc4.xml,CIK0000012927-submissions-001.json
2011-07-06,4,0001225208-11-017626,2011-07-01,xslF345X03/doc4.xml,CIK0000012927-submissions-001.json
2011-07-06,4,0001225208-11-017625,2011-07-01,xslF345X03/doc4.xml,CIK0000012927-submissions-001.json
2011-07-06,4,0001225208-11-017624,2011-07-01,xslF345X03/doc4.xml,CIK0000012927-submissions-001.json
2011-07-06,4,0001225208-11-017623,2011-07-01,xslF345X03/doc4.xml,CIK0000012927-submissions-001.json
2011-07-06,4,0001225208-11-017622,2011-07-01,xslF345X03/doc4.xml,CIK0000012927-submissions-001.json
2011-07-06,4,0001225208-11-017621,2011-07-01,xslF345X03/doc4.xml,CIK0000012927-submissions-001.json
2011-07-06,4,0001225208-11-017620,2011-07-01,xslF345X03/doc4.xml,CIK0000012927-submissions-001.json
2011-07-27,10-Q,0001193125-11-198584,2011-06-30,d10q.htm,CIK0000012927-submissions-001.json
2011-07-27,8-K,0001193125-11-198004,2011-07-27,d8k.htm,CIK0000012927-submissions-001.json
2011-08-11,4,0001225208-11-019720,2011-08-11,xslF345X03/doc4.xml,CIK0000012927-submissions-001.json
2011-08-30,8-K,0001193125-11-236668,2011-08-29,d8k.htm,CIK0000012927-submissions-001.json
2011-08-30,8-K/A,0001193125-11-236676,2011-05-02,d8ka.htm,CIK0000012927-submissions-001.json
2011-10-04,8-K,0001193125-11-263619,2011-10-03,d239192d8k.htm,CIK0000012927-submissions-001.json
2011-10-05,3,0001225208-11-023021,2011-10-03,xslF345X02/doc3.xml,CIK0000012927-submissions-001.json
2011-10-05,4,0001225208-11-023053,2011-10-03,xslF345X03/doc4.xml,CIK0000012927-submissions-001.json
2011-10-05,4,0001225208-11-023032,2011-10-03,xslF345X03/doc4.xml,CIK0000012927-submissions-001.json
2011-10-05,4,0001225208-11-023031,2011-10-03,xslF345X03/doc4.xml,CIK0000012927-submissions-001.json
2011-10-05,4,0001225208-11-023030,2011-10-03,xslF345X03/doc4.xml,CIK0000012927-submissions-001.json
2011-10-05,4,0001225208-11-023029,2011-10-03,xslF345X03/doc4.xml,CIK0000012927-submissions-001.json
2011-10-05,4,0001225208-11-023028,2011-10-03,xslF345X03/doc4.xml,CIK0000012927-submissions-001.json
2011-10-05,4,0001225208-11-023027,2011-10-03,xslF345X03/doc4.xml,CIK0000012927-submissions-001.json
2011-10-05,4,0001225208-11-023025,2011-10-03,xslF345X03/doc4.xml,CIK0000012927-submissions-001.json
2011-10-05,4,0001225208-11-023024,2011-10-03,xslF345X03/doc4.xml,CIK0000012927-submissions-001.json
2011-10-05,4,0001225208-11-023023,2011-10-03,xslF345X03/doc4.xml,CIK0000012927-submissions-001.json
2011-10-05,4,0001225208-11-023022,2011-10-03,xslF345X03/doc4.xml,CIK0000012927-submissions-001.json
2011-10-26,10-Q,0001193125-11-281613,2011-09-30,d228887d10q.htm,CIK0000012927-submissions-001.json
2011-10-26,8-K,0001193125-11-281198,2011-10-26,d245728d8k.htm,CIK0000012927-submissions-001.json
2011-11-01,8-K,0001193125-11-290280,2011-10-31,d249590d8k.htm,CIK0000012927-submissions-001.json
2011-11-03,4,0001225208-11-024311,2011-11-03,xslF345X03/doc4.xml,CIK0000012927-submissions-001.json
2011-11-03,4,0001225208-11-024310,2011-11-02,xslF345X03/doc4.xml,CIK0000012927-submissions-001.json
2011-11-14,8-K,0001193125-11-311426,2011-11-10,d255697d8k.htm,CIK0000012927-submissions-001.json
2011-11-16,4,0001225208-11-024979,2011-11-15,xslF345X03/doc4.xml,CIK0000012927-submissions-001.json
2011-12-15,8-K/A,0001193125-11-342489,2011-10-31,d271968d8ka.htm,CIK0000012927-submissions-001.json
2012-01-05,4,0001225208-12-000882,2012-01-03,xslF345X03/doc4.xml,CIK0000012927-submissions-001.json
2012-01-05,4,0001225208-12-000881,2012-01-03,xslF345X03/doc4.xml,CIK0000012927-submissions-001.json
2012-01-05,4,0001225208-12-000880,2012-01-03,xslF345X03/doc4.xml,CIK0000012927-submissions-001.json
2012-01-05,4,0001225208-12-000879,2012-01-03,xslF345X03/doc4.xml,CIK0000012927-submissions-001.json
2012-01-05,4,0001225208-12-000878,2012-01-03,xslF345X03/doc4.xml,CIK0000012927-submissions-001.json
2012-01-05,4,0001225208-12-000877,2012-01-03,xslF345X03/doc4.xml,CIK0000012927-submissions-001.json
2012-01-05,4,0001225208-12-000876,2012-01-03,xslF345X03/doc4.xml,CIK0000012927-submissions-001.json
2012-01-05,4,0001225208-12-000875,2012-01-03,xslF345X03/doc4.xml,CIK0000012927-submissions-001.json
2012-01-05,4,0001225208-12-000874,2012-01-03,xslF345X03/doc4.xml,CIK0000012927-submissions-001.json
2012-01-05,4,0001225208-12-000873,2012-01-03,xslF345X03/doc4.xml,CIK0000012927-submissions-001.json
2012-01-05,4,0001225208-12-000872,2012-01-03,xslF345X03/doc4.xml,CIK0000012927-submissions-001.json
2012-01-05,4,0001225208-12-000871,2012-01-03,xslF345X03/doc4.xml,CIK0000012927-submissions-001.json
2012-01-19,NO ACT,9999999997-12-000593,2011-12-20,9999999997-12-000593.paper,CIK0000012927-submissions-001.json
2012-01-25,8-K,0001193125-12-022591,2012-01-25,d286838d8k.htm,CIK0000012927-submissions-001.json
2012-01-31,5,0001225208-12-002661,2011-12-31,xslF345X03/doc5.xml,CIK0000012927-submissions-001.json
2012-01-31,NO ACT,9999999997-12-000735,2011-12-21,9999999997-12-000735.paper,CIK0000012927-submissions-001.json
2012-02-01,4,0001225208-12-002833,2012-01-30,xslF345X03/doc4.xml,CIK0000012927-submissions-001.json
2012-02-01,4,0001225208-12-002820,2012-01-31,xslF345X03/doc4.xml,CIK0000012927-submissions-001.json
2012-02-01,4,0001225208-12-002818,2012-01-30,xslF345X03/doc4.xml,CIK0000012927-submissions-001.json
2012-02-07,4,0001225208-12-003226,2012-02-03,xslF345X03/doc4.xml,CIK0000012927-submissions-001.json
2012-02-08,NO ACT,9999999997-12-001403,2011-12-21,9999999997-12-001403.paper,CIK0000012927-submissions-001.json
2012-02-09,10-K,0001193125-12-048565,2011-12-31,d255574d10k.htm,CIK0000012927-submissions-001.json
2012-02-09,3,0001225208-12-003609,2012-02-01,xslF345X02/doc3.xml,CIK0000012927-submissions-001.json
2012-02-09,4,0001225208-12-003618,2012-02-08,xslF345X03/doc4.xml,CIK0000012927-submissions-001.json
2012-02-09,4,0001225208-12-003617,2012-02-08,xslF345X03/doc4.xml,CIK0000012927-submissions-001.json
2012-02-09,SC 13G,0001086364-12-000448,,boeing.co..txt,CIK0000012927-submissions-001.json
2012-02-10,SC 13G/A,0001422849-12-000182,,edgba.txt,CIK0000012927-submissions-001.json
2012-02-13,SC 13G,0001519058-12-000105,,boeingann11.txt,CIK0000012927-submissions-001.json
2012-02-13,SC 13G/A,0001172661-12-000103,,ba123111a4.txt,CIK0000012927-submissions-001.json
2012-02-16,NO ACT,9999999997-12-002116,2012-01-31,9999999997-12-002116.paper,CIK0000012927-submissions-001.json
2012-02-27,4,0001225208-12-005616,2012-02-23,xslF345X03/doc4.xml,CIK0000012927-submissions-001.json
2012-02-27,4,0001225208-12-005614,2012-02-23,xslF345X03/doc4.xml,CIK0000012927-submissions-001.json
2012-02-27,4,0001225208-12-005618,2012-02-23,xslF345X03/doc4.xml,CIK0000012927-submissions-001.json
2012-02-27,4,0001225208-12-005617,2012-02-23,xslF345X03/doc4.xml,CIK0000012927-submissions-001.json
2012-02-27,4,0001225208-12-005615,2012-02-23,xslF345X03/doc4.xml,CIK0000012927-submissions-001.json
2012-02-27,4,0001225208-12-005613,2012-02-23,xslF345X03/doc4.xml,CIK0000012927-submissions-001.json
2012-02-27,4,0001225208-12-005612,2012-02-23,xslF345X03/doc4.xml,CIK0000012927-submissions-001.json
2012-02-27,4,0001225208-12-005611,2012-02-23,xslF345X03/doc4.xml,CIK0000012927-submissions-001.json
2012-02-27,4,0001225208-12-005609,2012-02-23,xslF345X03/doc4.xml,CIK0000012927-submissions-001.json
2012-02-27,4,0001225208-12-005608,2012-02-23,xslF345X03/doc4.xml,CIK0000012927-submissions-001.json
2012-02-27,4,0001225208-12-005607,2012-02-23,xslF345X03/doc4.xml,CIK0000012927-submissions-001.json
2012-02-27,4,0001225208-12-005606,2012-02-23,xslF345X03/doc4.xml,CIK0000012927-submissions-001.json
2012-02-27,4,0001225208-12-005605,2012-02-23,xslF345X03/doc4.xml,CIK0000012927-submissions-001.json
2012-02-29,4,0001225208-12-005985,2012-02-27,xslF345X03/doc4.xml,CIK0000012927-submissions-001.json
2012-02-29,4,0001225208-12-005984,2012-02-27,xslF345X03/doc4.xml,CIK0000012927-submissions-001.json
2012-02-29,4,0001225208-12-005983,2012-02-27,xslF345X03/doc4.xml,CIK0000012927-submissions-001.json
2012-02-29,4,0001225208-12-005982,2012-02-27,xslF345X03/doc4.xml,CIK0000012927-submissions-001.json
2012-02-29,4,0001225208-12-005981,2012-02-27,xslF345X03/doc4.xml,CIK0000012927-submissions-001.json
2012-02-29,4,0001225208-12-005980,2012-02-27,xslF345X03/doc4.xml,CIK0000012927-submissions-001.json
2012-02-29,4,0001225208-12-005979,2012-02-27,xslF345X03/doc4.xml,CIK0000012927-submissions-001.json
2012-02-29,4,0001225208-12-005978,2012-02-27,xslF345X03/doc4.xml,CIK0000012927-submissions-001.json
2012-02-29,4,0001225208-12-005977,2012-02-27,xslF345X03/doc4.xml,CIK0000012927-submissions-001.json
2012-02-29,4,0001225208-12-005976,2012-02-27,xslF345X03/doc4.xml,CIK0000012927-submissions-001.json
2012-02-29,4,0001225208-12-005975,2012-02-27,xslF345X03/doc4.xml,CIK0000012927-submissions-001.json
2012-02-29,4,0001225208-12-005974,2012-02-27,xslF345X03/doc4.xml,CIK0000012927-submissions-001.json
2012-02-29,4,0001225208-12-005973,2012-02-27,xslF345X03/doc4.xml,CIK0000012927-submissions-001.json
2012-02-29,8-K,0001193125-12-087727,2012-02-27,d307697d8k.htm,CIK0000012927-submissions-001.json
2012-02-29,S-3ASR,0001193125-12-089717,,d308336ds3asr.htm,CIK0000012927-submissions-001.json
2012-03-06,4,0001225208-12-006913,2012-03-02,xslF345X03/doc4.xml,CIK0000012927-submissions-001.json
2012-03-06,4,0001225208-12-006912,2012-03-02,xslF345X03/doc4.xml,CIK0000012927-submissions-001.json
2012-03-06,4,0001225208-12-006911,2012-03-02,xslF345X03/doc4.xml,CIK0000012927-submissions-001.json
2012-03-06,4,0001225208-12-006910,2012-03-02,xslF345X03/doc4.xml,CIK0000012927-submissions-001.json
2012-03-06,4,0001225208-12-006909,2012-03-02,xslF345X03/doc4.xml,CIK0000012927-submissions-001.json
2012-03-06,4,0001225208-12-006908,2012-03-02,xslF345X03/doc4.xml,CIK0000012927-submissions-001.json
2012-03-06,4,0001225208-12-006907,2012-03-02,xslF345X03/doc4.xml,CIK0000012927-submissions-001.json
2012-03-06,4,0001225208-12-006906,2012-03-02,xslF345X03/doc4.xml,CIK0000012927-submissions-001.json
2012-03-06,4,0001225208-12-006905,2012-03-02,xslF345X03/doc4.xml,CIK0000012927-submissions-001.json
2012-03-06,4,0001225208-12-006904,2012-03-02,xslF345X03/doc4.xml,CIK0000012927-submissions-001.json
2012-03-06,4,0001225208-12-006902,2012-03-02,xslF345X03/doc4.xml,CIK0000012927-submissions-001.json
2012-03-06,4,0001225208-12-006901,2012-03-02,xslF345X03/doc4.xml,CIK0000012927-submissions-001.json
2012-03-06,4,0001225208-12-006899,2012-03-02,xslF345X03/doc4.xml,CIK0000012927-submissions-001.json
2012-03-16,DEF 14A,0001193125-12-119535,2012-04-30,d272392ddef14a.htm,CIK0000012927-submissions-001.json
2012-03-19,ARS,9999999997-12-004653,2011-12-31,9999999997-12-004653.paper,CIK0000012927-submissions-001.json
2012-04-04,4,0001225208-12-009395,2012-04-02,xslF345X03/doc4.xml,CIK0000012927-submissions-001.json
2012-04-04,4,0001225208-12-009394,2012-04-02,xslF345X03/doc4.xml,CIK0000012927-submissions-001.json
2012-04-04,4,0001225208-12-009393,2012-04-02,xslF345X03/doc4.xml,CIK0000012927-submissions-001.json
2012-04-04,4,0001225208-12-009392,2012-04-02,xslF345X03/doc4.xml,CIK0000012927-submissions-001.json
2012-04-04,4,0001225208-12-009391,2012-04-02,xslF345X03/doc4.xml,CIK0000012927-submissions-001.json
2012-04-04,4,0001225208-12-009390,2012-04-02,xslF345X03/doc4.xml,CIK0000012927-submissions-001.json
2012-04-04,4,0001225208-12-009389,2012-04-02,xslF345X03/doc4.xml,CIK0000012927-submissions-001.json
2012-04-04,4,0001225208-12-009388,2012-04-02,xslF345X03/doc4.xml,CIK0000012927-submissions-001.json
2012-04-04,4,0001225208-12-009387,2012-04-02,xslF345X03/doc4.xml,CIK0000012927-submissions-001.json
2012-04-04,4,0001225208-12-009386,2012-04-02,xslF345X03/doc4.xml,CIK0000012927-submissions-001.json
2012-04-04,4,0001225208-12-009385,2012-04-02,xslF345X03/doc4.xml,CIK0000012927-submissions-001.json
2012-04-25,10-Q,0001193125-12-181463,2012-03-31,d304990d10q.htm,CIK0000012927-submissions-001.json
2012-04-25,8-K,0001193125-12-180335,2012-04-25,d337742d8k.htm,CIK0000012927-submissions-001.json
2012-05-02,4,0001225208-12-010959,2012-04-30,xslF345X03/doc4.xml,CIK0000012927-submissions-001.json
2012-05-02,4,0001225208-12-010949,2012-04-30,xslF345X03/doc4.xml,CIK0000012927-submissions-001.json
2012-05-02,4,0001225208-12-010948,2012-04-30,xslF345X03/doc4.xml,CIK0000012927-submissions-001.json
2012-05-03,4,0001225208-12-011118,2012-05-02,xslF345X03/doc4.xml,CIK0000012927-submissions-001.json
2012-05-03,8-K,0001193125-12-207223,2012-04-30,d342660d8k.htm,CIK0000012927-submissions-001.json
2012-05-11,4,0001225208-12-011970,2012-05-10,xslF345X03/doc4.xml,CIK0000012927-submissions-001.json
2012-06-26,11-K,0001193125-12-283554,2011-12-31,d366999d11k.htm,CIK0000012927-submissions-001.json
2012-06-26,8-K,0001193125-12-283939,2012-06-22,d373325d8k.htm,CIK0000012927-submissions-001.json
2012-07-05,3,0001225208-12-015965,2012-06-26,xslF345X02/doc3.xml,CIK0000012927-submissions-001.json
2012-07-05,4,0001225208-12-015939,2012-07-02,xslF345X03/doc4.xml,CIK0000012927-submissions-001.json
2012-07-05,4,0001225208-12-015938,2012-07-02,xslF345X03/doc4.xml,CIK0000012927-submissions-001.json
2012-07-05,4,0001225208-12-015937,2012-07-02,xslF345X03/doc4.xml,CIK0000012927-submissions-001.json
2012-07-05,4,0001225208-12-015936,2012-07-02,xslF345X03/doc4.xml,CIK0000012927-submissions-001.json
2012-07-05,4,0001225208-12-015935,2012-07-02,xslF345X03/doc4.xml,CIK0000012927-submissions-001.json
2012-07-05,4,0001225208-12-015934,2012-07-02,xslF345X03/doc4.xml,CIK0000012927-submissions-001.json
2012-07-05,4,0001225208-12-015933,2012-07-02,xslF345X03/doc4.xml,CIK0000012927-submissions-001.json
2012-07-05,4,0001225208-12-015932,2012-07-02,xslF345X03/doc4.xml,CIK0000012927-submissions-001.json
2012-07-05,4,0001225208-12-015931,2012-07-02,xslF345X03/doc4.xml,CIK0000012927-submissions-001.json
2012-07-05,4,0001225208-12-015930,2012-07-02,xslF345X03/doc4.xml,CIK0000012927-submissions-001.json
2012-07-25,10-Q,0000012927-12-000012,2012-06-30,a0630201210-q.htm,CIK0000012927-submissions-001.json
2012-07-25,8-K,0001193125-12-313392,2012-07-25,d382723d8k.htm,CIK0000012927-submissions-001.json
2012-08-29,8-K,0001193125-12-372201,2012-08-27,d403556d8k.htm,CIK0000012927-submissions-001.json
2012-09-14,UPLOAD,0000000000-12-050261,,filename1.pdf,CIK0000012927-submissions-001.json
2012-09-28,CORRESP,0000012927-12-000015,,filename1.htm,CIK0000012927-submissions-001.json
2012-10-03,3/A,0001225208-12-020928,2012-06-26,xslF345X02/doc3a.xml,CIK0000012927-submissions-001.json
2012-10-03,4,0001225208-12-020859,2012-10-01,xslF345X03/doc4.xml,CIK0000012927-submissions-001.json
2012-10-03,4,0001225208-12-020858,2012-10-01,xslF345X03/doc4.xml,CIK0000012927-submissions-001.json
2012-10-03,4,0001225208-12-020857,2012-10-01,xslF345X03/doc4.xml,CIK0000012927-submissions-001.json
2012-10-03,4,0001225208-12-020856,2012-10-01,xslF345X03/doc4.xml,CIK0000012927-submissions-001.json
2012-10-03,4,0001225208-12-020855,2012-10-01,xslF345X03/doc4.xml,CIK0000012927-submissions-001.json
2012-10-03,4,0001225208-12-020854,2012-10-01,xslF345X03/doc4.xml,CIK0000012927-submissions-001.json
2012-10-03,4,0001225208-12-020853,2012-10-01,xslF345X03/doc4.xml,CIK0000012927-submissions-001.json
2012-10-03,4,0001225208-12-020852,2012-10-01,xslF345X03/doc4.xml,CIK0000012927-submissions-001.json
2012-10-03,4,0001225208-12-020851,2012-10-01,xslF345X03/doc4.xml,CIK0000012927-submissions-001.json
2012-10-03,4,0001225208-12-020850,2012-10-01,xslF345X03/doc4.xml,CIK0000012927-submissions-001.json
2012-10-03,4,0001225208-12-020849,2012-10-01,xslF345X03/doc4.xml,CIK0000012927-submissions-001.json
2012-10-05,UPLOAD,0000000000-12-055236,,filename1.pdf,CIK0000012927-submissions-001.json
2012-10-17,8-K,0000012927-12-000019,2012-10-15,a201210oct15extension.htm,CIK0000012927-submissions-001.json
2012-10-24,10-Q,0000012927-12-000024,2012-09-30,a0930201210-q.htm,CIK0000012927-submissions-001.json
2012-10-24,8-K,0001193125-12-432346,2012-10-24,d426161d8k.htm,CIK0000012927-submissions-001.json
2012-11-05,3,0001225208-12-022400,2012-10-28,xslF345X02/doc3.xml,CIK0000012927-submissions-001.json
2012-11-14,4,0001225208-12-023194,2012-11-13,xslF345X03/doc4.xml,CIK0000012927-submissions-001.json
2012-12-17,8-K,0000012927-12-000026,2012-12-17,q42012quarterlydividendsha.htm,CIK0000012927-submissions-001.json
2012-12-19,4,0001225208-12-025675,2012-12-17,xslF345X03/doc4.xml,CIK0000012927-submissions-001.json
2012-12-19,4,0001225208-12-025674,2012-12-17,xslF345X03/doc4.xml,CIK0000012927-submissions-001.json
2012-12-19,8-K,0000012927-12-000029,2012-12-17,ba8kdec172012.htm,CIK0000012927-submissions-001.json
2013-01-04,4,0001225208-13-000873,2013-01-02,xslF345X03/doc4.xml,CIK0000012927-submissions-001.json
2013-01-04,4,0001225208-13-000872,2013-01-02,xslF345X03/doc4.xml,CIK0000012927-submissions-001.json
2013-01-04,4,0001225208-13-000871,2013-01-02,xslF345X03/doc4.xml,CIK0000012927-submissions-001.json
2013-01-04,4,0001225208-13-000870,2013-01-02,xslF345X03/doc4.xml,CIK0000012927-submissions-001.json
2013-01-04,4,0001225208-13-000869,2013-01-02,xslF345X03/doc4.xml,CIK0000012927-submissions-001.json
2013-01-04,4,0001225208-13-000860,2013-01-02,xslF345X03/doc4.xml,CIK0000012927-submissions-001.json
2013-01-04,4,0001225208-13-000859,2013-01-02,xslF345X03/doc4.xml,CIK0000012927-submissions-001.json
2013-01-04,4,0001225208-13-000858,2013-01-02,xslF345X03/doc4.xml,CIK0000012927-submissions-001.json
2013-01-04,4,0001225208-13-000857,2013-01-02,xslF345X03/doc4.xml,CIK0000012927-submissions-001.json
2013-01-04,4,0001225208-13-000856,2013-01-02,xslF345X03/doc4.xml,CIK0000012927-submissions-001.json
2013-01-11,8-K,0000012927-13-000002,2013-01-11,a8k787january2013.htm,CIK0000012927-submissions-001.json
2013-01-17,8-K,0000012927-13-000004,2013-01-16,a8-k_bcaxjanx17x2013.htm,CIK0000012927-submissions-001.json
2013-01-22,NO ACT,9999999997-13-000543,2012-12-20,9999999997-13-000543.paper,CIK0000012927-submissions-001.json
2013-01-23,8-K,0000012927-13-000006,2013-01-23,a201301jan23bcc8k.htm,CIK0000012927-submissions-001.json
2013-01-24,NO ACT,9999999997-13-007600,2012-12-19,9999999997-13-007600.paper,CIK0000012927-submissions-001.json
2013-01-29,NO ACT,9999999997-13-000708,2012-12-19,9999999997-13-000708.paper,CIK0000012927-submissions-001.json
2013-01-30,8-K,0001193125-13-029057,2013-01-30,d473129d8k.htm,CIK0000012927-submissions-001.json
2013-02-08,4,0001225208-13-003520,2013-02-06,xslF345X03/doc4.xml,CIK0000012927-submissions-001.json
2013-02-08,5,0001225208-13-003519,2012-12-31,xslF345X03/doc5.xml,CIK0000012927-submissions-001.json
2013-02-08,SC 13G/A,0001305227-13-000366,,boeing.co..txt,CIK0000012927-submissions-001.json
2013-02-11,10-K,0000012927-13-000014,2012-12-31,a201212dec3110k.htm,CIK0000012927-submissions-001.json
2013-02-12,SC 13G,0001519058-13-000166,,ba.txt,CIK0000012927-submissions-001.json
2013-02-12,SC 13G/A,0001172661-13-000309,,BA123112a5.htm,CIK0000012927-submissions-001.json
2013-02-13,SC 13G/A,0001422849-13-000188,,edgba.txt,CIK0000012927-submissions-001.json
2013-02-26,4,0001225208-13-005601,2013-02-22,xslF345X03/doc4.xml,CIK0000012927-submissions-001.json
2013-02-26,4,0001225208-13-005600,2013-02-22,xslF345X03/doc4.xml,CIK0000012927-submissions-001.json
2013-02-26,4,0001225208-13-005599,2013-02-22,xslF345X03/doc4.xml,CIK0000012927-submissions-001.json
2013-02-26,4,0001225208-13-005598,2013-02-22,xslF345X03/doc4.xml,CIK0000012927-submissions-001.json
2013-02-26,4,0001225208-13-005597,2013-02-22,xslF345X03/doc4.xml,CIK0000012927-submissions-001.json
2013-02-26,4,0001225208-13-005596,2013-02-22,xslF345X03/doc4.xml,CIK0000012927-submissions-001.json
2013-02-26,4,0001225208-13-005595,2013-02-22,xslF345X03/doc4.xml,CIK0000012927-submissions-001.json
2013-02-26,4,0001225208-13-005594,2013-02-22,xslF345X03/doc4.xml,CIK0000012927-submissions-001.json
2013-02-26,4,0001225208-13-005590,2013-02-22,xslF345X03/doc4.xml,CIK0000012927-submissions-001.json
2013-02-26,4,0001225208-13-005592,2013-02-22,xslF345X03/doc4.xml,CIK0000012927-submissions-001.json
2013-02-26,4,0001225208-13-005589,2013-02-22,xslF345X03/doc4.xml,CIK0000012927-submissions-001.json
2013-02-26,4,0001225208-13-005591,2013-02-22,xslF345X03/doc4.xml,CIK0000012927-submissions-001.json
2013-02-26,4,0001225208-13-005588,2013-02-22,xslF345X03/doc4.xml,CIK0000012927-submissions-001.json
2013-02-28,SC 13G/A,0001519058-13-000178,,boeingamd12.txt,CIK0000012927-submissions-001.json
2013-03-12,4,0001225208-13-007518,2013-03-08,xslF345X03/doc4.xml,CIK0000012927-submissions-001.json
2013-03-12,4,0001225208-13-007517,2013-03-08,xslF345X03/doc4.xml,CIK0000012927-submissions-001.json
2013-03-12,4,0001225208-13-007516,2013-03-08,xslF345X03/doc4.xml,CIK0000012927-submissions-001.json
2013-03-12,4,0001225208-13-007515,2013-03-08,xslF345X03/doc4.xml,CIK0000012927-submissions-001.json
2013-03-12,4,0001225208-13-007514,2013-03-08,xslF345X03/doc4.xml,CIK0000012927-submissions-001.json
2013-03-12,4,0001225208-13-007513,2013-03-08,xslF345X03/doc4.xml,CIK0000012927-submissions-001.json
2013-03-12,4,0001225208-13-007512,2013-03-08,xslF345X03/doc4.xml,CIK0000012927-submissions-001.json
2013-03-12,4,0001225208-13-007511,2013-03-08,xslF345X03/doc4.xml,CIK0000012927-submissions-001.json
2013-03-12,4,0001225208-13-007507,2013-03-08,xslF345X03/doc4.xml,CIK0000012927-submissions-001.json
2013-03-12,4,0001225208-13-007509,2013-03-08,xslF345X03/doc4.xml,CIK0000012927-submissions-001.json
2013-03-12,4,0001225208-13-007510,2013-03-08,xslF345X03/doc4.xml,CIK0000012927-submissions-001.json
2013-03-12,4,0001225208-13-007508,2013-03-08,xslF345X03/doc4.xml,CIK0000012927-submissions-001.json
2013-03-12,4,0001225208-13-007506,2013-03-08,xslF345X03/doc4.xml,CIK0000012927-submissions-001.json
2013-03-15,DEF 14A,0001193125-13-109822,2013-04-29,d461561ddef14a.htm,CIK0000012927-submissions-001.json
2013-03-15,DEFA14A,0001193125-13-109835,,d461561ddefa14a.htm,CIK0000012927-submissions-001.json
2013-03-18,ARS,9999999997-13-005412,2012-12-31,9999999997-13-005412.paper,CIK0000012927-submissions-001.json
2013-04-03,4,0001225208-13-009495,2013-04-01,xslF345X03/doc4.xml,CIK0000012927-submissions-001.json
2013-04-03,4,0001225208-13-009491,2013-04-01,xslF345X03/doc4.xml,CIK0000012927-submissions-001.json
2013-04-03,4,0001225208-13-009490,2013-04-01,xslF345X03/doc4.xml,CIK0000012927-submissions-001.json
2013-04-03,4,0001225208-13-009488,2013-04-01,xslF345X03/doc4.xml,CIK0000012927-submissions-001.json
2013-04-03,4,0001225208-13-009492,2013-04-01,xslF345X03/doc4.xml,CIK0000012927-submissions-001.json
2013-04-03,4,0001225208-13-009493,2013-04-01,xslF345X03/doc4.xml,CIK0000012927-submissions-001.json
2013-04-03,4,0001225208-13-009489,2013-04-01,xslF345X03/doc4.xml,CIK0000012927-submissions-001.json
2013-04-03,4,0001225208-13-009472,2013-04-01,xslF345X03/doc4.xml,CIK0000012927-submissions-001.json
2013-04-03,4,0001225208-13-009471,2013-04-01,xslF345X03/doc4.xml,CIK0000012927-submissions-001.json
2013-04-03,4,0001225208-13-009470,2013-04-01,xslF345X03/doc4.xml,CIK0000012927-submissions-001.json
2013-04-16,DEFA14A,0001193125-13-157072,,d522857ddefa14a.htm,CIK0000012927-submissions-001.json
2013-04-22,DEFA14A,0001193125-13-165180,,d524011ddefa14a.htm,CIK0000012927-submissions-001.json
2013-04-24,10-Q,0000012927-13-000023,2013-03-31,a201303mar3110q.htm,CIK0000012927-submissions-001.json
2013-04-24,8-K,0000950123-13-002570,2013-04-23,1Q13_8-K.htm,CIK0000012927-submissions-001.json
2013-04-30,424B3,0001193125-13-184710,,d527783d424b3.htm,CIK0000012927-submissions-001.json
2013-04-30,8-K,0000012927-13-000026,2013-04-29,a201304apr298-k.htm,CIK0000012927-submissions-001.json
2013-04-30,FWP,0001193125-13-187809,,d527783dfwp.htm,CIK0000012927-submissions-001.json
2013-05-01,424B2,0001193125-13-191799,,d527783d424b2.htm,CIK0000012927-submissions-001.json
2013-05-02,4,0001225208-13-011106,2013-05-02,xslF345X03/doc4.xml,CIK0000012927-submissions-001.json
2013-05-02,4,0001225208-13-011055,2013-05-02,xslF345X03/doc4.xml,CIK0000012927-submissions-001.json
2013-05-02,4,0001225208-13-011054,2013-05-01,xslF345X03/doc4.xml,CIK0000012927-submissions-001.json
2013-05-02,4,0001225208-13-011053,2013-05-01,xslF345X03/doc4.xml,CIK0000012927-submissions-001.json
2013-05-02,4,0001225208-13-011052,2013-05-01,xslF345X03/doc4.xml,CIK0000012927-submissions-001.json
2013-05-02,4,0001225208-13-011051,2013-04-30,xslF345X03/doc4.xml,CIK0000012927-submissions-001.json
2013-05-02,4,0001225208-13-011050,2013-04-30,xslF345X03/doc4.xml,CIK0000012927-submissions-001.json
2013-05-02,4,0001225208-13-011049,2013-04-30,xslF345X03/doc4.xml,CIK0000012927-submissions-001.json
2013-05-02,4,0001225208-13-011048,2013-04-30,xslF345X03/doc4.xml,CIK0000012927-submissions-001.json
2013-05-03,8-K,0001193125-13-199056,2013-05-03,d531525d8k.htm,CIK0000012927-submissions-001.json
2013-05-08,4,0001225208-13-011741,2013-05-07,xslF345X03/doc4.xml,CIK0000012927-submissions-001.json
2013-05-08,4,0001225208-13-011705,2013-05-06,xslF345X03/doc4.xml,CIK0000012927-submissions-001.json
2013-06-26,11-K,0000012927-13-000030,2012-12-31,a2012voluntaryinvestmentpl.htm,CIK0000012927-submissions-001.json
2013-07-03,4,0001225208-13-015800,2013-07-01,xslF345X03/doc4.xml,CIK0000012927-submissions-001.json
2013-07-03,4,0001225208-13-015799,2013-07-01,xslF345X03/doc4.xml,CIK0000012927-submissions-001.json
2013-07-03,4,0001225208-13-015798,2013-07-01,xslF345X03/doc4.xml,CIK0000012927-submissions-001.json
2013-07-03,4,0001225208-13-015797,2013-07-01,xslF345X03/doc4.xml,CIK0000012927-submissions-001.json
2013-07-03,4,0001225208-13-015796,2013-07-01,xslF345X03/doc4.xml,CIK0000012927-submissions-001.json
2013-07-03,4,0001225208-13-015795,2013-07-01,xslF345X03/doc4.xml,CIK0000012927-submissions-001.json
2013-07-03,4,0001225208-13-015794,2013-07-01,xslF345X03/doc4.xml,CIK0000012927-submissions-001.json
2013-07-03,4,0001225208-13-015793,2013-07-01,xslF345X03/doc4.xml,CIK0000012927-submissions-001.json
2013-07-03,4,0001225208-13-015792,2013-07-01,xslF345X03/doc4.xml,CIK0000012927-submissions-001.json
2013-07-03,4,0001225208-13-015791,2013-07-01,xslF345X03/doc4.xml,CIK0000012927-submissions-001.json
2013-07-24,10-Q,0000012927-13-000035,2013-06-30,a201306jun3010q.htm,CIK0000012927-submissions-001.json
2013-07-24,8-K,0000950123-13-004896,2013-07-24,2Q13_8-K_HTML.htm,CIK0000012927-submissions-001.json
2013-08-05,4,0001225208-13-017294,2013-08-02,xslF345X03/doc4.xml,CIK0000012927-submissions-001.json
2013-08-05,4,0001225208-13-017293,2013-08-02,xslF345X03/doc4.xml,CIK0000012927-submissions-001.json
2013-08-05,4,0001225208-13-017292,2013-08-01,xslF345X03/doc4.xml,CIK0000012927-submissions-001.json
2013-08-06,4,0001225208-13-017385,2013-08-05,xslF345X03/doc4.xml,CIK0000012927-submissions-001.json
2013-08-09,4,0001225208-13-017598,2013-08-08,xslF345X03/doc4.xml,CIK0000012927-submissions-001.json
2013-08-09,4,0001225208-13-017597,2013-08-08,xslF345X03/doc4.xml,CIK0000012927-submissions-001.json
2013-08-09,SC 13G/A,0001086364-13-004005,,boeing.co..txt,CIK0000012927-submissions-001.json
2013-08-14,4,0001225208-13-017849,2013-08-13,xslF345X03/doc4.xml,CIK0000012927-submissions-001.json
2013-08-14,4,0001225208-13-017848,2013-08-13,xslF345X03/doc4.xml,CIK0000012927-submissions-001.json
2013-10-03,4,0001225208-13-021520,2013-10-01,xslF345X03/doc4.xml,CIK0000012927-submissions-001.json
2013-10-03,4,0001225208-13-021519,2013-10-01,xslF345X03/doc4.xml,CIK0000012927-submissions-001.json
2013-10-03,4,0001225208-13-021518,2013-10-01,xslF345X03/doc4.xml,CIK0000012927-submissions-001.json
2013-10-03,4,0001225208-13-021517,2013-10-01,xslF345X03/doc4.xml,CIK0000012927-submissions-001.json
2013-10-03,4,0001225208-13-021515,2013-10-01,xslF345X03/doc4.xml,CIK0000012927-submissions-001.json
2013-10-03,4,0001225208-13-021514,2013-10-01,xslF345X03/doc4.xml,CIK0000012927-submissions-001.json
2013-10-03,4,0001225208-13-021513,2013-10-01,xslF345X03/doc4.xml,CIK0000012927-submissions-001.json
2013-10-03,4,0001225208-13-021512,2013-10-01,xslF345X03/doc4.xml,CIK0000012927-submissions-001.json
2013-10-03,4,0001225208-13-021511,2013-10-01,xslF345X03/doc4.xml,CIK0000012927-submissions-001.json
2013-10-03,4,0001225208-13-021510,2013-10-01,xslF345X03/doc4.xml,CIK0000012927-submissions-001.json
2013-10-23,10-Q,0000012927-13-000041,2013-09-30,a201309sep3010q.htm,CIK0000012927-submissions-001.json
2013-10-23,8-K,0000950123-13-008052,2013-10-23,3Q13_8-K_HTML.htm,CIK0000012927-submissions-001.json
2013-10-31,8-K,0000012927-13-000044,2013-10-30,creditextension.htm,CIK0000012927-submissions-001.json
2013-12-16,8-K,0000012927-13-000047,2013-12-16,a201312dec168kdocument.htm,CIK0000012927-submissions-001.json
2013-12-19,8-K,0000012927-13-000051,2013-12-16,a201312dec168-k.htm,CIK0000012927-submissions-001.json
2014-01-06,3,0001225208-14-001072,2013-12-31,xslF345X02/doc3.xml,CIK0000012927-submissions-001.json
2014-01-06,4,0001225208-14-001006,2014-01-02,xslF345X03/doc4.xml,CIK0000012927-submissions-001.json
2014-01-06,4,0001225208-14-001005,2014-01-02,xslF345X03/doc4.xml,CIK0000012927-submissions-001.json
2014-01-06,4,0001225208-14-001004,2014-01-02,xslF345X03/doc4.xml,CIK0000012927-submissions-001.json
2014-01-06,4,0001225208-14-001002,2014-01-02,xslF345X03/doc4.xml,CIK0000012927-submissions-001.json
2014-01-06,4,0001225208-14-001001,2014-01-02,xslF345X03/doc4.xml,CIK0000012927-submissions-001.json
2014-01-06,4,0001225208-14-001000,2014-01-02,xslF345X03/doc4.xml,CIK0000012927-submissions-001.json
2014-01-06,4,0001225208-14-000999,2014-01-02,xslF345X03/doc4.xml,CIK0000012927-submissions-001.json
2014-01-06,4,0001225208-14-000995,2014-01-02,xslF345X03/doc4.xml,CIK0000012927-submissions-001.json
2014-01-06,4,0001225208-14-000987,2014-01-02,xslF345X03/doc4.xml,CIK0000012927-submissions-001.json
2014-01-06,4,0001225208-14-000986,2014-01-02,xslF345X03/doc4.xml,CIK0000012927-submissions-001.json
2014-01-21,NO ACT,9999999997-14-000810,2013-12-20,9999999997-14-000810.paper,CIK0000012927-submissions-001.json
2014-01-29,8-K,0000950123-14-000750,2014-01-29,8K4Q.htm,CIK0000012927-submissions-001.json
2014-02-03,SC 13G,0001519058-14-000019,,ba.txt,CIK0000012927-submissions-001.json
2014-02-06,4,0001225208-14-003600,2014-02-05,xslF345X03/doc4.xml,CIK0000012927-submissions-001.json
2014-02-06,4,0001225208-14-003599,2014-02-04,xslF345X03/doc4.xml,CIK0000012927-submissions-001.json
2014-02-11,SC 13G/A,0001172661-14-000321,,ba123113a6.htm,CIK0000012927-submissions-001.json
2014-02-13,SC 13G/A,0001172661-14-000461,,ba123113a7.htm,CIK0000012927-submissions-001.json
2014-02-13,SC 13G/A,0001422849-14-000157,,edgba.txt,CIK0000012927-submissions-001.json
2014-02-14,10-K,0000012927-14-000004,2013-12-31,a201312dec3110k.htm,CIK0000012927-submissions-001.json
2014-02-20,4,0001225208-14-005387,2014-02-18,xslF345X03/doc4.xml,CIK0000012927-submissions-001.json
2014-02-20,4,0001225208-14-005386,2014-02-18,xslF345X03/doc4.xml,CIK0000012927-submissions-001.json
2014-02-20,4,0001225208-14-005385,2014-02-18,xslF345X03/doc4.xml,CIK0000012927-submissions-001.json
2014-02-25,NO ACT,9999999997-14-004213,2013-12-19,9999999997-14-004213.paper,CIK0000012927-submissions-001.json
2014-02-26,4,0001225208-14-006464,2014-02-24,xslF345X03/doc4.xml,CIK0000012927-submissions-001.json
2014-02-26,4,0001225208-14-006463,2014-02-24,xslF345X03/doc4.xml,CIK0000012927-submissions-001.json
2014-02-26,4,0001225208-14-006462,2014-02-24,xslF345X03/doc4.xml,CIK0000012927-submissions-001.json
2014-02-26,4,0001225208-14-006461,2014-02-24,xslF345X03/doc4.xml,CIK0000012927-submissions-001.json
2014-02-26,4,0001225208-14-006460,2014-02-24,xslF345X03/doc4.xml,CIK0000012927-submissions-001.json
2014-02-26,4,0001225208-14-006459,2014-02-24,xslF345X03/doc4.xml,CIK0000012927-submissions-001.json
2014-02-26,4,0001225208-14-006458,2014-02-24,xslF345X03/doc4.xml,CIK0000012927-submissions-001.json
2014-02-26,4,0001225208-14-006457,2014-02-24,xslF345X03/doc4.xml,CIK0000012927-submissions-001.json
2014-02-26,4,0001225208-14-006456,2014-02-24,xslF345X03/doc4.xml,CIK0000012927-submissions-001.json
2014-02-26,4,0001225208-14-006455,2014-02-24,xslF345X03/doc4.xml,CIK0000012927-submissions-001.json
2014-02-26,4,0001225208-14-006454,2014-02-24,xslF345X03/doc4.xml,CIK0000012927-submissions-001.json
2014-02-26,4,0001225208-14-006453,2014-02-24,xslF345X03/doc4.xml,CIK0000012927-submissions-001.json
2014-02-26,4,0001225208-14-006452,2014-02-24,xslF345X03/doc4.xml,CIK0000012927-submissions-001.json
2014-02-27,8-K,0000012927-14-000007,2014-02-24,a201402feb248kdocument.htm,CIK0000012927-submissions-001.json
2014-02-28,8-K,0000012927-14-000010,2014-02-24,a201402feb288kdocument.htm,CIK0000012927-submissions-001.json
2014-03-11,4,0001225208-14-008075,2014-03-07,xslF345X03/doc4.xml,CIK0000012927-submissions-001.json
2014-03-11,4,0001225208-14-008074,2014-03-07,xslF345X03/doc4.xml,CIK0000012927-submissions-001.json
2014-03-11,4,0001225208-14-008073,2014-03-07,xslF345X03/doc4.xml,CIK0000012927-submissions-001.json
2014-03-11,4,0001225208-14-008072,2014-03-07,xslF345X03/doc4.xml,CIK0000012927-submissions-001.json
2014-03-11,4,0001225208-14-008071,2014-03-07,xslF345X03/doc4.xml,CIK0000012927-submissions-001.json
2014-03-11,4,0001225208-14-008070,2014-03-07,xslF345X03/doc4.xml,CIK0000012927-submissions-001.json
2014-03-11,4,0001225208-14-008069,2014-03-07,xslF345X03/doc4.xml,CIK0000012927-submissions-001.json
2014-03-11,4,0001225208-14-008068,2014-03-07,xslF345X03/doc4.xml,CIK0000012927-submissions-001.json
2014-03-11,4,0001225208-14-008067,2014-03-07,xslF345X03/doc4.xml,CIK0000012927-submissions-001.json
2014-03-11,4,0001225208-14-008066,2014-03-07,xslF345X03/doc4.xml,CIK0000012927-submissions-001.json
2014-03-11,4,0001225208-14-008065,2014-03-07,xslF345X03/doc4.xml,CIK0000012927-submissions-001.json
2014-03-11,4,0001225208-14-008064,2014-03-07,xslF345X03/doc4.xml,CIK0000012927-submissions-001.json
2014-03-11,4,0001225208-14-008063,2014-03-07,xslF345X03/doc4.xml,CIK0000012927-submissions-001.json
2014-03-11,8-K,0000012927-14-000015,2014-03-05,a201403mar058k.htm,CIK0000012927-submissions-001.json
2014-03-14,DEF 14A,0001193125-14-099755,2014-04-28,d607215ddef14a.htm,CIK0000012927-submissions-001.json
2014-03-14,DEFA14A,0001193125-14-099768,,d607215ddefa14a.htm,CIK0000012927-submissions-001.json
2014-03-14,NO ACT,9999999997-14-004225,2014-03-13,9999999997-14-004225.paper,CIK0000012927-submissions-001.json
2014-03-18,ARS,9999999997-14-003698,2013-12-31,9999999997-14-003698.paper,CIK0000012927-submissions-001.json
2014-03-18,UPLOAD,0000000000-14-013477,,filename1.pdf,CIK0000012927-submissions-001.json
2014-03-31,CORRESP,0000012927-14-000017,,filename1.htm,CIK0000012927-submissions-001.json
2014-04-03,4,0001225208-14-010006,2014-04-01,xslF345X03/doc4.xml,CIK0000012927-submissions-001.json
2014-04-03,4,0001225208-14-010005,2014-04-01,xslF345X03/doc4.xml,CIK0000012927-submissions-001.json
2014-04-03,4,0001225208-14-010004,2014-04-01,xslF345X03/doc4.xml,CIK0000012927-submissions-001.json
2014-04-03,4,0001225208-14-010003,2014-04-01,xslF345X03/doc4.xml,CIK0000012927-submissions-001.json
2014-04-03,4,0001225208-14-010002,2014-04-01,xslF345X03/doc4.xml,CIK0000012927-submissions-001.json
2014-04-03,4,0001225208-14-010001,2014-04-01,xslF345X03/doc4.xml,CIK0000012927-submissions-001.json
2014-04-03,4,0001225208-14-010000,2014-04-01,xslF345X03/doc4.xml,CIK0000012927-submissions-001.json
2014-04-03,4,0001225208-14-009999,2014-04-01,xslF345X03/doc4.xml,CIK0000012927-submissions-001.json
2014-04-03,4,0001225208-14-009998,2014-04-01,xslF345X03/doc4.xml,CIK0000012927-submissions-001.json
2014-04-03,4,0001225208-14-009996,2014-04-01,xslF345X03/doc4.xml,CIK0000012927-submissions-001.json
2014-04-07,3,0001225208-14-010309,2014-04-01,xslF345X02/doc3.xml,CIK0000012927-submissions-001.json
2014-04-11,UPLOAD,0000000000-14-018432,,filename1.pdf,CIK0000012927-submissions-001.json
2014-04-23,10-Q,0000012927-14-000022,2014-03-31,a201403mar3110q.htm,CIK0000012927-submissions-001.json
2014-04-23,8-K,0000950123-14-004017,2014-04-23,7144888k.htm,CIK0000012927-submissions-001.json
2014-04-30,8-K,0000012927-14-000027,2014-04-28,a201404apr288k.htm,CIK0000012927-submissions-001.json
2014-05-01,4,0001225208-14-011609,2014-04-29,xslF345X03/doc4.xml,CIK0000012927-submissions-001.json
2014-05-01,4,0001225208-14-011607,2014-04-29,xslF345X03/doc4.xml,CIK0000012927-submissions-001.json
2014-05-01,4,0001225208-14-011606,2014-04-29,xslF345X03/doc4.xml,CIK0000012927-submissions-001.json
2014-05-05,4,0001225208-14-012146,2014-05-02,xslF345X03/doc4.xml,CIK0000012927-submissions-001.json
2014-05-05,4,0001225208-14-012145,2014-05-01,xslF345X03/doc4.xml,CIK0000012927-submissions-001.json
2014-05-07,4,0001225208-14-012363,2014-05-05,xslF345X03/doc4.xml,CIK0000012927-submissions-001.json
2014-05-07,S-8,0001193125-14-187653,,d716384ds8.htm,CIK0000012927-submissions-001.json
2014-05-09,4,0001225208-14-012588,2014-05-08,xslF345X03/doc4.xml,CIK0000012927-submissions-001.json
2014-05-12,8-K,0001193125-14-194937,2014-05-06,d723683d8k.htm,CIK0000012927-submissions-001.json
2014-06-02,SD,0000012927-14-000032,,a201312dec31formsd.htm,CIK0000012927-submissions-001.json
2014-06-24,11-K,0000012927-14-000037,2013-12-31,a201311k.htm,CIK0000012927-submissions-001.json
2014-07-03,4,0001225208-14-016498,2014-07-01,xslF345X03/doc4.xml,CIK0000012927-submissions-001.json
2014-07-03,4,0001225208-14-016497,2014-07-01,xslF345X03/doc4.xml,CIK0000012927-submissions-001.json
2014-07-03,4,0001225208-14-016496,2014-07-01,xslF345X03/doc4.xml,CIK0000012927-submissions-001.json
2014-07-03,4,0001225208-14-016495,2014-07-01,xslF345X03/doc4.xml,CIK0000012927-submissions-001.json
2014-07-03,4,0001225208-14-016494,2014-07-01,xslF345X03/doc4.xml,CIK0000012927-submissions-001.json
2014-07-03,4,0001225208-14-016493,2014-07-01,xslF345X03/doc4.xml,CIK0000012927-submissions-001.json
2014-07-03,4,0001225208-14-016492,2014-07-01,xslF345X03/doc4.xml,CIK0000012927-submissions-001.json
2014-07-03,4,0001225208-14-016491,2014-07-01,xslF345X03/doc4.xml,CIK0000012927-submissions-001.json
2014-07-03,4,0001225208-14-016490,2014-07-01,xslF345X03/doc4.xml,CIK0000012927-submissions-001.json
2014-07-03,4,0001225208-14-016489,2014-07-01,xslF345X03/doc4.xml,CIK0000012927-submissions-001.json
2014-07-23,10-Q,0000012927-14-000042,2014-06-30,a201406jun3010q.htm,CIK0000012927-submissions-001.json
2014-07-23,8-K,0000950123-14-007318,2014-07-23,a201406jun308-k.htm,CIK0000012927-submissions-001.json
2014-07-23,IRANNOTICE,0000012927-14-000044,,a201406jun302014irannotice.htm,CIK0000012927-submissions-001.json
2014-10-03,4,0001225208-14-021160,2014-10-01,xslF345X03/doc4.xml,CIK0000012927-submissions-001.json
2014-10-03,4,0001225208-14-021159,2014-10-01,xslF345X03/doc4.xml,CIK0000012927-submissions-001.json
2014-10-03,4,0001225208-14-021158,2014-10-01,xslF345X03/doc4.xml,CIK0000012927-submissions-001.json
2014-10-03,4,0001225208-14-021157,2014-10-01,xslF345X03/doc4.xml,CIK0000012927-submissions-001.json
2014-10-03,4,0001225208-14-021155,2014-10-01,xslF345X03/doc4.xml,CIK0000012927-submissions-001.json
2014-10-03,4,0001225208-14-021154,2014-10-01,xslF345X03/doc4.xml,CIK0000012927-submissions-001.json
2014-10-03,4,0001225208-14-021153,2014-10-01,xslF345X03/doc4.xml,CIK0000012927-submissions-001.json
2014-10-03,4,0001225208-14-021152,2014-10-01,xslF345X03/doc4.xml,CIK0000012927-submissions-001.json
2014-10-03,4,0001225208-14-021151,2014-10-01,xslF345X03/doc4.xml,CIK0000012927-submissions-001.json
2014-10-03,4,0001225208-14-021150,2014-10-01,xslF345X03/doc4.xml,CIK0000012927-submissions-001.json
2014-10-16,8-K,0000012927-14-000049,2014-10-14,a201410octcreditextension.htm,CIK0000012927-submissions-001.json
2014-10-22,10-Q,0000012927-14-000057,2014-09-30,a201409sep3010q.htm,CIK0000012927-submissions-001.json
2014-10-22,8-K,0000950123-14-010390,2014-10-22,a201409sep308-k.htm,CIK0000012927-submissions-001.json
2014-10-22,IRANNOTICE,0000012927-14-000059,,a201409sep302014irannotice.htm,CIK0000012927-submissions-001.json
2014-10-28,424B3,0001193125-14-384199,,d807011d424b3.htm,CIK0000012927-submissions-001.json
2014-10-29,424B2,0001193125-14-387465,,d807011d424b2.htm,CIK0000012927-submissions-001.json
2014-10-29,FWP,0001193125-14-385518,,d807011dfwp.htm,CIK0000012927-submissions-001.json
2014-10-30,4,0001225208-14-022222,2014-10-29,xslF345X03/doc4.xml,CIK0000012927-submissions-001.json
2014-10-30,4,0001225208-14-022221,2014-10-28,xslF345X03/doc4.xml,CIK0000012927-submissions-001.json
2014-10-31,8-K,0001193125-14-392030,2014-10-31,d810915d8k.htm,CIK0000012927-submissions-001.json
2014-11-03,4,0001225208-14-022478,2014-10-31,xslF345X03/doc4.xml,CIK0000012927-submissions-001.json
2014-11-07,4,0001225208-14-022950,2014-11-06,xslF345X03/doc4.xml,CIK0000012927-submissions-001.json
2014-12-15,8-K,0000012927-14-000065,2014-12-15,a201412dec158kdocument.htm,CIK0000012927-submissions-001.json
2014-12-19,8-K,0000012927-14-000070,2014-12-15,a201412dec198kdocument.htm,CIK0000012927-submissions-001.json
2015-01-06,4,0001225208-15-000875,2015-01-02,xslF345X03/doc4.xml,CIK0000012927-submissions-001.json
2015-01-06,4,0001225208-15-000874,2015-01-02,xslF345X03/doc4.xml,CIK0000012927-submissions-001.json
2015-01-06,4,0001225208-15-000873,2015-01-02,xslF345X03/doc4.xml,CIK0000012927-submissions-001.json
2015-01-06,4,0001225208-15-000872,2015-01-02,xslF345X03/doc4.xml,CIK0000012927-submissions-001.json
2015-01-06,4,0001225208-15-000871,2015-01-02,xslF345X03/doc4.xml,CIK0000012927-submissions-001.json
2015-01-06,4,0001225208-15-000870,2015-01-02,xslF345X03/doc4.xml,CIK0000012927-submissions-001.json
2015-01-06,4,0001225208-15-000869,2015-01-02,xslF345X03/doc4.xml,CIK0000012927-submissions-001.json
2015-01-06,4,0001225208-15-000868,2015-01-02,xslF345X03/doc4.xml,CIK0000012927-submissions-001.json
2015-01-06,4,0001225208-15-000867,2015-01-02,xslF345X03/doc4.xml,CIK0000012927-submissions-001.json
2015-01-06,4,0001225208-15-000866,2015-01-02,xslF345X03/doc4.xml,CIK0000012927-submissions-001.json
2015-01-07,NO ACT,9999999997-15-000196,2014-12-14,9999999997-15-000196.paper,CIK0000012927-submissions-001.json
2015-01-14,NO ACT,9999999997-15-000979,2014-12-17,9999999997-15-000979.paper,CIK0000012927-submissions-001.json
2015-01-27,NO ACT,9999999997-15-000683,2014-12-18,9999999997-15-000683.paper,CIK0000012927-submissions-001.json
2015-01-28,8-K,0000950123-15-000561,2015-01-28,8k.htm,CIK0000012927-submissions-001.json
2015-02-04,4,0001225208-15-003013,2015-02-03,xslF345X03/doc4.xml,CIK0000012927-submissions-001.json
2015-02-04,4,0001225208-15-003012,2015-02-03,xslF345X03/doc4.xml,CIK0000012927-submissions-001.json
2015-02-04,4,0001225208-15-003011,2015-02-03,xslF345X03/doc4.xml,CIK0000012927-submissions-001.json
2015-02-04,4,0001225208-15-003010,2015-02-02,xslF345X03/doc4.xml,CIK0000012927-submissions-001.json
2015-02-04,4,0001225208-15-003009,2015-02-02,xslF345X03/doc4.xml,CIK0000012927-submissions-001.json
2015-02-06,4,0001225208-15-003162,2015-02-05,xslF345X03/doc4.xml,CIK0000012927-submissions-001.json
2015-02-06,SC 13G,0000215457-15-000016,,boeing.txt,CIK0000012927-submissions-001.json
2015-02-10,8-K,0000012927-15-000004,2015-02-05,a201502feb58kdocument.htm,CIK0000012927-submissions-001.json
2015-02-10,SC 13G/A,0001172661-15-000315,,ba123114a8.htm,CIK0000012927-submissions-001.json
2015-02-11,5,0001225208-15-003578,2014-12-31,xslF345X03/doc5.xml,CIK0000012927-submissions-001.json
2015-02-11,SC 13G,0001519058-15-000063,,ba.txt,CIK0000012927-submissions-001.json
2015-02-11,SC 13G,0000932471-15-004969,,boeingco.htm,CIK0000012927-submissions-001.json
2015-02-12,10-K,0000012927-15-000011,2014-12-31,a201412dec3110k.htm,CIK0000012927-submissions-001.json
2015-02-12,IRANNOTICE,0000012927-15-000013,,a201412dec312014irannotice.htm,CIK0000012927-submissions-001.json
2015-02-12,SC 13G,0000080255-15-000350,,ba13gdec14.htm,CIK0000012927-submissions-001.json
2015-02-13,SC 13G/A,0001422849-15-000183,,edgba.txt,CIK0000012927-submissions-001.json
2015-02-18,424B3,0001193125-15-051665,,d855991d424b3.htm,CIK0000012927-submissions-001.json
2015-02-19,4,0001225208-15-004799,2015-02-18,xslF345X03/doc4.xml,CIK0000012927-submissions-001.json
2015-02-19,FWP,0001193125-15-052938,,d855991dfwp.htm,CIK0000012927-submissions-001.json
2015-02-20,3,0001225208-15-005072,2015-02-15,xslF345X02/doc3.xml,CIK0000012927-submissions-001.json
2015-02-20,424B2,0001193125-15-054792,,d855991d424b2.htm,CIK0000012927-submissions-001.json
2015-02-20,8-K,0001193125-15-056490,2015-02-20,d875335d8k.htm,CIK0000012927-submissions-001.json
2015-02-25,4,0001225208-15-005780,2015-02-23,xslF345X03/doc4.xml,CIK0000012927-submissions-001.json
2015-02-25,4,0001225208-15-005778,2015-02-23,xslF345X03/doc4.xml,CIK0000012927-submissions-001.json
2015-02-25,4,0001225208-15-005777,2015-02-23,xslF345X03/doc4.xml,CIK0000012927-submissions-001.json
2015-02-25,4,0001225208-15-005776,2015-02-23,xslF345X03/doc4.xml,CIK0000012927-submissions-001.json
2015-02-25,4,0001225208-15-005775,2015-02-23,xslF345X03/doc4.xml,CIK0000012927-submissions-001.json
2015-02-25,4,0001225208-15-005774,2015-02-23,xslF345X03/doc4.xml,CIK0000012927-submissions-001.json
2015-02-25,4,0001225208-15-005771,2015-02-23,xslF345X03/doc4.xml,CIK0000012927-submissions-001.json
2015-02-25,4,0001225208-15-005769,2015-02-23,xslF345X03/doc4.xml,CIK0000012927-submissions-001.json
2015-02-25,4,0001225208-15-005768,2015-02-23,xslF345X03/doc4.xml,CIK0000012927-submissions-001.json
2015-02-25,4,0001225208-15-005767,2015-02-23,xslF345X03/doc4.xml,CIK0000012927-submissions-001.json
2015-02-25,4,0001225208-15-005766,2015-02-23,xslF345X03/doc4.xml,CIK0000012927-submissions-001.json
2015-02-25,4,0001225208-15-005765,2015-02-23,xslF345X03/doc4.xml,CIK0000012927-submissions-001.json
2015-02-25,4,0001225208-15-005764,2015-02-23,xslF345X03/doc4.xml,CIK0000012927-submissions-001.json
2015-02-25,4,0001225208-15-005762,2015-02-23,xslF345X03/doc4.xml,CIK0000012927-submissions-001.json
2015-02-26,NO ACT,9999999997-15-002589,2014-12-17,9999999997-15-002589.paper,CIK0000012927-submissions-001.json
2015-02-26,S-3ASR,0001193125-15-065643,,d880835ds3asr.htm,CIK0000012927-submissions-001.json
2015-03-03,4,0001225208-15-006638,2015-02-27,xslF345X03/doc4.xml,CIK0000012927-submissions-001.json
2015-03-03,4,0001225208-15-006637,2015-02-27,xslF345X03/doc4.xml,CIK0000012927-submissions-001.json
2015-03-03,4,0001225208-15-006636,2015-02-27,xslF345X03/doc4.xml,CIK0000012927-submissions-001.json
2015-03-03,4,0001225208-15-006635,2015-02-27,xslF345X03/doc4.xml,CIK0000012927-submissions-001.json
2015-03-03,4,0001225208-15-006633,2015-02-27,xslF345X03/doc4.xml,CIK0000012927-submissions-001.json
2015-03-03,4,0001225208-15-006632,2015-02-27,xslF345X03/doc4.xml,CIK0000012927-submissions-001.json
2015-03-03,4,0001225208-15-006617,2015-02-27,xslF345X03/doc4.xml,CIK0000012927-submissions-001.json
2015-03-03,4,0001225208-15-006597,2015-02-27,xslF345X03/doc4.xml,CIK0000012927-submissions-001.json
2015-03-03,4,0001225208-15-006594,2015-02-27,xslF345X03/doc4.xml,CIK0000012927-submissions-001.json
2015-03-03,4,0001225208-15-006590,2015-02-27,xslF345X03/doc4.xml,CIK0000012927-submissions-001.json
2015-03-03,4,0001225208-15-006587,2015-02-27,xslF345X03/doc4.xml,CIK0000012927-submissions-001.json
2015-03-03,4,0001225208-15-006584,2015-02-27,xslF345X03/doc4.xml,CIK0000012927-submissions-001.json
2015-03-03,4,0001225208-15-006571,2015-02-27,xslF345X03/doc4.xml,CIK0000012927-submissions-001.json
2015-03-03,4,0001225208-15-006570,2015-02-27,xslF345X03/doc4.xml,CIK0000012927-submissions-001.json
2015-03-04,NO ACT,9999999997-15-002925,2015-03-02,9999999997-15-002925.paper,CIK0000012927-submissions-001.json
2015-03-10,4,0001225208-15-007489,2015-03-06,xslF345X03/doc4.xml,CIK0000012927-submissions-001.json
2015-03-10,4,0001225208-15-007488,2015-03-06,xslF345X03/doc4.xml,CIK0000012927-submissions-001.json
2015-03-10,4,0001225208-15-007487,2015-03-06,xslF345X03/doc4.xml,CIK0000012927-submissions-001.json
2015-03-10,4,0001225208-15-007486,2015-03-06,xslF345X03/doc4.xml,CIK0000012927-submissions-001.json
2015-03-10,4,0001225208-15-007485,2015-03-06,xslF345X03/doc4.xml,CIK0000012927-submissions-001.json
2015-03-10,4,0001225208-15-007484,2015-03-06,xslF345X03/doc4.xml,CIK0000012927-submissions-001.json
2015-03-10,4,0001225208-15-007483,2015-03-06,xslF345X03/doc4.xml,CIK0000012927-submissions-001.json
2015-03-10,4,0001225208-15-007481,2015-03-06,xslF345X03/doc4.xml,CIK0000012927-submissions-001.json
2015-03-10,4,0001225208-15-007480,2015-03-06,xslF345X03/doc4.xml,CIK0000012927-submissions-001.json
2015-03-10,4,0001225208-15-007479,2015-03-06,xslF345X03/doc4.xml,CIK0000012927-submissions-001.json
2015-03-10,4,0001225208-15-007477,2015-03-06,xslF345X03/doc4.xml,CIK0000012927-submissions-001.json
2015-03-10,4,0001225208-15-007476,2015-03-06,xslF345X03/doc4.xml,CIK0000012927-submissions-001.json
2015-03-10,4,0001225208-15-007474,2015-03-06,xslF345X03/doc4.xml,CIK0000012927-submissions-001.json
2015-03-10,4,0001225208-15-007473,2015-03-06,xslF345X03/doc4.xml,CIK0000012927-submissions-001.json
2015-03-13,DEF 14A,0001193125-15-090972,2015-04-27,d806744ddef14a.htm,CIK0000012927-submissions-001.json
2015-03-13,DEFA14A,0001193125-15-091016,,d891440ddefa14a.htm,CIK0000012927-submissions-001.json
2015-03-13,DEFA14A,0001193125-15-090995,,d806744ddefa14a.htm,CIK0000012927-submissions-001.json
2015-03-16,ARS,9999999997-15-006839,2014-12-31,9999999997-15-006839.paper,CIK0000012927-submissions-001.json
2015-04-03,4,0001225208-15-009495,2015-04-01,xslF345X03/doc4.xml,CIK0000012927-submissions-001.json
2015-04-03,4,0001225208-15-009494,2015-04-01,xslF345X03/doc4.xml,CIK0000012927-submissions-001.json
2015-04-03,4,0001225208-15-009493,2015-04-01,xslF345X03/doc4.xml,CIK0000012927-submissions-001.json
2015-04-03,4,0001225208-15-009492,2015-04-01,xslF345X03/doc4.xml,CIK0000012927-submissions-001.json
2015-04-03,4,0001225208-15-009491,2015-04-01,xslF345X03/doc4.xml,CIK0000012927-submissions-001.json
2015-04-03,4,0001225208-15-009490,2015-04-01,xslF345X03/doc4.xml,CIK0000012927-submissions-001.json
2015-04-03,4,0001225208-15-009488,2015-04-01,xslF345X03/doc4.xml,CIK0000012927-submissions-001.json
2015-04-03,4,0001225208-15-009486,2015-04-01,xslF345X03/doc4.xml,CIK0000012927-submissions-001.json
2015-04-03,4,0001225208-15-009485,2015-04-01,xslF345X03/doc4.xml,CIK0000012927-submissions-001.json
2015-04-03,4,0001225208-15-009483,2015-04-01,xslF345X03/doc4.xml,CIK0000012927-submissions-001.json
2015-04-22,10-Q,0000012927-15-000019,2015-03-31,a201503mar3110q.htm,CIK0000012927-submissions-001.json
2015-04-22,8-K,0000950123-15-004560,2015-04-22,mar318-k.htm,CIK0000012927-submissions-001.json
2015-04-29,8-K,0000012927-15-000025,2015-04-27,a201504apr278-kdocument.htm,CIK0000012927-submissions-001.json
2015-05-04,4,0001225208-15-010984,2015-05-01,xslF345X03/doc4.xml,CIK0000012927-submissions-001.json
2015-05-06,4,0001225208-15-011494,2015-05-04,xslF345X03/doc4.xml,CIK0000012927-submissions-001.json
2015-05-29,SD,0000012927-15-000029,,a201412dec31formsd.htm,CIK0000012927-submissions-001.json
2015-06-10,SC 13G/A,0000215457-15-000603,,boeing.txt,CIK0000012927-submissions-001.json
2015-06-12,UPLOAD,0000000000-15-031423,,filename1.pdf,CIK0000012927-submissions-001.json
2015-06-23,8-K,0000012927-15-000035,2015-06-22,a201506jun228-kdocument.htm,CIK0000012927-submissions-001.json
2015-06-26,11-K,0000012927-15-000040,2014-12-31,a2014voluntaryinvestmentpl.htm,CIK0000012927-submissions-001.json
2015-06-26,CORRESP,0000012927-15-000043,,filename1.htm,CIK0000012927-submissions-001.json
2015-07-01,4,0001225208-15-014671,2015-07-01,xslF345X03/doc4.xml,CIK0000012927-submissions-001.json
2015-07-06,4,0001225208-15-015203,2015-07-01,xslF345X03/doc4.xml,CIK0000012927-submissions-001.json
2015-07-06,4,0001225208-15-015202,2015-07-01,xslF345X03/doc4.xml,CIK0000012927-submissions-001.json
2015-07-06,4,0001225208-15-015201,2015-07-01,xslF345X03/doc4.xml,CIK0000012927-submissions-001.json
2015-07-06,4,0001225208-15-015200,2015-07-01,xslF345X03/doc4.xml,CIK0000012927-submissions-001.json
2015-07-06,4,0001225208-15-015199,2015-07-01,xslF345X03/doc4.xml,CIK0000012927-submissions-001.json
2015-07-06,4,0001225208-15-015198,2015-07-01,xslF345X03/doc4.xml,CIK0000012927-submissions-001.json
2015-07-06,4,0001225208-15-015197,2015-07-01,xslF345X03/doc4.xml,CIK0000012927-submissions-001.json
2015-07-06,4,0001225208-15-015196,2015-07-01,xslF345X03/doc4.xml,CIK0000012927-submissions-001.json
2015-07-06,4,0001225208-15-015195,2015-07-01,xslF345X03/doc4.xml,CIK0000012927-submissions-001.json
2015-07-07,UPLOAD,0000000000-15-035360,,filename1.pdf,CIK0000012927-submissions-001.json
2015-07-17,8-K,0000012927-15-000050,2015-07-17,a201507jul178-k.htm,CIK0000012927-submissions-001.json
2015-07-22,10-Q,0000012927-15-000055,2015-06-30,a201506jun3010-q.htm,CIK0000012927-submissions-001.json
2015-07-22,8-K,0000950123-15-007564,2015-07-22,2015Q28k.htm,CIK0000012927-submissions-001.json
2015-07-22,IRANNOTICE,0000012927-15-000057,,a201506jun30irannotice.htm,CIK0000012927-submissions-001.json
2015-08-11,4,0001225208-15-016720,2015-08-10,xslF345X03/doc4.xml,CIK0000012927-submissions-001.json
2015-08-11,4,0001225208-15-016719,2015-08-07,xslF345X03/doc4.xml,CIK0000012927-submissions-001.json
2015-08-11,4,0001225208-15-016718,2015-08-07,xslF345X03/doc4.xml,CIK0000012927-submissions-001.json
2015-08-11,4,0001225208-15-016717,2015-08-10,xslF345X03/doc4.xml,CIK0000012927-submissions-001.json
2015-08-13,8-K,0000012927-15-000061,2015-08-11,a201508aug118-kdocument.htm,CIK0000012927-submissions-001.json
2015-08-17,3,0001225208-15-017094,2015-08-11,xslF345X02/doc3.xml,CIK0000012927-submissions-001.json
2015-10-05,4,0001225208-15-019227,2015-10-01,xslF345X03/doc4.xml,CIK0000012927-submissions-001.json
2015-10-05,4,0001225208-15-019226,2015-10-01,xslF345X03/doc4.xml,CIK0000012927-submissions-001.json
2015-10-05,4,0001225208-15-019225,2015-10-01,xslF345X03/doc4.xml,CIK0000012927-submissions-001.json
2015-10-05,4,0001225208-15-019224,2015-10-01,xslF345X03/doc4.xml,CIK0000012927-submissions-001.json
2015-10-05,4,0001225208-15-019223,2015-10-01,xslF345X03/doc4.xml,CIK0000012927-submissions-001.json
2015-10-05,4,0001225208-15-019222,2015-10-01,xslF345X03/doc4.xml,CIK0000012927-submissions-001.json
2015-10-05,4,0001225208-15-019221,2015-10-01,xslF345X03/doc4.xml,CIK0000012927-submissions-001.json
2015-10-05,4,0001225208-15-019220,2015-10-01,xslF345X03/doc4.xml,CIK0000012927-submissions-001.json
2015-10-05,4,0001225208-15-019219,2015-10-01,xslF345X03/doc4.xml,CIK0000012927-submissions-001.json
2015-10-05,4,0001225208-15-019218,2015-10-01,xslF345X03/doc4.xml,CIK0000012927-submissions-001.json
2015-10-21,10-Q,0000012927-15-000068,2015-09-30,a201509sep3010-q.htm,CIK0000012927-submissions-001.json
2015-10-21,8-K,0000950123-15-010348,2015-10-21,a201509sep308-k.htm,CIK0000012927-submissions-001.json
2015-10-26,8-K,0000012927-15-000071,2015-10-26,a201510oct8-kdocument.htm,CIK0000012927-submissions-001.json
2015-10-27,424B3,0001193125-15-354053,,d20639d424b3.htm,CIK0000012927-submissions-001.json
2015-10-28,424B2,0001193125-15-356438,,d20639d424b2.htm,CIK0000012927-submissions-001.json
2015-10-28,FWP,0001193125-15-355014,,d93038dfwp.htm,CIK0000012927-submissions-001.json
2015-10-29,8-K,0001193125-15-358144,2015-10-29,d62777d8k.htm,CIK0000012927-submissions-001.json
2015-11-03,4,0001225208-15-020265,2015-10-30,xslF345X03/doc4.xml,CIK0000012927-submissions-001.json
2015-11-03,4,0001225208-15-020264,2015-10-30,xslF345X03/doc4.xml,CIK0000012927-submissions-001.json
2015-11-04,4,0001225208-15-020391,2015-11-03,xslF345X03/doc4.xml,CIK0000012927-submissions-001.json
2015-11-06,8-K,0000012927-15-000076,2015-11-04,a201511nov8-kcreditagreem.htm,CIK0000012927-submissions-001.json
2015-12-15,8-K,0000012927-15-000083,2015-12-14,a201512dec148-kdocument.htm,CIK0000012927-submissions-001.json
2015-12-22,3,0001225208-15-022870,2015-12-14,xslF345X02/doc3.xml,CIK0000012927-submissions-001.json
2016-01-06,4,0001225208-16-023776,2016-01-04,xslF345X03/doc4.xml,CIK0000012927-submissions-001.json
2016-01-06,4,0001225208-16-023777,2016-01-04,xslF345X03/doc4.xml,CIK0000012927-submissions-001.json
2016-01-06,4,0001225208-16-023774,2016-01-04,xslF345X03/doc4.xml,CIK0000012927-submissions-001.json
2016-01-06,4,0001225208-16-023773,2016-01-04,xslF345X03/doc4.xml,CIK0000012927-submissions-001.json
2016-01-06,4,0001225208-16-023772,2016-01-04,xslF345X03/doc4.xml,CIK0000012927-submissions-001.json
2016-01-06,4,0001225208-16-023771,2016-01-04,xslF345X03/doc4.xml,CIK0000012927-submissions-001.json
2016-01-06,4,0001225208-16-023770,2016-01-04,xslF345X03/doc4.xml,CIK0000012927-submissions-001.json
2016-01-06,4,0001225208-16-023769,2016-01-04,xslF345X03/doc4.xml,CIK0000012927-submissions-001.json
2016-01-06,4,0001225208-16-023768,2016-01-04,xslF345X03/doc4.xml,CIK0000012927-submissions-001.json
2016-01-06,4,0001225208-16-023767,2016-01-04,xslF345X03/doc4.xml,CIK0000012927-submissions-001.json
2016-01-21,8-K,0000012927-16-000086,2016-01-21,a201601jan218-k.htm,CIK0000012927-submissions-001.json
2016-01-27,8-K,0000950123-16-013052,2016-01-27,a201512dec318-k.htm,CIK0000012927-submissions-001.json
2016-01-28,8-K,0000012927-16-000094,2016-01-27,a201601jan278-k.htm,CIK0000012927-submissions-001.json
2016-02-03,NO ACT,9999999997-16-016963,2015-12-15,9999999997-16-016963.paper,CIK0000012927-submissions-001.json
2016-02-05,NO ACT,9999999997-16-016843,2015-12-18,9999999997-16-016843.paper,CIK0000012927-submissions-001.json
2016-02-09,SC 13G/A,0000080255-16-000788,,ba13gadec15.htm,CIK0000012927-submissions-001.json
2016-02-10,10-K,0000012927-16-000099,2015-12-31,a201512dec3110k.htm,CIK0000012927-submissions-001.json
2016-02-10,5,0001225208-16-026000,2015-12-31,xslF345X03/doc5.xml,CIK0000012927-submissions-001.json
2016-02-10,5,0001225208-16-025999,2015-12-31,xslF345X03/doc5.xml,CIK0000012927-submissions-001.json
2016-02-10,IRANNOTICE,0000012927-16-000100,,a201512decirannotice.htm,CIK0000012927-submissions-001.json
2016-02-10,SC 13G/A,0001172661-16-002518,,ba123115a9.htm,CIK0000012927-submissions-001.json
2016-02-10,SC 13G/A,0000932471-16-010900,,boeingco_the.htm,CIK0000012927-submissions-001.json
2016-02-12,SC 13G/A,0001422849-16-000560,,edgba.txt,CIK0000012927-submissions-001.json
2016-02-16,SC 13G,0000093751-16-000382,,BA_20151231.txt,CIK0000012927-submissions-001.json
2016-02-23,8-K,0000012927-16-000105,2016-02-18,a201602feb188-k.htm,CIK0000012927-submissions-001.json
2016-02-24,3,0001225208-16-027886,2016-02-17,xslF345X02/doc3.xml,CIK0000012927-submissions-001.json
2016-02-24,4,0001225208-16-027906,2016-02-22,xslF345X03/doc4.xml,CIK0000012927-submissions-001.json
2016-02-24,4,0001225208-16-027905,2016-02-22,xslF345X03/doc4.xml,CIK0000012927-submissions-001.json
2016-02-24,4,0001225208-16-027904,2016-02-22,xslF345X03/doc4.xml,CIK0000012927-submissions-001.json
2016-02-24,4,0001225208-16-027902,2016-02-22,xslF345X03/doc4.xml,CIK0000012927-submissions-001.json
2016-02-24,4,0001225208-16-027901,2016-02-22,xslF345X03/doc4.xml,CIK0000012927-submissions-001.json
2016-02-24,4,0001225208-16-027899,2016-02-22,xslF345X03/doc4.xml,CIK0000012927-submissions-001.json
2016-02-24,4,0001225208-16-027898,2016-02-22,xslF345X03/doc4.xml,CIK0000012927-submissions-001.json
2016-02-24,4,0001225208-16-027897,2016-02-22,xslF345X03/doc4.xml,CIK0000012927-submissions-001.json
2016-02-24,4,0001225208-16-027894,2016-02-22,xslF345X03/doc4.xml,CIK0000012927-submissions-001.json
2016-02-24,4,0001225208-16-027892,2016-02-22,xslF345X03/doc4.xml,CIK0000012927-submissions-001.json
2016-02-24,4,0001225208-16-027890,2016-02-22,xslF345X03/doc4.xml,CIK0000012927-submissions-001.json
2016-02-24,4,0001225208-16-027889,2016-02-22,xslF345X03/doc4.xml,CIK0000012927-submissions-001.json
2016-02-24,4,0001225208-16-027888,2016-02-22,xslF345X03/doc4.xml,CIK0000012927-submissions-001.json
2016-02-29,4,0001225208-16-028603,2016-02-25,xslF345X03/doc4.xml,CIK0000012927-submissions-001.json
2016-02-29,4,0001225208-16-028602,2016-02-25,xslF345X03/doc4.xml,CIK0000012927-submissions-001.json
2016-02-29,4,0001225208-16-028601,2016-02-25,xslF345X03/doc4.xml,CIK0000012927-submissions-001.json
2016-02-29,4,0001225208-16-028600,2016-02-25,xslF345X03/doc4.xml,CIK0000012927-submissions-001.json
2016-02-29,4,0001225208-16-028599,2016-02-25,xslF345X03/doc4.xml,CIK0000012927-submissions-001.json
2016-02-29,4,0001225208-16-028598,2016-02-25,xslF345X03/doc4.xml,CIK0000012927-submissions-001.json
2016-02-29,4,0001225208-16-028597,2016-02-25,xslF345X03/doc4.xml,CIK0000012927-submissions-001.json
2016-02-29,4,0001225208-16-028596,2016-02-25,xslF345X03/doc4.xml,CIK0000012927-submissions-001.json
2016-02-29,4,0001225208-16-028595,2016-02-25,xslF345X03/doc4.xml,CIK0000012927-submissions-001.json
2016-02-29,4,0001225208-16-028594,2016-02-25,xslF345X03/doc4.xml,CIK0000012927-submissions-001.json
2016-02-29,4,0001225208-16-028593,2016-02-25,xslF345X03/doc4.xml,CIK0000012927-submissions-001.json
2016-02-29,4,0001225208-16-028592,2016-02-25,xslF345X03/doc4.xml,CIK0000012927-submissions-001.json
2016-02-29,4,0001225208-16-028591,2016-02-25,xslF345X03/doc4.xml,CIK0000012927-submissions-001.json
2016-02-29,4,0001225208-16-028590,2016-02-25,xslF345X03/doc4.xml,CIK0000012927-submissions-001.json
2016-03-02,4,0001225208-16-028967,2016-02-29,xslF345X03/doc4.xml,CIK0000012927-submissions-001.json
2016-03-02,4,0001225208-16-028966,2016-02-29,xslF345X03/doc4.xml,CIK0000012927-submissions-001.json
2016-03-08,3,0001225208-16-029449,2016-03-01,xslF345X02/doc3.xml,CIK0000012927-submissions-001.json
2016-03-08,4,0001225208-16-029462,2016-03-04,xslF345X03/doc4.xml,CIK0000012927-submissions-001.json
2016-03-08,4,0001225208-16-029461,2016-03-04,xslF345X03/doc4.xml,CIK0000012927-submissions-001.json
2016-03-08,4,0001225208-16-029460,2016-03-04,xslF345X03/doc4.xml,CIK0000012927-submissions-001.json
2016-03-08,4,0001225208-16-029458,2016-03-04,xslF345X03/doc4.xml,CIK0000012927-submissions-001.json
2016-03-08,4,0001225208-16-029457,2016-03-04,xslF345X03/doc4.xml,CIK0000012927-submissions-001.json
2016-03-08,4,0001225208-16-029456,2016-03-04,xslF345X03/doc4.xml,CIK0000012927-submissions-001.json
2016-03-08,4,0001225208-16-029455,2016-03-04,xslF345X03/doc4.xml,CIK0000012927-submissions-001.json
2016-03-08,4,0001225208-16-029454,2016-03-04,xslF345X03/doc4.xml,CIK0000012927-submissions-001.json
2016-03-08,4,0001225208-16-029453,2016-03-04,xslF345X03/doc4.xml,CIK0000012927-submissions-001.json
2016-03-08,4,0001225208-16-029452,2016-03-04,xslF345X03/doc4.xml,CIK0000012927-submissions-001.json
2016-03-08,4,0001225208-16-029451,2016-03-04,xslF345X03/doc4.xml,CIK0000012927-submissions-001.json
2016-03-08,4,0001225208-16-029450,2016-03-04,xslF345X03/doc4.xml,CIK0000012927-submissions-001.json
2016-03-18,DEF 14A,0001193125-16-510202,2016-05-02,d44355ddef14a.htm,CIK0000012927-submissions-001.json
2016-03-18,DEFA14A,0001193125-16-510220,,d163971ddefa14a.htm,CIK0000012927-submissions-001.json
2016-03-18,DEFA14A,0001193125-16-510214,,d44355ddefa14a.htm,CIK0000012927-submissions-001.json
2016-04-05,4,0001225208-16-031052,2016-04-01,xslF345X03/doc4.xml,CIK0000012927-submissions-001.json
2016-04-05,4,0001225208-16-031051,2016-04-01,xslF345X03/doc4.xml,CIK0000012927-submissions-001.json
2016-04-05,4,0001225208-16-031050,2016-04-01,xslF345X03/doc4.xml,CIK0000012927-submissions-001.json
2016-04-05,4,0001225208-16-031049,2016-04-01,xslF345X03/doc4.xml,CIK0000012927-submissions-001.json
2016-04-05,4,0001225208-16-031048,2016-04-01,xslF345X03/doc4.xml,CIK0000012927-submissions-001.json
2016-04-05,4,0001225208-16-031047,2016-04-01,xslF345X03/doc4.xml,CIK0000012927-submissions-001.json
2016-04-05,4,0001225208-16-031046,2016-04-01,xslF345X03/doc4.xml,CIK0000012927-submissions-001.json
2016-04-05,4,0001225208-16-031045,2016-04-01,xslF345X03/doc4.xml,CIK0000012927-submissions-001.json
2016-04-05,4,0001225208-16-031044,2016-04-01,xslF345X03/doc4.xml,CIK0000012927-submissions-001.json
2016-04-05,4,0001225208-16-031043,2016-04-01,xslF345X03/doc4.xml,CIK0000012927-submissions-001.json
2016-04-05,4,0001225208-16-031042,2016-04-01,xslF345X03/doc4.xml,CIK0000012927-submissions-001.json
2016-04-12,3,0001225208-16-031355,2016-04-04,xslF345X02/doc3.xml,CIK0000012927-submissions-001.json
2016-04-12,3,0001225208-16-031354,2016-04-04,xslF345X02/doc3.xml,CIK0000012927-submissions-001.json
2016-04-12,3,0001225208-16-031353,2016-04-04,xslF345X02/doc3.xml,CIK0000012927-submissions-001.json
2016-04-12,3,0001225208-16-031352,2016-04-04,xslF345X02/doc3.xml,CIK0000012927-submissions-001.json
2016-04-12,UPLOAD,0000000000-16-071769,,filename1.pdf,CIK0000012927-submissions-001.json
2016-04-20,CORRESP,0000012927-16-000109,,filename1.htm,CIK0000012927-submissions-001.json
2016-04-27,10-Q,0000012927-16-000113,2016-03-31,a201603mar3110-q.htm,CIK0000012927-submissions-001.json
2016-04-27,8-K,0000950123-16-016033,2016-04-27,8-k.htm,CIK0000012927-submissions-001.json
2016-04-27,IRANNOTICE,0000012927-16-000114,,a20163marirannotice.htm,CIK0000012927-submissions-001.json
2016-05-04,8-K,0000012927-16-000119,2016-05-02,a201605may28-kdocument.htm,CIK0000012927-submissions-001.json
2016-05-05,4,0001225208-16-032697,2016-05-03,xslF345X03/doc4.xml,CIK0000012927-submissions-001.json
2016-05-05,4,0001225208-16-032696,2016-05-03,xslF345X03/doc4.xml,CIK0000012927-submissions-001.json
2016-05-05,4,0001225208-16-032695,2016-05-03,xslF345X03/doc4.xml,CIK0000012927-submissions-001.json
2016-05-06,4,0001225208-16-032791,2016-05-05,xslF345X03/doc4.xml,CIK0000012927-submissions-001.json
2016-05-13,UPLOAD,0000000000-16-076390,,filename1.pdf,CIK0000012927-submissions-001.json
2016-05-16,424B3,0001193125-16-591211,,d166863d424b3.htm,CIK0000012927-submissions-001.json
2016-05-17,4,0001225208-16-033546,2016-05-16,xslF345X03/doc4.xml,CIK0000012927-submissions-001.json
2016-05-17,4,0001225208-16-033545,2016-05-13,xslF345X03/doc4.xml,CIK0000012927-submissions-001.json
2016-05-17,424B2,0001193125-16-593135,,d166863d424b2.htm,CIK0000012927-submissions-001.json
2016-05-17,FWP,0001193125-16-592126,,d166863dfwp.htm,CIK0000012927-submissions-001.json
2016-05-18,8-K,0001193125-16-594567,2016-05-16,d160841d8k.htm,CIK0000012927-submissions-001.json
2016-05-19,4,0001225208-16-033653,2016-05-17,xslF345X03/doc4.xml,CIK0000012927-submissions-001.json
2016-05-25,CORRESP,0000012927-16-000124,,filename1.htm,CIK0000012927-submissions-001.json
2016-05-27,SD,0000012927-16-000129,,a201512dec31formsd.htm,CIK0000012927-submissions-001.json
2016-06-08,UPLOAD,0000000000-16-079789,,filename1.pdf,CIK0000012927-submissions-001.json
2016-06-28,11-K,0000012927-16-000134,2015-12-31,a2015voluntaryinvestmentpl.htm,CIK0000012927-submissions-001.json
2016-07-06,4,0001225208-16-036336,2016-07-01,xslF345X03/doc4.xml,CIK0000012927-submissions-001.json
2016-07-06,4,0001225208-16-036335,2016-07-01,xslF345X03/doc4.xml,CIK0000012927-submissions-001.json
2016-07-06,4,0001225208-16-036334,2016-07-01,xslF345X03/doc4.xml,CIK0000012927-submissions-001.json
2016-07-06,4,0001225208-16-036333,2016-07-01,xslF345X03/doc4.xml,CIK0000012927-submissions-001.json
2016-07-06,4,0001225208-16-036332,2016-07-01,xslF345X03/doc4.xml,CIK0000012927-submissions-001.json
2016-07-06,4,0001225208-16-036331,2016-07-01,xslF345X03/doc4.xml,CIK0000012927-submissions-001.json
2016-07-06,4,0001225208-16-036330,2016-07-01,xslF345X03/doc4.xml,CIK0000012927-submissions-001.json
2016-07-06,4,0001225208-16-036329,2016-07-01,xslF345X03/doc4.xml,CIK0000012927-submissions-001.json
2016-07-06,4,0001225208-16-036328,2016-07-01,xslF345X03/doc4.xml,CIK0000012927-submissions-001.json
2016-07-06,4,0001225208-16-036327,2016-07-01,xslF345X03/doc4.xml,CIK0000012927-submissions-001.json
2016-07-06,4,0001225208-16-036325,2016-07-01,xslF345X03/doc4.xml,CIK0000012927-submissions-001.json
2016-07-21,8-K,0000012927-16-000137,2016-07-21,a201607jul218-k.htm,CIK0000012927-submissions-001.json
2016-07-27,10-Q,0000012927-16-000143,2016-06-30,a201606jun3010-q.htm,CIK0000012927-submissions-001.json
2016-07-27,8-K,0000950123-16-018547,2016-07-27,a201606jun308-k.htm,CIK0000012927-submissions-001.json
2016-08-03,4,0001225208-16-037460,2016-08-01,xslF345X03/doc4.xml,CIK0000012927-submissions-001.json
2016-08-03,4,0001225208-16-037459,2016-08-01,xslF345X03/doc4.xml,CIK0000012927-submissions-001.json
2016-08-03,4,0001225208-16-037458,2016-08-01,xslF345X03/doc4.xml,CIK0000012927-submissions-001.json
2016-10-05,4,0001225208-16-040202,2016-10-03,xslF345X03/doc4.xml,CIK0000012927-submissions-001.json
2016-10-05,4,0001225208-16-040201,2016-10-03,xslF345X03/doc4.xml,CIK0000012927-submissions-001.json
2016-10-05,4,0001225208-16-040200,2016-10-03,xslF345X03/doc4.xml,CIK0000012927-submissions-001.json
2016-10-05,4,0001225208-16-040199,2016-10-03,xslF345X03/doc4.xml,CIK0000012927-submissions-001.json
2016-10-05,4,0001225208-16-040198,2016-10-03,xslF345X03/doc4.xml,CIK0000012927-submissions-001.json
2016-10-05,4,0001225208-16-040197,2016-10-03,xslF345X03/doc4.xml,CIK0000012927-submissions-001.json
2016-10-05,4,0001225208-16-040196,2016-10-03,xslF345X03/doc4.xml,CIK0000012927-submissions-001.json
2016-10-05,4,0001225208-16-040194,2016-10-03,xslF345X03/doc4.xml,CIK0000012927-submissions-001.json
2016-10-05,4,0001225208-16-040193,2016-10-03,xslF345X03/doc4.xml,CIK0000012927-submissions-001.json
2016-10-05,4,0001225208-16-040192,2016-10-03,xslF345X03/doc4.xml,CIK0000012927-submissions-001.json
2016-10-05,4,0001225208-16-040190,2016-10-03,xslF345X03/doc4.xml,CIK0000012927-submissions-001.json
2016-10-14,8-K,0000012927-16-000147,2016-10-14,a201610octxx8-kdocument.htm,CIK0000012927-submissions-001.json
2016-10-21,3,0001225208-16-040627,2016-10-14,xslF345X02/doc3.xml,CIK0000012927-submissions-001.json
2016-10-26,10-Q,0000012927-16-000153,2016-09-30,a201609sep3010-q.htm,CIK0000012927-submissions-001.json
2016-10-26,8-K,0000950123-16-020852,2016-10-26,a201609sep308-k.htm,CIK0000012927-submissions-001.json
2016-11-02,4,0001225208-16-041006,2016-10-31,xslF345X03/doc4.xml,CIK0000012927-submissions-001.json
2016-11-03,4,0001225208-16-041168,2016-11-01,xslF345X03/doc4.xml,CIK0000012927-submissions-001.json
2016-11-03,4,0001225208-16-041166,2016-11-01,xslF345X03/doc4.xml,CIK0000012927-submissions-001.json
2016-11-03,4,0001225208-16-041162,2016-11-01,xslF345X03/doc4.xml,CIK0000012927-submissions-001.json
2016-11-08,4,0001225208-16-041297,2016-11-04,xslF345X03/doc4.xml,CIK0000012927-submissions-001.json
2016-11-08,8-K,0000012927-16-000159,2016-11-02,a201611nov28-kcreditagreem.htm,CIK0000012927-submissions-001.json
2016-11-21,8-K,0000012927-16-000165,2016-11-16,a201611nov218-k.htm,CIK0000012927-submissions-001.json
2016-11-23,3,0001225208-16-042200,2016-11-21,xslF345X02/doc3.xml,CIK0000012927-submissions-001.json
2016-11-23,4,0001225208-16-042203,2016-11-21,xslF345X03/doc4.xml,CIK0000012927-submissions-001.json
2016-12-01,3,0001225208-16-042564,2016-11-21,xslF345X02/doc3.xml,CIK0000012927-submissions-001.json
2016-12-12,8-K,0000012927-16-000170,2016-12-12,a201612dec128kdocument.htm,CIK0000012927-submissions-001.json
2016-12-21,4,0001225208-16-043651,2016-12-19,xslF345X03/doc4.xml,CIK0000012927-submissions-001.json
2016-12-21,4,0001225208-16-043650,2016-12-19,xslF345X03/doc4.xml,CIK0000012927-submissions-001.json
2017-01-05,4,0001225208-17-000752,2017-01-03,xslF345X03/doc4.xml,CIK0000012927-submissions-001.json
2017-01-05,4,0001225208-17-000751,2017-01-03,xslF345X03/doc4.xml,CIK0000012927-submissions-001.json
2017-01-05,4,0001225208-17-000750,2017-01-03,xslF345X03/doc4.xml,CIK0000012927-submissions-001.json
2017-01-05,4,0001225208-17-000749,2017-01-03,xslF345X03/doc4.xml,CIK0000012927-submissions-001.json
2017-01-05,4,0001225208-17-000742,2017-01-03,xslF345X03/doc4.xml,CIK0000012927-submissions-001.json
2017-01-05,4,0001225208-17-000738,2017-01-03,xslF345X03/doc4.xml,CIK0000012927-submissions-001.json
2017-01-05,4,0001225208-17-000735,2017-01-03,xslF345X03/doc4.xml,CIK0000012927-submissions-001.json
2017-01-05,4,0001225208-17-000732,2017-01-03,xslF345X03/doc4.xml,CIK0000012927-submissions-001.json
2017-01-05,4,0001225208-17-000701,2017-01-03,xslF345X03/doc4.xml,CIK0000012927-submissions-001.json
2017-01-05,4,0001225208-17-000696,2017-01-03,xslF345X03/doc4.xml,CIK0000012927-submissions-001.json
2017-01-05,4,0001225208-17-000695,2017-01-03,xslF345X03/doc4.xml,CIK0000012927-submissions-001.json
2017-01-05,4,0001225208-17-000694,2017-01-03,xslF345X03/doc4.xml,CIK0000012927-submissions-001.json
2017-01-06,NO ACT,9999999997-17-001621,2016-12-21,9999999997-17-001621.paper,CIK0000012927-submissions-001.json
2017-01-19,4,0001225208-17-001372,2017-01-17,xslF345X03/doc4.xml,CIK0000012927-submissions-001.json
2017-01-25,8-K,0000950123-17-000426,2017-01-25,a201612dec318-k.htm,CIK0000012927-submissions-001.json
2017-01-30,NO ACT,9999999997-17-001616,2016-12-21,9999999997-17-001616.paper,CIK0000012927-submissions-001.json
2017-01-30,SC 13G,0000215457-17-002180,,boeing.txt,CIK0000012927-submissions-001.json
2017-02-01,4,0001225208-17-002212,2017-01-30,xslF345X03/doc4.xml,CIK0000012927-submissions-001.json
2017-02-01,4,0001225208-17-002189,2017-01-30,xslF345X03/doc4.xml,CIK0000012927-submissions-001.json
2017-02-02,4,0001225208-17-002290,2017-01-31,xslF345X03/doc4.xml,CIK0000012927-submissions-001.json
2017-02-02,4,0001225208-17-002278,2017-01-31,xslF345X03/doc4.xml,CIK0000012927-submissions-001.json
2017-02-02,4,0001225208-17-002277,2017-01-31,xslF345X03/doc4.xml,CIK0000012927-submissions-001.json
2017-02-03,4,0001225208-17-002365,2017-02-02,xslF345X03/doc4.xml,CIK0000012927-submissions-001.json
2017-02-07,SC 13G/A,0000080255-17-000884,,ba13gadec16.txt,CIK0000012927-submissions-001.json
2017-02-08,10-K,0000012927-17-000006,2016-12-31,a201612dec3110k.htm,CIK0000012927-submissions-001.json
2017-02-09,4,0001225208-17-002734,2017-02-07,xslF345X03/doc4.xml,CIK0000012927-submissions-001.json
2017-02-10,10-K/A,0000012927-17-000012,2016-12-31,a201612dec3110-ka.htm,CIK0000012927-submissions-001.json
2017-02-10,IRANNOTICE,0000012927-17-000014,,a201612dec31irannotice.htm,CIK0000012927-submissions-001.json
2017-02-10,SC 13G/A,0000932471-17-001753,,boeingcothe.htm,CIK0000012927-submissions-001.json
2017-02-13,5,0000899243-17-003787,2016-12-31,xslF345X03/doc5.xml,CIK0000012927-submissions-001.json
2017-02-13,SC 13G/A,0001422849-17-000015,,edgba.txt,CIK0000012927-submissions-001.json
2017-02-13,SC 13G/A,0001172661-17-000529,,ba123116a10.htm,CIK0000012927-submissions-001.json
2017-02-14,424B3,0001193125-17-041994,,d331408d424b3.htm,CIK0000012927-submissions-001.json
2017-02-14,FWP,0001193125-17-043808,,d331408dfwp.htm,CIK0000012927-submissions-001.json
2017-02-14,SC 13G,0000093751-17-000232,,BOEING.txt,CIK0000012927-submissions-001.json
2017-02-15,424B2,0001193125-17-045427,,d331408d424b2.htm,CIK0000012927-submissions-001.json
2017-02-16,8-K,0001193125-17-046619,2017-02-14,d349747d8k.htm,CIK0000012927-submissions-001.json
2017-02-28,4,0001225208-17-005019,2017-02-24,xslF345X03/doc4.xml,CIK0000012927-submissions-001.json
2017-02-28,4,0001225208-17-005018,2017-02-24,xslF345X03/doc4.xml,CIK0000012927-submissions-001.json
2017-02-28,4,0001225208-17-005017,2017-02-24,xslF345X03/doc4.xml,CIK0000012927-submissions-001.json
2017-02-28,4,0001225208-17-005016,2017-02-24,xslF345X03/doc4.xml,CIK0000012927-submissions-001.json
2017-02-28,4,0001225208-17-005015,2017-02-24,xslF345X03/doc4.xml,CIK0000012927-submissions-001.json
2017-02-28,4,0001225208-17-005014,2017-02-24,xslF345X03/doc4.xml,CIK0000012927-submissions-001.json
2017-02-28,4,0001225208-17-005013,2017-02-24,xslF345X03/doc4.xml,CIK0000012927-submissions-001.json
2017-02-28,4,0001225208-17-005012,2017-02-24,xslF345X03/doc4.xml,CIK0000012927-submissions-001.json
2017-02-28,4,0001225208-17-005011,2017-02-24,xslF345X03/doc4.xml,CIK0000012927-submissions-001.json
2017-02-28,4,0001225208-17-005010,2017-02-24,xslF345X03/doc4.xml,CIK0000012927-submissions-001.json
2017-02-28,4,0001225208-17-005009,2017-02-24,xslF345X03/doc4.xml,CIK0000012927-submissions-001.json
2017-02-28,4,0001225208-17-005008,2017-02-24,xslF345X03/doc4.xml,CIK0000012927-submissions-001.json
2017-02-28,4,0001225208-17-005007,2017-02-24,xslF345X03/doc4.xml,CIK0000012927-submissions-001.json
2017-02-28,4,0001225208-17-005006,2017-02-24,xslF345X03/doc4.xml,CIK0000012927-submissions-001.json
2017-02-28,4,0001225208-17-005005,2017-02-24,xslF345X03/doc4.xml,CIK0000012927-submissions-001.json
2017-02-28,4,0001225208-17-005004,2017-02-24,xslF345X03/doc4.xml,CIK0000012927-submissions-001.json
2017-03-01,4,0001225208-17-005141,2017-02-27,xslF345X03/doc4.xml,CIK0000012927-submissions-001.json
2017-03-01,4,0001225208-17-005140,2017-02-27,xslF345X03/doc4.xml,CIK0000012927-submissions-001.json
2017-03-01,4,0001225208-17-005139,2017-02-27,xslF345X03/doc4.xml,CIK0000012927-submissions-001.json
2017-03-01,4,0001225208-17-005138,2017-02-27,xslF345X03/doc4.xml,CIK0000012927-submissions-001.json
2017-03-01,4,0001225208-17-005137,2017-02-27,xslF345X03/doc4.xml,CIK0000012927-submissions-001.json
2017-03-01,4,0001225208-17-005136,2017-02-27,xslF345X03/doc4.xml,CIK0000012927-submissions-001.json
2017-03-01,4,0001225208-17-005135,2017-02-27,xslF345X03/doc4.xml,CIK0000012927-submissions-001.json
2017-03-01,4,0001225208-17-005134,2017-02-27,xslF345X03/doc4.xml,CIK0000012927-submissions-001.json
2017-03-01,4,0001225208-17-005133,2017-02-27,xslF345X03/doc4.xml,CIK0000012927-submissions-001.json
2017-03-01,4,0001225208-17-005132,2017-02-27,xslF345X03/doc4.xml,CIK0000012927-submissions-001.json
2017-03-01,4,0001225208-17-005131,2017-02-27,xslF345X03/doc4.xml,CIK0000012927-submissions-001.json
2017-03-01,4,0001225208-17-005130,2017-02-27,xslF345X03/doc4.xml,CIK0000012927-submissions-001.json
2017-03-01,4,0001225208-17-005129,2017-02-27,xslF345X03/doc4.xml,CIK0000012927-submissions-001.json
2017-03-01,4,0001225208-17-005128,2017-02-27,xslF345X03/doc4.xml,CIK0000012927-submissions-001.json
2017-03-01,4,0001225208-17-005127,2017-02-27,xslF345X03/doc4.xml,CIK0000012927-submissions-001.json
2017-03-01,4,0001225208-17-005126,2017-02-27,xslF345X03/doc4.xml,CIK0000012927-submissions-001.json
2017-03-01,4,0001225208-17-005125,2017-02-27,xslF345X03/doc4.xml,CIK0000012927-submissions-001.json
2017-03-07,4,0001225208-17-005815,2017-03-03,xslF345X03/doc4.xml,CIK0000012927-submissions-001.json
2017-03-07,4,0001225208-17-005814,2017-03-03,xslF345X03/doc4.xml,CIK0000012927-submissions-001.json
2017-03-07,4,0001225208-17-005813,2017-03-03,xslF345X03/doc4.xml,CIK0000012927-submissions-001.json
2017-03-07,4,0001225208-17-005812,2017-03-03,xslF345X03/doc4.xml,CIK0000012927-submissions-001.json
2017-03-07,4,0001225208-17-005811,2017-03-03,xslF345X03/doc4.xml,CIK0000012927-submissions-001.json
2017-03-07,4,0001225208-17-005810,2017-03-03,xslF345X03/doc4.xml,CIK0000012927-submissions-001.json
2017-03-07,4,0001225208-17-005809,2017-03-03,xslF345X03/doc4.xml,CIK0000012927-submissions-001.json
2017-03-07,4,0001225208-17-005808,2017-03-03,xslF345X03/doc4.xml,CIK0000012927-submissions-001.json
2017-03-07,4,0001225208-17-005807,2017-03-03,xslF345X03/doc4.xml,CIK0000012927-submissions-001.json
2017-03-07,4,0001225208-17-005806,2017-03-03,xslF345X03/doc4.xml,CIK0000012927-submissions-001.json
2017-03-07,4,0001225208-17-005805,2017-03-03,xslF345X03/doc4.xml,CIK0000012927-submissions-001.json
2017-03-07,4,0001225208-17-005804,2017-03-03,xslF345X03/doc4.xml,CIK0000012927-submissions-001.json
2017-03-07,4,0001225208-17-005803,2017-03-03,xslF345X03/doc4.xml,CIK0000012927-submissions-001.json
2017-03-07,4,0001225208-17-005802,2017-03-03,xslF345X03/doc4.xml,CIK0000012927-submissions-001.json
2017-03-07,4,0001225208-17-005801,2017-03-03,xslF345X03/doc4.xml,CIK0000012927-submissions-001.json
2017-03-07,4,0001225208-17-005800,2017-03-03,xslF345X03/doc4.xml,CIK0000012927-submissions-001.json
2017-03-17,DEF 14A,0001193125-17-087206,2017-05-01,d477603ddef14a.htm,CIK0000012927-submissions-001.json
2017-03-17,DEFA14A,0001193125-17-087223,,d345949ddefa14a.htm,CIK0000012927-submissions-001.json
2017-03-17,DEFA14A,0001193125-17-087215,,d477603ddefa14a.htm,CIK0000012927-submissions-001.json
2017-04-05,4,0001225208-17-007691,2017-04-03,xslF345X03/doc4.xml,CIK0000012927-submissions-001.json
2017-04-05,4,0001225208-17-007690,2017-04-03,xslF345X03/doc4.xml,CIK0000012927-submissions-001.json
2017-04-05,4,0001225208-17-007689,2017-04-03,xslF345X03/doc4.xml,CIK0000012927-submissions-001.json
2017-04-05,4,0001225208-17-007688,2017-04-03,xslF345X03/doc4.xml,CIK0000012927-submissions-001.json
2017-04-05,4,0001225208-17-007687,2017-04-03,xslF345X03/doc4.xml,CIK0000012927-submissions-001.json
2017-04-05,4,0001225208-17-007686,2017-04-03,xslF345X03/doc4.xml,CIK0000012927-submissions-001.json
2017-04-05,4,0001225208-17-007685,2017-04-03,xslF345X03/doc4.xml,CIK0000012927-submissions-001.json
2017-04-05,4,0001225208-17-007684,2017-04-03,xslF345X03/doc4.xml,CIK0000012927-submissions-001.json
2017-04-05,4,0001225208-17-007683,2017-04-03,xslF345X03/doc4.xml,CIK0000012927-submissions-001.json
2017-04-05,4,0001225208-17-007682,2017-04-03,xslF345X03/doc4.xml,CIK0000012927-submissions-001.json
2017-04-05,4,0001225208-17-007681,2017-04-03,xslF345X03/doc4.xml,CIK0000012927-submissions-001.json
2017-04-05,4,0001225208-17-007680,2017-04-03,xslF345X03/doc4.xml,CIK0000012927-submissions-001.json
2017-04-26,10-Q,0000012927-17-000024,2017-03-31,a201703mar3110-q.htm,CIK0000012927-submissions-001.json
2017-04-26,8-K,0000950123-17-003588,2017-04-26,a201703mar318-k.htm,CIK0000012927-submissions-001.json
2017-05-03,4,0001225208-17-009086,2017-05-02,xslF345X03/doc4.xml,CIK0000012927-submissions-001.json
2017-05-03,4,0001225208-17-009085,2017-05-02,xslF345X03/doc4.xml,CIK0000012927-submissions-001.json
2017-05-03,4,0001225208-17-009083,2017-05-02,xslF345X03/doc4.xml,CIK0000012927-submissions-001.json
2017-05-03,4,0001225208-17-009082,2017-05-01,xslF345X03/doc4.xml,CIK0000012927-submissions-001.json
2017-05-03,4,0001225208-17-009080,2017-05-01,xslF345X03/doc4.xml,CIK0000012927-submissions-001.json
2017-05-03,8-K,0000012927-17-000028,2017-05-01,a201705may18-kdocument.htm,CIK0000012927-submissions-001.json
2017-05-05,4,0001225208-17-009257,2017-05-03,xslF345X03/doc4.xml,CIK0000012927-submissions-001.json
2017-05-05,4,0001225208-17-009256,2017-05-03,xslF345X03/doc4.xml,CIK0000012927-submissions-001.json
2017-05-05,4,0001225208-17-009255,2017-05-05,xslF345X03/doc4.xml,CIK0000012927-submissions-001.json
2017-05-30,SD,0000012927-17-000032,,a201612dec31formsd.htm,CIK0000012927-submissions-001.json
2017-06-16,3,0001225208-17-011424,2017-06-08,xslF345X02/doc3.xml,CIK0000012927-submissions-001.json
2017-06-23,11-K,0000012927-17-000036,2016-12-31,a2016voluntaryinvestmentpl.htm,CIK0000012927-submissions-001.json
2017-06-28,8-K,0000012927-17-000040,2017-06-25,a201706jun258-kdocument.htm,CIK0000012927-submissions-001.json
2017-07-06,4,0001225208-17-012357,2017-07-03,xslF345X03/doc4.xml,CIK0000012927-submissions-001.json
2017-07-06,4,0001225208-17-012356,2017-07-03,xslF345X03/doc4.xml,CIK0000012927-submissions-001.json
2017-07-06,4,0001225208-17-012355,2017-07-03,xslF345X03/doc4.xml,CIK0000012927-submissions-001.json
2017-07-06,4,0001225208-17-012354,2017-07-03,xslF345X03/doc4.xml,CIK0000012927-submissions-001.json
2017-07-06,4,0001225208-17-012353,2017-07-03,xslF345X03/doc4.xml,CIK0000012927-submissions-001.json
2017-07-06,4,0001225208-17-012352,2017-07-03,xslF345X03/doc4.xml,CIK0000012927-submissions-001.json
2017-07-06,4,0001225208-17-012351,2017-07-03,xslF345X03/doc4.xml,CIK0000012927-submissions-001.json
2017-07-06,4,0001225208-17-012350,2017-07-03,xslF345X03/doc4.xml,CIK0000012927-submissions-001.json
2017-07-06,4,0001225208-17-012349,2017-07-03,xslF345X03/doc4.xml,CIK0000012927-submissions-001.json
2017-07-06,4,0001225208-17-012347,2017-07-03,xslF345X03/doc4.xml,CIK0000012927-submissions-001.json
2017-07-06,4,0001225208-17-012346,2017-07-03,xslF345X03/doc4.xml,CIK0000012927-submissions-001.json
2017-07-06,4,0001225208-17-012345,2017-07-03,xslF345X03/doc4.xml,CIK0000012927-submissions-001.json
2017-07-06,4,0001225208-17-012344,2017-07-03,xslF345X03/doc4.xml,CIK0000012927-submissions-001.json
2017-07-26,10-Q,0000012927-17-000044,2017-06-30,a201706jun3010-q.htm,CIK0000012927-submissions-001.json
2017-07-26,8-K,0000950123-17-006317,2017-07-26,a201706jun308-k.htm,CIK0000012927-submissions-001.json
2017-08-01,8-K,0000012927-17-000054,2017-08-01,a201708aug18-kdocument.htm,CIK0000012927-submissions-001.json
2017-08-02,4,0001225208-17-013195,2017-07-31,xslF345X03/doc4.xml,CIK0000012927-submissions-001.json
2017-08-02,4,0001225208-17-013194,2017-07-31,xslF345X03/doc4.xml,CIK0000012927-submissions-001.json
2017-08-02,4,0001225208-17-013193,2017-07-31,xslF345X03/doc4.xml,CIK0000012927-submissions-001.json
2017-08-02,4,0001225208-17-013192,2017-07-31,xslF345X03/doc4.xml,CIK0000012927-submissions-001.json
2017-08-02,S-3ASR,0000012927-17-000064,,s-3shelf.htm,CIK0000012927-submissions-001.json
2017-08-02,S-3ASR,0000012927-17-000061,,s-3pen.htm,CIK0000012927-submissions-001.json
2017-08-09,4,0001225208-17-013435,2017-08-07,xslF345X03/doc4.xml,CIK0000012927-submissions-001.json
2017-08-10,8-K,0000012927-17-000066,2017-08-10,a2017aug108-kdocument.htm,CIK0000012927-submissions-001.json
2017-08-10,SC 13G/A,0000093751-17-000437,,BA.txt,CIK0000012927-submissions-001.json
2017-08-15,3,0001225208-17-014021,2017-08-10,xslF345X02/doc3.xml,CIK0000012927-submissions-001.json
2017-09-27,3,0001225208-17-015344,2017-09-25,xslF345X02/doc3.xml,CIK0000012927-submissions-001.json
2017-09-27,4,0001225208-17-015345,2017-09-25,xslF345X03/doc4.xml,CIK0000012927-submissions-001.json
2017-10-04,4,0001225208-17-015959,2017-10-02,xslF345X03/doc4.xml,CIK0000012927-submissions-001.json
2017-10-04,4,0001225208-17-015958,2017-10-02,xslF345X03/doc4.xml,CIK0000012927-submissions-001.json
2017-10-04,4,0001225208-17-015957,2017-10-02,xslF345X03/doc4.xml,CIK0000012927-submissions-001.json
2017-10-04,4,0001225208-17-015956,2017-10-02,xslF345X03/doc4.xml,CIK0000012927-submissions-001.json
2017-10-04,4,0001225208-17-015955,2017-10-02,xslF345X03/doc4.xml,CIK0000012927-submissions-001.json
2017-10-04,4,0001225208-17-015954,2017-10-02,xslF345X03/doc4.xml,CIK0000012927-submissions-001.json
2017-10-04,4,0001225208-17-015953,2017-10-02,xslF345X03/doc4.xml,CIK0000012927-submissions-001.json
2017-10-04,4,0001225208-17-015952,2017-10-02,xslF345X03/doc4.xml,CIK0000012927-submissions-001.json
2017-10-04,4,0001225208-17-015951,2017-10-02,xslF345X03/doc4.xml,CIK0000012927-submissions-001.json
2017-10-04,4,0001225208-17-015950,2017-10-02,xslF345X03/doc4.xml,CIK0000012927-submissions-001.json
2017-10-04,4,0001225208-17-015949,2017-10-02,xslF345X03/doc4.xml,CIK0000012927-submissions-001.json
2017-10-04,4,0001225208-17-015948,2017-10-02,xslF345X03/doc4.xml,CIK0000012927-submissions-001.json
2017-10-04,4,0001225208-17-015947,2017-10-02,xslF345X03/doc4.xml,CIK0000012927-submissions-001.json
2017-10-25,10-Q,0000012927-17-000073,2017-09-30,a201709sep3010-q.htm,CIK0000012927-submissions-001.json
2017-10-25,8-K,0000950123-17-009196,2017-10-25,a201709sep308-k.htm,CIK0000012927-submissions-001.json
2017-11-03,8-K,0000012927-17-000080,2017-11-01,a201711nov18-kcreditagree.htm,CIK0000012927-submissions-001.json
2017-12-05,4,0001225208-17-018263,2017-12-01,xslF345X03/doc4.xml,CIK0000012927-submissions-001.json
2017-12-11,8-K,0000012927-17-000082,2017-12-11,a201712dec118kdividendrepo.htm,CIK0000012927-submissions-001.json
2017-12-15,8-K,0000012927-17-000084,2017-12-15,a201712dec158-kdocument.htm,CIK0000012927-submissions-001.json
2017-12-18,8-K,0000012927-17-000086,2017-12-17,a201712dec178-kdocument.htm,CIK0000012927-submissions-001.json
2018-01-04,4,0001225208-18-000732,2017-10-31,xslF345X03/doc4.xml,CIK0000012927-submissions-001.json
2018-01-04,4,0001225208-18-000725,2018-01-02,xslF345X03/doc4.xml,CIK0000012927-submissions-001.json
2018-01-04,4,0001225208-18-000724,2018-01-02,xslF345X03/doc4.xml,CIK0000012927-submissions-001.json
2018-01-04,4,0001225208-18-000723,2018-01-02,xslF345X03/doc4.xml,CIK0000012927-submissions-001.json
2018-01-04,4,0001225208-18-000722,2018-01-02,xslF345X03/doc4.xml,CIK0000012927-submissions-001.json
2018-01-04,4,0001225208-18-000721,2018-01-02,xslF345X03/doc4.xml,CIK0000012927-submissions-001.json
2018-01-04,4,0001225208-18-000720,2018-01-02,xslF345X03/doc4.xml,CIK0000012927-submissions-001.json
2018-01-04,4,0001225208-18-000719,2018-01-02,xslF345X03/doc4.xml,CIK0000012927-submissions-001.json
2018-01-04,4,0001225208-18-000718,2018-01-02,xslF345X03/doc4.xml,CIK0000012927-submissions-001.json
2018-01-04,4,0001225208-18-000717,2018-01-02,xslF345X03/doc4.xml,CIK0000012927-submissions-001.json
2018-01-04,4,0001225208-18-000716,2018-01-02,xslF345X03/doc4.xml,CIK0000012927-submissions-001.json
2018-01-04,4,0001225208-18-000715,2018-01-02,xslF345X03/doc4.xml,CIK0000012927-submissions-001.json
2018-01-04,4,0001225208-18-000714,2018-01-02,xslF345X03/doc4.xml,CIK0000012927-submissions-001.json
2018-01-31,8-K,0000950123-18-000555,2018-01-31,a201712dec318-k1.htm,CIK0000012927-submissions-001.json
2018-02-02,SC 13G/A,0001172661-18-000229,,ba123117a11.htm,CIK0000012927-submissions-001.json
2018-02-08,SC 13G/A,0000932471-18-002798,,boeingcothe.htm,CIK0000012927-submissions-001.json
2018-02-08,SC 13G/A,0000215457-18-005043,,us0970231058_012418.txt,CIK0000012927-submissions-001.json
2018-02-12,10-K,0000012927-18-000007,2017-12-31,a201712dec3110k.htm,CIK0000012927-submissions-001.json
2018-02-12,4,0001225208-18-002579,2018-02-08,xslF345X03/doc4.xml,CIK0000012927-submissions-001.json
2018-02-12,5,0001225208-18-002581,2017-12-31,xslF345X03/doc5.xml,CIK0000012927-submissions-001.json
2018-02-12,5,0001225208-18-002580,2017-12-31,xslF345X03/doc5.xml,CIK0000012927-submissions-001.json
2018-02-13,SC 13G,0001172661-18-000502,,ba123117.htm,CIK0000012927-submissions-001.json
2018-02-13,SC 13G/A,0000093751-18-000055,,BOEING.txt,CIK0000012927-submissions-001.json
2018-02-14,SC 13G/A,0001422849-18-000019,,edgba.txt,CIK0000012927-submissions-001.json
2018-02-21,424B3,0001193125-18-051212,,d457294d424b3.htm,CIK0000012927-submissions-001.json
2018-02-21,FWP,0001193125-18-052102,,d457294dfwp.htm,CIK0000012927-submissions-001.json
2018-02-22,424B2,0001193125-18-054139,,d457294d424b2.htm,CIK0000012927-submissions-001.json
2018-02-23,8-K,0001193125-18-056076,2018-02-21,d630486d8k.htm,CIK0000012927-submissions-001.json
2018-02-26,4,0001225208-18-004144,2018-02-22,xslF345X03/doc4.xml,CIK0000012927-submissions-001.json
2018-02-26,4,0001225208-18-004133,2018-02-22,xslF345X03/doc4.xml,CIK0000012927-submissions-001.json
2018-02-27,4,0001225208-18-004479,2018-02-23,xslF345X03/doc4.xml,CIK0000012927-submissions-001.json
2018-02-27,4,0001225208-18-004478,2018-02-23,xslF345X03/doc4.xml,CIK0000012927-submissions-001.json
2018-02-27,4,0001225208-18-004477,2018-02-23,xslF345X03/doc4.xml,CIK0000012927-submissions-001.json
2018-02-27,4,0001225208-18-004476,2018-02-23,xslF345X03/doc4.xml,CIK0000012927-submissions-001.json
2018-02-27,4,0001225208-18-004474,2018-02-23,xslF345X03/doc4.xml,CIK0000012927-submissions-001.json
2018-02-27,4,0001225208-18-004473,2018-02-23,xslF345X03/doc4.xml,CIK0000012927-submissions-001.json
2018-02-27,4,0001225208-18-004471,2018-02-23,xslF345X03/doc4.xml,CIK0000012927-submissions-001.json
2018-02-27,4,0001225208-18-004470,2018-02-23,xslF345X03/doc4.xml,CIK0000012927-submissions-001.json
2018-02-27,4,0001225208-18-004469,2018-02-23,xslF345X03/doc4.xml,CIK0000012927-submissions-001.json
2018-02-27,4,0001225208-18-004468,2018-02-23,xslF345X03/doc4.xml,CIK0000012927-submissions-001.json
2018-02-27,4,0001225208-18-004467,2018-02-23,xslF345X03/doc4.xml,CIK0000012927-submissions-001.json
2018-02-27,4,0001225208-18-004466,2018-02-23,xslF345X03/doc4.xml,CIK0000012927-submissions-001.json
2018-02-27,4,0001225208-18-004465,2018-02-23,xslF345X03/doc4.xml,CIK0000012927-submissions-001.json
2018-02-28,4,0001225208-18-004795,2018-02-26,xslF345X03/doc4.xml,CIK0000012927-submissions-001.json
2018-02-28,4,0001225208-18-004794,2018-02-26,xslF345X03/doc4.xml,CIK0000012927-submissions-001.json
2018-02-28,4,0001225208-18-004792,2018-02-26,xslF345X03/doc4.xml,CIK0000012927-submissions-001.json
2018-02-28,4,0001225208-18-004791,2018-02-26,xslF345X03/doc4.xml,CIK0000012927-submissions-001.json
2018-02-28,4,0001225208-18-004790,2018-02-26,xslF345X03/doc4.xml,CIK0000012927-submissions-001.json
2018-02-28,4,0001225208-18-004789,2018-02-26,xslF345X03/doc4.xml,CIK0000012927-submissions-001.json
2018-02-28,4,0001225208-18-004788,2018-02-26,xslF345X03/doc4.xml,CIK0000012927-submissions-001.json
2018-02-28,4,0001225208-18-004787,2018-02-26,xslF345X03/doc4.xml,CIK0000012927-submissions-001.json
2018-02-28,4,0001225208-18-004785,2018-02-26,xslF345X03/doc4.xml,CIK0000012927-submissions-001.json
2018-02-28,4,0001225208-18-004783,2018-02-26,xslF345X03/doc4.xml,CIK0000012927-submissions-001.json
2018-02-28,4,0001225208-18-004782,2018-02-26,xslF345X03/doc4.xml,CIK0000012927-submissions-001.json
2018-02-28,4,0001225208-18-004780,2018-02-26,xslF345X03/doc4.xml,CIK0000012927-submissions-001.json
2018-02-28,4,0001225208-18-004779,2018-02-26,xslF345X03/doc4.xml,CIK0000012927-submissions-001.json
2018-02-28,4,0001225208-18-004778,2018-02-26,xslF345X03/doc4.xml,CIK0000012927-submissions-001.json
2018-02-28,4,0001225208-18-004776,2018-02-26,xslF345X03/doc4.xml,CIK0000012927-submissions-001.json
2018-03-06,4,0001225208-18-005459,2018-03-02,xslF345X03/doc4.xml,CIK0000012927-submissions-001.json
2018-03-06,4,0001225208-18-005458,2018-03-02,xslF345X03/doc4.xml,CIK0000012927-submissions-001.json
2018-03-06,4,0001225208-18-005457,2018-03-02,xslF345X03/doc4.xml,CIK0000012927-submissions-001.json
2018-03-06,4,0001225208-18-005456,2018-03-02,xslF345X03/doc4.xml,CIK0000012927-submissions-001.json
2018-03-06,4,0001225208-18-005455,2018-03-02,xslF345X03/doc4.xml,CIK0000012927-submissions-001.json
2018-03-06,4,0001225208-18-005454,2018-03-02,xslF345X03/doc4.xml,CIK0000012927-submissions-001.json
2018-03-06,4,0001225208-18-005453,2018-03-02,xslF345X03/doc4.xml,CIK0000012927-submissions-001.json
2018-03-06,4,0001225208-18-005452,2018-03-02,xslF345X03/doc4.xml,CIK0000012927-submissions-001.json
2018-03-06,4,0001225208-18-005451,2018-03-02,xslF345X03/doc4.xml,CIK0000012927-submissions-001.json
2018-03-06,4,0001225208-18-005450,2018-03-02,xslF345X03/doc4.xml,CIK0000012927-submissions-001.json
2018-03-06,4,0001225208-18-005449,2018-03-02,xslF345X03/doc4.xml,CIK0000012927-submissions-001.json
2018-03-06,4,0001225208-18-005448,2018-03-02,xslF345X03/doc4.xml,CIK0000012927-submissions-001.json
2018-03-06,4,0001225208-18-005447,2018-03-02,xslF345X03/doc4.xml,CIK0000012927-submissions-001.json
2018-03-16,DEF 14A,0001193125-18-085720,2018-04-30,d529634ddef14a.htm,CIK0000012927-submissions-001.json
2018-03-16,DEFA14A,0001193125-18-085767,,d548932ddefa14a.htm,CIK0000012927-submissions-001.json
2018-03-16,DEFA14A,0001193125-18-085742,,d529634ddefa14a.htm,CIK0000012927-submissions-001.json
2018-04-04,4,0001225208-18-007377,2018-04-02,xslF345X03/doc4.xml,CIK0000012927-submissions-001.json
2018-04-04,4,0001225208-18-007376,2018-04-02,xslF345X03/doc4.xml,CIK0000012927-submissions-001.json
2018-04-04,4,0001225208-18-007374,2018-04-02,xslF345X03/doc4.xml,CIK0000012927-submissions-001.json
2018-04-04,4,0001225208-18-007373,2018-04-02,xslF345X03/doc4.xml,CIK0000012927-submissions-001.json
2018-04-04,4,0001225208-18-007372,2018-04-02,xslF345X03/doc4.xml,CIK0000012927-submissions-001.json
2018-04-04,4,0001225208-18-007371,2018-04-02,xslF345X03/doc4.xml,CIK0000012927-submissions-001.json
2018-04-04,4,0001225208-18-007370,2018-04-02,xslF345X03/doc4.xml,CIK0000012927-submissions-001.json
2018-04-04,4,0001225208-18-007369,2018-04-02,xslF345X03/doc4.xml,CIK0000012927-submissions-001.json
2018-04-04,4,0001225208-18-007368,2018-04-02,xslF345X03/doc4.xml,CIK0000012927-submissions-001.json
2018-04-04,4,0001225208-18-007367,2018-04-02,xslF345X03/doc4.xml,CIK0000012927-submissions-001.json
2018-04-04,4,0001225208-18-007366,2018-04-02,xslF345X03/doc4.xml,CIK0000012927-submissions-001.json
2018-04-04,4,0001225208-18-007364,2018-04-02,xslF345X03/doc4.xml,CIK0000012927-submissions-001.json
2018-04-25,10-Q,0000012927-18-000018,2018-03-31,a201803mar3110-q.htm,CIK0000012927-submissions-001.json
2018-04-25,8-K,0000950123-18-003776,2018-04-25,a201803mar318-k.htm,CIK0000012927-submissions-001.json
2018-05-01,8-K,0000012927-18-000021,2018-04-30,a201804april308-kdocument.htm,CIK0000012927-submissions-001.json
2018-05-01,8-K,0001193125-18-145009,2018-04-30,d579120d8k.htm,CIK0000012927-submissions-001.json
2018-05-07,4,0001225208-18-008851,2018-05-03,xslF345X03/doc4.xml,CIK0000012927-submissions-001.json
2018-05-08,4,0001225208-18-008945,2018-05-07,xslF345X03/doc4.xml,CIK0000012927-submissions-001.json
2018-05-08,4,0001225208-18-008944,2018-05-04,xslF345X03/doc4.xml,CIK0000012927-submissions-001.json
2018-05-08,4,0001225208-18-008943,2018-05-04,xslF345X03/doc4.xml,CIK0000012927-submissions-001.json
2018-05-10,4,0001225208-18-009113,2018-05-09,xslF345X03/doc4.xml,CIK0000012927-submissions-001.json
2018-05-30,SD,0000012927-18-000026,,a201712dec31formsd.htm,CIK0000012927-submissions-001.json
2018-06-07,8-K,0000012927-18-000029,2018-06-07,a201806jun78-kform.htm,CIK0000012927-submissions-001.json
2018-06-14,11-K,0000012927-18-000035,2017-12-31,a2017voluntaryinvestmentpl.htm,CIK0000012927-submissions-001.json
2018-07-05,4,0001225208-18-011472,2018-07-02,xslF345X03/doc4.xml,CIK0000012927-submissions-001.json
2018-07-05,4,0001225208-18-011471,2018-07-02,xslF345X03/doc4.xml,CIK0000012927-submissions-001.json
2018-07-05,4,0001225208-18-011470,2018-07-02,xslF345X03/doc4.xml,CIK0000012927-submissions-001.json
2018-07-05,4,0001225208-18-011469,2018-07-02,xslF345X03/doc4.xml,CIK0000012927-submissions-001.json
2018-07-05,4,0001225208-18-011468,2018-07-02,xslF345X03/doc4.xml,CIK0000012927-submissions-001.json
2018-07-05,4,0001225208-18-011467,2018-07-02,xslF345X03/doc4.xml,CIK0000012927-submissions-001.json
2018-07-05,4,0001225208-18-011466,2018-07-02,xslF345X03/doc4.xml,CIK0000012927-submissions-001.json
2018-07-05,4,0001225208-18-011465,2018-07-02,xslF345X03/doc4.xml,CIK0000012927-submissions-001.json
2018-07-05,4,0001225208-18-011459,2018-07-02,xslF345X03/doc4.xml,CIK0000012927-submissions-001.json
2018-07-05,4,0001225208-18-011458,2018-07-02,xslF345X03/doc4.xml,CIK0000012927-submissions-001.json
2018-07-05,4,0001225208-18-011457,2018-07-02,xslF345X03/doc4.xml,CIK0000012927-submissions-001.json
2018-07-05,4,0001225208-18-011453,2018-07-02,xslF345X03/doc4.xml,CIK0000012927-submissions-001.json
2018-07-05,4,0001225208-18-011450,2018-07-02,xslF345X03/doc4.xml,CIK0000012927-submissions-001.json
2018-07-05,8-K,0000012927-18-000041,2018-07-05,a20180705-kform.htm,CIK0000012927-submissions-001.json
2018-07-13,8-K,0000012927-18-000044,2018-07-13,a201807jul138-kdocument.htm,CIK0000012927-submissions-001.json
2018-07-25,10-Q,0000012927-18-000048,2018-06-30,a201806jun3010-q.htm,CIK0000012927-submissions-001.json
2018-07-25,8-K,0000950123-18-006979,2018-07-25,a201806jun308-k.htm,CIK0000012927-submissions-001.json
2018-09-07,UPLOAD,0000000000-18-027767,,filename1.pdf,CIK0000012927-submissions-001.json
2018-09-14,CORRESP,0000012927-18-000055,,filename1.htm,CIK0000012927-submissions-001.json
2018-10-03,4,0001225208-18-014378,2018-10-01,xslF345X03/doc4.xml,CIK0000012927-submissions-001.json
2018-10-03,4,0001225208-18-014376,2018-10-01,xslF345X03/doc4.xml,CIK0000012927-submissions-001.json
2018-10-03,4,0001225208-18-014375,2018-10-01,xslF345X03/doc4.xml,CIK0000012927-submissions-001.json
2018-10-03,4,0001225208-18-014374,2018-10-01,xslF345X03/doc4.xml,CIK0000012927-submissions-001.json
2018-10-03,4,0001225208-18-014373,2018-10-01,xslF345X03/doc4.xml,CIK0000012927-submissions-001.json
2018-10-03,4,0001225208-18-014371,2018-10-01,xslF345X03/doc4.xml,CIK0000012927-submissions-001.json
2018-10-03,4,0001225208-18-014370,2018-10-01,xslF345X03/doc4.xml,CIK0000012927-submissions-001.json
2018-10-03,4,0001225208-18-014369,2018-10-01,xslF345X03/doc4.xml,CIK0000012927-submissions-001.json
2018-10-03,4,0001225208-18-014367,2018-10-01,xslF345X03/doc4.xml,CIK0000012927-submissions-001.json
2018-10-03,4,0001225208-18-014366,2018-10-01,xslF345X03/doc4.xml,CIK0000012927-submissions-001.json
2018-10-03,4,0001225208-18-014365,2018-10-01,xslF345X03/doc4.xml,CIK0000012927-submissions-001.json
2018-10-03,4,0001225208-18-014362,2018-10-01,xslF345X03/doc4.xml,CIK0000012927-submissions-001.json
2018-10-04,UPLOAD,0000000000-18-031302,,filename1.pdf,CIK0000012927-submissions-001.json
2018-10-24,10-Q,0000012927-18-000065,2018-09-30,a201809sep3010-q.htm,CIK0000012927-submissions-001.json
2018-10-24,8-K,0000950123-18-010091,2018-10-24,a201809sep308-k.htm,CIK0000012927-submissions-001.json
2018-10-24,IRANNOTICE,0000012927-18-000066,,a201809sep30irannotice.htm,CIK0000012927-submissions-001.json
2018-10-25,8-K,0000012927-18-000069,2018-10-22,a201810oct228-kdocument.htm,CIK0000012927-submissions-001.json
2018-10-29,424B3,0001193125-18-309872,,d641676d424b3.htm,CIK0000012927-submissions-001.json
2018-10-29,FWP,0001193125-18-310669,,d641676dfwp.htm,CIK0000012927-submissions-001.json
2018-10-30,424B2,0001193125-18-312222,,d641676d424b2.htm,CIK0000012927-submissions-001.json
2018-10-31,4,0001225208-18-015008,2018-10-29,xslF345X03/doc4.xml,CIK0000012927-submissions-001.json
2018-10-31,8-K,0001193125-18-314068,2018-10-29,d638390d8k.htm,CIK0000012927-submissions-001.json
2018-10-31,S-8,0001193125-18-314075,,d640861ds8.htm,CIK0000012927-submissions-001.json
2018-11-13,4,0001225208-18-015470,2018-11-09,xslF345X03/doc4.xml,CIK0000012927-submissions-001.json
2018-11-26,4,0001225208-18-015876,2018-11-21,xslF345X03/doc4.xml,CIK0000012927-submissions-001.json
2018-12-17,8-K,0000012927-18-000073,2018-12-17,a201812dec178kdividendrepo.htm,CIK0000012927-submissions-001.json
2019-01-04,4,0001225208-19-000600,2019-01-02,xslF345X03/doc4.xml,CIK0000012927-submissions-001.json
2019-01-04,4,0001225208-19-000599,2019-01-02,xslF345X03/doc4.xml,CIK0000012927-submissions-001.json
2019-01-04,4,0001225208-19-000598,2019-01-02,xslF345X03/doc4.xml,CIK0000012927-submissions-001.json
2019-01-04,4,0001225208-19-000597,2019-01-02,xslF345X03/doc4.xml,CIK0000012927-submissions-001.json
2019-01-04,4,0001225208-19-000595,2019-01-02,xslF345X03/doc4.xml,CIK0000012927-submissions-001.json
2019-01-04,4,0001225208-19-000594,2019-01-02,xslF345X03/doc4.xml,CIK0000012927-submissions-001.json
2019-01-04,4,0001225208-19-000593,2019-01-02,xslF345X03/doc4.xml,CIK0000012927-submissions-001.json
2019-01-04,4,0001225208-19-000592,2019-01-02,xslF345X03/doc4.xml,CIK0000012927-submissions-001.json
2019-01-04,4,0001225208-19-000591,2019-01-02,xslF345X03/doc4.xml,CIK0000012927-submissions-001.json
2019-01-04,4,0001225208-19-000590,2019-01-02,xslF345X03/doc4.xml,CIK0000012927-submissions-001.json
2019-01-04,4,0001225208-19-000589,2019-01-02,xslF345X03/doc4.xml,CIK0000012927-submissions-001.json
2019-01-04,4,0001225208-19-000588,2019-01-02,xslF345X03/doc4.xml,CIK0000012927-submissions-001.json
2019-01-25,8-K,0001193125-19-016115,2019-01-24,d694599d8k.htm,CIK0000012927-submissions-001.json
2019-01-30,8-K,0000950123-19-000440,2019-01-30,a201812dec318-k.htm,CIK0000012927-submissions-001.json
2019-01-30,SC 13G/A,0001172661-19-000270,,newporttrust-ba123118a1.htm,CIK0000012927-submissions-001.json
2019-02-04,SC 13G/A,0000215457-19-003091,,us0970231058_020419.txt,CIK0000012927-submissions-001.json
2019-02-06,4,0001225208-19-001880,2019-02-04,xslF345X03/doc4.xml,CIK0000012927-submissions-001.json
2019-02-06,4,0001225208-19-001879,2019-02-04,xslF345X03/doc4.xml,CIK0000012927-submissions-001.json
2019-02-08,10-K,0000012927-19-000010,2018-12-31,a201812dec3110k.htm,CIK0000012927-submissions-001.json
2019-02-08,IRANNOTICE,0000012927-19-000011,,a201812dec31irannotice.htm,CIK0000012927-submissions-001.json
2019-02-11,SC 13G/A,0000932471-19-004987,,boeingcothe.htm,CIK0000012927-submissions-001.json
2019-02-12,4,0001225208-19-002329,2019-02-12,xslF345X03/doc4.xml,CIK0000012927-submissions-001.json
2019-02-12,4,0001225208-19-002328,2019-02-11,xslF345X03/doc4.xml,CIK0000012927-submissions-001.json
2019-02-12,4,0001225208-19-002320,2019-02-08,xslF345X03/doc4.xml,CIK0000012927-submissions-001.json
2019-02-12,4,0001225208-19-002319,2019-02-08,xslF345X03/doc4.xml,CIK0000012927-submissions-001.json
2019-02-13,424B3,0001193125-19-036991,,d605316d424b3.htm,CIK0000012927-submissions-001.json
2019-02-13,FWP,0001193125-19-037989,,d605316dfwp.htm,CIK0000012927-submissions-001.json
2019-02-14,424B2,0001193125-19-041018,,d605316d424b2.htm,CIK0000012927-submissions-001.json
2019-02-14,SC 13G,0000080255-19-002331,,ba13gdec18.txt,CIK0000012927-submissions-001.json
2019-02-15,4,0001225208-19-002799,2019-02-13,xslF345X03/doc4.xml,CIK0000012927-submissions-001.json
2019-02-19,8-K,0001193125-19-044244,2019-02-13,d693929d8k.htm,CIK0000012927-submissions-001.json
2019-02-26,4,0001225208-19-003812,2019-02-22,xslF345X03/doc4.xml,CIK0000012927-submissions-001.json
2019-02-26,4,0001225208-19-003811,2019-02-22,xslF345X03/doc4.xml,CIK0000012927-submissions-001.json
2019-02-26,4,0001225208-19-003810,2019-02-22,xslF345X03/doc4.xml,CIK0000012927-submissions-001.json
2019-02-26,4,0001225208-19-003809,2019-02-22,xslF345X03/doc4.xml,CIK0000012927-submissions-001.json
2019-02-26,4,0001225208-19-003808,2019-02-22,xslF345X03/doc4.xml,CIK0000012927-submissions-001.json
2019-02-26,4,0001225208-19-003807,2019-02-22,xslF345X03/doc4.xml,CIK0000012927-submissions-001.json
2019-02-26,4,0001225208-19-003806,2019-02-22,xslF345X03/doc4.xml,CIK0000012927-submissions-001.json
2019-02-26,4,0001225208-19-003805,2019-02-22,xslF345X03/doc4.xml,CIK0000012927-submissions-001.json
2019-02-26,4,0001225208-19-003804,2019-02-22,xslF345X03/doc4.xml,CIK0000012927-submissions-001.json
2019-02-26,4,0001225208-19-003803,2019-02-22,xslF345X03/doc4.xml,CIK0000012927-submissions-001.json
2019-02-26,4,0001225208-19-003802,2019-02-22,xslF345X03/doc4.xml,CIK0000012927-submissions-001.json
2019-02-26,4,0001225208-19-003801,2019-02-22,xslF345X03/doc4.xml,CIK0000012927-submissions-001.json
2019-02-26,4,0001225208-19-003800,2019-02-22,xslF345X03/doc4.xml,CIK0000012927-submissions-001.json
2019-02-26,8-K,0000012927-19-000019,2019-02-26,a201902feb268kbod.htm,CIK0000012927-submissions-001.json
2019-02-26,DEFA14A,0000012927-19-000020,,a201902feb268kbod.htm,CIK0000012927-submissions-001.json
2019-02-27,4,0001225208-19-003881,2019-02-25,xslF345X03/doc4.xml,CIK0000012927-submissions-001.json
2019-02-27,4,0001225208-19-003880,2019-02-25,xslF345X03/doc4.xml,CIK0000012927-submissions-001.json
2019-02-27,4,0001225208-19-003878,2019-02-25,xslF345X03/doc4.xml,CIK0000012927-submissions-001.json
2019-02-27,4,0001225208-19-003877,2019-02-25,xslF345X03/doc4.xml,CIK0000012927-submissions-001.json
2019-02-27,4,0001225208-19-003876,2019-02-25,xslF345X03/doc4.xml,CIK0000012927-submissions-001.json
2019-02-27,4,0001225208-19-003875,2019-02-25,xslF345X03/doc4.xml,CIK0000012927-submissions-001.json
2019-02-27,4,0001225208-19-003874,2019-02-25,xslF345X03/doc4.xml,CIK0000012927-submissions-001.json
2019-02-27,4,0001225208-19-003873,2019-02-25,xslF345X03/doc4.xml,CIK0000012927-submissions-001.json
2019-02-27,4,0001225208-19-003872,2019-02-25,xslF345X03/doc4.xml,CIK0000012927-submissions-001.json
2019-02-27,4,0001225208-19-003871,2019-02-25,xslF345X03/doc4.xml,CIK0000012927-submissions-001.json
2019-02-27,4,0001225208-19-003870,2019-02-25,xslF345X03/doc4.xml,CIK0000012927-submissions-001.json
2019-02-27,4,0001225208-19-003869,2019-02-25,xslF345X03/doc4.xml,CIK0000012927-submissions-001.json
2019-02-27,4,0001225208-19-003868,2019-02-25,xslF345X03/doc4.xml,CIK0000012927-submissions-001.json
2019-02-27,4,0001225208-19-003867,2019-02-25,xslF345X03/doc4.xml,CIK0000012927-submissions-001.json
2019-03-05,4,0001225208-19-004674,2019-03-01,xslF345X03/doc4.xml,recent
2019-03-05,4,0001225208-19-004673,2019-03-01,xslF345X03/doc4.xml,recent
2019-03-05,4,0001225208-19-004672,2019-03-01,xslF345X03/doc4.xml,recent
2019-03-05,4,0001225208-19-004671,2019-03-01,xslF345X03/doc4.xml,recent
2019-03-05,4,0001225208-19-004670,2019-03-01,xslF345X03/doc4.xml,recent
2019-03-05,4,0001225208-19-004669,2019-03-01,xslF345X03/doc4.xml,recent
2019-03-05,4,0001225208-19-004668,2019-03-01,xslF345X03/doc4.xml,recent
2019-03-05,4,0001225208-19-004667,2019-03-01,xslF345X03/doc4.xml,recent
2019-03-05,4,0001225208-19-004666,2019-03-01,xslF345X03/doc4.xml,recent
2019-03-05,4,0001225208-19-004665,2019-03-01,xslF345X03/doc4.xml,recent
2019-03-05,4,0001225208-19-004664,2019-03-01,xslF345X03/doc4.xml,recent
2019-03-05,4,0001225208-19-004663,2019-03-01,xslF345X03/doc4.xml,recent
2019-03-05,4,0001225208-19-004662,2019-03-01,xslF345X03/doc4.xml,recent
2019-03-11,3,0001225208-19-005054,2019-03-01,xslF345X02/doc3.xml,recent
2019-03-15,DEF 14A,0001193125-19-076793,2019-04-29,d686032ddef14a.htm,recent
2019-03-15,DEFA14A,0001193125-19-076814,,d699525ddefa14a.htm,recent
2019-03-15,DEFA14A,0001193125-19-076807,,d686032ddefa14a.htm,recent
2019-04-03,4,0001225208-19-006361,2019-04-01,xslF345X03/doc4.xml,recent
2019-04-03,4,0001225208-19-006360,2019-04-01,xslF345X03/doc4.xml,recent
2019-04-03,4,0001225208-19-006359,2019-04-01,xslF345X03/doc4.xml,recent
2019-04-03,4,0001225208-19-006358,2019-04-01,xslF345X03/doc4.xml,recent
2019-04-03,4,0001225208-19-006357,2019-04-01,xslF345X03/doc4.xml,recent
2019-04-03,4,0001225208-19-006356,2019-04-01,xslF345X03/doc4.xml,recent
2019-04-03,4,0001225208-19-006355,2019-04-01,xslF345X03/doc4.xml,recent
2019-04-03,4,0001225208-19-006354,2019-04-01,xslF345X03/doc4.xml,recent
2019-04-03,4,0001225208-19-006353,2019-04-01,xslF345X03/doc4.xml,recent
2019-04-03,4,0001225208-19-006352,2019-04-01,xslF345X03/doc4.xml,recent
2019-04-03,4,0001225208-19-006351,2019-04-01,xslF345X03/doc4.xml,recent
2019-04-03,4,0001225208-19-006349,2019-04-01,xslF345X03/doc4.xml,recent
2019-04-05,8-K,0000012927-19-000023,2019-04-05,a201904apr058k.htm,recent
2019-04-12,DEFA14A,0001193125-19-105076,,d696700ddefa14a.htm,recent
2019-04-12,PX14A6G,0001214659-19-002699,,g49190px14a6g.htm,recent
2019-04-24,10-Q,0000012927-19-000030,2019-03-31,a201903mar3110-q.htm,recent
2019-04-24,3,0001225208-19-007153,2019-04-22,xslF345X02/doc3.xml,recent
2019-04-24,4,0001225208-19-007154,2019-04-22,xslF345X03/doc4.xml,recent
2019-04-24,8-K,0000950123-19-003561,2019-04-24,a201903mar318-k.htm,recent
2019-04-25,PX14A6G,0001214659-19-002890,,j425190px14a6g.htm,recent
2019-04-29,8-K,0000012927-19-000035,2019-04-29,a201904april298-kdocument.htm,recent
2019-04-29,8-K,0001193125-19-125399,2019-04-29,d737605d8k.htm,recent
2019-04-29,PX14A6G,0001214659-19-002968,,b429190px14a6g.htm,recent
2019-04-30,3,0001225208-19-007343,2019-04-29,xslF345X02/doc3.xml,recent
2019-04-30,424B3,0001193125-19-127468,,d739578d424b3.htm,recent
2019-04-30,FWP,0001193125-19-129766,,d739578dfwp.htm,recent
2019-05-01,424B2,0001193125-19-133172,,d739578d424b2.htm,recent
2019-05-01,8-K,0000012927-19-000038,2019-05-01,a201905may018k.htm,recent
2019-05-02,8-K,0001193125-19-135121,2019-04-30,d739109d8k.htm,recent
2019-05-10,3,0000899243-19-013062,2019-05-01,xslF345X02/doc3.xml,recent
2019-05-30,SD,0000012927-19-000042,,a201812dec31formsd.htm,recent
2019-06-14,11-K,0000012927-19-000046,2018-12-31,a2018voluntaryinvestmentpl.htm,recent
2019-06-26,8-K,0000012927-19-000049,2019-06-26,a201906jun268k.htm,recent
2019-07-03,4,0001225208-19-010055,2019-07-01,xslF345X03/doc4.xml,recent
2019-07-03,4,0001225208-19-010054,2019-07-01,xslF345X03/doc4.xml,recent
2019-07-03,4,0001225208-19-010053,2019-07-01,xslF345X03/doc4.xml,recent
2019-07-03,4,0001225208-19-010052,2019-07-01,xslF345X03/doc4.xml,recent
2019-07-03,4,0001225208-19-010051,2019-07-01,xslF345X03/doc4.xml,recent
2019-07-03,4,0001225208-19-010050,2019-07-01,xslF345X03/doc4.xml,recent
2019-07-03,4,0001225208-19-010048,2019-07-01,xslF345X03/doc4.xml,recent
2019-07-03,4,0001225208-19-010047,2019-07-01,xslF345X03/doc4.xml,recent
2019-07-03,4,0001225208-19-010046,2019-07-01,xslF345X03/doc4.xml,recent
2019-07-03,4,0001225208-19-010045,2019-07-01,xslF345X03/doc4.xml,recent
2019-07-03,4,0001225208-19-010044,2019-07-01,xslF345X03/doc4.xml,recent
2019-07-03,4,0001225208-19-010043,2019-07-01,xslF345X03/doc4.xml,recent
2019-07-18,8-K,0000012927-19-000053,2019-07-18,a201907jul188-k.htm,recent
2019-07-24,10-Q,0000012927-19-000063,2019-06-30,a201906jun3010-q.htm,recent
2019-07-24,8-K,0000950123-19-006601,2019-07-24,a201906jun308-k2.htm,recent
2019-07-29,424B3,0001193125-19-204815,,d756851d424b3.htm,recent
2019-07-30,424B2,0001193125-19-207167,,d756851d424b2.htm,recent
2019-07-30,FWP,0001193125-19-205697,,d756851dfwp.htm,recent
2019-07-31,8-K,0001193125-19-208766,2019-07-29,d781148d8k.htm,recent
2019-09-05,UPLOAD,0000000000-19-013219,,filename1.pdf,recent
2019-10-03,4,0001225208-19-013177,2019-10-01,xslF345X03/doc4.xml,recent
2019-10-03,4,0001225208-19-013176,2019-10-01,xslF345X03/doc4.xml,recent
2019-10-03,4,0001225208-19-013175,2019-10-01,xslF345X03/doc4.xml,recent
2019-10-03,4,0001225208-19-013174,2019-10-01,xslF345X03/doc4.xml,recent
2019-10-03,4,0001225208-19-013173,2019-10-01,xslF345X03/doc4.xml,recent
2019-10-03,4,0001225208-19-013172,2019-10-01,xslF345X03/doc4.xml,recent
2019-10-03,4,0001225208-19-013171,2019-10-01,xslF345X03/doc4.xml,recent
2019-10-03,4,0001225208-19-013170,2019-10-01,xslF345X03/doc4.xml,recent
2019-10-03,4,0001225208-19-013169,2019-10-01,xslF345X03/doc4.xml,recent
2019-10-03,4,0001225208-19-013168,2019-10-01,xslF345X03/doc4.xml,recent
2019-10-03,4,0001225208-19-013167,2019-10-01,xslF345X03/doc4.xml,recent
2019-10-03,4,0001225208-19-013166,2019-10-01,xslF345X03/doc4.xml,recent
2019-10-15,8-K,0000012927-19-000067,2019-10-11,a201910oct118k.htm,recent
2019-10-18,CORRESP,0000012927-19-000070,,filename1.htm,recent
2019-10-23,10-Q,0000012927-19-000077,2019-09-30,a201909sep3010-q.htm,recent
2019-10-23,8-K,0001193125-19-272082,2019-10-23,d821558d8k.htm,recent
2019-10-25,8-K,0001193125-19-274928,2019-10-25,d813815d8k.htm,recent
2019-11-01,3,0001225208-19-014019,2019-10-25,xslF345X02/doc3.xml,recent
2019-11-01,8-K,0001193125-19-282034,2019-10-30,d824547d8k.htm,recent
2019-11-06,UPLOAD,0000000000-19-015221,,filename1.pdf,recent
2019-12-16,8-K,0000012927-19-000083,2019-12-16,a201912dec168k.htm,recent
2019-12-23,8-K,0000012927-19-000088,2019-12-22,a201912dec238k.htm,recent
2019-12-27,8-K,0001193125-19-324766,2019-12-26,d858058d8k.htm,recent
2020-01-06,3,0001225208-20-000559,2020-01-01,xslF345X02/doc3.xml,recent
2020-01-06,4,0001225208-20-000574,2020-01-02,xslF345X03/doc4.xml,recent
2020-01-06,4,0001225208-20-000571,2020-01-02,xslF345X03/doc4.xml,recent
2020-01-06,4,0001225208-20-000570,2020-01-02,xslF345X03/doc4.xml,recent
2020-01-06,4,0001225208-20-000569,2020-01-02,xslF345X03/doc4.xml,recent
2020-01-06,4,0001225208-20-000567,2020-01-02,xslF345X03/doc4.xml,recent
2020-01-06,4,0001225208-20-000566,2020-01-02,xslF345X03/doc4.xml,recent
2020-01-06,4,0001225208-20-000565,2020-01-02,xslF345X03/doc4.xml,recent
2020-01-06,4,0001225208-20-000564,2020-01-02,xslF345X03/doc4.xml,recent
2020-01-06,4,0001225208-20-000563,2020-01-02,xslF345X03/doc4.xml,recent
2020-01-06,4,0001225208-20-000562,2020-01-02,xslF345X03/doc4.xml,recent
2020-01-06,4,0001225208-20-000561,2020-01-02,xslF345X03/doc4.xml,recent
2020-01-06,4,0001225208-20-000560,2020-01-02,xslF345X03/doc4.xml,recent
2020-01-10,8-K,0000012927-20-000003,2020-01-10,a202001jan108k.htm,recent
2020-01-21,8-K,0000012927-20-000006,2020-01-21,a202001jan218k.htm,recent
2020-01-29,8-K,0001193125-20-017662,2020-01-29,d856652d8k.htm,recent
2020-01-31,10-K,0000012927-20-000014,2019-12-31,a201912dec3110k.htm,recent
2020-02-05,SC 13G/A,0000834237-20-004642,,us0970231058_020420.txt,recent
2020-02-07,8-K,0001193125-20-028175,2020-02-06,d871160d8k.htm,recent
2020-02-11,SC 13G/A,0001172661-20-000385,,newporttrust-ba123119a2.htm,recent
2020-02-12,SC 13G/A,0001104659-20-018562,,tv01806-boeingcothe.htm,recent
2020-02-14,SC 13G/A,0000080255-20-000950,,ba13gadec19.txt,recent
2020-02-24,8-K,0001193125-20-046678,2020-02-23,d893256d8k.htm,recent
2020-02-24,DEFA14A,0001193125-20-046683,,d893256ddefa14a.htm,recent
2020-02-25,4,0001225208-20-003517,2020-02-23,xslF345X03/doc4.xml,recent
2020-02-25,4,0001225208-20-003516,2020-02-23,xslF345X03/doc4.xml,recent
2020-02-25,4,0001225208-20-003515,2020-02-23,xslF345X03/doc4.xml,recent
2020-02-25,4,0001225208-20-003514,2020-02-23,xslF345X03/doc4.xml,recent
2020-02-25,4,0001225208-20-003513,2020-02-23,xslF345X03/doc4.xml,recent
2020-02-25,4,0001225208-20-003512,2020-02-23,xslF345X03/doc4.xml,recent
2020-02-25,4,0001225208-20-003511,2020-02-23,xslF345X03/doc4.xml,recent
2020-02-25,4,0001225208-20-003510,2020-02-23,xslF345X03/doc4.xml,recent
2020-02-25,4,0001225208-20-003509,2020-02-23,xslF345X03/doc4.xml,recent
2020-02-25,4,0001225208-20-003508,2020-02-23,xslF345X03/doc4.xml,recent
2020-02-25,4,0001225208-20-003507,2020-02-23,xslF345X03/doc4.xml,recent
2020-02-25,4,0001225208-20-003506,2020-02-23,xslF345X03/doc4.xml,recent
2020-02-25,4,0001225208-20-003505,2020-02-23,xslF345X03/doc4.xml,recent
2020-02-26,4,0001225208-20-003617,2020-02-24,xslF345X03/doc4.xml,recent
2020-02-26,4,0001225208-20-003605,2020-02-24,xslF345X03/doc4.xml,recent
2020-02-26,4,0001225208-20-003604,2020-02-24,xslF345X03/doc4.xml,recent
2020-02-26,4,0001225208-20-003603,2020-02-24,xslF345X03/doc4.xml,recent
2020-02-26,4,0001225208-20-003602,2020-02-24,xslF345X03/doc4.xml,recent
2020-02-26,4,0001225208-20-003601,2020-02-24,xslF345X03/doc4.xml,recent
2020-02-26,4,0001225208-20-003600,2020-02-24,xslF345X03/doc4.xml,recent
2020-02-26,4,0001225208-20-003599,2020-02-24,xslF345X03/doc4.xml,recent
2020-02-26,4,0001225208-20-003598,2020-02-24,xslF345X03/doc4.xml,recent
2020-02-26,4,0001225208-20-003597,2020-02-24,xslF345X03/doc4.xml,recent
2020-02-26,4,0001225208-20-003596,2020-02-24,xslF345X03/doc4.xml,recent
2020-02-26,4,0001225208-20-003595,2020-02-24,xslF345X03/doc4.xml,recent
2020-02-26,4,0001225208-20-003594,2020-02-24,xslF345X03/doc4.xml,recent
2020-02-26,4,0001225208-20-003593,2020-02-24,xslF345X03/doc4.xml,recent
2020-02-26,4,0001225208-20-003592,2020-02-24,xslF345X03/doc4.xml,recent
2020-03-02,4,0001225208-20-003964,2020-02-27,xslF345X03/doc4.xml,recent
2020-03-02,4,0001225208-20-003951,2020-02-27,xslF345X03/doc4.xml,recent
2020-03-02,4,0001225208-20-003949,2020-02-27,xslF345X03/doc4.xml,recent
2020-03-02,4,0001225208-20-003948,2020-02-27,xslF345X03/doc4.xml,recent
2020-03-02,4,0001225208-20-003947,2020-02-27,xslF345X03/doc4.xml,recent
2020-03-02,4,0001225208-20-003946,2020-02-27,xslF345X03/doc4.xml,recent
2020-03-02,4,0001225208-20-003945,2020-02-27,xslF345X03/doc4.xml,recent
2020-03-02,4,0001225208-20-003944,2020-02-27,xslF345X03/doc4.xml,recent
2020-03-02,4,0001225208-20-003942,2020-02-27,xslF345X03/doc4.xml,recent
2020-03-02,4,0001225208-20-003941,2020-02-27,xslF345X03/doc4.xml,recent
2020-03-02,4,0001225208-20-003940,2020-02-27,xslF345X03/doc4.xml,recent
2020-03-02,4,0001225208-20-003939,2020-02-27,xslF345X03/doc4.xml,recent
2020-03-02,4,0001225208-20-003938,2020-02-27,xslF345X03/doc4.xml,recent
2020-03-10,4,0001225208-20-004798,2020-03-06,xslF345X03/doc4.xml,recent
2020-03-10,4,0001225208-20-004797,2020-03-06,xslF345X03/doc4.xml,recent
2020-03-10,4,0001225208-20-004796,2020-03-06,xslF345X03/doc4.xml,recent
2020-03-10,4,0001225208-20-004795,2020-03-06,xslF345X03/doc4.xml,recent
2020-03-10,4,0001225208-20-004794,2020-03-06,xslF345X03/doc4.xml,recent
2020-03-10,4,0001225208-20-004793,2020-03-06,xslF345X03/doc4.xml,recent
2020-03-10,4,0001225208-20-004792,2020-03-06,xslF345X03/doc4.xml,recent
2020-03-10,4,0001225208-20-004791,2020-03-06,xslF345X03/doc4.xml,recent
2020-03-10,4,0001225208-20-004790,2020-03-06,xslF345X03/doc4.xml,recent
2020-03-10,4,0001225208-20-004789,2020-03-06,xslF345X03/doc4.xml,recent
2020-03-10,4,0001225208-20-004788,2020-03-06,xslF345X03/doc4.xml,recent
2020-03-10,4,0001225208-20-004787,2020-03-06,xslF345X03/doc4.xml,recent
2020-03-10,4,0001225208-20-004786,2020-03-06,xslF345X03/doc4.xml,recent
2020-03-13,DEF 14A,0001193125-20-072864,2020-04-27,d806083ddef14a.htm,recent
2020-03-13,DEFA14A,0001193125-20-072888,,d806083ddefa14a.htm,recent
2020-03-13,DEFA14A,0001193125-20-072878,,d806083ddefa14a.htm,recent
2020-03-17,8-K,0000012927-20-000020,2020-03-13,a202003mar178k.htm,recent
2020-03-19,8-K,0000012927-20-000027,2020-03-16,a202003mar168k.htm,recent
2020-03-23,8-K,0000012927-20-000033,2020-03-23,a202003mar238k.htm,recent
2020-03-23,8-K,0000012927-20-000030,2020-03-20,a202003mar208k.htm,recent
2020-03-23,DEFA14A,0001193125-20-082630,,d899421ddefa14a.htm,recent
2020-04-03,4,0001225208-20-006080,2020-04-01,xslF345X03/doc4.xml,recent
2020-04-03,4,0001225208-20-006079,2020-04-01,xslF345X03/doc4.xml,recent
2020-04-03,4,0001225208-20-006078,2020-04-01,xslF345X03/doc4.xml,recent
2020-04-03,4,0001225208-20-006077,2020-04-01,xslF345X03/doc4.xml,recent
2020-04-03,4,0001225208-20-006076,2020-04-01,xslF345X03/doc4.xml,recent
2020-04-03,4,0001225208-20-006075,2020-04-01,xslF345X03/doc4.xml,recent
2020-04-03,4,0001225208-20-006074,2020-04-01,xslF345X03/doc4.xml,recent
2020-04-03,4,0001225208-20-006073,2020-04-01,xslF345X03/doc4.xml,recent
2020-04-03,4,0001225208-20-006072,2020-04-01,xslF345X03/doc4.xml,recent
2020-04-03,4,0001225208-20-006071,2020-04-01,xslF345X03/doc4.xml,recent
2020-04-06,8-K,0000012927-20-000037,2020-04-05,a202004apr058k.htm,recent
2020-04-07,PX14A6G,0001214659-20-003218,,p46203px14a6g.htm,recent
2020-04-09,DEFA14A,0001193125-20-102643,,d916636ddefa14a.htm,recent
2020-04-27,8-K,0000012927-20-000039,2020-04-27,a202004apr278k.htm,recent
2020-04-29,10-Q,0000012927-20-000045,2020-03-31,a202003mar3110-q.htm,recent
2020-04-29,8-K,0001193125-20-124475,2020-04-29,d924726d8k.htm,recent
2020-04-30,424B3,0001193125-20-127717,,d848621d424b3.htm,recent
2020-05-01,424B2,0001193125-20-131122,,d848621d424b2.htm,recent
2020-05-01,FWP,0001193125-20-129342,,d848621dfwp.htm,recent
2020-05-04,3,0001225208-20-007012,2020-04-27,xslF345X02/doc3.xml,recent
2020-05-04,3,0001225208-20-007011,2020-04-27,xslF345X02/doc3.xml,recent
2020-05-04,8-K,0001193125-20-132533,2020-04-30,d911707d8k.htm,recent
2020-05-06,3,0001225208-20-007182,2020-05-02,xslF345X02/doc3.xml,recent
2020-05-06,4,0001225208-20-007183,2020-05-04,xslF345X03/doc4.xml,recent
2020-05-28,SD,0000012927-20-000052,,a201912dec31formsd.htm,recent
2020-06-02,UPLOAD,0000000000-20-004901,,filename1.pdf,recent
2020-06-15,CORRESP,0000012927-20-000056,,filename1.htm,recent
2020-06-16,11-K,0000012927-20-000060,2019-12-31,a2019voluntaryinvestmentpl.htm,recent
2020-06-18,UPLOAD,0000000000-20-005471,,filename1.pdf,recent
2020-07-06,4,0001225208-20-009641,2020-07-01,xslF345X03/doc4.xml,recent
2020-07-06,4,0001225208-20-009640,2020-07-01,xslF345X03/doc4.xml,recent
2020-07-06,4,0001225208-20-009639,2020-07-01,xslF345X03/doc4.xml,recent
2020-07-06,4,0001225208-20-009638,2020-07-01,xslF345X03/doc4.xml,recent
2020-07-06,4,0001225208-20-009637,2020-07-01,xslF345X03/doc4.xml,recent
2020-07-06,4,0001225208-20-009636,2020-07-01,xslF345X03/doc4.xml,recent
2020-07-06,4,0001225208-20-009635,2020-07-01,xslF345X03/doc4.xml,recent
2020-07-06,4,0001225208-20-009634,2020-07-01,xslF345X03/doc4.xml,recent
2020-07-06,4,0001225208-20-009592,2020-07-01,xslF345X03/doc4.xml,recent
2020-07-06,4,0001225208-20-009591,2020-07-01,xslF345X03/doc4.xml,recent
2020-07-08,3,0001225208-20-009662,2020-07-06,xslF345X02/doc3.xml,recent
2020-07-08,4,0001225208-20-009660,2020-07-06,xslF345X03/doc4.xml,recent
2020-07-29,10-Q,0000012927-20-000065,2020-06-30,a202006jun3010-q.htm,recent
2020-07-29,8-K,0001193125-20-201808,2020-07-29,d65859d8k.htm,recent
2020-08-03,S-3ASR,0001193125-20-208107,,d164418ds3asr.htm,recent
2020-08-04,4,0001225208-20-010219,2020-07-31,xslF345X03/doc4.xml,recent
2020-08-07,4,0001225208-20-010404,2020-08-05,xslF345X03/doc4.xml,recent
2020-09-29,3,0001225208-20-011882,2020-09-25,xslF345X02/doc3.xml,recent
2020-09-29,4,0001225208-20-011883,2020-09-25,xslF345X03/doc4.xml,recent
2020-10-05,4,0001225208-20-012167,2020-10-01,xslF345X03/doc4.xml,recent
2020-10-05,4,0001225208-20-012166,2020-10-01,xslF345X03/doc4.xml,recent
2020-10-05,4,0001225208-20-012165,2020-10-01,xslF345X03/doc4.xml,recent
2020-10-05,4,0001225208-20-012164,2020-10-01,xslF345X03/doc4.xml,recent
2020-10-05,4,0001225208-20-012162,2020-10-01,xslF345X03/doc4.xml,recent
2020-10-05,4,0001225208-20-012161,2020-10-01,xslF345X03/doc4.xml,recent
2020-10-05,4,0001225208-20-012160,2020-10-01,xslF345X03/doc4.xml,recent
2020-10-05,4,0001225208-20-012159,2020-10-01,xslF345X03/doc4.xml,recent
2020-10-05,4,0001225208-20-012163,2020-10-01,xslF345X03/doc4.xml,recent
2020-10-05,4,0001225208-20-012158,2020-10-01,xslF345X03/doc4.xml,recent
2020-10-26,8-K,0000012927-20-000071,2020-10-26,ba-20201026.htm,recent
2020-10-28,10-Q,0000012927-20-000076,2020-09-30,ba-20200930.htm,recent
2020-10-28,8-K,0001193125-20-279185,2020-10-28,d80986d8k.htm,recent
2020-10-29,424B3,0001193125-20-280525,,d50933d424b3.htm,recent
2020-10-30,424B2,0001193125-20-282581,,d50933d424b2.htm,recent
2020-10-30,FWP,0001193125-20-281250,,d50933dfwp.htm,recent
2020-11-02,8-K,0001193125-20-284086,2020-10-29,d56458d8k.htm,recent
2020-11-03,S-3ASR,0001193125-20-284825,,d76962ds3asr.htm,recent
2020-11-10,8-K,0000012927-20-000078,2020-11-10,ba-20201110.htm,recent
2020-11-10,S-3ASR,0001193125-20-290139,,d72372ds3asr.htm,recent
2020-12-16,4,0001225208-20-014756,2020-12-14,xslF345X03/doc4.xml,recent
2020-12-16,4,0001225208-20-014755,2020-12-14,xslF345X03/doc4.xml,recent
2021-01-06,4,0001225208-21-000590,2021-01-04,xslF345X03/doc4.xml,recent
2021-01-06,4,0001225208-21-000589,2021-01-04,xslF345X03/doc4.xml,recent
2021-01-06,4,0001225208-21-000588,2021-01-04,xslF345X03/doc4.xml,recent
2021-01-06,4,0001225208-21-000587,2021-01-04,xslF345X03/doc4.xml,recent
2021-01-06,4,0001225208-21-000586,2021-01-04,xslF345X03/doc4.xml,recent
2021-01-06,4,0001225208-21-000585,2021-01-04,xslF345X03/doc4.xml,recent
2021-01-06,4,0001225208-21-000584,2021-01-04,xslF345X03/doc4.xml,recent
2021-01-06,4,0001225208-21-000583,2021-01-04,xslF345X03/doc4.xml,recent
2021-01-06,4,0001225208-21-000582,2021-01-04,xslF345X03/doc4.xml,recent
2021-01-06,4,0001225208-21-000581,2021-01-04,xslF345X03/doc4.xml,recent
2021-01-06,4,0001225208-21-000580,2021-01-04,xslF345X03/doc4.xml,recent
2021-01-07,8-K,0000012927-21-000003,2021-01-06,ba-20210106.htm,recent
2021-01-15,8-K,0000012927-21-000006,2021-01-13,ba-20210113.htm,recent
2021-01-22,3,0001225208-21-001064,2021-01-13,xslF345X02/doc3.xml,recent
2021-01-27,8-K,0001193125-21-018429,2021-01-27,d117509d8k.htm,recent
2021-01-29,SC 13G/A,0000834237-21-002802,,us0970231058_012821.txt,recent
2021-02-01,10-K,0000012927-21-000011,2020-12-31,ba-20201231.htm,recent
2021-02-02,424B3,0001193125-21-025352,,d39689d424b3.htm,recent
2021-02-02,FWP,0001193125-21-025966,,d39689dfwp.htm,recent
2021-02-03,424B2,0001193125-21-027491,,d39689d424b2.htm,recent
2021-02-04,4,0001225208-21-001699,2021-02-02,xslF345X03/doc4.xml,recent
2021-02-04,4,0001225208-21-001698,2021-02-02,xslF345X03/doc4.xml,recent
2021-02-04,8-K,0001193125-21-028946,2021-02-02,d33530d8k.htm,recent
2021-02-05,S-8,0001193125-21-030064,,d94592ds8.htm,recent
2021-02-10,SC 13G/A,0001104659-21-017602,,tv0390-boeingco.htm,recent
2021-02-11,SC 13G/A,0001172661-21-000319,,newporttrust-ba123120a3.htm,recent
2021-02-16,SC 13G/A,0000080255-21-000943,,ba13gadec20.txt,recent
2021-02-17,8-K,0000012927-21-000020,2021-02-17,ba-20210217.htm,recent
2021-02-18,DEFA14A,0000012927-21-000023,,a202102feb17defa14a.htm,recent
2021-02-19,4,0001225208-21-003250,2021-02-17,xslF345X03/doc4.xml,recent
2021-02-19,4,0001225208-21-003249,2021-02-17,xslF345X03/doc4.xml,recent
2021-02-19,4,0001225208-21-003248,2021-02-17,xslF345X03/doc4.xml,recent
2021-02-19,4,0001225208-21-003247,2021-02-17,xslF345X03/doc4.xml,recent
2021-02-19,4,0001225208-21-003246,2021-02-17,xslF345X03/doc4.xml,recent
2021-02-19,4,0001225208-21-003245,2021-02-17,xslF345X03/doc4.xml,recent
2021-02-19,4,0001225208-21-003244,2021-02-17,xslF345X03/doc4.xml,recent
2021-02-19,4,0001225208-21-003243,2021-02-17,xslF345X03/doc4.xml,recent
2021-02-19,4,0001225208-21-003242,2021-02-17,xslF345X03/doc4.xml,recent
2021-02-19,4,0001225208-21-003241,2021-02-17,xslF345X03/doc4.xml,recent
2021-02-19,4,0001225208-21-003240,2021-02-17,xslF345X03/doc4.xml,recent
2021-02-19,4,0001225208-21-003239,2021-02-17,xslF345X03/doc4.xml,recent
2021-02-19,4,0001225208-21-003238,2021-02-17,xslF345X03/doc4.xml,recent
2021-02-19,4,0001225208-21-003237,2021-02-17,xslF345X03/doc4.xml,recent
2021-02-26,4,0001225208-21-003967,2021-02-24,xslF345X03/doc4.xml,recent
2021-03-02,4,0001225208-21-004352,2021-02-26,xslF345X03/doc4.xml,recent
2021-03-02,4,0001225208-21-004351,2021-02-26,xslF345X03/doc4.xml,recent
2021-03-02,4,0001225208-21-004350,2021-02-26,xslF345X03/doc4.xml,recent
2021-03-02,4,0001225208-21-004349,2021-02-26,xslF345X03/doc4.xml,recent
2021-03-02,4,0001225208-21-004348,2021-02-26,xslF345X03/doc4.xml,recent
2021-03-02,4,0001225208-21-004347,2021-02-26,xslF345X03/doc4.xml,recent
2021-03-02,4,0001225208-21-004346,2021-02-26,xslF345X03/doc4.xml,recent
2021-03-02,4,0001225208-21-004344,2021-02-26,xslF345X03/doc4.xml,recent
2021-03-02,4,0001225208-21-004345,2021-02-26,xslF345X03/doc4.xml,recent
2021-03-02,4,0001225208-21-004343,2021-02-26,xslF345X03/doc4.xml,recent
2021-03-03,4,0001225208-21-004609,2021-03-01,xslF345X03/doc4.xml,recent
2021-03-03,4,0001225208-21-004608,2021-03-01,xslF345X03/doc4.xml,recent
2021-03-03,4,0001225208-21-004607,2021-03-01,xslF345X03/doc4.xml,recent
2021-03-05,DEF 14A,0001193125-21-071321,2021-04-20,d922634ddef14a.htm,recent
2021-03-05,DEFA14A,0001193125-21-071363,,d41360ddefa14a.htm,recent
2021-03-05,DEFA14A,0001193125-21-071331,,d136588ddefa14a.htm,recent
2021-03-10,PX14A6G,0001214659-21-002971,,p310210px14a6g.htm,recent
2021-03-15,8-K,0000012927-21-000025,2021-03-10,ba-20210310.htm,recent
2021-03-22,8-K,0001193125-21-089532,2021-03-19,d149318d8k.htm,recent
2021-03-30,DEFA14A,0001193125-21-100467,,d168846ddefa14a.htm,recent
2021-04-01,PX14A6G,0001214659-21-003717,,r331214px14a6g.htm,recent
2021-04-02,DEFA14A,0001193125-21-105073,,d125508ddefa14a.htm,recent
2021-04-05,4,0001225208-21-006531,2021-04-01,xslF345X03/doc4.xml,recent
2021-04-05,4,0001225208-21-006530,2021-04-01,xslF345X03/doc4.xml,recent
2021-04-05,4,0001225208-21-006529,2021-04-01,xslF345X03/doc4.xml,recent
2021-04-05,4,0001225208-21-006528,2021-04-01,xslF345X03/doc4.xml,recent
2021-04-05,4,0001225208-21-006527,2021-04-01,xslF345X03/doc4.xml,recent
2021-04-05,4,0001225208-21-006526,2021-04-01,xslF345X03/doc4.xml,recent
2021-04-05,4,0001225208-21-006525,2021-04-01,xslF345X03/doc4.xml,recent
2021-04-05,4,0001225208-21-006524,2021-04-01,xslF345X03/doc4.xml,recent
2021-04-05,4,0001225208-21-006523,2021-04-01,xslF345X03/doc4.xml,recent
2021-04-05,4,0001225208-21-006522,2021-04-01,xslF345X03/doc4.xml,recent
2021-04-05,4,0001225208-21-006521,2021-04-01,xslF345X03/doc4.xml,recent
2021-04-12,3,0001225208-21-006712,2021-04-01,xslF345X02/doc3.xml,recent
2021-04-13,PX14A6G,0001214659-21-004144,,r413210px14a6g.htm,recent
2021-04-19,DEFA14A,0001193125-21-120717,,d135750ddefa14a.htm,recent
2021-04-20,8-K,0000012927-21-000029,2021-04-20,ba-20210420.htm,recent
2021-04-28,10-Q,0000012927-21-000040,2021-03-31,ba-20210331.htm,recent
2021-04-28,8-K,0000012927-21-000035,2021-04-28,ba-20210428.htm,recent
2021-05-06,4,0001225208-21-007698,2021-05-04,xslF345X03/doc4.xml,recent
2021-05-17,4,0001225208-21-008238,2021-05-13,xslF345X03/doc4.xml,recent
2021-05-27,SD,0000012927-21-000045,,a202012dec31formsd.htm,recent
2021-06-15,11-K,0000012927-21-000048,2020-12-31,a2020voluntaryinvestmentpl.htm,recent
2021-06-30,8-K,0000012927-21-000051,2021-06-29,ba-20210629.htm,recent
2021-07-01,8-K,0000012927-21-000056,2021-06-29,ba-20210629.htm,recent
2021-07-06,3,0001225208-21-010329,2021-06-29,xslF345X02/doc3.xml,recent
2021-07-06,4,0001225208-21-010339,2021-07-01,xslF345X03/doc4.xml,recent
2021-07-06,4,0001225208-21-010338,2021-07-01,xslF345X03/doc4.xml,recent
2021-07-06,4,0001225208-21-010337,2021-07-01,xslF345X03/doc4.xml,recent
2021-07-06,4,0001225208-21-010336,2021-07-01,xslF345X03/doc4.xml,recent
2021-07-06,4,0001225208-21-010335,2021-07-01,xslF345X03/doc4.xml,recent
2021-07-06,4,0001225208-21-010334,2021-07-01,xslF345X03/doc4.xml,recent
2021-07-06,4,0001225208-21-010333,2021-07-01,xslF345X03/doc4.xml,recent
2021-07-06,4,0001225208-21-010332,2021-07-01,xslF345X03/doc4.xml,recent
2021-07-06,4,0001225208-21-010331,2021-07-01,xslF345X03/doc4.xml,recent
2021-07-06,4,0001225208-21-010330,2021-07-01,xslF345X03/doc4.xml,recent
2021-07-07,4,0001225208-21-010427,2021-07-06,xslF345X03/doc4.xml,recent
2021-07-13,8-K,0000012927-21-000059,2021-07-13,ba-20210713.htm,recent
2021-07-19,3,0001225208-21-010788,2021-07-09,xslF345X02/doc3.xml,recent
2021-07-28,10-Q,0000012927-21-000073,2021-06-30,ba-20210630.htm,recent
2021-07-28,8-K,0000012927-21-000068,2021-07-28,ba-20210728.htm,recent
2021-08-31,3,0001225208-21-011863,2021-08-27,xslF345X02/doc3.xml,recent
2021-08-31,4,0001225208-21-011868,2021-08-27,xslF345X03/doc4.xml,recent
2021-09-01,8-K,0000012927-21-000078,2021-08-31,ba-20210831.htm,recent
2021-09-10,3,0001225208-21-012251,2021-08-31,xslF345X02/doc3.xml,recent
2021-09-29,4,0001225208-21-012591,2021-09-27,xslF345X03/doc4.xml,recent
2021-10-05,4,0001225208-21-012952,2021-10-01,xslF345X03/doc4.xml,recent
2021-10-05,4,0001225208-21-012951,2021-10-01,xslF345X03/doc4.xml,recent
2021-10-05,4,0001225208-21-012950,2021-10-01,xslF345X03/doc4.xml,recent
2021-10-05,4,0001225208-21-012949,2021-10-01,xslF345X03/doc4.xml,recent
2021-10-05,4,0001225208-21-012948,2021-10-01,xslF345X03/doc4.xml,recent
2021-10-05,4,0001225208-21-012947,2021-10-01,xslF345X03/doc4.xml,recent
2021-10-05,4,0001225208-21-012946,2021-10-01,xslF345X03/doc4.xml,recent
2021-10-05,4,0001225208-21-012944,2021-10-01,xslF345X03/doc4.xml,recent
2021-10-05,4,0001225208-21-012942,2021-10-01,xslF345X03/doc4.xml,recent
2021-10-05,4,0001225208-21-012940,2021-10-01,xslF345X03/doc4.xml,recent
2021-10-05,4,0001225208-21-012939,2021-10-01,xslF345X03/doc4.xml,recent
2021-10-12,3,0001225208-21-013097,2021-10-01,xslF345X02/doc3.xml,recent
2021-10-27,10-Q,0000012927-21-000094,2021-09-30,ba-20210930.htm,recent
2021-10-27,8-K,0000012927-21-000090,2021-10-25,ba-20211025.htm,recent
2021-10-27,8-K,0000012927-21-000087,2021-10-27,ba-20211027.htm,recent
2021-11-09,4,0001225208-21-013730,2021-11-05,xslF345X03/doc4.xml,recent
2021-12-20,4,0001225208-21-015153,2021-10-29,xslF345X03/doc4.xml,recent
2021-12-20,4,0001225208-21-015152,2021-10-29,xslF345X03/doc4.xml,recent
2021-12-20,4,0001225208-21-015151,2021-10-29,xslF345X03/doc4.xml,recent
2021-12-20,4,0001225208-21-015150,2021-10-29,xslF345X03/doc4.xml,recent
2021-12-20,4,0001225208-21-015149,2021-10-29,xslF345X03/doc4.xml,recent
2022-01-05,4,0001225208-22-000511,2022-01-03,xslF345X03/doc4.xml,recent
2022-01-05,4,0001225208-22-000510,2022-01-03,xslF345X03/doc4.xml,recent
2022-01-05,4,0001225208-22-000509,2022-01-03,xslF345X03/doc4.xml,recent
2022-01-05,4,0001225208-22-000508,2022-01-03,xslF345X03/doc4.xml,recent
2022-01-05,4,0001225208-22-000507,2022-01-03,xslF345X03/doc4.xml,recent
2022-01-05,4,0001225208-22-000506,2022-01-03,xslF345X03/doc4.xml,recent
2022-01-05,4,0001225208-22-000505,2022-01-03,xslF345X03/doc4.xml,recent
2022-01-05,4,0001225208-22-000504,2022-01-03,xslF345X03/doc4.xml,recent
2022-01-05,4,0001225208-22-000503,2022-01-03,xslF345X03/doc4.xml,recent
2022-01-05,4,0001225208-22-000501,2022-01-03,xslF345X03/doc4.xml,recent
2022-01-26,8-K,0000012927-22-000005,2022-01-26,ba-20220126.htm,recent
2022-01-31,10-K,0000012927-22-000010,2021-12-31,ba-20211231.htm,recent
2022-02-01,SC 13G/A,0000834237-22-003822,,us0970231058_013122.txt,recent
2022-02-03,4,0001225208-22-001463,2022-02-01,xslF345X03/doc4.xml,recent
2022-02-09,SC 13G/A,0001104659-22-016666,,tv0437-boeingco.htm,recent
2022-02-11,SC 13G/A,0001172661-22-000368,,newporttrust-ba123121a4.htm,recent
2022-02-16,4,0001225208-22-002334,2022-02-14,xslF345X03/doc4.xml,recent
2022-02-18,4,0001225208-22-002838,2022-02-16,xslF345X03/doc4.xml,recent
2022-02-18,4,0001225208-22-002837,2022-02-16,xslF345X03/doc4.xml,recent
2022-02-18,4,0001225208-22-002836,2022-02-16,xslF345X03/doc4.xml,recent
2022-02-18,4,0001225208-22-002835,2022-02-16,xslF345X03/doc4.xml,recent
2022-02-18,4,0001225208-22-002834,2022-02-16,xslF345X03/doc4.xml,recent
2022-02-18,4,0001225208-22-002833,2022-02-16,xslF345X03/doc4.xml,recent
2022-02-18,4,0001225208-22-002832,2022-02-16,xslF345X03/doc4.xml,recent
2022-02-18,4,0001225208-22-002831,2022-02-16,xslF345X03/doc4.xml,recent
2022-02-18,4,0001225208-22-002830,2022-02-16,xslF345X03/doc4.xml,recent
2022-02-18,4,0001225208-22-002829,2022-02-16,xslF345X03/doc4.xml,recent
2022-02-18,4,0001225208-22-002828,2022-02-16,xslF345X03/doc4.xml,recent
2022-02-18,4,0001225208-22-002827,2022-02-16,xslF345X03/doc4.xml,recent
2022-02-18,4,0001225208-22-002826,2022-02-16,xslF345X03/doc4.xml,recent
2022-02-18,4,0001225208-22-002825,2022-02-16,xslF345X03/doc4.xml,recent
2022-02-28,4,0001225208-22-003592,2022-02-24,xslF345X03/doc4.xml,recent
2022-03-01,4,0001225208-22-003733,2022-02-25,xslF345X03/doc4.xml,recent
2022-03-01,4,0001225208-22-003732,2022-02-25,xslF345X03/doc4.xml,recent
2022-03-01,4,0001225208-22-003730,2022-02-25,xslF345X03/doc4.xml,recent
2022-03-01,4,0001225208-22-003731,2022-02-25,xslF345X03/doc4.xml,recent
2022-03-01,4,0001225208-22-003729,2022-02-25,xslF345X03/doc4.xml,recent
2022-03-01,4,0001225208-22-003728,2022-02-25,xslF345X03/doc4.xml,recent
2022-03-01,4,0001225208-22-003727,2022-02-25,xslF345X03/doc4.xml,recent
2022-03-01,4,0001225208-22-003726,2022-02-25,xslF345X03/doc4.xml,recent
2022-03-02,4,0001225208-22-003911,2022-02-28,xslF345X03/doc4.xml,recent
2022-03-02,4,0001225208-22-003910,2022-02-28,xslF345X03/doc4.xml,recent
2022-03-02,4,0001225208-22-003909,2022-02-28,xslF345X03/doc4.xml,recent
2022-03-02,4,0001225208-22-003908,2022-02-28,xslF345X03/doc4.xml,recent
2022-03-11,DEF 14A,0001193125-22-073265,2022-04-29,d240748ddef14a.htm,recent
2022-03-11,DEFA14A,0001193125-22-073306,,d326924ddefa14a.htm,recent
2022-03-11,DEFA14A,0001193125-22-073287,,d240748ddefa14a.htm,recent
2022-03-16,PX14A6G,0001214659-22-003989,,r315220px14a6g.htm,recent
2022-03-29,8-K,0000012927-22-000015,2022-03-25,ba-20220325.htm,recent
2022-04-05,3,0001225208-22-005628,2022-04-01,xslF345X02/doc3.xml,recent
2022-04-05,4,0001225208-22-005632,2022-04-01,xslF345X03/doc4.xml,recent
2022-04-05,4,0001225208-22-005623,2022-04-01,xslF345X03/doc4.xml,recent
2022-04-05,4,0001225208-22-005622,2022-04-01,xslF345X03/doc4.xml,recent
2022-04-05,4,0001225208-22-005621,2022-04-01,xslF345X03/doc4.xml,recent
2022-04-05,4,0001225208-22-005620,2022-04-01,xslF345X03/doc4.xml,recent
2022-04-05,4,0001225208-22-005619,2022-04-01,xslF345X03/doc4.xml,recent
2022-04-05,4,0001225208-22-005614,2022-04-01,xslF345X03/doc4.xml,recent
2022-04-05,4,0001225208-22-005611,2022-04-01,xslF345X03/doc4.xml,recent
2022-04-05,4,0001225208-22-005609,2022-04-01,xslF345X03/doc4.xml,recent
2022-04-05,4,0001225208-22-005607,2022-04-01,xslF345X03/doc4.xml,recent
2022-04-05,4,0001225208-22-005606,2022-04-01,xslF345X03/doc4.xml,recent
2022-04-18,DEFA14A,0001193125-22-108037,,d703926ddefa14a.htm,recent
2022-04-18,DEFA14A,0001193125-22-108028,,d272296ddefa14a.htm,recent
2022-04-22,PX14A6G,0001214659-22-005611,,r421220px14a6g.htm,recent
2022-04-26,4,0001225208-22-006120,2022-04-22,xslF345X03/doc4.xml,recent
2022-04-27,10-Q,0000012927-22-000022,2022-03-31,ba-20220331.htm,recent
2022-04-27,8-K,0000012927-22-000019,2022-04-27,ba-20220427.htm,recent
2022-04-29,8-K,0000012927-22-000025,2022-04-29,ba-20220429.htm,recent
2022-05-06,4,0001225208-22-006619,2022-05-04,xslF345X03/doc4.xml,recent
2022-05-26,SD,0000012927-22-000030,,a202112dec31formsd.htm,recent
2022-06-15,11-K,0000012927-22-000035,2021-12-31,a2021voluntaryinvestmentpl.htm,recent
2022-06-22,8-K,0000012927-22-000040,2022-06-21,ba-20220621.htm,recent
2022-06-29,3,0001225208-22-008314,2022-06-21,xslF345X02/doc3.xml,recent
2022-07-05,8-K,0000012927-22-000046,2022-06-28,ba-20220628.htm,recent
2022-07-06,4,0001225208-22-008692,2022-07-01,xslF345X03/doc4.xml,recent
2022-07-06,4,0001225208-22-008691,2022-07-01,xslF345X03/doc4.xml,recent
2022-07-06,4,0001225208-22-008690,2022-07-01,xslF345X03/doc4.xml,recent
2022-07-06,4,0001225208-22-008689,2022-07-01,xslF345X03/doc4.xml,recent
2022-07-06,4,0001225208-22-008688,2022-07-01,xslF345X03/doc4.xml,recent
2022-07-06,4,0001225208-22-008687,2022-07-01,xslF345X03/doc4.xml,recent
2022-07-06,4,0001225208-22-008686,2022-07-01,xslF345X03/doc4.xml,recent
2022-07-06,4,0001225208-22-008685,2022-07-01,xslF345X03/doc4.xml,recent
2022-07-06,4,0001225208-22-008684,2022-07-01,xslF345X03/doc4.xml,recent
2022-07-06,4,0001225208-22-008683,2022-07-01,xslF345X03/doc4.xml,recent
2022-07-06,4,0001225208-22-008682,2022-07-01,xslF345X03/doc4.xml,recent
2022-07-27,10-Q,0000012927-22-000058,2022-06-30,ba-20220630.htm,recent
2022-07-27,8-K,0000012927-22-000052,2022-07-27,ba-20220727.htm,recent
2022-08-02,4,0001225208-22-009138,2022-07-29,xslF345X03/doc4.xml,recent
2022-08-29,8-K,0001193125-22-232897,2022-08-25,d396135d8k.htm,recent
2022-09-08,3,0001225208-22-010187,2022-08-31,xslF345X02/doc3.xml,recent
2022-09-08,4,0001225208-22-010188,2022-08-31,xslF345X03/doc4.xml,recent
2022-10-05,4,0001225208-22-010842,2022-10-03,xslF345X03/doc4.xml,recent
2022-10-05,4,0001225208-22-010841,2022-10-03,xslF345X03/doc4.xml,recent
2022-10-05,4,0001225208-22-010840,2022-10-03,xslF345X03/doc4.xml,recent
2022-10-05,4,0001225208-22-010839,2022-10-03,xslF345X03/doc4.xml,recent
2022-10-05,4,0001225208-22-010838,2022-10-03,xslF345X03/doc4.xml,recent
2022-10-05,4,0001225208-22-010837,2022-10-03,xslF345X03/doc4.xml,recent
2022-10-05,4,0001225208-22-010836,2022-10-03,xslF345X03/doc4.xml,recent
2022-10-05,4,0001225208-22-010835,2022-10-03,xslF345X03/doc4.xml,recent
2022-10-05,4,0001225208-22-010834,2022-10-03,xslF345X03/doc4.xml,recent
2022-10-05,4,0001225208-22-010833,2022-10-03,xslF345X03/doc4.xml,recent
2022-10-05,4,0001225208-22-010832,2022-10-03,xslF345X03/doc4.xml,recent
2022-10-26,10-Q,0000012927-22-000073,2022-09-30,ba-20220930.htm,recent
2022-10-26,8-K,0000012927-22-000070,2022-10-26,ba-20221026.htm,recent
2022-11-08,4,0001225208-22-011468,2022-11-04,xslF345X03/doc4.xml,recent
2022-11-08,4,0001225208-22-011467,2022-11-04,xslF345X03/doc4.xml,recent
2022-11-29,8-K,0000012927-22-000077,2022-11-22,ba-20221122.htm,recent
2022-12-05,4,0001225208-22-012331,2022-10-31,xslF345X03/doc4.xml,recent
2022-12-05,4,0001225208-22-012330,2022-10-31,xslF345X03/doc4.xml,recent
2022-12-05,4,0001225208-22-012329,2022-10-31,xslF345X03/doc4.xml,recent
2022-12-05,4,0001225208-22-012328,2022-10-31,xslF345X03/doc4.xml,recent
2022-12-05,4,0001225208-22-012327,2022-10-31,xslF345X03/doc4.xml,recent
2022-12-08,4,0001225208-22-012462,2022-12-06,xslF345X03/doc4.xml,recent
2022-12-08,4,0001225208-22-012461,2022-12-06,xslF345X03/doc4.xml,recent
2022-12-12,8-K,0000012927-22-000080,2022-12-12,ba-20221212.htm,recent
2022-12-12,S-8,0001193125-22-302904,,d755876ds8.htm,recent
2022-12-22,8-K,0000012927-22-000082,2022-12-18,ba-20221218.htm,recent
2023-01-05,4,0001225208-23-000431,2023-01-03,xslF345X03/doc4.xml,recent
2023-01-05,4,0001225208-23-000430,2023-01-03,xslF345X03/doc4.xml,recent
2023-01-05,4,0001225208-23-000429,2023-01-03,xslF345X03/doc4.xml,recent
2023-01-05,4,0001225208-23-000428,2023-01-03,xslF345X03/doc4.xml,recent
2023-01-05,4,0001225208-23-000427,2023-01-03,xslF345X03/doc4.xml,recent
2023-01-05,4,0001225208-23-000426,2023-01-03,xslF345X03/doc4.xml,recent
2023-01-05,4,0001225208-23-000425,2023-01-03,xslF345X03/doc4.xml,recent
2023-01-05,4,0001225208-23-000424,2023-01-03,xslF345X03/doc4.xml,recent
2023-01-05,4,0001225208-23-000423,2023-01-03,xslF345X03/doc4.xml,recent
2023-01-05,4,0001225208-23-000422,2023-01-03,xslF345X03/doc4.xml,recent
2023-01-05,4,0001225208-23-000421,2023-01-03,xslF345X03/doc4.xml,recent
2023-01-18,3,0001225208-23-000745,2023-01-12,xslF345X02/doc3.xml,recent
2023-01-25,8-K,0000012927-23-000003,2023-01-25,ba-20230125.htm,recent
2023-01-27,10-K,0000012927-23-000007,2022-12-31,ba-20221231.htm,recent
2023-02-07,SC 13G/A,0001306550-23-008250,,us0970231058_020723.txt,recent
2023-02-09,SC 13G/A,0001104659-23-015481,,tv0435-boeingco.htm,recent
2023-02-10,SC 13G/A,0001172661-23-000607,,newporttrust-ba123122a5.htm,recent
2023-02-17,8-K,0000012927-23-000011,2023-02-16,ba-20230216.htm,recent
2023-02-21,4,0001225208-23-002468,2023-02-16,xslF345X03/doc4.xml,recent
2023-02-21,4,0001225208-23-002467,2023-02-16,xslF345X03/doc4.xml,recent
2023-02-21,4,0001225208-23-002466,2023-02-16,xslF345X03/doc4.xml,recent
2023-02-21,4,0001225208-23-002465,2023-02-16,xslF345X03/doc4.xml,recent
2023-02-21,4,0001225208-23-002464,2023-02-16,xslF345X03/doc4.xml,recent
2023-02-21,4,0001225208-23-002463,2023-02-16,xslF345X03/doc4.xml,recent
2023-02-21,4,0001225208-23-002462,2023-02-16,xslF345X03/doc4.xml,recent
2023-02-21,4,0001225208-23-002461,2023-02-16,xslF345X03/doc4.xml,recent
2023-02-21,4,0001225208-23-002460,2023-02-16,xslF345X03/doc4.xml,recent
2023-02-21,4,0001225208-23-002458,2023-02-16,xslF345X03/doc4.xml,recent
2023-02-21,4,0001225208-23-002457,2023-02-16,xslF345X03/doc4.xml,recent
2023-02-21,4,0001225208-23-002459,2023-02-16,xslF345X03/doc4.xml,recent
2023-02-21,4,0001225208-23-002456,2023-02-16,xslF345X03/doc4.xml,recent
2023-02-28,4,0001225208-23-003016,2023-02-24,xslF345X03/doc4.xml,recent
2023-02-28,4,0001225208-23-003015,2023-02-24,xslF345X03/doc4.xml,recent
2023-02-28,4,0001225208-23-003014,2023-02-24,xslF345X03/doc4.xml,recent
2023-02-28,4,0001225208-23-003013,2023-02-24,xslF345X03/doc4.xml,recent
2023-02-28,4,0001225208-23-003012,2023-02-24,xslF345X03/doc4.xml,recent
2023-02-28,4,0001225208-23-003011,2023-02-24,xslF345X03/doc4.xml,recent
2023-02-28,4,0001225208-23-003010,2023-02-24,xslF345X03/doc4.xml,recent
2023-02-28,4,0001225208-23-003009,2023-02-24,xslF345X03/doc4.xml,recent
2023-03-03,ARS,0001193125-23-059904,2022-12-31,d424500dars.pdf,recent
2023-03-03,DEF 14A,0001193125-23-059893,,d424500ddef14a.htm,recent
2023-03-03,DEFA14A,0001193125-23-059911,,d424500ddefa14a.htm,recent
2023-03-03,DEFA14A,0001193125-23-059907,,d473125ddefa14a.htm,recent
2023-03-09,PX14A6G,0001214659-23-003684,,p38230px14a6g.htm,recent
2023-03-10,3,0001225208-23-003781,2023-03-01,xslF345X02/doc3.xml,recent
2023-03-15,8-K,0000012927-23-000013,2023-03-14,ba-20230314.htm,recent
2023-03-20,PX14A6G,0001096906-23-000580,,nlpc_px14a6g.htm,recent
2023-03-28,PX14A6G,0001214659-23-004272,,g324230px14a6g.htm,recent
2023-03-30,DEFA14A,0001193125-23-085513,,d20498ddefa14a.htm,recent
2023-04-04,PX14A6G,0001214659-23-004704,,z331230px14a6g.htm,recent
2023-04-05,4,0001225208-23-004705,2023-04-03,xslF345X04/doc4.xml,recent
2023-04-05,4,0001225208-23-004704,2023-04-03,xslF345X04/doc4.xml,recent
2023-04-05,4,0001225208-23-004703,2023-04-03,xslF345X04/doc4.xml,recent
2023-04-05,4,0001225208-23-004702,2023-04-03,xslF345X04/doc4.xml,recent
2023-04-05,4,0001225208-23-004701,2023-04-03,xslF345X04/doc4.xml,recent
2023-04-05,4,0001225208-23-004700,2023-04-03,xslF345X04/doc4.xml,recent
2023-04-05,4,0001225208-23-004699,2023-04-03,xslF345X04/doc4.xml,recent
2023-04-05,4,0001225208-23-004698,2023-04-03,xslF345X04/doc4.xml,recent
2023-04-05,4,0001225208-23-004697,2023-04-03,xslF345X04/doc4.xml,recent
2023-04-05,4,0001225208-23-004696,2023-04-03,xslF345X04/doc4.xml,recent
2023-04-05,4,0001225208-23-004695,2023-04-03,xslF345X04/doc4.xml,recent
2023-04-10,3,0001225208-23-004795,2023-04-01,xslF345X02/doc3.xml,recent
2023-04-11,8-K,0000012927-23-000017,2023-04-05,ba-20230405.htm,recent
2023-04-18,3,0001225208-23-004881,2023-04-14,xslF345X02/doc3.xml,recent
2023-04-18,4,0001225208-23-004882,2023-04-14,xslF345X04/doc4.xml,recent
2023-04-19,8-K,0000012927-23-000019,2023-04-18,ba-20230418.htm,recent
2023-04-26,10-Q,0000012927-23-000029,2023-03-31,ba-20230331.htm,recent
2023-04-26,8-K,0000012927-23-000026,2023-04-26,ba-20230426.htm,recent
2023-04-26,S-8,0001193125-23-118761,,d504501ds8.htm,recent
2023-04-26,S-8 POS,0001193125-23-118771,,d442728ds8pos.htm,recent
2023-04-27,3,0001225208-23-005106,2023-04-18,xslF345X02/doc3.xml,recent
2023-05-01,144,0001959173-23-000761,,xsl144X01/primary_doc.xml,recent
2023-05-02,144,0001958244-23-000756,,xsl144X01/primary_doc.xml,recent
2023-05-03,3/A,0001225208-23-005388,2023-03-01,xslF345X02/doc3a.xml,recent
2023-05-03,4,0001225208-23-005389,2023-05-01,xslF345X04/doc4.xml,recent
2023-05-08,4,0001225208-23-005587,2023-05-04,xslF345X04/doc4.xml,recent
2023-05-25,SD,0000012927-23-000038,,a202212dec31formsd.htm,recent
2023-06-14,11-K,0000012927-23-000041,2022-12-31,a2022voluntaryinvestmentpl.htm,recent
2023-07-06,4,0001225208-23-007385,2023-07-03,xslF345X04/doc4.xml,recent
2023-07-06,4,0001225208-23-007384,2023-07-03,xslF345X04/doc4.xml,recent
2023-07-06,4,0001225208-23-007383,2023-07-03,xslF345X04/doc4.xml,recent
2023-07-06,4,0001225208-23-007382,2023-07-03,xslF345X04/doc4.xml,recent
2023-07-06,4,0001225208-23-007381,2023-07-03,xslF345X04/doc4.xml,recent
2023-07-06,4,0001225208-23-007380,2023-07-03,xslF345X04/doc4.xml,recent
2023-07-06,4,0001225208-23-007379,2023-07-03,xslF345X04/doc4.xml,recent
2023-07-06,4,0001225208-23-007378,2023-07-03,xslF345X04/doc4.xml,recent
2023-07-06,4,0001225208-23-007377,2023-07-03,xslF345X04/doc4.xml,recent
2023-07-06,4,0001225208-23-007376,2023-07-03,xslF345X04/doc4.xml,recent
2023-07-06,4,0001225208-23-007375,2023-07-03,xslF345X04/doc4.xml,recent
2023-07-06,4,0001225208-23-007374,2023-07-03,xslF345X04/doc4.xml,recent
2023-07-10,4,0001225208-23-007435,2023-07-06,xslF345X04/doc4.xml,recent
2023-07-26,10-Q,0000012927-23-000048,2023-06-30,ba-20230630.htm,recent
2023-07-26,8-K,0000012927-23-000045,2023-07-26,ba-20230726.htm,recent
2023-08-01,144,0001958244-23-001694,,xsl144X01/primary_doc.xml,recent
2023-08-02,4,0001225208-23-007911,2023-07-31,xslF345X05/doc4.xml,recent
2023-08-02,4,0001225208-23-007910,2023-07-31,xslF345X05/doc4.xml,recent
2023-08-03,4,0001225208-23-007981,2023-08-01,xslF345X05/doc4.xml,recent
2023-08-24,8-K,0000012927-23-000051,2023-08-24,ba-20230824.htm,recent
2023-09-05,8-K,0000012927-23-000054,2023-08-29,ba-20230829.htm,recent
2023-09-22,8-K/A,0001193125-23-240597,2023-04-18,d332056d8ka.htm,recent
2023-10-04,4,0001225208-23-009365,2023-10-02,xslF345X05/doc4.xml,recent
2023-10-04,4,0001225208-23-009364,2023-10-02,xslF345X05/doc4.xml,recent
2023-10-04,4,0001225208-23-009363,2023-10-02,xslF345X05/doc4.xml,recent
2023-10-04,4,0001225208-23-009362,2023-10-02,xslF345X05/doc4.xml,recent
2023-10-04,4,0001225208-23-009361,2023-10-02,xslF345X05/doc4.xml,recent
2023-10-04,4,0001225208-23-009360,2023-10-02,xslF345X05/doc4.xml,recent
2023-10-04,4,0001225208-23-009359,2023-10-02,xslF345X05/doc4.xml,recent
2023-10-04,4,0001225208-23-009358,2023-10-02,xslF345X05/doc4.xml,recent
2023-10-04,4,0001225208-23-009357,2023-10-02,xslF345X05/doc4.xml,recent
2023-10-04,4,0001225208-23-009356,2023-10-02,xslF345X05/doc4.xml,recent
2023-10-04,4,0001225208-23-009355,2023-10-02,xslF345X05/doc4.xml,recent
2023-10-04,4,0001225208-23-009354,2023-10-02,xslF345X05/doc4.xml,recent
2023-10-25,10-Q,0000012927-23-000062,2023-09-30,ba-20230930.htm,recent
2023-10-25,8-K,0000012927-23-000059,2023-10-25,ba-20231025.htm,recent
2023-12-05,4,0001225208-23-010777,2023-12-01,xslF345X05/doc4.xml,recent
2023-12-05,4,0001225208-23-010776,2023-12-01,xslF345X05/doc4.xml,recent
2023-12-05,4,0001225208-23-010775,2023-12-01,xslF345X05/doc4.xml,recent
2023-12-05,4,0001225208-23-010774,2023-12-01,xslF345X05/doc4.xml,recent
2023-12-05,4,0001225208-23-010773,2023-12-01,xslF345X05/doc4.xml,recent
2023-12-11,8-K,0000012927-23-000065,2023-12-08,ba-20231208.htm,recent
2023-12-18,4,0001225208-23-011247,2023-12-14,xslF345X05/doc4.xml,recent
2023-12-18,4,0001225208-23-011246,2023-12-14,xslF345X05/doc4.xml,recent
2023-12-18,4,0001225208-23-011245,2023-12-14,xslF345X05/doc4.xml,recent
2023-12-20,144,0001958244-23-002841,,xsl144X01/primary_doc.xml,recent
2024-01-04,4,0001225208-24-000427,2024-01-02,xslF345X05/doc4.xml,recent
2024-01-04,4,0001225208-24-000428,2024-01-02,xslF345X05/doc4.xml,recent
2024-01-04,4,0001225208-24-000425,2024-01-02,xslF345X05/doc4.xml,recent
2024-01-04,4,0001225208-24-000426,2024-01-02,xslF345X05/doc4.xml,recent
2024-01-04,4,0001225208-24-000423,2024-01-02,xslF345X05/doc4.xml,recent
2024-01-04,4,0001225208-24-000422,2024-01-02,xslF345X05/doc4.xml,recent
2024-01-04,4,0001225208-24-000421,2024-01-02,xslF345X05/doc4.xml,recent
2024-01-04,4,0001225208-24-000420,2024-01-02,xslF345X05/doc4.xml,recent
2024-01-04,4,0001225208-24-000419,2024-01-02,xslF345X05/doc4.xml,recent
2024-01-04,4,0001225208-24-000418,2024-01-02,xslF345X05/doc4.xml,recent
2024-01-04,4,0001225208-24-000417,2024-01-02,xslF345X05/doc4.xml,recent
2024-01-04,4,0001225208-24-000416,2024-01-02,xslF345X05/doc4.xml,recent
2024-01-10,3,0001225208-24-000751,2024-01-01,xslF345X02/doc3.xml,recent
2024-01-22,4,0001225208-24-001058,2024-01-16,xslF345X05/doc4.xml,recent
2024-01-29,SC 13G/A,0001086364-24-005548,,us0970231058_012924.txt,recent
2024-01-31,10-K,0000012927-24-000010,2023-12-31,ba-20231231.htm,recent
2024-01-31,8-K,0000012927-24-000007,2024-01-31,ba-20240131.htm,recent
2024-02-05,SC 13G/A,0001172661-24-000452,,newporttrust-ba123123a6.htm,recent
2024-02-13,SC 13G/A,0001104659-24-020451,,tv0454-boeingcothe.htm,recent
2024-02-21,4,0001225208-24-002663,2024-02-16,xslF345X05/doc4.xml,recent
2024-02-22,4,0001225208-24-002786,2024-02-20,xslF345X05/doc4.xml,recent
2024-02-22,4,0001225208-24-002785,2024-02-20,xslF345X05/doc4.xml,recent
2024-02-22,4,0001225208-24-002784,2024-02-20,xslF345X05/doc4.xml,recent
2024-02-22,4,0001225208-24-002783,2024-02-20,xslF345X05/doc4.xml,recent
2024-02-22,4,0001225208-24-002782,2024-02-20,xslF345X05/doc4.xml,recent
2024-02-22,4,0001225208-24-002781,2024-02-20,xslF345X05/doc4.xml,recent
2024-02-22,4,0001225208-24-002779,2024-02-20,xslF345X05/doc4.xml,recent
2024-02-22,4,0001225208-24-002778,2024-02-20,xslF345X05/doc4.xml,recent
2024-02-22,4,0001225208-24-002777,2024-02-20,xslF345X05/doc4.xml,recent
2024-03-01,4,0001225208-24-003409,2024-02-20,xslF345X05/doc4.xml,recent
2024-03-13,4,0001225208-24-004222,2024-03-11,xslF345X05/doc4.xml,recent
2024-03-13,4,0001225208-24-004221,2024-03-11,xslF345X05/doc4.xml,recent
2024-03-13,4,0001225208-24-004220,2024-03-11,xslF345X05/doc4.xml,recent
2024-03-13,4,0001225208-24-004219,2024-03-11,xslF345X05/doc4.xml,recent
2024-03-13,4,0001225208-24-004218,2024-03-11,xslF345X05/doc4.xml,recent
2024-03-13,4,0001225208-24-004217,2024-03-11,xslF345X05/doc4.xml,recent
2024-03-13,4,0001225208-24-004216,2024-03-11,xslF345X05/doc4.xml,recent
2024-03-13,4,0001225208-24-004215,2024-03-11,xslF345X05/doc4.xml,recent
2024-03-13,4,0001225208-24-004214,2024-03-11,xslF345X05/doc4.xml,recent
2024-03-13,4,0001225208-24-004213,2024-03-11,xslF345X05/doc4.xml,recent
2024-03-13,4,0001225208-24-004212,2024-03-11,xslF345X05/doc4.xml,recent
2024-03-13,4,0001225208-24-004211,2024-03-11,xslF345X05/doc4.xml,recent
2024-03-13,4,0001225208-24-004210,2024-03-11,xslF345X05/doc4.xml,recent
2024-03-13,4,0001225208-24-004209,2024-03-11,xslF345X05/doc4.xml,recent
2024-03-25,8-K,0000012927-24-000014,2024-03-24,ba-20240324.htm,recent
2024-04-03,4,0001225208-24-004955,2024-04-01,xslF345X05/doc4.xml,recent
2024-04-03,4,0001225208-24-004953,2024-04-01,xslF345X05/doc4.xml,recent
2024-04-03,4,0001225208-24-004952,2024-04-01,xslF345X05/doc4.xml,recent
2024-04-03,4,0001225208-24-004951,2024-04-01,xslF345X05/doc4.xml,recent
2024-04-03,4,0001225208-24-004954,2024-04-01,xslF345X05/doc4.xml,recent
2024-04-03,4,0001225208-24-004950,2024-04-01,xslF345X05/doc4.xml,recent
2024-04-03,4,0001225208-24-004948,2024-04-01,xslF345X05/doc4.xml,recent
2024-04-03,4,0001225208-24-004947,2024-04-01,xslF345X05/doc4.xml,recent
2024-04-03,4,0001225208-24-004946,2024-04-01,xslF345X05/doc4.xml,recent
2024-04-03,4,0001225208-24-004949,2024-04-01,xslF345X05/doc4.xml,recent
2024-04-03,4,0001225208-24-004945,2024-04-01,xslF345X05/doc4.xml,recent
2024-04-03,4,0001225208-24-004944,2024-04-01,xslF345X05/doc4.xml,recent
2024-04-05,ARS,0001193125-24-088593,2023-12-31,d550077dars.pdf,recent
2024-04-05,DEF 14A,0001193125-24-088568,2024-05-17,d550077ddef14a.htm,recent
2024-04-05,DEFA14A,0001193125-24-088606,,d823009ddefa14a.htm,recent
2024-04-05,DEFA14A,0001193125-24-088598,,d550077ddefa14a.htm,recent
2024-04-08,3,0001225208-24-005007,2024-04-01,xslF345X02/doc3.xml,recent
2024-04-11,PX14A6G,0001096906-24-000795,,ncppr_px14a6g.htm,recent
2024-04-12,UPLOAD,0000000000-24-003989,,filename1.pdf,recent
2024-04-17,CORRESP,0000012927-24-000016,,filename1.htm,recent
2024-04-18,PX14A6G,0001096906-24-000870,,nlpc_px14a6g.htm,recent
2024-04-24,10-Q,0000012927-24-000025,2024-03-31,ba-20240331.htm,recent
2024-04-24,8-K,0000012927-24-000022,2024-04-24,ba-20240424.htm,recent
2024-04-24,PX14A6G,0001214659-24-007465,,o424243px14a6g.htm,recent
2024-05-01,PX14A6G,0001096906-24-000995,,ncppr_px14a6g.htm,recent
2024-05-03,8-K,0001193125-24-130860,2024-04-29,d836110d8k.htm,recent
2024-05-07,DEFA14A,0001193125-24-132171,,d791386ddefa14a.htm,recent
2024-05-09,CORRESP,0000012927-24-000030,,filename1.htm,recent
2024-05-14,UPLOAD,0000000000-24-005528,,filename1.pdf,recent
2024-05-17,8-K,0000012927-24-000037,2024-05-15,ba-20240515.htm,recent
2024-05-17,8-K,0000012927-24-000035,2024-05-17,ba-20240517.htm,recent
2024-05-29,SD,0000012927-24-000043,,a202312dec31formsd.htm,recent
2024-06-12,11-K,0000012927-24-000046,2023-12-31,a2023401kretirementplan.htm,recent
2024-07-01,425,0001193125-24-173421,,d843455d425.htm,recent
2024-07-01,425,0001193125-24-173407,,d859454d425.htm,recent
2024-07-01,425,0001193125-24-172682,,d838733d425.htm,recent
2024-07-01,8-K,0001193125-24-172676,2024-06-30,d838733d8k.htm,recent
2024-07-03,4,0001225208-24-007306,2024-07-01,xslF345X05/doc4.xml,recent
2024-07-03,4,0001225208-24-007305,2024-07-01,xslF345X05/doc4.xml,recent
2024-07-03,4,0001225208-24-007304,2024-07-01,xslF345X05/doc4.xml,recent
2024-07-03,4,0001225208-24-007303,2024-07-01,xslF345X05/doc4.xml,recent
2024-07-03,4,0001225208-24-007302,2024-07-01,xslF345X05/doc4.xml,recent
2024-07-03,4,0001225208-24-007301,2024-07-01,xslF345X05/doc4.xml,recent
2024-07-03,4,0001225208-24-007300,2024-07-01,xslF345X05/doc4.xml,recent
2024-07-03,4,0001225208-24-007299,2024-07-01,xslF345X05/doc4.xml,recent
2024-07-03,4,0001225208-24-007298,2024-07-01,xslF345X05/doc4.xml,recent
2024-07-03,4,0001225208-24-007296,2024-07-01,xslF345X05/doc4.xml,recent
2024-07-31,10-Q,0000012927-24-000055,2024-06-30,ba-20240630.htm,recent
2024-07-31,425,0001193125-24-190046,,d875200d425.htm,recent
2024-07-31,425,0001193125-24-189842,,d845345d425.htm,recent
2024-07-31,8-K,0000012927-24-000058,2024-07-30,ba-20240730.htm,recent
2024-07-31,8-K,0000012927-24-000051,2024-07-31,ba-20240731.htm,recent
2024-08-09,3,0001225208-24-007964,2024-08-08,xslF345X02/doc3.xml,recent
2024-08-09,4,0001225208-24-007965,2024-08-08,xslF345X05/doc4.xml,recent
2024-08-12,S-4,0001193125-24-198983,,d835944ds4.htm,recent
2024-08-29,4,0001225208-24-008307,2024-08-27,xslF345X05/doc4.xml,recent
2024-09-05,4,0001225208-24-008493,2024-09-03,xslF345X05/doc4.xml,recent
2024-09-06,UPLOAD,0000000000-24-010102,,filename1.pdf,recent
2024-09-13,8-K,0001193125-24-218951,2024-09-12,d721102d8k.htm,recent
2024-09-20,8-K,0000012927-24-000064,2024-09-20,ba-20240920.htm,recent
2024-10-03,4,0001225208-24-009142,2024-10-01,xslF345X05/doc4.xml,recent
2024-10-03,4,0001225208-24-009141,2024-10-01,xslF345X05/doc4.xml,recent
2024-10-03,4,0001225208-24-009140,2024-10-01,xslF345X05/doc4.xml,recent
2024-10-03,4,0001225208-24-009139,2024-10-01,xslF345X05/doc4.xml,recent
2024-10-03,4,0001225208-24-009138,2024-10-01,xslF345X05/doc4.xml,recent
2024-10-03,4,0001225208-24-009137,2024-10-01,xslF345X05/doc4.xml,recent
2024-10-03,4,0001225208-24-009136,2024-10-01,xslF345X05/doc4.xml,recent
2024-10-03,4,0001225208-24-009134,2024-10-01,xslF345X05/doc4.xml,recent
2024-10-03,4,0001225208-24-009133,2024-10-01,xslF345X05/doc4.xml,recent
2024-10-03,4,0001225208-24-009132,2024-10-01,xslF345X05/doc4.xml,recent
2024-10-11,8-K,0000012927-24-000067,2024-10-11,ba-20241011.htm,recent
2024-10-15,8-K,0000012927-24-000068,2024-10-14,ba-20241014.htm,recent
2024-10-15,S-3,0001193125-24-237177,,d871346ds3.htm,recent
2024-10-18,CORRESP,0001193125-24-239673,,filename1.htm,recent
2024-10-18,UPLOAD,0000000000-24-011727,,filename1.pdf,recent
2024-10-22,EFFECT,9999999995-24-003241,,xslEFFECTX01/primary_doc.xml,recent
2024-10-23,10-Q,0000012927-24-000082,2024-09-30,ba-20240930.htm,recent
2024-10-23,8-K,0000012927-24-000079,2024-10-23,ba-20241023.htm,recent
2024-10-28,424B5,0001193125-24-244584,,d889968d424b5.htm,recent
2024-10-28,424B5,0001193125-24-244582,,d825843d424b5.htm,recent
2024-10-29,424B5,0001193125-24-246634,,d889968d424b5.htm,recent
2024-10-29,424B5,0001193125-24-246629,,d825843d424b5.htm,recent
2024-10-29,FWP,0001193125-24-246135,,d825843dfwp.htm,recent
2024-10-30,8-K,0001193125-24-247611,2024-10-28,d709270d8k.htm,recent
2024-10-31,8-A12B,0001193125-24-248779,,d896776d8a12b.htm,recent
2024-10-31,8-K,0001193125-24-248743,2024-10-28,d750441d8k.htm,recent
2024-11-01,CERT,0000876661-24-001029,,BAPRA110124.pdf,recent
2024-11-01,S-4,0001193125-24-249945,,d907732ds4.htm,recent
2024-11-07,UPLOAD,0000000000-24-012395,,filename1.pdf,recent
2024-11-14,CORRESP,0001193125-24-258655,,filename1.htm,recent
2024-11-14,CORRESP,0001193125-24-258637,,filename1.htm,recent
2024-11-18,424B3,0001193125-24-260962,,d907732d424b3.htm,recent
2024-11-18,8-K,0000012927-24-000084,2024-11-14,ba-20241114.htm,recent
2024-11-18,EFFECT,9999999995-24-003507,,xslEFFECTX01/primary_doc.xml,recent
2024-11-26,144,0001958244-24-005792,,xsl144X01/primary_doc.xml,recent
2024-11-27,CORRESP,0001193125-24-267228,,filename1.htm,recent
2024-11-27,S-4/A,0001193125-24-267224,,d835944ds4a.htm,recent
2024-12-04,4,0001225208-24-010542,2024-12-02,xslF345X05/doc4.xml,recent
2024-12-04,4,0001225208-24-010541,2024-12-02,xslF345X05/doc4.xml,recent
2024-12-04,4,0001225208-24-010540,2024-12-02,xslF345X05/doc4.xml,recent
2024-12-04,4,0001225208-24-010538,2024-12-02,xslF345X05/doc4.xml,recent
2024-12-18,CORRESP,0001193125-24-281295,,filename1.htm,recent
2024-12-20,424B3,0001193125-24-283231,,d835944d424b3.htm,recent
2024-12-20,EFFECT,9999999995-24-003860,,xslEFFECTX01/primary_doc.xml,recent
2025-01-02,3,0001225208-25-000062,2024-12-22,xslF345X02/doc3.xml,recent
2025-01-03,3,0001225208-25-000296,2024-12-31,xslF345X02/doc3.xml,recent
2025-01-03,4,0001225208-25-000297,2024-12-31,xslF345X05/doc4.xml,recent
2025-01-06,3,0001225208-25-000398,2025-01-01,xslF345X02/doc3.xml,recent
2025-01-06,4,0001225208-25-000409,2025-01-02,xslF345X05/doc4.xml,recent
2025-01-06,4,0001225208-25-000408,2025-01-02,xslF345X05/doc4.xml,recent
2025-01-06,4,0001225208-25-000407,2025-01-02,xslF345X05/doc4.xml,recent
2025-01-06,4,0001225208-25-000406,2025-01-02,xslF345X05/doc4.xml,recent
2025-01-06,4,0001225208-25-000405,2025-01-02,xslF345X05/doc4.xml,recent
2025-01-06,4,0001225208-25-000404,2025-01-02,xslF345X05/doc4.xml,recent
2025-01-06,4,0001225208-25-000403,2025-01-02,xslF345X05/doc4.xml,recent
2025-01-06,4,0001225208-25-000402,2025-01-02,xslF345X05/doc4.xml,recent
2025-01-06,4,0001225208-25-000401,2025-01-02,xslF345X05/doc4.xml,recent
2025-01-06,4,0001225208-25-000400,2025-01-02,xslF345X05/doc4.xml,recent
2025-01-06,4,0001225208-25-000399,2025-01-02,xslF345X05/doc4.xml,recent
2025-01-17,4,0001225208-25-000717,2025-01-15,xslF345X05/doc4.xml,recent
2025-01-23,8-K,0000012927-25-000004,2025-01-23,ba-20250123.htm,recent
2025-01-28,8-K,0000012927-25-000010,2025-01-28,ba-20250128.htm,recent
2025-02-03,10-K,0000012927-25-000015,2024-12-31,ba-20241231.htm,recent
2025-02-05,SCHEDULE 13G/A,0002012383-25-001269,,xslSCHEDULE_13G_X01/primary_doc.xml,recent
2025-02-06,SCHEDULE 13G/A,0001172661-25-000553,,xslSCHEDULE_13G_X01/primary_doc.xml,recent
2025-02-13,SCHEDULE 13G,0001422848-25-000036,,xslSCHEDULE_13G_X01/primary_doc.xml,recent
2025-02-20,144,0001959173-25-001205,,xsl144X01/primary_doc.xml,recent
2025-02-20,144,0001959173-25-001188,,xsl144X01/primary_doc.xml,recent
2025-02-20,4,0001225208-25-002134,2025-02-18,xslF345X05/doc4.xml,recent
2025-02-20,4,0001225208-25-002133,2025-02-18,xslF345X05/doc4.xml,recent
2025-02-20,4,0001225208-25-002132,2025-02-18,xslF345X05/doc4.xml,recent
2025-02-20,4,0001225208-25-002131,2025-02-18,xslF345X05/doc4.xml,recent
2025-02-20,4,0001225208-25-002130,2025-02-18,xslF345X05/doc4.xml,recent
2025-02-20,4,0001225208-25-002129,2025-02-18,xslF345X05/doc4.xml,recent
2025-02-20,4,0001225208-25-002128,2025-02-18,xslF345X05/doc4.xml,recent
2025-02-20,4,0001225208-25-002127,2025-02-18,xslF345X05/doc4.xml,recent
2025-02-21,4,0001225208-25-002193,2025-02-19,xslF345X05/doc4.xml,recent
2025-02-21,4,0001225208-25-002190,2025-02-19,xslF345X05/doc4.xml,recent
2025-02-21,4,0001225208-25-002189,2025-02-19,xslF345X05/doc4.xml,recent
2025-02-21,4,0001225208-25-002188,2025-02-19,xslF345X05/doc4.xml,recent
2025-02-21,4,0001225208-25-002187,2025-02-19,xslF345X05/doc4.xml,recent
2025-02-21,4,0001225208-25-002186,2025-02-19,xslF345X05/doc4.xml,recent
2025-02-21,4,0001225208-25-002185,2025-02-19,xslF345X05/doc4.xml,recent
2025-02-21,4,0001225208-25-002184,2025-02-19,xslF345X05/doc4.xml,recent
2025-02-21,4,0001225208-25-002183,2025-02-19,xslF345X05/doc4.xml,recent
2025-02-21,4,0001225208-25-002182,2025-02-19,xslF345X05/doc4.xml,recent
2025-02-21,4,0001225208-25-002181,2025-02-19,xslF345X05/doc4.xml,recent
2025-02-25,8-K,0000012927-25-000018,2025-02-19,ba-20250219.htm,recent
2025-02-26,144,0001958244-25-001221,,xsl144X01/primary_doc.xml,recent
2025-02-26,3,0001225208-25-002506,2025-02-24,xslF345X02/doc3.xml,recent
2025-02-26,4,0001225208-25-002509,2025-02-24,xslF345X05/doc4.xml,recent
2025-02-28,4,0001225208-25-002628,2025-02-26,xslF345X05/doc4.xml,recent
2025-03-07,ARS,0001193125-25-049918,2024-12-31,d844315dars.pdf,recent
2025-03-07,DEF 14A,0001193125-25-049921,2025-04-24,d816992ddef14a.htm,recent
2025-03-07,DEFA14A,0001193125-25-049929,,d940302ddefa14a.htm,recent
2025-03-07,DEFA14A,0001193125-25-049924,,d836062ddefa14a.htm,recent
2025-03-11,4,0001225208-25-003250,2025-03-07,xslF345X05/doc4.xml,recent
2025-03-19,PX14A6G,0001214659-25-004549,,j319250px14a6g.htm,recent
2025-04-02,PX14A6G,0001096906-25-000401,,nlpc_px14a6g.htm,recent
2025-04-03,4,0001225208-25-004040,2025-04-01,xslF345X05/doc4.xml,recent
2025-04-03,4,0001225208-25-004039,2025-04-01,xslF345X05/doc4.xml,recent
2025-04-03,4,0001225208-25-004038,2025-04-01,xslF345X05/doc4.xml,recent
2025-04-03,4,0001225208-25-004037,2025-04-01,xslF345X05/doc4.xml,recent
2025-04-03,4,0001225208-25-004036,2025-04-01,xslF345X05/doc4.xml,recent
2025-04-03,4,0001225208-25-004035,2025-04-01,xslF345X05/doc4.xml,recent
2025-04-03,4,0001225208-25-004034,2025-04-01,xslF345X05/doc4.xml,recent
2025-04-03,4,0001225208-25-004033,2025-04-01,xslF345X05/doc4.xml,recent
2025-04-03,4,0001225208-25-004032,2025-04-01,xslF345X05/doc4.xml,recent
2025-04-03,4,0001225208-25-004031,2025-04-01,xslF345X05/doc4.xml,recent
2025-04-03,4,0001225208-25-004030,2025-04-01,xslF345X05/doc4.xml,recent
2025-04-03,4,0001225208-25-004029,2025-04-01,xslF345X05/doc4.xml,recent
2025-04-04,DEFA14A,0001193125-25-073540,,d851207ddefa14a.htm,recent
2025-04-23,10-Q,0000012927-25-000031,2025-03-31,ba-20250331.htm,recent
2025-04-23,8-K,0000012927-25-000027,2025-04-23,ba-20250423.htm,recent
2025-04-24,8-K,0000012927-25-000034,2025-04-24,ba-20250424.htm,recent
2025-04-24,8-K,0001193125-25-093515,2025-04-22,d938289d8k.htm,recent
2025-05-01,144,0001958244-25-003050,,xsl144X01/primary_doc.xml,recent
2025-05-01,144,0001959173-25-002803,,xsl144X01/primary_doc.xml,recent
2025-05-02,144,0001957799-25-000075,,xsl144X01/primary_doc.xml,recent
2025-05-05,4,0001225208-25-004764,2025-05-02,xslF345X05/doc4.xml,recent
2025-05-05,4,0001225208-25-004763,2025-05-01,xslF345X05/doc4.xml,recent
2025-05-05,4,0001225208-25-004762,2025-05-01,xslF345X05/doc4.xml,recent
2025-05-06,144,0001958244-25-003068,,xsl144X01/primary_doc.xml,recent
2025-05-08,4,0001225208-25-004871,2025-05-06,xslF345X05/doc4.xml,recent
2025-05-13,144,0001949846-25-000205,,xsl144X01/primary_doc.xml,recent
2025-05-15,144,0001959173-25-003227,,xsl144X01/primary_doc.xml,recent
2025-05-15,4,0001225208-25-005180,2025-05-13,xslF345X05/doc4.xml,recent
2025-05-19,4,0001225208-25-005300,2025-05-15,xslF345X05/doc4.xml,recent
2025-05-29,SD,0000012927-25-000038,,a202412dec31formsd.htm,recent
2025-06-04,8-K,0000012927-25-000041,2025-05-29,ba-20250529.htm,recent
2025-06-10,11-K,0000012927-25-000044,2024-12-31,a2024401kretirementplan.htm,recent
2025-07-03,4,0001225208-25-006560,2025-07-01,xslF345X05/doc4.xml,recent
2025-07-03,4,0001225208-25-006561,2025-07-01,xslF345X05/doc4.xml,recent
2025-07-03,4,0001225208-25-006559,2025-07-01,xslF345X05/doc4.xml,recent
2025-07-03,4,0001225208-25-006558,2025-07-01,xslF345X05/doc4.xml,recent
2025-07-03,4,0001225208-25-006557,2025-07-01,xslF345X05/doc4.xml,recent
2025-07-03,4,0001225208-25-006556,2025-07-01,xslF345X05/doc4.xml,recent
2025-07-03,4,0001225208-25-006555,2025-07-01,xslF345X05/doc4.xml,recent
2025-07-03,4,0001225208-25-006554,2025-07-01,xslF345X05/doc4.xml,recent
2025-07-03,4,0001225208-25-006553,2025-07-01,xslF345X05/doc4.xml,recent
2025-07-03,4,0001225208-25-006552,2025-07-01,xslF345X05/doc4.xml,recent
2025-07-03,8-K,0000012927-25-000050,2025-06-27,ba-20250627.htm,recent
2025-07-10,3,0001225208-25-006624,2025-07-01,xslF345X02/doc3.xml,recent
2025-07-29,10-Q,0000012927-25-000062,2025-06-30,ba-20250630.htm,recent
2025-07-29,8-K,0000012927-25-000058,2025-07-29,ba-20250729.htm,recent
2025-07-29,S-8,0001193125-25-168131,,d98664ds8.htm,recent
2025-07-31,4,0001225208-25-006919,2025-07-29,xslF345X05/doc4.xml,recent
2025-07-31,4,0001225208-25-006918,2025-07-29,xslF345X05/doc4.xml,recent
2025-07-31,4,0001225208-25-006917,2025-07-29,xslF345X05/doc4.xml,recent
2025-07-31,4,0001225208-25-006916,2025-07-29,xslF345X05/doc4.xml,recent
2025-07-31,4,0001225208-25-006915,2025-07-29,xslF345X05/doc4.xml,recent
2025-07-31,4,0001225208-25-006914,2025-07-29,xslF345X05/doc4.xml,recent
2025-08-06,SCHEDULE 13G,0000315066-25-001962,,xslSCHEDULE_13G_X01/primary_doc.xml,recent
2025-08-08,144,0001959173-25-005065,,xsl144X01/primary_doc.xml,recent
2025-08-12,4,0001225208-25-007216,2025-08-08,xslF345X05/doc4.xml,recent
2025-08-12,4,0001225208-25-007215,2025-08-08,xslF345X05/doc4.xml,recent
2025-08-13,SCHEDULE 13G/A,0001422848-25-000180,,xslSCHEDULE_13G_X01/primary_doc.xml,recent
2025-08-19,3,0001225208-25-007360,2025-08-15,xslF345X02/doc3.xml,recent
2025-08-19,4,0001225208-25-007361,2025-08-15,xslF345X05/doc4.xml,recent
2025-08-21,4,0001225208-25-007405,2025-08-19,xslF345X05/doc4.xml,recent
2025-08-28,8-K,0000012927-25-000064,2025-08-25,ba-20250825.htm,recent
2025-09-03,4,0001225208-25-007730,2025-08-29,xslF345X05/doc4.xml,recent
2025-10-03,4,0001225208-25-008499,2025-10-01,xslF345X05/doc4.xml,recent
2025-10-03,4,0001225208-25-008498,2025-10-01,xslF345X05/doc4.xml,recent
2025-10-03,4,0001225208-25-008497,2025-10-01,xslF345X05/doc4.xml,recent
2025-10-03,4,0001225208-25-008496,2025-10-01,xslF345X05/doc4.xml,recent
2025-10-03,4,0001225208-25-008495,2025-10-01,xslF345X05/doc4.xml,recent
2025-10-03,4,0001225208-25-008494,2025-10-01,xslF345X05/doc4.xml,recent
2025-10-03,4,0001225208-25-008493,2025-10-01,xslF345X05/doc4.xml,recent
2025-10-03,4,0001225208-25-008492,2025-10-01,xslF345X05/doc4.xml,recent
2025-10-03,4,0001225208-25-008491,2025-10-01,xslF345X05/doc4.xml,recent
2025-10-03,4,0001225208-25-008490,2025-10-01,xslF345X05/doc4.xml,recent
2025-10-29,10-Q,0001628280-25-047023,2025-09-30,ba-20250930.htm,recent
2025-10-29,8-K,0001628280-25-046915,2025-10-29,ba-20251029.htm,recent
2025-11-06,144,0001959173-25-006773,,xsl144X01/primary_doc.xml,recent
2025-11-10,4,0001225208-25-009064,2025-11-06,xslF345X05/doc4.xml,recent
2025-11-25,4,0001225208-25-009455,2025-11-24,xslF345X05/doc4.xml,recent
2025-12-03,4,0001225208-25-009637,2025-12-01,xslF345X05/doc4.xml,recent
2025-12-03,4,0001225208-25-009636,2025-12-01,xslF345X05/doc4.xml,recent
2025-12-03,4,0001225208-25-009635,2025-12-01,xslF345X05/doc4.xml,recent
2025-12-03,4,0001225208-25-009634,2025-12-01,xslF345X05/doc4.xml,recent
2025-12-03,4,0001225208-25-009633,2025-12-01,xslF345X05/doc4.xml,recent
2025-12-03,4,0001225208-25-009632,2025-12-01,xslF345X05/doc4.xml,recent
2025-12-03,8-K,0001628280-25-055122,2025-12-01,ba-20251201.htm,recent
2025-12-08,8-K,0001628280-25-055825,2025-12-08,ba-20251208.htm,recent
2025-12-08,S-8 POS,0001193125-25-311250,,d49435ds8pos.htm,recent
2025-12-12,3,0001225208-25-009924,2025-12-03,xslF345X02/doc3.xml,recent
2026-01-05,4,0001225208-26-000156,2025-12-31,xslF345X05/doc4.xml,recent
2026-01-06,4,0001225208-26-000426,2026-01-02,xslF345X05/doc4.xml,recent
2026-01-06,4,0001225208-26-000425,2026-01-02,xslF345X05/doc4.xml,recent
2026-01-06,4,0001225208-26-000424,2026-01-02,xslF345X05/doc4.xml,recent
2026-01-06,4,0001225208-26-000423,2026-01-02,xslF345X05/doc4.xml,recent
2026-01-06,4,0001225208-26-000422,2026-01-02,xslF345X05/doc4.xml,recent
2026-01-06,4,0001225208-26-000421,2026-01-02,xslF345X05/doc4.xml,recent
2026-01-06,4,0001225208-26-000419,2026-01-02,xslF345X05/doc4.xml,recent
2026-01-06,4,0001225208-26-000418,2026-01-02,xslF345X05/doc4.xml,recent
2026-01-06,4,0001225208-26-000417,2026-01-02,xslF345X05/doc4.xml,recent
2026-01-06,4,0001225208-26-000416,2026-01-02,xslF345X05/doc4.xml,recent
2026-01-06,4,0001225208-26-000415,2026-01-02,xslF345X05/doc4.xml,recent
2026-01-27,8-K,0001628280-26-003518,2026-01-27,ba-20260127.htm,recent
2026-01-30,10-K,0001628280-26-004357,2025-12-31,ba-20251231.htm,recent
2026-01-30,SCHEDULE 13G/A,0000102909-26-000122,,xslSCHEDULE_13G_X01/primary_doc.xml,recent
2026-02-04,144,0001959173-26-000653,,xsl144X01/primary_doc.xml,recent
2026-02-05,144,0001959173-26-000663,,xsl144X01/primary_doc.xml,recent
2026-02-05,4,0001225208-26-001369,2026-02-04,xslF345X05/doc4.xml,recent
2026-02-05,4,0001225208-26-001368,2026-02-05,xslF345X05/doc4.xml,recent
2026-02-05,SCHEDULE 13G/A,0000315066-26-000359,,xslSCHEDULE_13G_X01/primary_doc.xml,recent
2026-02-17,144,0001959173-26-001073,,xsl144X01/primary_doc.xml,recent
2026-02-19,4,0001225208-26-002208,2026-02-17,xslF345X05/doc4.xml,recent
2026-02-19,4,0001225208-26-002207,2026-02-17,xslF345X05/doc4.xml,recent
2026-02-19,4,0001225208-26-002206,2026-02-17,xslF345X05/doc4.xml,recent
2026-02-19,4,0001225208-26-002205,2026-02-17,xslF345X05/doc4.xml,recent
2026-02-19,4,0001225208-26-002204,2026-02-17,xslF345X05/doc4.xml,recent
2026-02-19,4,0001225208-26-002203,2026-02-17,xslF345X05/doc4.xml,recent
2026-02-19,4,0001225208-26-002202,2026-02-17,xslF345X05/doc4.xml,recent
2026-02-19,4,0001225208-26-002201,2026-02-17,xslF345X05/doc4.xml,recent
2026-02-19,4,0001225208-26-002200,2026-02-17,xslF345X05/doc4.xml,recent
2026-02-19,4,0001225208-26-002199,2026-02-17,xslF345X05/doc4.xml,recent
2026-02-19,4,0001225208-26-002198,2026-02-17,xslF345X05/doc4.xml,recent
2026-02-19,4,0001225208-26-002197,2026-02-17,xslF345X05/doc4.xml,recent
2026-02-19,4,0001225208-26-002196,2026-02-17,xslF345X05/doc4.xml,recent
2026-02-23,4,0001225208-26-002433,2026-02-19,xslF345X05/doc4.xml,recent
2026-02-23,4,0001225208-26-002432,2026-02-19,xslF345X05/doc4.xml,recent
2026-02-23,4,0001225208-26-002431,2026-02-19,xslF345X05/doc4.xml,recent
2026-02-23,4,0001225208-26-002430,2026-02-19,xslF345X05/doc4.xml,recent
2026-02-23,4,0001225208-26-002429,2026-02-19,xslF345X05/doc4.xml,recent
2026-02-23,4,0001225208-26-002428,2026-02-19,xslF345X05/doc4.xml,recent
2026-02-23,4,0001225208-26-002427,2026-02-19,xslF345X05/doc4.xml,recent
2026-02-23,4,0001225208-26-002426,2026-02-19,xslF345X05/doc4.xml,recent
2026-02-23,4,0001225208-26-002425,2026-02-19,xslF345X05/doc4.xml,recent
2026-02-23,4,0001225208-26-002424,2026-02-19,xslF345X05/doc4.xml,recent
2026-02-24,144,0001959173-26-001440,,xsl144X01/primary_doc.xml,recent
2026-02-26,4,0001225208-26-002710,2026-02-24,xslF345X05/doc4.xml,recent
2026-02-26,4,0001225208-26-002709,2026-02-24,xslF345X05/doc4.xml,recent
2026-03-05,4,0001225208-26-003296,2026-03-03,xslF345X05/doc4.xml,recent
2026-03-06,ARS,0001193125-26-096681,2025-12-31,d23314dars.pdf,recent
2026-03-06,DEF 14A,0001193125-26-096787,2026-04-17,d39411ddef14a.htm,recent
2026-03-06,DEFA14A,0001193125-26-096842,,d15630ddefa14a.htm,recent
2026-03-06,DEFA14A,0001193125-26-096837,,d59456ddefa14a.htm,recent
2026-03-26,SCHEDULE 13G/A,0000102909-26-000812,,xslSCHEDULE_13G_X02/primary_doc.xml,recent
2026-03-30,DEFA14A,0001193125-26-130412,,d121838ddefa14a.htm,recent
2026-04-03,4,0001225208-26-004386,2026-04-01,xslF345X06/doc4.xml,recent
2026-04-03,4,0001225208-26-004385,2026-04-01,xslF345X06/doc4.xml,recent
2026-04-03,4,0001225208-26-004384,2026-04-01,xslF345X06/doc4.xml,recent
2026-04-03,4,0001225208-26-004383,2026-04-01,xslF345X06/doc4.xml,recent
2026-04-03,4,0001225208-26-004382,2026-04-01,xslF345X06/doc4.xml,recent
2026-04-03,4,0001225208-26-004381,2026-04-01,xslF345X06/doc4.xml,recent
2026-04-03,4,0001225208-26-004380,2026-04-01,xslF345X06/doc4.xml,recent
2026-04-03,4,0001225208-26-004379,2026-04-01,xslF345X06/doc4.xml,recent
2026-04-03,4,0001225208-26-004378,2026-04-01,xslF345X06/doc4.xml,recent
2026-04-03,4,0001225208-26-004377,2026-04-01,xslF345X06/doc4.xml,recent
2026-04-03,4,0001225208-26-004376,2026-04-01,xslF345X06/doc4.xml,recent
2026-04-17,8-K,0001628280-26-025684,2026-04-17,ba-20260417.htm,recent
2026-04-22,10-Q,0001628280-26-026458,2026-03-31,ba-20260331.htm,recent
2026-04-22,8-K,0001628280-26-026391,2026-04-22,ba-20260422.htm,recent
2026-04-29,SCHEDULE 13G,0002100119-26-000249,,xslSCHEDULE_13G_X02/primary_doc.xml,recent
2026-05-14,SCHEDULE 13G,0001422849-26-000086,,xslSCHEDULE_13G_X02/primary_doc.xml,recent
2026-05-22,4,0001225208-26-005552,2026-05-20,xslF345X06/doc4.xml,recent
2026-05-26,SD,0001628280-26-037943,,a202512dec31formsd.htm,recent
2026-06-16,11-K,0001628280-26-043510,2025-12-31,ba-20260616.htm,recent
2026-06-26,3,0001225208-26-006200,2026-06-23,xslF345X06/doc3.xml,recent
2026-07-06,4,0001225208-26-006514,2026-07-01,xslF345X06/doc4.xml,recent
2026-07-06,4,0001225208-26-006513,2026-07-01,xslF345X06/doc4.xml,recent
2026-07-06,4,0001225208-26-006512,2026-07-01,xslF345X06/doc4.xml,recent
2026-07-06,4,0001225208-26-006511,2026-07-01,xslF345X06/doc4.xml,recent
2026-07-06,4,0001225208-26-006510,2026-07-01,xslF345X06/doc4.xml,recent
2026-07-06,4,0001225208-26-006509,2026-07-01,xslF345X06/doc4.xml,recent
2026-07-06,4,0001225208-26-006508,2026-07-01,xslF345X06/doc4.xml,recent
2026-07-06,4,0001225208-26-006507,2026-07-01,xslF345X06/doc4.xml,recent
2026-07-06,4,0001225208-26-006506,2026-07-01,xslF345X06/doc4.xml,recent
2026-07-06,4,0001225208-26-006505,2026-07-01,xslF345X06/doc4.xml,recent
2026-07-06,4,0001225208-26-006504,2026-07-01,xslF345X06/doc4.xml,recent
2026-07-28,10-Q,0001628280-26-050038,2026-06-30,ba-20260630.htm,recent
2026-07-28,8-K,0001628280-26-049929,2026-07-28,ba-20260728.htm,recent
2026-08-12,4,0001225208-26-007098,2026-08-10,xslF345X06/doc4.xml,recent
2026-08-18,4,0001225208-26-007192,2026-08-14,xslF345X06/doc4.xml,recent
2026-08-19,4,0001225208-26-007209,2026-08-17,xslF345X06/doc4.xml,recent
2026-08-21,8-K,0001628280-26-058481,2026-08-19,ba-20260819.htm,recent
2026-08-28,8-K,0001628280-26-059427,2026-08-24,ba-20260824.htm,recent
2026-09-01,4,0001225208-26-007500,2026-08-28,xslF345X06/doc4.xml,recent
