filingDate,form,accession,reportDate,primaryDocument,source
2009-07-16,8-K,0001193125-09-150199,2009-07-10,d8k.htm,CIK0001467858-submissions-001.json
2009-07-22,8-K,0001193125-09-153153,2009-07-22,d8k.htm,CIK0001467858-submissions-001.json
2009-07-23,8-K,0001193125-09-153835,2009-07-20,d8k.htm,CIK0001467858-submissions-001.json
2009-07-30,8-K,0001193125-09-159700,2009-07-26,d8k.htm,CIK0001467858-submissions-001.json
2009-08-04,8-K,0001193125-09-163777,2009-08-03,d8k.htm,CIK0001467858-submissions-001.json
2009-08-07,8-K,0001193125-09-169233,2009-08-07,d8k.htm,CIK0001467858-submissions-001.json
2009-08-14,8-K,0001193125-09-175460,2009-08-10,d8k.htm,CIK0001467858-submissions-001.json
2009-08-18,8-K,0001193125-09-177446,2009-08-12,d8k.htm,CIK0001467858-submissions-001.json
2009-08-21,8-K,0001193125-09-179794,2009-08-14,d8k.htm,CIK0001467858-submissions-001.json
2009-09-03,8-K,0001193125-09-186630,2009-09-01,d8k.htm,CIK0001467858-submissions-001.json
2009-09-17,8-K,0001193125-09-192962,2009-09-10,d8k.htm,CIK0001467858-submissions-001.json
2009-09-25,8-K,0001193125-09-198053,2009-09-16,d8k.htm,CIK0001467858-submissions-001.json
2009-09-25,SC 13G,0001193125-09-198057,,dsc13g.htm,CIK0001467858-submissions-001.json
2009-10-06,8-K,0001193125-09-204015,2009-10-01,d8k.htm,CIK0001467858-submissions-001.json
2009-10-09,8-K,0001193125-09-206197,2009-10-06,d8k.htm,CIK0001467858-submissions-001.json
2009-10-23,8-K,0001193125-09-212823,2009-10-19,d8k.htm,CIK0001467858-submissions-001.json
2009-11-02,8-K,0001193125-09-220534,2009-09-02,d8k.htm,CIK0001467858-submissions-001.json
2009-11-09,8-K,0001193125-09-229581,2009-11-03,d8k.htm,CIK0001467858-submissions-001.json
2009-11-09,8-K,0001193125-09-229564,2009-11-03,d8k.htm,CIK0001467858-submissions-001.json
2009-11-16,8-K,0001193125-09-235641,2009-11-16,d8k.htm,CIK0001467858-submissions-001.json
2009-11-19,8-K,0001193125-09-238453,2009-11-16,d8k.htm,CIK0001467858-submissions-001.json
2009-12-02,8-K,0001193125-09-246025,2009-12-01,d8k.htm,CIK0001467858-submissions-001.json
2009-12-02,8-K,0001193125-09-245669,2009-11-24,d8k.htm,CIK0001467858-submissions-001.json
2009-12-07,8-K,0001193125-09-248377,2009-12-01,d8k.htm,CIK0001467858-submissions-001.json
2009-12-23,8-K,0001193125-09-259157,2009-12-18,d8k.htm,CIK0001467858-submissions-001.json
2010-01-07,8-K,0001193125-10-002538,2010-01-05,d8k.htm,CIK0001467858-submissions-001.json
2010-01-15,8-K,0001193125-10-006917,2010-01-04,d8k.htm,CIK0001467858-submissions-001.json
2010-02-03,8-K,0001193125-10-020872,2010-02-02,d8k.htm,CIK0001467858-submissions-001.json
2010-02-03,8-K,0001193125-10-020866,2010-01-26,d8k.htm,CIK0001467858-submissions-001.json
2010-02-19,8-K,0001193125-10-035223,2010-02-17,d8k.htm,CIK0001467858-submissions-001.json
2010-02-25,8-K,0001193125-10-039931,2010-02-22,d8k.htm,CIK0001467858-submissions-001.json
2010-03-05,8-K,0001193125-10-048959,2010-02-23,d8k.htm,CIK0001467858-submissions-001.json
2010-03-05,8-K,0001193125-10-048955,2010-03-02,d8k.htm,CIK0001467858-submissions-001.json
2010-03-29,NT 10-K,0001193125-10-069519,2009-12-31,dnt10k.htm,CIK0001467858-submissions-001.json
2010-04-06,8-K,0001193125-10-077199,2010-04-01,d8k.htm,CIK0001467858-submissions-001.json
2010-04-07,10-12G,0001193125-10-078147,,d1012g.htm,CIK0001467858-submissions-001.json
2010-04-07,10-K,0001193125-10-078119,2009-12-31,d10k.htm,CIK0001467858-submissions-001.json
2010-04-07,10-Q,0001193125-10-078123,2009-09-30,d10q.htm,CIK0001467858-submissions-001.json
2010-04-09,8-K,0001193125-10-080201,2010-04-07,d8k.htm,CIK0001467858-submissions-001.json
2010-04-19,8-K,0001193125-10-086308,2010-04-13,d8k.htm,CIK0001467858-submissions-001.json
2010-04-22,8-K,0001193125-10-089685,2010-04-20,d8k.htm,CIK0001467858-submissions-001.json
2010-04-30,8-K,0001193125-10-100767,2010-04-26,d8k.htm,CIK0001467858-submissions-001.json
2010-04-30,UPLOAD,0000000000-10-023891,,filename1.pdf,CIK0001467858-submissions-001.json
2010-05-06,8-K,0001193125-10-110271,2010-05-03,d8k.htm,CIK0001467858-submissions-001.json
2010-05-17,10-12G/A,0001193125-10-121894,,d1012ga.htm,CIK0001467858-submissions-001.json
2010-05-17,10-Q,0001193125-10-121463,2010-03-31,d10q.htm,CIK0001467858-submissions-001.json
2010-05-20,8-K,0001193125-10-124934,2010-05-17,d8k.htm,CIK0001467858-submissions-001.json
2010-05-26,CORRESP,0001193125-10-129186,,filename1.htm,CIK0001467858-submissions-001.json
2010-06-04,8-K,0001193125-10-132720,2010-06-02,d8k.htm,CIK0001467858-submissions-001.json
2010-06-04,UPLOAD,0000000000-10-031283,,filename1.pdf,CIK0001467858-submissions-001.json
2010-06-07,3,0000909518-10-000393,2010-06-07,xslF345X02/mlc-gmc_form3ex.xml,CIK0001467858-submissions-001.json
2010-06-07,3,0001127602-10-016588,2010-06-07,xslF345X02/form3.xml,CIK0001467858-submissions-001.json
2010-06-07,3,0000950142-10-000988,2010-06-07,xslF345X02/form3_canadagen060710ex.xml,CIK0001467858-submissions-001.json
2010-06-07,3,0001127602-10-016587,2010-06-07,xslF345X02/form3.xml,CIK0001467858-submissions-001.json
2010-06-07,3,0001127602-10-016586,2010-06-07,xslF345X02/form3.xml,CIK0001467858-submissions-001.json
2010-06-07,3,0001127602-10-016585,2010-06-07,xslF345X02/form3.xml,CIK0001467858-submissions-001.json
2010-06-07,3,0001127602-10-016584,2010-06-07,xslF345X02/form3.xml,CIK0001467858-submissions-001.json
2010-06-07,3,0001127602-10-016583,2010-06-07,xslF345X02/form3.xml,CIK0001467858-submissions-001.json
2010-06-07,3,0001127602-10-016582,2010-06-07,xslF345X02/form3.xml,CIK0001467858-submissions-001.json
2010-06-07,3,0001127602-10-016579,2010-06-07,xslF345X02/form3.xml,CIK0001467858-submissions-001.json
2010-06-07,3,0001127602-10-016577,2010-06-07,xslF345X02/form3.xml,CIK0001467858-submissions-001.json
2010-06-07,3,0001127602-10-016576,2010-06-07,xslF345X02/form3.xml,CIK0001467858-submissions-001.json
2010-06-07,3,0001127602-10-016575,2010-06-07,xslF345X02/form3.xml,CIK0001467858-submissions-001.json
2010-06-07,3,0001127602-10-016574,2010-06-07,xslF345X02/form3.xml,CIK0001467858-submissions-001.json
2010-06-07,3,0001127602-10-016573,2010-06-07,xslF345X02/form3.xml,CIK0001467858-submissions-001.json
2010-06-07,3,0001127602-10-016572,2010-06-07,xslF345X02/form3.xml,CIK0001467858-submissions-001.json
2010-06-07,3,0001127602-10-016571,2010-06-07,xslF345X02/form3.xml,CIK0001467858-submissions-001.json
2010-06-07,3,0001127602-10-016570,2010-06-07,xslF345X02/form3.xml,CIK0001467858-submissions-001.json
2010-06-07,3,0001127602-10-016569,2010-06-07,xslF345X02/form3.xml,CIK0001467858-submissions-001.json
2010-06-07,3,0001127602-10-016568,2010-06-07,xslF345X02/form3.xml,CIK0001467858-submissions-001.json
2010-06-07,3,0001127602-10-016567,2010-06-07,xslF345X02/form3.xml,CIK0001467858-submissions-001.json
2010-06-07,3,0001127602-10-016566,2010-06-07,xslF345X02/form3.xml,CIK0001467858-submissions-001.json
2010-06-07,3,0001127602-10-016565,2010-06-07,xslF345X02/form3.xml,CIK0001467858-submissions-001.json
2010-06-07,3,0001127602-10-016564,2010-06-07,xslF345X02/form3.xml,CIK0001467858-submissions-001.json
2010-06-07,3,0001127602-10-016561,2010-06-07,xslF345X02/form3.xml,CIK0001467858-submissions-001.json
2010-06-07,3,0001127602-10-016558,2010-06-07,xslF345X02/form3.xml,CIK0001467858-submissions-001.json
2010-06-07,3,0001140361-10-024426,2010-06-07,xslF345X02/doc1.xml,CIK0001467858-submissions-001.json
2010-07-02,3,0001127602-10-018306,2010-07-01,xslF345X02/form3.xml,CIK0001467858-submissions-001.json
2010-07-02,4,0001127602-10-018384,2010-03-15,xslF345X03/form4.xml,CIK0001467858-submissions-001.json
2010-07-02,4,0001127602-10-018382,2010-03-31,xslF345X03/form4.xml,CIK0001467858-submissions-001.json
2010-07-02,4,0001127602-10-018381,2010-03-15,xslF345X03/form4.xml,CIK0001467858-submissions-001.json
2010-07-02,4,0001127602-10-018379,2010-03-15,xslF345X03/form4.xml,CIK0001467858-submissions-001.json
2010-07-02,4,0001127602-10-018374,2010-03-15,xslF345X03/form4.xml,CIK0001467858-submissions-001.json
2010-07-02,4,0001127602-10-018370,2010-03-15,xslF345X03/form4.xml,CIK0001467858-submissions-001.json
2010-07-02,4,0001127602-10-018366,2010-03-31,xslF345X03/form4.xml,CIK0001467858-submissions-001.json
2010-07-02,4,0001127602-10-018358,2010-03-15,xslF345X03/form4.xml,CIK0001467858-submissions-001.json
2010-07-02,4,0001127602-10-018354,2010-03-15,xslF345X03/form4.xml,CIK0001467858-submissions-001.json
2010-07-02,4,0001127602-10-018353,2010-03-31,xslF345X03/form4.xml,CIK0001467858-submissions-001.json
2010-07-02,4,0001127602-10-018352,2010-03-31,xslF345X03/form4.xml,CIK0001467858-submissions-001.json
2010-07-02,4,0001127602-10-018316,2010-03-31,xslF345X03/form4.xml,CIK0001467858-submissions-001.json
2010-07-02,4,0001127602-10-018312,2010-03-15,xslF345X03/form4.xml,CIK0001467858-submissions-001.json
2010-07-02,4,0001127602-10-018301,2010-06-30,xslF345X03/form4.xml,CIK0001467858-submissions-001.json
2010-07-02,8-K,0001193125-10-153311,2010-07-01,d8k.htm,CIK0001467858-submissions-001.json
2010-07-07,8-K,0001193125-10-154925,2010-06-29,d8k.htm,CIK0001467858-submissions-001.json
2010-07-23,8-K,0001193125-10-164985,2010-07-21,d8k.htm,CIK0001467858-submissions-001.json
2010-07-23,DEFA14A,0001193125-10-164986,,d8k.htm,CIK0001467858-submissions-001.json
2010-08-02,3,0001209191-10-040418,2010-07-21,xslF345X02/c04121_3x1.xml,CIK0001467858-submissions-001.json
2010-08-02,SC 13D,0000950123-10-071043,,c04120sc13d.htm,CIK0001467858-submissions-001.json
2010-08-04,8-K,0001193125-10-177089,2010-08-03,d8k.htm,CIK0001467858-submissions-001.json
2010-08-09,8-K,0001193125-10-183265,2010-08-03,d8k.htm,CIK0001467858-submissions-001.json
2010-08-16,10-Q,0001193125-10-189968,2010-06-30,d10q.htm,CIK0001467858-submissions-001.json
2010-08-17,8-K,0001193125-10-191059,2010-08-12,d8k.htm,CIK0001467858-submissions-001.json
2010-08-18,S-1,0001193125-10-192195,,ds1.htm,CIK0001467858-submissions-001.json
2010-09-02,8-K,0001193125-10-203702,2010-09-01,d8k.htm,CIK0001467858-submissions-001.json
2010-09-10,8-K,0001193125-10-208004,2010-09-08,d8k.htm,CIK0001467858-submissions-001.json
2010-09-10,UPLOAD,0000000000-10-052990,,filename1.pdf,CIK0001467858-submissions-001.json
2010-09-23,CORRESP,0001193125-10-215195,,filename1.htm,CIK0001467858-submissions-001.json
2010-09-23,S-1/A,0001193125-10-215159,,ds1a.htm,CIK0001467858-submissions-001.json
2010-10-01,8-K,0001193125-10-221567,2010-10-01,d8k.htm,CIK0001467858-submissions-001.json
2010-10-01,UPLOAD,0000000000-10-058271,,filename1.pdf,CIK0001467858-submissions-001.json
2010-10-04,4,0001127602-10-024532,2010-09-30,xslF345X03/form4.xml,CIK0001467858-submissions-001.json
2010-10-04,4,0001127602-10-024525,2010-09-30,xslF345X03/form4.xml,CIK0001467858-submissions-001.json
2010-10-04,4,0001127602-10-024520,2010-09-30,xslF345X03/form4.xml,CIK0001467858-submissions-001.json
2010-10-04,4,0001127602-10-024516,2010-09-30,xslF345X03/form4.xml,CIK0001467858-submissions-001.json
2010-10-04,4,0001127602-10-024515,2010-09-30,xslF345X03/form4.xml,CIK0001467858-submissions-001.json
2010-10-04,4,0001127602-10-024513,2010-09-30,xslF345X03/form4.xml,CIK0001467858-submissions-001.json
2010-10-04,4,0001127602-10-024512,2010-09-30,xslF345X03/form4.xml,CIK0001467858-submissions-001.json
2010-10-04,4,0001127602-10-024511,2010-09-30,xslF345X03/form4.xml,CIK0001467858-submissions-001.json
2010-10-04,4,0001127602-10-024510,2010-09-30,xslF345X03/form4.xml,CIK0001467858-submissions-001.json
2010-10-04,4,0001127602-10-024509,2010-09-30,xslF345X03/form4.xml,CIK0001467858-submissions-001.json
2010-10-04,4,0001127602-10-024507,2010-09-30,xslF345X03/form4.xml,CIK0001467858-submissions-001.json
2010-10-04,4,0001127602-10-024506,2010-09-30,xslF345X03/form4.xml,CIK0001467858-submissions-001.json
2010-10-04,4,0001127602-10-024504,2010-09-30,xslF345X03/form4.xml,CIK0001467858-submissions-001.json
2010-10-04,4,0001127602-10-024503,2010-09-30,xslF345X03/form4.xml,CIK0001467858-submissions-001.json
2010-10-04,4,0001127602-10-024502,2010-09-30,xslF345X03/form4.xml,CIK0001467858-submissions-001.json
2010-10-04,4,0001127602-10-024501,2010-09-30,xslF345X03/form4.xml,CIK0001467858-submissions-001.json
2010-10-04,4,0001127602-10-024500,2010-09-30,xslF345X03/form4.xml,CIK0001467858-submissions-001.json
2010-10-04,4,0001127602-10-024499,2010-09-30,xslF345X03/form4.xml,CIK0001467858-submissions-001.json
2010-10-04,4,0001127602-10-024498,2010-09-30,xslF345X03/form4.xml,CIK0001467858-submissions-001.json
2010-10-04,4,0001127602-10-024497,2010-09-30,xslF345X03/form4.xml,CIK0001467858-submissions-001.json
2010-10-04,8-K,0001193125-10-222883,2010-10-01,d8k.htm,CIK0001467858-submissions-001.json
2010-10-06,8-K,0001193125-10-224582,2010-09-30,d8k.htm,CIK0001467858-submissions-001.json
2010-10-08,8-K,0001193125-10-226642,2010-10-05,d8k.htm,CIK0001467858-submissions-001.json
2010-10-14,S-1/A,0001193125-10-229231,,ds1a.htm,CIK0001467858-submissions-001.json
2010-10-15,FWP,0001193125-10-230310,,dfwp.htm,CIK0001467858-submissions-001.json
2010-10-21,UPLOAD,0000000000-10-062084,,filename1.pdf,CIK0001467858-submissions-001.json
2010-10-25,S-1/A,0001193125-10-235523,,ds1a.htm,CIK0001467858-submissions-001.json
2010-10-28,8-K,0001193125-10-239776,2010-10-26,d8k.htm,CIK0001467858-submissions-001.json
2010-10-29,S-1/A,0001193125-10-240253,,ds1a.htm,CIK0001467858-submissions-001.json
2010-10-29,UPLOAD,0000000000-10-064213,,filename1.pdf,CIK0001467858-submissions-001.json
2010-11-02,UPLOAD,0000000000-10-064908,,filename1.pdf,CIK0001467858-submissions-001.json
2010-11-03,8-K,0001193125-10-246013,2010-11-01,d8k.htm,CIK0001467858-submissions-001.json
2010-11-03,S-1/A,0001193125-10-246019,,ds1a.htm,CIK0001467858-submissions-001.json
2010-11-05,8-K,0001193125-10-249910,2010-11-03,d8k.htm,CIK0001467858-submissions-001.json
2010-11-05,8-K,0001193125-10-249908,2010-11-03,d8k.htm,CIK0001467858-submissions-001.json
2010-11-10,10-Q,0001193125-10-255233,2010-09-30,d10q.htm,CIK0001467858-submissions-001.json
2010-11-10,8-A12B,0001193125-10-255289,,d8a12b.htm,CIK0001467858-submissions-001.json
2010-11-10,8-K,0001193125-10-255205,2010-11-10,d8k.htm,CIK0001467858-submissions-001.json
2010-11-10,FWP,0001193125-10-255264,,dfwp.htm,CIK0001467858-submissions-001.json
2010-11-10,S-1/A,0001193125-10-255258,,ds1a.htm,CIK0001467858-submissions-001.json
2010-11-12,8-K,0001193125-10-258222,2010-11-10,d8k.htm,CIK0001467858-submissions-001.json
2010-11-12,S-1/A,0001193125-10-258682,,ds1a.htm,CIK0001467858-submissions-001.json
2010-11-15,CORRESP,0001193125-10-260644,,filename1.htm,CIK0001467858-submissions-001.json
2010-11-15,CORRESP,0001193125-10-260628,,filename1.htm,CIK0001467858-submissions-001.json
2010-11-16,8-K/A,0001193125-10-261757,2010-11-16,d8ka.htm,CIK0001467858-submissions-001.json
2010-11-16,8-K/A,0001193125-10-261749,2010-11-16,d8ka.htm,CIK0001467858-submissions-001.json
2010-11-16,CERTNYS,9999999997-10-019641,,9999999997-10-019641.paper,CIK0001467858-submissions-001.json
2010-11-16,S-1/A,0001193125-10-261467,,ds1a.htm,CIK0001467858-submissions-001.json
2010-11-17,CT ORDER,9999999997-10-019654,,filename1.pdf,CIK0001467858-submissions-001.json
2010-11-17,CT ORDER,9999999997-10-019653,,filename1.pdf,CIK0001467858-submissions-001.json
2010-11-17,EFFECT,9999999995-10-003286,,xslEFFECTX01/primary_doc.xml,CIK0001467858-submissions-001.json
2010-11-17,S-1/A,0001193125-10-262471,,ds1a.htm,CIK0001467858-submissions-001.json
2010-11-17,S-1MEF,0001193125-10-263300,,ds1mef.htm,CIK0001467858-submissions-001.json
2010-11-18,424B1,0001193125-10-263635,,d424b1.htm,CIK0001467858-submissions-001.json
2010-11-18,424B1,0001193125-10-263484,,d424b1.htm,CIK0001467858-submissions-001.json
2010-11-18,CT ORDER,9999999997-10-019676,,filename1.pdf,CIK0001467858-submissions-001.json
2010-11-18,FWP,0001193125-10-263637,,dfwp.htm,CIK0001467858-submissions-001.json
2010-11-24,4,0000950142-10-001737,2010-11-23,xslF345X03/form4_gmc-112310ex.xml,CIK0001467858-submissions-001.json
2010-11-24,4,0001140361-10-047116,2010-11-23,xslF345X03/doc1.xml,CIK0001467858-submissions-001.json
2010-11-24,4,0001127602-10-028852,2010-11-23,xslF345X03/form4.xml,CIK0001467858-submissions-001.json
2010-11-24,4,0001127602-10-028850,2010-11-23,xslF345X03/form4.xml,CIK0001467858-submissions-001.json
2010-11-24,4,0001127602-10-028849,2010-11-23,xslF345X03/form4.xml,CIK0001467858-submissions-001.json
2010-11-24,4,0001127602-10-028848,2010-11-23,xslF345X03/form4.xml,CIK0001467858-submissions-001.json
2010-11-24,4,0001127602-10-028847,2010-11-23,xslF345X03/form4.xml,CIK0001467858-submissions-001.json
2010-11-24,4,0001127602-10-028846,2010-11-23,xslF345X03/form4.xml,CIK0001467858-submissions-001.json
2010-11-24,4,0001127602-10-028845,2010-11-23,xslF345X03/form4.xml,CIK0001467858-submissions-001.json
2010-11-24,4,0001127602-10-028844,2010-11-23,xslF345X03/form4.xml,CIK0001467858-submissions-001.json
2010-11-24,4,0001127602-10-028843,2010-11-23,xslF345X03/form4.xml,CIK0001467858-submissions-001.json
2010-11-24,4,0001127602-10-028841,2010-11-23,xslF345X03/form4.xml,CIK0001467858-submissions-001.json
2010-11-24,4,0001127602-10-028839,2010-11-23,xslF345X03/form4.xml,CIK0001467858-submissions-001.json
2010-11-24,4,0001127602-10-028838,2010-11-23,xslF345X03/form4.xml,CIK0001467858-submissions-001.json
2010-11-24,4,0001127602-10-028835,2010-11-23,xslF345X03/form4.xml,CIK0001467858-submissions-001.json
2010-11-24,4,0001127602-10-028834,2010-11-23,xslF345X03/form4.xml,CIK0001467858-submissions-001.json
2010-11-24,4,0001127602-10-028833,2010-11-23,xslF345X03/form4.xml,CIK0001467858-submissions-001.json
2010-11-24,4,0001127602-10-028832,2010-11-23,xslF345X03/form4.xml,CIK0001467858-submissions-001.json
2010-11-24,4,0001127602-10-028831,2010-11-23,xslF345X03/form4.xml,CIK0001467858-submissions-001.json
2010-11-29,4,0001127602-10-029000,2010-11-24,xslF345X03/form4.xml,CIK0001467858-submissions-001.json
2010-12-01,4,0001127602-10-029143,2010-11-29,xslF345X03/form4.xml,CIK0001467858-submissions-001.json
2010-12-01,8-K,0001193125-10-272319,2010-12-01,d8k.htm,CIK0001467858-submissions-001.json
2010-12-03,4,0001140361-10-048029,2010-12-02,xslF345X03/doc1.xml,CIK0001467858-submissions-001.json
2010-12-03,4,0000950142-10-001778,2010-12-02,xslF345X03/form4_gmc-120210ex.xml,CIK0001467858-submissions-001.json
2010-12-13,8-K,0001193125-10-279214,2010-12-07,d8k.htm,CIK0001467858-submissions-001.json
2011-01-04,4,0001127602-11-000614,2010-12-31,xslF345X03/form4.xml,CIK0001467858-submissions-001.json
2011-01-04,4,0001127602-11-000611,2010-12-31,xslF345X03/form4.xml,CIK0001467858-submissions-001.json
2011-01-04,4,0001127602-11-000608,2010-12-31,xslF345X03/form4.xml,CIK0001467858-submissions-001.json
2011-01-04,4,0001127602-11-000604,2010-12-31,xslF345X03/form4.xml,CIK0001467858-submissions-001.json
2011-01-04,4,0001127602-11-000494,2010-12-31,xslF345X03/form4.xml,CIK0001467858-submissions-001.json
2011-01-04,4,0001127602-11-000492,2010-12-31,xslF345X03/form4.xml,CIK0001467858-submissions-001.json
2011-01-04,4,0001127602-11-000490,2010-12-31,xslF345X03/form4.xml,CIK0001467858-submissions-001.json
2011-01-04,4,0001127602-11-000487,2010-12-31,xslF345X03/form4.xml,CIK0001467858-submissions-001.json
2011-01-04,4,0001127602-11-000483,2010-12-31,xslF345X03/form4.xml,CIK0001467858-submissions-001.json
2011-01-04,4,0001127602-11-000473,2010-12-31,xslF345X03/form4.xml,CIK0001467858-submissions-001.json
2011-01-04,4,0001127602-11-000467,2010-12-31,xslF345X03/form4.xml,CIK0001467858-submissions-001.json
2011-01-04,4,0001127602-11-000462,2010-12-31,xslF345X03/form4.xml,CIK0001467858-submissions-001.json
2011-01-04,4,0001127602-11-000459,2010-12-31,xslF345X03/form4.xml,CIK0001467858-submissions-001.json
2011-01-04,4,0001127602-11-000458,2010-12-31,xslF345X03/form4.xml,CIK0001467858-submissions-001.json
2011-01-06,8-K,0001193125-11-002770,2010-12-31,d8k.htm,CIK0001467858-submissions-001.json
2011-01-12,8-K,0001193125-11-006770,2011-01-04,d8k.htm,CIK0001467858-submissions-001.json
2011-01-12,8-K,0001193125-11-006479,2011-01-11,d8k.htm,CIK0001467858-submissions-001.json
2011-01-19,4,0001127602-11-001853,2011-01-17,xslF345X03/form4.xml,CIK0001467858-submissions-001.json
2011-01-20,8-K,0001193125-11-011125,2011-01-13,d8k.htm,CIK0001467858-submissions-001.json
2011-01-27,8-K,0001193125-11-015915,2011-01-24,d8k.htm,CIK0001467858-submissions-001.json
2011-02-01,3,0001127602-11-003242,2011-02-01,xslF345X02/form3.xml,CIK0001467858-submissions-001.json
2011-02-03,8-K,0001193125-11-022776,2011-02-01,d8k.htm,CIK0001467858-submissions-001.json
2011-02-11,SC 13G,0000950142-11-000289,,sc13g_gmc.htm,CIK0001467858-submissions-001.json
2011-02-14,4,0001127602-11-005306,2011-02-10,xslF345X03/form4.xml,CIK0001467858-submissions-001.json
2011-02-14,4,0001127602-11-005303,2011-02-10,xslF345X03/form4.xml,CIK0001467858-submissions-001.json
2011-02-14,4,0001127602-11-005299,2011-02-10,xslF345X03/form4.xml,CIK0001467858-submissions-001.json
2011-02-14,4,0001127602-11-005293,2011-02-10,xslF345X03/form4.xml,CIK0001467858-submissions-001.json
2011-02-14,4,0001127602-11-005289,2011-02-10,xslF345X03/form4.xml,CIK0001467858-submissions-001.json
2011-02-14,4,0001127602-11-005283,2011-02-10,xslF345X03/form4.xml,CIK0001467858-submissions-001.json
2011-02-14,4,0001127602-11-005281,2011-02-10,xslF345X03/form4.xml,CIK0001467858-submissions-001.json
2011-02-14,4,0001127602-11-005279,2011-02-10,xslF345X03/form4.xml,CIK0001467858-submissions-001.json
2011-02-14,4,0001127602-11-005277,2011-02-10,xslF345X03/form4.xml,CIK0001467858-submissions-001.json
2011-02-14,4,0001127602-11-005274,2011-02-10,xslF345X03/form4.xml,CIK0001467858-submissions-001.json
2011-02-14,4,0001127602-11-005271,2011-02-10,xslF345X03/form4.xml,CIK0001467858-submissions-001.json
2011-02-14,4,0001127602-11-005269,2011-02-10,xslF345X03/form4.xml,CIK0001467858-submissions-001.json
2011-02-14,SC 13G,0000903423-11-000085,,uawgeneral-13g_0211.htm,CIK0001467858-submissions-001.json
2011-02-16,4/A,0001127602-11-005813,2010-09-30,xslF345X03/form4a.xml,CIK0001467858-submissions-001.json
2011-02-25,8-K,0001193125-11-047621,2011-02-24,d8k.htm,CIK0001467858-submissions-001.json
2011-03-01,10-K,0001193125-11-051462,2010-12-31,d10k.htm,CIK0001467858-submissions-001.json
2011-03-03,8-K,0001193125-11-054927,2011-03-01,d8k.htm,CIK0001467858-submissions-001.json
2011-03-07,4/A,0001127602-11-009108,2010-11-23,xslF345X03/form4a.xml,CIK0001467858-submissions-001.json
2011-03-08,4,0001127602-11-009405,2011-03-07,xslF345X03/form4.xml,CIK0001467858-submissions-001.json
2011-03-08,4,0001127602-11-009371,2011-03-04,xslF345X03/form4.xml,CIK0001467858-submissions-001.json
2011-03-08,4/A,0001127602-11-009368,2010-11-23,xslF345X03/form4a.xml,CIK0001467858-submissions-001.json
2011-03-11,4,0001127602-11-009995,2011-03-11,xslF345X03/form4.xml,CIK0001467858-submissions-001.json
2011-03-11,4,0001127602-11-009958,2011-03-10,xslF345X03/form4.xml,CIK0001467858-submissions-001.json
2011-03-11,8-K,0001193125-11-064092,2011-03-07,d8k.htm,CIK0001467858-submissions-001.json
2011-03-17,SC 13G,0000909518-11-000126,,mv3-17_13g.htm,CIK0001467858-submissions-001.json
2011-03-21,8-K,0001193125-11-072497,2011-03-15,d8k.htm,CIK0001467858-submissions-001.json
2011-03-24,8-K,0001193125-11-076621,2011-03-18,d8k.htm,CIK0001467858-submissions-001.json
2011-04-04,4,0001127602-11-011972,2011-03-31,xslF345X03/form4.xml,CIK0001467858-submissions-001.json
2011-04-04,4,0001127602-11-011971,2011-03-31,xslF345X03/form4.xml,CIK0001467858-submissions-001.json
2011-04-04,4,0001127602-11-011969,2011-03-31,xslF345X03/form4.xml,CIK0001467858-submissions-001.json
2011-04-04,4,0001127602-11-011967,2011-03-31,xslF345X03/form4.xml,CIK0001467858-submissions-001.json
2011-04-04,4,0001127602-11-011965,2011-03-31,xslF345X03/form4.xml,CIK0001467858-submissions-001.json
2011-04-04,4,0001127602-11-011964,2011-03-31,xslF345X03/form4.xml,CIK0001467858-submissions-001.json
2011-04-04,4,0001127602-11-011960,2011-03-31,xslF345X03/form4.xml,CIK0001467858-submissions-001.json
2011-04-04,4,0001127602-11-011957,2011-03-31,xslF345X03/form4.xml,CIK0001467858-submissions-001.json
2011-04-04,4,0001127602-11-011954,2011-03-31,xslF345X03/form4.xml,CIK0001467858-submissions-001.json
2011-04-04,4,0001127602-11-011948,2011-03-31,xslF345X03/form4.xml,CIK0001467858-submissions-001.json
2011-04-04,4,0001127602-11-011942,2011-03-31,xslF345X03/form4.xml,CIK0001467858-submissions-001.json
2011-04-04,4,0001127602-11-011936,2011-03-31,xslF345X03/form4.xml,CIK0001467858-submissions-001.json
2011-04-04,4,0001127602-11-011922,2011-03-31,xslF345X03/form4.xml,CIK0001467858-submissions-001.json
2011-04-04,4,0001127602-11-011914,2011-03-31,xslF345X03/form4.xml,CIK0001467858-submissions-001.json
2011-04-06,8-K,0001193125-11-089919,2011-03-31,d8k.htm,CIK0001467858-submissions-001.json
2011-04-06,8-K,0001193125-11-089918,2011-04-01,d8k.htm,CIK0001467858-submissions-001.json
2011-04-07,UPLOAD,0000000000-11-021483,,filename1.pdf,CIK0001467858-submissions-001.json
2011-04-11,3,0001517668-11-000001,2011-03-31,xslF345X02/primary_doc.xml,CIK0001467858-submissions-001.json
2011-04-12,3/A,0001517668-11-000002,2011-03-31,xslF345X02/primary_doc.xml,CIK0001467858-submissions-001.json
2011-04-12,SC 13D,0001193125-11-094128,,dsc13d.htm,CIK0001467858-submissions-001.json
2011-04-19,CORRESP,0001193125-11-102546,,filename1.htm,CIK0001467858-submissions-001.json
2011-04-20,8-A12B,0001193125-11-103292,,d8a12b.htm,CIK0001467858-submissions-001.json
2011-04-20,CERTNYS,9999999997-11-009090,,9999999997-11-009090.paper,CIK0001467858-submissions-001.json
2011-04-21,DEF 14A,0001193125-11-104797,2011-06-07,ddef14a.htm,CIK0001467858-submissions-001.json
2011-04-21,DEFA14A,0001193125-11-104808,,ddefa14a.htm,CIK0001467858-submissions-001.json
2011-04-22,4,0001517668-11-000003,2011-04-21,xslF345X03/primary_doc.xml,CIK0001467858-submissions-001.json
2011-04-22,SC 13D/A,0001193125-11-106406,,dsc13da.htm,CIK0001467858-submissions-001.json
2011-04-29,4,0001140361-11-024022,2011-04-21,xslF345X03/doc1.xml,CIK0001467858-submissions-001.json
2011-05-02,3,0001127602-11-014327,2011-05-01,xslF345X02/form3.xml,CIK0001467858-submissions-001.json
2011-05-05,8-K,0001193125-11-128658,2011-05-05,d8k.htm,CIK0001467858-submissions-001.json
2011-05-06,10-Q,0001193125-11-130473,2011-03-31,d10q.htm,CIK0001467858-submissions-001.json
2011-05-06,8-K,0001193125-11-129868,2011-05-03,d8k.htm,CIK0001467858-submissions-001.json
2011-05-08,UPLOAD,0000000000-11-028633,,filename1.pdf,CIK0001467858-submissions-001.json
2011-05-12,4,0001127602-11-016044,2011-05-11,xslF345X03/form4.xml,CIK0001467858-submissions-001.json
2011-05-24,144,0001140361-11-029436,,form144.htm,CIK0001467858-submissions-001.json
2011-05-26,4,0001127602-11-017583,2011-05-26,xslF345X03/form4.xml,CIK0001467858-submissions-001.json
2011-06-06,8-K,0001193125-11-159246,2011-06-01,d8k.htm,CIK0001467858-submissions-001.json
2011-06-13,8-K,0001193125-11-163573,2011-06-07,d8k.htm,CIK0001467858-submissions-001.json
2011-06-22,S-8,0001193125-11-170793,,ds8.htm,CIK0001467858-submissions-001.json
2011-07-05,4,0001127602-11-020733,2011-06-30,xslF345X03/form4.xml,CIK0001467858-submissions-001.json
2011-07-05,4,0001127602-11-020729,2011-06-30,xslF345X03/form4.xml,CIK0001467858-submissions-001.json
2011-07-05,4,0001127602-11-020725,2011-06-30,xslF345X03/form4.xml,CIK0001467858-submissions-001.json
2011-07-05,4,0001127602-11-020719,2011-02-10,xslF345X03/form4.xml,CIK0001467858-submissions-001.json
2011-07-05,4,0001127602-11-020710,2011-06-30,xslF345X03/form4.xml,CIK0001467858-submissions-001.json
2011-07-05,4,0001127602-11-020696,2011-06-30,xslF345X03/form4.xml,CIK0001467858-submissions-001.json
2011-07-05,4,0001127602-11-020678,2011-06-30,xslF345X03/form4.xml,CIK0001467858-submissions-001.json
2011-07-05,4,0001127602-11-020658,2011-06-30,xslF345X03/form4.xml,CIK0001467858-submissions-001.json
2011-07-05,4,0001127602-11-020641,2011-06-30,xslF345X03/form4.xml,CIK0001467858-submissions-001.json
2011-07-05,4,0001127602-11-020628,2011-06-30,xslF345X03/form4.xml,CIK0001467858-submissions-001.json
2011-07-05,4,0001127602-11-020610,2011-06-30,xslF345X03/form4.xml,CIK0001467858-submissions-001.json
2011-07-05,4,0001127602-11-020599,2011-06-30,xslF345X03/form4.xml,CIK0001467858-submissions-001.json
2011-07-05,4,0001127602-11-020593,2011-06-30,xslF345X03/form4.xml,CIK0001467858-submissions-001.json
2011-07-05,4,0001127602-11-020587,2011-06-30,xslF345X03/form4.xml,CIK0001467858-submissions-001.json
2011-07-05,4,0001127602-11-020586,2011-06-30,xslF345X03/form4.xml,CIK0001467858-submissions-001.json
2011-07-06,3,0001127602-11-020963,2011-07-01,xslF345X02/form3.xml,CIK0001467858-submissions-001.json
2011-07-06,4,0001127602-11-020971,2011-07-05,xslF345X03/form4.xml,CIK0001467858-submissions-001.json
2011-07-07,8-K,0001193125-11-183401,2011-07-01,d8k.htm,CIK0001467858-submissions-001.json
2011-08-04,8-K,0001193125-11-210503,2011-08-04,d8k.htm,CIK0001467858-submissions-001.json
2011-08-04,8-K,0001193125-11-210472,2011-08-02,d8k.htm,CIK0001467858-submissions-001.json
2011-08-05,10-Q,0001193125-11-211642,2011-06-30,d10q.htm,CIK0001467858-submissions-001.json
2011-08-10,4,0001127602-11-023239,2011-08-09,xslF345X03/form4.xml,CIK0001467858-submissions-001.json
2011-08-10,4,0001127602-11-023236,2011-08-09,xslF345X03/form4.xml,CIK0001467858-submissions-001.json
2011-08-11,4,0001127602-11-023361,2011-08-10,xslF345X03/form4.xml,CIK0001467858-submissions-001.json
2011-08-11,8-K,0001193125-11-219533,2011-08-09,d8k.htm,CIK0001467858-submissions-001.json
2011-08-19,4,0001127602-11-023963,2011-08-18,xslF345X03/form4.xml,CIK0001467858-submissions-001.json
2011-08-19,4,0001127602-11-023958,2011-08-19,xslF345X03/form4.xml,CIK0001467858-submissions-001.json
2011-08-24,4,0001127602-11-024130,2011-08-22,xslF345X03/form4.xml,CIK0001467858-submissions-001.json
2011-09-07,8-K,0001193125-11-242264,2011-09-01,d8k.htm,CIK0001467858-submissions-001.json
2011-09-09,8-K,0001193125-11-244494,2011-09-07,d8k.htm,CIK0001467858-submissions-001.json
2011-09-20,8-K,0001193125-11-252033,2011-09-14,d233227d8k.htm,CIK0001467858-submissions-001.json
2011-09-30,8-K,0001193125-11-260949,2011-09-28,d238554d8k.htm,CIK0001467858-submissions-001.json
2011-10-04,3,0001127602-11-026591,2011-10-03,xslF345X02/form3.xml,CIK0001467858-submissions-001.json
2011-10-04,4,0001127602-11-026592,2011-10-03,xslF345X03/form4.xml,CIK0001467858-submissions-001.json
2011-10-04,4,0001127602-11-026589,2011-09-30,xslF345X03/form4.xml,CIK0001467858-submissions-001.json
2011-10-04,4,0001127602-11-026587,2011-09-30,xslF345X03/form4.xml,CIK0001467858-submissions-001.json
2011-10-04,4,0001127602-11-026586,2011-09-30,xslF345X03/form4.xml,CIK0001467858-submissions-001.json
2011-10-04,4,0001127602-11-026585,2011-09-30,xslF345X03/form4.xml,CIK0001467858-submissions-001.json
2011-10-04,4,0001127602-11-026582,2011-09-30,xslF345X03/form4.xml,CIK0001467858-submissions-001.json
2011-10-04,4,0001127602-11-026579,2011-09-30,xslF345X03/form4.xml,CIK0001467858-submissions-001.json
2011-10-04,4,0001127602-11-026575,2011-09-30,xslF345X03/form4.xml,CIK0001467858-submissions-001.json
2011-10-04,4,0001127602-11-026567,2011-09-30,xslF345X03/form4.xml,CIK0001467858-submissions-001.json
2011-10-04,4,0001127602-11-026564,2011-09-30,xslF345X03/form4.xml,CIK0001467858-submissions-001.json
2011-10-04,4,0001127602-11-026562,2011-09-30,xslF345X03/form4.xml,CIK0001467858-submissions-001.json
2011-10-04,4,0001127602-11-026559,2011-09-30,xslF345X03/form4.xml,CIK0001467858-submissions-001.json
2011-10-04,4,0001127602-11-026556,2011-09-30,xslF345X03/form4.xml,CIK0001467858-submissions-001.json
2011-10-04,4,0001127602-11-026554,2011-09-30,xslF345X03/form4.xml,CIK0001467858-submissions-001.json
2011-10-04,4,0001127602-11-026551,2011-09-30,xslF345X03/form4.xml,CIK0001467858-submissions-001.json
2011-10-04,4,0001127602-11-026548,2011-09-30,xslF345X03/form4.xml,CIK0001467858-submissions-001.json
2011-10-04,4,0001127602-11-026545,2011-09-30,xslF345X03/form4.xml,CIK0001467858-submissions-001.json
2011-10-05,8-K,0001193125-11-264587,2011-10-03,d239149d8k.htm,CIK0001467858-submissions-001.json
2011-11-03,8-K,0001193125-11-294261,2011-11-01,d249898d8k.htm,CIK0001467858-submissions-001.json
2011-11-09,10-Q,0001193125-11-303419,2011-09-30,d235880d10q.htm,CIK0001467858-submissions-001.json
2011-11-09,8-K,0001193125-11-303675,2011-11-09,d253679d8k.htm,CIK0001467858-submissions-001.json
2011-11-16,3,0001127602-11-029767,2011-11-14,xslF345X02/form3.xml,CIK0001467858-submissions-001.json
2011-11-16,4,0001127602-11-029769,2011-11-14,xslF345X03/form4.xml,CIK0001467858-submissions-001.json
2011-11-16,8-K,0001193125-11-314252,2011-11-14,d255570d8k.htm,CIK0001467858-submissions-001.json
2011-11-28,4,0001127602-11-030512,2011-11-23,xslF345X03/form4.xml,CIK0001467858-submissions-001.json
2011-12-05,8-K,0001193125-11-330649,2011-12-01,d264663d8k.htm,CIK0001467858-submissions-001.json
2011-12-19,4,0001127602-11-032698,2011-12-15,xslF345X03/form4.xml,CIK0001467858-submissions-001.json
2011-12-19,4,0001127602-11-032694,2011-12-15,xslF345X03/form4.xml,CIK0001467858-submissions-001.json
2011-12-19,4,0001127602-11-032689,2011-12-15,xslF345X03/form4.xml,CIK0001467858-submissions-001.json
2012-01-04,3,0001127602-12-000866,2012-01-01,xslF345X02/form3.xml,CIK0001467858-submissions-001.json
2012-01-04,4,0001127602-12-000874,2011-09-30,xslF345X03/form4.xml,CIK0001467858-submissions-001.json
2012-01-04,4,0001127602-12-000842,2011-12-31,xslF345X03/form4.xml,CIK0001467858-submissions-001.json
2012-01-04,4,0001127602-12-000836,2011-12-31,xslF345X03/form4.xml,CIK0001467858-submissions-001.json
2012-01-04,4,0001127602-12-000828,2011-12-31,xslF345X03/form4.xml,CIK0001467858-submissions-001.json
2012-01-04,4,0001127602-12-000822,2011-12-31,xslF345X03/form4.xml,CIK0001467858-submissions-001.json
2012-01-04,4,0001127602-12-000817,2011-12-31,xslF345X03/form4.xml,CIK0001467858-submissions-001.json
2012-01-04,4,0001127602-12-000814,2011-12-31,xslF345X03/form4.xml,CIK0001467858-submissions-001.json
2012-01-04,4,0001127602-12-000812,2011-12-31,xslF345X03/form4.xml,CIK0001467858-submissions-001.json
2012-01-04,4,0001127602-12-000810,2011-12-31,xslF345X03/form4.xml,CIK0001467858-submissions-001.json
2012-01-04,4,0001127602-12-000808,2011-12-31,xslF345X03/form4.xml,CIK0001467858-submissions-001.json
2012-01-04,4,0001127602-12-000789,2011-12-31,xslF345X03/form4.xml,CIK0001467858-submissions-001.json
2012-01-04,4,0001127602-12-000779,2011-12-31,xslF345X03/form4.xml,CIK0001467858-submissions-001.json
2012-01-04,4,0001127602-12-000766,2011-12-31,xslF345X03/form4.xml,CIK0001467858-submissions-001.json
2012-01-04,4,0001127602-12-000763,2011-12-31,xslF345X03/form4.xml,CIK0001467858-submissions-001.json
2012-01-04,4,0001127602-12-000750,2011-12-31,xslF345X03/form4.xml,CIK0001467858-submissions-001.json
2012-01-04,4,0001127602-12-000725,2011-12-31,xslF345X03/form4.xml,CIK0001467858-submissions-001.json
2012-01-04,4,0001127602-12-000711,2011-12-31,xslF345X03/form4.xml,CIK0001467858-submissions-001.json
2012-01-04,4,0001127602-12-000677,2011-12-31,xslF345X03/form4.xml,CIK0001467858-submissions-001.json
2012-01-04,4,0001127602-12-000657,2011-12-31,xslF345X03/form4.xml,CIK0001467858-submissions-001.json
2012-01-04,4,0001127602-12-000649,2011-12-31,xslF345X03/form4.xml,CIK0001467858-submissions-001.json
2012-01-04,4,0001127602-12-000645,2011-12-31,xslF345X03/form4.xml,CIK0001467858-submissions-001.json
2012-01-04,4,0001127602-12-000641,2011-12-31,xslF345X03/form4.xml,CIK0001467858-submissions-001.json
2012-01-04,4,0001127602-12-000637,2011-12-31,xslF345X03/form4.xml,CIK0001467858-submissions-001.json
2012-01-04,4,0001127602-12-000631,2011-12-31,xslF345X03/form4.xml,CIK0001467858-submissions-001.json
2012-01-04,4,0001127602-12-000626,2011-12-31,xslF345X03/form4.xml,CIK0001467858-submissions-001.json
2012-01-04,4,0001127602-12-000623,2011-12-31,xslF345X03/form4.xml,CIK0001467858-submissions-001.json
2012-01-04,4,0001127602-12-000616,2011-12-31,xslF345X03/form4.xml,CIK0001467858-submissions-001.json
2012-01-12,8-K,0001467858-12-000003,2012-01-04,form8-kdecembersales.htm,CIK0001467858-submissions-001.json
2012-01-17,8-K,0001467858-12-000005,2012-01-10,a8-kforjanuary2012presenta.htm,CIK0001467858-submissions-001.json
2012-02-07,8-K,0001467858-12-000007,2012-02-01,january2012sales.htm,CIK0001467858-submissions-001.json
2012-02-10,SC 13G,0001193125-12-052982,,d297580dsc13g.htm,CIK0001467858-submissions-001.json
2012-02-10,SC 13G/A,0000950142-12-000317,,eh1200205_13ga1-gm.htm,CIK0001467858-submissions-001.json
2012-02-14,SC 13G,0001422848-12-000163,,edggm.txt,CIK0001467858-submissions-001.json
2012-02-16,8-K,0001467858-12-000010,2012-02-16,q42011earningsreleaseform8.htm,CIK0001467858-submissions-001.json
2012-02-24,4,0001127602-12-007735,2012-02-22,xslF345X03/form4.xml,CIK0001467858-submissions-001.json
2012-02-27,10-K,0001467858-12-000014,2011-12-31,gm201110k.htm,CIK0001467858-submissions-001.json
2012-03-02,8-K,0001467858-12-000016,2012-03-01,february2012sales.htm,CIK0001467858-submissions-001.json
2012-03-05,8-K,0001467858-12-000018,2012-02-29,form8-kitem101.htm,CIK0001467858-submissions-001.json
2012-03-05,NO ACT,9999999997-12-006767,2012-02-22,9999999997-12-006767.paper,CIK0001467858-submissions-001.json
2012-03-07,4,0001127602-12-009925,2012-03-05,xslF345X03/form4.xml,CIK0001467858-submissions-001.json
2012-03-07,4,0001127602-12-009924,2012-03-05,xslF345X03/form4.xml,CIK0001467858-submissions-001.json
2012-03-07,4,0001127602-12-009923,2012-03-05,xslF345X03/form4.xml,CIK0001467858-submissions-001.json
2012-03-07,4,0001127602-12-009922,2012-03-05,xslF345X03/form4.xml,CIK0001467858-submissions-001.json
2012-03-07,4,0001127602-12-009921,2012-03-05,xslF345X03/form4.xml,CIK0001467858-submissions-001.json
2012-03-07,4,0001127602-12-009920,2012-03-06,xslF345X03/form4.xml,CIK0001467858-submissions-001.json
2012-03-19,4,0001127602-12-011053,2012-03-15,xslF345X03/form4.xml,CIK0001467858-submissions-001.json
2012-03-19,4,0001127602-12-011051,2012-03-15,xslF345X03/form4.xml,CIK0001467858-submissions-001.json
2012-03-19,4,0001127602-12-011045,2012-03-15,xslF345X03/form4.xml,CIK0001467858-submissions-001.json
2012-03-19,4,0001127602-12-011044,2012-03-15,xslF345X03/form4.xml,CIK0001467858-submissions-001.json
2012-03-19,4,0001127602-12-011043,2012-03-15,xslF345X03/form4.xml,CIK0001467858-submissions-001.json
2012-03-19,4,0001127602-12-011041,2012-03-15,xslF345X03/form4.xml,CIK0001467858-submissions-001.json
2012-03-19,4,0001127602-12-011035,2012-03-15,xslF345X03/form4.xml,CIK0001467858-submissions-001.json
2012-03-19,4,0001127602-12-011032,2012-03-15,xslF345X03/form4.xml,CIK0001467858-submissions-001.json
2012-03-19,4,0001127602-12-011029,2012-03-15,xslF345X03/form4.xml,CIK0001467858-submissions-001.json
2012-03-19,4,0001127602-12-011027,2012-03-15,xslF345X03/form4.xml,CIK0001467858-submissions-001.json
2012-03-19,4,0001127602-12-011023,2012-03-15,xslF345X03/form4.xml,CIK0001467858-submissions-001.json
2012-03-21,3,0001127602-12-011492,2012-03-20,xslF345X02/form3.xml,CIK0001467858-submissions-001.json
2012-03-26,8-K,0001467858-12-000020,2012-03-20,form8-kbyxlawamendment.htm,CIK0001467858-submissions-001.json
2012-03-27,NO ACT,9999999997-12-004975,2012-02-06,9999999997-12-004975.paper,CIK0001467858-submissions-001.json
2012-04-03,4,0001127602-12-012734,2012-03-31,xslF345X03/form4.xml,CIK0001467858-submissions-001.json
2012-04-03,4,0001127602-12-012733,2012-03-31,xslF345X03/form4.xml,CIK0001467858-submissions-001.json
2012-04-03,4,0001127602-12-012730,2012-03-31,xslF345X03/form4.xml,CIK0001467858-submissions-001.json
2012-04-03,4,0001127602-12-012728,2012-03-31,xslF345X03/form4.xml,CIK0001467858-submissions-001.json
2012-04-03,4,0001127602-12-012720,2012-03-31,xslF345X03/form4.xml,CIK0001467858-submissions-001.json
2012-04-03,4,0001127602-12-012714,2012-03-31,xslF345X03/form4.xml,CIK0001467858-submissions-001.json
2012-04-03,4,0001127602-12-012707,2012-03-31,xslF345X03/form4.xml,CIK0001467858-submissions-001.json
2012-04-03,4,0001127602-12-012703,2012-03-31,xslF345X03/form4.xml,CIK0001467858-submissions-001.json
2012-04-03,4,0001127602-12-012697,2012-03-31,xslF345X03/form4.xml,CIK0001467858-submissions-001.json
2012-04-03,4,0001127602-12-012695,2012-03-31,xslF345X03/form4.xml,CIK0001467858-submissions-001.json
2012-04-03,4,0001127602-12-012689,2012-03-31,xslF345X03/form4.xml,CIK0001467858-submissions-001.json
2012-04-03,4,0001127602-12-012682,2012-03-31,xslF345X03/form4.xml,CIK0001467858-submissions-001.json
2012-04-03,4,0001127602-12-012677,2012-03-31,xslF345X03/form4.xml,CIK0001467858-submissions-001.json
2012-04-03,4,0001127602-12-012669,2012-03-31,xslF345X03/form4.xml,CIK0001467858-submissions-001.json
2012-04-03,4,0001127602-12-012665,2012-03-31,xslF345X03/form4.xml,CIK0001467858-submissions-001.json
2012-04-03,4,0001127602-12-012663,2012-03-31,xslF345X03/form4.xml,CIK0001467858-submissions-001.json
2012-04-04,CT ORDER,9999999997-12-005374,,filename1.pdf,CIK0001467858-submissions-001.json
2012-04-05,8-K,0001467858-12-000022,2012-04-03,form8-kmarchsales.htm,CIK0001467858-submissions-001.json
2012-04-26,DEF 14A,0001193125-12-184741,2012-06-12,d280139ddef14a.htm,CIK0001467858-submissions-001.json
2012-04-26,DEFA14A,0001193125-12-184750,,d280139ddefa14a.htm,CIK0001467858-submissions-001.json
2012-05-03,10-Q,0001467858-12-000029,2012-03-31,gm2012q1.htm,CIK0001467858-submissions-001.json
2012-05-03,8-K,0001467858-12-000031,2012-05-03,form8-k1q2012earningsrelea.htm,CIK0001467858-submissions-001.json
2012-05-03,8-K,0001467858-12-000027,2012-05-03,april2012sales8-k.htm,CIK0001467858-submissions-001.json
2012-05-25,DEFA14A,0001467858-12-000034,,proxystatementform14-a.htm,CIK0001467858-submissions-001.json
2012-06-01,8-K,0001467858-12-000036,2012-05-30,form8-kpensions.htm,CIK0001467858-submissions-001.json
2012-06-05,8-K,0001467858-12-000038,2012-06-01,may2012sales8-k.htm,CIK0001467858-submissions-001.json
2012-06-11,4,0001127602-12-019817,2012-06-07,xslF345X03/form4.xml,CIK0001467858-submissions-001.json
2012-06-13,4,0001127602-12-020031,2012-06-11,xslF345X03/form4.xml,CIK0001467858-submissions-001.json
2012-06-14,3,0001127602-12-020079,2012-06-12,xslF345X02/form3.xml,CIK0001467858-submissions-001.json
2012-06-14,3,0001127602-12-020078,2012-06-12,xslF345X02/form3.xml,CIK0001467858-submissions-001.json
2012-06-15,8-K,0001467858-12-000040,2012-06-12,form8-kxmattersbroughttovo.htm,CIK0001467858-submissions-001.json
2012-07-03,4,0001127602-12-021454,2012-06-30,xslF345X03/form4.xml,CIK0001467858-submissions-001.json
2012-07-03,4,0001127602-12-021445,2012-06-30,xslF345X03/form4.xml,CIK0001467858-submissions-001.json
2012-07-03,4,0001127602-12-021442,2012-06-30,xslF345X03/form4.xml,CIK0001467858-submissions-001.json
2012-07-03,4,0001127602-12-021439,2012-06-30,xslF345X03/form4.xml,CIK0001467858-submissions-001.json
2012-07-03,4,0001127602-12-021434,2012-06-30,xslF345X03/form4.xml,CIK0001467858-submissions-001.json
2012-07-03,4,0001127602-12-021419,2012-06-30,xslF345X03/form4.xml,CIK0001467858-submissions-001.json
2012-07-03,4,0001127602-12-021416,2012-06-30,xslF345X03/form4.xml,CIK0001467858-submissions-001.json
2012-07-03,4,0001127602-12-021412,2012-06-30,xslF345X03/form4.xml,CIK0001467858-submissions-001.json
2012-07-03,4,0001127602-12-021407,2012-06-30,xslF345X03/form4.xml,CIK0001467858-submissions-001.json
2012-07-03,4,0001127602-12-021404,2012-06-30,xslF345X03/form4.xml,CIK0001467858-submissions-001.json
2012-07-03,4,0001127602-12-021400,2012-06-30,xslF345X03/form4.xml,CIK0001467858-submissions-001.json
2012-07-03,4,0001127602-12-021398,2012-06-30,xslF345X03/form4.xml,CIK0001467858-submissions-001.json
2012-07-03,4,0001127602-12-021392,2012-06-30,xslF345X03/form4.xml,CIK0001467858-submissions-001.json
2012-07-03,4,0001127602-12-021385,2012-06-30,xslF345X03/form4.xml,CIK0001467858-submissions-001.json
2012-07-03,4,0001127602-12-021378,2012-06-30,xslF345X03/form4.xml,CIK0001467858-submissions-001.json
2012-07-03,4,0001127602-12-021372,2012-06-30,xslF345X03/form4.xml,CIK0001467858-submissions-001.json
2012-07-05,8-K,0001467858-12-000042,2012-07-03,form8-kjunesales.htm,CIK0001467858-submissions-001.json
2012-08-02,8-K,0001467858-12-000044,2012-08-02,form8-k2q2012earningsrelea.htm,CIK0001467858-submissions-001.json
2012-08-03,10-Q,0001467858-12-000047,2012-06-30,gm2012q2.htm,CIK0001467858-submissions-001.json
2012-08-06,8-K,0001467858-12-000049,2012-08-01,form8-kjulyx2012sales.htm,CIK0001467858-submissions-001.json
2012-08-09,4,0001127602-12-024130,2012-08-08,xslF345X03/form4.xml,CIK0001467858-submissions-001.json
2012-08-13,8-K,0001467858-12-000052,2012-08-13,form8-k08082012body.htm,CIK0001467858-submissions-001.json
2012-09-07,8-K,0001467858-12-000054,2012-09-04,form8-kaugust2012sales.htm,CIK0001467858-submissions-001.json
2012-10-02,4,0001127602-12-028019,2012-09-30,xslF345X03/form4.xml,CIK0001467858-submissions-001.json
2012-10-02,4,0001127602-12-027848,2012-09-30,xslF345X03/form4.xml,CIK0001467858-submissions-001.json
2012-10-02,4,0001127602-12-027835,2012-09-30,xslF345X03/form4.xml,CIK0001467858-submissions-001.json
2012-10-02,4,0001127602-12-027827,2012-09-30,xslF345X03/form4.xml,CIK0001467858-submissions-001.json
2012-10-02,4,0001127602-12-027822,2012-09-30,xslF345X03/form4.xml,CIK0001467858-submissions-001.json
2012-10-02,4,0001127602-12-027816,2012-09-30,xslF345X03/form4.xml,CIK0001467858-submissions-001.json
2012-10-02,4,0001127602-12-027813,2012-09-30,xslF345X03/form4.xml,CIK0001467858-submissions-001.json
2012-10-02,4,0001127602-12-027808,2012-09-30,xslF345X03/form4.xml,CIK0001467858-submissions-001.json
2012-10-02,4,0001127602-12-027799,2012-09-30,xslF345X03/form4.xml,CIK0001467858-submissions-001.json
2012-10-02,4,0001127602-12-027791,2012-09-30,xslF345X03/form4.xml,CIK0001467858-submissions-001.json
2012-10-02,4,0001127602-12-027790,2012-09-30,xslF345X03/form4.xml,CIK0001467858-submissions-001.json
2012-10-02,4,0001127602-12-027787,2012-09-30,xslF345X03/form4.xml,CIK0001467858-submissions-001.json
2012-10-02,4,0001127602-12-027770,2012-09-30,xslF345X03/form4.xml,CIK0001467858-submissions-001.json
2012-10-02,4,0001127602-12-027766,2012-09-30,xslF345X03/form4.xml,CIK0001467858-submissions-001.json
2012-10-04,8-K,0001467858-12-000056,2012-10-02,form8-kseptembersales.htm,CIK0001467858-submissions-001.json
2012-10-31,10-Q,0001467858-12-000060,2012-09-30,gm2012q3.htm,CIK0001467858-submissions-001.json
2012-10-31,8-K,0001467858-12-000058,2012-10-31,form8-kq32012gmearningsrel.htm,CIK0001467858-submissions-001.json
2012-11-02,8-K,0001467858-12-000063,2012-11-01,form8-k2012octobersales.htm,CIK0001467858-submissions-001.json
2012-11-05,8-K,0001467858-12-000065,2012-11-05,form8-krevolverincrease.htm,CIK0001467858-submissions-001.json
2012-11-07,8-K,0001467858-12-000067,2012-11-01,prudentialgroupannuitycont.htm,CIK0001467858-submissions-001.json
2012-11-08,4,0001127602-12-030137,2012-11-06,xslF345X03/form4.xml,CIK0001467858-submissions-001.json
2012-11-16,10-Q/A,0001467858-12-000070,2012-06-30,gm2012q210-qa.htm,CIK0001467858-submissions-001.json
2012-11-19,CT ORDER,9999999997-12-014622,,filename1.pdf,CIK0001467858-submissions-001.json
2012-11-28,8-K,0001467858-12-000074,2012-11-21,form8-kacquisitionofallyfi.htm,CIK0001467858-submissions-001.json
2012-12-05,8-K,0001467858-12-000076,2012-12-03,form8-k2012novembersales.htm,CIK0001467858-submissions-001.json
2012-12-17,4,0001127602-12-034068,2012-12-14,xslF345X03/form4.xml,CIK0001467858-submissions-001.json
2012-12-17,8-K,0001467858-12-000079,2012-12-11,form8-kamendmentofbylaws12.htm,CIK0001467858-submissions-001.json
2012-12-20,8-K,0001467858-12-000082,2012-12-18,form8-kusttreasurystock.htm,CIK0001467858-submissions-001.json
2013-01-03,4,0001127602-13-000538,2012-12-31,xslF345X03/form4.xml,CIK0001467858-submissions-001.json
2013-01-03,4,0001127602-13-000537,2012-12-31,xslF345X03/form4.xml,CIK0001467858-submissions-001.json
2013-01-03,4,0001127602-13-000531,2012-12-31,xslF345X03/form4.xml,CIK0001467858-submissions-001.json
2013-01-03,4,0001127602-13-000529,2012-12-31,xslF345X03/form4.xml,CIK0001467858-submissions-001.json
2013-01-03,4,0001127602-13-000527,2012-12-31,xslF345X03/form4.xml,CIK0001467858-submissions-001.json
2013-01-03,4,0001127602-13-000525,2012-12-31,xslF345X03/form4.xml,CIK0001467858-submissions-001.json
2013-01-03,4,0001127602-13-000524,2012-12-31,xslF345X03/form4.xml,CIK0001467858-submissions-001.json
2013-01-03,4,0001127602-13-000523,2012-12-31,xslF345X03/form4.xml,CIK0001467858-submissions-001.json
2013-01-03,4,0001127602-13-000522,2012-12-31,xslF345X03/form4.xml,CIK0001467858-submissions-001.json
2013-01-03,4,0001127602-13-000519,2012-12-31,xslF345X03/form4.xml,CIK0001467858-submissions-001.json
2013-01-03,4,0001127602-13-000515,2012-12-31,xslF345X03/form4.xml,CIK0001467858-submissions-001.json
2013-01-03,4,0001127602-13-000512,2012-12-31,xslF345X03/form4.xml,CIK0001467858-submissions-001.json
2013-01-03,4,0001127602-13-000509,2012-12-31,xslF345X03/form4.xml,CIK0001467858-submissions-001.json
2013-01-03,4,0001127602-13-000506,2012-12-31,xslF345X03/form4.xml,CIK0001467858-submissions-001.json
2013-01-03,4,0001127602-13-000503,2012-12-31,xslF345X03/form4.xml,CIK0001467858-submissions-001.json
2013-01-03,4,0001127602-13-000499,2012-12-31,xslF345X03/form4.xml,CIK0001467858-submissions-001.json
2013-01-03,4,0001127602-13-000492,2012-12-31,xslF345X03/form4.xml,CIK0001467858-submissions-001.json
2013-01-03,4,0001127602-13-000490,2012-12-31,xslF345X03/form4.xml,CIK0001467858-submissions-001.json
2013-01-03,4,0001127602-13-000487,2012-12-31,xslF345X03/form4.xml,CIK0001467858-submissions-001.json
2013-01-03,4,0001127602-13-000484,2012-12-31,xslF345X03/form4.xml,CIK0001467858-submissions-001.json
2013-01-03,4,0001127602-13-000482,2012-12-31,xslF345X03/form4.xml,CIK0001467858-submissions-001.json
2013-01-03,4,0001127602-13-000456,2012-12-31,xslF345X03/form4.xml,CIK0001467858-submissions-001.json
2013-01-03,4,0001127602-13-000450,2012-12-31,xslF345X03/form4.xml,CIK0001467858-submissions-001.json
2013-01-03,4,0001127602-13-000446,2012-12-31,xslF345X03/form4.xml,CIK0001467858-submissions-001.json
2013-01-03,4,0001127602-13-000445,2012-12-31,xslF345X03/form4.xml,CIK0001467858-submissions-001.json
2013-01-03,4,0001127602-13-000438,2012-12-31,xslF345X03/form4.xml,CIK0001467858-submissions-001.json
2013-01-04,8-K,0001467858-13-000003,2013-01-03,a2012decembersales8-k.htm,CIK0001467858-submissions-001.json
2013-01-15,8-K,0001467858-13-000005,2013-01-15,regfdanalystpresentations.htm,CIK0001467858-submissions-001.json
2013-02-01,8-K,0001467858-13-000007,2013-02-01,form8-kitem502022013.htm,CIK0001467858-submissions-001.json
2013-02-04,3,0001127602-13-003762,2013-02-01,xslF345X02/form3.xml,CIK0001467858-submissions-001.json
2013-02-06,8-K,0001467858-13-000010,2013-02-01,a2013januarysales8-k.htm,CIK0001467858-submissions-001.json
2013-02-07,8-K/A,0001467858-13-000012,2013-02-07,form8-kacreditagreements02.htm,CIK0001467858-submissions-001.json
2013-02-13,SC 13G/A,0001422848-13-000055,,edggm.txt,CIK0001467858-submissions-001.json
2013-02-14,8-K,0001467858-13-000014,2013-02-14,form8-kq42012earningsrelea.htm,CIK0001467858-submissions-001.json
2013-02-15,10-K,0001467858-13-000025,2012-12-31,gm201210k.htm,CIK0001467858-submissions-001.json
2013-02-15,8-K,0001467858-13-000021,2013-02-15,form8-kamendeddtfa02152013.htm,CIK0001467858-submissions-001.json
2013-02-15,8-K/A,0001467858-13-000023,2013-02-15,gac02152012.htm,CIK0001467858-submissions-001.json
2013-02-25,4,0001467858-13-000026,2013-02-21,xslF345X03/wf-form4_136181192827033.xml,CIK0001467858-submissions-001.json
2013-02-28,CT ORDER,9999999997-13-001313,,filename1.pdf,CIK0001467858-submissions-001.json
2013-02-28,CT ORDER,9999999997-13-001312,,filename1.pdf,CIK0001467858-submissions-001.json
2013-03-04,8-K,0001467858-13-000028,2013-03-01,a2013februarysales8-k.htm,CIK0001467858-submissions-001.json
2013-03-05,3,0001467858-13-000033,2013-03-01,xslF345X02/wf-form3_136250759589801.xml,CIK0001467858-submissions-001.json
2013-03-05,4,0001467858-13-000038,2013-03-01,xslF345X03/wf-form4_136250768709751.xml,CIK0001467858-submissions-001.json
2013-03-05,4,0001467858-13-000037,2013-03-01,xslF345X03/wf-form4_136250766843807.xml,CIK0001467858-submissions-001.json
2013-03-05,4,0001467858-13-000036,2013-03-01,xslF345X03/wf-form4_136250765114264.xml,CIK0001467858-submissions-001.json
2013-03-05,4,0001467858-13-000035,2013-03-01,xslF345X03/wf-form4_136250763476915.xml,CIK0001467858-submissions-001.json
2013-03-05,4,0001467858-13-000034,2013-03-01,xslF345X03/wf-form4_136250761567960.xml,CIK0001467858-submissions-001.json
2013-03-05,4,0001467858-13-000032,2013-03-01,xslF345X03/wf-form4_136250757653580.xml,CIK0001467858-submissions-001.json
2013-03-05,4,0001467858-13-000031,2013-03-01,xslF345X03/wf-form4_136250755559657.xml,CIK0001467858-submissions-001.json
2013-03-05,4,0001467858-13-000030,2013-03-01,xslF345X03/wf-form4_136250714780476.xml,CIK0001467858-submissions-001.json
2013-03-19,4,0001467858-13-000042,2013-03-15,xslF345X03/wf-form4_136371993530279.xml,CIK0001467858-submissions-001.json
2013-03-19,4,0001467858-13-000041,2013-03-15,xslF345X03/wf-form4_136371990057675.xml,CIK0001467858-submissions-001.json
2013-03-19,4,0001467858-13-000040,2013-03-15,xslF345X03/wf-form4_136371981688224.xml,CIK0001467858-submissions-001.json
2013-03-19,4,0001467858-13-000039,2013-03-15,xslF345X03/wf-form4_136371979010604.xml,CIK0001467858-submissions-001.json
2013-03-19,NO ACT,9999999997-13-006855,2013-02-04,9999999997-13-006855.paper,CIK0001467858-submissions-001.json
2013-03-20,3,0001467858-13-000043,2013-03-18,xslF345X02/wf-form3_136380730133562.xml,CIK0001467858-submissions-001.json
2013-03-21,3,0001467858-13-000044,2013-03-19,xslF345X02/wf-form3_136389862059558.xml,CIK0001467858-submissions-001.json
2013-03-27,8-K,0001467858-13-000047,2013-03-27,a2013marchanalystpresentat.htm,CIK0001467858-submissions-001.json
2013-03-29,CT ORDER,9999999997-13-007106,,filename1.pdf,CIK0001467858-submissions-001.json
2013-03-29,CT ORDER,9999999997-13-007105,,filename1.pdf,CIK0001467858-submissions-001.json
2013-04-02,3/A,0001467858-13-000063,2013-03-19,xslF345X02/wf-form3a_136493092932621.xml,CIK0001467858-submissions-001.json
2013-04-02,4,0001467858-13-000064,2013-02-10,xslF345X03/wf-form4_136493094731668.xml,CIK0001467858-submissions-001.json
2013-04-02,4,0001467858-13-000062,2013-03-31,xslF345X03/wf-form4_136493090879440.xml,CIK0001467858-submissions-001.json
2013-04-02,4,0001467858-13-000061,2013-03-31,xslF345X03/wf-form4_136493088328705.xml,CIK0001467858-submissions-001.json
2013-04-02,4,0001467858-13-000060,2013-03-31,xslF345X03/wf-form4_136493086279627.xml,CIK0001467858-submissions-001.json
2013-04-02,4,0001467858-13-000059,2013-03-31,xslF345X03/wf-form4_136493084398428.xml,CIK0001467858-submissions-001.json
2013-04-02,4,0001467858-13-000058,2013-03-31,xslF345X03/wf-form4_136493082091652.xml,CIK0001467858-submissions-001.json
2013-04-02,4,0001467858-13-000057,2013-03-31,xslF345X03/wf-form4_136493079924517.xml,CIK0001467858-submissions-001.json
2013-04-02,4,0001467858-13-000056,2013-03-31,xslF345X03/wf-form4_136493077925791.xml,CIK0001467858-submissions-001.json
2013-04-02,4,0001467858-13-000055,2013-03-31,xslF345X03/wf-form4_136493075876573.xml,CIK0001467858-submissions-001.json
2013-04-02,4,0001467858-13-000054,2013-03-31,xslF345X03/wf-form4_136493074189669.xml,CIK0001467858-submissions-001.json
2013-04-02,4,0001467858-13-000053,2013-03-31,xslF345X03/wf-form4_136493072339658.xml,CIK0001467858-submissions-001.json
2013-04-02,4,0001467858-13-000052,2013-03-31,xslF345X03/wf-form4_136493070590113.xml,CIK0001467858-submissions-001.json
2013-04-02,4,0001467858-13-000051,2013-03-31,xslF345X03/wf-form4_136493068871836.xml,CIK0001467858-submissions-001.json
2013-04-02,4,0001467858-13-000050,2013-03-31,xslF345X03/wf-form4_136493066665826.xml,CIK0001467858-submissions-001.json
2013-04-02,4,0001467858-13-000049,2013-04-01,xslF345X03/wf-form4_136493064865646.xml,CIK0001467858-submissions-001.json
2013-04-02,4/A,0001467858-13-000065,2010-12-31,xslF345X03/wf-form4a_136493096905889.xml,CIK0001467858-submissions-001.json
2013-04-03,8-K,0001467858-13-000067,2013-04-02,a2013marchsales8-k.htm,CIK0001467858-submissions-001.json
2013-04-10,4/A,0001467858-13-000068,2013-03-31,xslF345X03/wf-form4a_136560429165989.xml,CIK0001467858-submissions-001.json
2013-04-25,DEF 14A,0001193125-13-172799,2013-06-06,d455512ddef14a.htm,CIK0001467858-submissions-001.json
2013-04-25,DEFA14A,0001193125-13-172808,,d455512ddefa14a.htm,CIK0001467858-submissions-001.json
2013-04-26,S-3ASR,0001193125-13-177056,,d527317ds3asr.htm,CIK0001467858-submissions-001.json
2013-05-02,10-Q,0001467858-13-000075,2013-03-31,gm2013q1.htm,CIK0001467858-submissions-001.json
2013-05-02,8-K,0001467858-13-000071,2013-05-02,a1q2013earningsreleaseform.htm,CIK0001467858-submissions-001.json
2013-05-03,8-K,0001467858-13-000077,2013-05-01,a2013aprilsales8-k.htm,CIK0001467858-submissions-001.json
2013-05-09,10-Q/A,0001467858-13-000083,2013-03-31,gm2013q1amendmentno1.htm,CIK0001467858-submissions-001.json
2013-05-09,4,0001467858-13-000080,2013-05-07,xslF345X03/wf-form4_136811466163667.xml,CIK0001467858-submissions-001.json
2013-05-09,4,0001467858-13-000079,2013-05-07,xslF345X03/wf-form4_136811464544409.xml,CIK0001467858-submissions-001.json
2013-05-09,4,0001467858-13-000078,2013-05-07,xslF345X03/wf-form4_136811462483499.xml,CIK0001467858-submissions-001.json
2013-05-09,4/A,0001467858-13-000081,2013-03-31,xslF345X03/wf-form4a_136811467821735.xml,CIK0001467858-submissions-001.json
2013-05-17,4,0001467858-13-000084,2013-05-15,xslF345X03/wf-form4_136880381282797.xml,CIK0001467858-submissions-001.json
2013-05-17,4/A,0001467858-13-000085,2013-03-31,xslF345X03/wf-form4a_136880383623355.xml,CIK0001467858-submissions-001.json
2013-06-05,8-K,0001467858-13-000088,2013-06-03,a2013maysales8-k.htm,CIK0001467858-submissions-001.json
2013-06-05,FWP,0001193125-13-247822,,d550429dfwp.htm,CIK0001467858-submissions-001.json
2013-06-06,424B7,0001193125-13-249357,,d550435d424b7.htm,CIK0001467858-submissions-001.json
2013-06-06,FWP,0001193125-13-250252,,d550574dfwp.htm,CIK0001467858-submissions-001.json
2013-06-07,424B7,0001193125-13-250684,,d550435d424b7.htm,CIK0001467858-submissions-001.json
2013-06-11,8-K,0001193125-13-254830,2013-06-06,d550655d8k.htm,CIK0001467858-submissions-001.json
2013-06-11,8-K,0001467858-13-000090,2013-06-06,stockholdervote06062013for.htm,CIK0001467858-submissions-001.json
2013-06-14,4,0001214659-13-003403,2013-06-12,xslF345X03/marketforms-17534.xml,CIK0001467858-submissions-001.json
2013-07-02,4,0001467858-13-000099,2013-06-30,xslF345X03/wf-form4_137279083869159.xml,CIK0001467858-submissions-001.json
2013-07-02,4,0001467858-13-000098,2013-06-30,xslF345X03/wf-form4_137279082410435.xml,CIK0001467858-submissions-001.json
2013-07-02,4,0001467858-13-000097,2013-06-30,xslF345X03/wf-form4_137279080669923.xml,CIK0001467858-submissions-001.json
2013-07-02,4,0001467858-13-000096,2013-06-30,xslF345X03/wf-form4_137279079146774.xml,CIK0001467858-submissions-001.json
2013-07-02,4,0001467858-13-000095,2013-06-30,xslF345X03/wf-form4_137279077685964.xml,CIK0001467858-submissions-001.json
2013-07-02,4,0001467858-13-000094,2013-06-30,xslF345X03/wf-form4_137279076301098.xml,CIK0001467858-submissions-001.json
2013-07-02,4,0001467858-13-000093,2013-06-30,xslF345X03/wf-form4_137279074897225.xml,CIK0001467858-submissions-001.json
2013-07-02,4,0001467858-13-000092,2013-06-30,xslF345X03/wf-form4_137279073429698.xml,CIK0001467858-submissions-001.json
2013-07-02,4,0001467858-13-000091,2013-06-30,xslF345X03/wf-form4_137279071896241.xml,CIK0001467858-submissions-001.json
2013-07-03,8-K,0001467858-13-000101,2013-07-02,a2013juneussales8-k.htm,CIK0001467858-submissions-001.json
2013-07-25,10-Q,0001467858-13-000106,2013-06-30,gm2013q2.htm,CIK0001467858-submissions-001.json
2013-07-25,8-K,0001467858-13-000104,2013-07-25,a2q2013earningsreleaseform.htm,CIK0001467858-submissions-001.json
2013-08-02,8-K,0001467858-13-000108,2013-08-01,a2013julyussales8-k.htm,CIK0001467858-submissions-001.json
2013-08-05,424B7,0001193125-13-319043,,d577902d424b7.htm,CIK0001467858-submissions-001.json
2013-08-07,3,0001467858-13-000109,2013-08-05,xslF345X02/wf-form3_137588839802275.xml,CIK0001467858-submissions-001.json
2013-08-07,424B7,0001193125-13-323528,,d577902d424b7.htm,CIK0001467858-submissions-001.json
2013-08-07,8-A12B,0001193125-13-322376,,d580585d8a12b.htm,CIK0001467858-submissions-001.json
2013-08-07,CERTNYS,9999999997-13-012469,,9999999997-13-012469.paper,CIK0001467858-submissions-001.json
2013-08-12,8-K,0001467858-13-000111,2013-08-06,form8-k08122013.htm,CIK0001467858-submissions-001.json
2013-08-14,4,0001214659-13-004669,2013-08-12,xslF345X03/marketforms-19417.xml,CIK0001467858-submissions-001.json
2013-09-05,8-K,0001467858-13-000113,2013-09-04,a2013augustussales8-k.htm,CIK0001467858-submissions-001.json
2013-09-12,4,0001144204-13-050548,2013-09-10,xslF345X03/v354862_4.xml,CIK0001467858-submissions-001.json
2013-09-23,8-K,0001467858-13-000115,2013-09-23,form8-kmaterialagreementre.htm,CIK0001467858-submissions-001.json
2013-09-24,8-K,0001467858-13-000117,2013-09-24,form8-kppopr09242013.htm,CIK0001467858-submissions-001.json
2013-10-01,4,0001214659-13-005536,2013-09-27,xslF345X03/marketforms-19923.xml,CIK0001467858-submissions-001.json
2013-10-01,4,0001467858-13-000127,2013-09-30,xslF345X03/wf-form4_138065587665266.xml,CIK0001467858-submissions-001.json
2013-10-01,4,0001467858-13-000126,2013-09-30,xslF345X03/wf-form4_138065585995937.xml,CIK0001467858-submissions-001.json
2013-10-01,4,0001467858-13-000125,2013-09-30,xslF345X03/wf-form4_138065583843325.xml,CIK0001467858-submissions-001.json
2013-10-01,4,0001467858-13-000124,2013-09-30,xslF345X03/wf-form4_138065582010208.xml,CIK0001467858-submissions-001.json
2013-10-01,4,0001467858-13-000123,2013-09-30,xslF345X03/wf-form4_138065579807910.xml,CIK0001467858-submissions-001.json
2013-10-01,4,0001467858-13-000122,2013-09-30,xslF345X03/wf-form4_138065578461825.xml,CIK0001467858-submissions-001.json
2013-10-01,4,0001467858-13-000121,2013-09-30,xslF345X03/wf-form4_138065576580931.xml,CIK0001467858-submissions-001.json
2013-10-01,4,0001467858-13-000120,2013-09-30,xslF345X03/wf-form4_138065574969214.xml,CIK0001467858-submissions-001.json
2013-10-01,4,0001467858-13-000119,2013-09-30,xslF345X03/wf-form4_138065573549069.xml,CIK0001467858-submissions-001.json
2013-10-01,4,0001467858-13-000118,2013-09-30,xslF345X03/wf-form4_138065571978699.xml,CIK0001467858-submissions-001.json
2013-10-03,8-K,0001467858-13-000129,2013-10-01,a2013septemberussales8-k.htm,CIK0001467858-submissions-001.json
2013-10-08,4,0001467858-13-000130,2013-10-07,xslF345X03/wf-form4_138125274331096.xml,CIK0001467858-submissions-001.json
2013-10-30,10-Q,0001467858-13-000135,2013-09-30,gm2013q3.htm,CIK0001467858-submissions-001.json
2013-10-30,8-K,0001467858-13-000133,2013-10-30,form8-kearningsreleaseq320.htm,CIK0001467858-submissions-001.json
2013-11-04,8-K,0001467858-13-000137,2013-11-01,a2013octoberussales8-k.htm,CIK0001467858-submissions-001.json
2013-11-12,4,0001467858-13-000141,2013-11-07,xslF345X03/wf-form4_138427074250943.xml,CIK0001467858-submissions-001.json
2013-11-12,4,0001467858-13-000140,2013-11-07,xslF345X03/wf-form4_138427072426534.xml,CIK0001467858-submissions-001.json
2013-11-12,4,0001467858-13-000139,2013-11-07,xslF345X03/wf-form4_138427070597459.xml,CIK0001467858-submissions-001.json
2013-11-12,4,0001467858-13-000138,2013-11-07,xslF345X03/wf-form4_138427068813444.xml,CIK0001467858-submissions-001.json
2013-11-22,8-K,0001467858-13-000143,2013-11-19,gm8k11192013bylawsamendment.htm,CIK0001467858-submissions-001.json
2013-11-25,25-NSE,0000876661-13-000835,,xslF25X02/primary_doc.xml,CIK0001467858-submissions-001.json
2013-12-04,8-K,0001467858-13-000146,2013-12-03,a2013novemberussales8-k.htm,CIK0001467858-submissions-001.json
2013-12-05,8-K,0001467858-13-000148,2013-12-05,gmform8-k12052013item205.htm,CIK0001467858-submissions-001.json
2013-12-12,8-K,0001467858-13-000152,2013-12-10,gmform8-k12122013holden.htm,CIK0001467858-submissions-001.json
2013-12-12,8-K,0001467858-13-000150,2013-12-07,gmform8k12072013item502.htm,CIK0001467858-submissions-001.json
2013-12-16,UPLOAD,0000000000-13-068047,,filename1.pdf,CIK0001467858-submissions-001.json
2013-12-20,CORRESP,0001467858-13-000154,,filename1.htm,CIK0001467858-submissions-001.json
2013-12-24,UPLOAD,0000000000-13-069923,,filename1.pdf,CIK0001467858-submissions-001.json
2014-01-03,3,0001467858-14-000001,2014-01-01,xslF345X02/wf-form3_138878089543259.xml,CIK0001467858-submissions-001.json
2014-01-03,4,0001467858-14-000024,2013-09-30,xslF345X03/wf-form4_138878129627148.xml,CIK0001467858-submissions-001.json
2014-01-03,4,0001467858-14-000023,2013-12-31,xslF345X03/wf-form4_138878128134689.xml,CIK0001467858-submissions-001.json
2014-01-03,4,0001467858-14-000022,2013-12-31,xslF345X03/wf-form4_138878126275577.xml,CIK0001467858-submissions-001.json
2014-01-03,4,0001467858-14-000021,2013-12-31,xslF345X03/wf-form4_138878124838577.xml,CIK0001467858-submissions-001.json
2014-01-03,4,0001467858-14-000020,2013-12-31,xslF345X03/wf-form4_138878123280037.xml,CIK0001467858-submissions-001.json
2014-01-03,4,0001467858-14-000019,2013-12-31,xslF345X03/wf-form4_138878121838596.xml,CIK0001467858-submissions-001.json
2014-01-03,4,0001467858-14-000018,2013-12-31,xslF345X03/wf-form4_138878119886178.xml,CIK0001467858-submissions-001.json
2014-01-03,4,0001467858-14-000017,2013-12-31,xslF345X03/wf-form4_138878117502984.xml,CIK0001467858-submissions-001.json
2014-01-03,4,0001467858-14-000016,2013-12-31,xslF345X03/wf-form4_138878115877232.xml,CIK0001467858-submissions-001.json
2014-01-03,4,0001467858-14-000015,2013-12-31,xslF345X03/wf-form4_138878113901655.xml,CIK0001467858-submissions-001.json
2014-01-03,4,0001467858-14-000014,2013-12-31,xslF345X03/wf-form4_138878112420124.xml,CIK0001467858-submissions-001.json
2014-01-03,4,0001467858-14-000013,2013-12-31,xslF345X03/wf-form4_138878110892068.xml,CIK0001467858-submissions-001.json
2014-01-03,4,0001467858-14-000012,2013-12-31,xslF345X03/wf-form4_138878109405592.xml,CIK0001467858-submissions-001.json
2014-01-03,4,0001467858-14-000011,2013-12-31,xslF345X03/wf-form4_138878107573126.xml,CIK0001467858-submissions-001.json
2014-01-03,4,0001467858-14-000010,2013-12-31,xslF345X03/wf-form4_138878106039386.xml,CIK0001467858-submissions-001.json
2014-01-03,4,0001467858-14-000009,2013-12-31,xslF345X03/wf-form4_138878104237921.xml,CIK0001467858-submissions-001.json
2014-01-03,4,0001467858-14-000008,2013-12-31,xslF345X03/wf-form4_138878102520208.xml,CIK0001467858-submissions-001.json
2014-01-03,4,0001467858-14-000007,2013-12-31,xslF345X03/wf-form4_138878100983909.xml,CIK0001467858-submissions-001.json
2014-01-03,4,0001467858-14-000006,2013-12-31,xslF345X03/wf-form4_138878099040348.xml,CIK0001467858-submissions-001.json
2014-01-03,4,0001467858-14-000005,2013-12-31,xslF345X03/wf-form4_138878097408025.xml,CIK0001467858-submissions-001.json
2014-01-03,4,0001467858-14-000004,2013-12-31,xslF345X03/wf-form4_138878094925546.xml,CIK0001467858-submissions-001.json
2014-01-03,4,0001467858-14-000003,2013-12-31,xslF345X03/wf-form4_138878093123315.xml,CIK0001467858-submissions-001.json
2014-01-03,4,0001467858-14-000002,2013-12-31,xslF345X03/wf-form4_138878091627474.xml,CIK0001467858-submissions-001.json
2014-01-07,8-K,0001467858-14-000026,2014-01-03,a2013decemberussales8-k.htm,CIK0001467858-submissions-001.json
2014-01-15,8-K,0001467858-14-000032,2014-01-14,a2013gmglobalsales8-k.htm,CIK0001467858-submissions-001.json
2014-01-15,8-K,0001467858-14-000030,2014-01-14,gmform8-k01152014div.htm,CIK0001467858-submissions-001.json
2014-01-15,8-K,0001467858-14-000028,2014-01-15,gmform8-k01152014regfd.htm,CIK0001467858-submissions-001.json
2014-01-17,3,0001467858-14-000036,2014-01-15,xslF345X02/wf-form3_138999661367724.xml,CIK0001467858-submissions-001.json
2014-01-17,3,0001467858-14-000035,2014-01-15,xslF345X02/wf-form3_138999659623878.xml,CIK0001467858-submissions-001.json
2014-01-17,8-K/A,0001467858-14-000034,2014-01-13,gmform8-ka01132014execcomp.htm,CIK0001467858-submissions-001.json
2014-02-04,3,0001467858-14-000037,2014-02-01,xslF345X02/wf-form3_139152632133246.xml,CIK0001467858-submissions-001.json
2014-02-04,8-K,0001467858-14-000039,2014-01-29,gmform8k020414.htm,CIK0001467858-submissions-001.json
2014-02-04,SC 13G,0001086364-14-002044,,general.motors.co..txt,CIK0001467858-submissions-001.json
2014-02-06,10-K,0001467858-14-000043,2013-12-31,gm201310k.htm,CIK0001467858-submissions-001.json
2014-02-06,8-K,0001467858-14-000041,2014-02-06,gmform8-k4qearningspr.htm,CIK0001467858-submissions-001.json
2014-02-07,SC 13G/A,0001086364-14-002088,,general.motors.co..txt,CIK0001467858-submissions-001.json
2014-02-10,SC 13G/A,0001144204-14-007008,,v367741_sc13ga.htm,CIK0001467858-submissions-001.json
2014-02-11,SC 13G/A,0001193125-14-045445,,d674217dsc13ga.htm,CIK0001467858-submissions-001.json
2014-02-11,SC 13G/A,0001193125-14-045428,,d674393dsc13ga.htm,CIK0001467858-submissions-001.json
2014-02-12,3/A,0001467858-14-000051,2014-01-15,xslF345X02/wf-form3a_139223730853970.xml,CIK0001467858-submissions-001.json
2014-02-12,4,0001467858-14-000053,2013-09-30,xslF345X03/wf-form4_139223734138586.xml,CIK0001467858-submissions-001.json
2014-02-12,4,0001467858-14-000052,2013-09-30,xslF345X03/wf-form4_139223732472320.xml,CIK0001467858-submissions-001.json
2014-02-12,4,0001467858-14-000050,2014-02-10,xslF345X03/wf-form4_139223728750887.xml,CIK0001467858-submissions-001.json
2014-02-12,4,0001467858-14-000049,2014-02-10,xslF345X03/wf-form4_139223727228820.xml,CIK0001467858-submissions-001.json
2014-02-12,4,0001467858-14-000048,2014-02-10,xslF345X03/wf-form4_139223725663719.xml,CIK0001467858-submissions-001.json
2014-02-12,4,0001467858-14-000047,2014-02-10,xslF345X03/wf-form4_139223724101029.xml,CIK0001467858-submissions-001.json
2014-02-12,4,0001467858-14-000046,2014-02-10,xslF345X03/wf-form4_139223722573231.xml,CIK0001467858-submissions-001.json
2014-02-12,4,0001467858-14-000045,2014-02-10,xslF345X03/wf-form4_139223720902232.xml,CIK0001467858-submissions-001.json
2014-02-12,4,0001467858-14-000044,2014-02-10,xslF345X03/wf-form4_139223718854037.xml,CIK0001467858-submissions-001.json
2014-02-13,SC 13G/A,0001422848-14-000066,,edggm.txt,CIK0001467858-submissions-001.json
2014-02-18,4,0001467858-14-000061,2013-09-30,xslF345X03/wf-form4_139273625232928.xml,CIK0001467858-submissions-001.json
2014-02-18,4,0001467858-14-000060,2014-02-13,xslF345X03/wf-form4_139273623699013.xml,CIK0001467858-submissions-001.json
2014-02-18,4,0001467858-14-000059,2014-02-13,xslF345X03/wf-form4_139273622040394.xml,CIK0001467858-submissions-001.json
2014-02-18,4,0001467858-14-000058,2014-02-13,xslF345X03/wf-form4_139273619052882.xml,CIK0001467858-submissions-001.json
2014-02-18,4,0001467858-14-000057,2014-02-13,xslF345X03/wf-form4_139273617060844.xml,CIK0001467858-submissions-001.json
2014-02-18,4,0001467858-14-000056,2014-02-13,xslF345X03/wf-form4_139273614922060.xml,CIK0001467858-submissions-001.json
2014-02-18,4,0001467858-14-000055,2014-02-13,xslF345X03/wf-form4_139273613100273.xml,CIK0001467858-submissions-001.json
2014-02-18,4,0001467858-14-000054,2014-02-13,xslF345X03/wf-form4_139273611104981.xml,CIK0001467858-submissions-001.json
2014-02-20,4,0001467858-14-000064,2014-02-18,xslF345X03/wf-form4_139291815445212.xml,CIK0001467858-submissions-001.json
2014-02-20,4,0001467858-14-000063,2014-02-18,xslF345X03/wf-form4_139291812636740.xml,CIK0001467858-submissions-001.json
2014-02-20,4,0001467858-14-000062,2014-02-18,xslF345X03/wf-form4_139291810048527.xml,CIK0001467858-submissions-001.json
2014-02-21,4,0001467858-14-000065,2014-02-19,xslF345X03/wf-form4_139300536846275.xml,CIK0001467858-submissions-001.json
2014-02-26,4,0001467858-14-000066,2014-02-24,xslF345X03/wf-form4_139343707854028.xml,CIK0001467858-submissions-001.json
2014-03-04,4,0001467858-14-000074,2014-02-28,xslF345X03/wf-form4_139396735252630.xml,CIK0001467858-submissions-001.json
2014-03-04,4,0001467858-14-000073,2014-02-28,xslF345X03/wf-form4_139396733731176.xml,CIK0001467858-submissions-001.json
2014-03-04,4,0001467858-14-000072,2014-03-01,xslF345X03/wf-form4_139396730843404.xml,CIK0001467858-submissions-001.json
2014-03-04,4,0001467858-14-000071,2014-03-01,xslF345X03/wf-form4_139396723459114.xml,CIK0001467858-submissions-001.json
2014-03-04,4,0001467858-14-000070,2014-03-01,xslF345X03/wf-form4_139396717367070.xml,CIK0001467858-submissions-001.json
2014-03-04,4,0001467858-14-000069,2014-03-01,xslF345X03/wf-form4_139396715800795.xml,CIK0001467858-submissions-001.json
2014-03-04,4/A,0001467858-14-000076,2013-09-30,xslF345X03/wf-form4a_139396749113346.xml,CIK0001467858-submissions-001.json
2014-03-04,4/A,0001467858-14-000075,2014-02-10,xslF345X03/wf-form4a_139396737129127.xml,CIK0001467858-submissions-001.json
2014-03-04,8-K,0001467858-14-000068,2014-03-03,a2014februaryussales8-k.htm,CIK0001467858-submissions-001.json
2014-03-05,4,0001467858-14-000080,2014-03-03,xslF345X03/wf-form4_139405174204130.xml,CIK0001467858-submissions-001.json
2014-03-05,4,0001467858-14-000079,2014-03-03,xslF345X03/wf-form4_139405172880977.xml,CIK0001467858-submissions-001.json
2014-03-05,4,0001467858-14-000078,2014-03-03,xslF345X03/wf-form4_139405171398729.xml,CIK0001467858-submissions-001.json
2014-03-05,4,0001467858-14-000077,2014-03-04,xslF345X03/wf-form4_139405169941656.xml,CIK0001467858-submissions-001.json
2014-03-06,4,0001467858-14-000081,2014-03-04,xslF345X03/wf-form4_139413364793717.xml,CIK0001467858-submissions-001.json
2014-03-10,4,0001467858-14-000082,2014-03-06,xslF345X03/wf-form4_139448023859213.xml,CIK0001467858-submissions-001.json
2014-03-11,4/A,0001467858-14-000083,2014-03-10,xslF345X03/wf-form4a_139456229991446.xml,CIK0001467858-submissions-001.json
2014-03-13,8-K,0001467858-14-000085,2014-03-07,gmform8-k03072014502.htm,CIK0001467858-submissions-001.json
2014-03-17,8-K,0001467858-14-000087,2014-03-17,gmform8-k03172014701fd.htm,CIK0001467858-submissions-001.json
2014-03-18,4,0001467858-14-000098,2014-03-15,xslF345X03/wf-form4_139515877381910.xml,CIK0001467858-submissions-001.json
2014-03-18,4,0001467858-14-000097,2014-03-15,xslF345X03/wf-form4_139515875444763.xml,CIK0001467858-submissions-001.json
2014-03-18,4,0001467858-14-000096,2014-03-15,xslF345X03/wf-form4_139515874094939.xml,CIK0001467858-submissions-001.json
2014-03-18,4,0001467858-14-000095,2014-03-15,xslF345X03/wf-form4_139515872447890.xml,CIK0001467858-submissions-001.json
2014-03-18,4,0001467858-14-000094,2014-03-15,xslF345X03/wf-form4_139515870607389.xml,CIK0001467858-submissions-001.json
2014-03-18,4,0001467858-14-000093,2014-03-15,xslF345X03/wf-form4_139515869112495.xml,CIK0001467858-submissions-001.json
2014-03-18,4,0001467858-14-000092,2014-03-15,xslF345X03/wf-form4_139515867242570.xml,CIK0001467858-submissions-001.json
2014-03-18,4,0001467858-14-000091,2014-03-15,xslF345X03/wf-form4_139515865473787.xml,CIK0001467858-submissions-001.json
2014-03-18,4,0001467858-14-000090,2014-03-15,xslF345X03/wf-form4_139515862543436.xml,CIK0001467858-submissions-001.json
2014-03-18,4,0001467858-14-000089,2014-03-15,xslF345X03/wf-form4_139515859821522.xml,CIK0001467858-submissions-001.json
2014-03-18,4,0001467858-14-000088,2014-03-15,xslF345X03/wf-form4_139515858174282.xml,CIK0001467858-submissions-001.json
2014-04-01,8-K,0001467858-14-000100,2014-03-31,gmform8-k03312014701.htm,CIK0001467858-submissions-001.json
2014-04-02,4,0001467858-14-000114,2014-03-31,xslF345X03/wf-form4_139647180107271.xml,CIK0001467858-submissions-001.json
2014-04-02,4,0001467858-14-000113,2014-03-31,xslF345X03/wf-form4_139647178420064.xml,CIK0001467858-submissions-001.json
2014-04-02,4,0001467858-14-000112,2014-03-31,xslF345X03/wf-form4_139647176219069.xml,CIK0001467858-submissions-001.json
2014-04-02,4,0001467858-14-000111,2014-03-31,xslF345X03/wf-form4_139647174612112.xml,CIK0001467858-submissions-001.json
2014-04-02,4,0001467858-14-000110,2014-03-31,xslF345X03/wf-form4_139647172597477.xml,CIK0001467858-submissions-001.json
2014-04-02,4,0001467858-14-000109,2014-03-31,xslF345X03/wf-form4_139647170944823.xml,CIK0001467858-submissions-001.json
2014-04-02,4,0001467858-14-000108,2014-03-31,xslF345X03/wf-form4_139647168802693.xml,CIK0001467858-submissions-001.json
2014-04-02,4,0001467858-14-000107,2014-03-31,xslF345X03/wf-form4_139647167168822.xml,CIK0001467858-submissions-001.json
2014-04-02,4,0001467858-14-000106,2014-03-31,xslF345X03/wf-form4_139647165629636.xml,CIK0001467858-submissions-001.json
2014-04-02,4,0001467858-14-000105,2014-03-31,xslF345X03/wf-form4_139647163934902.xml,CIK0001467858-submissions-001.json
2014-04-02,4,0001467858-14-000104,2014-03-31,xslF345X03/wf-form4_139647162243702.xml,CIK0001467858-submissions-001.json
2014-04-02,4,0001467858-14-000103,2014-03-31,xslF345X03/wf-form4_139647160614405.xml,CIK0001467858-submissions-001.json
2014-04-02,4,0001467858-14-000102,2014-03-31,xslF345X03/wf-form4_139647158762281.xml,CIK0001467858-submissions-001.json
2014-04-02,4,0001467858-14-000101,2014-04-01,xslF345X03/wf-form4_139647156867618.xml,CIK0001467858-submissions-001.json
2014-04-03,8-K,0001467858-14-000116,2014-04-01,a2014marchussalesandvenezu.htm,CIK0001467858-submissions-001.json
2014-04-10,8-K,0001467858-14-000118,2014-04-10,gmform8-k04102014701.htm,CIK0001467858-submissions-001.json
2014-04-21,8-K,0001467858-14-000120,2014-04-17,a2014q1globalsales8-k.htm,CIK0001467858-submissions-001.json
2014-04-24,10-Q,0001467858-14-000125,2014-03-31,gm2014q1.htm,CIK0001467858-submissions-001.json
2014-04-24,8-K,0001467858-14-000123,2014-04-24,gmform8-k042420141q2014ear.htm,CIK0001467858-submissions-001.json
2014-04-25,DEF 14A,0001467858-14-000130,2014-06-10,gm_2014xdef14a.htm,CIK0001467858-submissions-001.json
2014-04-25,DEFA14A,0001467858-14-000131,,additionaldefinitivemateri.htm,CIK0001467858-submissions-001.json
2014-04-30,S-3ASR,0001467858-14-000133,,forms-3043014.htm,CIK0001467858-submissions-001.json
2014-05-05,8-K,0001467858-14-000135,2014-05-01,a2014aprilussales8-k.htm,CIK0001467858-submissions-001.json
2014-05-15,8-K,0001467858-14-000137,2014-05-15,gmform8-k05152014701.htm,CIK0001467858-submissions-001.json
2014-05-20,8-K,0001467858-14-000141,2014-05-20,gmform8-k05202014701.htm,CIK0001467858-submissions-001.json
2014-05-20,8-K,0001467858-14-000139,2014-05-16,gmform8-k05162014.htm,CIK0001467858-submissions-001.json
2014-05-22,CORRESP,0001467858-14-000148,,filename1.htm,CIK0001467858-submissions-001.json
2014-05-22,S-4,0001467858-14-000149,,gms-405x2014.htm,CIK0001467858-submissions-001.json
2014-05-30,UPLOAD,0000000000-14-027691,,filename1.pdf,CIK0001467858-submissions-001.json
2014-06-02,SD,0001467858-14-000151,,gmformsd2013.htm,CIK0001467858-submissions-001.json
2014-06-05,8-K,0001467858-14-000159,2014-06-05,gmform8-k06052014801.htm,CIK0001467858-submissions-001.json
2014-06-05,8-K,0001467858-14-000158,2014-06-05,gmform8-k06052014701.htm,CIK0001467858-submissions-001.json
2014-06-05,8-K,0001467858-14-000153,2014-06-03,a2014mayussales8-k.htm,CIK0001467858-submissions-001.json
2014-06-12,8-K,0001467858-14-000164,2014-06-10,a2014bodshmeetings8-k.htm,CIK0001467858-submissions-001.json
2014-06-13,4,0001467858-14-000177,2014-06-11,xslF345X03/wf-form4_140268475244742.xml,CIK0001467858-submissions-001.json
2014-06-13,4,0001467858-14-000176,2014-06-11,xslF345X03/wf-form4_140268473434762.xml,CIK0001467858-submissions-001.json
2014-06-13,4,0001467858-14-000175,2014-06-11,xslF345X03/wf-form4_140268470696306.xml,CIK0001467858-submissions-001.json
2014-06-13,4,0001467858-14-000174,2014-06-11,xslF345X03/wf-form4_140268468734481.xml,CIK0001467858-submissions-001.json
2014-06-13,4,0001467858-14-000173,2014-06-11,xslF345X03/wf-form4_140268466833393.xml,CIK0001467858-submissions-001.json
2014-06-13,4,0001467858-14-000172,2014-06-11,xslF345X03/wf-form4_140268464977678.xml,CIK0001467858-submissions-001.json
2014-06-13,4,0001467858-14-000171,2014-06-11,xslF345X03/wf-form4_140268462609464.xml,CIK0001467858-submissions-001.json
2014-06-13,4,0001467858-14-000170,2014-06-11,xslF345X03/wf-form4_140268460804391.xml,CIK0001467858-submissions-001.json
2014-06-13,4,0001467858-14-000169,2014-06-11,xslF345X03/wf-form4_140268458888996.xml,CIK0001467858-submissions-001.json
2014-06-13,4,0001467858-14-000168,2014-06-11,xslF345X03/wf-form4_140268457587698.xml,CIK0001467858-submissions-001.json
2014-06-13,4,0001467858-14-000167,2014-06-11,xslF345X03/wf-form4_140268456197835.xml,CIK0001467858-submissions-001.json
2014-06-13,4,0001467858-14-000166,2014-06-11,xslF345X03/wf-form4_140268454238288.xml,CIK0001467858-submissions-001.json
2014-06-16,8-K,0001467858-14-000184,2014-06-16,gmform8-k06162014701.htm,CIK0001467858-submissions-001.json
2014-06-16,CORRESP,0001467858-14-000185,,filename1.htm,CIK0001467858-submissions-001.json
2014-06-16,S-4/A,0001193125-14-237822,,d737250ds4a.htm,CIK0001467858-submissions-001.json
2014-06-16,S-8,0001467858-14-000186,,forms-8062014.htm,CIK0001467858-submissions-001.json
2014-06-18,EFFECT,9999999995-14-001819,,xslEFFECTX01/primary_doc.xml,CIK0001467858-submissions-001.json
2014-06-20,424B3,0001193125-14-243873,,d737250d424b3.htm,CIK0001467858-submissions-001.json
2014-06-30,8-K,0001467858-14-000191,2014-06-30,gmform8-k06302014701.htm,CIK0001467858-submissions-001.json
2014-07-02,4,0001467858-14-000203,2014-06-30,xslF345X03/wf-form4_140431165686959.xml,CIK0001467858-submissions-001.json
2014-07-02,4,0001467858-14-000202,2014-06-30,xslF345X03/wf-form4_140431164034447.xml,CIK0001467858-submissions-001.json
2014-07-02,4,0001467858-14-000201,2014-06-30,xslF345X03/wf-form4_140431162533875.xml,CIK0001467858-submissions-001.json
2014-07-02,4,0001467858-14-000200,2014-06-30,xslF345X03/wf-form4_140431160679752.xml,CIK0001467858-submissions-001.json
2014-07-02,4,0001467858-14-000199,2014-06-30,xslF345X03/wf-form4_140431159035970.xml,CIK0001467858-submissions-001.json
2014-07-02,4,0001467858-14-000198,2014-06-30,xslF345X03/wf-form4_140431157271989.xml,CIK0001467858-submissions-001.json
2014-07-02,4,0001467858-14-000197,2014-06-30,xslF345X03/wf-form4_140431155909272.xml,CIK0001467858-submissions-001.json
2014-07-02,4,0001467858-14-000196,2014-06-30,xslF345X03/wf-form4_140431154145089.xml,CIK0001467858-submissions-001.json
2014-07-02,4,0001467858-14-000195,2014-06-30,xslF345X03/wf-form4_140431152763180.xml,CIK0001467858-submissions-001.json
2014-07-02,4,0001467858-14-000194,2014-06-30,xslF345X03/wf-form4_140431150496590.xml,CIK0001467858-submissions-001.json
2014-07-02,4,0001467858-14-000193,2014-06-30,xslF345X03/wf-form4_140431148592911.xml,CIK0001467858-submissions-001.json
2014-07-02,4,0001467858-14-000192,2014-06-30,xslF345X03/wf-form4_140431146698871.xml,CIK0001467858-submissions-001.json
2014-07-02,8-K,0001467858-14-000205,2014-07-01,a2014juneussales8-k.htm,CIK0001467858-submissions-001.json
2014-07-18,8-K,0001467858-14-000207,2014-07-16,a2014q2globalsales8-k.htm,CIK0001467858-submissions-001.json
2014-07-24,10-Q,0001467858-14-000213,2014-06-30,gm2014q2.htm,CIK0001467858-submissions-001.json
2014-07-24,8-K,0001467858-14-000211,2014-07-24,gmform8-k072420142q2014ear.htm,CIK0001467858-submissions-001.json
2014-08-13,3,0001467858-14-000214,2014-08-11,xslF345X02/wf-form3_140793708953751.xml,CIK0001467858-submissions-001.json
2014-08-14,4,0001467858-14-000216,2014-08-13,xslF345X03/wf-form4_140804092359997.xml,CIK0001467858-submissions-001.json
2014-08-15,8-K/A,0001467858-14-000218,2014-08-12,a20140812boardresolution8-.htm,CIK0001467858-submissions-001.json
2014-10-01,8-K,0001467858-14-000221,2014-10-01,a2014globalbusinessconfere.htm,CIK0001467858-submissions-001.json
2014-10-02,4,0001467858-14-000233,2014-09-30,xslF345X03/wf-form4_141227745653715.xml,CIK0001467858-submissions-001.json
2014-10-02,4,0001467858-14-000232,2014-09-30,xslF345X03/wf-form4_141227743309973.xml,CIK0001467858-submissions-001.json
2014-10-02,4,0001467858-14-000231,2014-09-30,xslF345X03/wf-form4_141227740743564.xml,CIK0001467858-submissions-001.json
2014-10-02,4,0001467858-14-000230,2014-09-30,xslF345X03/wf-form4_141227738918116.xml,CIK0001467858-submissions-001.json
2014-10-02,4,0001467858-14-000229,2014-09-30,xslF345X03/wf-form4_141227737422462.xml,CIK0001467858-submissions-001.json
2014-10-02,4,0001467858-14-000228,2014-09-30,xslF345X03/wf-form4_141227734924718.xml,CIK0001467858-submissions-001.json
2014-10-02,4,0001467858-14-000227,2014-09-30,xslF345X03/wf-form4_141227733435743.xml,CIK0001467858-submissions-001.json
2014-10-02,4,0001467858-14-000226,2014-09-30,xslF345X03/wf-form4_141227732052186.xml,CIK0001467858-submissions-001.json
2014-10-02,4,0001467858-14-000225,2014-09-30,xslF345X03/wf-form4_141227730578409.xml,CIK0001467858-submissions-001.json
2014-10-02,4,0001467858-14-000224,2014-09-30,xslF345X03/wf-form4_141227729037039.xml,CIK0001467858-submissions-001.json
2014-10-02,4,0001467858-14-000223,2014-09-30,xslF345X03/wf-form4_141227727140555.xml,CIK0001467858-submissions-001.json
2014-10-02,4,0001467858-14-000222,2014-09-30,xslF345X03/wf-form4_141227725795164.xml,CIK0001467858-submissions-001.json
2014-10-03,4/A,0001467858-14-000235,2014-09-30,xslF345X03/wf-form4a_141236652819032.xml,CIK0001467858-submissions-001.json
2014-10-03,4/A,0001467858-14-000234,2014-09-30,xslF345X03/wf-form4a_141236651438794.xml,CIK0001467858-submissions-001.json
2014-10-09,4,0001467858-14-000236,2014-10-07,xslF345X03/wf-form4_141288034271541.xml,CIK0001467858-submissions-001.json
2014-10-10,8-K,0001467858-14-000238,2014-10-07,gm8k10072014bylawsamendment.htm,CIK0001467858-submissions-001.json
2014-10-17,8-K,0001467858-14-000240,2014-10-15,a2014q3globalsales8-k.htm,CIK0001467858-submissions-001.json
2014-10-22,8-K,0001467858-14-000242,2014-10-17,gmform8-k10172014revolver.htm,CIK0001467858-submissions-001.json
2014-10-23,10-Q,0001467858-14-000247,2014-09-30,gm2014q3.htm,CIK0001467858-submissions-001.json
2014-10-23,8-K,0001467858-14-000245,2014-10-23,gmform8-k102320143q2014ear.htm,CIK0001467858-submissions-001.json
2014-11-04,424B2,0001193125-14-395282,,d808574d424b2.htm,CIK0001467858-submissions-001.json
2014-11-04,FWP,0001193125-14-396489,,d815270dfwp.htm,CIK0001467858-submissions-001.json
2014-11-05,8-K,0001467858-14-000249,2014-11-04,form8-k11042014debtissuance.htm,CIK0001467858-submissions-001.json
2014-11-06,424B2,0001193125-14-399051,,d808574d424b2.htm,CIK0001467858-submissions-001.json
2014-11-12,8-K,0001467858-14-000251,2014-11-12,form8-k11122014.htm,CIK0001467858-submissions-001.json
2014-12-22,4,0001144204-14-075381,2014-12-22,xslF345X03/v394331_4.xml,CIK0001467858-submissions-001.json
2014-12-22,4/A,0001144204-14-075416,2014-12-22,xslF345X03/v397382_4a.xml,CIK0001467858-submissions-001.json
2015-01-05,4,0001214659-15-000105,2014-12-31,xslF345X03/marketforms-28323.xml,CIK0001467858-submissions-001.json
2015-01-05,4,0001467858-15-000022,2014-12-31,xslF345X03/wf-form4_142047573735871.xml,CIK0001467858-submissions-001.json
2015-01-05,4,0001467858-15-000021,2014-12-31,xslF345X03/wf-form4_142047571946615.xml,CIK0001467858-submissions-001.json
2015-01-05,4,0001467858-15-000020,2014-12-31,xslF345X03/wf-form4_142047569981199.xml,CIK0001467858-submissions-001.json
2015-01-05,4,0001467858-15-000019,2014-12-31,xslF345X03/wf-form4_142047568393063.xml,CIK0001467858-submissions-001.json
2015-01-05,4,0001467858-15-000018,2014-12-31,xslF345X03/wf-form4_142047565810043.xml,CIK0001467858-submissions-001.json
2015-01-05,4,0001467858-15-000017,2014-12-31,xslF345X03/wf-form4_142047563865331.xml,CIK0001467858-submissions-001.json
2015-01-05,4,0001467858-15-000016,2014-12-31,xslF345X03/wf-form4_142047561944097.xml,CIK0001467858-submissions-001.json
2015-01-05,4,0001467858-15-000015,2014-12-31,xslF345X03/wf-form4_142047559556082.xml,CIK0001467858-submissions-001.json
2015-01-05,4,0001467858-15-000014,2014-12-31,xslF345X03/wf-form4_142047557887147.xml,CIK0001467858-submissions-001.json
2015-01-05,4,0001467858-15-000013,2014-12-31,xslF345X03/wf-form4_142047555629684.xml,CIK0001467858-submissions-001.json
2015-01-05,4,0001467858-15-000012,2014-12-31,xslF345X03/wf-form4_142047553425209.xml,CIK0001467858-submissions-001.json
2015-01-05,4,0001467858-15-000011,2014-12-31,xslF345X03/wf-form4_142047551562150.xml,CIK0001467858-submissions-001.json
2015-01-05,4,0001467858-15-000010,2014-12-31,xslF345X03/wf-form4_142047548350868.xml,CIK0001467858-submissions-001.json
2015-01-05,4,0001467858-15-000009,2014-12-31,xslF345X03/wf-form4_142047546645254.xml,CIK0001467858-submissions-001.json
2015-01-05,4,0001467858-15-000008,2014-12-31,xslF345X03/wf-form4_142047544765211.xml,CIK0001467858-submissions-001.json
2015-01-05,4,0001467858-15-000007,2014-12-31,xslF345X03/wf-form4_142047543198799.xml,CIK0001467858-submissions-001.json
2015-01-05,4,0001467858-15-000006,2014-12-31,xslF345X03/wf-form4_142047541534515.xml,CIK0001467858-submissions-001.json
2015-01-05,4,0001467858-15-000005,2014-12-31,xslF345X03/wf-form4_142047538403412.xml,CIK0001467858-submissions-001.json
2015-01-05,4,0001467858-15-000004,2014-12-31,xslF345X03/wf-form4_142047536999193.xml,CIK0001467858-submissions-001.json
2015-01-05,4,0001467858-15-000003,2014-12-31,xslF345X03/wf-form4_142047535258382.xml,CIK0001467858-submissions-001.json
2015-01-05,4,0001467858-15-000002,2014-12-31,xslF345X03/wf-form4_142047533428084.xml,CIK0001467858-submissions-001.json
2015-01-05,4,0001467858-15-000001,2014-12-31,xslF345X03/wf-form4_142047531699241.xml,CIK0001467858-submissions-001.json
2015-01-05,4,0001144204-15-000282,2014-12-31,xslF345X03/v395957_4.xml,CIK0001467858-submissions-001.json
2015-01-05,CT ORDER,9999999997-15-000033,,filename1.pdf,CIK0001467858-submissions-001.json
2015-01-06,4/A,0001467858-15-000023,2014-12-31,xslF345X03/wf-form4a_142056558524675.xml,CIK0001467858-submissions-001.json
2015-01-14,8-K,0001467858-15-000026,2015-01-14,a8-k01142015.htm,CIK0001467858-submissions-001.json
2015-01-15,8-K,0001467858-15-000028,2015-01-14,a2014globalsales8-k.htm,CIK0001467858-submissions-001.json
2015-01-29,SC 13G/A,0001144204-15-004548,,v399825_sc13ga.htm,CIK0001467858-submissions-001.json
2015-02-04,10-K,0001467858-15-000036,2014-12-31,gm201410k.htm,CIK0001467858-submissions-001.json
2015-02-04,8-K,0001467858-15-000033,2015-02-04,a2014earningsrelease8-k.htm,CIK0001467858-submissions-001.json
2015-02-05,8-K,0001467858-15-000038,2015-02-05,gmform8-kelectionofdirector.htm,CIK0001467858-submissions-001.json
2015-02-06,3,0001467858-15-000039,2015-02-05,xslF345X02/wf-form3_142323492181901.xml,CIK0001467858-submissions-001.json
2015-02-10,8-K,0001467858-15-000042,2015-02-10,gmform8-kdirectornomination.htm,CIK0001467858-submissions-001.json
2015-02-11,4,0001467858-15-000043,2015-02-10,xslF345X03/wf-form4_142368596438422.xml,CIK0001467858-submissions-001.json
2015-02-11,DFAN14A,0001193125-15-042259,,d870166ddfan14a.htm,CIK0001467858-submissions-001.json
2015-02-13,4,0001467858-15-000056,2015-02-11,xslF345X03/wf-form4_142385856010448.xml,CIK0001467858-submissions-001.json
2015-02-13,4,0001467858-15-000055,2015-02-11,xslF345X03/wf-form4_142385853747775.xml,CIK0001467858-submissions-001.json
2015-02-13,4,0001467858-15-000054,2015-02-11,xslF345X03/wf-form4_142385852170363.xml,CIK0001467858-submissions-001.json
2015-02-13,4,0001467858-15-000053,2015-02-11,xslF345X03/wf-form4_142385850645179.xml,CIK0001467858-submissions-001.json
2015-02-13,4,0001467858-15-000052,2015-02-11,xslF345X03/wf-form4_142385848873529.xml,CIK0001467858-submissions-001.json
2015-02-13,4,0001467858-15-000051,2015-02-11,xslF345X03/wf-form4_142385847059614.xml,CIK0001467858-submissions-001.json
2015-02-13,4,0001467858-15-000050,2015-02-11,xslF345X03/wf-form4_142385844676143.xml,CIK0001467858-submissions-001.json
2015-02-13,4,0001467858-15-000049,2015-02-11,xslF345X03/wf-form4_142385843341289.xml,CIK0001467858-submissions-001.json
2015-02-13,4,0001467858-15-000048,2015-02-11,xslF345X03/wf-form4_142385841936849.xml,CIK0001467858-submissions-001.json
2015-02-13,4,0001467858-15-000047,2015-02-11,xslF345X03/wf-form4_142385840426729.xml,CIK0001467858-submissions-001.json
2015-02-13,4,0001467858-15-000046,2015-02-11,xslF345X03/wf-form4_142385838715467.xml,CIK0001467858-submissions-001.json
2015-02-13,4,0001467858-15-000045,2015-02-11,xslF345X03/wf-form4_142385836835127.xml,CIK0001467858-submissions-001.json
2015-02-13,4,0001467858-15-000044,2015-02-12,xslF345X03/wf-form4_142385835319819.xml,CIK0001467858-submissions-001.json
2015-02-17,4,0001467858-15-000068,2015-02-13,xslF345X03/wf-form4_142420408292914.xml,CIK0001467858-submissions-001.json
2015-02-17,4,0001467858-15-000067,2015-02-13,xslF345X03/wf-form4_142420406766153.xml,CIK0001467858-submissions-001.json
2015-02-17,4,0001467858-15-000066,2015-02-13,xslF345X03/wf-form4_142420404782849.xml,CIK0001467858-submissions-001.json
2015-02-17,4,0001467858-15-000065,2015-02-13,xslF345X03/wf-form4_142420403260956.xml,CIK0001467858-submissions-001.json
2015-02-17,4,0001467858-15-000064,2015-02-13,xslF345X03/wf-form4_142420401290839.xml,CIK0001467858-submissions-001.json
2015-02-17,4,0001467858-15-000063,2015-02-13,xslF345X03/wf-form4_142420399896845.xml,CIK0001467858-submissions-001.json
2015-02-17,4,0001467858-15-000062,2015-02-13,xslF345X03/wf-form4_142420398179896.xml,CIK0001467858-submissions-001.json
2015-02-17,4,0001467858-15-000061,2015-02-13,xslF345X03/wf-form4_142420396509087.xml,CIK0001467858-submissions-001.json
2015-02-17,4,0001467858-15-000060,2015-02-13,xslF345X03/wf-form4_142420394834162.xml,CIK0001467858-submissions-001.json
2015-02-17,4,0001467858-15-000059,2015-02-13,xslF345X03/wf-form4_142420393353374.xml,CIK0001467858-submissions-001.json
2015-02-17,4,0001467858-15-000058,2015-02-13,xslF345X03/wf-form4_142420391929234.xml,CIK0001467858-submissions-001.json
2015-02-17,4,0001467858-15-000057,2015-02-13,xslF345X03/wf-form4_142420390484998.xml,CIK0001467858-submissions-001.json
2015-02-18,4,0001467858-15-000070,2015-02-17,xslF345X03/wf-form4_142428922878633.xml,CIK0001467858-submissions-001.json
2015-02-18,4,0001467858-15-000069,2015-02-17,xslF345X03/wf-form4_142428921304764.xml,CIK0001467858-submissions-001.json
2015-02-25,4,0001467858-15-000071,2015-02-23,xslF345X03/wf-form4_142488050370425.xml,CIK0001467858-submissions-001.json
2015-03-03,3,0001467858-15-000082,2015-03-01,xslF345X02/wf-form3_142542114170121.xml,CIK0001467858-submissions-001.json
2015-03-03,4,0001467858-15-000080,2015-02-28,xslF345X03/wf-form4_142541710679980.xml,CIK0001467858-submissions-001.json
2015-03-03,4,0001467858-15-000079,2015-03-01,xslF345X03/wf-form4_142541709292086.xml,CIK0001467858-submissions-001.json
2015-03-03,4,0001467858-15-000078,2015-03-01,xslF345X03/wf-form4_142541707510597.xml,CIK0001467858-submissions-001.json
2015-03-03,4,0001467858-15-000077,2015-03-01,xslF345X03/wf-form4_142541706274205.xml,CIK0001467858-submissions-001.json
2015-03-03,4,0001467858-15-000076,2015-03-01,xslF345X03/wf-form4_142541705033108.xml,CIK0001467858-submissions-001.json
2015-03-03,4,0001467858-15-000075,2015-03-01,xslF345X03/wf-form4_142541703630455.xml,CIK0001467858-submissions-001.json
2015-03-03,4,0001467858-15-000074,2015-03-01,xslF345X03/wf-form4_142541701948118.xml,CIK0001467858-submissions-001.json
2015-03-03,4,0001467858-15-000073,2015-03-01,xslF345X03/wf-form4_142541700730107.xml,CIK0001467858-submissions-001.json
2015-03-03,4,0001467858-15-000072,2015-03-01,xslF345X03/wf-form4_142541699361669.xml,CIK0001467858-submissions-001.json
2015-03-03,4/A,0001467858-15-000081,2014-03-03,xslF345X03/wf-form4a_142541711919570.xml,CIK0001467858-submissions-001.json
2015-03-03,DFAN14A,0001193125-15-073908,,d883940ddfan14a.htm,CIK0001467858-submissions-001.json
2015-03-04,4,0001467858-15-000083,2015-03-02,xslF345X03/wf-form4_142548808839262.xml,CIK0001467858-submissions-001.json
2015-03-06,4,0001467858-15-000084,2015-03-04,xslF345X03/wf-form4_142565958483923.xml,CIK0001467858-submissions-001.json
2015-03-09,8-K,0001467858-15-000087,2015-03-09,a8-k03092015.htm,CIK0001467858-submissions-001.json
2015-03-17,4,0001467858-15-000095,2015-03-15,xslF345X03/wf-form4_142662130192090.xml,CIK0001467858-submissions-001.json
2015-03-17,4,0001467858-15-000094,2015-03-15,xslF345X03/wf-form4_142662128605185.xml,CIK0001467858-submissions-001.json
2015-03-17,4,0001467858-15-000093,2015-03-15,xslF345X03/wf-form4_142662126191570.xml,CIK0001467858-submissions-001.json
2015-03-17,4,0001467858-15-000092,2015-03-15,xslF345X03/wf-form4_142662124896649.xml,CIK0001467858-submissions-001.json
2015-03-17,4,0001467858-15-000091,2015-03-15,xslF345X03/wf-form4_142662123552769.xml,CIK0001467858-submissions-001.json
2015-03-17,4,0001467858-15-000090,2015-03-15,xslF345X03/wf-form4_142662122052238.xml,CIK0001467858-submissions-001.json
2015-03-17,4,0001467858-15-000089,2015-03-15,xslF345X03/wf-form4_142662098294552.xml,CIK0001467858-submissions-001.json
2015-03-17,4,0001467858-15-000088,2015-03-15,xslF345X03/wf-form4_142662096889703.xml,CIK0001467858-submissions-001.json
2015-03-18,8-K,0001467858-15-000097,2015-03-18,a2015marchrussiarestructur.htm,CIK0001467858-submissions-001.json
2015-03-26,8-K,0001467858-15-000100,2015-03-23,a20150326form8k.htm,CIK0001467858-submissions-001.json
2015-04-01,8-K,0001467858-15-000102,2015-04-01,gmform8-k20150401.htm,CIK0001467858-submissions-001.json
2015-04-02,4,0001467858-15-000115,2015-03-31,xslF345X03/wf-form4_142799315615668.xml,CIK0001467858-submissions-001.json
2015-04-02,4,0001467858-15-000114,2015-03-31,xslF345X03/wf-form4_142799314208017.xml,CIK0001467858-submissions-001.json
2015-04-02,4,0001467858-15-000113,2015-03-31,xslF345X03/wf-form4_142799312592065.xml,CIK0001467858-submissions-001.json
2015-04-02,4,0001467858-15-000112,2015-03-31,xslF345X03/wf-form4_142799311300861.xml,CIK0001467858-submissions-001.json
2015-04-02,4,0001467858-15-000111,2015-03-31,xslF345X03/wf-form4_142799309500100.xml,CIK0001467858-submissions-001.json
2015-04-02,4,0001467858-15-000110,2015-03-31,xslF345X03/wf-form4_142799307997740.xml,CIK0001467858-submissions-001.json
2015-04-02,4,0001467858-15-000109,2015-03-31,xslF345X03/wf-form4_142799306620246.xml,CIK0001467858-submissions-001.json
2015-04-02,4,0001467858-15-000108,2015-03-31,xslF345X03/wf-form4_142799304211613.xml,CIK0001467858-submissions-001.json
2015-04-02,4,0001467858-15-000107,2015-03-31,xslF345X03/wf-form4_142799302477594.xml,CIK0001467858-submissions-001.json
2015-04-02,4,0001467858-15-000106,2015-03-31,xslF345X03/wf-form4_142799301145516.xml,CIK0001467858-submissions-001.json
2015-04-02,4,0001467858-15-000105,2015-03-31,xslF345X03/wf-form4_142799299830114.xml,CIK0001467858-submissions-001.json
2015-04-02,4,0001467858-15-000104,2015-04-01,xslF345X03/wf-form4_142799298261928.xml,CIK0001467858-submissions-001.json
2015-04-02,4,0001467858-15-000103,2015-04-01,xslF345X03/wf-form4_142799295923185.xml,CIK0001467858-submissions-001.json
2015-04-08,4,0001144204-15-021906,2015-04-06,xslF345X03/v406743_4.xml,CIK0001467858-submissions-001.json
2015-04-21,8-K,0001467858-15-000117,2015-04-21,a2015q1globalsales8-k.htm,CIK0001467858-submissions-001.json
2015-04-23,10-Q,0001467858-15-000122,2015-03-31,gmq12015.htm,CIK0001467858-submissions-001.json
2015-04-23,8-K,0001467858-15-000120,2015-04-23,a2015q1earningsrelease8-k.htm,CIK0001467858-submissions-001.json
2015-04-24,DEF 14A,0001467858-15-000129,2015-06-09,gm_2015xdef14a.htm,CIK0001467858-submissions-001.json
2015-04-24,DEFA14A,0001467858-15-000130,,a2015additionaldefinitivem.htm,CIK0001467858-submissions-001.json
2015-05-01,4,0001467858-15-000132,2015-04-29,xslF345X03/wf-form4_143050227917630.xml,CIK0001467858-submissions-001.json
2015-05-01,4,0001467858-15-000131,2015-04-30,xslF345X03/wf-form4_143050226473918.xml,CIK0001467858-submissions-001.json
2015-05-19,4,0001467858-15-000133,2015-05-05,xslF345X03/wf-form4_143206275822926.xml,CIK0001467858-submissions-001.json
2015-05-26,UPLOAD,0000000000-15-028091,,filename1.pdf,CIK0001467858-submissions-001.json
2015-06-01,SD,0001467858-15-000137,,gmformsd2014.htm,CIK0001467858-submissions-001.json
2015-06-02,CORRESP,0001467858-15-000140,,filename1.htm,CIK0001467858-submissions-001.json
2015-06-05,4,0001467858-15-000141,2015-06-03,xslF345X03/wf-form4_143351562880710.xml,CIK0001467858-submissions-001.json
2015-06-08,4,0001467858-15-000142,2015-06-05,xslF345X03/wf-form4_143378906117545.xml,CIK0001467858-submissions-001.json
2015-06-08,UPLOAD,0000000000-15-030434,,filename1.pdf,CIK0001467858-submissions-001.json
2015-06-12,8-K,0001467858-15-000144,2015-06-09,a2015bodshmeetings8-k.htm,CIK0001467858-submissions-001.json
2015-06-15,4,0001467858-15-000145,2015-06-11,xslF345X03/wf-form4_143440117743212.xml,CIK0001467858-submissions-001.json
2015-06-19,3,0001467858-15-000148,2015-06-09,xslF345X02/wf-form3_143474721925755.xml,CIK0001467858-submissions-001.json
2015-06-19,3,0001467858-15-000147,2015-06-09,xslF345X02/wf-form3_143474720479219.xml,CIK0001467858-submissions-001.json
2015-06-19,3,0001467858-15-000146,2015-06-09,xslF345X02/wf-form3_143474719050979.xml,CIK0001467858-submissions-001.json
2015-06-25,8-K,0001467858-15-000150,2015-06-25,gmform8-k20150625.htm,CIK0001467858-submissions-001.json
2015-07-02,4,0001467858-15-000166,2015-06-30,xslF345X03/wf-form4_143587583624693.xml,CIK0001467858-submissions-001.json
2015-07-02,4,0001467858-15-000165,2015-06-30,xslF345X03/wf-form4_143587581856024.xml,CIK0001467858-submissions-001.json
2015-07-02,4,0001467858-15-000164,2015-06-30,xslF345X03/wf-form4_143587580271354.xml,CIK0001467858-submissions-001.json
2015-07-02,4,0001467858-15-000163,2015-06-30,xslF345X03/wf-form4_143587578865302.xml,CIK0001467858-submissions-001.json
2015-07-02,4,0001467858-15-000162,2015-06-30,xslF345X03/wf-form4_143587576995299.xml,CIK0001467858-submissions-001.json
2015-07-02,4,0001467858-15-000161,2015-06-30,xslF345X03/wf-form4_143587575403254.xml,CIK0001467858-submissions-001.json
2015-07-02,4,0001467858-15-000160,2015-06-30,xslF345X03/wf-form4_143587573815760.xml,CIK0001467858-submissions-001.json
2015-07-02,4,0001467858-15-000159,2015-06-30,xslF345X03/wf-form4_143587572419776.xml,CIK0001467858-submissions-001.json
2015-07-02,4,0001467858-15-000158,2015-06-30,xslF345X03/wf-form4_143587570748375.xml,CIK0001467858-submissions-001.json
2015-07-02,4,0001467858-15-000157,2015-06-30,xslF345X03/wf-form4_143587569064080.xml,CIK0001467858-submissions-001.json
2015-07-02,4,0001467858-15-000156,2015-06-30,xslF345X03/wf-form4_143587567672616.xml,CIK0001467858-submissions-001.json
2015-07-02,4/A,0001467858-15-000155,2015-03-31,xslF345X03/wf-form4a_143587229870746.xml,CIK0001467858-submissions-001.json
2015-07-02,4/A,0001467858-15-000154,2015-03-31,xslF345X03/wf-form4a_143587227291876.xml,CIK0001467858-submissions-001.json
2015-07-02,4/A,0001467858-15-000153,2015-03-31,xslF345X03/wf-form4a_143587225078853.xml,CIK0001467858-submissions-001.json
2015-07-02,4/A,0001467858-15-000152,2015-03-31,xslF345X03/wf-form4a_143587223629132.xml,CIK0001467858-submissions-001.json
2015-07-02,4/A,0001467858-15-000151,2015-03-31,xslF345X03/wf-form4a_143587221836403.xml,CIK0001467858-submissions-001.json
2015-07-23,10-Q,0001467858-15-000175,2015-06-30,gmq22015.htm,CIK0001467858-submissions-001.json
2015-07-23,8-K,0001467858-15-000173,2015-07-23,a2015q2earningsrelease8-k.htm,CIK0001467858-submissions-001.json
2015-07-30,4,0001467858-15-000191,2015-07-28,xslF345X03/wf-form4_143829413387673.xml,CIK0001467858-submissions-001.json
2015-07-30,4,0001467858-15-000190,2015-07-28,xslF345X03/wf-form4_143829411659553.xml,CIK0001467858-submissions-001.json
2015-07-30,4,0001467858-15-000189,2015-07-28,xslF345X03/wf-form4_143829410194513.xml,CIK0001467858-submissions-001.json
2015-07-30,4,0001467858-15-000188,2015-07-28,xslF345X03/wf-form4_143829408865451.xml,CIK0001467858-submissions-001.json
2015-07-30,4,0001467858-15-000187,2015-07-28,xslF345X03/wf-form4_143829407264320.xml,CIK0001467858-submissions-001.json
2015-07-30,4,0001467858-15-000186,2015-07-28,xslF345X03/wf-form4_143829405590722.xml,CIK0001467858-submissions-001.json
2015-07-30,4,0001467858-15-000185,2015-07-28,xslF345X03/wf-form4_143829403997772.xml,CIK0001467858-submissions-001.json
2015-07-30,4,0001467858-15-000184,2015-07-28,xslF345X03/wf-form4_143829402431759.xml,CIK0001467858-submissions-001.json
2015-07-30,4,0001467858-15-000183,2015-07-28,xslF345X03/wf-form4_143829400987637.xml,CIK0001467858-submissions-001.json
2015-07-30,4,0001467858-15-000182,2015-07-28,xslF345X03/wf-form4_143829399362086.xml,CIK0001467858-submissions-001.json
2015-07-30,4,0001467858-15-000181,2015-07-28,xslF345X03/wf-form4_143829397502138.xml,CIK0001467858-submissions-001.json
2015-07-30,4,0001467858-15-000180,2015-07-28,xslF345X03/wf-form4_143829393906807.xml,CIK0001467858-submissions-001.json
2015-07-30,4,0001467858-15-000179,2015-07-28,xslF345X03/wf-form4_143829392356003.xml,CIK0001467858-submissions-001.json
2015-07-30,8-K,0001467858-15-000178,2015-07-28,a2015stockawards8-k.htm,CIK0001467858-submissions-001.json
2015-08-03,4,0001467858-15-000192,2015-07-31,xslF345X03/wf-form4_143862626463662.xml,CIK0001467858-submissions-001.json
2015-09-11,3,0001467858-15-000193,2015-09-01,xslF345X02/wf-form3_144199510886231.xml,CIK0001467858-submissions-001.json
2015-09-17,8-K,0001467858-15-000196,2015-09-17,gm8-k09172015801.htm,CIK0001467858-submissions-001.json
2015-10-01,8-K,0001467858-15-000198,2015-10-01,a2015gbc8-k.htm,CIK0001467858-submissions-001.json
2015-10-02,4,0001467858-15-000210,2015-09-30,xslF345X03/wf-form4_144382776828086.xml,CIK0001467858-submissions-001.json
2015-10-02,4,0001467858-15-000209,2015-09-30,xslF345X03/wf-form4_144382775032677.xml,CIK0001467858-submissions-001.json
2015-10-02,4,0001467858-15-000208,2015-09-30,xslF345X03/wf-form4_144382773802794.xml,CIK0001467858-submissions-001.json
2015-10-02,4,0001467858-15-000207,2015-09-30,xslF345X03/wf-form4_144382772373275.xml,CIK0001467858-submissions-001.json
2015-10-02,4,0001467858-15-000206,2015-09-30,xslF345X03/wf-form4_144382770992783.xml,CIK0001467858-submissions-001.json
2015-10-02,4,0001467858-15-000205,2015-09-30,xslF345X03/wf-form4_144382769453982.xml,CIK0001467858-submissions-001.json
2015-10-02,4,0001467858-15-000204,2015-09-30,xslF345X03/wf-form4_144382768090763.xml,CIK0001467858-submissions-001.json
2015-10-02,4,0001467858-15-000203,2015-09-30,xslF345X03/wf-form4_144382766372733.xml,CIK0001467858-submissions-001.json
2015-10-02,4,0001467858-15-000202,2015-09-30,xslF345X03/wf-form4_144382764842505.xml,CIK0001467858-submissions-001.json
2015-10-02,4,0001467858-15-000201,2015-09-30,xslF345X03/wf-form4_144382763207262.xml,CIK0001467858-submissions-001.json
2015-10-02,4,0001467858-15-000200,2015-09-30,xslF345X03/wf-form4_144382761885188.xml,CIK0001467858-submissions-001.json
2015-10-02,4,0001467858-15-000199,2015-09-30,xslF345X03/wf-form4_144382760245385.xml,CIK0001467858-submissions-001.json
2015-10-05,4,0001467858-15-000212,2015-10-01,xslF345X03/wf-form4_144408432656261.xml,CIK0001467858-submissions-001.json
2015-10-05,4,0001467858-15-000211,2015-10-01,xslF345X03/wf-form4_144408431316455.xml,CIK0001467858-submissions-001.json
2015-10-09,4,0001467858-15-000213,2015-10-07,xslF345X03/wf-form4_144442412283689.xml,CIK0001467858-submissions-001.json
2015-10-21,10-Q,0001467858-15-000217,2015-09-30,gmq32015.htm,CIK0001467858-submissions-001.json
2015-10-21,8-K,0001467858-15-000216,2015-10-21,a2015q3earningsrelease8-k.htm,CIK0001467858-submissions-001.json
2015-11-04,4,0001467858-15-000218,2015-11-02,xslF345X03/wf-form4_144665164310578.xml,CIK0001467858-submissions-001.json
2015-11-24,4,0001467858-15-000219,2015-11-23,xslF345X03/wf-form4_144838358986360.xml,CIK0001467858-submissions-001.json
2015-12-03,4,0001467858-15-000220,2015-12-02,xslF345X03/wf-form4_144917739921178.xml,CIK0001467858-submissions-001.json
2015-12-31,25-NSE,0000876661-15-000671,,xslF25X02/primary_doc.xml,CIK0001467858-submissions-001.json
2016-01-04,8-K,0001467858-16-000224,2016-01-04,form8-k01042016bod.htm,CIK0001467858-submissions-001.json
2016-01-04,8-K,0001467858-16-000223,2016-01-04,form8-k01042016lyft.htm,CIK0001467858-submissions-001.json
2016-01-05,4,0001467858-16-000246,2015-12-31,xslF345X03/wf-form4_145204204617317.xml,CIK0001467858-submissions-001.json
2016-01-05,4,0001467858-16-000245,2015-12-31,xslF345X03/wf-form4_145204202335289.xml,CIK0001467858-submissions-001.json
2016-01-05,4,0001467858-16-000244,2015-12-31,xslF345X03/wf-form4_145204201014667.xml,CIK0001467858-submissions-001.json
2016-01-05,4,0001467858-16-000243,2015-12-31,xslF345X03/wf-form4_145204199304351.xml,CIK0001467858-submissions-001.json
2016-01-05,4,0001467858-16-000242,2015-12-31,xslF345X03/wf-form4_145204197751728.xml,CIK0001467858-submissions-001.json
2016-01-05,4,0001467858-16-000241,2015-12-31,xslF345X03/wf-form4_145204195990888.xml,CIK0001467858-submissions-001.json
2016-01-05,4,0001467858-16-000240,2015-12-31,xslF345X03/wf-form4_145204194619903.xml,CIK0001467858-submissions-001.json
2016-01-05,4,0001467858-16-000239,2015-12-31,xslF345X03/wf-form4_145204193201107.xml,CIK0001467858-submissions-001.json
2016-01-05,4,0001467858-16-000238,2015-12-31,xslF345X03/wf-form4_145204191829061.xml,CIK0001467858-submissions-001.json
2016-01-05,4,0001467858-16-000237,2015-12-31,xslF345X03/wf-form4_145204190478675.xml,CIK0001467858-submissions-001.json
2016-01-05,4,0001467858-16-000236,2015-12-31,xslF345X03/wf-form4_145204189109256.xml,CIK0001467858-submissions-001.json
2016-01-05,4,0001467858-16-000235,2015-12-31,xslF345X03/wf-form4_145203715050849.xml,CIK0001467858-submissions-001.json
2016-01-05,4,0001467858-16-000234,2015-12-31,xslF345X03/wf-form4_145203713794954.xml,CIK0001467858-submissions-001.json
2016-01-05,4,0001467858-16-000233,2015-12-31,xslF345X03/wf-form4_145203712368945.xml,CIK0001467858-submissions-001.json
2016-01-05,4,0001467858-16-000232,2015-12-31,xslF345X03/wf-form4_145203710988638.xml,CIK0001467858-submissions-001.json
2016-01-05,4,0001467858-16-000231,2015-12-31,xslF345X03/wf-form4_145203709477812.xml,CIK0001467858-submissions-001.json
2016-01-05,4,0001467858-16-000230,2015-12-31,xslF345X03/wf-form4_145203708089673.xml,CIK0001467858-submissions-001.json
2016-01-05,4,0001467858-16-000229,2015-12-31,xslF345X03/wf-form4_145203706712324.xml,CIK0001467858-submissions-001.json
2016-01-05,4,0001467858-16-000228,2015-12-31,xslF345X03/wf-form4_145203705350392.xml,CIK0001467858-submissions-001.json
2016-01-05,4,0001467858-16-000227,2015-12-31,xslF345X03/wf-form4_145203704010871.xml,CIK0001467858-submissions-001.json
2016-01-05,4,0001467858-16-000226,2015-12-31,xslF345X03/wf-form4_145203702652446.xml,CIK0001467858-submissions-001.json
2016-01-05,4,0001467858-16-000225,2015-12-31,xslF345X03/wf-form4_145203701325422.xml,CIK0001467858-submissions-001.json
2016-01-13,8-K,0001467858-16-000248,2016-01-13,form8-k01132016regfd.htm,CIK0001467858-submissions-001.json
2016-02-03,10-K,0001467858-16-000255,2015-12-31,gm201510k.htm,CIK0001467858-submissions-001.json
2016-02-03,8-K,0001193125-16-449435,2016-02-02,d124387d8k.htm,CIK0001467858-submissions-001.json
2016-02-03,8-K,0001467858-16-000252,2016-02-03,a2015q4earningsrelease8-k.htm,CIK0001467858-submissions-001.json
2016-02-10,SC 13G,0000932471-16-011181,,generalmotorsco.htm,CIK0001467858-submissions-001.json
2016-02-10,SC 13G,0000813917-16-000045,,sec_filing.htm,CIK0001467858-submissions-001.json
2016-02-12,4,0001467858-16-000269,2016-02-10,xslF345X03/wf-form4_145531806455945.xml,CIK0001467858-submissions-001.json
2016-02-12,4,0001467858-16-000268,2016-02-10,xslF345X03/wf-form4_145531805015830.xml,CIK0001467858-submissions-001.json
2016-02-12,4,0001467858-16-000267,2016-02-10,xslF345X03/wf-form4_145531803617355.xml,CIK0001467858-submissions-001.json
2016-02-12,4,0001467858-16-000266,2016-02-10,xslF345X03/wf-form4_145531800915149.xml,CIK0001467858-submissions-001.json
2016-02-12,4,0001467858-16-000265,2016-02-10,xslF345X03/wf-form4_145531799472571.xml,CIK0001467858-submissions-001.json
2016-02-12,4,0001467858-16-000264,2016-02-10,xslF345X03/wf-form4_145531797713291.xml,CIK0001467858-submissions-001.json
2016-02-12,4,0001467858-16-000263,2016-02-10,xslF345X03/wf-form4_145531796263887.xml,CIK0001467858-submissions-001.json
2016-02-12,4,0001467858-16-000262,2016-02-10,xslF345X03/wf-form4_145531794881325.xml,CIK0001467858-submissions-001.json
2016-02-12,4,0001467858-16-000261,2016-02-10,xslF345X03/wf-form4_145531793467038.xml,CIK0001467858-submissions-001.json
2016-02-12,4,0001467858-16-000260,2016-02-10,xslF345X03/wf-form4_145531792086346.xml,CIK0001467858-submissions-001.json
2016-02-12,4,0001467858-16-000259,2016-02-10,xslF345X03/wf-form4_145531790395121.xml,CIK0001467858-submissions-001.json
2016-02-12,4,0001467858-16-000258,2016-02-10,xslF345X03/wf-form4_145531788543000.xml,CIK0001467858-submissions-001.json
2016-02-12,4,0001467858-16-000257,2016-02-10,xslF345X03/wf-form4_145531786963169.xml,CIK0001467858-submissions-001.json
2016-02-12,4,0001467858-16-000256,2016-02-10,xslF345X03/wf-form4_145531785600236.xml,CIK0001467858-submissions-001.json
2016-02-12,SC 13D/A,0001193125-16-461750,,d126374dsc13da.htm,CIK0001467858-submissions-001.json
2016-02-16,4,0001467858-16-000284,2016-02-11,xslF345X03/wf-form4_145565852046329.xml,CIK0001467858-submissions-001.json
2016-02-16,4,0001467858-16-000283,2016-02-11,xslF345X03/wf-form4_145565848351160.xml,CIK0001467858-submissions-001.json
2016-02-16,4,0001467858-16-000282,2016-02-11,xslF345X03/wf-form4_145565846853750.xml,CIK0001467858-submissions-001.json
2016-02-16,4,0001467858-16-000281,2016-02-11,xslF345X03/wf-form4_145565844409393.xml,CIK0001467858-submissions-001.json
2016-02-16,4,0001467858-16-000280,2016-02-11,xslF345X03/wf-form4_145565842573937.xml,CIK0001467858-submissions-001.json
2016-02-16,4,0001467858-16-000279,2016-02-11,xslF345X03/wf-form4_145565841073036.xml,CIK0001467858-submissions-001.json
2016-02-16,4,0001467858-16-000278,2016-02-11,xslF345X03/wf-form4_145565839406688.xml,CIK0001467858-submissions-001.json
2016-02-16,4,0001467858-16-000277,2016-02-11,xslF345X03/wf-form4_145565836520072.xml,CIK0001467858-submissions-001.json
2016-02-16,4,0001467858-16-000276,2016-02-11,xslF345X03/wf-form4_145565835071665.xml,CIK0001467858-submissions-001.json
2016-02-16,4,0001467858-16-000275,2016-02-11,xslF345X03/wf-form4_145565833580612.xml,CIK0001467858-submissions-001.json
2016-02-16,4,0001467858-16-000274,2016-02-11,xslF345X03/wf-form4_145565831619629.xml,CIK0001467858-submissions-001.json
2016-02-16,4,0001467858-16-000273,2016-02-11,xslF345X03/wf-form4_145565829039188.xml,CIK0001467858-submissions-001.json
2016-02-16,4,0001467858-16-000272,2016-02-11,xslF345X03/wf-form4_145565827064799.xml,CIK0001467858-submissions-001.json
2016-02-16,4,0001467858-16-000271,2016-02-11,xslF345X03/wf-form4_145565824611582.xml,CIK0001467858-submissions-001.json
2016-02-16,4,0001467858-16-000270,2016-02-11,xslF345X03/wf-form4_145565822460738.xml,CIK0001467858-submissions-001.json
2016-02-18,424B2,0001193125-16-467770,,d136971d424b2.htm,CIK0001467858-submissions-001.json
2016-02-19,4,0001467858-16-000285,2016-02-17,xslF345X03/wf-form4_145591705439354.xml,CIK0001467858-submissions-001.json
2016-02-19,4/A,0001467858-16-000286,2016-02-12,xslF345X03/wf-form4a_145591706945338.xml,CIK0001467858-submissions-001.json
2016-02-19,424B2,0001193125-16-470154,,d136971d424b2.htm,CIK0001467858-submissions-001.json
2016-02-19,FWP,0001193125-16-468619,,d148313dfwp.htm,CIK0001467858-submissions-001.json
2016-02-23,8-K,0001193125-16-473749,2016-02-18,d52897d8k.htm,CIK0001467858-submissions-001.json
2016-03-03,4,0001467858-16-000296,2016-03-01,xslF345X03/wf-form4_145704193610835.xml,CIK0001467858-submissions-001.json
2016-03-03,4,0001467858-16-000295,2016-03-01,xslF345X03/wf-form4_145704190774456.xml,CIK0001467858-submissions-001.json
2016-03-03,4,0001467858-16-000294,2016-03-01,xslF345X03/wf-form4_145704189283393.xml,CIK0001467858-submissions-001.json
2016-03-03,4,0001467858-16-000293,2016-03-01,xslF345X03/wf-form4_145704187264768.xml,CIK0001467858-submissions-001.json
2016-03-03,4,0001467858-16-000292,2016-03-01,xslF345X03/wf-form4_145704185262785.xml,CIK0001467858-submissions-001.json
2016-03-03,4,0001467858-16-000291,2016-03-01,xslF345X03/wf-form4_145704183111341.xml,CIK0001467858-submissions-001.json
2016-03-03,4,0001467858-16-000290,2016-03-01,xslF345X03/wf-form4_145704181572332.xml,CIK0001467858-submissions-001.json
2016-03-03,4,0001467858-16-000289,2016-03-01,xslF345X03/wf-form4_145704180145448.xml,CIK0001467858-submissions-001.json
2016-03-03,4,0001467858-16-000288,2016-03-01,xslF345X03/wf-form4_145704178858261.xml,CIK0001467858-submissions-001.json
2016-03-08,8-K,0001467858-16-000298,2016-03-04,form8-k03082016bylawsamend.htm,CIK0001467858-submissions-001.json
2016-03-21,NO ACT,9999999997-16-021843,2016-03-11,9999999997-16-021843.paper,CIK0001467858-submissions-001.json
2016-04-04,4,0001467858-16-000309,2016-03-31,xslF345X03/wf-form4_145980075419326.xml,CIK0001467858-submissions-001.json
2016-04-04,4,0001467858-16-000308,2016-03-31,xslF345X03/wf-form4_145980072601246.xml,CIK0001467858-submissions-001.json
2016-04-04,4,0001467858-16-000307,2016-03-31,xslF345X03/wf-form4_145980070506641.xml,CIK0001467858-submissions-001.json
2016-04-04,4,0001467858-16-000306,2016-03-31,xslF345X03/wf-form4_145980068651739.xml,CIK0001467858-submissions-001.json
2016-04-04,4,0001467858-16-000305,2016-03-31,xslF345X03/wf-form4_145980066858100.xml,CIK0001467858-submissions-001.json
2016-04-04,4,0001467858-16-000304,2016-03-31,xslF345X03/wf-form4_145980065067030.xml,CIK0001467858-submissions-001.json
2016-04-04,4,0001467858-16-000303,2016-03-31,xslF345X03/wf-form4_145980063757753.xml,CIK0001467858-submissions-001.json
2016-04-04,4,0001467858-16-000302,2016-03-31,xslF345X03/wf-form4_145980062299503.xml,CIK0001467858-submissions-001.json
2016-04-04,4,0001467858-16-000301,2016-03-31,xslF345X03/wf-form4_145980060992071.xml,CIK0001467858-submissions-001.json
2016-04-04,4,0001467858-16-000300,2016-03-31,xslF345X03/wf-form4_145980059393949.xml,CIK0001467858-submissions-001.json
2016-04-05,4,0001467858-16-000311,2016-04-01,xslF345X03/wf-form4_145988229630385.xml,CIK0001467858-submissions-001.json
2016-04-05,4,0001467858-16-000310,2016-04-01,xslF345X03/wf-form4_145988227112842.xml,CIK0001467858-submissions-001.json
2016-04-21,10-Q,0001467858-16-000317,2016-03-31,gm2016q1.htm,CIK0001467858-submissions-001.json
2016-04-21,8-K,0001467858-16-000314,2016-04-21,a2016q1earningsrelease8-k.htm,CIK0001467858-submissions-001.json
2016-04-22,8-K,0001193125-16-551530,2016-04-22,d151116d8k.htm,CIK0001467858-submissions-001.json
2016-04-22,DEF 14A,0001308179-16-000367,2016-04-22,lgm2016_def14a.htm,CIK0001467858-submissions-001.json
2016-04-22,DEFA14A,0001308179-16-000369,,lgm2016_defa14a.htm,CIK0001467858-submissions-001.json
2016-04-22,DEFA14A,0001193125-16-551532,,d151116d8k.htm,CIK0001467858-submissions-001.json
2016-05-13,S-8,0001193125-16-589990,,d169701ds8.htm,CIK0001467858-submissions-001.json
2016-05-31,SD,0001467858-16-000319,,gmformsd2015.htm,CIK0001467858-submissions-001.json
2016-06-01,4,0001467858-16-000320,2016-05-27,xslF345X03/wf-form4_146481445290526.xml,CIK0001467858-submissions-001.json
2016-06-02,8-K,0001193125-16-611214,2016-05-26,d191384d8k.htm,CIK0001467858-submissions-001.json
2016-06-10,8-K,0001467858-16-000322,2016-06-07,form8-k06072016shareholder.htm,CIK0001467858-submissions-001.json
2016-06-14,4,0001467858-16-000323,2016-06-11,xslF345X03/wf-form4_146593810298757.xml,CIK0001467858-submissions-001.json
2016-06-16,3,0001467858-16-000324,2016-06-07,xslF345X02/wf-form3_146611262584556.xml,CIK0001467858-submissions-001.json
2016-06-17,3,0001467858-16-000325,2016-06-07,xslF345X02/wf-form3_146619646331543.xml,CIK0001467858-submissions-001.json
2016-07-05,25-NSE,0000876661-16-001074,,xslF25X02/primary_doc.xml,CIK0001467858-submissions-001.json
2016-07-05,4,0001467858-16-000337,2016-06-30,xslF345X03/wf-form4_146775733660850.xml,CIK0001467858-submissions-001.json
2016-07-05,4,0001467858-16-000336,2016-06-30,xslF345X03/wf-form4_146775659783042.xml,CIK0001467858-submissions-001.json
2016-07-05,4,0001467858-16-000335,2016-06-30,xslF345X03/wf-form4_146775658235123.xml,CIK0001467858-submissions-001.json
2016-07-05,4,0001467858-16-000334,2016-06-30,xslF345X03/wf-form4_146775656733191.xml,CIK0001467858-submissions-001.json
2016-07-05,4,0001467858-16-000333,2016-06-30,xslF345X03/wf-form4_146775654935365.xml,CIK0001467858-submissions-001.json
2016-07-05,4,0001467858-16-000332,2016-06-30,xslF345X03/wf-form4_146775652861046.xml,CIK0001467858-submissions-001.json
2016-07-05,4,0001467858-16-000331,2016-06-30,xslF345X03/wf-form4_146775650101993.xml,CIK0001467858-submissions-001.json
2016-07-05,4,0001467858-16-000330,2016-06-30,xslF345X03/wf-form4_146775648081652.xml,CIK0001467858-submissions-001.json
2016-07-05,4,0001467858-16-000329,2016-06-30,xslF345X03/wf-form4_146775646446972.xml,CIK0001467858-submissions-001.json
2016-07-05,4,0001467858-16-000328,2016-06-30,xslF345X03/wf-form4_146775644868937.xml,CIK0001467858-submissions-001.json
2016-07-05,4/A,0001467858-16-000327,2016-03-01,xslF345X03/wf-form4a_146775626898093.xml,CIK0001467858-submissions-001.json
2016-07-05,4/A,0001467858-16-000326,2016-02-11,xslF345X03/wf-form4a_146775614193155.xml,CIK0001467858-submissions-001.json
2016-07-21,10-Q,0001467858-16-000341,2016-06-30,gm2016q2.htm,CIK0001467858-submissions-001.json
2016-07-21,8-K,0001467858-16-000340,2016-07-21,a2016q2earningsrelease8-k.htm,CIK0001467858-submissions-001.json
2016-07-21,CT ORDER,9999999997-16-024599,,filename1.pdf,CIK0001467858-submissions-001.json
2016-08-04,4,0001467858-16-000342,2016-08-02,xslF345X03/wf-form4_147033649289518.xml,CIK0001467858-submissions-001.json
2016-08-25,4,0001467858-16-000343,2016-08-23,xslF345X03/wf-form4_147215944145836.xml,CIK0001467858-submissions-001.json
2016-09-29,UPLOAD,0000000000-16-095119,,filename1.pdf,CIK0001467858-submissions-001.json
2016-10-04,4,0001467858-16-000354,2016-09-30,xslF345X03/wf-form4_147561977573709.xml,recent
2016-10-04,4,0001467858-16-000353,2016-09-30,xslF345X03/wf-form4_147561975919764.xml,recent
2016-10-04,4,0001467858-16-000352,2016-09-30,xslF345X03/wf-form4_147561974242933.xml,recent
2016-10-04,4,0001467858-16-000351,2016-09-30,xslF345X03/wf-form4_147561972379954.xml,recent
2016-10-04,4,0001467858-16-000350,2016-09-30,xslF345X03/wf-form4_147561969932791.xml,recent
2016-10-04,4,0001467858-16-000349,2016-09-30,xslF345X03/wf-form4_147561967619839.xml,recent
2016-10-04,4,0001467858-16-000348,2016-09-30,xslF345X03/wf-form4_147561965966885.xml,recent
2016-10-04,4,0001467858-16-000347,2016-09-30,xslF345X03/wf-form4_147561963732746.xml,recent
2016-10-04,4,0001467858-16-000346,2016-09-30,xslF345X03/wf-form4_147561961627176.xml,recent
2016-10-04,4,0001467858-16-000345,2016-09-30,xslF345X03/wf-form4_147561959953690.xml,recent
2016-10-04,4,0001467858-16-000344,2016-10-01,xslF345X03/wf-form4_147561958084268.xml,recent
2016-10-11,4,0001467858-16-000355,2016-10-07,xslF345X03/wf-form4_147622128738353.xml,recent
2016-10-17,CORRESP,0001467858-16-000357,,filename1.htm,recent
2016-10-25,10-Q,0001467858-16-000363,2016-09-30,gm2016q3.htm,recent
2016-10-25,8-K,0001467858-16-000361,2016-10-25,a2016q3earningsrelease8-k.htm,recent
2016-11-16,4,0001467858-16-000364,2016-11-14,xslF345X03/wf-form4_147933258855556.xml,recent
2016-12-05,4,0001467858-16-000365,2016-12-01,xslF345X03/wf-form4_148097273214078.xml,recent
2016-12-07,UPLOAD,0000000000-16-103927,,filename1.pdf,recent
2016-12-12,4,0001467858-16-000368,2016-12-08,xslF345X03/wf-form4_148157716960551.xml,recent
2016-12-12,CORRESP,0001467858-16-000367,,filename1.htm,recent
2016-12-13,4,0001467858-16-000369,2016-12-09,xslF345X03/wf-form4_148166400502687.xml,recent
2016-12-14,UPLOAD,0000000000-16-104807,,filename1.pdf,recent
2016-12-19,8-K,0001467858-16-000372,2016-12-19,a20161219form8k.htm,recent
2017-01-04,4,0001467858-17-000020,2016-12-31,xslF345X03/wf-form4_148357553590894.xml,recent
2017-01-04,4,0001467858-17-000019,2016-12-31,xslF345X03/wf-form4_148357551696531.xml,recent
2017-01-04,4,0001467858-17-000018,2016-12-31,xslF345X03/wf-form4_148357549891599.xml,recent
2017-01-04,4,0001467858-17-000017,2016-12-31,xslF345X03/wf-form4_148357548159237.xml,recent
2017-01-04,4,0001467858-17-000016,2016-12-31,xslF345X03/wf-form4_148357546382253.xml,recent
2017-01-04,4,0001467858-17-000015,2016-12-31,xslF345X03/wf-form4_148357544459035.xml,recent
2017-01-04,4,0001467858-17-000014,2016-12-31,xslF345X03/wf-form4_148357542000634.xml,recent
2017-01-04,4,0001467858-17-000013,2016-12-31,xslF345X03/wf-form4_148357540256667.xml,recent
2017-01-04,4,0001467858-17-000012,2016-12-31,xslF345X03/wf-form4_148357538340839.xml,recent
2017-01-04,4,0001467858-17-000011,2016-12-31,xslF345X03/wf-form4_148357536636038.xml,recent
2017-01-04,4,0001467858-17-000010,2016-12-31,xslF345X03/wf-form4_148357515701028.xml,recent
2017-01-04,4,0001467858-17-000009,2016-12-31,xslF345X03/wf-form4_148357514121901.xml,recent
2017-01-04,4,0001467858-17-000008,2016-12-31,xslF345X03/wf-form4_148357512052735.xml,recent
2017-01-04,4,0001467858-17-000007,2016-12-31,xslF345X03/wf-form4_148357510318085.xml,recent
2017-01-04,4,0001467858-17-000006,2016-12-31,xslF345X03/wf-form4_148357508743067.xml,recent
2017-01-04,4,0001467858-17-000005,2016-12-31,xslF345X03/wf-form4_148357507018919.xml,recent
2017-01-04,4,0001467858-17-000004,2016-12-31,xslF345X03/wf-form4_148357505459376.xml,recent
2017-01-04,4,0001467858-17-000003,2016-12-31,xslF345X03/wf-form4_148357503504604.xml,recent
2017-01-04,4,0001467858-17-000002,2016-12-31,xslF345X03/wf-form4_148357501823506.xml,recent
2017-01-04,4,0001467858-17-000001,2016-12-31,xslF345X03/wf-form4_148357499961860.xml,recent
2017-01-10,8-K,0001467858-17-000022,2017-01-10,a20160110form8k.htm,recent
2017-01-11,4,0001467858-17-000023,2017-01-09,xslF345X03/wf-form4_148416970262342.xml,recent
2017-01-30,SC 13G,0000215457-17-002296,,general.motors.txt,recent
2017-02-07,10-K,0001467858-17-000028,2016-12-31,gm201610k.htm,recent
2017-02-07,8-K,0001467858-17-000027,2017-02-07,a2016q4earningsrelease8-k.htm,recent
2017-02-07,S-3ASR,0001467858-17-000031,,forms-3020717.htm,recent
2017-02-10,4,0001467858-17-000032,2017-02-08,xslF345X03/wf-form4_148676344596471.xml,recent
2017-02-10,SC 13G/A,0000813917-17-000008,,SEC13G_Filing.htm,recent
2017-02-13,SC 13G/A,0000932471-17-002603,,generalmotorsco.htm,recent
2017-02-14,4,0001467858-17-000046,2017-02-10,xslF345X03/wf-form4_148711289037859.xml,recent
2017-02-14,4,0001467858-17-000045,2017-02-10,xslF345X03/wf-form4_148711286261757.xml,recent
2017-02-14,4,0001467858-17-000044,2017-02-10,xslF345X03/wf-form4_148711283591157.xml,recent
2017-02-14,4,0001467858-17-000043,2017-02-10,xslF345X03/wf-form4_148711281408255.xml,recent
2017-02-14,4,0001467858-17-000042,2017-02-10,xslF345X03/wf-form4_148711277767731.xml,recent
2017-02-14,4,0001467858-17-000041,2017-02-10,xslF345X03/wf-form4_148711273328991.xml,recent
2017-02-14,4,0001467858-17-000040,2017-02-10,xslF345X03/wf-form4_148711217589088.xml,recent
2017-02-14,4,0001467858-17-000039,2017-02-10,xslF345X03/wf-form4_148711214848419.xml,recent
2017-02-14,4,0001467858-17-000038,2017-02-10,xslF345X03/wf-form4_148711211254834.xml,recent
2017-02-14,4,0001467858-17-000037,2017-02-10,xslF345X03/wf-form4_148711207709254.xml,recent
2017-02-14,4,0001467858-17-000036,2017-02-10,xslF345X03/wf-form4_148711201642734.xml,recent
2017-02-14,4,0001467858-17-000035,2017-02-10,xslF345X03/wf-form4_148711185282122.xml,recent
2017-02-14,4,0001467858-17-000034,2017-02-10,xslF345X03/wf-form4_148711171235709.xml,recent
2017-02-14,4,0001467858-17-000033,2017-02-10,xslF345X03/wf-form4_148711149103308.xml,recent
2017-02-15,4,0001467858-17-000057,2017-02-13,xslF345X03/wf-form4_148720866936436.xml,recent
2017-02-15,4,0001467858-17-000056,2017-02-13,xslF345X03/wf-form4_148720865036362.xml,recent
2017-02-15,4,0001467858-17-000055,2017-02-13,xslF345X03/wf-form4_148720702862923.xml,recent
2017-02-15,4,0001467858-17-000054,2017-02-13,xslF345X03/wf-form4_148720701107354.xml,recent
2017-02-15,4,0001467858-17-000053,2017-02-13,xslF345X03/wf-form4_148720699514441.xml,recent
2017-02-15,4,0001467858-17-000052,2017-02-13,xslF345X03/wf-form4_148720697855852.xml,recent
2017-02-15,4,0001467858-17-000051,2017-02-13,xslF345X03/wf-form4_148720696197425.xml,recent
2017-02-15,4,0001467858-17-000050,2017-02-13,xslF345X03/wf-form4_148720694605781.xml,recent
2017-02-15,4,0001467858-17-000049,2017-02-13,xslF345X03/wf-form4_148720692489719.xml,recent
2017-02-15,4,0001467858-17-000048,2017-02-13,xslF345X03/wf-form4_148720690873883.xml,recent
2017-02-15,4,0001467858-17-000047,2017-02-13,xslF345X03/wf-form4_148720689066750.xml,recent
2017-02-23,4,0001467858-17-000058,2017-02-18,xslF345X03/wf-form4_148788671235223.xml,recent
2017-03-06,8-K,0001467858-17-000060,2017-03-06,a20170306form8k.htm,recent
2017-03-07,NO ACT,9999999997-17-005105,2017-02-28,9999999997-17-005105.paper,recent
2017-03-10,4,0001467858-17-000061,2017-03-08,xslF345X03/wf-form4_148917989178491.xml,recent
2017-03-28,8-K,0001193125-17-099507,2017-03-28,d304437d8k.htm,recent
2017-03-28,DEFA14A,0001193125-17-099518,,d368773ddefa14a.htm,recent
2017-03-28,DEFA14A,0001193125-17-099508,,d304437d8k.htm,recent
2017-03-28,DFAN14A,0000902664-17-001796,,p17-0921dfan14a.htm,recent
2017-04-03,PREC14A,0001193125-17-108517,,d348138dprec14a.htm,recent
2017-04-04,4,0001467858-17-000063,2017-03-31,xslF345X03/wf-form4_149133489200380.xml,recent
2017-04-04,4,0001467858-17-000062,2017-04-01,xslF345X03/wf-form4_149133486292241.xml,recent
2017-04-12,4,0001467858-17-000064,2017-04-10,xslF345X03/wf-form4_149202986355983.xml,recent
2017-04-12,DEFA14A,0001193125-17-120915,,d378813ddefa14a.htm,recent
2017-04-12,DFAN14A,0000902664-17-001953,,p17-1007dfan14a.htm,recent
2017-04-12,PREN14A,0000902664-17-001949,2017-04-12,p17-1004pren14a.htm,recent
2017-04-13,DEFC14A,0001193125-17-123356,,d348138ddefc14a.htm,recent
2017-04-19,UPLOAD,0000000000-17-013519,,filename1.pdf,recent
2017-04-21,PRRN14A,0000902664-17-002025,,p17-1041prrn14a.htm,recent
2017-04-24,DEFA14A,0001193125-17-134782,,d368168ddefa14a.htm,recent
2017-04-25,DEFA14A,0001193125-17-136107,,d362349ddefa14a.htm,recent
2017-04-25,DEFA14A,0001193125-17-135912,,d383601ddefa14a.htm,recent
2017-04-28,10-Q,0001467858-17-000070,2017-03-31,gm2017q1.htm,recent
2017-04-28,8-K,0001467858-17-000068,2017-04-28,a2017q1earningsrelease8-k.htm,recent
2017-04-28,DEFC14A,0000902664-17-002086,,p17-1081defc14a.htm,recent
2017-05-01,DEFA14A,0001193125-17-152100,,d267366ddefa14a.htm,recent
2017-05-04,DEFA14A,0001193125-17-158962,,d391958ddefa14a.htm,recent
2017-05-04,DFAN14A,0000902664-17-002178,,p17-1129dfan14a.htm,recent
2017-05-05,4,0001467858-17-000072,2017-05-03,xslF345X03/wf-form4_149401748123310.xml,recent
2017-05-05,4,0001467858-17-000071,2017-05-03,xslF345X03/wf-form4_149401746209428.xml,recent
2017-05-08,DEFA14A,0001193125-17-162788,,d388040ddefa14a.htm,recent
2017-05-10,4,0001467858-17-000073,2017-05-08,xslF345X03/wf-form4_149444593717156.xml,recent
2017-05-11,DFAN14A,0000902664-17-002279,,p17-1207dfan14a.htm,recent
2017-05-12,DEFA14A,0001193125-17-168338,,d340255ddefa14a.htm,recent
2017-05-15,DEFA14A,0001193125-17-170766,,d368713ddefa14a.htm,recent
2017-05-15,DFAN14A,0000902664-17-002390,,p17-1231dfan14a.htm,recent
2017-05-19,DEFA14A,0001193125-17-176790,,d399333ddefa14a.htm,recent
2017-05-19,DEFA14A,0001193125-17-176787,,d350945ddefa14a.htm,recent
2017-05-23,DEFA14A,0001193125-17-179786,,d402652ddefa14a.htm,recent
2017-05-23,DFAN14A,0000902664-17-002458,,p17-1264dfan14a.htm,recent
2017-05-24,4,0001467858-17-000074,2017-05-22,xslF345X03/wf-form4_149565859660779.xml,recent
2017-05-24,DEFA14A,0001193125-17-181799,,d402652ddefa14a.htm,recent
2017-05-26,4,0001467858-17-000075,2017-05-26,xslF345X03/wf-form4_149583536568271.xml,recent
2017-05-26,DEFA14A,0001193125-17-185588,,d399445ddefa14a.htm,recent
2017-05-26,DEFA14A,0001193125-17-185581,,d403670ddefa14a.htm,recent
2017-05-26,DEFA14A,0001193125-17-185565,,d378723ddefa14a.htm,recent
2017-05-26,DEFA14A,0001193125-17-185151,,d393243ddefa14a.htm,recent
2017-05-30,DEFA14A,0001193125-17-187443,,d514253ddefa14a.htm,recent
2017-05-30,DEFA14A,0001193125-17-187425,,d367686ddefa14a.htm,recent
2017-05-30,DEFA14A,0001193125-17-187412,,d367682ddefa14a.htm,recent
2017-05-30,DFAN14A,0000902664-17-002497,,p17-1287dfan14a.htm,recent
2017-05-31,SD,0001467858-17-000080,,gmformsd2016.htm,recent
2017-06-01,4,0001467858-17-000081,2017-05-30,xslF345X03/wf-form4_149635030374914.xml,recent
2017-06-02,DFAN14A,0000902664-17-002541,,p17-1314dfan14a.htm,recent
2017-06-05,DEFA14A,0001193125-17-193872,,d334181ddefa14a.htm,recent
2017-06-09,4,0001467858-17-000093,2017-06-07,xslF345X03/wf-form4_149704126828341.xml,recent
2017-06-09,4,0001467858-17-000092,2017-06-07,xslF345X03/wf-form4_149704124866812.xml,recent
2017-06-09,4,0001467858-17-000091,2017-06-07,xslF345X03/wf-form4_149704122791739.xml,recent
2017-06-09,4,0001467858-17-000090,2017-06-07,xslF345X03/wf-form4_149704120864813.xml,recent
2017-06-09,4,0001467858-17-000089,2017-06-07,xslF345X03/wf-form4_149704119034898.xml,recent
2017-06-09,4,0001467858-17-000088,2017-06-07,xslF345X03/wf-form4_149704117091501.xml,recent
2017-06-09,4,0001467858-17-000087,2017-06-07,xslF345X03/wf-form4_149704115099386.xml,recent
2017-06-09,4,0001467858-17-000086,2017-06-07,xslF345X03/wf-form4_149704112638615.xml,recent
2017-06-09,4,0001467858-17-000085,2017-06-07,xslF345X03/wf-form4_149704110250373.xml,recent
2017-06-09,4,0001467858-17-000084,2017-06-07,xslF345X03/wf-form4_149704108362536.xml,recent
2017-06-09,4,0001467858-17-000083,2017-06-07,xslF345X03/wf-form4_149704106434712.xml,recent
2017-06-09,4,0001467858-17-000082,2017-06-07,xslF345X03/wf-form4_149704104381350.xml,recent
2017-06-12,8-K,0001193125-17-201530,2017-06-06,d395090d8k.htm,recent
2017-06-13,4,0001467858-17-000094,2017-06-11,xslF345X03/wf-form4_149738856657411.xml,recent
2017-06-16,S-8,0001193125-17-205999,,d405034ds8.htm,recent
2017-06-26,8-K/A,0001193125-17-212797,2017-06-06,d413394d8ka.htm,recent
2017-07-05,4,0001467858-17-000096,2017-06-30,xslF345X03/wf-form4_149929212801821.xml,recent
2017-07-05,4,0001467858-17-000095,2017-06-30,xslF345X03/wf-form4_149929209410138.xml,recent
2017-07-06,4,0001467858-17-000097,2017-07-03,xslF345X03/wf-form4_149938026916684.xml,recent
2017-07-25,10-Q,0001467858-17-000103,2017-06-30,gm2017q2.htm,recent
2017-07-25,8-K,0001467858-17-000101,2017-07-25,a2017q2earningsrelease8-k.htm,recent
2017-08-01,4,0001467858-17-000105,2017-07-28,xslF345X03/wf-form4_150162633131702.xml,recent
2017-08-01,4,0001467858-17-000104,2017-07-28,xslF345X03/wf-form4_150162631441125.xml,recent
2017-08-01,8-K,0001193125-17-244392,2017-08-01,d403782d8k.htm,recent
2017-08-02,4,0001467858-17-000106,2017-07-31,xslF345X03/wf-form4_150171163022805.xml,recent
2017-08-02,424B2,0001193125-17-245127,,d429197d424b2.htm,recent
2017-08-03,4,0001467858-17-000110,2017-08-01,xslF345X03/wf-form4_150179601550150.xml,recent
2017-08-03,4,0001467858-17-000108,2017-08-01,xslF345X03/wf-form4_150179485281744.xml,recent
2017-08-03,4,0001467858-17-000107,2017-08-01,xslF345X03/wf-form4_150179483581721.xml,recent
2017-08-03,FWP,0001193125-17-246331,,d435072dfwp.htm,recent
2017-08-04,4/A,0001467858-17-000111,2017-07-31,xslF345X03/wf-form4a_150187823243609.xml,recent
2017-08-04,424B2,0001193125-17-248719,,d429197d424b2.htm,recent
2017-08-08,8-K,0001193125-17-251403,2017-08-02,d429540d8k.htm,recent
2017-08-17,4,0001467858-17-000113,2017-08-15,xslF345X03/wf-form4_150300342711907.xml,recent
2017-08-17,4,0001467858-17-000112,2017-08-15,xslF345X03/wf-form4_150300341108377.xml,recent
2017-08-22,4,0001467858-17-000114,2017-08-18,xslF345X03/wf-form4_150343911346428.xml,recent
2017-09-01,8-K,0001467858-17-000118,2017-08-31,preferredstockform8-kv3x91.htm,recent
2017-09-14,4,0001467858-17-000119,2017-09-12,xslF345X03/wf-form4_150542364147842.xml,recent
2017-09-15,4,0001467858-17-000120,2017-09-13,xslF345X03/wf-form4_150551005906962.xml,recent
2017-09-27,4,0001467858-17-000121,2017-09-25,xslF345X03/wf-form4_150654695670329.xml,recent
2017-09-29,8-K,0001467858-17-000123,2017-09-25,a2017changeinregistrantsce.htm,recent
2017-10-03,4,0001467858-17-000125,2017-10-01,xslF345X03/wf-form4_150707160425411.xml,recent
2017-10-04,4,0001467858-17-000127,2017-10-02,xslF345X03/wf-form4_150715599966109.xml,recent
2017-10-04,4,0001467858-17-000126,2017-10-02,xslF345X03/wf-form4_150715597992906.xml,recent
2017-10-10,4,0001467858-17-000128,2017-10-06,xslF345X03/wf-form4_150767132014368.xml,recent
2017-10-24,10-Q,0001467858-17-000133,2017-09-30,gm2017q3.htm,recent
2017-10-24,8-K,0001467858-17-000131,2017-10-24,a2017q3earningsrelease8-k.htm,recent
2017-10-27,4,0001467858-17-000137,2017-10-27,xslF345X03/wf-form4_150914906634973.xml,recent
2017-10-27,4,0001467858-17-000136,2017-10-27,xslF345X03/wf-form4_150914905027679.xml,recent
2017-10-27,4,0001467858-17-000135,2017-10-27,xslF345X03/wf-form4_150914903019945.xml,recent
2017-12-06,4,0001467858-17-000138,2017-12-04,xslF345X03/wf-form4_151259892511358.xml,recent
2017-12-07,4,0001467858-17-000139,2017-12-05,xslF345X03/wf-form4_151268066734671.xml,recent
2017-12-13,8-K,0001467858-17-000143,2017-12-08,a8-kxgmx12132017.htm,recent
2017-12-14,8-K/A,0001193125-17-369626,2017-12-08,d503632d8ka.htm,recent
2017-12-19,8-K,0001193125-17-373379,2017-12-13,d490992d8k.htm,recent
2018-01-03,4,0001467858-18-000009,2017-12-31,xslF345X03/wf-form4_151502284173712.xml,recent
2018-01-03,4,0001467858-18-000008,2017-12-31,xslF345X03/wf-form4_151502282586767.xml,recent
2018-01-03,4,0001467858-18-000007,2017-12-31,xslF345X03/wf-form4_151502281015541.xml,recent
2018-01-03,4,0001467858-18-000006,2017-12-31,xslF345X03/wf-form4_151502279447220.xml,recent
2018-01-03,4,0001467858-18-000005,2017-12-31,xslF345X03/wf-form4_151502277788375.xml,recent
2018-01-03,4,0001467858-18-000004,2017-12-31,xslF345X03/wf-form4_151502276286891.xml,recent
2018-01-03,4,0001467858-18-000003,2017-12-31,xslF345X03/wf-form4_151502274634476.xml,recent
2018-01-03,4,0001467858-18-000002,2017-12-31,xslF345X03/wf-form4_151502273085370.xml,recent
2018-01-03,4,0001467858-18-000001,2017-12-31,xslF345X03/wf-form4_151502271406649.xml,recent
2018-01-05,4,0001467858-18-000010,2018-01-04,xslF345X03/wf-form4_151519249043263.xml,recent
2018-01-16,8-K,0001467858-18-000012,2018-01-16,a20180116form8k.htm,recent
2018-01-18,4,0001467858-18-000013,2018-01-16,xslF345X03/wf-form4_151631647831884.xml,recent
2018-02-06,10-K,0001467858-18-000022,2017-12-31,gm201710k.htm,recent
2018-02-06,8-K,0001467858-18-000019,2018-02-06,a2017q4earningsrelease8-k.htm,recent
2018-02-08,SC 13G/A,0000215457-18-005179,,us37045v1008_012418.txt,recent
2018-02-09,SC 13G/A,0000932471-18-003275,,generalmotorsco.htm,recent
2018-02-12,8-K/A,0001467858-18-000025,2017-09-25,changeinregistrantscertify.htm,recent
2018-02-13,4,0001467858-18-000039,2018-02-09,xslF345X03/wf-form4_151856720004971.xml,recent
2018-02-13,4,0001467858-18-000038,2018-02-10,xslF345X03/wf-form4_151856717938269.xml,recent
2018-02-13,4,0001467858-18-000037,2018-02-10,xslF345X03/wf-form4_151856716128513.xml,recent
2018-02-13,4,0001467858-18-000036,2018-02-10,xslF345X03/wf-form4_151856714426305.xml,recent
2018-02-13,4,0001467858-18-000035,2018-02-10,xslF345X03/wf-form4_151856712695203.xml,recent
2018-02-13,4,0001467858-18-000034,2018-02-10,xslF345X03/wf-form4_151856711008407.xml,recent
2018-02-13,4,0001467858-18-000033,2018-02-10,xslF345X03/wf-form4_151856709145570.xml,recent
2018-02-13,4,0001467858-18-000032,2018-02-10,xslF345X03/wf-form4_151856707345337.xml,recent
2018-02-13,4,0001467858-18-000031,2018-02-10,xslF345X03/wf-form4_151856705524125.xml,recent
2018-02-13,4,0001467858-18-000030,2018-02-10,xslF345X03/wf-form4_151856703787680.xml,recent
2018-02-13,4,0001467858-18-000029,2018-02-10,xslF345X03/wf-form4_151856702025086.xml,recent
2018-02-13,8-K,0001467858-18-000028,2018-02-12,gmkorearestructuring021220.htm,recent
2018-02-14,4,0001467858-18-000050,2018-02-13,xslF345X03/wf-form4_151865170919402.xml,recent
2018-02-14,4,0001467858-18-000049,2018-02-13,xslF345X03/wf-form4_151865169162993.xml,recent
2018-02-14,4,0001467858-18-000048,2018-02-13,xslF345X03/wf-form4_151865167212800.xml,recent
2018-02-14,4,0001467858-18-000047,2018-02-13,xslF345X03/wf-form4_151865165053015.xml,recent
2018-02-14,4,0001467858-18-000046,2018-02-13,xslF345X03/wf-form4_151865163238232.xml,recent
2018-02-14,4,0001467858-18-000045,2018-02-13,xslF345X03/wf-form4_151865161432711.xml,recent
2018-02-14,4,0001467858-18-000044,2018-02-13,xslF345X03/wf-form4_151865159660495.xml,recent
2018-02-14,4,0001467858-18-000043,2018-02-13,xslF345X03/wf-form4_151865157894661.xml,recent
2018-02-14,4,0001467858-18-000042,2018-02-13,xslF345X03/wf-form4_151865155805164.xml,recent
2018-02-14,4,0001467858-18-000041,2018-02-13,xslF345X03/wf-form4_151865154075948.xml,recent
2018-02-14,4,0001467858-18-000040,2018-02-13,xslF345X03/wf-form4_151865152335045.xml,recent
2018-02-20,4,0001467858-18-000061,2018-02-15,xslF345X03/wf-form4_151917165626258.xml,recent
2018-02-20,4,0001467858-18-000060,2018-02-15,xslF345X03/wf-form4_151917163836951.xml,recent
2018-02-20,4,0001467858-18-000059,2018-02-15,xslF345X03/wf-form4_151917162091501.xml,recent
2018-02-20,4,0001467858-18-000058,2018-02-15,xslF345X03/wf-form4_151917160417858.xml,recent
2018-02-20,4,0001467858-18-000057,2018-02-15,xslF345X03/wf-form4_151917158665806.xml,recent
2018-02-20,4,0001467858-18-000056,2018-02-15,xslF345X03/wf-form4_151917156882095.xml,recent
2018-02-20,4,0001467858-18-000055,2018-02-15,xslF345X03/wf-form4_151917155111722.xml,recent
2018-02-20,4,0001467858-18-000054,2018-02-15,xslF345X03/wf-form4_151917153353548.xml,recent
2018-02-20,4,0001467858-18-000053,2018-02-15,xslF345X03/wf-form4_151917151650071.xml,recent
2018-02-20,4,0001467858-18-000052,2018-02-15,xslF345X03/wf-form4_151917149879727.xml,recent
2018-02-20,4,0001467858-18-000051,2018-02-15,xslF345X03/wf-form4_151917148173788.xml,recent
2018-02-27,424B7,0001193125-18-061111,,d535875d424b7.htm,recent
2018-02-28,FWP,0001193125-18-061727,,d535875dfwp.htm,recent
2018-03-01,424B7,0001193125-18-067178,,d535875d424b7.htm,recent
2018-03-02,8-K,0001193125-18-068900,2018-02-27,d512821d8k.htm,recent
2018-03-05,4,0001214659-18-001781,2018-03-02,xslF345X03/marketforms-41262.xml,recent
2018-04-04,4,0001467858-18-000062,2018-04-02,xslF345X03/wf-form4_152287598829083.xml,recent
2018-04-19,8-K,0001193125-18-122715,2018-04-17,d573907d8k.htm,recent
2018-04-20,8-K,0001193125-18-122841,2018-04-18,d489106d8k.htm,recent
2018-04-26,10-Q,0001467858-18-000068,2018-03-31,gm2018q1.htm,recent
2018-04-26,8-K,0001467858-18-000065,2018-04-26,a2018q1earningsrelease8-k.htm,recent
2018-04-27,DEF 14A,0001193125-18-137797,2018-06-12,d519767ddef14a.htm,recent
2018-04-27,DEFA14A,0001193125-18-137812,,d519767ddefa14a.htm,recent
2018-04-30,3,0001467858-18-000069,2018-04-18,xslF345X02/wf-form3_152512269766895.xml,recent
2018-05-10,PX14A6G,0001214659-18-003548,,p510180px14a6g.htm,recent
2018-05-16,CT ORDER,9999999997-18-005730,,filename1.pdf,recent
2018-05-31,8-K,0001467858-18-000075,2018-05-31,gmcruise053120188-k.htm,recent
2018-05-31,SD,0001467858-18-000073,,gmformsd2017.htm,recent
2018-06-05,4,0001467858-18-000076,2018-06-01,xslF345X03/wf-form4_152823824024167.xml,recent
2018-06-12,8-K/A,0001467858-18-000078,2018-04-17,form8-kawenigcommittees.htm,recent
2018-06-13,UPLOAD,0000000000-18-018231,,filename1.pdf,recent
2018-06-14,8-K,0001467858-18-000080,2018-06-12,a8-kannualmeetingxcertifie.htm,recent
2018-06-15,8-K,0001193125-18-194544,2018-06-12,d608386d8k.htm,recent
2018-06-26,CORRESP,0001467858-18-000083,,filename1.htm,recent
2018-07-10,UPLOAD,0000000000-18-021091,,filename1.pdf,recent
2018-07-25,10-Q,0001467858-18-000089,2018-06-30,gm2018q2.htm,recent
2018-07-25,8-K,0001467858-18-000087,2018-07-25,a2018q2earningsrelease8-k.htm,recent
2018-07-26,8-K,0001193125-18-227749,2018-07-24,d579962d8k.htm,recent
2018-08-20,8-K,0001193125-18-252892,2018-08-14,d595623d8k.htm,recent
2018-09-05,424B2,0001193125-18-266806,,d618880d424b2.htm,recent
2018-09-05,8-K,0001193125-18-266808,2018-09-05,d620742d8k.htm,recent
2018-09-05,FWP,0001193125-18-267334,,d583251dfwp.htm,recent
2018-09-07,424B2,0001193125-18-268865,,d618880d424b2.htm,recent
2018-09-07,8-K,0001193125-18-269202,2018-09-01,d619048d8k.htm,recent
2018-09-10,8-K,0001193125-18-270117,2018-09-05,d616437d8k.htm,recent
2018-09-11,3,0001467858-18-000091,2018-09-01,xslF345X02/wf-form3_153670299352969.xml,recent
2018-09-11,3,0001467858-18-000090,2018-09-01,xslF345X02/wf-form3_153670281422994.xml,recent
2018-10-03,4,0001467858-18-000095,2018-10-01,xslF345X03/wf-form4_153860150966092.xml,recent
2018-10-03,8-K,0001467858-18-000094,2018-10-03,gmcruise100320188-k.htm,recent
2018-10-10,8-K,0001467858-18-000097,2018-10-08,form8-knewdirectorxmiscikv2.htm,recent
2018-10-18,3,0001467858-18-000098,2018-10-08,xslF345X02/wf-form3_153989832503096.xml,recent
2018-10-31,10-Q,0001467858-18-000104,2018-09-30,gm2018q3.htm,recent
2018-10-31,8-K,0001467858-18-000101,2018-10-31,a2018q3earningsrelease8-k.htm,recent
2018-11-27,8-K,0001193125-18-334127,2018-11-20,d613073d8k.htm,recent
2018-11-29,8-K,0001467858-18-000106,2018-11-29,form8-kredanammannfinal112.htm,recent
2018-12-14,8-K/A,0001467858-18-000108,2018-10-08,a8-kamendmentmiscikx122018.htm,recent
2019-01-03,4,0001467858-19-000024,2018-12-31,xslF345X03/wf-form4_154655492647677.xml,recent
2019-01-03,4,0001467858-19-000023,2018-12-31,xslF345X03/wf-form4_154655488279511.xml,recent
2019-01-03,4,0001467858-19-000022,2018-12-31,xslF345X03/wf-form4_154655484357839.xml,recent
2019-01-03,4,0001467858-19-000021,2018-12-31,xslF345X03/wf-form4_154655480436025.xml,recent
2019-01-03,4,0001467858-19-000020,2018-12-31,xslF345X03/wf-form4_154655476528719.xml,recent
2019-01-03,4,0001467858-19-000019,2018-12-31,xslF345X03/wf-form4_154655472600108.xml,recent
2019-01-03,4,0001467858-19-000018,2018-12-31,xslF345X03/wf-form4_154655468620317.xml,recent
2019-01-03,4,0001467858-19-000017,2018-12-31,xslF345X03/wf-form4_154655464773326.xml,recent
2019-01-03,4,0001467858-19-000016,2018-12-31,xslF345X03/wf-form4_154655460801726.xml,recent
2019-01-03,4,0001467858-19-000015,2018-12-31,xslF345X03/wf-form4_154655456741872.xml,recent
2019-01-03,4,0001467858-19-000014,2018-12-31,xslF345X03/wf-form4_154655452690011.xml,recent
2019-01-03,8-K,0001467858-19-000002,2019-01-03,a8-kreuss.htm,recent
2019-01-11,8-K,0001467858-19-000026,2019-01-11,a20190111form8k.htm,recent
2019-01-14,8-K,0001193125-19-008995,2019-01-14,d503039d8k.htm,recent
2019-02-04,SC 13G/A,0000215457-19-004065,,us37045v1008_020419.txt,recent
2019-02-06,10-K,0001467858-19-000033,2018-12-31,gm201810k.htm,recent
2019-02-06,8-K,0001467858-19-000029,2019-02-06,a2018q4earningsrelease8-k.htm,recent
2019-02-11,8-K,0001467858-19-000035,2019-02-11,form8-knewdirectorxbush022.htm,recent
2019-02-11,SC 13G/A,0000932471-19-004818,,generalmotorsco.htm,recent
2019-02-12,4,0001467858-19-000044,2019-02-10,xslF345X03/wf-form4_155000720945186.xml,recent
2019-02-12,4,0001467858-19-000043,2019-02-10,xslF345X03/wf-form4_155000718408070.xml,recent
2019-02-12,4,0001467858-19-000042,2019-02-10,xslF345X03/wf-form4_155000715946444.xml,recent
2019-02-12,4,0001467858-19-000041,2019-02-10,xslF345X03/wf-form4_155000713459978.xml,recent
2019-02-12,4,0001467858-19-000040,2019-02-10,xslF345X03/wf-form4_155000711012941.xml,recent
2019-02-12,4,0001467858-19-000039,2019-02-10,xslF345X03/wf-form4_155000708071492.xml,recent
2019-02-12,4,0001467858-19-000038,2019-02-10,xslF345X03/wf-form4_155000705709782.xml,recent
2019-02-12,4,0001467858-19-000037,2019-02-10,xslF345X03/wf-form4_155000703377941.xml,recent
2019-02-12,4,0001467858-19-000036,2019-02-10,xslF345X03/wf-form4_155000700494675.xml,recent
2019-02-14,SC 13G,0001193125-19-040831,,d675290dsc13g.htm,recent
2019-02-14,SC 13G,0001422849-19-000058,,edggm.txt,recent
2019-02-15,4,0001467858-19-000053,2019-02-13,xslF345X03/wf-form4_155026587678845.xml,recent
2019-02-15,4,0001467858-19-000052,2019-02-13,xslF345X03/wf-form4_155026584447863.xml,recent
2019-02-15,4,0001467858-19-000051,2019-02-13,xslF345X03/wf-form4_155026581238120.xml,recent
2019-02-15,4,0001467858-19-000050,2019-02-13,xslF345X03/wf-form4_155026578024612.xml,recent
2019-02-15,4,0001467858-19-000049,2019-02-13,xslF345X03/wf-form4_155026574857079.xml,recent
2019-02-15,4,0001467858-19-000048,2019-02-13,xslF345X03/wf-form4_155026571728748.xml,recent
2019-02-15,4,0001467858-19-000047,2019-02-13,xslF345X03/wf-form4_155026567393752.xml,recent
2019-02-15,4,0001467858-19-000046,2019-02-13,xslF345X03/wf-form4_155026564273616.xml,recent
2019-02-15,4,0001467858-19-000045,2019-02-13,xslF345X03/wf-form4_155026560922226.xml,recent
2019-02-19,3,0001467858-19-000063,2019-02-11,xslF345X02/wf-form3_155061154413804.xml,recent
2019-02-19,4,0001467858-19-000062,2019-02-15,xslF345X03/wf-form4_155061150389101.xml,recent
2019-02-19,4,0001467858-19-000061,2019-02-15,xslF345X03/wf-form4_155061146931360.xml,recent
2019-02-19,4,0001467858-19-000060,2019-02-15,xslF345X03/wf-form4_155061143461795.xml,recent
2019-02-19,4,0001467858-19-000059,2019-02-15,xslF345X03/wf-form4_155061140305043.xml,recent
2019-02-19,4,0001467858-19-000058,2019-02-15,xslF345X03/wf-form4_155061136746969.xml,recent
2019-02-19,4,0001467858-19-000057,2019-02-15,xslF345X03/wf-form4_155061133259158.xml,recent
2019-02-19,4,0001467858-19-000056,2019-02-15,xslF345X03/wf-form4_155061129699762.xml,recent
2019-02-19,4,0001467858-19-000055,2019-02-15,xslF345X03/wf-form4_155061126313809.xml,recent
2019-02-19,4,0001467858-19-000054,2019-02-15,xslF345X03/wf-form4_155061122811621.xml,recent
2019-02-28,8-K/A,0001467858-19-000067,2019-02-11,a201802268-kaxbushcommitte.htm,recent
2019-03-04,8-K,0001467858-19-000069,2019-02-26,a8-kxbateyretirementx032019.htm,recent
2019-03-04,CT ORDER,9999999997-19-000688,,filename1.pdf,recent
2019-03-06,4,0001467858-19-000070,2019-03-04,xslF345X03/wf-form4_155190806608595.xml,recent
2019-04-03,3,0001467858-19-000078,2019-04-01,xslF345X02/wf-form3_155432856513072.xml,recent
2019-04-03,4,0001467858-19-000074,2019-04-01,xslF345X03/wf-form4_155432557396304.xml,recent
2019-04-03,4,0001467858-19-000073,2019-04-01,xslF345X03/wf-form4_155432553111052.xml,recent
2019-04-03,4,0001467858-19-000072,2019-04-01,xslF345X03/wf-form4_155432549031438.xml,recent
2019-04-16,8-K,0001193125-19-107913,2019-04-16,d734683d8k.htm,recent
2019-04-18,DEF 14A,0001193125-19-110751,2019-06-04,d613802ddef14a.htm,recent
2019-04-18,DEFA14A,0001193125-19-110760,,d613802ddefa14a.htm,recent
2019-04-30,10-Q,0001467858-19-000084,2019-03-31,gm2019q1.htm,recent
2019-04-30,8-K,0001467858-19-000082,2019-04-30,a2019q1earningsrelease8-k.htm,recent
2019-04-30,UPLOAD,0000000000-19-007798,,filename1.pdf,recent
2019-05-02,PX14A6G,0001214659-19-003121,,d52190px14a6g.htm,recent
2019-05-09,4,0001467858-19-000086,2019-05-07,xslF345X03/wf-form4_155743442417736.xml,recent
2019-05-09,PX14A6G,0001140361-19-008784,,formpx14a6g.htm,recent
2019-05-10,4,0001467858-19-000088,2019-05-09,xslF345X03/wf-form4_155751971670149.xml,recent
2019-05-10,CORRESP,0001467858-19-000092,,filename1.htm,recent
2019-05-15,UPLOAD,0000000000-19-008517,,filename1.pdf,recent
2019-05-31,SD,0001467858-19-000095,,gmformsd2018.htm,recent
2019-06-07,8-K,0001467858-19-000097,2019-06-04,a14223383_3.htm,recent
2019-06-14,3,0001467858-19-000099,2019-06-05,xslF345X02/wf-form3_156053871836142.xml,recent
2019-07-10,25-NSE,0000876661-19-000731,,xslF25X02/primary_doc.xml,recent
2019-08-01,10-Q,0001467858-19-000107,2019-06-30,gm2019q2.htm,recent
2019-08-01,8-K,0001467858-19-000104,2019-08-01,a2019q2earningsrelease8-k.htm,recent
2019-08-06,4,0001467858-19-000109,2019-08-02,xslF345X03/wf-form4_156512803534497.xml,recent
2019-08-22,SC 13G/A,0001214659-19-005409,,g820191sc13ga2.htm,recent
2019-08-22,SC 13G/A,0001214659-19-005408,,r820190sc13ga2.htm,recent
2019-09-09,4,0001467858-19-000111,2019-09-05,xslF345X03/wf-form4_156806641590060.xml,recent
2019-09-11,4,0001467858-19-000113,2019-09-09,xslF345X03/wf-form4_156823875426397.xml,recent
2019-10-29,10-Q,0001467858-19-000121,2019-09-30,gm2019q3.htm,recent
2019-10-29,8-K,0001467858-19-000117,2019-10-29,a2019q3earningsrelease.htm,recent
2019-11-08,3,0001467858-19-000124,2019-11-01,xslF345X02/wf-form3_157324992767754.xml,recent
2020-01-03,4,0001467858-20-000020,2019-12-31,xslF345X03/wf-form4_157808875754635.xml,recent
2020-01-03,4,0001467858-20-000019,2019-12-31,xslF345X03/wf-form4_157808873235503.xml,recent
2020-01-03,4,0001467858-20-000018,2019-12-31,xslF345X03/wf-form4_157808870835317.xml,recent
2020-01-03,4,0001467858-20-000017,2019-12-31,xslF345X03/wf-form4_157808868832285.xml,recent
2020-01-03,4,0001467858-20-000016,2019-12-31,xslF345X03/wf-form4_157808866714554.xml,recent
2020-01-03,4,0001467858-20-000015,2019-12-31,xslF345X03/wf-form4_157808864603085.xml,recent
2020-01-03,4,0001467858-20-000014,2019-12-31,xslF345X03/wf-form4_157808862374726.xml,recent
2020-01-03,4,0001467858-20-000013,2019-12-31,xslF345X03/wf-form4_157808860257999.xml,recent
2020-01-03,4,0001467858-20-000012,2019-12-31,xslF345X03/wf-form4_157808858095475.xml,recent
2020-01-03,4,0001467858-20-000011,2019-12-31,xslF345X03/wf-form4_157808855966293.xml,recent
2020-02-05,10-K,0001467858-20-000028,2019-12-31,gm201910k.htm,recent
2020-02-05,8-K,0001467858-20-000023,2020-02-05,a2019q4earningsrelease.htm,recent
2020-02-05,S-3ASR,0001193125-20-025485,,d746636ds3asr.htm,recent
2020-02-05,SC 13G/A,0000834237-20-005318,,us37045v1008_020420.txt,recent
2020-02-12,SC 13G/A,0001104659-20-018571,,tv01815-generalmotorsco.htm,recent
2020-02-14,4,0001467858-20-000048,2020-02-12,xslF345X03/wf-form4_158171663614101.xml,recent
2020-02-14,4,0001467858-20-000047,2020-02-12,xslF345X03/wf-form4_158171661381699.xml,recent
2020-02-14,4,0001467858-20-000046,2020-02-12,xslF345X03/wf-form4_158171659304168.xml,recent
2020-02-14,4,0001467858-20-000045,2020-02-12,xslF345X03/wf-form4_158171657216944.xml,recent
2020-02-14,4,0001467858-20-000044,2020-02-12,xslF345X03/wf-form4_158171655117185.xml,recent
2020-02-14,4,0001467858-20-000043,2020-02-12,xslF345X03/wf-form4_158171652885748.xml,recent
2020-02-14,4,0001467858-20-000042,2020-02-12,xslF345X03/wf-form4_158171650768705.xml,recent
2020-02-14,4,0001467858-20-000041,2020-02-12,xslF345X03/wf-form4_158171648659403.xml,recent
2020-02-14,4,0001467858-20-000040,2020-02-12,xslF345X03/wf-form4_158171646545921.xml,recent
2020-02-14,4,0001467858-20-000039,2020-02-12,xslF345X03/wf-form4_158171644402900.xml,recent
2020-02-14,SC 13G/A,0001193125-20-038354,,d852280dsc13ga.htm,recent
2020-02-14,SC 13G/A,0001422849-20-000061,,edggm.txt,recent
2020-02-18,8-K,0001467858-20-000050,2020-02-13,a8-k.htm,recent
2020-02-19,4,0001628280-20-001828,2020-02-14,xslF345X03/wf-form4_158215396684376.xml,recent
2020-02-19,4,0001628280-20-001827,2020-02-14,xslF345X03/wf-form4_158215394699822.xml,recent
2020-02-19,4,0001628280-20-001826,2020-02-14,xslF345X03/wf-form4_158215392555980.xml,recent
2020-02-19,4,0001628280-20-001824,2020-02-14,xslF345X03/wf-form4_158215390602258.xml,recent
2020-02-19,4,0001628280-20-001823,2020-02-14,xslF345X03/wf-form4_158215388439287.xml,recent
2020-02-19,4,0001628280-20-001822,2020-02-14,xslF345X03/wf-form4_158215386176398.xml,recent
2020-02-19,4,0001628280-20-001821,2020-02-14,xslF345X03/wf-form4_158215384219967.xml,recent
2020-02-19,4,0001628280-20-001820,2020-02-14,xslF345X03/wf-form4_158215381946179.xml,recent
2020-02-19,4,0001628280-20-001819,2020-02-14,xslF345X03/wf-form4_158215380000198.xml,recent
2020-02-19,4,0001628280-20-001818,2020-02-14,xslF345X03/wf-form4_158215377823789.xml,recent
2020-02-28,4,0001467858-20-000053,2020-02-26,xslF345X03/wf-form4_158291196089779.xml,recent
2020-03-24,8-K,0001467858-20-000055,2020-03-24,gmfacilitiesdraw8-k.htm,recent
2020-03-27,4,0001467858-20-000057,2020-03-25,xslF345X03/wf-form4_158534194983567.xml,recent
2020-04-17,8-K,0001467858-20-000060,2020-04-14,a8k.htm,recent
2020-04-27,8-K,0001467858-20-000062,2020-04-24,a8k.htm,recent
2020-04-27,DEF 14A,0001193125-20-120812,2020-06-16,d752756ddef14a.htm,recent
2020-04-27,DEFA14A,0001193125-20-120817,,d752756ddefa14a.htm,recent
2020-04-29,3,0001467858-20-000064,2020-04-27,xslF345X02/wf-form3_158819421455460.xml,recent
2020-05-06,10-Q,0001467858-20-000069,2020-03-31,gm2020q1.htm,recent
2020-05-06,8-K,0001467858-20-000067,2020-05-06,a2020q1earningsrelease.htm,recent
2020-05-07,424B5,0001193125-20-135662,,d889689d424b5.htm,recent
2020-05-08,4,0001467858-20-000091,2020-05-07,xslF345X03/wf-form4_158897361194120.xml,recent
2020-05-08,4,0001467858-20-000090,2020-05-07,xslF345X03/wf-form4_158897359041259.xml,recent
2020-05-08,4,0001467858-20-000089,2020-05-07,xslF345X03/wf-form4_158897357032395.xml,recent
2020-05-08,4,0001467858-20-000088,2020-05-07,xslF345X03/wf-form4_158897354310783.xml,recent
2020-05-08,4,0001467858-20-000087,2020-05-07,xslF345X03/wf-form4_158897352059609.xml,recent
2020-05-08,4,0001467858-20-000086,2020-05-07,xslF345X03/wf-form4_158897349845809.xml,recent
2020-05-08,4,0001467858-20-000085,2020-05-07,xslF345X03/wf-form4_158897347716602.xml,recent
2020-05-08,4,0001467858-20-000084,2020-05-07,xslF345X03/wf-form4_158897345515483.xml,recent
2020-05-08,4,0001467858-20-000083,2020-05-07,xslF345X03/wf-form4_158897343060904.xml,recent
2020-05-08,4,0001467858-20-000082,2020-05-07,xslF345X03/wf-form4_158897340913929.xml,recent
2020-05-08,4,0001467858-20-000081,2020-05-07,xslF345X03/wf-form4_158897338735345.xml,recent
2020-05-08,FWP,0001193125-20-136641,,d889689dfwp.htm,recent
2020-05-08,FWP,0001193125-20-136640,,d889689dfwp.htm,recent
2020-05-11,424B5,0001193125-20-139180,,d889689d424b5.htm,recent
2020-05-12,8-K,0001193125-20-140520,2020-05-07,d893278d8k.htm,recent
2020-05-12,FWP,0001193125-20-140504,,d874231dfwp.htm,recent
2020-05-13,8-K,0001467858-20-000094,2020-05-13,a8k.htm,recent
2020-05-14,4,0001467858-20-000097,2020-05-12,xslF345X03/wf-form4_158948705282310.xml,recent
2020-05-27,PX14A6G,0001140361-20-012517,,formpx14a6g.htm,recent
2020-05-29,PX14A6G,0001214659-20-005131,,p529200px14a6g.htm,recent
2020-06-01,SD,0001467858-20-000100,,gmformsd2019.htm,recent
2020-06-02,4,0001467858-20-000102,2020-05-29,xslF345X03/wf-form4_159113333580522.xml,recent
2020-06-18,8-K,0001193125-20-172519,2020-06-16,d906975d8k.htm,recent
2020-06-25,S-8,0001193125-20-178815,,d920608ds8.htm,recent
2020-07-09,8-K,0001193125-20-190457,2020-07-06,d947583d8k.htm,recent
2020-07-20,3,0001467858-20-000106,2020-07-15,xslF345X02/wf-form3_159527808871893.xml,recent
2020-07-29,10-Q,0001467858-20-000113,2020-06-30,gm-20200630.htm,recent
2020-07-29,8-K,0001467858-20-000110,2020-07-29,gm-20200729.htm,recent
2020-08-11,8-K,0001193125-20-215751,2020-08-06,d150729d8k.htm,recent
2020-08-24,3,0001467858-20-000116,2020-08-15,xslF345X02/wf-form3_159830340208207.xml,recent
2020-09-08,8-K,0000950142-20-002167,2020-09-03,eh2001137_8k.htm,recent
2020-10-05,4,0001467858-20-000120,2020-10-01,xslF345X03/wf-form4_160193195031366.xml,recent
2020-10-05,4,0001467858-20-000119,2020-10-01,xslF345X03/wf-form4_160193193198280.xml,recent
2020-10-22,4,0001467858-20-000122,2020-10-20,xslF345X03/wf-form4_160340172253558.xml,recent
2020-10-30,8-K,0001193125-20-282643,2020-10-30,d21359d8k.htm,recent
2020-11-05,10-Q,0001467858-20-000128,2020-09-30,gm-20200930.htm,recent
2020-11-05,8-K,0001467858-20-000126,2020-11-05,gm-20201105.htm,recent
2020-11-12,4,0001467858-20-000130,2020-11-09,xslF345X03/wf-form4_160522044992713.xml,recent
2020-11-13,4,0001467858-20-000132,2020-11-11,xslF345X03/wf-form4_160531211541261.xml,recent
2020-11-18,4,0001467858-20-000136,2020-11-16,xslF345X03/wf-form4_160574454580328.xml,recent
2020-11-18,4,0001467858-20-000135,2020-11-16,xslF345X03/wf-form4_160574453115680.xml,recent
2020-11-20,4,0001467858-20-000140,2020-11-18,xslF345X03/wf-form4_160591640899353.xml,recent
2020-11-20,4,0001467858-20-000139,2020-11-18,xslF345X03/wf-form4_160591639192065.xml,recent
2020-11-25,4,0001467858-20-000146,2020-11-23,xslF345X03/wf-form4_160634456597743.xml,recent
2020-11-25,4,0001467858-20-000145,2020-11-23,xslF345X03/wf-form4_160634453950263.xml,recent
2020-11-25,4,0001467858-20-000144,2020-11-24,xslF345X03/wf-form4_160634452041345.xml,recent
2020-12-03,3,0001467858-20-000149,2020-12-01,xslF345X02/wf-form3_160703262783400.xml,recent
2020-12-03,4,0001467858-20-000150,2020-12-01,xslF345X03/wf-form4_160703310941142.xml,recent
2020-12-14,4,0001467858-20-000152,2020-12-10,xslF345X03/wf-form4_160798546800770.xml,recent
2020-12-15,4,0001467858-20-000154,2020-12-14,xslF345X03/wf-form4_160807135733069.xml,recent
2020-12-28,4,0001467858-20-000156,2020-12-23,xslF345X03/wf-form4_160919425875857.xml,recent
2021-01-05,4,0001467858-21-000020,2020-12-31,xslF345X03/wf-form4_160988412660817.xml,recent
2021-01-05,4,0001467858-21-000018,2020-12-31,xslF345X03/wf-form4_160988385982547.xml,recent
2021-01-05,4,0001467858-21-000016,2020-12-31,xslF345X03/wf-form4_160988362137473.xml,recent
2021-01-05,4,0001467858-21-000014,2020-12-31,xslF345X03/wf-form4_160988342540890.xml,recent
2021-01-05,4,0001467858-21-000012,2020-12-31,xslF345X03/wf-form4_160988326860919.xml,recent
2021-01-05,4,0001467858-21-000010,2020-12-31,xslF345X03/wf-form4_160988307845413.xml,recent
2021-01-05,4,0001467858-21-000008,2020-12-31,xslF345X03/wf-form4_160988290699264.xml,recent
2021-01-05,4,0001467858-21-000006,2020-12-31,xslF345X03/wf-form4_160988267441182.xml,recent
2021-01-05,4,0001467858-21-000004,2020-12-31,xslF345X03/wf-form4_160988217514081.xml,recent
2021-01-05,4,0001467858-21-000002,2020-12-31,xslF345X03/wf-form4_160988188518631.xml,recent
2021-01-08,4,0000899243-21-001236,2021-01-06,xslF345X03/doc4.xml,recent
2021-01-13,4,0001467858-21-000026,2021-01-12,xslF345X03/wf-form4_161057790784463.xml,recent
2021-01-13,4,0001467858-21-000024,2021-01-11,xslF345X03/wf-form4_161057758000630.xml,recent
2021-01-13,4,0001467858-21-000022,2021-01-11,xslF345X03/wf-form4_161057725955845.xml,recent
2021-01-15,4,0001467858-21-000028,2021-01-13,xslF345X03/wf-form4_161074853903512.xml,recent
2021-01-15,SC 13G/A,0001214659-21-000545,,g114210sc13ga3.htm,recent
2021-01-15,SC 13G/A,0001214659-21-000544,,f114211sc13ga3.htm,recent
2021-01-21,4,0001467858-21-000030,2021-01-19,xslF345X03/wf-form4_161126744680936.xml,recent
2021-01-29,SC 13G/A,0000834237-21-003719,,us37045v1008_012921.txt,recent
2021-02-10,10-K,0001467858-21-000037,2020-12-31,gm-20201231.htm,recent
2021-02-10,8-K,0001467858-21-000035,2021-02-10,gm-20210210.htm,recent
2021-02-10,SC 13G/A,0001104659-21-018161,,tv0944-generalmotorsco.htm,recent
2021-02-16,SC 13G,0001422848-21-000063,,SEC13G_Filing.htm,recent
2021-02-16,SC 13G/A,0001193125-21-044980,,d108341dsc13ga.htm,recent
2021-02-16,SC 13G/A,0001422849-21-000052,,SEC13G_Filing.htm,recent
2021-02-17,4,0001467858-21-000047,2021-02-13,xslF345X03/wf-form4_161360027055074.xml,recent
2021-02-17,4,0001467858-21-000046,2021-02-13,xslF345X03/wf-form4_161360022545559.xml,recent
2021-02-17,4,0001467858-21-000045,2021-02-13,xslF345X03/wf-form4_161360019669301.xml,recent
2021-02-17,4,0001467858-21-000044,2021-02-13,xslF345X03/wf-form4_161360017058962.xml,recent
2021-02-17,4,0001467858-21-000043,2021-02-13,xslF345X03/wf-form4_161360013929246.xml,recent
2021-02-17,4,0001467858-21-000042,2021-02-13,xslF345X03/wf-form4_161360012330308.xml,recent
2021-02-17,4,0001467858-21-000041,2021-02-13,xslF345X03/wf-form4_161360009518140.xml,recent
2021-02-17,4,0001467858-21-000040,2021-02-13,xslF345X03/wf-form4_161360007601882.xml,recent
2021-02-17,4,0001467858-21-000039,2021-02-13,xslF345X03/wf-form4_161360004546426.xml,recent
2021-02-17,4,0001467858-21-000038,2021-02-13,xslF345X03/wf-form4_161360000143490.xml,recent
2021-02-22,4,0001467858-21-000069,2021-02-18,xslF345X03/wf-form4_161403284513193.xml,recent
2021-02-22,4,0001467858-21-000068,2021-02-18,xslF345X03/wf-form4_161403282056120.xml,recent
2021-02-22,4,0001467858-21-000067,2021-02-18,xslF345X03/wf-form4_161403280147001.xml,recent
2021-02-22,4,0001467858-21-000066,2021-02-18,xslF345X03/wf-form4_161403277851117.xml,recent
2021-02-22,4,0001467858-21-000065,2021-02-18,xslF345X03/wf-form4_161403273168163.xml,recent
2021-02-22,4,0001467858-21-000064,2021-02-18,xslF345X03/wf-form4_161403267825218.xml,recent
2021-02-22,4,0001467858-21-000063,2021-02-18,xslF345X03/wf-form4_161403263963173.xml,recent
2021-02-22,4,0001467858-21-000062,2021-02-18,xslF345X03/wf-form4_161403261929187.xml,recent
2021-02-22,4,0001467858-21-000061,2021-02-18,xslF345X03/wf-form4_161403260330473.xml,recent
2021-02-22,4,0001467858-21-000060,2021-02-18,xslF345X03/wf-form4_161403258082025.xml,recent
2021-02-22,4,0001467858-21-000059,2021-02-18,xslF345X03/wf-form4_161403253586277.xml,recent
2021-03-16,4,0001467858-21-000071,2021-03-12,xslF345X03/wf-form4_161593716570999.xml,recent
2021-03-17,4,0001467858-21-000073,2021-03-15,xslF345X03/wf-form4_161601555182402.xml,recent
2021-03-22,4,0001467858-21-000075,2021-03-18,xslF345X03/wf-form4_161644820001537.xml,recent
2021-03-24,4,0001467858-21-000081,2021-03-22,xslF345X03/wf-form4_161662044669871.xml,recent
2021-03-24,4,0001467858-21-000080,2021-03-22,xslF345X03/wf-form4_161662042770934.xml,recent
2021-03-24,4,0001467858-21-000079,2021-03-22,xslF345X03/wf-form4_161662041040634.xml,recent
2021-03-25,8-K,0001193125-21-094501,2021-03-25,d161635d8k.htm,recent
2021-03-31,3,0001467858-21-000085,2021-03-25,xslF345X02/wf-form3_161722169025381.xml,recent
2021-03-31,3,0001467858-21-000084,2021-03-25,xslF345X02/wf-form3_161722146529178.xml,recent
2021-04-05,4,0001467858-21-000105,2021-04-01,xslF345X03/wf-form4_161765884980976.xml,recent
2021-04-05,4,0001467858-21-000104,2021-04-01,xslF345X03/wf-form4_161765876012801.xml,recent
2021-04-05,4,0001467858-21-000103,2021-04-01,xslF345X03/wf-form4_161765867753892.xml,recent
2021-04-05,4,0001467858-21-000102,2021-04-01,xslF345X03/wf-form4_161765857472133.xml,recent
2021-04-05,4,0001467858-21-000101,2021-04-01,xslF345X03/wf-form4_161765849109182.xml,recent
2021-04-05,4,0001467858-21-000100,2021-04-01,xslF345X03/wf-form4_161765839988905.xml,recent
2021-04-05,4,0001467858-21-000099,2021-04-01,xslF345X03/wf-form4_161765826365834.xml,recent
2021-04-05,4,0001467858-21-000098,2021-04-01,xslF345X03/wf-form4_161765813986303.xml,recent
2021-04-05,4,0001467858-21-000097,2021-04-01,xslF345X03/wf-form4_161765803323287.xml,recent
2021-04-05,4,0001467858-21-000096,2021-04-01,xslF345X03/wf-form4_161765794233832.xml,recent
2021-04-07,4,0001467858-21-000109,2021-04-05,xslF345X03/wf-form4_161782996905890.xml,recent
2021-04-07,4,0001467858-21-000108,2021-04-05,xslF345X03/wf-form4_161782993519543.xml,recent
2021-04-07,8-K,0001193125-21-109043,2021-04-07,d125526d8k.htm,recent
2021-04-16,UPLOAD,0000000000-21-004623,,filename1.pdf,recent
2021-04-23,CORRESP,0001467858-21-000111,,filename1.htm,recent
2021-04-26,UPLOAD,0000000000-21-005226,,filename1.pdf,recent
2021-04-30,DEF 14A,0001193125-21-143594,2021-06-14,d22375ddef14a.htm,recent
2021-04-30,DEFA14A,0001193125-21-143600,,d22375ddefa14a.htm,recent
2021-05-05,10-Q,0001467858-21-000117,2021-03-31,gm-20210331.htm,recent
2021-05-05,8-K,0001467858-21-000115,2021-05-05,gm-20210505.htm,recent
2021-05-07,PX14A6G,0001214659-21-005019,,r56212px14a6g.htm,recent
2021-06-01,SD,0001467858-21-000121,,gmformsd2020.htm,recent
2021-06-09,4,0001467858-21-000125,2021-06-07,xslF345X03/wf-form4_162327328487025.xml,recent
2021-06-09,4,0001467858-21-000124,2021-06-07,xslF345X03/wf-form4_162327323983878.xml,recent
2021-06-11,4,0001467858-21-000127,2021-06-09,xslF345X03/wf-form4_162344993575868.xml,recent
2021-06-14,PX14A6G,0001214659-21-006539,,g614210px14a6g.htm,recent
2021-06-15,4,0001467858-21-000129,2021-06-11,xslF345X03/wf-form4_162379133963894.xml,recent
2021-06-16,8-K,0001193125-21-192156,2021-06-14,d189618d8k.htm,recent
2021-07-02,4,0001467858-21-000135,2021-07-01,xslF345X03/wf-form4_162526067440047.xml,recent
2021-07-02,4,0001467858-21-000134,2021-07-01,xslF345X03/wf-form4_162526064838237.xml,recent
2021-07-02,4,0001467858-21-000131,2021-06-30,xslF345X03/wf-form4_162526011342783.xml,recent
2021-08-04,10-Q,0001467858-21-000142,2021-06-30,gm-20210630.htm,recent
2021-08-04,8-K,0001467858-21-000141,2021-08-04,gm-20210804.htm,recent
2021-08-23,8-K,0001193125-21-254010,2021-08-17,d132589d8k.htm,recent
2021-10-08,8-K,0001193125-21-295457,2021-10-05,d136358d8k.htm,recent
2021-10-12,3,0001467858-21-000146,2021-10-05,xslF345X02/wf-form3_163407313296739.xml,recent
2021-10-27,10-Q,0001467858-21-000152,2021-09-30,gm-20210930.htm,recent
2021-10-27,8-K,0001467858-21-000151,2021-10-27,gm-20211027.htm,recent
2021-11-16,4,0001467858-21-000154,2021-11-12,xslF345X03/wf-form4_163710087793990.xml,recent
2021-11-19,4,0001467858-21-000166,2021-11-17,xslF345X03/wf-form4_163736017147764.xml,recent
2021-11-19,4,0001467858-21-000165,2021-11-17,xslF345X03/wf-form4_163736014706262.xml,recent
2021-11-19,4,0001467858-21-000164,2021-11-17,xslF345X03/wf-form4_163736012705556.xml,recent
2021-11-19,4,0001467858-21-000163,2021-11-17,xslF345X03/wf-form4_163736010840961.xml,recent
2021-11-19,4,0001467858-21-000162,2021-11-17,xslF345X03/wf-form4_163736008958165.xml,recent
2021-11-19,4,0001467858-21-000161,2021-11-17,xslF345X03/wf-form4_163736005359029.xml,recent
2021-12-01,4,0001467858-21-000168,2021-11-29,xslF345X03/wf-form4_163839722291789.xml,recent
2021-12-01,8-K,0001193125-21-345027,2021-12-01,d238764d8k.htm,recent
2021-12-10,8-K,0001193125-21-353965,2021-12-08,d220187d8k.htm,recent
2021-12-10,8-K/A,0001193125-21-353954,2021-03-25,d264135d8ka.htm,recent
2021-12-17,8-K,0001193125-21-361077,2021-12-13,d247086d8k.htm,recent
2022-01-04,4,0001467858-22-000024,2021-12-31,xslF345X03/wf-form4_164133522819587.xml,recent
2022-01-04,4,0001467858-22-000023,2021-12-31,xslF345X03/wf-form4_164133515505865.xml,recent
2022-01-04,4,0001467858-22-000022,2021-12-31,xslF345X03/wf-form4_164133511619571.xml,recent
2022-01-04,4,0001467858-22-000021,2021-12-31,xslF345X03/wf-form4_164133508242928.xml,recent
2022-01-04,4,0001467858-22-000020,2021-12-31,xslF345X03/wf-form4_164133499994715.xml,recent
2022-01-04,4,0001467858-22-000019,2021-12-31,xslF345X03/wf-form4_164133495348521.xml,recent
2022-01-04,4,0001467858-22-000018,2021-12-31,xslF345X03/wf-form4_164133491893076.xml,recent
2022-01-04,4,0001467858-22-000017,2021-12-31,xslF345X03/wf-form4_164133487639868.xml,recent
2022-01-04,4,0001467858-22-000016,2021-12-31,xslF345X03/wf-form4_164133482136891.xml,recent
2022-01-04,4,0001467858-22-000015,2021-12-31,xslF345X03/wf-form4_164133480310152.xml,recent
2022-01-04,4,0001467858-22-000014,2021-12-31,xslF345X03/wf-form4_164133477986040.xml,recent
2022-01-04,4,0001467858-22-000013,2021-12-31,xslF345X03/wf-form4_164133475661306.xml,recent
2022-01-06,4,0001467858-22-000030,2022-01-04,xslF345X03/wf-form4_164150682013258.xml,recent
2022-01-06,4,0001467858-22-000029,2022-01-04,xslF345X03/wf-form4_164150680280931.xml,recent
2022-01-06,4,0001467858-22-000028,2022-01-04,xslF345X03/wf-form4_164150678445656.xml,recent
2022-02-01,8-K,0001467858-22-000032,2022-02-01,gm-20220201.htm,recent
2022-02-02,10-K,0001467858-22-000034,2021-12-31,gm-20211231.htm,recent
2022-02-08,SC 13G/A,0000834237-22-008462,,us37045v1008_020822.txt,recent
2022-02-10,4,0001467858-22-000052,2022-02-08,xslF345X03/wf-form4_164453084103227.xml,recent
2022-02-10,4,0001467858-22-000051,2022-02-08,xslF345X03/wf-form4_164453081762394.xml,recent
2022-02-10,4,0001467858-22-000050,2022-02-08,xslF345X03/wf-form4_164453079238510.xml,recent
2022-02-10,4,0001467858-22-000049,2022-02-08,xslF345X03/wf-form4_164453076553057.xml,recent
2022-02-10,4,0001467858-22-000048,2022-02-08,xslF345X03/wf-form4_164453072457664.xml,recent
2022-02-10,4,0001467858-22-000047,2022-02-08,xslF345X03/wf-form4_164453069720890.xml,recent
2022-02-10,4,0001467858-22-000046,2022-02-08,xslF345X03/wf-form4_164453066482373.xml,recent
2022-02-10,4,0001467858-22-000045,2022-02-08,xslF345X03/wf-form4_164453062934860.xml,recent
2022-02-10,4,0001467858-22-000044,2022-02-08,xslF345X03/wf-form4_164453060331210.xml,recent
2022-02-10,SC 13G/A,0001104659-22-017625,,tv0972-generalmotorsco.htm,recent
2022-02-11,SC 13G/A,0001422849-22-000066,,SEC13G_Filing.htm,recent
2022-02-11,SC 13G/A,0001422848-22-000161,,SEC13G_Filing.htm,recent
2022-02-14,3/A,0000899243-22-006259,2022-02-03,xslF345X02/doc3a.xml,recent
2022-02-14,4,0001467858-22-000054,2022-02-10,xslF345X03/wf-form4_164484549178206.xml,recent
2022-02-14,SC 13G/A,0001193125-22-041648,,d486259dsc13ga.htm,recent
2022-02-15,4,0001467858-22-000070,2022-02-13,xslF345X03/wf-form4_164496324170811.xml,recent
2022-02-15,4,0001467858-22-000069,2022-02-13,xslF345X03/wf-form4_164496322453266.xml,recent
2022-02-15,4,0001467858-22-000068,2022-02-13,xslF345X03/wf-form4_164496320869615.xml,recent
2022-02-15,4,0001467858-22-000067,2022-02-13,xslF345X03/wf-form4_164496318961813.xml,recent
2022-02-15,4,0001467858-22-000066,2022-02-13,xslF345X03/wf-form4_164496314894882.xml,recent
2022-02-15,4,0001467858-22-000065,2022-02-13,xslF345X03/wf-form4_164496310938385.xml,recent
2022-02-15,4,0001467858-22-000064,2022-02-13,xslF345X03/wf-form4_164496309254616.xml,recent
2022-02-15,4,0001467858-22-000063,2022-02-13,xslF345X03/wf-form4_164496307375873.xml,recent
2022-02-18,4,0001467858-22-000072,2022-02-16,xslF345X03/wf-form4_164522234630556.xml,recent
2022-03-18,8-K,0001193125-22-079473,2022-03-18,d333615d8k.htm,recent
2022-04-05,8-K,0001193125-22-096284,2022-04-05,d345200d8k.htm,recent
2022-04-26,8-K,0001467858-22-000077,2022-04-26,gm-20220426.htm,recent
2022-04-27,10-Q,0001467858-22-000078,2022-03-31,gm-20220331.htm,recent
2022-04-29,8-K,0001193125-22-133649,2022-04-25,d357538d8k.htm,recent
2022-04-29,DEF 14A,0001193125-22-131642,2022-06-13,d215687ddef14a.htm,recent
2022-04-29,DEFA14A,0001193125-22-131688,,d215687ddefa14a.htm,recent
2022-05-02,4,0001467858-22-000080,2022-04-28,xslF345X03/wf-form4_165152548755283.xml,recent
2022-05-03,4,0001467858-22-000082,2022-04-29,xslF345X03/wf-form4_165161222290913.xml,recent
2022-05-16,4,0001467858-22-000084,2022-05-12,xslF345X03/wf-form4_165273162247577.xml,recent
2022-05-31,SD,0001467858-22-000086,,gmformsd2021.htm,recent
2022-06-03,DEFA14A,0001193125-22-166962,,d272732ddefa14a.htm,recent
2022-06-15,8-K,0001193125-22-174774,2022-06-13,d333832d8k.htm,recent
2022-07-01,8-K,0001467858-22-000088,2022-07-01,gm-20220701.htm,recent
2022-07-26,10-Q,0001467858-22-000094,2022-06-30,gm-20220630.htm,recent
2022-07-26,8-K,0001467858-22-000091,2022-07-26,gm-20220726.htm,recent
2022-07-28,424B5,0001193125-22-204265,,d372027d424b5.htm,recent
2022-07-29,FWP,0001193125-22-205224,,d372027dfwp.htm,recent
2022-08-01,424B5,0001193125-22-208713,,d372027d424b5.htm,recent
2022-08-02,8-K,0001193125-22-210038,2022-07-28,d380927d8k.htm,recent
2022-08-15,4,0001467858-22-000098,2022-08-12,xslF345X03/wf-form4_166060078134677.xml,recent
2022-08-15,4,0001467858-22-000097,2022-08-12,xslF345X03/wf-form4_166059753411349.xml,recent
2022-08-16,8-K,0001193125-22-221821,2022-08-15,d306767d8k.htm,recent
2022-08-19,8-K,0001193125-22-224666,2022-08-16,d372983d8k.htm,recent
2022-08-22,3,0001467858-22-000100,2022-08-15,xslF345X02/wf-form3_166120241461573.xml,recent
2022-09-30,4,0001467858-22-000102,2022-08-12,xslF345X03/wf-form4_166457557566653.xml,recent
2022-10-04,4,0001467858-22-000108,2022-10-01,xslF345X03/wf-form4_166491786808696.xml,recent
2022-10-04,4,0001467858-22-000107,2022-10-01,xslF345X03/wf-form4_166491784813017.xml,recent
2022-10-04,4,0001467858-22-000106,2022-10-01,xslF345X03/wf-form4_166491782611700.xml,recent
2022-10-04,8-K,0001193125-22-257215,2022-09-30,d309439d8k.htm,recent
2022-10-11,3,0001467858-22-000110,2022-09-30,xslF345X02/wf-form3_166549376089929.xml,recent
2022-10-25,10-Q,0001467858-22-000114,2022-09-30,gm-20220930.htm,recent
2022-10-25,8-K,0001467858-22-000113,2022-10-25,gm-20221025.htm,recent
2022-10-25,S-3ASR,0001193125-22-268339,,d389439ds3asr.htm,recent
2022-11-29,4,0001467858-22-000116,2022-11-28,xslF345X03/wf-form4_166975954352875.xml,recent
2022-12-05,4,0001467858-22-000118,2022-12-01,xslF345X03/wf-form4_167028434809454.xml,recent
2022-12-14,8-K,0001193125-22-304787,2022-12-09,d313387d8k.htm,recent
2022-12-20,3/A,0000899243-22-039129,2021-11-19,xslF345X02/doc3a.xml,recent
2022-12-20,4,0000899243-22-039132,2022-12-16,xslF345X03/doc4.xml,recent
2023-01-04,4,0001467858-23-000024,2022-12-31,xslF345X03/wf-form4_167287079838119.xml,recent
2023-01-04,4,0001467858-23-000023,2022-12-31,xslF345X03/wf-form4_167287076383958.xml,recent
2023-01-04,4,0001467858-23-000022,2022-12-31,xslF345X03/wf-form4_167287073821524.xml,recent
2023-01-04,4,0001467858-23-000021,2022-12-31,xslF345X03/wf-form4_167287069355439.xml,recent
2023-01-04,4,0001467858-23-000020,2022-12-31,xslF345X03/wf-form4_167287065688472.xml,recent
2023-01-04,4,0001467858-23-000019,2022-12-31,xslF345X03/wf-form4_167287062780918.xml,recent
2023-01-04,4,0001467858-23-000018,2022-12-31,xslF345X03/wf-form4_167287059424785.xml,recent
2023-01-04,4,0001467858-23-000017,2022-12-31,xslF345X03/wf-form4_167287053503633.xml,recent
2023-01-04,4,0001467858-23-000016,2022-12-31,xslF345X03/wf-form4_167287051530676.xml,recent
2023-01-04,4,0001467858-23-000015,2022-12-31,xslF345X03/wf-form4_167287046555528.xml,recent
2023-01-04,4,0001467858-23-000014,2022-12-31,xslF345X03/wf-form4_167287042895159.xml,recent
2023-01-04,4,0001467858-23-000013,2022-12-31,xslF345X03/wf-form4_167287040110081.xml,recent
2023-01-25,SC 13G/A,0001306550-23-003516,,us37045v1008_012523.txt,recent
2023-01-31,10-K,0001467858-23-000029,2022-12-31,gm-20221231.htm,recent
2023-01-31,8-K,0001467858-23-000027,2023-01-31,gm-20230131.htm,recent
2023-02-06,4,0001467858-23-000031,2023-02-02,xslF345X03/wf-form4_167572132646940.xml,recent
2023-02-09,4,0001467858-23-000049,2023-02-07,xslF345X03/wf-form4_167598083828231.xml,recent
2023-02-09,4,0001467858-23-000048,2023-02-07,xslF345X03/wf-form4_167598081839728.xml,recent
2023-02-09,4,0001467858-23-000047,2023-02-07,xslF345X03/wf-form4_167598079353199.xml,recent
2023-02-09,4,0001467858-23-000046,2023-02-07,xslF345X03/wf-form4_167598077352761.xml,recent
2023-02-09,4,0001467858-23-000045,2023-02-07,xslF345X03/wf-form4_167598075073188.xml,recent
2023-02-09,4,0001467858-23-000044,2023-02-07,xslF345X03/wf-form4_167598073121155.xml,recent
2023-02-09,4,0001467858-23-000043,2023-02-07,xslF345X03/wf-form4_167598069378299.xml,recent
2023-02-09,4,0001467858-23-000042,2023-02-07,xslF345X03/wf-form4_167598065336819.xml,recent
2023-02-09,4,0001467858-23-000041,2023-02-07,xslF345X03/wf-form4_167598062259476.xml,recent
2023-02-09,SC 13G/A,0001104659-23-016019,,tv0970-generalmotorsco.htm,recent
2023-02-13,4,0001467858-23-000051,2023-02-09,xslF345X03/wf-form4_167632716077591.xml,recent
2023-02-13,SC 13G/A,0001422848-23-000096,,SEC13G_Filing.htm,recent
2023-02-13,SC 13G/A,0001422849-23-000059,,SEC13G_Filing.htm,recent
2023-02-14,4,0001467858-23-000069,2023-02-12,xslF345X03/wf-form4_167641414774635.xml,recent
2023-02-14,4,0001467858-23-000068,2023-02-12,xslF345X03/wf-form4_167641411941667.xml,recent
2023-02-14,4,0001467858-23-000067,2023-02-12,xslF345X03/wf-form4_167641406295034.xml,recent
2023-02-14,4,0001467858-23-000066,2023-02-12,xslF345X03/wf-form4_167641402317110.xml,recent
2023-02-14,4,0001467858-23-000065,2023-02-12,xslF345X03/wf-form4_167641396700726.xml,recent
2023-02-14,4,0001467858-23-000064,2023-02-12,xslF345X03/wf-form4_167641394567748.xml,recent
2023-02-14,4,0001467858-23-000063,2023-02-12,xslF345X03/wf-form4_167641390230236.xml,recent
2023-02-14,4,0001467858-23-000062,2023-02-12,xslF345X03/wf-form4_167641384608738.xml,recent
2023-02-14,4,0001467858-23-000061,2023-02-12,xslF345X03/wf-form4_167641376681172.xml,recent
2023-02-22,8-K/A,0001193125-23-044903,2022-08-15,d467205d8ka.htm,recent
2023-02-22,8-K/A,0001193125-23-044894,2021-10-05,d469271d8ka.htm,recent
2023-03-09,8-K,0001193125-23-065457,2023-03-09,d366924d8k.htm,recent
2023-03-31,8-K,0001193125-23-086956,2023-03-31,d826843d8k.htm,recent
2023-04-21,8-K,0001193125-23-110552,2023-04-20,d415489d8k.htm,recent
2023-04-25,10-Q,0001467858-23-000075,2023-03-31,gm-20230331.htm,recent
2023-04-25,8-K,0001467858-23-000074,2023-04-25,gm-20230425.htm,recent
2023-04-28,ARS,0001193125-23-126294,2022-12-31,d450809dars.pdf,recent
2023-04-28,DEF 14A,0001193125-23-126270,,d333787ddef14a.htm,recent
2023-04-28,DEFA14A,0001193125-23-126334,,d447078ddefa14a.htm,recent
2023-04-28,DEFA14A,0001193125-23-126308,,d333787ddefa14a.htm,recent
2023-05-02,PX14A6G,0001214659-23-006331,,o52230px14a6g.htm,recent
2023-05-03,8-K,0001193125-23-134493,2023-05-02,d273876d8k.htm,recent
2023-05-22,4,0001467858-23-000077,2023-05-19,xslF345X04/wf-form4_168478775470934.xml,recent
2023-05-26,PX14A6G,0001096906-23-001190,,nlpc_px14a6g.htm,recent
2023-05-31,SD,0001467858-23-000080,,gmformsd2022.htm,recent
2023-06-01,3,0001467858-23-000082,2023-05-22,xslF345X02/wf-form3_168565468432684.xml,recent
2023-06-06,3,0001467858-23-000084,2023-06-01,xslF345X02/wf-form3_168608556355133.xml,recent
2023-06-22,8-K,0001193125-23-172567,2023-06-20,d521009d8k.htm,recent
2023-06-22,8-K/A,0001193125-23-172577,2022-09-30,d473512d8ka.htm,recent
2023-06-23,3,0001467858-23-000086,2023-06-20,xslF345X02/wf-form3_168755477276733.xml,recent
2023-07-05,4,0001467858-23-000088,2023-07-03,xslF345X04/wf-form4_168859320881438.xml,recent
2023-07-13,144,0001950047-23-002323,,xsl144X01/primary_doc.xml,recent
2023-07-14,4,0001467858-23-000090,2023-07-13,xslF345X04/wf-form4_168936942254940.xml,recent
2023-07-25,10-Q,0001467858-23-000098,2023-06-30,gm-20230630.htm,recent
2023-07-25,8-K,0001467858-23-000095,2023-07-25,gm-20230725.htm,recent
2023-07-25,S-8,0001193125-23-193529,,d528245ds8.htm,recent
2023-08-08,SC 13G/A,0001306550-23-009709,,us37045v1008_080723.txt,recent
2023-08-11,4,0001467858-23-000100,2023-08-10,xslF345X05/wf-form4_169178602221146.xml,recent
2023-10-04,8-K,0001193125-23-250325,2023-10-03,d468612d8k.htm,recent
2023-10-24,10-Q,0001467858-23-000107,2023-09-30,gm-20230930.htm,recent
2023-10-24,8-K,0001467858-23-000104,2023-10-24,gm-20231024.htm,recent
2023-11-29,8-K,0001193125-23-284798,2023-11-24,d613794d8k.htm,recent
2023-12-05,4,0001467858-23-000109,2023-12-01,xslF345X05/wk-form4_1701814409.xml,recent
2023-12-13,8-K,0001193125-23-293982,2023-12-07,d662866d8k.htm,recent
2023-12-15,4,0001467858-23-000111,2023-12-13,xslF345X05/wk-form4_1702678194.xml,recent
2023-12-20,UPLOAD,0000000000-23-013896,,filename1.pdf,recent
2024-01-03,4,0001467858-24-000024,2023-12-31,xslF345X05/wk-form4_1704320857.xml,recent
2024-01-03,4,0001467858-24-000023,2023-12-31,xslF345X05/wk-form4_1704320769.xml,recent
2024-01-03,4,0001467858-24-000022,2023-12-31,xslF345X05/wk-form4_1704320689.xml,recent
2024-01-03,4,0001467858-24-000021,2023-12-31,xslF345X05/wk-form4_1704320615.xml,recent
2024-01-03,4,0001467858-24-000020,2023-12-31,xslF345X05/wk-form4_1704320529.xml,recent
2024-01-03,4,0001467858-24-000019,2023-12-31,xslF345X05/wk-form4_1704320432.xml,recent
2024-01-03,4,0001467858-24-000018,2023-12-31,xslF345X05/wk-form4_1704320325.xml,recent
2024-01-03,4,0001467858-24-000017,2023-12-31,xslF345X05/wk-form4_1704320212.xml,recent
2024-01-03,4,0001467858-24-000016,2023-12-31,xslF345X05/wk-form4_1704320113.xml,recent
2024-01-03,4,0001467858-24-000015,2023-12-31,xslF345X05/wk-form4_1704320041.xml,recent
2024-01-03,4,0001467858-24-000014,2023-12-31,xslF345X05/wk-form4_1704319938.xml,recent
2024-01-03,4,0001467858-24-000013,2023-12-31,xslF345X05/wk-form4_1704319791.xml,recent
2024-01-11,CORRESP,0001193125-24-006783,,filename1.htm,recent
2024-01-24,SC 13G/A,0001086364-24-002233,,us37045v1008_012424.txt,recent
2024-01-26,UPLOAD,0000000000-24-001053,,filename1.pdf,recent
2024-01-29,CORRESP,0001193125-24-017868,,filename1.htm,recent
2024-01-30,10-K,0001467858-24-000031,2023-12-31,gm-20231231.htm,recent
2024-01-30,8-K,0001467858-24-000029,2024-01-30,gm-20240130.htm,recent
2024-02-01,UPLOAD,0000000000-24-001273,,filename1.pdf,recent
2024-02-08,4,0001467858-24-000049,2024-02-06,xslF345X05/wk-form4_1707431147.xml,recent
2024-02-08,4,0001467858-24-000048,2024-02-06,xslF345X05/wk-form4_1707431039.xml,recent
2024-02-08,4,0001467858-24-000047,2024-02-06,xslF345X05/wk-form4_1707430947.xml,recent
2024-02-08,4,0001467858-24-000046,2024-02-06,xslF345X05/wk-form4_1707430686.xml,recent
2024-02-08,4,0001467858-24-000045,2024-02-06,xslF345X05/wk-form4_1707430579.xml,recent
2024-02-08,4,0001467858-24-000044,2024-02-06,xslF345X05/wk-form4_1707430304.xml,recent
2024-02-08,4,0001467858-24-000043,2024-02-06,xslF345X05/wk-form4_1707430200.xml,recent
2024-02-08,4,0001467858-24-000042,2024-02-06,xslF345X05/wk-form4_1707430060.xml,recent
2024-02-08,4,0001467858-24-000041,2024-02-06,xslF345X05/wk-form4_1707429951.xml,recent
2024-02-09,SC 13G/A,0001422848-24-000042,,SEC13G_Filing.htm,recent
2024-02-13,SC 13G/A,0001104659-24-021005,,tv01003-generalmotorsco.htm,recent
2024-02-20,144,0001950047-24-001177,,xsl144X01/primary_doc.xml,recent
2024-02-21,4,0001467858-24-000057,2024-02-18,xslF345X05/wk-form4_1708554169.xml,recent
2024-02-21,4,0001467858-24-000056,2024-02-18,xslF345X05/wk-form4_1708554030.xml,recent
2024-02-21,4,0001467858-24-000055,2024-02-18,xslF345X05/wk-form4_1708553922.xml,recent
2024-02-21,4,0001467858-24-000054,2024-02-18,xslF345X05/wk-form4_1708553747.xml,recent
2024-02-21,4,0001467858-24-000053,2024-02-18,xslF345X05/wk-form4_1708553604.xml,recent
2024-02-21,4,0001467858-24-000052,2024-02-18,xslF345X05/wk-form4_1708553479.xml,recent
2024-02-21,4,0001467858-24-000051,2024-02-18,xslF345X05/wk-form4_1708553349.xml,recent
2024-02-21,4,0001467858-24-000050,2024-02-18,xslF345X05/wk-form4_1708553250.xml,recent
2024-02-26,144,0001950047-24-001423,,xsl144X01/primary_doc.xml,recent
2024-02-26,144,0001950047-24-001421,,xsl144X01/primary_doc.xml,recent
2024-02-26,144,0001950047-24-001420,,xsl144X01/primary_doc.xml,recent
2024-02-28,4,0001467858-24-000060,2024-02-26,xslF345X05/wk-form4_1709158030.xml,recent
2024-02-28,4,0001467858-24-000059,2024-02-26,xslF345X05/wk-form4_1709157913.xml,recent
2024-02-28,4,0001467858-24-000058,2024-02-26,xslF345X05/wk-form4_1709157797.xml,recent
2024-03-20,144,0001950047-24-002586,,xsl144X01/primary_doc.xml,recent
2024-03-21,144,0001950047-24-002635,,xsl144X01/primary_doc.xml,recent
2024-03-21,144,0001950047-24-002628,,xsl144X01/primary_doc.xml,recent
2024-03-22,4,0001467858-24-000064,2024-03-21,xslF345X05/wk-form4_1711141947.xml,recent
2024-03-22,4,0001467858-24-000062,2024-03-20,xslF345X05/wk-form4_1711141637.xml,recent
2024-03-28,144,0001950047-24-002757,,xsl144X01/primary_doc.xml,recent
2024-03-28,144,0001950047-24-002756,,xsl144X01/primary_doc.xml,recent
2024-03-28,144,0001950047-24-002752,,xsl144X01/primary_doc.xml,recent
2024-03-28,8-K,0001193125-24-080620,2024-03-28,d810213d8k.htm,recent
2024-04-01,4,0001467858-24-000070,2024-03-28,xslF345X05/wk-form4_1712005723.xml,recent
2024-04-01,4,0001467858-24-000068,2024-03-28,xslF345X05/wk-form4_1712005528.xml,recent
2024-04-01,4,0001467858-24-000066,2024-03-28,xslF345X05/wk-form4_1712005371.xml,recent
2024-04-23,10-Q,0001467858-24-000076,2024-03-31,gm-20240331.htm,recent
2024-04-23,8-K,0001467858-24-000074,2024-04-23,gm-20240423.htm,recent
2024-04-24,ARS,0001193125-24-108589,2023-12-31,d109097dars.pdf,recent
2024-04-24,DEF 14A,0001193125-24-108581,2024-06-04,d648661ddef14a.htm,recent
2024-04-24,DEFA14A,0001193125-24-108584,,d648661ddefa14a.htm,recent
2024-04-25,PX14A6G,0001214659-24-007535,,o424244px14a6g.htm,recent
2024-05-02,PX14A6G,0001214659-24-008116,,z51249px14a6g.htm,recent
2024-05-15,PX14A6G,0001096906-24-001145,,nlpc_px14a6g.htm,recent
2024-05-28,144,0001950047-24-004186,,xsl144X01/primary_doc.xml,recent
2024-05-28,144,0001950047-24-004185,,xsl144X01/primary_doc.xml,recent
2024-05-28,144,0001959173-24-003904,,xsl144X01/primary_doc.xml,recent
2024-05-28,DEFA14A,0001193125-24-147578,,d812191ddefa14a.htm,recent
2024-05-30,4,0001467858-24-000081,2024-05-28,xslF345X05/wk-form4_1717108556.xml,recent
2024-05-30,4,0001467858-24-000079,2024-05-28,xslF345X05/wk-form4_1717108412.xml,recent
2024-05-31,144,0001950047-24-004275,,xsl144X01/primary_doc.xml,recent
2024-05-31,SD,0001467858-24-000085,,gmformsd2023.htm,recent
2024-06-04,4,0001467858-24-000087,2024-05-31,xslF345X05/wk-form4_1717535204.xml,recent
2024-06-06,8-K,0001193125-24-156174,2024-06-04,d732672d8k.htm,recent
2024-06-07,144,0001950047-24-004536,,xsl144X01/primary_doc.xml,recent
2024-06-10,144,0001950047-24-004551,,xsl144X01/primary_doc.xml,recent
2024-06-10,144,0001959173-24-004299,,xsl144X01/primary_doc.xml,recent
2024-06-11,144,0001950047-24-004592,,xsl144X01/primary_doc.xml,recent
2024-06-11,4,0001467858-24-000089,2024-06-07,xslF345X05/wk-form4_1718143863.xml,recent
2024-06-12,4,0001467858-24-000091,2024-06-10,xslF345X05/wk-form4_1718230043.xml,recent
2024-06-25,8-K,0001193125-24-167894,2024-06-24,d822413d8k.htm,recent
2024-07-15,3,0001467858-24-000095,2024-07-15,xslF345X02/wk-form3_1721079816.xml,recent
2024-07-23,10-Q,0001467858-24-000102,2024-06-30,gm-20240630.htm,recent
2024-07-23,8-K,0001467858-24-000100,2024-07-23,gm-20240723.htm,recent
2024-07-29,4,0001467858-24-000104,2024-07-26,xslF345X05/wk-form4_1722260326.xml,recent
2024-08-01,4,0001467858-24-000106,2024-07-30,xslF345X05/wk-form4_1722543827.xml,recent
2024-08-20,4,0001467858-24-000108,2024-08-16,xslF345X05/wk-form4_1724187966.xml,recent
2024-08-23,144,0001950047-24-006461,,xsl144X01/primary_doc.xml,recent
2024-08-26,144,0001950047-24-006523,,xsl144X01/primary_doc.xml,recent
2024-08-27,4,0001467858-24-000110,2024-08-23,xslF345X05/wk-form4_1724793205.xml,recent
2024-09-05,8-K,0001193125-24-213712,2024-09-03,d844771d8k.htm,recent
2024-09-11,3,0001467858-24-000112,2024-09-03,xslF345X02/wk-form3_1726086505.xml,recent
2024-10-09,8-K,0001193125-24-235250,2024-10-04,d895658d8k.htm,recent
2024-10-09,8-K/A,0001193125-24-235256,2024-09-03,d892225d8ka.htm,recent
2024-10-22,10-Q,0001467858-24-000117,2024-09-30,gm-20240930.htm,recent
2024-10-22,8-K,0001467858-24-000115,2024-10-22,gm-20241022.htm,recent
2024-10-23,144,0001950047-24-007854,,xsl144X01/primary_doc.xml,recent
2024-10-23,144,0001950047-24-007853,,xsl144X01/primary_doc.xml,recent
2024-10-23,144,0001959173-24-007165,,xsl144X01/primary_doc.xml,recent
2024-10-24,4,0001467858-24-000119,2024-10-23,xslF345X05/wk-form4_1729801231.xml,recent
2024-10-24,4,0001467858-24-000118,2024-10-23,xslF345X05/wk-form4_1729801161.xml,recent
2024-11-06,144,0001950047-24-008155,,xsl144X01/primary_doc.xml,recent
2024-11-08,4,0001467858-24-000121,2024-11-06,xslF345X05/wk-form4_1731100951.xml,recent
2024-11-12,144,0001950047-24-008419,,xsl144X01/primary_doc.xml,recent
2024-11-12,4,0001467858-24-000123,2024-11-11,xslF345X05/wk-form4_1731445874.xml,recent
2024-11-18,144,0001950047-24-008698,,xsl144X01/primary_doc.xml,recent
2024-11-19,4,0000950170-24-128612,2024-11-15,xslF345X05/ownership.xml,recent
2024-11-20,4,0001467858-24-000125,2024-11-18,xslF345X05/wk-form4_1732141200.xml,recent
2024-11-25,144,0001950047-24-009057,,xsl144X01/primary_doc.xml,recent
2024-11-27,4,0001467858-24-000128,2024-11-25,xslF345X05/wk-form4_1732742289.xml,recent
2024-12-04,8-K,0001193125-24-270298,2024-12-02,d902397d8k.htm,recent
2024-12-10,8-K,0001193125-24-274336,2024-12-10,d917047d8k.htm,recent
2025-01-03,4,0001467858-25-000026,2024-12-31,xslF345X05/wk-form4_1735943137.xml,recent
2025-01-03,4,0001467858-25-000025,2024-12-31,xslF345X05/wk-form4_1735943074.xml,recent
2025-01-03,4,0001467858-25-000024,2024-12-31,xslF345X05/wk-form4_1735943000.xml,recent
2025-01-03,4,0001467858-25-000023,2024-12-31,xslF345X05/wk-form4_1735942922.xml,recent
2025-01-03,4,0001467858-25-000022,2024-12-31,xslF345X05/wk-form4_1735942829.xml,recent
2025-01-03,4,0001467858-25-000021,2024-12-31,xslF345X05/wk-form4_1735942736.xml,recent
2025-01-03,4,0001467858-25-000020,2024-12-31,xslF345X05/wk-form4_1735942616.xml,recent
2025-01-03,4,0001467858-25-000019,2024-12-31,xslF345X05/wk-form4_1735942525.xml,recent
2025-01-03,4,0001467858-25-000018,2024-12-31,xslF345X05/wk-form4_1735942415.xml,recent
2025-01-03,4,0001467858-25-000017,2024-12-31,xslF345X05/wk-form4_1735942351.xml,recent
2025-01-03,4,0001467858-25-000016,2024-12-31,xslF345X05/wk-form4_1735942283.xml,recent
2025-01-03,4,0001467858-25-000015,2024-12-31,xslF345X05/wk-form4_1735942200.xml,recent
2025-01-28,10-K,0001467858-25-000032,2024-12-31,gm-20241231.htm,recent
2025-01-28,8-K,0001467858-25-000030,2025-01-28,gm-20250128.htm,recent
2025-01-28,S-3ASR,0001193125-25-014437,,d918617ds3asr.htm,recent
2025-01-30,4,0001467858-25-000034,2025-01-30,xslF345X05/wk-form4_1738275647.xml,recent
2025-01-31,SCHEDULE 13G/A,0002012383-25-000339,,xslSCHEDULE_13G_X01/primary_doc.xml,recent
2025-02-06,4,0001467858-25-000046,2025-02-04,xslF345X05/wk-form4_1738879716.xml,recent
2025-02-06,4,0001467858-25-000045,2025-02-04,xslF345X05/wk-form4_1738879662.xml,recent
2025-02-06,4,0001467858-25-000044,2025-02-04,xslF345X05/wk-form4_1738879604.xml,recent
2025-02-06,4,0001467858-25-000043,2025-02-04,xslF345X05/wk-form4_1738879546.xml,recent
2025-02-06,4,0001467858-25-000042,2025-02-04,xslF345X05/wk-form4_1738879487.xml,recent
2025-02-06,4,0001467858-25-000041,2025-02-04,xslF345X05/wk-form4_1738879393.xml,recent
2025-02-10,4,0001467858-25-000057,2025-02-06,xslF345X05/wk-form4_1739227112.xml,recent
2025-02-10,4,0001467858-25-000055,2025-02-06,xslF345X05/wk-form4_1739226661.xml,recent
2025-02-10,4,0001467858-25-000052,2025-02-06,xslF345X05/wk-form4_1739226173.xml,recent
2025-02-10,4,0001467858-25-000050,2025-02-06,xslF345X05/wk-form4_1739225932.xml,recent
2025-02-10,4,0001467858-25-000048,2025-02-06,xslF345X05/wk-form4_1739225534.xml,recent
2025-02-26,144,0001950047-25-001269,,xsl144X01/primary_doc.xml,recent
2025-02-26,8-K,0001467858-25-000063,2025-02-26,gm-20250226.htm,recent
2025-03-26,8-K,0001193125-25-062882,2025-03-25,d943807d8k.htm,recent
2025-04-11,PRE 14A,0001467858-25-000074,2024-12-31,gm-20250411.htm,recent
2025-04-17,SCHEDULE 13G/A,0001576419-25-000603,,xslSCHEDULE_13G_X01/primary_doc.xml,recent
2025-04-22,ARS,0001467858-25-000086,2024-12-31,a2024annualreport.pdf,recent
2025-04-22,DEF 14A,0001467858-25-000084,2024-12-31,gm-20250422.htm,recent
2025-04-22,DEFA14A,0001467858-25-000085,,a2025generalmotorsna1.htm,recent
2025-04-24,PX14A6G,0001214659-25-006300,,z423255px14a6g.htm,recent
2025-04-29,8-K,0001467858-25-000089,2025-04-29,gm-20250429.htm,recent
2025-04-30,SCHEDULE 13G/A,0000932471-25-000425,,xslSCHEDULE_13G_X01/primary_doc.xml,recent
2025-05-01,10-Q,0001467858-25-000096,2025-03-31,gm-20250331.htm,recent
2025-05-01,8-K,0001467858-25-000093,2025-05-01,gm-20250501.htm,recent
2025-05-05,424B2,0001193125-25-112151,,d937929d424b2.htm,recent
2025-05-06,424B2,0001193125-25-113912,,d937929d424b2.htm,recent
2025-05-06,FWP,0001193125-25-113031,,d933626dfwp.htm,recent
2025-05-07,8-K,0001193125-25-114935,2025-05-05,d932240d8k.htm,recent
2025-05-07,SCHEDULE 13G/A,0000932471-25-000659,,xslSCHEDULE_13G_X01/primary_doc.xml,recent
2025-05-12,PX14A6G,0001214659-25-007382,,z512250px14a6g.htm,recent
2025-05-30,SD,0001467858-25-000105,,gmformsd2024.htm,recent
2025-06-05,8-K,0001467858-25-000112,2025-06-03,gm-20250603.htm,recent
2025-06-10,3,0001467858-25-000114,2025-06-02,xslF345X02/wk-form3_1749559630.xml,recent
2025-07-22,10-Q,0001467858-25-000121,2025-06-30,gm-20250630.htm,recent
2025-07-22,8-K,0001467858-25-000119,2025-07-22,gm-20250722.htm,recent
2025-07-29,SCHEDULE 13G/A,0000932471-25-000883,,xslSCHEDULE_13G_X01/primary_doc.xml,recent
2025-07-31,4,0001467858-25-000125,2025-07-30,xslF345X05/wk-form4_1753995932.xml,recent
2025-07-31,4,0001467858-25-000124,2025-07-29,xslF345X05/wk-form4_1753995798.xml,recent
2025-08-05,144,0001950047-25-005440,,xsl144X01/primary_doc.xml,recent
2025-08-07,4,0001467858-25-000126,2025-08-05,xslF345X05/wk-form4_1754599983.xml,recent
2025-08-11,SCHEDULE 13G,0000093751-25-000457,,xslSCHEDULE_13G_X01/primary_doc.xml,recent
2025-08-13,144,0001950047-25-005778,,xsl144X01/primary_doc.xml,recent
2025-08-15,4,0001467858-25-000128,2025-08-13,xslF345X05/wk-form4_1755289902.xml,recent
2025-08-26,UPLOAD,0000000000-25-009091,,filename1.pdf,recent
2025-08-27,144,0001950047-25-006452,,xsl144X01/primary_doc.xml,recent
2025-08-28,144,0001950047-25-006513,,xsl144X01/primary_doc.xml,recent
2025-08-29,144,0001958244-25-004280,,xsl144X01/primary_doc.xml,recent
2025-08-29,144/A,0001958244-25-004282,,xsl144X01/primary_doc.xml,recent
2025-08-29,4,0001467858-25-000133,2025-08-28,xslF345X05/wk-form4_1756503048.xml,recent
2025-08-29,4,0001467858-25-000131,2025-08-27,xslF345X05/wk-form4_1756502944.xml,recent
2025-09-08,CORRESP,0001193125-25-198448,,filename1.htm,recent
2025-09-12,144,0001950047-25-007068,,xsl144X01/primary_doc.xml,recent
2025-09-12,144,0001950047-25-007067,,xsl144X01/primary_doc.xml,recent
2025-09-16,4,0001976795-25-000003,2025-09-12,xslF345X05/wk-form4_1758054516.xml,recent
2025-09-16,4,0001492154-25-000003,2025-09-12,xslF345X05/wk-form4_1758054454.xml,recent
2025-09-23,144,0001950047-25-007437,,xsl144X01/primary_doc.xml,recent
2025-09-24,144,0001950047-25-007497,,xsl144X01/primary_doc.xml,recent
2025-09-24,144,0001950047-25-007487,,xsl144X01/primary_doc.xml,recent
2025-09-25,144,0001950047-25-007520,,xsl144X01/primary_doc.xml,recent
2025-09-25,4,0001492154-25-000005,2025-09-23,xslF345X05/wk-form4_1758832267.xml,recent
2025-09-26,144,0001950047-25-007530,,xsl144X01/primary_doc.xml,recent
2025-09-26,144,0001950047-25-007528,,xsl144X01/primary_doc.xml,recent
2025-09-26,4,0001492362-25-000003,2025-09-24,xslF345X05/wk-form4_1758918471.xml,recent
2025-09-30,4,0001976795-25-000005,2025-09-26,xslF345X05/wk-form4_1759264362.xml,recent
2025-09-30,4,0001292153-25-000003,2025-09-26,xslF345X05/wk-form4_1759264172.xml,recent
2025-09-30,UPLOAD,0000000000-25-010701,,filename1.pdf,recent
2025-10-03,CORRESP,0001193125-25-230381,,filename1.htm,recent
2025-10-14,8-K,0001467858-25-000136,2025-10-07,gm-20251007.htm,recent
2025-10-21,10-Q,0001467858-25-000143,2025-09-30,gm-20250930.htm,recent
2025-10-21,8-K,0001467858-25-000141,2025-10-21,gm-20251021.htm,recent
2025-10-22,144,0001950047-25-008109,,xsl144X01/primary_doc.xml,recent
2025-10-24,4,0001492362-25-000005,2025-10-22,xslF345X05/wk-form4_1761337840.xml,recent
2025-10-28,144,0001950047-25-008230,,xsl144X01/primary_doc.xml,recent
2025-10-30,4,0001292153-25-000005,2025-10-28,xslF345X05/wk-form4_1761855861.xml,recent
2025-11-10,SCHEDULE 13G,0000093751-25-000602,,xslSCHEDULE_13G_X01/primary_doc.xml,recent
2025-11-12,144,0001950047-25-008778,,xsl144X01/primary_doc.xml,recent
2025-11-13,4,0001292153-25-000007,2025-11-12,xslF345X05/wk-form4_1763069243.xml,recent
2025-11-20,UPLOAD,0000000000-25-010880,,filename1.pdf,recent
2026-01-05,4,0001607592-26-000002,2025-12-31,xslF345X05/wk-form4_1767649094.xml,recent
2026-01-05,4,0001216503-26-000002,2025-12-31,xslF345X05/wk-form4_1767649026.xml,recent
2026-01-05,4,0001199095-26-000002,2025-12-31,xslF345X05/wk-form4_1767648962.xml,recent
2026-01-05,4,0001209454-26-000002,2025-12-31,xslF345X05/wk-form4_1767648905.xml,recent
2026-01-05,4,0001670512-26-000002,2025-12-31,xslF345X05/wk-form4_1767648860.xml,recent
2026-01-05,4,0001555318-26-000002,2025-12-31,xslF345X05/wk-form4_1767648819.xml,recent
2026-01-05,4,0001023219-26-000002,2025-12-31,xslF345X05/wk-form4_1767648773.xml,recent
2026-01-05,4,0001853185-26-000002,2025-12-31,xslF345X05/wk-form4_1767648719.xml,recent
2026-01-05,4,0001762375-26-000002,2025-12-31,xslF345X05/wk-form4_1767648678.xml,recent
2026-01-05,4,0001195983-26-000002,2025-12-31,xslF345X05/wk-form4_1767648641.xml,recent
2026-01-08,8-K,0001467858-26-000005,2026-01-08,gm-20260108.htm,recent
2026-01-27,10-K,0001467858-26-000013,2025-12-31,gm-20251231.htm,recent
2026-01-27,8-K,0001467858-26-000011,2026-01-27,gm-20260127.htm,recent
2026-02-05,4,0001492154-26-000003,2026-02-03,xslF345X05/wk-form4_1770328180.xml,recent
2026-02-05,4,0001492362-26-000003,2026-02-03,xslF345X05/wk-form4_1770328081.xml,recent
2026-02-05,4,0001878943-26-000003,2026-02-03,xslF345X05/wk-form4_1770327947.xml,recent
2026-02-05,4,0001866710-26-000003,2026-02-03,xslF345X05/wk-form4_1770327833.xml,recent
2026-02-05,4,0001976795-26-000003,2026-02-03,xslF345X05/wk-form4_1770327712.xml,recent
2026-02-05,4,0001543655-26-000003,2026-02-03,xslF345X05/wk-form4_1770327573.xml,recent
2026-02-05,4,0001292153-26-000003,2026-02-03,xslF345X05/wk-form4_1770327453.xml,recent
2026-02-10,4,0001492154-26-000006,2026-02-06,xslF345X05/wk-form4_1770757827.xml,recent
2026-02-10,4,0001492362-26-000005,2026-02-06,xslF345X05/wk-form4_1770757748.xml,recent
2026-02-10,4,0001543655-26-000005,2026-02-06,xslF345X05/wk-form4_1770757660.xml,recent
2026-02-10,4,0001976795-26-000005,2026-02-06,xslF345X05/wk-form4_1770757604.xml,recent
2026-02-10,4,0001292153-26-000005,2026-02-06,xslF345X05/wk-form4_1770757505.xml,recent
2026-02-17,144,0001950047-26-001374,,xsl144X01/primary_doc.xml,recent
2026-02-18,4,0001492362-26-000008,2026-02-17,xslF345X05/wk-form4_1771450548.xml,recent
2026-03-23,8-K,0001193125-26-119684,2026-03-23,d114837d8k.htm,recent
2026-03-26,SCHEDULE 13G/A,0000102909-26-001322,,xslSCHEDULE_13G_X02/primary_doc.xml,recent
2026-04-20,ARS,0001467858-26-000027,2025-12-31,gmannualreportfinal.pdf,recent
2026-04-20,DEF 14A,0001467858-26-000022,2025-12-31,gm-20260420.htm,recent
2026-04-20,DEFA14A,0001467858-26-000023,,gm2026noticeandaccess.htm,recent
2026-04-28,10-Q,0001467858-26-000035,2026-03-31,gm-20260331.htm,recent
2026-04-28,8-K,0001467858-26-000033,2026-04-28,gm-20260428.htm,recent
2026-04-29,SCHEDULE 13G,0002100119-26-000520,,xslSCHEDULE_13G_X02/primary_doc.xml,recent
2026-05-22,144,0001950047-26-004983,,xsl144X01/primary_doc.xml,recent
2026-05-26,144,0001950047-26-005072,,xsl144X01/primary_doc.xml,recent
2026-05-26,144,0001959173-26-003970,,xsl144X01/primary_doc.xml,recent
2026-05-26,8-K,0001193125-26-239340,2026-05-26,d110158d8k.htm,recent
2026-05-26,DEFA14A,0001193125-26-239355,,d112609ddefa14a.htm,recent
2026-05-27,144,0001950047-26-005163,,xsl144X01/primary_doc.xml,recent
2026-05-27,4,0001976795-26-000008,2026-05-22,xslF345X06/wk-form4_1779920722.xml,recent
2026-05-28,144,0001950047-26-005223,,xsl144X01/primary_doc.xml,recent
2026-05-28,144,0001950047-26-005222,,xsl144X01/primary_doc.xml,recent
2026-05-28,144,0001950047-26-005215,,xsl144X01/primary_doc.xml,recent
2026-05-28,4,0001492154-26-000009,2026-05-26,xslF345X06/wk-form4_1780006114.xml,recent
2026-05-28,4,0001543655-26-000008,2026-05-26,xslF345X06/wk-form4_1780006026.xml,recent
2026-06-01,4,0001976795-26-000010,2026-05-28,xslF345X06/wk-form4_1780346248.xml,recent
2026-06-01,4,0001292153-26-000008,2026-05-28,xslF345X06/wk-form4_1780346129.xml,recent
2026-06-01,SD,0001467858-26-000040,,gmformsd2025.htm,recent
2026-06-02,4,0001492154-26-000011,2026-05-29,xslF345X06/wk-form4_1780432199.xml,recent
2026-06-04,8-K,0001467858-26-000044,2026-06-02,gm-20260602.htm,recent
2026-06-11,4,0001492154-26-000013,2026-06-09,xslF345X06/wk-form4_1781209870.xml,recent
2026-06-18,4,0001492154-26-000014,2026-06-16,xslF345X06/wk-form4_1781815059.xml,recent
2026-07-21,10-Q,0001467858-26-000051,2026-06-30,gm-20260630.htm,recent
2026-07-21,8-K,0001467858-26-000049,2026-07-21,gm-20260721.htm,recent
2026-07-21,S-8,0001193125-26-310521,,d142844ds8.htm,recent
2026-07-27,144,0001950047-26-007323,,xsl144X01/primary_doc.xml,recent
2026-07-28,144,0001950047-26-007356,,xsl144X01/primary_doc.xml,recent
2026-07-28,144,0001950047-26-007354,,xsl144X01/primary_doc.xml,recent
2026-07-28,144,0001950047-26-007352,,xsl144X01/primary_doc.xml,recent
2026-07-29,4,0001976795-26-000012,2026-07-27,xslF345X06/wk-form4_1785357395.xml,recent
2026-07-29,4,0001492154-26-000016,2026-07-27,xslF345X06/wk-form4_1785357281.xml,recent
2026-07-29,4,0001292153-26-000010,2026-07-28,xslF345X06/wk-form4_1785357143.xml,recent
2026-07-29,4,0001492362-26-000012,2026-07-28,xslF345X06/wk-form4_1785357033.xml,recent
2026-07-31,4,0001878943-26-000006,2026-07-29,xslF345X06/wk-form4_1785530104.xml,recent
2026-08-03,144,0001950047-26-007518,,xsl144X01/primary_doc.xml,recent
2026-08-03,4,0001866710-26-000007,2026-07-30,xslF345X06/wk-form4_1785794122.xml,recent
2026-08-11,8-K,0001193125-26-344698,2026-08-07,d145571d8k.htm,recent
