filingDate,form,accession,reportDate,primaryDocument,source
1996-05-09,4,0000913760-96-000013,,,CIK0000913760-submissions-001.json
1996-05-13,4,0000913760-96-000014,,,CIK0000913760-submissions-001.json
1996-05-14,10QSB,0000913760-96-000016,1996-03-31,,CIK0000913760-submissions-001.json
1996-05-15,10QSB/A,0000913760-96-000017,1996-03-31,,CIK0000913760-submissions-001.json
1996-06-20,4,0000913760-96-000019,,,CIK0000913760-submissions-001.json
1996-06-24,SC 13D,0000913760-96-000020,,,CIK0000913760-submissions-001.json
1996-07-10,4,0000913760-96-000021,,,CIK0000913760-submissions-001.json
1996-08-12,10QSB,0000913760-96-000025,1996-06-30,,CIK0000913760-submissions-001.json
1996-08-23,S-8,0000913760-96-000026,,,CIK0000913760-submissions-001.json
1996-10-07,4,0000913760-96-000029,,,CIK0000913760-submissions-001.json
1996-10-07,4,0000913760-96-000028,,,CIK0000913760-submissions-001.json
1996-10-07,4,0000913760-96-000027,,,CIK0000913760-submissions-001.json
1996-12-24,10KSB,0000913760-96-000030,1996-09-30,,CIK0000913760-submissions-001.json
1997-01-10,4,0000913760-97-000002,,,CIK0000913760-submissions-001.json
1997-01-10,4,0000913760-97-000001,,,CIK0000913760-submissions-001.json
1997-01-14,DEF 14A,0000913760-97-000004,1997-01-15,,CIK0000913760-submissions-001.json
1997-01-28,S-3,0000913760-97-000005,,,CIK0000913760-submissions-001.json
1997-02-07,4,0000913760-97-000006,,,CIK0000913760-submissions-001.json
1997-02-14,10QSB,0000913760-97-000007,1996-12-31,,CIK0000913760-submissions-001.json
1997-02-14,SC 13D,0000913760-97-000008,,,CIK0000913760-submissions-001.json
1997-02-14,SC 13G,0000913760-97-000010,,,CIK0000913760-submissions-001.json
1997-02-14,SC 13G,0000913760-97-000009,,,CIK0000913760-submissions-001.json
1997-04-09,4,0000913760-97-000012,1997-03-31,,CIK0000913760-submissions-001.json
1997-04-09,4,0000913760-97-000011,1997-03-31,,CIK0000913760-submissions-001.json
1997-05-09,4,0000913760-97-000015,1997-04-30,,CIK0000913760-submissions-001.json
1997-05-09,4,0000913760-97-000014,1997-04-30,,CIK0000913760-submissions-001.json
1997-05-14,10QSB,0000913760-97-000016,1997-03-31,,CIK0000913760-submissions-001.json
1997-08-08,4,0000913760-97-000020,1997-07-31,,CIK0000913760-submissions-001.json
1997-08-08,4,0000913760-97-000019,1997-07-31,,CIK0000913760-submissions-001.json
1997-08-08,4,0000913760-97-000018,1997-04-30,,CIK0000913760-submissions-001.json
1997-08-08,4,0000913760-97-000017,1997-07-31,,CIK0000913760-submissions-001.json
1997-08-13,10QSB,0000913760-97-000021,1997-06-30,,CIK0000913760-submissions-001.json
1997-11-06,4,0000913760-97-000023,1997-10-31,,CIK0000913760-submissions-001.json
1997-11-06,4,0000913760-97-000022,1997-10-31,,CIK0000913760-submissions-001.json
1997-12-09,4,0000913760-97-000025,1997-11-30,,CIK0000913760-submissions-001.json
1997-12-09,4,0000913760-97-000024,1997-11-30,,CIK0000913760-submissions-001.json
1997-12-24,10KSB,0000913760-97-000026,1997-09-30,,CIK0000913760-submissions-001.json
1998-01-15,DEF 14A,0000913760-98-000001,1998-01-14,,CIK0000913760-submissions-001.json
1998-02-09,4,0000913760-98-000008,1998-01-31,,CIK0000913760-submissions-001.json
1998-02-09,4,0000913760-98-000007,1998-01-31,,CIK0000913760-submissions-001.json
1998-02-09,4,0000913760-98-000006,1998-01-31,,CIK0000913760-submissions-001.json
1998-02-09,4,0000913760-98-000005,1998-01-31,,CIK0000913760-submissions-001.json
1998-02-09,4,0000913760-98-000004,1998-01-31,,CIK0000913760-submissions-001.json
1998-02-09,4,0000913760-98-000003,1998-01-31,,CIK0000913760-submissions-001.json
1998-02-09,4,0000913760-98-000002,1998-01-31,,CIK0000913760-submissions-001.json
1998-02-11,10QSB,0000913760-98-000009,1997-12-31,,CIK0000913760-submissions-001.json
1998-02-13,SC 13D,0000913760-98-000012,,,CIK0000913760-submissions-001.json
1998-02-13,SC 13G,0000913760-98-000011,,,CIK0000913760-submissions-001.json
1998-02-13,SC 13G,0000913760-98-000010,,,CIK0000913760-submissions-001.json
1998-03-09,3,0000913760-98-000014,1998-02-28,,CIK0000913760-submissions-001.json
1998-03-09,4,0000913760-98-000013,1998-02-28,,CIK0000913760-submissions-001.json
1998-03-19,4,0000913760-98-000015,1998-02-28,,CIK0000913760-submissions-001.json
1998-04-07,4,0000913760-98-000016,1998-03-31,,CIK0000913760-submissions-001.json
1998-05-07,4,0000913760-98-000018,1998-04-30,,CIK0000913760-submissions-001.json
1998-05-07,4,0000913760-98-000017,1998-04-30,,CIK0000913760-submissions-001.json
1998-05-14,10QSB,0000913760-98-000019,1998-03-31,,CIK0000913760-submissions-001.json
1998-08-10,4,0000913760-98-000020,1998-07-31,,CIK0000913760-submissions-001.json
1998-08-14,10QSB,0000913760-98-000021,1998-06-30,,CIK0000913760-submissions-001.json
1998-10-08,4,0000913760-98-000023,1998-09-30,,CIK0000913760-submissions-001.json
1998-10-08,4,0000913760-98-000022,1998-09-30,,CIK0000913760-submissions-001.json
1998-11-10,4,0000913760-98-000026,1998-10-31,,CIK0000913760-submissions-001.json
1998-11-10,4,0000913760-98-000025,1998-10-31,,CIK0000913760-submissions-001.json
1998-11-10,4,0000913760-98-000024,1998-10-31,,CIK0000913760-submissions-001.json
1998-12-24,10KSB,0000913760-98-000027,1998-09-30,,CIK0000913760-submissions-001.json
1999-01-15,DEF 14A,0000913760-99-000001,1999-01-15,,CIK0000913760-submissions-001.json
1999-02-10,4,0000913760-99-000002,1999-01-31,,CIK0000913760-submissions-001.json
1999-02-10,SC 13G,0000913760-99-000004,,,CIK0000913760-submissions-001.json
1999-02-10,SC 13G,0000913760-99-000003,,,CIK0000913760-submissions-001.json
1999-02-11,10QSB,0000913760-99-000006,1998-12-31,,CIK0000913760-submissions-001.json
1999-03-10,3,0000913760-99-000010,1999-02-28,,CIK0000913760-submissions-001.json
1999-03-10,4,0000913760-99-000011,1999-02-28,,CIK0000913760-submissions-001.json
1999-03-10,4,0000913760-99-000009,1999-02-28,,CIK0000913760-submissions-001.json
1999-03-10,4,0000913760-99-000008,1999-02-28,,CIK0000913760-submissions-001.json
1999-03-10,4,0000913760-99-000007,1999-02-28,,CIK0000913760-submissions-001.json
1999-04-05,4,0000913760-99-000015,1999-03-31,,CIK0000913760-submissions-001.json
1999-04-05,4,0000913760-99-000014,1999-03-31,,CIK0000913760-submissions-001.json
1999-04-05,4,0000913760-99-000013,1999-03-31,,CIK0000913760-submissions-001.json
1999-04-05,4,0000913760-99-000012,1999-03-31,,CIK0000913760-submissions-001.json
1999-04-07,4,0000913760-99-000018,1999-03-31,,CIK0000913760-submissions-001.json
1999-04-07,4,0000913760-99-000017,1999-03-31,,CIK0000913760-submissions-001.json
1999-04-07,4,0000913760-99-000016,1999-03-31,,CIK0000913760-submissions-001.json
1999-05-07,4,0000913760-99-000024,1999-04-30,,CIK0000913760-submissions-001.json
1999-05-07,4,0000913760-99-000023,1999-04-30,,CIK0000913760-submissions-001.json
1999-05-07,4,0000913760-99-000022,1999-04-30,,CIK0000913760-submissions-001.json
1999-05-07,4,0000913760-99-000021,1999-04-30,,CIK0000913760-submissions-001.json
1999-05-07,4,0000913760-99-000020,1999-04-30,,CIK0000913760-submissions-001.json
1999-05-07,4,0000913760-99-000019,1999-04-30,,CIK0000913760-submissions-001.json
1999-05-13,10QSB,0000913760-99-000025,1999-03-31,,CIK0000913760-submissions-001.json
1999-06-09,4,0000913760-99-000027,1999-05-31,,CIK0000913760-submissions-001.json
1999-07-09,4,0000913760-99-000030,1999-06-30,,CIK0000913760-submissions-001.json
1999-07-09,4,0000913760-99-000029,1999-06-30,,CIK0000913760-submissions-001.json
1999-07-09,4,0000913760-99-000028,1999-06-30,,CIK0000913760-submissions-001.json
1999-08-09,4,0000913760-99-000032,1999-07-31,,CIK0000913760-submissions-001.json
1999-08-09,4,0000913760-99-000031,1999-07-31,,CIK0000913760-submissions-001.json
1999-08-12,10QSB,0000913760-99-000033,1999-06-30,,CIK0000913760-submissions-001.json
1999-09-09,4,0000913760-99-000034,1999-08-31,,CIK0000913760-submissions-001.json
1999-10-08,3,0000913760-99-000036,1999-10-01,,CIK0000913760-submissions-001.json
1999-10-08,3,0000913760-99-000035,1999-10-01,,CIK0000913760-submissions-001.json
1999-11-09,4,0000913760-99-000039,1999-10-31,,CIK0000913760-submissions-001.json
1999-11-09,4,0000913760-99-000038,1999-10-31,,CIK0000913760-submissions-001.json
1999-11-09,4,0000913760-99-000037,1999-10-31,,CIK0000913760-submissions-001.json
1999-12-09,4,0000913760-99-000040,1999-11-30,,CIK0000913760-submissions-001.json
1999-12-20,10QSB/A,0000913760-99-000041,1999-06-30,,CIK0000913760-submissions-001.json
1999-12-23,10KSB,0000913760-99-000042,1999-09-30,,CIK0000913760-submissions-001.json
2000-01-10,4,0000913760-00-000006,1999-11-30,,CIK0000913760-submissions-001.json
2000-01-10,4,0000913760-00-000005,1999-12-31,,CIK0000913760-submissions-001.json
2000-01-10,4,0000913760-00-000004,1999-12-31,,CIK0000913760-submissions-001.json
2000-01-10,4,0000913760-00-000003,1999-12-31,,CIK0000913760-submissions-001.json
2000-01-10,4,0000913760-00-000002,1999-12-31,,CIK0000913760-submissions-001.json
2000-01-10,4,0000913760-00-000001,1999-12-31,,CIK0000913760-submissions-001.json
2000-01-14,DEF 14A,0000913760-00-000007,1999-01-15,,CIK0000913760-submissions-001.json
2000-02-09,3,0000913760-00-000011,2000-01-31,,CIK0000913760-submissions-001.json
2000-02-09,4,0000913760-00-000015,2000-01-31,,CIK0000913760-submissions-001.json
2000-02-09,4,0000913760-00-000014,2000-01-31,,CIK0000913760-submissions-001.json
2000-02-09,4,0000913760-00-000013,2000-01-31,,CIK0000913760-submissions-001.json
2000-02-09,4,0000913760-00-000012,2000-01-31,,CIK0000913760-submissions-001.json
2000-02-09,4,0000913760-00-000010,2000-01-31,,CIK0000913760-submissions-001.json
2000-02-09,4,0000913760-00-000009,2000-01-31,,CIK0000913760-submissions-001.json
2000-02-09,4,0000913760-00-000008,2000-01-31,,CIK0000913760-submissions-001.json
2000-02-11,10QSB,0000913760-00-000016,1999-12-31,,CIK0000913760-submissions-001.json
2000-02-15,SC 13D,0000913760-00-000018,,,CIK0000913760-submissions-001.json
2000-02-15,SC 13G,0000913760-00-000020,,,CIK0000913760-submissions-001.json
2000-02-15,SC 13G,0000913760-00-000019,,,CIK0000913760-submissions-001.json
2000-02-18,PRES14A,0000913760-00-000021,2000-04-03,,CIK0000913760-submissions-001.json
2000-03-06,DEFS14A,0000913760-00-000023,2000-04-03,,CIK0000913760-submissions-001.json
2000-03-09,4,0000913760-00-000025,2000-02-29,,CIK0000913760-submissions-001.json
2000-04-07,4,0000913760-00-000032,2000-03-31,,CIK0000913760-submissions-001.json
2000-04-07,4,0000913760-00-000031,2000-03-31,,CIK0000913760-submissions-001.json
2000-04-07,4,0000913760-00-000030,2000-03-31,,CIK0000913760-submissions-001.json
2000-04-07,4,0000913760-00-000029,2000-03-31,,CIK0000913760-submissions-001.json
2000-04-07,4,0000913760-00-000028,2000-03-31,,CIK0000913760-submissions-001.json
2000-04-07,4,0000913760-00-000027,2000-03-31,,CIK0000913760-submissions-001.json
2000-04-07,4,0000913760-00-000026,2000-03-31,,CIK0000913760-submissions-001.json
2000-04-10,4,0000913760-00-000035,2000-03-31,,CIK0000913760-submissions-001.json
2000-04-10,4,0000913760-00-000034,2000-03-31,,CIK0000913760-submissions-001.json
2000-05-12,10QSB,0000913760-00-000036,2000-03-31,,CIK0000913760-submissions-001.json
2000-06-09,4,0000913760-00-000037,2000-05-31,0001.txt,CIK0000913760-submissions-001.json
2000-08-09,4,0000913760-00-000039,2000-07-31,0001.txt,CIK0000913760-submissions-001.json
2000-08-09,4,0000913760-00-000038,2000-07-31,0001.txt,CIK0000913760-submissions-001.json
2000-08-14,10QSB,0000913760-00-000040,2000-06-30,0001.txt,CIK0000913760-submissions-001.json
2000-09-08,4,0000913760-00-000047,2000-08-31,0001.txt,CIK0000913760-submissions-001.json
2000-09-08,4,0000913760-00-000046,2000-08-31,0001.txt,CIK0000913760-submissions-001.json
2000-09-08,4,0000913760-00-000045,2000-08-31,0001.txt,CIK0000913760-submissions-001.json
2000-09-08,4,0000913760-00-000044,2000-08-31,0001.txt,CIK0000913760-submissions-001.json
2000-09-08,4,0000913760-00-000043,2000-08-31,0001.txt,CIK0000913760-submissions-001.json
2000-09-13,8-K,0000913760-00-000048,2000-09-07,0001.txt,CIK0000913760-submissions-001.json
2000-09-15,3,0000913760-00-000049,2000-09-15,0001.txt,CIK0000913760-submissions-001.json
2000-10-16,3,0000913760-00-000050,2000-10-16,0001.txt,CIK0000913760-submissions-001.json
2000-11-07,4,0000913760-00-000053,2000-10-31,0001.txt,CIK0000913760-submissions-001.json
2000-11-07,4,0000913760-00-000052,2000-10-31,0001.txt,CIK0000913760-submissions-001.json
2000-11-07,4,0000913760-00-000051,2000-10-31,0001.txt,CIK0000913760-submissions-001.json
2000-11-13,4,0000913760-00-000054,2000-10-31,0001.txt,CIK0000913760-submissions-001.json
2000-11-30,5,0000950170-00-001920,2000-10-31,0001.txt,CIK0000913760-submissions-001.json
2000-11-30,5,0000950170-00-001919,2000-10-31,0001.txt,CIK0000913760-submissions-001.json
2000-11-30,5,0000950170-00-001918,2000-10-31,0001.txt,CIK0000913760-submissions-001.json
2000-11-30,5,0000950170-00-001917,2000-10-31,0001.txt,CIK0000913760-submissions-001.json
2000-12-08,4,0000950170-00-001972,2000-11-30,0001.txt,CIK0000913760-submissions-001.json
2000-12-08,4,0000950170-00-001971,2000-11-30,0001.txt,CIK0000913760-submissions-001.json
2000-12-29,10KSB,0000950170-00-002078,2000-09-30,0001.txt,CIK0000913760-submissions-001.json
2000-12-29,8-K,0000950170-00-002079,2000-12-19,0001.txt,CIK0000913760-submissions-001.json
2001-01-09,4,0000950170-01-000017,2000-12-30,0001.txt,CIK0000913760-submissions-001.json
2001-01-12,DEF 14A,0000950170-01-000043,2001-02-15,0001.txt,CIK0000913760-submissions-001.json
2001-02-09,4,0000950170-01-000147,2000-12-31,0001.txt,CIK0000913760-submissions-001.json
2001-02-09,4,0000950170-01-000146,2001-01-31,0001.txt,CIK0000913760-submissions-001.json
2001-02-09,4,0000950170-01-000145,2001-01-31,0001.txt,CIK0000913760-submissions-001.json
2001-02-14,10QSB,0000950170-01-000212,2000-12-31,0001.txt,CIK0000913760-submissions-001.json
2001-02-14,SC 13G/A,0000950170-01-000230,,0001.txt,CIK0000913760-submissions-001.json
2001-02-14,SC 13G/A,0000950170-01-000229,,0001.txt,CIK0000913760-submissions-001.json
2001-02-15,4,0000950170-01-000239,2001-01-31,0001.txt,CIK0000913760-submissions-001.json
2001-04-10,4,0001021408-01-002125,2001-03-31,0001.txt,CIK0000913760-submissions-001.json
2001-04-10,4,0001021408-01-002124,2001-03-31,0001.txt,CIK0000913760-submissions-001.json
2001-04-10,4,0001021408-01-002123,2001-03-31,0001.txt,CIK0000913760-submissions-001.json
2001-04-10,4,0001021408-01-002122,2001-03-31,0001.txt,CIK0000913760-submissions-001.json
2001-04-10,4,0001021408-01-002121,2001-03-31,0001.txt,CIK0000913760-submissions-001.json
2001-04-10,4,0001021408-01-002120,2001-03-31,0001.txt,CIK0000913760-submissions-001.json
2001-04-10,4,0001021408-01-002119,2001-03-31,0001.txt,CIK0000913760-submissions-001.json
2001-04-11,4,0001021408-01-002127,2001-03-31,0001.txt,CIK0000913760-submissions-001.json
2001-04-11,4,0001021408-01-002126,2001-03-31,0001.txt,CIK0000913760-submissions-001.json
2001-05-15,10QSB,0001021408-01-501078,2001-03-31,d10qsb.txt,CIK0000913760-submissions-001.json
2001-07-10,4,0001021408-01-503215,2001-06-30,d4.txt,CIK0000913760-submissions-001.json
2001-07-10,4,0001021408-01-503214,2001-06-30,d4.txt,CIK0000913760-submissions-001.json
2001-07-10,4,0001021408-01-503212,2001-06-30,d4.txt,CIK0000913760-submissions-001.json
2001-08-06,10QSB,0001021408-01-504474,2001-06-30,d10qsb.txt,CIK0000913760-submissions-001.json
2001-08-09,4,0001021408-01-504675,2001-07-31,d4.txt,CIK0000913760-submissions-001.json
2001-08-09,4,0001021408-01-504674,2001-07-31,d4.txt,CIK0000913760-submissions-001.json
2001-09-27,8-K,0001021408-01-507368,2001-09-17,d8k.txt,CIK0000913760-submissions-001.json
2001-10-15,10QSB/A,0001021408-01-508182,2001-06-30,d10qsba.txt,CIK0000913760-submissions-001.json
2001-12-27,8-K,0001021408-01-511678,2001-12-13,d8k.txt,CIK0000913760-submissions-001.json
2001-12-28,NT 10-K,0001021408-01-511754,2001-09-30,dnt10k.txt,CIK0000913760-submissions-001.json
2002-01-09,4,0001021408-02-000188,2001-12-03,d4.txt,CIK0000913760-submissions-001.json
2002-01-09,4,0001021408-02-000182,2001-12-03,d4.txt,CIK0000913760-submissions-001.json
2002-01-09,4,0001021408-02-000180,2001-12-03,d4.txt,CIK0000913760-submissions-001.json
2002-01-09,5,0001021408-02-000189,2001-12-31,d5.txt,CIK0000913760-submissions-001.json
2002-01-09,5,0001021408-02-000186,2001-12-31,d5.txt,CIK0000913760-submissions-001.json
2002-01-10,3,0001021408-02-000233,2002-01-01,d3.txt,CIK0000913760-submissions-001.json
2002-01-14,10KSB,0001021408-02-000371,2001-09-30,d10ksb.txt,CIK0000913760-submissions-001.json
2002-02-07,DEF 14A,0001021408-02-001441,2002-03-12,ddef14a.txt,CIK0000913760-submissions-001.json
2002-02-14,NT 10-Q,0001021408-02-002251,2001-12-31,dnt10q.txt,CIK0000913760-submissions-001.json
2002-02-15,SC 13G/A,0001021408-02-002474,,dsc13ga.txt,CIK0000913760-submissions-001.json
2002-02-15,SC 13G/A,0001021408-02-002473,,dsc13ga.txt,CIK0000913760-submissions-001.json
2002-02-19,10QSB,0001021408-02-002569,2001-12-31,d10qsb.txt,CIK0000913760-submissions-001.json
2002-05-14,10QSB,0001021408-02-006874,2002-03-31,d10qsb.txt,CIK0000913760-submissions-001.json
2002-08-13,10QSB,0001021408-02-010581,2002-06-30,d10qsb.txt,CIK0000913760-submissions-001.json
2002-08-28,5,0001021408-02-011459,2002-08-01,d5.txt,CIK0000913760-submissions-001.json
2002-08-28,5,0001021408-02-011458,2002-08-01,d5.txt,CIK0000913760-submissions-001.json
2002-08-28,5,0001021408-02-011456,2002-08-01,d5.txt,CIK0000913760-submissions-001.json
2002-08-28,5,0001021408-02-011453,2002-08-01,d5.txt,CIK0000913760-submissions-001.json
2002-10-24,8-K,0001021408-02-012831,2002-10-22,d8k.txt,CIK0000913760-submissions-001.json
2002-11-18,4,0001181431-02-002027,2002-11-15,rrd2040.htm,CIK0000913760-submissions-001.json
2002-11-19,4,0001181431-02-002029,2002-11-15,rrd2044.htm,CIK0000913760-submissions-001.json
2002-11-20,4,0001181431-02-002083,2002-11-19,rrd2076.htm,CIK0000913760-submissions-001.json
2002-12-10,4,0001181431-02-002795,2002-12-06,rrd2538.htm,CIK0000913760-submissions-001.json
2002-12-10,4,0001181431-02-002791,2002-12-06,rrd2534.htm,CIK0000913760-submissions-001.json
2002-12-10,8-K,0000931763-02-003610,2002-12-06,d8k.txt,CIK0000913760-submissions-001.json
2002-12-12,3,0001181431-02-002868,2002-12-06,rrd2555.htm,CIK0000913760-submissions-001.json
2002-12-12,3,0001181431-02-002867,2002-12-06,rrd2547.htm,CIK0000913760-submissions-001.json
2002-12-16,3,0001181431-02-003048,2002-12-06,rrd2747.htm,CIK0000913760-submissions-001.json
2002-12-17,4/A,0001181431-02-003132,2002-11-15,rrd2804.htm,CIK0000913760-submissions-001.json
2002-12-17,5,0001181431-02-003135,2001-10-05,rrd2806.htm,CIK0000913760-submissions-001.json
2002-12-17,5,0001181431-02-003134,2001-10-05,rrd2805.htm,CIK0000913760-submissions-001.json
2002-12-24,PRE 14A,0001021408-02-015487,2003-02-24,dpre14a.txt,CIK0000913760-submissions-001.json
2002-12-30,10KSB,0001021408-02-015562,2002-09-30,d10ksb.txt,CIK0000913760-submissions-001.json
2003-01-10,SC 13D,0001021408-03-000231,,dsc13d.txt,CIK0000913760-submissions-001.json
2003-01-10,SC 13D,0001021408-03-000230,,dsc13d.txt,CIK0000913760-submissions-001.json
2003-01-10,SC 13D,0001021408-03-000228,,dsc13d.txt,CIK0000913760-submissions-001.json
2003-01-10,SC 13D,0001021408-03-000227,,dsc13d.txt,CIK0000913760-submissions-001.json
2003-01-14,DEF 14A,0001021408-03-000305,2003-02-28,ddef14a.txt,CIK0000913760-submissions-001.json
2003-01-27,4,0001181431-03-001004,2003-01-23,rrd3920.htm,CIK0000913760-submissions-001.json
2003-02-06,SC 13G,0001021408-03-001953,,dsc13g.txt,CIK0000913760-submissions-001.json
2003-02-06,SC 13G/A,0001021408-03-001952,,dsc13ga.txt,CIK0000913760-submissions-001.json
2003-02-14,10QSB,0001021408-03-002896,2002-12-31,d10qsb.htm,CIK0000913760-submissions-001.json
2003-02-14,SC 13G/A,0001021408-03-002889,,dsc13ga.htm,CIK0000913760-submissions-001.json
2003-03-06,4,0001181431-03-003853,2003-02-28,rrd5968.htm,CIK0000913760-submissions-001.json
2003-03-06,4,0001181431-03-003851,2003-02-28,rrd5967.htm,CIK0000913760-submissions-001.json
2003-03-11,3/A,0001181431-03-004051,2002-12-06,rrd6082.htm,CIK0000913760-submissions-001.json
2003-03-11,4,0001181431-03-004065,2003-03-07,rrd6137.htm,CIK0000913760-submissions-001.json
2003-03-11,4,0001181431-03-004064,2003-03-07,rrd6133.htm,CIK0000913760-submissions-001.json
2003-03-11,4,0001181431-03-004054,2003-03-07,rrd6089.htm,CIK0000913760-submissions-001.json
2003-03-11,4/A,0001181431-03-004052,2003-02-28,rrd6038.htm,CIK0000913760-submissions-001.json
2003-04-25,4,0001181431-03-006156,2003-04-22,rrd7621.htm,CIK0000913760-submissions-001.json
2003-05-13,10QSB,0001021408-03-007573,2003-03-31,d10qsb.htm,CIK0000913760-submissions-001.json
2003-08-14,10QSB,0001193125-03-037130,2003-06-30,d10qsb.htm,CIK0000913760-submissions-001.json
2003-08-28,S-8,0001193125-03-043392,,ds8.htm,CIK0000913760-submissions-001.json
2003-09-02,4,0001181431-03-021400,2003-08-01,xslF345X02/rrd17380.xml,CIK0000913760-submissions-001.json
2003-09-02,4,0001181431-03-021391,2003-08-01,xslF345X02/rrd17349.xml,CIK0000913760-submissions-001.json
2003-10-01,5,0001181431-03-024909,2003-09-30,xslF345X02/rrd19417.xml,CIK0000913760-submissions-001.json
2003-10-02,4,0001181431-03-025471,2003-09-30,xslF345X02/rrd19545.xml,CIK0000913760-submissions-001.json
2003-10-17,5,0001210033-03-000001,2003-09-30,xslF345X02/primary_doc.xml,CIK0000913760-submissions-001.json
2003-11-04,4,0001181431-03-028853,2003-11-03,xslF345X02/rrd21551.xml,CIK0000913760-submissions-001.json
2003-11-04,4,0001181431-03-028851,2003-11-03,xslF345X02/rrd21546.xml,CIK0000913760-submissions-001.json
2003-12-11,4,0001181431-03-035107,2003-12-09,xslF345X02/rrd25358.xml,CIK0000913760-submissions-001.json
2003-12-23,4,0001181431-03-037392,2003-12-19,xslF345X02/rrd26798.xml,CIK0000913760-submissions-001.json
2003-12-29,10KSB,0001193125-03-099735,2003-09-30,d10ksb.htm,CIK0000913760-submissions-001.json
2003-12-29,4,0001181431-03-037834,2003-12-23,xslF345X02/rrd26954.xml,CIK0000913760-submissions-001.json
2003-12-30,4,0001181431-03-038137,2003-12-29,xslF345X02/rrd27119.xml,CIK0000913760-submissions-001.json
2004-01-05,8-K,0001193125-04-000586,2004-01-05,d8k.htm,CIK0000913760-submissions-001.json
2004-01-15,4,0001181431-04-002788,2004-01-14,xslF345X02/rrd29173.xml,CIK0000913760-submissions-001.json
2004-01-21,PRE 14A,0001193125-04-006802,2004-03-26,dpre14a.htm,CIK0000913760-submissions-001.json
2004-01-26,PRER14A,0001193125-04-008794,,dprer14a.htm,CIK0000913760-submissions-001.json
2004-02-11,DEF 14A,0001193125-04-019233,2004-03-26,ddef14a.htm,CIK0000913760-submissions-001.json
2004-02-13,10QSB,0001193125-04-022583,2003-12-31,d10qsb.htm,CIK0000913760-submissions-001.json
2004-02-17,ARS,9999999997-04-006261,2003-09-30,9999999997-04-006261.paper,CIK0000913760-submissions-001.json
2004-02-17,SC 13D/A,0001193125-04-025099,,dsc13da.htm,CIK0000913760-submissions-001.json
2004-02-18,SC 13D/A,0001193125-04-025801,,dsc13da.htm,CIK0000913760-submissions-001.json
2004-02-18,SC 13D/A,0001193125-04-025797,,dsc13da.htm,CIK0000913760-submissions-001.json
2004-02-19,SC 13D/A,0001193125-04-026586,,dsc13da.htm,CIK0000913760-submissions-001.json
2004-02-19,SC 13G/A,0001193125-04-026644,,dsc13ga.htm,CIK0000913760-submissions-001.json
2004-03-04,4,0001181431-04-013627,2004-03-02,xslF345X02/rrd35543.xml,CIK0000913760-submissions-001.json
2004-03-04,8-K,0001193125-04-034642,2004-03-03,d8k.htm,CIK0000913760-submissions-001.json
2004-03-12,3,0000909518-04-000251,2004-03-02,xslF345X02/iahc3-12_form3ex.xml,CIK0000913760-submissions-001.json
2004-03-12,SC 13D,0000909518-04-000250,,jd3-12_13d.txt,CIK0000913760-submissions-001.json
2004-03-15,4,0001181431-04-015626,2004-03-12,xslF345X02/rrd36743.xml,CIK0000913760-submissions-001.json
2004-03-15,8-K,0001193125-04-041937,2004-03-12,d8k.htm,CIK0000913760-submissions-001.json
2004-03-16,4,0001181431-04-015863,2004-03-12,xslF345X02/rrd36712.xml,CIK0000913760-submissions-001.json
2004-03-16,4,0001181431-04-015770,2004-03-12,xslF345X02/rrd36749.xml,CIK0000913760-submissions-001.json
2004-03-18,REGDEX,9999999997-04-010838,,9999999997-04-010838.paper,CIK0000913760-submissions-001.json
2004-03-19,4,0001181431-04-016553,2004-03-17,xslF345X02/rrd37044.xml,CIK0000913760-submissions-001.json
2004-03-26,4,0001181431-04-017606,2004-03-25,xslF345X02/rrd37707.xml,CIK0000913760-submissions-001.json
2004-05-13,8-K,0001193125-04-087162,2004-05-10,d8k.htm,CIK0000913760-submissions-001.json
2004-05-17,10QSB,0001193125-04-089638,2004-03-31,d10qsb.htm,CIK0000913760-submissions-001.json
2004-05-17,8-K,0001193125-04-089691,2004-05-17,d8k.htm,CIK0000913760-submissions-001.json
2004-06-03,4,0001181431-04-029189,2004-06-01,xslF345X02/rrd43739.xml,CIK0000913760-submissions-001.json
2004-06-15,4,0000909518-04-000548,2004-06-14,xslF345X02/iahc6-15_form4ex.xml,CIK0000913760-submissions-001.json
2004-06-15,SC 13D/A,0000909518-04-000547,,jd6-15_13da1.txt,CIK0000913760-submissions-001.json
2004-07-01,8-K,0001193125-04-112933,2004-06-28,d8k.htm,CIK0000913760-submissions-001.json
2004-07-14,5,0001181431-04-035117,2004-09-30,xslF345X02/rrd47480.xml,CIK0000913760-submissions-001.json
2004-07-14,5,0001181431-04-035116,2004-09-30,xslF345X02/rrd47483.xml,CIK0000913760-submissions-001.json
2004-07-21,S-3,0001193125-04-121837,,ds3.htm,CIK0000913760-submissions-001.json
2004-07-23,8-K,0001193125-04-123638,2004-07-09,d8k.htm,CIK0000913760-submissions-001.json
2004-08-13,4,0000909518-04-000684,2004-08-13,xslF345X02/lnc8-11_form4ex.xml,CIK0000913760-submissions-001.json
2004-08-16,10QSB,0001193125-04-141175,2004-06-30,d10qsb.htm,CIK0000913760-submissions-001.json
2004-08-16,8-K,0001193125-04-141238,2004-08-16,d8k.htm,CIK0000913760-submissions-001.json
2004-08-20,4,0000909518-04-000708,2004-08-20,xslF345X02/iahc8-18_form4ex.xml,CIK0000913760-submissions-001.json
2004-08-20,SC 13D/A,0000909518-04-000707,,jd8-18_13da2.txt,CIK0000913760-submissions-001.json
2004-08-24,4,0001181431-04-041397,2004-08-20,xslF345X02/rrd51216.xml,CIK0000913760-submissions-001.json
2004-08-25,424B3,0001193125-04-146395,,d424b3.htm,CIK0000913760-submissions-001.json
2004-09-20,4,0001181431-04-044327,2004-09-17,xslF345X02/rrd52891.xml,CIK0000913760-submissions-001.json
2004-09-21,4,0001181431-04-044480,2004-09-17,xslF345X02/rrd52883.xml,CIK0000913760-submissions-001.json
2004-09-21,8-K/A,0001193125-04-159496,2004-07-09,d8ka.htm,CIK0000913760-submissions-001.json
2004-10-14,8-K,0001193125-04-171266,2004-10-11,d8k.htm,CIK0000913760-submissions-001.json
2004-11-24,8-K,0001181431-04-055004,2004-11-18,rrd58316.htm,CIK0000913760-submissions-001.json
2004-11-30,5,0001181431-04-055416,2004-11-18,xslF345X02/rrd59481.xml,CIK0000913760-submissions-001.json
2004-11-30,5,0001181431-04-055411,2004-11-18,xslF345X02/rrd59312.xml,CIK0000913760-submissions-001.json
2004-12-01,5,0001181431-04-055782,2004-06-01,xslF345X02/rrd59566.xml,CIK0000913760-submissions-001.json
2004-12-01,5,0001181431-04-055647,2004-09-30,xslF345X02/rrd59497.xml,CIK0000913760-submissions-001.json
2004-12-23,10KSB,0001193125-04-218886,2004-09-30,d10ksb.htm,CIK0000913760-submissions-001.json
2004-12-30,4,0001181431-04-061271,2004-12-28,xslF345X02/rrd62888.xml,CIK0000913760-submissions-001.json
2004-12-30,4,0001181431-04-061267,2004-12-28,xslF345X02/rrd62861.xml,CIK0000913760-submissions-001.json
2004-12-30,8-K,0001181431-04-061210,2004-12-23,rrd62857.htm,CIK0000913760-submissions-001.json
2005-01-11,3,0000909518-05-000024,2004-11-18,xslF345X02/jwheeler1-11_form3ex.xml,CIK0000913760-submissions-001.json
2005-01-11,4,0000909518-05-000023,2005-01-07,xslF345X02/iahc1-11_form4ex.xml,CIK0000913760-submissions-001.json
2005-01-11,SC 13D/A,0000909518-05-000022,,jd1-11_13da3.txt,CIK0000913760-submissions-001.json
2005-01-12,DEF 14A,0001193125-05-005087,2005-03-03,ddef14a.htm,CIK0000913760-submissions-001.json
2005-01-13,4,0001181431-05-002703,2005-01-10,xslF345X02/rrd64628.xml,CIK0000913760-submissions-001.json
2005-02-14,10QSB,0001193125-05-028214,2004-12-31,d10qsb.htm,CIK0000913760-submissions-001.json
2005-02-14,8-K,0001181431-05-009442,2005-02-14,rrd68600.htm,CIK0000913760-submissions-001.json
2005-02-15,SC 13G/A,0001193125-05-030039,,dsc13ga.htm,CIK0000913760-submissions-001.json
2005-02-18,4,0001181431-05-011459,2005-02-16,xslF345X02/rrd69653.xml,CIK0000913760-submissions-001.json
2005-02-18,4,0001181431-05-011266,2005-02-16,xslF345X02/rrd69533.xml,CIK0000913760-submissions-001.json
2005-02-23,4,0001181431-05-012080,2005-02-18,xslF345X02/rrd70021.xml,CIK0000913760-submissions-001.json
2005-03-01,4,0001181431-05-013300,2005-02-28,xslF345X02/rrd70822.xml,CIK0000913760-submissions-001.json
2005-03-01,4,0001181431-05-013177,2005-02-25,xslF345X02/rrd70762.xml,CIK0000913760-submissions-001.json
2005-03-03,4,0001181431-05-013952,2005-03-01,xslF345X02/rrd70970.xml,CIK0000913760-submissions-001.json
2005-03-07,4,0001181431-05-014788,2005-03-03,xslF345X02/rrd71434.xml,CIK0000913760-submissions-001.json
2005-03-07,5,0001181431-05-014798,2005-09-30,xslF345X02/rrd71455.xml,CIK0000913760-submissions-001.json
2005-03-09,3,0001181431-05-015522,2005-03-03,xslF345X02/rrd71776.xml,CIK0000913760-submissions-001.json
2005-03-15,4,0001181431-05-016879,2005-03-15,xslF345X02/rrd72391.xml,CIK0000913760-submissions-001.json
2005-03-15,4,0001181431-05-016791,2005-03-14,xslF345X02/rrd72390.xml,CIK0000913760-submissions-001.json
2005-03-18,4,0001181431-05-017758,2005-03-17,xslF345X02/rrd73097.xml,CIK0000913760-submissions-001.json
2005-03-23,SC 13D/A,0000909518-05-000191,,mv3-23_13da4.txt,CIK0000913760-submissions-001.json
2005-04-14,CORRESP,0001193125-05-076819,,filename1.htm,CIK0000913760-submissions-001.json
2005-05-17,NT 10-Q,0001193125-05-109958,2005-03-31,dnt10q.htm,CIK0000913760-submissions-001.json
2005-05-18,8-K,0001181431-05-028572,2005-05-17,rrd79150.htm,CIK0000913760-submissions-001.json
2005-05-23,10KSB/A,0001193125-05-113154,2004-09-30,d10ksba.htm,CIK0000913760-submissions-001.json
2005-05-23,10QSB,0001193125-05-113163,2005-03-31,d10qsb.htm,CIK0000913760-submissions-001.json
2005-05-23,10QSB/A,0001193125-05-113158,2004-12-31,d10qsba.htm,CIK0000913760-submissions-001.json
2005-05-23,8-K,0001193125-05-113148,2005-05-23,d8k.htm,CIK0000913760-submissions-001.json
2005-05-23,8-K,0001193125-05-113142,2005-05-23,d8k.htm,CIK0000913760-submissions-001.json
2005-05-23,CORRESP,0001193125-05-113180,,filename1.htm,CIK0000913760-submissions-001.json
2005-05-31,4,0001181431-05-031794,2005-05-27,xslF345X02/rrd80976.xml,CIK0000913760-submissions-001.json
2005-06-01,4,0001181431-05-031932,2005-05-27,xslF345X02/rrd80985.xml,CIK0000913760-submissions-001.json
2005-06-01,UPLOAD,0000000000-05-026824,,filename1.txt,CIK0000913760-submissions-001.json
2005-06-01,UPLOAD,0000000000-05-026817,,filename1.txt,CIK0000913760-submissions-001.json
2005-06-14,4,0001181431-05-034471,2005-06-10,xslF345X02/rrd82359.xml,CIK0000913760-submissions-001.json
2005-07-01,5,0001181431-05-037847,2005-09-30,xslF345X02/rrd84137.xml,CIK0000913760-submissions-001.json
2005-07-01,5,0001181431-05-037846,2004-09-30,xslF345X02/rrd84226.xml,CIK0000913760-submissions-001.json
2005-07-05,5,0001181431-05-038114,2005-09-30,xslF345X02/rrd84223.xml,CIK0000913760-submissions-001.json
2005-07-19,8-K,0001181431-05-041033,2005-07-19,rrd86208.htm,CIK0000913760-submissions-001.json
2005-08-15,10QSB,0001193125-05-168080,2005-06-30,d10qsb.htm,CIK0000913760-submissions-001.json
2005-08-15,8-K,0001181431-05-046758,2005-08-15,rrd89355.htm,CIK0000913760-submissions-001.json
2005-08-19,4,0001181431-05-047991,2005-08-17,xslF345X02/rrd90036.xml,CIK0000913760-submissions-001.json
2005-08-22,4,0001181431-05-048179,2005-08-19,xslF345X02/rrd90116.xml,CIK0000913760-submissions-001.json
2005-08-31,4,0001181431-05-049668,2005-08-29,xslF345X02/rrd90946.xml,CIK0000913760-submissions-001.json
2005-09-01,4,0001181431-05-049818,2005-08-29,xslF345X02/rrd90980.xml,CIK0000913760-submissions-001.json
2005-12-01,8-K,0001181431-05-063823,2005-11-30,rrd98483.htm,CIK0000913760-submissions-001.json
2005-12-06,4,0001181431-05-064940,2005-12-02,xslF345X02/rrd99243.xml,CIK0000913760-submissions-001.json
2005-12-06,4,0001181431-05-064892,2005-12-02,xslF345X02/rrd99248.xml,CIK0000913760-submissions-001.json
2005-12-06,4,0001181431-05-064864,2005-12-02,xslF345X02/rrd99247.xml,CIK0000913760-submissions-001.json
2005-12-06,8-K,0001181431-05-064843,2005-12-06,rrd98575.htm,CIK0000913760-submissions-001.json
2005-12-22,10KSB,0001193125-05-247627,2005-09-30,d10ksb.htm,CIK0000913760-submissions-001.json
2005-12-30,4,0001181431-05-069424,2005-12-28,xslF345X02/rrd101612.xml,CIK0000913760-submissions-001.json
2005-12-30,5,0001181431-05-069446,2006-09-30,xslF345X02/rrd101722.xml,CIK0000913760-submissions-001.json
2006-01-03,4,0001181431-06-000086,2005-12-30,xslF345X02/rrd101932.xml,CIK0000913760-submissions-001.json
2006-01-05,4,0001181431-06-001520,2006-01-03,xslF345X02/rrd102536.xml,CIK0000913760-submissions-001.json
2006-01-09,4,0001181431-06-002427,2006-01-05,xslF345X02/rrd102941.xml,CIK0000913760-submissions-001.json
2006-01-09,4,0001181431-06-002426,2006-01-05,xslF345X02/rrd102971.xml,CIK0000913760-submissions-001.json
2006-01-10,4,0001181431-06-002838,2006-01-09,xslF345X02/rrd103267.xml,CIK0000913760-submissions-001.json
2006-01-12,4,0001181431-06-003414,2006-01-11,xslF345X02/rrd103516.xml,CIK0000913760-submissions-001.json
2006-01-17,4,0001181431-06-003785,2006-01-12,xslF345X02/rrd103667.xml,CIK0000913760-submissions-001.json
2006-01-19,4,0001181431-06-004216,2006-01-17,xslF345X02/rrd103972.xml,CIK0000913760-submissions-001.json
2006-01-19,4,0001181431-06-004197,2006-01-18,xslF345X02/rrd103983.xml,CIK0000913760-submissions-001.json
2006-01-23,DEF 14A,0001193125-06-009596,2006-03-08,ddef14a.htm,CIK0000913760-submissions-001.json
2006-01-24,ARS,9999999997-06-003592,2005-09-30,9999999997-06-003592.paper,CIK0000913760-submissions-001.json
2006-01-25,4,0001181431-06-005477,2006-01-23,xslF345X02/rrd104820.xml,CIK0000913760-submissions-001.json
2006-01-25,4,0001181431-06-005464,2006-01-24,xslF345X02/rrd104810.xml,CIK0000913760-submissions-001.json
2006-01-26,4,0000909518-06-000101,2006-01-24,xslF345X02/lnc1-25_form4ex.xml,CIK0000913760-submissions-001.json
2006-01-26,SC 13D/A,0000909518-06-000102,,jd1-25_13da5.txt,CIK0000913760-submissions-001.json
2006-02-02,8-K,0001181431-06-007938,2006-02-02,rrd105733.htm,CIK0000913760-submissions-001.json
2006-02-07,4,0001181431-06-009091,2006-02-03,xslF345X02/rrd106827.xml,CIK0000913760-submissions-001.json
2006-02-14,10QSB,0001193125-06-031690,2005-12-31,d10qsb.htm,CIK0000913760-submissions-001.json
2006-02-15,4,0001181431-06-011572,2006-02-13,xslF345X02/rrd107877.xml,CIK0000913760-submissions-001.json
2006-02-17,4,0001181431-06-012641,2006-02-15,xslF345X02/rrd108526.xml,CIK0000913760-submissions-001.json
2006-02-23,4,0001181431-06-013759,2006-02-21,xslF345X02/rrd109043.xml,CIK0000913760-submissions-001.json
2006-02-28,4,0001181431-06-014782,2006-02-24,xslF345X02/rrd109618.xml,CIK0000913760-submissions-001.json
2006-03-06,4,0001181431-06-016444,2006-03-02,xslF345X02/rrd110226.xml,CIK0000913760-submissions-001.json
2006-03-09,4,0001181431-06-017189,2006-03-07,xslF345X02/rrd110667.xml,CIK0000913760-submissions-001.json
2006-03-09,SC 13G,0001193125-06-049546,,dsc13g.htm,CIK0000913760-submissions-001.json
2006-03-09,SC 13G/A,0001193125-06-049563,,dsc13ga.htm,CIK0000913760-submissions-001.json
2006-03-13,4,0001181431-06-017606,2006-03-09,xslF345X02/rrd110922.xml,CIK0000913760-submissions-001.json
2006-03-15,4,0001181431-06-018185,2006-03-13,xslF345X02/rrd111285.xml,CIK0000913760-submissions-001.json
2006-03-16,SC 13G/A,0001193125-06-055290,,dsc13ga.htm,CIK0000913760-submissions-001.json
2006-03-17,4,0001181431-06-018725,2006-03-15,xslF345X02/rrd111488.xml,CIK0000913760-submissions-001.json
2006-03-22,4,0001181431-06-019348,2006-03-20,xslF345X02/rrd111884.xml,CIK0000913760-submissions-001.json
2006-04-04,4,0001181431-06-022039,2006-04-03,xslF345X02/rrd113353.xml,CIK0000913760-submissions-001.json
2006-04-06,4,0001181431-06-022708,2006-04-04,xslF345X02/rrd113771.xml,CIK0000913760-submissions-001.json
2006-04-13,4,0001181431-06-023634,2006-04-12,xslF345X02/rrd114255.xml,CIK0000913760-submissions-001.json
2006-04-18,4,0001181431-06-024065,2006-04-13,xslF345X02/rrd114424.xml,CIK0000913760-submissions-001.json
2006-04-19,SC 13G/A,0001193125-06-083442,,dsc13ga.htm,CIK0000913760-submissions-001.json
2006-04-20,4,0001181431-06-024446,2006-04-19,xslF345X02/rrd114754.xml,CIK0000913760-submissions-001.json
2006-04-21,4,0001181431-06-024739,2006-04-20,xslF345X02/rrd114926.xml,CIK0000913760-submissions-001.json
2006-04-25,4,0001181431-06-025078,2006-04-20,xslF345X02/rrd115142.xml,CIK0000913760-submissions-001.json
2006-05-02,SC 13G/A,0001193125-06-095489,,dsc13ga.htm,CIK0000913760-submissions-001.json
2006-05-04,4,0001181431-06-027831,2006-05-02,xslF345X02/rrd116340.xml,CIK0000913760-submissions-001.json
2006-05-08,4,0001181431-06-028723,2006-05-04,xslF345X02/rrd116866.xml,CIK0000913760-submissions-001.json
2006-05-10,10QSB,0001193125-06-107812,2006-03-31,d10qsb.htm,CIK0000913760-submissions-001.json
2006-05-10,8-K,0001181431-06-029404,2006-05-10,rrd117335.htm,CIK0000913760-submissions-001.json
2006-05-12,4,0001181431-06-029985,2006-05-10,xslF345X02/rrd117520.xml,CIK0000913760-submissions-001.json
2006-05-16,4,0001181431-06-030657,2006-05-15,xslF345X02/rrd118108.xml,CIK0000913760-submissions-001.json
2006-05-17,4,0001181431-06-031049,2006-05-16,xslF345X02/rrd118330.xml,CIK0000913760-submissions-001.json
2006-05-18,4,0001181431-06-031179,2006-05-17,xslF345X02/rrd118581.xml,CIK0000913760-submissions-001.json
2006-05-30,SC 13G/A,0001193125-06-120953,,dsc13ga.htm,CIK0000913760-submissions-001.json
2006-06-07,4,0001181431-06-035631,2006-06-05,xslF345X02/rrd120715.xml,CIK0000913760-submissions-001.json
2006-06-08,4,0001181431-06-035866,2006-06-07,xslF345X02/rrd121009.xml,CIK0000913760-submissions-001.json
2006-06-13,4,0001181431-06-036485,2006-06-08,xslF345X02/rrd121111.xml,CIK0000913760-submissions-001.json
2006-06-13,5,0001181431-06-036496,2006-09-30,xslF345X02/rrd121336.xml,CIK0000913760-submissions-001.json
2006-06-14,4,0001181431-06-036809,2006-06-13,xslF345X02/rrd121343.xml,CIK0000913760-submissions-001.json
2006-06-23,4,0001181431-06-038167,2006-06-21,xslF345X02/rrd122101.xml,CIK0000913760-submissions-001.json
2006-06-27,4,0001181431-06-038608,2006-06-26,xslF345X02/rrd122653.xml,CIK0000913760-submissions-001.json
2006-06-28,4,0001181431-06-038723,2006-06-27,xslF345X02/rrd122773.xml,CIK0000913760-submissions-001.json
2006-07-07,4,0001181431-06-040941,2006-07-03,xslF345X02/rrd123610.xml,CIK0000913760-submissions-001.json
2006-07-07,8-K,0001193125-06-143334,2006-06-30,d8k.htm,CIK0000913760-submissions-001.json
2006-07-10,4,0001181431-06-041217,2006-07-06,xslF345X02/rrd123989.xml,CIK0000913760-submissions-001.json
2006-07-12,4,0001181431-06-041536,2006-07-10,xslF345X02/rrd124121.xml,CIK0000913760-submissions-001.json
2006-07-12,8-K,0001181431-06-041608,2006-07-06,rrd124191.htm,CIK0000913760-submissions-001.json
2006-07-18,8-K,0001181431-06-042547,2006-07-18,rrd124791.htm,CIK0000913760-submissions-001.json
2006-07-26,4,0001181431-06-043673,2006-07-24,xslF345X02/rrd125210.xml,CIK0000913760-submissions-001.json
2006-08-07,4,0001181431-06-045964,2006-08-03,xslF345X02/rrd126441.xml,CIK0000913760-submissions-001.json
2006-08-09,10QSB,0001193125-06-167839,2006-06-30,d10qsb.htm,CIK0000913760-submissions-001.json
2006-08-10,4,0001181431-06-046785,2006-08-08,xslF345X02/rrd126845.xml,CIK0000913760-submissions-001.json
2006-08-10,8-K,0001181431-06-046854,2006-08-09,rrd127050.htm,CIK0000913760-submissions-001.json
2006-08-16,4,0001181431-06-047929,2006-08-14,xslF345X02/rrd127469.xml,CIK0000913760-submissions-001.json
2006-08-18,4/A,0001181431-06-048547,2006-08-14,xslF345X02/rrd127967.xml,CIK0000913760-submissions-001.json
2006-09-06,4,0001181431-06-051330,2006-08-14,xslF345X02/rrd129660.xml,CIK0000913760-submissions-001.json
2006-09-06,5,0001181431-06-051329,2006-09-30,xslF345X02/rrd129525.xml,CIK0000913760-submissions-001.json
2006-09-15,8-K,0001193125-06-191864,2006-09-14,d8k.htm,CIK0000913760-submissions-001.json
2006-09-21,4,0001181431-06-054039,2006-09-19,xslF345X02/rrd130919.xml,CIK0000913760-submissions-001.json
2006-09-22,SC 13G/A,0001193125-06-195464,,dsc13ga.htm,CIK0000913760-submissions-001.json
2006-10-12,REGDEX,9999999997-06-043789,,9999999997-06-043789.paper,CIK0000913760-submissions-001.json
2006-10-13,S-3,0001193125-06-207547,,ds3.htm,CIK0000913760-submissions-001.json
2006-10-24,EFFECT,9999999995-06-002027,,xslEFFECTX01/primary_doc.xml,CIK0000913760-submissions-001.json
2006-10-31,424B4,0001193125-06-218844,,d424b4.htm,CIK0000913760-submissions-001.json
2006-12-20,10KSB,0001193125-06-257293,2006-09-30,d10ksb.htm,CIK0000913760-submissions-001.json
2006-12-27,4,0001181431-06-072066,2006-12-26,xslF345X02/rrd140619.xml,CIK0000913760-submissions-001.json
2006-12-27,4,0001181431-06-071938,2006-12-26,xslF345X02/rrd140590.xml,CIK0000913760-submissions-001.json
2006-12-28,4,0001181431-06-072231,2006-12-26,xslF345X02/rrd140706.xml,CIK0000913760-submissions-001.json
2006-12-29,4,0001181431-06-072523,2006-12-28,xslF345X02/rrd140850.xml,CIK0000913760-submissions-001.json
2006-12-29,4,0001181431-06-072425,2006-12-29,xslF345X02/rrd140968.xml,CIK0000913760-submissions-001.json
2006-12-29,PRE 14A,0001193125-06-261784,2007-02-22,dpre14a.htm,CIK0000913760-submissions-001.json
2007-01-03,SC 13G/A,0001193125-07-000819,,dsc13ga.htm,CIK0000913760-submissions-001.json
2007-01-12,SC 13G/A,0001193125-07-006040,,dsc13ga.htm,CIK0000913760-submissions-001.json
2007-01-18,424B3,0001193125-07-007788,,d424b3.htm,CIK0000913760-submissions-001.json
2007-01-18,DEF 14A,0001193125-07-007972,2007-02-22,ddef14a.htm,CIK0000913760-submissions-001.json
2007-02-14,10-Q,0001193125-07-031990,2006-12-31,d10q.htm,CIK0000913760-submissions-001.json
2007-02-20,4,0001181431-07-012753,2007-02-16,xslF345X02/rrd147737.xml,CIK0000913760-submissions-001.json
2007-02-20,4,0001181431-07-012615,2007-02-15,xslF345X02/rrd147773.xml,CIK0000913760-submissions-001.json
2007-02-21,8-K,0001181431-07-012860,2007-02-20,rrd147876.htm,CIK0000913760-submissions-001.json
2007-02-26,SC 13G/A,0001193125-07-039074,,dsc13ga.htm,CIK0000913760-submissions-001.json
2007-02-28,8-K,0001181431-07-015261,2007-02-26,rrd149227.htm,CIK0000913760-submissions-001.json
2007-03-01,8-K/A,0001181431-07-015723,2007-02-26,rrd149443.htm,CIK0000913760-submissions-001.json
2007-03-02,8-K,0001181431-07-016413,2007-03-02,rrd149677.htm,CIK0000913760-submissions-001.json
2007-03-06,4/A,0001181431-07-017363,2007-02-20,xslF345X02/rrd150053.xml,CIK0000913760-submissions-001.json
2007-03-07,4,0001181431-07-017556,2007-03-06,xslF345X02/rrd150374.xml,CIK0000913760-submissions-001.json
2007-03-07,4,0001181431-07-017494,2007-03-05,xslF345X02/rrd150270.xml,CIK0000913760-submissions-001.json
2007-03-07,SC 13G/A,0001193125-07-048303,,dsc13ga.htm,CIK0000913760-submissions-001.json
2007-03-16,8-K,0001181431-07-019743,2007-03-16,rrd151578.htm,CIK0000913760-submissions-001.json
2007-04-20,S-8,0001193125-07-086434,,ds8.htm,CIK0000913760-submissions-001.json
2007-05-07,8-K,0001193125-07-104258,2007-05-04,d8k.htm,CIK0000913760-submissions-001.json
2007-05-15,10-Q,0001193125-07-115725,2007-03-31,d10q.htm,CIK0000913760-submissions-001.json
2007-05-16,8-K,0001181431-07-032595,2007-05-15,rrd158654.htm,CIK0000913760-submissions-001.json
2007-05-18,4,0001181431-07-033794,2007-05-18,xslF345X02/rrd159533.xml,CIK0000913760-submissions-001.json
2007-05-22,4,0001181431-07-034477,2007-05-18,xslF345X02/rrd159742.xml,CIK0000913760-submissions-001.json
2007-07-09,SC 13G,0001340807-07-000030,,iaac13g.txt,CIK0000913760-submissions-001.json
2007-07-13,8-K/A,0001181431-07-045508,2007-05-04,rrd165834.htm,CIK0000913760-submissions-001.json
2007-07-19,S-3,0001193125-07-158270,,ds3.htm,CIK0000913760-submissions-001.json
2007-07-31,EFFECT,9999999995-07-003059,,xslEFFECTX01/primary_doc.xml,CIK0000913760-submissions-001.json
2007-08-03,5,0001181431-07-049891,2007-09-30,xslF345X02/rrd163997.xml,CIK0000913760-submissions-001.json
2007-08-03,5,0001181431-07-049890,2007-09-30,xslF345X02/rrd168296.xml,CIK0000913760-submissions-001.json
2007-08-03,5,0001181431-07-049884,2007-09-30,xslF345X02/rrd163479.xml,CIK0000913760-submissions-001.json
2007-08-03,5,0001181431-07-049869,2007-09-30,xslF345X02/rrd167769.xml,CIK0000913760-submissions-001.json
2007-08-03,5,0001181431-07-049866,2007-09-30,xslF345X02/rrd164005.xml,CIK0000913760-submissions-001.json
2007-08-10,8-K,0001181431-07-051324,2007-08-07,rrd168664.htm,CIK0000913760-submissions-001.json
2007-08-14,10-Q,0001193125-07-182772,2007-06-30,d10q.htm,CIK0000913760-submissions-001.json
2007-08-15,8-K,0001181431-07-052547,2007-08-15,rrd169589.htm,CIK0000913760-submissions-001.json
2007-08-21,4,0001181431-07-053330,2007-08-17,xslF345X02/rrd170155.xml,CIK0000913760-submissions-001.json
2007-08-22,4,0001181431-07-053622,2007-08-21,xslF345X02/rrd170379.xml,CIK0000913760-submissions-001.json
2007-09-18,SC 13G/A,0001340807-07-000036,,iaac13g-a.txt,CIK0000913760-submissions-001.json
2007-10-31,8-K,0001181431-07-065045,2007-10-31,rrd176547.htm,CIK0000913760-submissions-001.json
2007-11-07,4,0001181431-07-067292,2007-11-06,xslF345X02/rrd177584.xml,CIK0000913760-submissions-001.json
2007-11-07,4,0001181431-07-067154,2007-11-06,xslF345X02/rrd177579.xml,CIK0000913760-submissions-001.json
2007-12-12,10-K,0001193125-07-264024,2007-09-30,d10k.htm,CIK0000913760-submissions-001.json
2007-12-21,8-K,0001181431-07-077123,2007-12-20,rrd183430.htm,CIK0000913760-submissions-001.json
2007-12-26,4,0001181431-07-077579,2007-12-24,xslF345X02/rrd184573.xml,CIK0000913760-submissions-001.json
2007-12-26,4,0001181431-07-077488,2007-12-21,xslF345X02/rrd184523.xml,CIK0000913760-submissions-001.json
2007-12-28,4,0001181431-07-078061,2007-12-26,xslF345X02/rrd185175.xml,CIK0000913760-submissions-001.json
2007-12-28,4,0001181431-07-078051,2007-12-27,xslF345X02/rrd185160.xml,CIK0000913760-submissions-001.json
2007-12-28,8-K,0001181431-07-078056,2007-12-27,rrd185168.htm,CIK0000913760-submissions-001.json
2007-12-31,4/A,0001181431-07-078148,2007-12-26,xslF345X02/rrd185603.xml,CIK0000913760-submissions-001.json
2008-01-03,4,0001181431-08-001046,2008-01-02,xslF345X02/rrd186842.xml,CIK0000913760-submissions-001.json
2008-01-03,4,0001181431-08-000974,2008-01-02,xslF345X02/rrd186820.xml,CIK0000913760-submissions-001.json
2008-01-04,3,0001181431-08-001712,2008-01-04,xslF345X02/rrd187354.xml,CIK0000913760-submissions-001.json
2008-01-08,4,0001181431-08-002306,2008-01-07,xslF345X02/rrd188431.xml,CIK0000913760-submissions-001.json
2008-01-08,4,0001181431-08-002282,2008-01-07,xslF345X02/rrd188380.xml,CIK0000913760-submissions-001.json
2008-01-11,SC 13G/A,0001340807-08-000001,,iaac13g-a.txt,CIK0000913760-submissions-001.json
2008-01-14,4,0001181431-08-003056,2008-01-11,xslF345X02/rrd189560.xml,CIK0000913760-submissions-001.json
2008-01-25,4,0001181431-08-005435,2008-01-23,xslF345X02/rrd191990.xml,CIK0000913760-submissions-001.json
2008-01-29,DEF 14A,0001193125-08-013985,2008-03-13,ddef14a.htm,CIK0000913760-submissions-001.json
2008-02-04,ARS,9999999997-08-005121,2007-09-30,9999999997-08-005121.paper,CIK0000913760-submissions-001.json
2008-02-06,4,0001181431-08-007936,2008-02-04,xslF345X02/rrd193844.xml,CIK0000913760-submissions-001.json
2008-02-11,10-Q,0001193125-08-025886,2007-12-31,d10q.htm,CIK0000913760-submissions-001.json
2008-02-11,4,0001181431-08-009085,2008-02-07,xslF345X02/rrd194655.xml,CIK0000913760-submissions-001.json
2008-02-11,4,0001181431-08-009082,2008-02-07,xslF345X02/rrd194648.xml,CIK0000913760-submissions-001.json
2008-02-12,4,0001181431-08-009548,2008-02-11,xslF345X02/rrd194931.xml,CIK0000913760-submissions-001.json
2008-02-12,4,0001181431-08-009485,2008-02-07,xslF345X02/rrd194643.xml,CIK0000913760-submissions-001.json
2008-02-13,8-K,0001193125-08-029209,2008-02-11,d8k.htm,CIK0000913760-submissions-001.json
2008-02-20,4,0001181431-08-012085,2008-02-15,xslF345X02/rrd196170.xml,CIK0000913760-submissions-001.json
2008-02-25,4,0001181431-08-013330,2008-02-21,xslF345X02/rrd196818.xml,CIK0000913760-submissions-001.json
2008-02-27,4,0001181431-08-013975,2008-02-25,xslF345X02/rrd197190.xml,CIK0000913760-submissions-001.json
2008-02-28,4,0001181431-08-014472,2008-02-26,xslF345X02/rrd197347.xml,CIK0000913760-submissions-001.json
2008-03-03,4,0001181431-08-015196,2008-02-29,xslF345X02/rrd197871.xml,CIK0000913760-submissions-001.json
2008-03-03,4,0001181431-08-015184,2008-02-28,xslF345X02/rrd197829.xml,CIK0000913760-submissions-001.json
2008-03-05,4,0001181431-08-016245,2008-03-03,xslF345X02/rrd198398.xml,CIK0000913760-submissions-001.json
2008-03-05,4,0001181431-08-016186,2008-03-04,xslF345X02/rrd198412.xml,CIK0000913760-submissions-001.json
2008-03-06,4,0001181431-08-016651,2008-03-03,xslF345X02/rrd198407.xml,CIK0000913760-submissions-001.json
2008-03-07,4,0001181431-08-016980,2008-03-05,xslF345X02/rrd198757.xml,CIK0000913760-submissions-001.json
2008-03-14,3,0001181431-08-018798,2008-03-13,xslF345X02/rrd199662.xml,CIK0000913760-submissions-001.json
2008-03-14,4,0001181431-08-018779,2008-03-12,xslF345X02/rrd199493.xml,CIK0000913760-submissions-001.json
2008-03-14,8-K,0001181431-08-018701,2008-03-13,rrd199664.htm,CIK0000913760-submissions-001.json
2008-03-26,4,0001181431-08-021274,2008-03-24,xslF345X02/rrd201050.xml,CIK0000913760-submissions-001.json
2008-04-01,4,0001181431-08-022474,2008-03-31,xslF345X02/rrd201823.xml,CIK0000913760-submissions-001.json
2008-04-04,4,0001181431-08-023852,2008-04-02,xslF345X02/rrd202384.xml,CIK0000913760-submissions-001.json
2008-04-07,4,0001181431-08-024027,2008-04-04,xslF345X02/rrd202450.xml,CIK0000913760-submissions-001.json
2008-04-15,4,0001181431-08-025025,2008-04-11,xslF345X02/rrd202852.xml,CIK0000913760-submissions-001.json
2008-05-12,10-Q,0001193125-08-111657,2008-03-31,d10q.htm,CIK0000913760-submissions-001.json
2008-05-12,8-K,0001171843-08-000364,2008-05-12,document.htm,CIK0000913760-submissions-001.json
2008-05-13,4,0001181431-08-030923,2008-05-08,xslF345X02/rrd206592.xml,CIK0000913760-submissions-001.json
2008-05-14,4,0001181431-08-031318,2008-05-13,xslF345X02/rrd206741.xml,CIK0000913760-submissions-001.json
2008-05-16,4,0001181431-08-032205,2008-05-15,xslF345X02/rrd207196.xml,CIK0000913760-submissions-001.json
2008-05-16,4,0001181431-08-031999,2008-05-08,xslF345X02/rrd206733.xml,CIK0000913760-submissions-001.json
2008-05-16,4,0001181431-08-031994,2008-05-08,xslF345X02/rrd206753.xml,CIK0000913760-submissions-001.json
2008-05-16,4,0001181431-08-031952,2008-05-08,xslF345X02/rrd206751.xml,CIK0000913760-submissions-001.json
2008-05-16,4,0001181431-08-031950,2008-05-08,xslF345X02/rrd206745.xml,CIK0000913760-submissions-001.json
2008-05-16,4,0001181431-08-031949,2008-05-08,xslF345X02/rrd206724.xml,CIK0000913760-submissions-001.json
2008-05-19,4,0001181431-08-032491,2008-05-15,xslF345X02/rrd207372.xml,CIK0000913760-submissions-001.json
2008-05-20,4,0001181431-08-032760,2008-05-16,xslF345X02/rrd207340.xml,CIK0000913760-submissions-001.json
2008-06-06,4,0001181431-08-037240,2008-06-05,xslF345X02/rrd209966.xml,CIK0000913760-submissions-001.json
2008-06-10,4,0001181431-08-037846,2008-06-09,xslF345X02/rrd210355.xml,CIK0000913760-submissions-001.json
2008-06-11,4,0001181431-08-038101,2008-06-10,xslF345X02/rrd210495.xml,CIK0000913760-submissions-001.json
2008-06-16,4,0001181431-08-038861,2008-06-13,xslF345X02/rrd210885.xml,CIK0000913760-submissions-001.json
2008-06-16,4,0001181431-08-038860,2008-06-13,xslF345X02/rrd210914.xml,CIK0000913760-submissions-001.json
2008-06-16,4,0001181431-08-038826,2008-06-13,xslF345X02/rrd210883.xml,CIK0000913760-submissions-001.json
2008-06-16,4,0001181431-08-038790,2008-06-12,xslF345X02/rrd210801.xml,CIK0000913760-submissions-001.json
2008-06-17,4,0001181431-08-039103,2008-06-16,xslF345X02/rrd211048.xml,CIK0000913760-submissions-001.json
2008-07-02,4,0001181431-08-041615,2008-06-30,xslF345X03/rrd212162.xml,CIK0000913760-submissions-001.json
2008-07-23,S-3,0001193125-08-155509,,ds3.htm,CIK0000913760-submissions-001.json
2008-07-29,4,0001181431-08-044811,2008-07-28,xslF345X03/rrd214218.xml,CIK0000913760-submissions-001.json
2008-08-11,10-Q,0001193125-08-173576,2008-06-30,d10q.htm,CIK0000913760-submissions-001.json
2008-08-11,8-K,0001171843-08-000614,2008-08-11,document.htm,CIK0000913760-submissions-001.json
2008-08-15,4,0001181431-08-048476,2008-08-14,xslF345X03/rrd216111.xml,CIK0000913760-submissions-001.json
2008-08-15,8-K,0001181431-08-048482,2008-08-14,rrd216100.htm,CIK0000913760-submissions-001.json
2008-08-18,4,0001181431-08-048653,2008-08-14,xslF345X03/rrd216273.xml,CIK0000913760-submissions-001.json
2008-08-19,4,0001181431-08-049086,2008-08-15,xslF345X03/rrd216325.xml,CIK0000913760-submissions-001.json
2008-08-19,4,0001181431-08-049045,2008-08-15,xslF345X03/rrd216502.xml,CIK0000913760-submissions-001.json
2008-08-29,4,0001181431-08-050812,2008-08-27,xslF345X03/rrd217414.xml,CIK0000913760-submissions-001.json
2008-09-02,EFFECT,9999999995-08-002696,,xslEFFECTX01/primary_doc.xml,CIK0000913760-submissions-001.json
2008-09-05,4,0001181431-08-051779,2008-09-03,xslF345X03/rrd217817.xml,CIK0000913760-submissions-001.json
2008-09-10,4,0001181431-08-052435,2008-09-08,xslF345X03/rrd218402.xml,CIK0000913760-submissions-001.json
2008-09-15,4,0001181431-08-053185,2008-09-11,xslF345X03/rrd218541.xml,CIK0000913760-submissions-001.json
2008-09-24,8-K,0001181431-08-054256,2008-09-19,rrd219319.htm,CIK0000913760-submissions-001.json
2008-09-26,8-K,0001181431-08-054588,2008-09-24,rrd219406.htm,CIK0000913760-submissions-001.json
2008-10-06,8-K,0001181431-08-056256,2008-10-01,rrd220377.htm,CIK0000913760-submissions-001.json
2008-10-23,5,0001181431-08-058140,2009-09-30,xslF345X03/rrd221447.xml,CIK0000913760-submissions-001.json
2008-10-27,SC 13G,0001144204-08-059467,,v129806_sc13g.htm,CIK0000913760-submissions-001.json
2008-11-12,4,0001181431-08-060929,2008-11-11,xslF345X03/rrd222943.xml,CIK0000913760-submissions-001.json
2008-11-26,4,0001181431-08-064262,2008-11-24,xslF345X03/rrd224701.xml,CIK0000913760-submissions-001.json
2008-11-26,5,0001181431-08-064279,2008-11-26,xslF345X03/rrd224806.xml,CIK0000913760-submissions-001.json
2008-12-01,4,0001181431-08-064650,2008-11-28,xslF345X03/rrd224898.xml,CIK0000913760-submissions-001.json
2008-12-01,4,0001181431-08-064649,2008-11-28,xslF345X03/rrd224895.xml,CIK0000913760-submissions-001.json
2008-12-08,10-K,0001193125-08-249705,2008-09-30,d10k.htm,CIK0000913760-submissions-001.json
2008-12-08,4,0001181431-08-066090,2008-12-04,xslF345X03/rrd225801.xml,CIK0000913760-submissions-001.json
2008-12-08,4,0001181431-08-066085,2008-12-04,xslF345X03/rrd225803.xml,CIK0000913760-submissions-001.json
2008-12-08,4,0001181431-08-066082,2008-12-04,xslF345X03/rrd225802.xml,CIK0000913760-submissions-001.json
2008-12-08,4,0001181431-08-066080,2008-12-04,xslF345X03/rrd225795.xml,CIK0000913760-submissions-001.json
2008-12-08,4,0001181431-08-066076,2008-12-04,xslF345X03/rrd225793.xml,CIK0000913760-submissions-001.json
2008-12-09,4,0001181431-08-066274,2008-12-05,xslF345X03/rrd225807.xml,CIK0000913760-submissions-001.json
2008-12-09,4,0001181431-08-066271,2008-12-05,xslF345X03/rrd225806.xml,CIK0000913760-submissions-001.json
2008-12-09,4,0001181431-08-066268,2008-12-05,xslF345X03/rrd225805.xml,CIK0000913760-submissions-001.json
2008-12-09,4,0001181431-08-066267,2008-12-05,xslF345X03/rrd225804.xml,CIK0000913760-submissions-001.json
2008-12-09,4/A,0001181431-08-066290,2008-12-05,xslF345X03/rrd225971.xml,CIK0000913760-submissions-001.json
2008-12-09,8-K,0001171843-08-001000,2008-12-08,document.htm,CIK0000913760-submissions-001.json
2008-12-12,4,0001181431-08-067131,2008-12-11,xslF345X03/rrd226176.xml,CIK0000913760-submissions-001.json
2008-12-16,4,0001181431-08-067708,2008-12-12,xslF345X03/rrd226556.xml,CIK0000913760-submissions-001.json
2008-12-17,4/A,0001181431-08-067851,2008-12-11,xslF345X03/rrd226780.xml,CIK0000913760-submissions-001.json
2008-12-19,4,0001181431-08-068414,2008-12-17,xslF345X03/rrd227069.xml,CIK0000913760-submissions-001.json
2008-12-19,4,0001181431-08-068362,2008-12-16,xslF345X03/rrd226756.xml,CIK0000913760-submissions-001.json
2009-01-08,4,0001181431-09-001920,2009-01-07,xslF345X03/rrd228974.xml,CIK0000913760-submissions-001.json
2009-01-12,SC 13G/A,0001340807-09-000005,,iaac13ga3.txt,CIK0000913760-submissions-001.json
2009-01-15,DEF 14A,0001193125-09-006389,2009-02-26,ddef14a.htm,CIK0000913760-submissions-001.json
2009-01-26,ARS,9999999997-09-002727,2008-09-30,9999999997-09-002727.paper,CIK0000913760-submissions-001.json
2009-02-02,5,0001181431-09-005712,2009-09-30,xslF345X03/rrd231446.xml,CIK0000913760-submissions-001.json
2009-02-09,10-Q,0001193125-09-022594,2008-12-31,d10q.htm,CIK0000913760-submissions-001.json
2009-02-10,8-K,0001171843-09-000122,2009-02-09,document.htm,CIK0000913760-submissions-001.json
2009-04-02,4,0001181431-09-018432,2009-03-31,xslF345X03/rrd238685.xml,CIK0000913760-submissions-001.json
2009-04-02,4,0001181431-09-018430,2009-03-31,xslF345X03/rrd238675.xml,CIK0000913760-submissions-001.json
2009-04-02,5,0001181431-09-018433,2009-09-30,xslF345X03/rrd229448.xml,CIK0000913760-submissions-001.json
2009-04-03,5,0001181431-09-019101,2009-09-30,xslF345X03/rrd239302.xml,CIK0000913760-submissions-001.json
2009-04-28,4,0001181431-09-021217,2009-04-24,xslF345X03/rrd240629.xml,CIK0000913760-submissions-001.json
2009-04-28,4,0001181431-09-021209,2009-04-24,xslF345X03/rrd240624.xml,CIK0000913760-submissions-001.json
2009-05-11,10-Q,0001193125-09-107220,2009-03-31,d10q.htm,CIK0000913760-submissions-001.json
2009-05-12,10-Q/A,0001193125-09-108556,2009-03-31,d10qa.htm,CIK0000913760-submissions-001.json
2009-05-12,8-K,0001171843-09-000505,2009-05-11,document.htm,CIK0000913760-submissions-001.json
2009-07-01,4,0001181431-09-032996,2009-06-30,xslF345X03/rrd247165.xml,CIK0000913760-submissions-001.json
2009-07-01,4,0001181431-09-032995,2009-06-30,xslF345X03/rrd247168.xml,CIK0000913760-submissions-001.json
2009-07-02,425,0001193125-09-143324,,d8k.htm,CIK0000913760-submissions-001.json
2009-07-02,425,0001193125-09-143318,,d8k.htm,CIK0000913760-submissions-001.json
2009-07-02,425,0001193125-09-143215,,d8k.htm,CIK0000913760-submissions-001.json
2009-07-02,425,0001193125-09-143213,,d8k.htm,CIK0000913760-submissions-001.json
2009-07-02,8-K,0001193125-09-143323,2009-07-02,d8k.htm,CIK0000913760-submissions-001.json
2009-07-02,8-K,0001193125-09-143214,2009-07-01,d8k.htm,CIK0000913760-submissions-001.json
2009-07-09,425,0001193125-09-146194,,d8k.htm,CIK0000913760-submissions-001.json
2009-07-10,SC 13D,0001193125-09-147521,,dsc13d.htm,CIK0000913760-submissions-001.json
2009-07-15,425,0001193125-09-149052,,d425.htm,CIK0000913760-submissions-001.json
2009-07-15,425,0001193125-09-149047,,d8k.htm,CIK0000913760-submissions-001.json
2009-07-15,8-K,0001193125-09-149046,2009-07-15,d8k.htm,CIK0000913760-submissions-001.json
2009-07-23,SC 13D/A,0001193125-09-154128,,dsc13da.htm,CIK0000913760-submissions-001.json
2009-07-27,S-4,0001193125-09-155962,,ds4.htm,CIK0000913760-submissions-001.json
2009-08-05,10-Q,0001193125-09-165513,2009-06-30,d10q.htm,CIK0000913760-submissions-001.json
2009-08-06,8-K,0001193125-09-166431,2009-08-06,d8k.htm,CIK0000913760-submissions-001.json
2009-08-14,S-4/A,0001193125-09-176142,,ds4a.htm,CIK0000913760-submissions-001.json
2009-08-19,424B3,0001193125-09-178222,,d424b3.htm,CIK0000913760-submissions-001.json
2009-08-19,EFFECT,9999999995-09-002326,,xslEFFECTX01/primary_doc.xml,CIK0000913760-submissions-001.json
2009-08-20,4,0001181431-09-040424,2009-08-18,xslF345X03/rrd251159.xml,CIK0000913760-submissions-001.json
2009-08-20,5,0001181431-09-040405,2009-09-30,xslF345X03/rrd251150.xml,CIK0000913760-submissions-001.json
2009-08-24,8-K,0001181431-09-040828,2009-08-20,rrd251345.htm,CIK0000913760-submissions-001.json
2009-09-01,4,0001181431-09-042085,2009-08-31,xslF345X03/rrd252066.xml,CIK0000913760-submissions-001.json
2009-09-01,4,0001181431-09-041943,2009-08-25,xslF345X03/rrd251979.xml,CIK0000913760-submissions-001.json
2009-09-14,5,0001181431-09-043628,2009-09-30,xslF345X03/rrd252628.xml,CIK0000913760-submissions-001.json
2009-09-15,8-K,0001181431-09-043970,2009-09-15,rrd253080.htm,CIK0000913760-submissions-001.json
2009-09-22,5,0001181431-09-044784,2009-09-30,xslF345X03/rrd252597.xml,CIK0000913760-submissions-001.json
2009-09-25,8-K,0001181431-09-045190,2009-09-25,rrd253746.htm,CIK0000913760-submissions-001.json
2009-09-30,SC 13D/A,0001193125-09-201253,,dsc13da.htm,CIK0000913760-submissions-001.json
2009-10-01,8-K,0001193125-09-202105,2009-09-30,d8k.htm,CIK0000913760-submissions-001.json
2009-10-05,4,0001181431-09-046580,2009-06-30,xslF345X03/rrd254372.xml,CIK0000913760-submissions-001.json
2009-10-05,4,0001181431-09-046578,2009-09-30,xslF345X03/rrd254295.xml,CIK0000913760-submissions-001.json
2009-10-07,3,0001181431-09-047118,2009-09-30,xslF345X02/rrd254735.xml,CIK0000913760-submissions-001.json
2009-10-07,3,0001181431-09-047111,2009-09-30,xslF345X02/rrd254729.xml,CIK0000913760-submissions-001.json
2009-10-08,3,0001181431-09-047201,2009-09-30,xslF345X02/rrd254748.xml,CIK0000913760-submissions-001.json
2009-10-09,3,0001181431-09-047351,2009-09-30,xslF345X02/rrd254739.xml,CIK0000913760-submissions-001.json
2009-10-09,3,0001181431-09-047342,2009-09-30,xslF345X02/rrd254728.xml,CIK0000913760-submissions-001.json
2009-10-09,3,0001181431-09-047341,2009-09-30,xslF345X02/rrd254743.xml,CIK0000913760-submissions-001.json
2009-10-09,8-K,0001193125-09-206241,2009-10-05,d8k.htm,CIK0000913760-submissions-001.json
2009-10-20,4,0001181431-09-048108,2009-10-19,xslF345X03/rrd255329.xml,CIK0000913760-submissions-001.json
2009-11-02,3,0001181431-09-049394,2009-09-30,xslF345X02/rrd255973.xml,CIK0000913760-submissions-001.json
2009-11-03,4,0001181431-09-049640,2009-11-02,xslF345X03/rrd256220.xml,CIK0000913760-submissions-001.json
2009-11-18,8-K,0001193125-09-237549,2009-11-13,d8k.htm,CIK0000913760-submissions-001.json
2009-11-19,UPLOAD,0000000000-09-065807,,filename1.pdf,CIK0000913760-submissions-001.json
2009-11-30,4,0001181431-09-054031,2009-11-30,xslF345X03/rrd258419.xml,CIK0000913760-submissions-001.json
2009-11-30,4,0001181431-09-053947,2009-11-30,xslF345X03/rrd258405.xml,CIK0000913760-submissions-001.json
2009-12-01,CORRESP,0001193125-09-244630,,filename1.htm,CIK0000913760-submissions-001.json
2009-12-02,4,0001181431-09-054465,2009-11-30,xslF345X03/rrd258477.xml,CIK0000913760-submissions-001.json
2009-12-02,4,0001181431-09-054394,2009-12-01,xslF345X03/rrd258643.xml,CIK0000913760-submissions-001.json
2009-12-02,UPLOAD,0000000000-09-067867,,filename1.pdf,CIK0000913760-submissions-001.json
2009-12-04,5,0001181431-09-055135,2010-09-30,xslF345X03/rrd258953.xml,CIK0000913760-submissions-001.json
2009-12-14,8-K,0001193125-09-252468,2009-12-14,d8k.htm,CIK0000913760-submissions-001.json
2009-12-14,8-K,0001193125-09-252460,2009-12-14,d8k.htm,CIK0000913760-submissions-001.json
2009-12-14,8-K/A,0001193125-09-252463,2009-12-14,d8ka.htm,CIK0000913760-submissions-001.json
2009-12-15,10-K,0001193125-09-252591,2009-09-30,d10k.htm,CIK0000913760-submissions-001.json
2009-12-15,4,0001181431-09-056664,2009-12-11,xslF345X03/rrd259652.xml,CIK0000913760-submissions-001.json
2009-12-15,4,0001181431-09-056660,2009-12-11,xslF345X03/rrd259655.xml,CIK0000913760-submissions-001.json
2009-12-15,4,0001181431-09-056659,2009-12-11,xslF345X03/rrd259660.xml,CIK0000913760-submissions-001.json
2009-12-17,4,0001181431-09-057589,2009-12-17,xslF345X03/rrd260281.xml,CIK0000913760-submissions-001.json
2009-12-18,8-K,0001181431-09-057840,2009-12-17,rrd260459.htm,CIK0000913760-submissions-001.json
2009-12-21,4,0001181431-09-057974,2009-12-17,xslF345X03/rrd260291.xml,CIK0000913760-submissions-001.json
2009-12-21,4,0001181431-09-057973,2009-12-17,xslF345X03/rrd260294.xml,CIK0000913760-submissions-001.json
2009-12-21,4,0001181431-09-057972,2009-12-11,xslF345X03/rrd260372.xml,CIK0000913760-submissions-001.json
2009-12-29,4,0001181431-09-058874,2009-12-23,xslF345X03/rrd261064.xml,CIK0000913760-submissions-001.json
2009-12-29,4,0001181431-09-058873,2009-12-24,xslF345X03/rrd261069.xml,CIK0000913760-submissions-001.json
2009-12-30,4,0001181431-09-059099,2009-12-28,xslF345X03/rrd261067.xml,CIK0000913760-submissions-001.json
2009-12-31,8-K,0001181431-09-059400,2009-12-17,rrd261346.htm,CIK0000913760-submissions-001.json
2010-01-05,4,0001181431-10-000741,2010-01-04,xslF345X03/rrd261730.xml,CIK0000913760-submissions-001.json
2010-01-12,8-K/A,0001193125-10-004968,2009-12-15,d8ka.htm,CIK0000913760-submissions-001.json
2010-01-15,DEF 14A,0001193125-10-006810,2010-03-03,ddef14a.htm,CIK0000913760-submissions-001.json
2010-01-22,8-K,0001181431-10-004246,2010-01-12,rrd263498.htm,CIK0000913760-submissions-001.json
2010-02-10,SC 13G/A,0001340807-10-000001,,iaac13ga4.txt,CIK0000913760-submissions-001.json
2010-02-17,10-Q,0001193125-10-032497,2009-12-31,d10q.htm,CIK0000913760-submissions-001.json
2010-02-17,8-K,0001193125-10-032933,2010-02-16,d8k.htm,CIK0000913760-submissions-001.json
2010-02-17,NT 10-Q,0001193125-10-032784,2009-12-31,dnt10q.htm,CIK0000913760-submissions-001.json
2010-02-22,4,0001181431-10-010846,2010-02-18,xslF345X03/rrd267103.xml,CIK0000913760-submissions-001.json
2010-02-23,4,0001181431-10-011131,2010-02-19,xslF345X03/rrd267120.xml,CIK0000913760-submissions-001.json
2010-03-03,UPLOAD,0000000000-10-012066,,filename1.pdf,CIK0000913760-submissions-001.json
2010-03-22,CORRESP,0001193125-10-062605,,filename1.htm,CIK0000913760-submissions-001.json
2010-04-05,8-K,0001193125-10-076246,2010-04-01,d8k.htm,CIK0000913760-submissions-001.json
2010-04-21,4,0001181431-10-022282,2010-04-19,xslF345X03/rrd273131.xml,CIK0000913760-submissions-001.json
2010-04-28,4,0001181431-10-023145,2010-04-26,xslF345X03/rrd273565.xml,CIK0000913760-submissions-001.json
2010-04-29,8-K,0001181431-10-023462,2010-04-26,rrd273805.htm,CIK0000913760-submissions-001.json
2010-05-10,UPLOAD,0000000000-10-025620,,filename1.pdf,CIK0000913760-submissions-001.json
2010-05-14,8-K,0001193125-10-119192,2010-05-13,d8k.htm,CIK0000913760-submissions-001.json
2010-05-17,10-Q,0001193125-10-122319,2010-03-31,d10q.htm,CIK0000913760-submissions-001.json
2010-06-07,4,0001181431-10-031726,2010-06-07,xslF345X03/rrd278366.xml,CIK0000913760-submissions-001.json
2010-06-15,4,0001181431-10-033126,2010-06-11,xslF345X03/rrd278983.xml,CIK0000913760-submissions-001.json
2010-06-15,5,0001181431-10-033119,2010-09-30,xslF345X03/rrd278981.xml,CIK0000913760-submissions-001.json
2010-06-15,8-K/A,0001193125-10-139408,2009-12-14,d8ka.htm,CIK0000913760-submissions-001.json
2010-06-16,4,0001181431-10-033312,2010-06-14,xslF345X03/rrd279151.xml,CIK0000913760-submissions-001.json
2010-06-16,8-K,0001181431-10-033372,2010-06-14,rrd279301.htm,CIK0000913760-submissions-001.json
2010-06-18,CORRESP,0001193125-10-142481,,filename1.htm,CIK0000913760-submissions-001.json
2010-06-22,4,0001181431-10-034238,2010-06-18,xslF345X03/rrd279590.xml,CIK0000913760-submissions-001.json
2010-06-24,8-K,0001181431-10-034640,2010-06-21,rrd279943.htm,CIK0000913760-submissions-001.json
2010-06-30,11-K,0001193125-10-151254,2009-12-31,d11k.htm,CIK0000913760-submissions-001.json
2010-07-07,8-K,0001193125-10-154328,2010-07-02,d8k.htm,CIK0000913760-submissions-001.json
2010-07-09,UPLOAD,0000000000-10-038547,,filename1.pdf,CIK0000913760-submissions-001.json
2010-07-15,8-K,0001193125-10-159459,2010-07-09,d8k.htm,CIK0000913760-submissions-001.json
2010-07-19,5,0001181431-10-037860,2010-09-30,xslF345X03/rrd280875.xml,CIK0000913760-submissions-001.json
2010-07-19,5,0001181431-10-037859,2010-09-30,xslF345X03/rrd280874.xml,CIK0000913760-submissions-001.json
2010-07-19,5,0001181431-10-037858,2010-09-30,xslF345X03/rrd280873.xml,CIK0000913760-submissions-001.json
2010-07-19,5,0001181431-10-037856,2010-09-30,xslF345X03/rrd280872.xml,CIK0000913760-submissions-001.json
2010-07-19,5,0001181431-10-037855,2010-09-30,xslF345X03/rrd280870.xml,CIK0000913760-submissions-001.json
2010-07-19,5,0001181431-10-037854,2010-09-30,xslF345X03/rrd280868.xml,CIK0000913760-submissions-001.json
2010-07-19,5,0001181431-10-037853,2010-09-30,xslF345X03/rrd280865.xml,CIK0000913760-submissions-001.json
2010-07-19,5,0001181431-10-037852,2010-09-30,xslF345X03/rrd279189.xml,CIK0000913760-submissions-001.json
2010-07-19,5,0001181431-10-037850,2010-09-30,xslF345X03/rrd280871.xml,CIK0000913760-submissions-001.json
2010-07-19,5,0001181431-10-037849,2010-09-30,xslF345X03/rrd278884.xml,CIK0000913760-submissions-001.json
2010-07-23,CORRESP,0001193125-10-165219,,filename1.htm,CIK0000913760-submissions-001.json
2010-08-03,4,0001181431-10-039943,2010-07-31,xslF345X03/rrd282563.xml,CIK0000913760-submissions-001.json
2010-08-03,4,0001181431-10-039942,2010-07-31,xslF345X03/rrd282561.xml,CIK0000913760-submissions-001.json
2010-08-03,4,0001181431-10-039941,2010-07-31,xslF345X03/rrd282560.xml,CIK0000913760-submissions-001.json
2010-08-03,4,0001181431-10-039938,2010-07-31,xslF345X03/rrd282558.xml,CIK0000913760-submissions-001.json
2010-08-03,4,0001181431-10-039937,2010-07-31,xslF345X03/rrd282555.xml,CIK0000913760-submissions-001.json
2010-08-03,4,0001181431-10-039934,2010-07-31,xslF345X03/rrd282554.xml,CIK0000913760-submissions-001.json
2010-08-03,4,0001181431-10-039930,2010-07-31,xslF345X03/rrd282552.xml,CIK0000913760-submissions-001.json
2010-08-03,4,0001181431-10-039929,2010-07-31,xslF345X03/rrd282547.xml,CIK0000913760-submissions-001.json
2010-08-12,10-Q,0001193125-10-187398,2010-06-30,d10q.htm,CIK0000913760-submissions-001.json
2010-08-12,8-K,0001193125-10-187375,2010-08-12,d8k.htm,CIK0000913760-submissions-001.json
2010-08-18,UPLOAD,0000000000-10-047479,,filename1.pdf,CIK0000913760-submissions-001.json
2010-08-27,10-K/A,0001193125-10-199632,2009-09-30,d10ka.htm,CIK0000913760-submissions-001.json
2010-09-08,8-K,0001181431-10-046032,2010-09-01,rrd285906.htm,CIK0000913760-submissions-001.json
2010-09-21,UPLOAD,0000000000-10-054933,,filename1.pdf,CIK0000913760-submissions-001.json
2010-09-24,4,0001181431-10-047929,2010-09-23,xslF345X03/rrd286979.xml,CIK0000913760-submissions-001.json
2010-09-28,8-K,0001193125-10-218628,2010-09-22,d8k.htm,CIK0000913760-submissions-001.json
2010-10-12,4,0001181431-10-050578,2010-10-07,xslF345X03/rrd288362.xml,CIK0000913760-submissions-001.json
2010-10-19,4,0001181431-10-051338,2010-10-18,xslF345X03/rrd288909.xml,CIK0000913760-submissions-001.json
2010-10-20,4/A,0001181431-10-051522,2010-10-18,xslF345X03/rrd288991.xml,CIK0000913760-submissions-001.json
2010-10-21,4,0001181431-10-051639,2010-10-19,xslF345X03/rrd289006.xml,CIK0000913760-submissions-001.json
2010-10-25,3,0001181431-10-051895,2010-09-30,xslF345X02/rrd289172.xml,CIK0000913760-submissions-001.json
2010-11-02,4,0001181431-10-053012,2010-10-31,xslF345X03/rrd289682.xml,CIK0000913760-submissions-001.json
2010-11-02,4,0001181431-10-052973,2010-10-31,xslF345X03/rrd289677.xml,CIK0000913760-submissions-001.json
2010-11-02,4,0001181431-10-052935,2010-10-31,xslF345X03/rrd289658.xml,CIK0000913760-submissions-001.json
2010-11-02,4,0001181431-10-052932,2010-10-31,xslF345X03/rrd289672.xml,CIK0000913760-submissions-001.json
2010-11-02,4,0001181431-10-052930,2010-10-31,xslF345X03/rrd289675.xml,CIK0000913760-submissions-001.json
2010-11-02,4,0001181431-10-052929,2010-10-31,xslF345X03/rrd289680.xml,CIK0000913760-submissions-001.json
2010-11-02,4,0001181431-10-052928,2010-10-31,xslF345X03/rrd289684.xml,CIK0000913760-submissions-001.json
2010-11-02,4,0001181431-10-052927,2010-10-31,xslF345X03/rrd289696.xml,CIK0000913760-submissions-001.json
2010-11-04,8-K,0001181431-10-053284,2010-10-29,rrd289999.htm,CIK0000913760-submissions-001.json
2010-11-24,4,0001181431-10-057551,2010-11-22,xslF345X03/rrd292070.xml,CIK0000913760-submissions-001.json
2010-12-07,8-K,0001181431-10-059763,2010-12-02,rrd293412.htm,CIK0000913760-submissions-001.json
2010-12-10,4,0001181431-10-060840,2010-12-09,xslF345X03/rrd293826.xml,CIK0000913760-submissions-001.json
2010-12-10,4,0001181431-10-060839,2010-12-09,xslF345X03/rrd293827.xml,CIK0000913760-submissions-001.json
2010-12-10,4,0001181431-10-060837,2010-12-09,xslF345X03/rrd294002.xml,CIK0000913760-submissions-001.json
2010-12-14,8-K,0001193125-10-280252,2010-12-14,d8k.htm,CIK0000913760-submissions-001.json
2010-12-15,10-K,0001193125-10-281256,2010-09-30,d10k.htm,CIK0000913760-submissions-001.json
2010-12-15,NT 10-K,0001193125-10-280393,2010-09-30,dnt10k.htm,CIK0000913760-submissions-001.json
2010-12-16,10-K/A,0001193125-10-282509,2010-09-30,d10ka.htm,CIK0000913760-submissions-001.json
2010-12-16,4,0001181431-10-062259,2010-12-14,xslF345X03/rrd294467.xml,CIK0000913760-submissions-001.json
2010-12-16,4,0001181431-10-062253,2010-12-14,xslF345X03/rrd294454.xml,CIK0000913760-submissions-001.json
2010-12-16,4,0001181431-10-062252,2010-12-14,xslF345X03/rrd294457.xml,CIK0000913760-submissions-001.json
2010-12-16,4,0001181431-10-062249,2010-12-14,xslF345X03/rrd294460.xml,CIK0000913760-submissions-001.json
2010-12-16,4,0001181431-10-062247,2010-12-14,xslF345X03/rrd294501.xml,CIK0000913760-submissions-001.json
2010-12-20,4,0001181431-10-062862,2010-12-17,xslF345X03/rrd294848.xml,CIK0000913760-submissions-001.json
2010-12-30,PRE 14A,0001193125-10-290450,2011-02-24,dpre14a.htm,CIK0000913760-submissions-001.json
2011-01-12,5,0001181431-11-003198,2011-09-30,xslF345X03/rrd297314.xml,CIK0000913760-submissions-001.json
2011-01-14,4,0001181431-11-003785,2011-01-12,xslF345X03/rrd297734.xml,CIK0000913760-submissions-001.json
2011-01-14,DEF 14A,0001193125-11-008170,2011-02-24,ddef14a.htm,CIK0000913760-submissions-001.json
2011-01-14,DEFA14A,0001193125-11-008176,,ddefa14a.htm,CIK0000913760-submissions-001.json
2011-01-26,4,0001181431-11-005253,2011-01-24,xslF345X03/rrd298705.xml,CIK0000913760-submissions-001.json
2011-02-01,4,0001181431-11-006218,2011-01-28,xslF345X03/rrd299337.xml,CIK0000913760-submissions-001.json
2011-02-02,4,0001181431-11-006715,2011-01-31,xslF345X03/rrd299505.xml,CIK0000913760-submissions-001.json
2011-02-02,4,0001181431-11-006714,2011-01-31,xslF345X03/rrd299507.xml,CIK0000913760-submissions-001.json
2011-02-02,4,0001181431-11-006712,2011-01-31,xslF345X03/rrd299509.xml,CIK0000913760-submissions-001.json
2011-02-02,4,0001181431-11-006710,2011-01-31,xslF345X03/rrd299510.xml,CIK0000913760-submissions-001.json
2011-02-02,4,0001181431-11-006709,2011-01-31,xslF345X03/rrd299511.xml,CIK0000913760-submissions-001.json
2011-02-02,4,0001181431-11-006708,2011-01-31,xslF345X03/rrd299512.xml,CIK0000913760-submissions-001.json
2011-02-02,4,0001181431-11-006707,2011-01-31,xslF345X03/rrd299513.xml,CIK0000913760-submissions-001.json
2011-02-02,4,0001181431-11-006706,2011-01-31,xslF345X03/rrd299514.xml,CIK0000913760-submissions-001.json
2011-02-02,4,0001181431-11-006705,2011-01-31,xslF345X03/rrd299515.xml,CIK0000913760-submissions-001.json
2011-02-02,4,0001181431-11-006704,2011-01-31,xslF345X03/rrd299518.xml,CIK0000913760-submissions-001.json
2011-02-09,10-Q,0001193125-11-029073,2010-12-31,d10q.htm,CIK0000913760-submissions-001.json
2011-02-09,8-K,0001171843-11-000372,2011-02-09,document.htm,CIK0000913760-submissions-001.json
2011-02-11,4,0001181431-11-009494,2011-02-09,xslF345X03/rrd300851.xml,CIK0000913760-submissions-001.json
2011-02-14,SC 13G/A,0001340807-11-000006,,intl13ga5.txt,CIK0000913760-submissions-001.json
2011-02-18,4,0001181431-11-011488,2011-02-16,xslF345X03/rrd302099.xml,CIK0000913760-submissions-001.json
2011-02-28,4,0001181431-11-013506,2011-02-24,xslF345X03/rrd302918.xml,CIK0000913760-submissions-001.json
2011-02-28,4,0001181431-11-013504,2011-02-24,xslF345X03/rrd303025.xml,CIK0000913760-submissions-001.json
2011-02-28,4,0001181431-11-013503,2011-02-24,xslF345X03/rrd303030.xml,CIK0000913760-submissions-001.json
2011-02-28,4,0001181431-11-013501,2011-02-24,xslF345X03/rrd303035.xml,CIK0000913760-submissions-001.json
2011-02-28,4,0001181431-11-013499,2011-02-24,xslF345X03/rrd303036.xml,CIK0000913760-submissions-001.json
2011-02-28,4,0001181431-11-013495,2011-02-24,xslF345X03/rrd303077.xml,CIK0000913760-submissions-001.json
2011-02-28,4,0001181431-11-013498,2011-02-24,xslF345X03/rrd303037.xml,CIK0000913760-submissions-001.json
2011-02-28,4,0001181431-11-013496,2011-02-24,xslF345X03/rrd303075.xml,CIK0000913760-submissions-001.json
2011-02-28,4,0001181431-11-013494,2011-02-24,xslF345X03/rrd303079.xml,CIK0000913760-submissions-001.json
2011-02-28,4,0001181431-11-013493,2011-02-24,xslF345X03/rrd303080.xml,CIK0000913760-submissions-001.json
2011-03-02,4,0001181431-11-014577,2011-02-28,xslF345X03/rrd303684.xml,CIK0000913760-submissions-001.json
2011-03-02,8-K,0001181431-11-014377,2011-02-24,rrd303603.htm,CIK0000913760-submissions-001.json
2011-03-07,4,0001181431-11-016099,2011-03-04,xslF345X03/rrd304395.xml,CIK0000913760-submissions-001.json
2011-04-11,5,0001181431-11-023487,2011-09-30,xslF345X03/rrd308169.xml,CIK0000913760-submissions-001.json
2011-05-03,4,0001181431-11-026729,2011-04-29,xslF345X03/rrd309965.xml,CIK0000913760-submissions-001.json
2011-05-03,4,0001181431-11-026725,2011-04-29,xslF345X03/rrd309964.xml,CIK0000913760-submissions-001.json
2011-05-03,4,0001181431-11-026723,2011-04-29,xslF345X03/rrd309959.xml,CIK0000913760-submissions-001.json
2011-05-03,4,0001181431-11-026718,2011-04-29,xslF345X03/rrd309941.xml,CIK0000913760-submissions-001.json
2011-05-03,4,0001181431-11-026716,2011-04-29,xslF345X03/rrd309939.xml,CIK0000913760-submissions-001.json
2011-05-03,4,0001181431-11-026714,2011-04-29,xslF345X03/rrd309935.xml,CIK0000913760-submissions-001.json
2011-05-03,4,0001181431-11-026711,2011-04-29,xslF345X03/rrd309930.xml,CIK0000913760-submissions-001.json
2011-05-03,4,0001181431-11-026708,2011-04-29,xslF345X03/rrd309901.xml,CIK0000913760-submissions-001.json
2011-05-03,4,0001181431-11-026706,2011-04-29,xslF345X03/rrd309899.xml,CIK0000913760-submissions-001.json
2011-05-03,4,0001181431-11-026704,2011-04-29,xslF345X03/rrd309886.xml,CIK0000913760-submissions-001.json
2011-05-10,10-Q,0001445305-11-000870,2011-03-31,iaac0331201110-q.htm,CIK0000913760-submissions-001.json
2011-05-10,8-K,0001445305-11-000871,2011-05-10,a8-kq22011.htm,CIK0000913760-submissions-001.json
2011-05-16,4,0001181431-11-030087,2011-05-13,xslF345X03/rrd311838.xml,CIK0000913760-submissions-001.json
2011-05-18,4,0001181431-11-030804,2011-05-16,xslF345X03/rrd312295.xml,CIK0000913760-submissions-001.json
2011-05-19,4,0001181431-11-031167,2011-05-17,xslF345X03/rrd312501.xml,CIK0000913760-submissions-001.json
2011-06-07,4,0001181431-11-035373,2011-06-06,xslF345X03/rrd314715.xml,CIK0000913760-submissions-001.json
2011-06-10,4,0001181431-11-036095,2011-06-09,xslF345X03/rrd315086.xml,CIK0000913760-submissions-001.json
2011-06-14,4,0001181431-11-036544,2011-06-10,xslF345X03/rrd315337.xml,CIK0000913760-submissions-001.json
2011-06-15,4,0001181431-11-036735,2011-06-14,xslF345X03/rrd315489.xml,CIK0000913760-submissions-001.json
2011-06-20,4,0001181431-11-037515,2011-06-16,xslF345X03/rrd315837.xml,CIK0000913760-submissions-001.json
2011-06-23,8-K,0001445305-11-001357,2011-06-20,a8-kxbmofacility.htm,CIK0000913760-submissions-001.json
2011-06-30,11-K,0001445305-11-001462,2010-12-31,esop123110doc.htm,CIK0000913760-submissions-001.json
2011-07-22,SC 13D/A,0000909518-11-000234,,mm07-2211ifcstone_sc13da6.htm,CIK0000913760-submissions-001.json
2011-08-02,4,0001181431-11-043484,2011-07-29,xslF345X03/rrd318740.xml,CIK0000913760-submissions-001.json
2011-08-02,4,0001181431-11-043461,2011-07-29,xslF345X03/rrd318745.xml,CIK0000913760-submissions-001.json
2011-08-02,4,0001181431-11-043460,2011-07-29,xslF345X03/rrd318744.xml,CIK0000913760-submissions-001.json
2011-08-02,4,0001181431-11-043459,2011-07-29,xslF345X03/rrd318743.xml,CIK0000913760-submissions-001.json
2011-08-02,4,0001181431-11-043458,2011-07-29,xslF345X03/rrd318741.xml,CIK0000913760-submissions-001.json
2011-08-02,4,0001181431-11-043457,2011-07-29,xslF345X03/rrd318738.xml,CIK0000913760-submissions-001.json
2011-08-02,4,0001181431-11-043456,2011-07-29,xslF345X03/rrd318737.xml,CIK0000913760-submissions-001.json
2011-08-02,4,0001181431-11-043455,2011-07-29,xslF345X03/rrd318735.xml,CIK0000913760-submissions-001.json
2011-08-02,4,0001181431-11-043454,2011-07-29,xslF345X03/rrd318734.xml,CIK0000913760-submissions-001.json
2011-08-02,4,0001181431-11-043453,2011-07-29,xslF345X03/rrd318731.xml,CIK0000913760-submissions-001.json
2011-08-09,10-Q,0001445305-11-002465,2011-06-30,intl0630201110-q.htm,CIK0000913760-submissions-001.json
2011-08-09,8-K,0001445305-11-002462,2011-08-09,a8-kq32011.htm,CIK0000913760-submissions-001.json
2011-08-12,8-K,0001445305-11-002504,2011-08-12,a8-ksharerepurchase.htm,CIK0000913760-submissions-001.json
2011-09-15,8-K,0001445305-11-002754,2011-09-15,convertiblenotes.htm,CIK0000913760-submissions-001.json
2011-09-26,8-K,0001445305-11-002795,2011-09-21,bnp-intlcommodities8xk.htm,CIK0000913760-submissions-001.json
2011-09-28,4,0001181431-11-050621,2011-09-27,xslF345X03/rrd322719.xml,CIK0000913760-submissions-001.json
2011-09-29,4,0001181431-11-050665,2011-09-28,xslF345X03/rrd322810.xml,CIK0000913760-submissions-001.json
2011-09-30,4,0001181431-11-050871,2011-09-29,xslF345X03/rrd322870.xml,CIK0000913760-submissions-001.json
2011-10-11,5,0001181431-11-052349,2011-09-30,xslF345X03/rrd323597.xml,CIK0000913760-submissions-001.json
2011-10-14,8-K,0000913760-11-000004,2011-10-11,a8-k.htm,CIK0000913760-submissions-001.json
2011-11-01,4,0001181431-11-054168,2011-10-31,xslF345X03/rrd324645.xml,CIK0000913760-submissions-001.json
2011-11-01,4,0001181431-11-054166,2011-10-31,xslF345X03/rrd324644.xml,CIK0000913760-submissions-001.json
2011-11-01,4,0001181431-11-054165,2011-10-31,xslF345X03/rrd324642.xml,CIK0000913760-submissions-001.json
2011-11-01,4,0001181431-11-054164,2011-10-31,xslF345X03/rrd324641.xml,CIK0000913760-submissions-001.json
2011-11-01,4,0001181431-11-054163,2011-10-31,xslF345X03/rrd324640.xml,CIK0000913760-submissions-001.json
2011-11-01,4,0001181431-11-054162,2011-10-31,xslF345X03/rrd324639.xml,CIK0000913760-submissions-001.json
2011-11-01,4,0001181431-11-054161,2011-10-31,xslF345X03/rrd324638.xml,CIK0000913760-submissions-001.json
2011-11-01,4,0001181431-11-054160,2011-10-31,xslF345X03/rrd324637.xml,CIK0000913760-submissions-001.json
2011-11-01,4,0001181431-11-054159,2011-10-31,xslF345X03/rrd324634.xml,CIK0000913760-submissions-001.json
2011-11-01,4,0001181431-11-054158,2011-10-31,xslF345X03/rrd324633.xml,CIK0000913760-submissions-001.json
2011-12-01,4,0001181431-11-058189,2011-11-30,xslF345X03/rrd326988.xml,CIK0000913760-submissions-001.json
2011-12-13,8-K,0000913760-11-000008,2011-12-13,a8-kq42011.htm,CIK0000913760-submissions-001.json
2011-12-14,10-K,0000913760-11-000012,2011-09-30,intl0930201110-k.htm,CIK0000913760-submissions-001.json
2011-12-16,4,0001181431-11-060842,2011-12-15,xslF345X03/rrd328266.xml,CIK0000913760-submissions-001.json
2011-12-16,4,0001181431-11-060841,2011-12-15,xslF345X03/rrd328267.xml,CIK0000913760-submissions-001.json
2011-12-16,4,0001181431-11-060840,2011-12-15,xslF345X03/rrd328270.xml,CIK0000913760-submissions-001.json
2011-12-16,4,0001181431-11-060839,2011-12-15,xslF345X03/rrd328265.xml,CIK0000913760-submissions-001.json
2011-12-16,4,0001181431-11-060838,2011-12-15,xslF345X03/rrd328269.xml,CIK0000913760-submissions-001.json
2011-12-22,4,0001181431-11-061774,2011-12-21,xslF345X03/rrd328972.xml,CIK0000913760-submissions-001.json
2011-12-22,4,0001181431-11-061773,2011-12-21,xslF345X03/rrd328843.xml,CIK0000913760-submissions-001.json
2011-12-22,4,0001181431-11-061772,2011-12-20,xslF345X03/rrd328742.xml,CIK0000913760-submissions-001.json
2011-12-23,4,0001181431-11-061920,2011-12-22,xslF345X03/rrd329011.xml,CIK0000913760-submissions-001.json
2011-12-23,4,0001181431-11-061918,2011-12-22,xslF345X03/rrd329029.xml,CIK0000913760-submissions-001.json
2012-01-09,4,0001181431-12-001930,2012-01-06,xslF345X03/rrd330328.xml,CIK0000913760-submissions-001.json
2012-01-11,5,0001181431-12-002247,2012-09-30,xslF345X03/rrd330510.xml,CIK0000913760-submissions-001.json
2012-01-13,ARS,0000913760-12-000005,2011-09-30,a2011930ars-intlfcstoneinc.htm,CIK0000913760-submissions-001.json
2012-01-13,DEF 14A,0000913760-12-000002,2011-09-30,a2012proxy.htm,CIK0000913760-submissions-001.json
2012-01-18,DEFR14A,0000913760-12-000008,,a2012proxycorrection.htm,CIK0000913760-submissions-001.json
2012-02-02,4,0001181431-12-005308,2012-01-31,xslF345X03/rrd332136.xml,CIK0000913760-submissions-001.json
2012-02-02,4,0001181431-12-005307,2012-01-31,xslF345X03/rrd332140.xml,CIK0000913760-submissions-001.json
2012-02-02,4,0001181431-12-005306,2012-01-31,xslF345X03/rrd332141.xml,CIK0000913760-submissions-001.json
2012-02-02,4,0001181431-12-005305,2012-01-31,xslF345X03/rrd332143.xml,CIK0000913760-submissions-001.json
2012-02-02,4,0001181431-12-005304,2012-01-31,xslF345X03/rrd332144.xml,CIK0000913760-submissions-001.json
2012-02-02,4,0001181431-12-005303,2012-01-31,xslF345X03/rrd332146.xml,CIK0000913760-submissions-001.json
2012-02-02,4,0001181431-12-005301,2012-01-31,xslF345X03/rrd332149.xml,CIK0000913760-submissions-001.json
2012-02-02,4,0001181431-12-005300,2012-01-31,xslF345X03/rrd332150.xml,CIK0000913760-submissions-001.json
2012-02-02,4,0001181431-12-005299,2012-01-31,xslF345X03/rrd332152.xml,CIK0000913760-submissions-001.json
2012-02-08,10-Q,0000913760-12-000015,2011-12-31,intl1231201110-q.htm,CIK0000913760-submissions-001.json
2012-02-08,8-K,0000913760-12-000013,2012-02-08,a8-kq12012.htm,CIK0000913760-submissions-001.json
2012-02-09,4/A,0001181431-12-007321,2012-01-31,xslF345X03/rrd333336.xml,CIK0000913760-submissions-001.json
2012-02-10,4,0001181431-12-007792,2012-02-09,xslF345X03/rrd333772.xml,CIK0000913760-submissions-001.json
2012-02-14,SC 13G/A,0001340807-12-000005,,intl13ga6.txt,CIK0000913760-submissions-001.json
2012-02-15,4,0001181431-12-009122,2012-02-13,xslF345X03/rrd334482.xml,CIK0000913760-submissions-001.json
2012-02-17,4,0001181431-12-009931,2012-02-15,xslF345X03/rrd334751.xml,CIK0000913760-submissions-001.json
2012-02-24,4,0001181431-12-011436,2012-02-22,xslF345X03/rrd335172.xml,CIK0000913760-submissions-001.json
2012-02-24,4,0001181431-12-011435,2012-02-23,xslF345X03/rrd335175.xml,CIK0000913760-submissions-001.json
2012-02-24,4,0001181431-12-011434,2012-02-23,xslF345X03/rrd335176.xml,CIK0000913760-submissions-001.json
2012-02-24,4,0001181431-12-011433,2012-02-23,xslF345X03/rrd335179.xml,CIK0000913760-submissions-001.json
2012-02-24,4,0001181431-12-011432,2012-02-23,xslF345X03/rrd335181.xml,CIK0000913760-submissions-001.json
2012-02-24,4,0001181431-12-011431,2012-02-23,xslF345X03/rrd335182.xml,CIK0000913760-submissions-001.json
2012-02-24,4,0001181431-12-011430,2012-02-23,xslF345X03/rrd335186.xml,CIK0000913760-submissions-001.json
2012-02-24,4,0001181431-12-011429,2012-02-23,xslF345X03/rrd335714.xml,CIK0000913760-submissions-001.json
2012-02-27,4,0001181431-12-012269,2012-02-23,xslF345X03/rrd336046.xml,CIK0000913760-submissions-001.json
2012-02-27,4,0001181431-12-012267,2012-02-23,xslF345X03/rrd336059.xml,CIK0000913760-submissions-001.json
2012-02-27,4,0001181431-12-012266,2012-02-23,xslF345X03/rrd336066.xml,CIK0000913760-submissions-001.json
2012-02-27,4,0001181431-12-012265,2012-02-23,xslF345X03/rrd336070.xml,CIK0000913760-submissions-001.json
2012-02-28,4,0001181431-12-012577,2012-02-27,xslF345X03/rrd336335.xml,CIK0000913760-submissions-001.json
2012-02-29,8-K,0000913760-12-000017,2012-02-23,a8-kfor2012annualmeeting.htm,CIK0000913760-submissions-001.json
2012-03-05,4,0001181431-12-014215,2012-03-02,xslF345X03/rrd337178.xml,CIK0000913760-submissions-001.json
2012-03-05,4,0001181431-12-014214,2012-03-02,xslF345X03/rrd337103.xml,CIK0000913760-submissions-001.json
2012-03-06,4,0001181431-12-014772,2012-03-05,xslF345X03/rrd337415.xml,CIK0000913760-submissions-001.json
2012-03-06,4,0001181431-12-014771,2012-03-05,xslF345X03/rrd337404.xml,CIK0000913760-submissions-001.json
2012-03-08,4,0001181431-12-015612,2012-03-06,xslF345X03/rrd337735.xml,CIK0000913760-submissions-001.json
2012-03-09,4,0001181431-12-016027,2012-03-07,xslF345X03/rrd337766.xml,CIK0000913760-submissions-001.json
2012-03-13,4,0001181431-12-016895,2012-03-12,xslF345X03/rrd338302.xml,CIK0000913760-submissions-001.json
2012-03-13,4,0001181431-12-016894,2012-03-09,xslF345X03/rrd338252.xml,CIK0000913760-submissions-001.json
2012-03-14,4,0001181431-12-017231,2012-03-13,xslF345X03/rrd338627.xml,CIK0000913760-submissions-001.json
2012-03-15,8-K,0000913760-12-000021,2012-03-14,a8-kforpressreleasexsec.htm,CIK0000913760-submissions-001.json
2012-03-19,4,0001181431-12-018354,2012-03-15,xslF345X03/rrd339216.xml,CIK0000913760-submissions-001.json
2012-03-19,5,0001181431-12-018355,2012-09-30,xslF345X03/rrd339252.xml,CIK0000913760-submissions-001.json
2012-03-23,4,0001181431-12-019266,2012-03-21,xslF345X03/rrd339685.xml,CIK0000913760-submissions-001.json
2012-04-02,4,0000913760-12-000025,2012-03-29,xslF345X03/wf-form4_133339872825170.xml,CIK0000913760-submissions-001.json
2012-04-10,11-K,0000913760-12-000027,2011-10-13,esop123111doc.htm,CIK0000913760-submissions-001.json
2012-04-10,4,0000913760-12-000029,2012-04-09,xslF345X03/wf-form4_133408866427434.xml,CIK0000913760-submissions-001.json
2012-04-13,8-K,0000913760-12-000031,2012-04-12,a8-kforbmofacilityxapril20.htm,CIK0000913760-submissions-001.json
2012-05-02,4,0000913760-12-000046,2012-04-30,xslF345X03/wf-form4_133599022852907.xml,CIK0000913760-submissions-001.json
2012-05-02,4,0000913760-12-000045,2012-04-30,xslF345X03/wf-form4_133599016567386.xml,CIK0000913760-submissions-001.json
2012-05-02,4,0000913760-12-000044,2012-04-30,xslF345X03/wf-form4_133599010353667.xml,CIK0000913760-submissions-001.json
2012-05-02,4,0000913760-12-000043,2012-04-30,xslF345X03/wf-form4_133599004429651.xml,CIK0000913760-submissions-001.json
2012-05-02,4,0000913760-12-000042,2012-04-30,xslF345X03/wf-form4_133598997690084.xml,CIK0000913760-submissions-001.json
2012-05-02,4,0000913760-12-000041,2012-04-30,xslF345X03/wf-form4_133598991804418.xml,CIK0000913760-submissions-001.json
2012-05-02,4,0000913760-12-000040,2012-04-30,xslF345X03/wf-form4_133598985908817.xml,CIK0000913760-submissions-001.json
2012-05-09,10-Q,0000913760-12-000052,2012-03-31,intl0331201210-q.htm,CIK0000913760-submissions-001.json
2012-05-09,8-K,0000913760-12-000050,2012-05-09,a8-kq22012.htm,CIK0000913760-submissions-001.json
2012-06-01,3,0000913760-12-000056,2012-06-01,xslF345X02/wf-form3_133858232153356.xml,CIK0000913760-submissions-001.json
2012-06-01,3,0000913760-12-000054,2012-06-01,xslF345X02/wf-form3_133858221345757.xml,CIK0000913760-submissions-001.json
2012-07-09,4,0000913760-12-000058,2012-07-05,xslF345X03/wf-form4_134183695347926.xml,CIK0000913760-submissions-001.json
2012-08-06,5,0000913760-12-000072,2012-09-30,xslF345X03/wf-form5_134428610247362.xml,CIK0000913760-submissions-001.json
2012-08-06,5,0000913760-12-000071,2012-09-30,xslF345X03/wf-form5_134428608180708.xml,CIK0000913760-submissions-001.json
2012-08-06,5,0000913760-12-000070,2012-09-30,xslF345X03/wf-form5_134428606132199.xml,CIK0000913760-submissions-001.json
2012-08-06,5,0000913760-12-000069,2012-09-30,xslF345X03/wf-form5_134428604519578.xml,CIK0000913760-submissions-001.json
2012-08-06,5,0000913760-12-000068,2012-09-30,xslF345X03/wf-form5_134428602865758.xml,CIK0000913760-submissions-001.json
2012-08-06,5,0000913760-12-000067,2012-09-30,xslF345X03/wf-form5_134428601218328.xml,CIK0000913760-submissions-001.json
2012-08-06,5,0000913760-12-000066,2012-09-30,xslF345X03/wf-form5_134428593424397.xml,CIK0000913760-submissions-001.json
2012-08-08,10-Q,0000913760-12-000079,2012-06-30,intl0630201210-q.htm,CIK0000913760-submissions-001.json
2012-08-08,8-K,0000913760-12-000077,2012-08-07,a8-kq32012.htm,CIK0000913760-submissions-001.json
2012-08-15,8-K,0000913760-12-000082,2012-08-10,bmo-merchantservices8xk.htm,CIK0000913760-submissions-001.json
2012-08-28,4,0000913760-12-000085,2012-08-28,xslF345X03/wf-form4_134618951513621.xml,CIK0000913760-submissions-001.json
2012-09-19,8-K,0000913760-12-000087,2012-09-14,a8-kforbmoandmerchantservi.htm,CIK0000913760-submissions-001.json
2012-09-20,8-K,0000913760-12-000089,2012-09-18,a8-kforintlcommodities4tha.htm,CIK0000913760-submissions-001.json
2012-09-24,4,0000913760-12-000091,2012-09-21,xslF345X03/wf-form4_134852017769223.xml,CIK0000913760-submissions-001.json
2012-10-03,8-K,0000913760-12-000093,2012-10-01,presidentretirement.htm,CIK0000913760-submissions-001.json
2012-11-02,4,0000913760-12-000107,2012-10-31,xslF345X03/wf-form4_135189018961784.xml,CIK0000913760-submissions-001.json
2012-11-02,4,0000913760-12-000106,2012-10-31,xslF345X03/wf-form4_135189016808475.xml,CIK0000913760-submissions-001.json
2012-11-02,4,0000913760-12-000105,2012-10-31,xslF345X03/wf-form4_135189014651570.xml,CIK0000913760-submissions-001.json
2012-11-02,4,0000913760-12-000104,2012-10-31,xslF345X03/wf-form4_135189012484745.xml,CIK0000913760-submissions-001.json
2012-11-02,4,0000913760-12-000103,2012-10-31,xslF345X03/wf-form4_135189009002059.xml,CIK0000913760-submissions-001.json
2012-11-02,4,0000913760-12-000102,2012-10-31,xslF345X03/wf-form4_135189005511652.xml,CIK0000913760-submissions-001.json
2012-11-02,4,0000913760-12-000101,2012-10-31,xslF345X03/wf-form4_135189001958650.xml,CIK0000913760-submissions-001.json
2012-11-20,8-K,0000913760-12-000109,2012-11-15,a8-kforstockrepurchasex2012.htm,CIK0000913760-submissions-001.json
2012-11-21,8-K,0000913760-12-000111,2012-11-15,a8-kofficerappointmentx2012.htm,CIK0000913760-submissions-001.json
2012-12-12,10-K,0000913760-12-000116,2012-09-30,intl0930201210-k.htm,CIK0000913760-submissions-001.json
2012-12-12,8-K,0000913760-12-000114,2012-12-12,a8-kq42012.htm,CIK0000913760-submissions-001.json
2012-12-18,4,0000913760-12-000128,2012-12-14,xslF345X03/wf-form4_135586705253467.xml,CIK0000913760-submissions-001.json
2012-12-18,4,0000913760-12-000127,2012-12-14,xslF345X03/wf-form4_135586703412680.xml,CIK0000913760-submissions-001.json
2012-12-18,4,0000913760-12-000126,2012-12-14,xslF345X03/wf-form4_135586701928867.xml,CIK0000913760-submissions-001.json
2012-12-18,4,0000913760-12-000125,2012-12-14,xslF345X03/wf-form4_135586700102493.xml,CIK0000913760-submissions-001.json
2012-12-18,4,0000913760-12-000124,2012-12-14,xslF345X03/wf-form4_135586698314528.xml,CIK0000913760-submissions-001.json
2012-12-18,4,0000913760-12-000123,2012-12-14,xslF345X03/wf-form4_135586696551703.xml,CIK0000913760-submissions-001.json
2012-12-20,3,0000913760-12-000130,2012-12-19,xslF345X02/wf-form3_135603955206377.xml,CIK0000913760-submissions-001.json
2012-12-21,4,0000913760-12-000132,2012-12-20,xslF345X03/wf-form4_135612615533521.xml,CIK0000913760-submissions-001.json
2012-12-28,4,0000913760-12-000134,2012-12-28,xslF345X03/wf-form4_135672960106912.xml,CIK0000913760-submissions-001.json
2013-01-11,ARS,0000913760-13-000004,2012-09-30,ars-2012intlfcstoneinc.htm,CIK0000913760-submissions-001.json
2013-01-11,DEF 14A,0000913760-13-000003,2013-02-21,intlfcstoneinc2013proxy.htm,CIK0000913760-submissions-001.json
2013-01-14,SC 13G,0000906304-13-000113,,intl.txt,CIK0000913760-submissions-001.json
2013-01-18,8-K,0000913760-13-000006,2013-01-17,sentinel-8xk.htm,CIK0000913760-submissions-001.json
2013-02-01,8-K,0000913760-13-000008,2013-01-29,a8-kforbnpxintlcommodities.htm,CIK0000913760-submissions-001.json
2013-02-04,4,0000913760-13-000020,2013-01-31,xslF345X03/wf-form4_136001476359221.xml,CIK0000913760-submissions-001.json
2013-02-04,4,0000913760-13-000019,2013-01-31,xslF345X03/wf-form4_136001474613437.xml,CIK0000913760-submissions-001.json
2013-02-04,4,0000913760-13-000018,2013-01-31,xslF345X03/wf-form4_136001473166962.xml,CIK0000913760-submissions-001.json
2013-02-04,4,0000913760-13-000017,2013-01-31,xslF345X03/wf-form4_136001471516551.xml,CIK0000913760-submissions-001.json
2013-02-04,4,0000913760-13-000016,2013-01-31,xslF345X03/wf-form4_136001468756670.xml,CIK0000913760-submissions-001.json
2013-02-04,4,0000913760-13-000015,2013-01-31,xslF345X03/wf-form4_136001466839170.xml,CIK0000913760-submissions-001.json
2013-02-06,8-K,0000913760-13-000022,2013-02-06,a8-kq12013.htm,CIK0000913760-submissions-001.json
2013-02-07,10-Q,0000913760-13-000026,2012-12-31,intl1231201210-q.htm,CIK0000913760-submissions-001.json
2013-02-14,SC 13G/A,0001340807-13-000008,,intl13ga7.txt,CIK0000913760-submissions-001.json
2013-02-15,S-3,0000913760-13-000028,,s-3february2013.htm,CIK0000913760-submissions-001.json
2013-02-25,4,0000913760-13-000040,2013-02-21,xslF345X03/wf-form4_136182713408642.xml,CIK0000913760-submissions-001.json
2013-02-25,4,0000913760-13-000039,2013-02-21,xslF345X03/wf-form4_136182711660889.xml,CIK0000913760-submissions-001.json
2013-02-25,4,0000913760-13-000038,2013-02-21,xslF345X03/wf-form4_136182710143352.xml,CIK0000913760-submissions-001.json
2013-02-25,4,0000913760-13-000037,2013-02-21,xslF345X03/wf-form4_136182707880026.xml,CIK0000913760-submissions-001.json
2013-02-25,4,0000913760-13-000036,2013-02-21,xslF345X03/wf-form4_136182705618232.xml,CIK0000913760-submissions-001.json
2013-02-25,4,0000913760-13-000035,2013-02-21,xslF345X03/wf-form4_136182704176139.xml,CIK0000913760-submissions-001.json
2013-02-27,4,0000913760-13-000044,2013-02-25,xslF345X03/wf-form4_136200519488008.xml,CIK0000913760-submissions-001.json
2013-02-27,8-K,0000913760-13-000042,2013-02-21,a8-k2013annualmeeting.htm,CIK0000913760-submissions-001.json
2013-03-06,4,0000913760-13-000048,2013-03-04,xslF345X03/wf-form4_136260703595927.xml,CIK0000913760-submissions-001.json
2013-03-07,3,0000913760-13-000050,2013-03-07,xslF345X02/wf-form3_136269291186999.xml,CIK0000913760-submissions-001.json
2013-03-07,EFFECT,9999999995-13-000653,,xslEFFECTX01/primary_doc.xml,CIK0000913760-submissions-001.json
2013-03-11,4,0000913760-13-000052,2013-03-07,xslF345X03/wf-form4_136303750383288.xml,CIK0000913760-submissions-001.json
2013-03-14,4,0000913760-13-000054,2013-03-14,xslF345X03/wf-form4_136329312068490.xml,CIK0000913760-submissions-001.json
2013-03-22,4,0000913760-13-000056,2013-03-20,xslF345X03/wf-form4_136395790276865.xml,CIK0000913760-submissions-001.json
2013-04-03,3,0000913760-13-000058,2013-04-03,xslF345X02/wf-form3_136502575569050.xml,CIK0000913760-submissions-001.json
2013-04-16,8-K,0000913760-13-000060,2013-04-11,a8-kforbmo5thamendmentxapr.htm,CIK0000913760-submissions-001.json
2013-05-01,4,0000913760-13-000070,2013-04-30,xslF345X03/wf-form4_136744037458016.xml,CIK0000913760-submissions-001.json
2013-05-01,4,0000913760-13-000069,2013-04-30,xslF345X03/wf-form4_136744034631242.xml,CIK0000913760-submissions-001.json
2013-05-01,4,0000913760-13-000068,2013-04-30,xslF345X03/wf-form4_136744032637850.xml,CIK0000913760-submissions-001.json
2013-05-01,4,0000913760-13-000067,2013-04-30,xslF345X03/wf-form4_136744030257013.xml,CIK0000913760-submissions-001.json
2013-05-01,4,0000913760-13-000066,2013-04-30,xslF345X03/wf-form4_136744027775408.xml,CIK0000913760-submissions-001.json
2013-05-02,8-K,0000913760-13-000072,2013-04-30,a8-kforabnxintlcommodities.htm,CIK0000913760-submissions-001.json
2013-05-03,4,0000913760-13-000074,2013-05-03,xslF345X03/wf-form4_136761250197318.xml,CIK0000913760-submissions-001.json
2013-05-06,3,0000913760-13-000076,2013-05-06,xslF345X02/wf-form3_136787454816441.xml,CIK0000913760-submissions-001.json
2013-05-08,10-Q,0000913760-13-000081,2013-03-31,intl331201310-q.htm,CIK0000913760-submissions-001.json
2013-05-08,8-K,0000913760-13-000080,2013-05-08,a8-kq22013.htm,CIK0000913760-submissions-001.json
2013-05-13,8-K,0000913760-13-000083,2013-05-09,a8-kforpresidentmay2013.htm,CIK0000913760-submissions-001.json
2013-05-20,4,0000913760-13-000093,2013-05-20,xslF345X03/wf-form4_136908508044865.xml,CIK0000913760-submissions-001.json
2013-05-20,4,0000913760-13-000092,2013-05-20,xslF345X03/wf-form4_136908505979016.xml,CIK0000913760-submissions-001.json
2013-05-20,4,0000913760-13-000091,2013-05-20,xslF345X03/wf-form4_136908503458349.xml,CIK0000913760-submissions-001.json
2013-05-20,4,0000913760-13-000090,2013-05-20,xslF345X03/wf-form4_136908501765996.xml,CIK0000913760-submissions-001.json
2013-05-20,5,0000913760-13-000085,2013-09-30,xslF345X03/wf-form5_136908112781157.xml,CIK0000913760-submissions-001.json
2013-06-04,8-K,0000913760-13-000095,2013-05-31,a8-kforbmoxmerchantservice.htm,CIK0000913760-submissions-001.json
2013-06-10,4,0000913760-13-000097,2013-06-06,xslF345X03/wf-form4_137090385060850.xml,CIK0000913760-submissions-001.json
2013-06-13,4,0000913760-13-000099,2013-06-11,xslF345X03/wf-form4_137115927463077.xml,CIK0000913760-submissions-001.json
2013-06-19,SC 13D/A,0000909518-13-000164,,mm06-1913ifcstone_sc13da7.htm,CIK0000913760-submissions-001.json
2013-07-11,424B5,0000913760-13-000104,,prosuppretailnotesjuly2013.htm,CIK0000913760-submissions-001.json
2013-07-11,8-K,0000913760-13-000103,2013-07-11,a8-kjulyprospectus.htm,CIK0000913760-submissions-001.json
2013-07-12,8-K,0000913760-13-000106,2013-07-11,a8-kprosuppjuly2013pressre.htm,CIK0000913760-submissions-001.json
2013-07-15,4,0000913760-13-000110,2013-07-11,xslF345X03/wf-form4_137392494670210.xml,CIK0000913760-submissions-001.json
2013-07-15,FWP,0000913760-13-000108,,termsheetjuly2013.htm,CIK0000913760-submissions-001.json
2013-07-16,424B5,0000913760-13-000113,,prosuppfinalizedjuly2013.htm,CIK0000913760-submissions-001.json
2013-07-17,4,0000913760-13-000117,2013-07-16,xslF345X03/wf-form4_137409233711219.xml,CIK0000913760-submissions-001.json
2013-07-17,8-K,0000913760-13-000115,2013-07-16,a8-kunderwritingagreement.htm,CIK0000913760-submissions-001.json
2013-07-23,8-K,0000913760-13-000119,2013-07-22,a8-kseniornotesdue2020clos.htm,CIK0000913760-submissions-001.json
2013-08-02,4,0000913760-13-000129,2013-07-31,xslF345X03/wf-form4_137547792036628.xml,CIK0000913760-submissions-001.json
2013-08-02,4,0000913760-13-000128,2013-07-31,xslF345X03/wf-form4_137547790424648.xml,CIK0000913760-submissions-001.json
2013-08-02,4,0000913760-13-000127,2013-07-31,xslF345X03/wf-form4_137547788812021.xml,CIK0000913760-submissions-001.json
2013-08-02,4,0000913760-13-000126,2013-07-31,xslF345X03/wf-form4_137547787491618.xml,CIK0000913760-submissions-001.json
2013-08-02,4,0000913760-13-000125,2013-07-31,xslF345X03/wf-form4_137547781219511.xml,CIK0000913760-submissions-001.json
2013-08-05,8-K,0000913760-13-000131,2013-08-05,a8-kforbmoxmerchantservice.htm,CIK0000913760-submissions-001.json
2013-08-06,8-A12B,0000913760-13-000133,,form8-a.htm,CIK0000913760-submissions-001.json
2013-08-06,CERTNYS,9999999997-13-012483,,9999999997-13-012483.paper,CIK0000913760-submissions-001.json
2013-08-07,10-Q,0000913760-13-000139,2013-06-30,intl630201310-q.htm,CIK0000913760-submissions-001.json
2013-08-07,8-K,0000913760-13-000138,2013-08-07,a8-kq32013.htm,CIK0000913760-submissions-001.json
2013-08-09,8-K,0000913760-13-000142,2013-08-09,a8-kseniornotesdue2020over.htm,CIK0000913760-submissions-001.json
2013-08-28,4,0000913760-13-000144,2013-08-26,xslF345X03/wf-form4_137772023115353.xml,CIK0000913760-submissions-001.json
2013-09-10,4,0000913760-13-000148,2013-09-10,xslF345X03/wf-form4_137884881962748.xml,CIK0000913760-submissions-001.json
2013-09-10,5,0000913760-13-000147,2013-09-30,xslF345X03/wf-form5_137884879860782.xml,CIK0000913760-submissions-001.json
2013-09-24,8-K,0000913760-13-000151,2013-09-20,a8-kfor2013creditfacility.htm,CIK0000913760-submissions-001.json
2013-10-04,5,0000913760-13-000153,2013-09-30,xslF345X03/wf-form5_138092029271626.xml,CIK0000913760-submissions-001.json
2013-10-11,4,0000913760-13-000155,2013-10-11,xslF345X03/wf-form4_138152373388686.xml,CIK0000913760-submissions-001.json
2013-10-18,4,0000913760-13-000157,2013-10-16,xslF345X03/wf-form4_138213425413838.xml,CIK0000913760-submissions-001.json
2013-10-22,5,0000913760-13-000159,2013-09-30,xslF345X03/wf-form5_138247296164536.xml,CIK0000913760-submissions-001.json
2013-11-01,4,0000913760-13-000169,2013-10-31,xslF345X03/wf-form4_138334075266922.xml,CIK0000913760-submissions-001.json
2013-11-01,4,0000913760-13-000168,2013-10-31,xslF345X03/wf-form4_138334073218407.xml,CIK0000913760-submissions-001.json
2013-11-01,4,0000913760-13-000167,2013-10-31,xslF345X03/wf-form4_138334071584623.xml,CIK0000913760-submissions-001.json
2013-11-01,4,0000913760-13-000166,2013-10-31,xslF345X03/wf-form4_138334069751121.xml,CIK0000913760-submissions-001.json
2013-11-01,4,0000913760-13-000165,2013-10-31,xslF345X03/wf-form4_138334068174513.xml,CIK0000913760-submissions-001.json
2013-11-21,8-K,0000913760-13-000171,2013-11-15,a8-kforiflcreditfacility.htm,CIK0000913760-submissions-001.json
2013-11-25,4,0000913760-13-000173,2013-11-22,xslF345X03/wf-form4_138541534992517.xml,CIK0000913760-submissions-001.json
2013-12-17,4,0000913760-13-000190,2013-12-14,xslF345X03/wf-form4_138731812615211.xml,CIK0000913760-submissions-001.json
2013-12-17,4,0000913760-13-000189,2013-12-14,xslF345X03/wf-form4_138731810921927.xml,CIK0000913760-submissions-001.json
2013-12-17,4,0000913760-13-000188,2013-12-14,xslF345X03/wf-form4_138731809219061.xml,CIK0000913760-submissions-001.json
2013-12-17,4,0000913760-13-000187,2013-12-14,xslF345X03/wf-form4_138731807555812.xml,CIK0000913760-submissions-001.json
2013-12-17,4,0000913760-13-000186,2013-12-14,xslF345X03/wf-form4_138731805809568.xml,CIK0000913760-submissions-001.json
2013-12-17,4,0000913760-13-000185,2013-12-14,xslF345X03/wf-form4_138731804097823.xml,CIK0000913760-submissions-001.json
2013-12-17,4,0000913760-13-000184,2013-12-14,xslF345X03/wf-form4_138731802182341.xml,CIK0000913760-submissions-001.json
2013-12-17,NT 10-K,0000913760-13-000176,2013-09-30,form12b-25.htm,CIK0000913760-submissions-001.json
2014-01-09,8-K,0000913760-14-000003,2014-01-06,a8-kq42013.htm,CIK0000913760-submissions-001.json
2014-01-10,SC 13G/A,0000906304-14-000105,,intl1.txt,CIK0000913760-submissions-001.json
2014-01-15,10-K,0000913760-14-000006,2013-09-30,intl0930201310-k.htm,CIK0000913760-submissions-001.json
2014-01-17,ARS,0000913760-14-000010,2013-09-30,a2013annualreport.htm,CIK0000913760-submissions-001.json
2014-01-17,DEF 14A,0000913760-14-000009,2014-02-27,intlfcstoneinc2014proxy.htm,CIK0000913760-submissions-001.json
2014-01-21,4,0000913760-14-000012,2014-01-16,xslF345X03/wf-form4_139033871783211.xml,CIK0000913760-submissions-001.json
2014-02-04,4,0000913760-14-000024,2014-01-31,xslF345X03/wf-form4_139154868868970.xml,CIK0000913760-submissions-001.json
2014-02-04,4,0000913760-14-000023,2014-01-31,xslF345X03/wf-form4_139154866719766.xml,CIK0000913760-submissions-001.json
2014-02-04,4,0000913760-14-000022,2014-01-31,xslF345X03/wf-form4_139154863019404.xml,CIK0000913760-submissions-001.json
2014-02-04,4,0000913760-14-000021,2014-01-31,xslF345X03/wf-form4_139154859832088.xml,CIK0000913760-submissions-001.json
2014-02-04,4,0000913760-14-000020,2014-01-31,xslF345X03/wf-form4_139154855824359.xml,CIK0000913760-submissions-001.json
2014-02-04,8-K,0000913760-14-000014,2014-02-01,a8-kforofficerdeparturexja.htm,CIK0000913760-submissions-001.json
2014-02-10,10-Q,0000913760-14-000029,2013-12-31,intl1231201310-q.htm,CIK0000913760-submissions-001.json
2014-02-10,8-K,0000913760-14-000028,2014-02-10,a8-kq12014.htm,CIK0000913760-submissions-001.json
2014-02-13,SC 13G,0001193125-14-050851,,d673562dsc13g.htm,CIK0000913760-submissions-001.json
2014-02-14,4,0000913760-14-000031,2014-02-13,xslF345X03/wf-form4_139241407601458.xml,CIK0000913760-submissions-001.json
2014-02-14,SC 13G/A,0001340807-14-000006,,intl13ga-8.txt,CIK0000913760-submissions-001.json
2014-02-28,4,0000913760-14-000043,2014-02-27,xslF345X03/wf-form4_139362260736024.xml,CIK0000913760-submissions-001.json
2014-02-28,4,0000913760-14-000042,2014-02-27,xslF345X03/wf-form4_139362259120244.xml,CIK0000913760-submissions-001.json
2014-02-28,4,0000913760-14-000041,2014-02-27,xslF345X03/wf-form4_139362257572230.xml,CIK0000913760-submissions-001.json
2014-02-28,4,0000913760-14-000040,2014-02-27,xslF345X03/wf-form4_139362255940914.xml,CIK0000913760-submissions-001.json
2014-02-28,4,0000913760-14-000039,2014-02-27,xslF345X03/wf-form4_139362254489893.xml,CIK0000913760-submissions-001.json
2014-02-28,4,0000913760-14-000038,2014-02-27,xslF345X03/wf-form4_139362252981592.xml,CIK0000913760-submissions-001.json
2014-03-04,8-K,0000913760-14-000045,2014-02-27,a8-k2014annualmeeting.htm,CIK0000913760-submissions-001.json
2014-03-06,SC 13G/A,0001144204-14-013728,,v370713_sc13ga.htm,CIK0000913760-submissions-001.json
2014-03-10,4,0000913760-14-000047,2014-03-06,xslF345X03/wf-form4_139448377179903.xml,CIK0000913760-submissions-001.json
2014-03-18,4,0000913760-14-000049,2014-03-14,xslF345X03/wf-form4_139517714859741.xml,CIK0000913760-submissions-001.json
2014-03-20,8-K,0000913760-14-000051,2014-03-20,a8-ksentinelrulingmarch2014.htm,CIK0000913760-submissions-001.json
2014-04-11,8-K,0000913760-14-000053,2014-04-10,a8-kforbmo6thamendmentxapr.htm,CIK0000913760-submissions-001.json
2014-04-22,8-K,0000913760-14-000055,2014-04-18,a8-kforfirstamendmentto201.htm,CIK0000913760-submissions-001.json
2014-04-29,4,0000913760-14-000057,2014-04-28,xslF345X03/wf-form4_139880734497075.xml,CIK0000913760-submissions-001.json
2014-05-02,4,0000913760-14-000069,2014-04-30,xslF345X03/wf-form4_139906134758330.xml,CIK0000913760-submissions-001.json
2014-05-02,4,0000913760-14-000068,2014-04-30,xslF345X03/wf-form4_139906133337117.xml,CIK0000913760-submissions-001.json
2014-05-02,4,0000913760-14-000067,2014-04-30,xslF345X03/wf-form4_139906131652024.xml,CIK0000913760-submissions-001.json
2014-05-02,4,0000913760-14-000066,2014-04-30,xslF345X03/wf-form4_139906130229894.xml,CIK0000913760-submissions-001.json
2014-05-02,4,0000913760-14-000065,2014-04-30,xslF345X03/wf-form4_139906128779838.xml,CIK0000913760-submissions-001.json
2014-05-02,4,0000913760-14-000064,2014-04-30,xslF345X03/wf-form4_139906127356005.xml,CIK0000913760-submissions-001.json
2014-05-05,8-K,0000913760-14-000071,2014-05-01,a8-kxbmoxmerchants6thamd.htm,CIK0000913760-submissions-001.json
2014-05-07,10-Q,0000913760-14-000077,2014-03-31,intl331201410-q.htm,CIK0000913760-submissions-001.json
2014-05-07,8-K,0000913760-14-000075,2014-05-07,a8-kq22014.htm,CIK0000913760-submissions-001.json
2014-05-19,8-K,0000913760-14-000079,2014-05-19,a8-ksentinelrulingmay2014.htm,CIK0000913760-submissions-001.json
2014-05-30,S-8,0000913760-14-000082,,s-82014.htm,CIK0000913760-submissions-001.json
2014-06-09,8-K,0000913760-14-000084,2014-06-09,a8-kinvestorpresentationdoc.htm,CIK0000913760-submissions-001.json
2014-06-16,4,0000913760-14-000086,2014-06-13,xslF345X03/wf-form4_140295144172091.xml,CIK0000913760-submissions-001.json
2014-07-10,SC 13G,0001603715-14-000004,,intl13g.txt,CIK0000913760-submissions-001.json
2014-07-10,SC 13G/A,0001340807-14-000027,,intl13ga-9.txt,CIK0000913760-submissions-001.json
2014-07-31,S-8,0000913760-14-000093,,s-82014julyintl.htm,CIK0000913760-submissions-001.json
2014-07-31,S-8 POS,0000913760-14-000094,,s-8registrationstmtpostxef.htm,CIK0000913760-submissions-001.json
2014-07-31,S-8 POS,0000913760-14-000091,,s-82014julyfcg.htm,CIK0000913760-submissions-001.json
2014-08-01,4,0000913760-14-000104,2014-07-31,xslF345X03/wf-form4_140692609175952.xml,CIK0000913760-submissions-001.json
2014-08-01,4,0000913760-14-000103,2014-07-31,xslF345X03/wf-form4_140692607856617.xml,CIK0000913760-submissions-001.json
2014-08-01,4,0000913760-14-000102,2014-07-31,xslF345X03/wf-form4_140692606376333.xml,CIK0000913760-submissions-001.json
2014-08-01,4,0000913760-14-000101,2014-07-31,xslF345X03/wf-form4_140692604779610.xml,CIK0000913760-submissions-001.json
2014-08-01,4,0000913760-14-000100,2014-07-31,xslF345X03/wf-form4_140692603254657.xml,CIK0000913760-submissions-001.json
2014-08-06,10-Q,0000913760-14-000110,2014-06-30,intl630201410-q.htm,CIK0000913760-submissions-001.json
2014-08-06,8-K,0000913760-14-000109,2014-08-06,a8-kq32014.htm,CIK0000913760-submissions-001.json
2014-08-11,8-K,0000913760-14-000112,2014-08-07,directorelection-080714.htm,CIK0000913760-submissions-001.json
2014-08-21,8-K,0000913760-14-000114,2014-08-21,a8-ksentinelaugust2014.htm,CIK0000913760-submissions-001.json
2014-09-16,4,0000913760-14-000116,2014-09-15,xslF345X03/wf-form4_141089935179856.xml,CIK0000913760-submissions-001.json
2014-09-23,3,0000913760-14-000118,2014-09-23,xslF345X02/wf-form3_141150406791505.xml,CIK0000913760-submissions-001.json
2014-11-04,4,0000913760-14-000130,2014-10-31,xslF345X03/wf-form4_141513983116128.xml,CIK0000913760-submissions-001.json
2014-11-04,4,0000913760-14-000129,2014-10-31,xslF345X03/wf-form4_141513981825109.xml,CIK0000913760-submissions-001.json
2014-11-04,4,0000913760-14-000128,2014-10-31,xslF345X03/wf-form4_141513980055470.xml,CIK0000913760-submissions-001.json
2014-11-04,4,0000913760-14-000127,2014-10-31,xslF345X03/wf-form4_141513978573152.xml,CIK0000913760-submissions-001.json
2014-11-04,4,0000913760-14-000126,2014-10-31,xslF345X03/wf-form4_141513977316671.xml,CIK0000913760-submissions-001.json
2014-11-04,4,0000913760-14-000125,2014-10-31,xslF345X03/wf-form4_141513975844198.xml,CIK0000913760-submissions-001.json
2014-11-14,8-K,0000913760-14-000134,2014-11-12,a8-kforclarke.htm,CIK0000913760-submissions-001.json
2014-11-14,8-K,0000913760-14-000132,2014-11-10,a8-kforiflfirstamendment.htm,CIK0000913760-submissions-001.json
2014-11-21,4,0000913760-14-000138,2014-11-19,xslF345X03/wf-form4_141660505454995.xml,CIK0000913760-submissions-001.json
2014-11-21,4,0000913760-14-000137,2014-11-20,xslF345X03/wf-form4_141660503308488.xml,CIK0000913760-submissions-001.json
2014-11-28,8-K,0000913760-14-000140,2014-11-26,a8-kfcstonellc2014stmtoffi.htm,CIK0000913760-submissions-001.json
2014-12-01,4,0000913760-14-000142,2014-11-26,xslF345X03/wf-form4_141746934461709.xml,CIK0000913760-submissions-001.json
2014-12-04,3,0000913760-14-000146,2014-12-03,xslF345X02/wf-form3_141772954919035.xml,CIK0000913760-submissions-001.json
2014-12-04,3,0000913760-14-000145,2014-12-04,xslF345X02/wf-form3_141772953402895.xml,CIK0000913760-submissions-001.json
2014-12-05,4,0000913760-14-000149,2014-12-04,xslF345X03/wf-form4_141781637288941.xml,CIK0000913760-submissions-001.json
2014-12-10,10-K,0000913760-14-000155,2014-09-30,intl0930201410-k.htm,CIK0000913760-submissions-001.json
2014-12-10,8-K,0000913760-14-000153,2014-12-10,a8-kq42014.htm,CIK0000913760-submissions-001.json
2014-12-16,8-K,0000913760-14-000157,2014-12-10,a8-kforstockrepurchasex2014.htm,CIK0000913760-submissions-001.json
2014-12-17,4,0000913760-14-000173,2014-12-15,xslF345X03/wf-form4_141885417856129.xml,CIK0000913760-submissions-001.json
2014-12-17,4,0000913760-14-000172,2014-12-15,xslF345X03/wf-form4_141885416229983.xml,CIK0000913760-submissions-001.json
2014-12-17,4,0000913760-14-000171,2014-12-15,xslF345X03/wf-form4_141885414825996.xml,CIK0000913760-submissions-001.json
2014-12-17,4,0000913760-14-000170,2014-12-15,xslF345X03/wf-form4_141885413514913.xml,CIK0000913760-submissions-001.json
2014-12-17,4,0000913760-14-000169,2014-12-15,xslF345X03/wf-form4_141885412145044.xml,CIK0000913760-submissions-001.json
2014-12-17,4,0000913760-14-000168,2014-12-15,xslF345X03/wf-form4_141885410256106.xml,CIK0000913760-submissions-001.json
2014-12-17,4,0000913760-14-000167,2014-12-15,xslF345X03/wf-form4_141885408962990.xml,CIK0000913760-submissions-001.json
2014-12-17,4,0000913760-14-000166,2014-12-15,xslF345X03/wf-form4_141885407326805.xml,CIK0000913760-submissions-001.json
2014-12-22,4,0000913760-14-000177,2014-12-18,xslF345X03/wf-form4_141928665783486.xml,CIK0000913760-submissions-001.json
2014-12-22,4,0000913760-14-000176,2014-12-19,xslF345X03/wf-form4_141928664297622.xml,CIK0000913760-submissions-001.json
2015-01-05,4,0000913760-15-000002,2014-12-31,xslF345X03/wf-form4_142049429160409.xml,CIK0000913760-submissions-001.json
2015-01-07,8-K,0000913760-15-000004,2015-01-05,a8-kforclarkeclosing.htm,CIK0000913760-submissions-001.json
2015-01-12,4,0000913760-15-000010,2015-01-08,xslF345X03/wf-form4_142109983699429.xml,CIK0000913760-submissions-001.json
2015-01-12,5,0000913760-15-000009,2014-09-30,xslF345X03/wf-form5_142109978799902.xml,CIK0000913760-submissions-001.json
2015-01-12,8-K/A,0000913760-15-000006,2015-01-01,a8-kamendmentxclarkeclosing.htm,CIK0000913760-submissions-001.json
2015-01-16,ARS,0000913760-15-000014,2014-09-30,ars-2014annualreport.htm,CIK0000913760-submissions-001.json
2015-01-16,DEF 14A,0000913760-15-000013,2015-02-26,intlfcstoneinc2015proxy.htm,CIK0000913760-submissions-001.json
2015-02-02,SC 13G/A,0000906304-15-000231,,intl2.txt,CIK0000913760-submissions-001.json
2015-02-03,4,0000913760-15-000024,2015-01-30,xslF345X03/wf-form4_142299967757640.xml,CIK0000913760-submissions-001.json
2015-02-03,4,0000913760-15-000023,2015-01-30,xslF345X03/wf-form4_142299965795953.xml,CIK0000913760-submissions-001.json
2015-02-03,4,0000913760-15-000022,2015-01-30,xslF345X03/wf-form4_142299964382358.xml,CIK0000913760-submissions-001.json
2015-02-03,4,0000913760-15-000021,2015-01-30,xslF345X03/wf-form4_142299962920051.xml,CIK0000913760-submissions-001.json
2015-02-03,4,0000913760-15-000020,2015-01-30,xslF345X03/wf-form4_142299961417263.xml,CIK0000913760-submissions-001.json
2015-02-09,10-Q,0000913760-15-000029,2014-12-31,intl1231201410-q.htm,CIK0000913760-submissions-001.json
2015-02-09,8-K,0000913760-15-000027,2015-02-09,a8-kq12015.htm,CIK0000913760-submissions-001.json
2015-02-12,SC 13G,0001214659-15-001235,,c23151sc13g.htm,CIK0000913760-submissions-001.json
2015-02-13,5,0000913760-15-000031,2014-09-30,xslF345X03/wf-form5_142386385542476.xml,CIK0000913760-submissions-001.json
2015-02-17,4,0000913760-15-000037,2015-02-13,xslF345X03/wf-form4_142422687228846.xml,CIK0000913760-submissions-001.json
2015-02-17,4,0000913760-15-000033,2015-02-12,xslF345X03/wf-form4_142418106274969.xml,CIK0000913760-submissions-001.json
2015-02-17,5,0000913760-15-000035,2014-09-30,xslF345X03/wf-form5_142421047129801.xml,CIK0000913760-submissions-001.json
2015-02-17,SC 13G/A,0000950123-15-002993,,d874136dsc13ga.htm,CIK0000913760-submissions-001.json
2015-02-17,SC 13G/A,0001140361-15-007269,,formsc13ga.htm,CIK0000913760-submissions-001.json
2015-02-17,SC 13G/A,0001193125-15-050542,,d868148dsc13ga.htm,CIK0000913760-submissions-001.json
2015-02-20,4,0000913760-15-000041,2015-02-18,xslF345X03/wf-form4_142446747783278.xml,CIK0000913760-submissions-001.json
2015-02-20,4,0000913760-15-000040,2015-02-18,xslF345X03/wf-form4_142446746236923.xml,CIK0000913760-submissions-001.json
2015-02-27,4,0000913760-15-000055,2015-02-26,xslF345X03/wf-form4_142507192011000.xml,CIK0000913760-submissions-001.json
2015-02-27,4,0000913760-15-000054,2015-02-26,xslF345X03/wf-form4_142507190628907.xml,CIK0000913760-submissions-001.json
2015-02-27,4,0000913760-15-000053,2015-02-26,xslF345X03/wf-form4_142507189246625.xml,CIK0000913760-submissions-001.json
2015-02-27,4,0000913760-15-000052,2015-02-26,xslF345X03/wf-form4_142507187627308.xml,CIK0000913760-submissions-001.json
2015-02-27,4,0000913760-15-000051,2015-02-26,xslF345X03/wf-form4_142507186258714.xml,CIK0000913760-submissions-001.json
2015-02-27,4,0000913760-15-000050,2015-02-26,xslF345X03/wf-form4_142507184824939.xml,CIK0000913760-submissions-001.json
2015-02-27,4,0000913760-15-000049,2015-02-26,xslF345X03/wf-form4_142507183381313.xml,CIK0000913760-submissions-001.json
2015-03-03,8-K,0000913760-15-000057,2015-02-26,a8-k2015annualmeeting.htm,CIK0000913760-submissions-001.json
2015-03-05,4,0000913760-15-000059,2015-03-03,xslF345X03/wf-form4_142559069151346.xml,CIK0000913760-submissions-001.json
2015-03-06,4,0000913760-15-000061,2015-03-05,xslF345X03/wf-form4_142567769026752.xml,CIK0000913760-submissions-001.json
2015-03-11,4,0000913760-15-000063,2015-03-11,xslF345X03/wf-form4_142610601622981.xml,CIK0000913760-submissions-001.json
2015-03-16,4,0000913760-15-000069,2015-03-12,xslF345X03/wf-form4_142653705910274.xml,CIK0000913760-submissions-001.json
2015-03-16,4,0000913760-15-000068,2015-03-12,xslF345X03/wf-form4_142653704658971.xml,CIK0000913760-submissions-001.json
2015-03-16,8-K/A,0000913760-15-000070,2015-03-16,a8-kxaacquisitionproformas.htm,CIK0000913760-submissions-001.json
2015-04-03,8-K,0000913760-15-000072,2015-03-30,a8-kforbmo7thamendmentxmar.htm,CIK0000913760-submissions-001.json
2015-04-07,4,0000913760-15-000074,2015-04-06,xslF345X03/wf-form4_142843936930157.xml,CIK0000913760-submissions-001.json
2015-04-27,8-K,0000913760-15-000076,2015-04-21,a8-kxbmoxmerchants7thamd.htm,CIK0000913760-submissions-001.json
2015-05-01,4,0000913760-15-000086,2015-04-30,xslF345X03/wf-form4_143051521129680.xml,CIK0000913760-submissions-001.json
2015-05-01,4,0000913760-15-000085,2015-04-30,xslF345X03/wf-form4_143051519640894.xml,CIK0000913760-submissions-001.json
2015-05-01,4,0000913760-15-000084,2015-04-30,xslF345X03/wf-form4_143051517788100.xml,CIK0000913760-submissions-001.json
2015-05-01,4,0000913760-15-000083,2015-04-30,xslF345X03/wf-form4_143051515486770.xml,CIK0000913760-submissions-001.json
2015-05-01,4,0000913760-15-000082,2015-04-30,xslF345X03/wf-form4_143051513167898.xml,CIK0000913760-submissions-001.json
2015-05-06,8-K,0000913760-15-000089,2015-05-06,a8-kq22015.htm,CIK0000913760-submissions-001.json
2015-05-07,10-Q,0000913760-15-000092,2015-03-31,intl0331201510-q.htm,CIK0000913760-submissions-001.json
2015-05-11,4,0000913760-15-000096,2015-05-08,xslF345X03/wf-form4_143137789750272.xml,CIK0000913760-submissions-001.json
2015-05-11,8-K,0000913760-15-000094,2015-05-05,a8-kfcstonedeliveryfinance.htm,CIK0000913760-submissions-001.json
2015-05-13,4,0000913760-15-000100,2015-05-11,xslF345X03/wf-form4_143155214994608.xml,CIK0000913760-submissions-001.json
2015-05-13,4,0000913760-15-000099,2015-05-11,xslF345X03/wf-form4_143155213674617.xml,CIK0000913760-submissions-001.json
2015-05-18,8-K,0000913760-15-000102,2015-05-12,a8-k2ndamendmentnotes.htm,CIK0000913760-submissions-001.json
2015-05-21,8-K/A,0000913760-15-000105,2015-01-07,form8-kacquisitionamend3.htm,CIK0000913760-submissions-001.json
2015-07-01,8-K,0000913760-15-000107,2015-07-01,a8-kiffipressrelease.htm,CIK0000913760-submissions-001.json
2015-07-07,8-K,0000913760-15-000109,2015-06-30,a8-kifficreditassumptions.htm,CIK0000913760-submissions-001.json
2015-07-10,SC 13G/A,0001140361-15-027308,,doc1.htm,CIK0000913760-submissions-001.json
2015-08-04,4,0000913760-15-000119,2015-07-31,xslF345X03/wf-form4_143871974514174.xml,CIK0000913760-submissions-001.json
2015-08-04,4,0000913760-15-000118,2015-07-31,xslF345X03/wf-form4_143871973140220.xml,CIK0000913760-submissions-001.json
2015-08-04,4,0000913760-15-000117,2015-07-31,xslF345X03/wf-form4_143871971499199.xml,CIK0000913760-submissions-001.json
2015-08-04,4,0000913760-15-000116,2015-07-31,xslF345X03/wf-form4_143871970042822.xml,CIK0000913760-submissions-001.json
2015-08-04,4,0000913760-15-000115,2015-07-31,xslF345X03/wf-form4_143871968487823.xml,CIK0000913760-submissions-001.json
2015-08-05,8-K,0000913760-15-000122,2015-08-05,a8-kq32015.htm,CIK0000913760-submissions-001.json
2015-08-06,10-Q,0000913760-15-000125,2015-06-30,intl0630201510-q.htm,CIK0000913760-submissions-001.json
2015-08-12,4,0000913760-15-000127,2015-08-10,xslF345X03/wf-form4_143941121360315.xml,CIK0000913760-submissions-001.json
2015-08-18,4,0000913760-15-000129,2015-08-14,xslF345X03/wf-form4_143993243875834.xml,CIK0000913760-submissions-001.json
2015-08-19,4,0000913760-15-000131,2015-08-17,xslF345X03/wf-form4_144001750899361.xml,CIK0000913760-submissions-001.json
2015-08-25,4,0000913760-15-000136,2015-08-24,xslF345X03/wf-form4_144053938769368.xml,CIK0000913760-submissions-001.json
2015-08-26,8-K,0000913760-15-000133,2015-08-20,a8-kforstockrepurchasex2015.htm,CIK0000913760-submissions-001.json
2015-08-28,4,0000913760-15-000138,2015-08-27,xslF345X03/wf-form4_144079931781236.xml,CIK0000913760-submissions-001.json
2015-09-15,8-K,0000913760-15-000140,2015-09-15,a8-kbranchpressrelease.htm,CIK0000913760-submissions-001.json
2015-09-16,4,0000913760-15-000142,2015-09-16,xslF345X03/wf-form4_144243870318421.xml,CIK0000913760-submissions-001.json
2015-10-05,8-K,0000913760-15-000144,2015-10-01,a8-kfor2015officerchange.htm,CIK0000913760-submissions-001.json
2015-10-14,4,0000913760-15-000146,2015-10-13,xslF345X03/wf-form4_144485717511203.xml,CIK0000913760-submissions-001.json
2015-10-27,4,0000913760-15-000148,2015-10-23,xslF345X03/wf-form4_144597960621489.xml,CIK0000913760-submissions-001.json
2015-11-03,4,0000913760-15-000158,2015-10-30,xslF345X03/wf-form4_144658547728544.xml,CIK0000913760-submissions-001.json
2015-11-03,4,0000913760-15-000157,2015-10-30,xslF345X03/wf-form4_144658546160077.xml,CIK0000913760-submissions-001.json
2015-11-03,4,0000913760-15-000156,2015-10-30,xslF345X03/wf-form4_144658544534484.xml,CIK0000913760-submissions-001.json
2015-11-03,4,0000913760-15-000155,2015-10-30,xslF345X03/wf-form4_144658542394955.xml,CIK0000913760-submissions-001.json
2015-11-03,4,0000913760-15-000154,2015-10-30,xslF345X03/wf-form4_144658539759402.xml,CIK0000913760-submissions-001.json
2015-11-05,5,0000913760-15-000160,2015-09-30,xslF345X03/wf-form5_144676002514139.xml,CIK0000913760-submissions-001.json
2015-11-09,4,0000913760-15-000162,2015-11-06,xslF345X03/wf-form4_144710430261493.xml,CIK0000913760-submissions-001.json
2015-11-10,4,0000913760-15-000164,2015-11-06,xslF345X03/wf-form4_144719072699833.xml,CIK0000913760-submissions-001.json
2015-11-10,8-K,0000913760-15-000166,2015-11-05,a8-kforiflsecondamendment.htm,CIK0000913760-submissions-001.json
2015-12-01,4,0000913760-15-000168,2015-11-27,xslF345X03/wf-form4_144900552434443.xml,CIK0000913760-submissions-001.json
2015-12-02,8-K,0000913760-15-000170,2015-11-30,a8-kiff2015stmtoffincond.htm,CIK0000913760-submissions-001.json
2015-12-03,4,0000913760-15-000172,2015-12-02,xslF345X03/wf-form4_144918183269539.xml,CIK0000913760-submissions-001.json
2015-12-09,10-K,0000913760-15-000180,2015-09-30,intl0930201510-k.htm,CIK0000913760-submissions-001.json
2015-12-09,4,0000913760-15-000176,2015-12-07,xslF345X03/wf-form4_144966867572948.xml,CIK0000913760-submissions-001.json
2015-12-09,8-K,0000913760-15-000179,2015-12-09,a8-kq42015.htm,CIK0000913760-submissions-001.json
2015-12-14,4,0000913760-15-000182,2015-12-10,xslF345X03/wf-form4_145010320720700.xml,CIK0000913760-submissions-001.json
2015-12-16,4,0000913760-15-000200,2015-12-14,xslF345X03/wf-form4_145031073188516.xml,CIK0000913760-submissions-001.json
2015-12-16,4,0000913760-15-000198,2015-12-14,xslF345X03/wf-form4_145030189380316.xml,CIK0000913760-submissions-001.json
2015-12-16,4,0000913760-15-000197,2015-12-14,xslF345X03/wf-form4_145030188018698.xml,CIK0000913760-submissions-001.json
2015-12-16,4,0000913760-15-000196,2015-12-14,xslF345X03/wf-form4_145030186692568.xml,CIK0000913760-submissions-001.json
2015-12-16,4,0000913760-15-000195,2015-12-14,xslF345X03/wf-form4_145030185439845.xml,CIK0000913760-submissions-001.json
2015-12-16,4,0000913760-15-000194,2015-12-14,xslF345X03/wf-form4_145030183726110.xml,CIK0000913760-submissions-001.json
2015-12-16,4,0000913760-15-000193,2015-12-14,xslF345X03/wf-form4_145030182033291.xml,CIK0000913760-submissions-001.json
2015-12-16,4,0000913760-15-000192,2015-12-14,xslF345X03/wf-form4_145030180450158.xml,CIK0000913760-submissions-001.json
2015-12-16,4,0000913760-15-000191,2015-12-14,xslF345X03/wf-form4_145030178549822.xml,CIK0000913760-submissions-001.json
2015-12-31,5,0000913760-15-000202,2015-09-30,xslF345X03/wf-form5_145159639030603.xml,CIK0000913760-submissions-001.json
2016-01-04,3,0000913760-16-000204,2016-01-04,xslF345X02/wf-form3_145194583320626.xml,CIK0000913760-submissions-001.json
2016-01-05,3,0000913760-16-000206,2016-01-04,xslF345X02/wf-form3_145200360901387.xml,CIK0000913760-submissions-001.json
2016-01-06,5,0000913760-16-000208,2016-09-30,xslF345X03/wf-form5_145211867535831.xml,CIK0000913760-submissions-001.json
2016-01-08,8-K,0000913760-16-000210,2016-01-05,a8-kxjpmxratesamendment.htm,CIK0000913760-submissions-001.json
2016-01-15,ARS,0000913760-16-000215,2016-01-15,a2015annualreport.htm,CIK0000913760-submissions-001.json
2016-01-15,DEF 14A,0000913760-16-000214,2016-02-25,a2016proxy.htm,CIK0000913760-submissions-001.json
2016-01-28,SC 13G,0000215457-16-004603,,intl.fcstone.inc.2015.txt,CIK0000913760-submissions-001.json
2016-02-02,4,0000913760-16-000225,2016-01-29,xslF345X03/wf-form4_145441964824638.xml,CIK0000913760-submissions-001.json
2016-02-02,4,0000913760-16-000224,2016-01-29,xslF345X03/wf-form4_145441963358268.xml,CIK0000913760-submissions-001.json
2016-02-02,4,0000913760-16-000223,2016-01-29,xslF345X03/wf-form4_145441961657127.xml,CIK0000913760-submissions-001.json
2016-02-02,4,0000913760-16-000222,2016-01-29,xslF345X03/wf-form4_145441959825581.xml,CIK0000913760-submissions-001.json
2016-02-02,4,0000913760-16-000221,2016-01-29,xslF345X03/wf-form4_145441957836857.xml,CIK0000913760-submissions-001.json
2016-02-09,10-Q,0000913760-16-000230,2015-12-31,intl1231201510-q.htm,CIK0000913760-submissions-001.json
2016-02-09,8-K,0000913760-16-000229,2016-02-09,a8-kq12016.htm,CIK0000913760-submissions-001.json
2016-02-10,SC 13G,0000932471-16-010780,,intlfcstoneinc.htm,CIK0000913760-submissions-001.json
2016-02-11,SC 13G/A,0001214659-16-009446,,m28161sc13ga1.htm,CIK0000913760-submissions-001.json
2016-02-12,4,0000913760-16-000232,2016-02-12,xslF345X03/wf-form4_145531185904515.xml,CIK0000913760-submissions-001.json
2016-02-12,4/A,0000913760-16-000234,2016-02-12,xslF345X03/wf-form4a_145531501005131.xml,CIK0000913760-submissions-001.json
2016-02-26,4,0000913760-16-000248,2016-02-25,xslF345X03/wf-form4_145652452351895.xml,CIK0000913760-submissions-001.json
2016-02-26,4,0000913760-16-000247,2016-02-25,xslF345X03/wf-form4_145652449898106.xml,CIK0000913760-submissions-001.json
2016-02-26,4,0000913760-16-000246,2016-02-25,xslF345X03/wf-form4_145652448274723.xml,CIK0000913760-submissions-001.json
2016-02-26,4,0000913760-16-000245,2016-02-25,xslF345X03/wf-form4_145652446599991.xml,CIK0000913760-submissions-001.json
2016-02-26,4,0000913760-16-000244,2016-02-25,xslF345X03/wf-form4_145652443549979.xml,CIK0000913760-submissions-001.json
2016-02-26,4,0000913760-16-000243,2016-02-25,xslF345X03/wf-form4_145652440787966.xml,CIK0000913760-submissions-001.json
2016-02-26,4,0000913760-16-000242,2016-02-25,xslF345X03/wf-form4_145652439215961.xml,CIK0000913760-submissions-001.json
2016-03-01,8-K,0000913760-16-000250,2016-02-25,a8-k2016annualmeeting.htm,CIK0000913760-submissions-001.json
2016-03-03,S-3,0001014108-16-000416,,ifcs-forms3_mar32016.htm,CIK0000913760-submissions-001.json
2016-03-08,UPLOAD,0000000000-16-067538,,filename1.pdf,CIK0000913760-submissions-001.json
2016-03-16,CORRESP,0000913760-16-000254,,filename1.htm,CIK0000913760-submissions-001.json
2016-03-21,4,0000913760-16-000256,2016-03-17,xslF345X03/wf-form4_145859244530880.xml,CIK0000913760-submissions-001.json
2016-03-23,8-K,0000913760-16-000258,2016-03-18,a8-k3rdamendmentto2013faci.htm,CIK0000913760-submissions-001.json
2016-03-24,UPLOAD,0000000000-16-069562,,filename1.pdf,CIK0000913760-submissions-001.json
2016-03-24,UPLOAD,0000000000-16-069561,,filename1.pdf,CIK0000913760-submissions-001.json
2016-04-06,CORRESP,0000913760-16-000262,,filename1.htm,CIK0000913760-submissions-001.json
2016-04-06,CORRESP,0000913760-16-000260,,filename1.htm,CIK0000913760-submissions-001.json
2016-04-14,UPLOAD,0000000000-16-072217,,filename1.pdf,CIK0000913760-submissions-001.json
2016-05-03,4,0000913760-16-000272,2016-04-29,xslF345X03/wf-form4_146231141543195.xml,CIK0000913760-submissions-001.json
2016-05-03,4,0000913760-16-000271,2016-04-29,xslF345X03/wf-form4_146231139773244.xml,CIK0000913760-submissions-001.json
2016-05-03,4,0000913760-16-000270,2016-04-29,xslF345X03/wf-form4_146231138190091.xml,CIK0000913760-submissions-001.json
2016-05-03,4,0000913760-16-000269,2016-04-29,xslF345X03/wf-form4_146231136656685.xml,CIK0000913760-submissions-001.json
2016-05-03,4,0000913760-16-000268,2016-04-29,xslF345X03/wf-form4_146231134916278.xml,CIK0000913760-submissions-001.json
2016-05-04,10-Q,0000913760-16-000278,2016-03-31,intl331201610-q.htm,CIK0000913760-submissions-001.json
2016-05-04,8-K,0000913760-16-000277,2016-05-04,a8-kq22016.htm,CIK0000913760-submissions-001.json
2016-05-11,4,0000913760-16-000280,2016-05-11,xslF345X03/wf-form4_146301175657277.xml,CIK0000913760-submissions-001.json
2016-05-16,CORRESP,0001014108-16-000448,,filename1.htm,CIK0000913760-submissions-001.json
2016-05-18,EFFECT,9999999995-16-004707,,xslEFFECTX01/primary_doc.xml,CIK0000913760-submissions-001.json
2016-06-02,4,0000913760-16-000282,2016-05-31,xslF345X03/wf-form4_146489817064700.xml,CIK0000913760-submissions-001.json
2016-06-06,4,0000913760-16-000284,2016-06-02,xslF345X03/wf-form4_146524553591581.xml,CIK0000913760-submissions-001.json
2016-06-27,8-K,0000913760-16-000286,2016-06-27,a8-kforsterneageepressrele.htm,CIK0000913760-submissions-001.json
2016-07-05,8-K,0000913760-16-000288,2016-07-05,a8-ksterneageeclosingrelea.htm,CIK0000913760-submissions-001.json
2016-07-08,8-K,0000913760-16-000290,2016-07-01,a8-ksterneageepostxclosing.htm,CIK0000913760-submissions-001.json
2016-08-02,4,0000913760-16-000301,2016-07-29,xslF345X03/wf-form4_147017011789605.xml,CIK0000913760-submissions-001.json
2016-08-02,4,0000913760-16-000300,2016-07-29,xslF345X03/wf-form4_147017009758369.xml,CIK0000913760-submissions-001.json
2016-08-02,4,0000913760-16-000299,2016-07-29,xslF345X03/wf-form4_147017007467998.xml,CIK0000913760-submissions-001.json
2016-08-02,4,0000913760-16-000298,2016-07-29,xslF345X03/wf-form4_147017005710916.xml,CIK0000913760-submissions-001.json
2016-08-02,4,0000913760-16-000297,2016-07-29,xslF345X03/wf-form4_147017003420405.xml,CIK0000913760-submissions-001.json
2016-08-02,8-K,0000913760-16-000302,2016-08-02,a8-ksterneageeaugust.htm,CIK0000913760-submissions-001.json
2016-08-03,10-Q,0000913760-16-000308,2016-06-30,intl630201610-q.htm,CIK0000913760-submissions-001.json
2016-08-03,8-K,0000913760-16-000306,2016-08-03,a8-kq32016.htm,CIK0000913760-submissions-001.json
2016-08-12,4,0000913760-16-000310,2016-08-11,xslF345X03/wf-form4_147103762979711.xml,CIK0000913760-submissions-001.json
2016-08-23,4,0000913760-16-000314,2016-08-19,xslF345X03/wf-form4_147198436042516.xml,CIK0000913760-submissions-001.json
2016-08-23,8-K,0000913760-16-000312,2016-08-18,a8-kstockrepurchasefy2017.htm,CIK0000913760-submissions-001.json
2016-08-30,4,0000913760-16-000316,2016-08-30,xslF345X03/wf-form4_147259436286924.xml,CIK0000913760-submissions-001.json
2016-09-01,4,0000913760-16-000318,2016-08-30,xslF345X03/wf-form4_147276271846882.xml,CIK0000913760-submissions-001.json
2016-09-07,4,0000913760-16-000320,2016-09-06,xslF345X03/wf-form4_147328618094889.xml,CIK0000913760-submissions-001.json
2016-09-08,8-K,0000913760-16-000322,2016-09-08,a8-koilsbrokingbusiness.htm,CIK0000913760-submissions-001.json
2016-09-16,8-K,0000913760-16-000325,2016-09-16,a8-kseniornoteredemption.htm,CIK0000913760-submissions-001.json
2016-09-19,8-K/A,0000913760-16-000328,2016-09-19,a8-kasterneageedoc.htm,CIK0000913760-submissions-001.json
2016-10-11,25-NSE,0001354457-16-000522,,xslF25X02/primary_doc.xml,CIK0000913760-submissions-001.json
2016-11-01,4,0000913760-16-000339,2016-10-31,xslF345X03/wf-form4_147803145482740.xml,CIK0000913760-submissions-001.json
2016-11-01,4,0000913760-16-000338,2016-10-31,xslF345X03/wf-form4_147803143809274.xml,CIK0000913760-submissions-001.json
2016-11-01,4,0000913760-16-000337,2016-10-31,xslF345X03/wf-form4_147803142228066.xml,CIK0000913760-submissions-001.json
2016-11-01,4,0000913760-16-000336,2016-10-31,xslF345X03/wf-form4_147803140358878.xml,CIK0000913760-submissions-001.json
2016-11-01,4,0000913760-16-000335,2016-10-31,xslF345X03/wf-form4_147803138496035.xml,CIK0000913760-submissions-001.json
2016-11-15,13F-HR,0000913760-16-000343,2016-09-30,xslForm13F_X01/primary_doc.xml,CIK0000913760-submissions-001.json
2016-11-23,4,0000913760-16-000353,2016-11-21,xslF345X03/wf-form4_147993603778301.xml,CIK0000913760-submissions-001.json
2016-11-23,4,0000913760-16-000352,2016-11-21,xslF345X03/wf-form4_147993602159085.xml,CIK0000913760-submissions-001.json
2016-11-23,4,0000913760-16-000351,2016-11-21,xslF345X03/wf-form4_147993600328573.xml,CIK0000913760-submissions-001.json
2016-11-23,4,0000913760-16-000350,2016-11-21,xslF345X03/wf-form4_147993598808405.xml,CIK0000913760-submissions-001.json
2016-12-09,SC 13G/A,0000215457-16-007178,,intl.fcstone.inc.txt,CIK0000913760-submissions-001.json
2016-12-14,10-K,0000913760-16-000359,2016-09-30,intl0930201610-k.htm,CIK0000913760-submissions-001.json
2016-12-14,8-K,0000913760-16-000357,2016-12-14,a8-kq42016.htm,CIK0000913760-submissions-001.json
2016-12-16,4,0000913760-16-000379,2016-12-14,xslF345X03/wf-form4_148192328185812.xml,CIK0000913760-submissions-001.json
2016-12-16,4,0000913760-16-000378,2016-12-14,xslF345X03/wf-form4_148192326116547.xml,CIK0000913760-submissions-001.json
2016-12-16,4,0000913760-16-000377,2016-12-14,xslF345X03/wf-form4_148192324350712.xml,CIK0000913760-submissions-001.json
2016-12-16,4,0000913760-16-000376,2016-12-14,xslF345X03/wf-form4_148192321472406.xml,CIK0000913760-submissions-001.json
2016-12-16,4,0000913760-16-000375,2016-12-14,xslF345X03/wf-form4_148192316558813.xml,CIK0000913760-submissions-001.json
2016-12-16,4,0000913760-16-000374,2016-12-14,xslF345X03/wf-form4_148192314884409.xml,CIK0000913760-submissions-001.json
2016-12-16,4,0000913760-16-000373,2016-12-14,xslF345X03/wf-form4_148192312874967.xml,CIK0000913760-submissions-001.json
2016-12-16,4,0000913760-16-000372,2016-12-14,xslF345X03/wf-form4_148192311140736.xml,CIK0000913760-submissions-001.json
2016-12-16,4,0000913760-16-000371,2016-12-14,xslF345X03/wf-form4_148192308018308.xml,CIK0000913760-submissions-001.json
2016-12-16,4,0000913760-16-000370,2016-12-14,xslF345X03/wf-form4_148192305110076.xml,CIK0000913760-submissions-001.json
2016-12-19,4,0000913760-16-000381,2016-12-16,xslF345X03/wf-form4_148218737160505.xml,CIK0000913760-submissions-001.json
2016-12-20,4,0000913760-16-000383,2016-12-19,xslF345X03/wf-form4_148226994535261.xml,CIK0000913760-submissions-001.json
2016-12-21,4,0000913760-16-000392,2016-12-19,xslF345X03/wf-form4_148235597575195.xml,CIK0000913760-submissions-001.json
2016-12-21,4,0000913760-16-000391,2016-12-19,xslF345X03/wf-form4_148235595431644.xml,CIK0000913760-submissions-001.json
2016-12-21,4,0000913760-16-000390,2016-12-21,xslF345X03/wf-form4_148235593285640.xml,CIK0000913760-submissions-001.json
2017-01-12,SC 13G/A,0000215457-17-000458,,intl.fcstone.inc.txt,CIK0000913760-submissions-001.json
2017-01-13,ARS,0000913760-17-000007,2017-01-13,a2016annualreport.htm,CIK0000913760-submissions-001.json
2017-01-13,DEF 14A,0000913760-17-000005,2017-02-23,a2017proxy.htm,CIK0000913760-submissions-001.json
2017-02-02,4,0000913760-17-000015,2017-01-31,xslF345X03/wf-form4_148607028953820.xml,CIK0000913760-submissions-001.json
2017-02-02,4,0000913760-17-000014,2017-01-31,xslF345X03/wf-form4_148607026889134.xml,CIK0000913760-submissions-001.json
2017-02-02,4,0000913760-17-000013,2017-01-31,xslF345X03/wf-form4_148607024093433.xml,CIK0000913760-submissions-001.json
2017-02-02,4,0000913760-17-000012,2017-01-31,xslF345X03/wf-form4_148607022270247.xml,CIK0000913760-submissions-001.json
2017-02-08,10-Q,0000913760-17-000021,2016-12-31,intl1231201610-q.htm,CIK0000913760-submissions-001.json
2017-02-08,8-K,0000913760-17-000018,2017-02-08,a8-kq12017.htm,CIK0000913760-submissions-001.json
2017-02-10,SC 13G/A,0000932471-17-002214,,intlfcstoneinc.htm,CIK0000913760-submissions-001.json
2017-02-13,13F-HR,0000913760-17-000028,2016-12-31,xslForm13F_X01/primary_doc.xml,CIK0000913760-submissions-001.json
2017-02-13,13F-HR/A,0000913760-17-000026,2016-09-30,xslForm13F_X01/primary_doc.xml,CIK0000913760-submissions-001.json
2017-02-27,4,0000913760-17-000045,2017-02-23,xslF345X03/wf-form4_148823021894760.xml,CIK0000913760-submissions-001.json
2017-02-27,4,0000913760-17-000044,2017-02-23,xslF345X03/wf-form4_148823020079267.xml,CIK0000913760-submissions-001.json
2017-02-27,4,0000913760-17-000043,2017-02-23,xslF345X03/wf-form4_148823018189666.xml,CIK0000913760-submissions-001.json
2017-02-27,4,0000913760-17-000042,2017-02-23,xslF345X03/wf-form4_148823015483870.xml,CIK0000913760-submissions-001.json
2017-02-27,4,0000913760-17-000041,2017-02-23,xslF345X03/wf-form4_148823013625795.xml,CIK0000913760-submissions-001.json
2017-02-27,4,0000913760-17-000040,2017-02-23,xslF345X03/wf-form4_148823011291734.xml,CIK0000913760-submissions-001.json
2017-02-27,4,0000913760-17-000039,2017-02-23,xslF345X03/wf-form4_148823008968553.xml,CIK0000913760-submissions-001.json
2017-02-27,4,0000913760-17-000038,2017-02-23,xslF345X03/wf-form4_148823006840866.xml,CIK0000913760-submissions-001.json
2017-02-27,8-K,0000913760-17-000047,2017-02-23,a8-k2017annualmeeting.htm,CIK0000913760-submissions-001.json
2017-03-03,DEFA14A,0000913760-17-000049,,a2017proxysupplemental.htm,CIK0000913760-submissions-001.json
2017-03-08,S-8,0000913760-17-000051,,s-8.htm,CIK0000913760-submissions-001.json
2017-04-19,SC 13G/A,0001214659-17-002614,,j419170sc13ga2.htm,CIK0000913760-submissions-001.json
2017-05-02,4,0000913760-17-000059,2017-04-28,xslF345X03/wf-form4_149375894837856.xml,recent
2017-05-02,4,0000913760-17-000058,2017-04-28,xslF345X03/wf-form4_149375892056841.xml,recent
2017-05-02,4,0000913760-17-000057,2017-04-28,xslF345X03/wf-form4_149375889984037.xml,recent
2017-05-02,4,0000913760-17-000056,2017-04-28,xslF345X03/wf-form4_149375887396150.xml,recent
2017-05-09,13F-HR,0000913760-17-000062,2017-03-31,xslForm13F_X01/primary_doc.xml,recent
2017-05-10,10-Q,0000913760-17-000067,2017-03-31,intl331201710-q.htm,recent
2017-05-10,8-K,0000913760-17-000066,2017-05-10,a8-kq22017.htm,recent
2017-06-01,S-8 POS,0000913760-17-000075,,s-8registrationstmtpostxef.htm,recent
2017-06-23,4,0000913760-17-000077,2017-06-21,xslF345X03/wf-form4_149825056473664.xml,recent
2017-08-01,4,0000913760-17-000085,2017-07-31,xslF345X03/wf-form4_150162207512870.xml,recent
2017-08-01,4,0000913760-17-000084,2017-07-31,xslF345X03/wf-form4_150162205694175.xml,recent
2017-08-01,4,0000913760-17-000083,2017-07-31,xslF345X03/wf-form4_150162204104577.xml,recent
2017-08-01,4,0000913760-17-000082,2017-07-31,xslF345X03/wf-form4_150162202462714.xml,recent
2017-08-07,4,0000913760-17-000088,2017-08-04,xslF345X03/wf-form4_150214037238123.xml,recent
2017-08-08,10-Q,0000913760-17-000092,2017-06-30,intl630201710-q.htm,recent
2017-08-08,8-K,0000913760-17-000090,2017-08-08,a8-kq32017.htm,recent
2017-08-21,8-K,0000913760-17-000095,2017-08-17,a8-kstockrepurchasefy2018.htm,recent
2017-08-30,4,0000913760-17-000097,2017-08-29,xslF345X03/wf-form4_150412554964445.xml,recent
2017-08-31,13F-HR,0000913760-17-000099,2017-06-30,xslForm13F_X01/primary_doc.xml,recent
2017-11-02,4,0000913760-17-000107,2017-10-31,xslF345X03/wf-form4_150965865464029.xml,recent
2017-11-02,4,0000913760-17-000106,2017-10-31,xslF345X03/wf-form4_150965863747164.xml,recent
2017-11-02,4,0000913760-17-000105,2017-10-31,xslF345X03/wf-form4_150965862087607.xml,recent
2017-11-02,4,0000913760-17-000104,2017-10-31,xslF345X03/wf-form4_150965860467357.xml,recent
2017-11-13,13F-HR,0000913760-17-000109,2017-09-30,xslForm13F_X01/primary_doc.xml,recent
2017-11-14,13F-HR/A,0000913760-17-000114,2017-09-30,xslForm13F_X01/primary_doc.xml,recent
2017-12-14,10-K,0000913760-17-000119,2017-09-30,intl0930201710-k.htm,recent
2017-12-14,8-K,0000913760-17-000117,2017-12-13,a8-kq42017.htm,recent
2017-12-18,4,0000913760-17-000135,2017-12-14,xslF345X03/wf-form4_151363708525544.xml,recent
2017-12-18,4,0000913760-17-000134,2017-12-14,xslF345X03/wf-form4_151363706944519.xml,recent
2017-12-18,4,0000913760-17-000133,2017-12-14,xslF345X03/wf-form4_151363705316431.xml,recent
2017-12-18,4,0000913760-17-000132,2017-12-14,xslF345X03/wf-form4_151363703427015.xml,recent
2017-12-18,4,0000913760-17-000131,2017-12-14,xslF345X03/wf-form4_151363701790253.xml,recent
2017-12-18,4,0000913760-17-000130,2017-12-14,xslF345X03/wf-form4_151363699906921.xml,recent
2017-12-18,4,0000913760-17-000129,2017-12-14,xslF345X03/wf-form4_151363698338450.xml,recent
2017-12-18,4,0000913760-17-000128,2017-12-14,xslF345X03/wf-form4_151363696718543.xml,recent
2017-12-21,4,0000913760-17-000137,2017-12-20,xslF345X03/wf-form4_151389050860038.xml,recent
2017-12-22,5,0000913760-17-000141,2017-09-30,xslF345X03/wf-form5_151397810016698.xml,recent
2017-12-26,4,0000913760-17-000143,2017-12-22,xslF345X03/wf-form4_151432397250414.xml,recent
2017-12-28,4,0000913760-17-000145,2017-12-27,xslF345X03/wf-form4_151449540491956.xml,recent
2017-12-29,4,0000913760-17-000147,2017-12-28,xslF345X03/wf-form4_151458229092594.xml,recent
2018-01-03,ARS,0000913760-18-000004,2017-09-30,a2017annualreport.htm,recent
2018-01-03,DEF 14A,0000913760-18-000003,2018-02-14,a2018proxy.htm,recent
2018-01-04,4,0000913760-18-000006,2018-01-02,xslF345X03/wf-form4_151510495499114.xml,recent
2018-01-18,4,0000913760-18-000008,2018-01-17,xslF345X03/wf-form4_151631143803052.xml,recent
2018-01-19,SC 13G/A,0000215457-18-001642,,us46116v1052_011718.txt,recent
2018-02-01,4,0000913760-18-000016,2018-01-31,xslF345X03/wf-form4_151752276421026.xml,recent
2018-02-01,4,0000913760-18-000015,2018-01-31,xslF345X03/wf-form4_151752274728581.xml,recent
2018-02-01,4,0000913760-18-000014,2018-01-31,xslF345X03/wf-form4_151752272949368.xml,recent
2018-02-01,4,0000913760-18-000013,2018-01-31,xslF345X03/wf-form4_151752271246967.xml,recent
2018-02-07,10-Q,0000913760-18-000022,2017-12-31,intl1231201710-q.htm,recent
2018-02-07,8-K,0000913760-18-000020,2018-02-07,a8-kq12018.htm,recent
2018-02-09,13F-HR,0001650393-18-000003,2017-12-31,xslForm13F_X01/primary_doc.xml,recent
2018-02-09,SC 13G/A,0000932471-18-004381,,intlfcstoneinc.htm,recent
2018-02-13,SC 13G,0001524408-18-000009,,SEC13GDec312017INTL.txt,recent
2018-02-16,4,0000913760-18-000038,2018-02-14,xslF345X03/wf-form4_151881598980031.xml,recent
2018-02-16,4,0000913760-18-000037,2018-02-14,xslF345X03/wf-form4_151881596930493.xml,recent
2018-02-16,4,0000913760-18-000036,2018-02-14,xslF345X03/wf-form4_151881595235989.xml,recent
2018-02-16,4,0000913760-18-000035,2018-02-14,xslF345X03/wf-form4_151881593492226.xml,recent
2018-02-16,4,0000913760-18-000034,2018-02-14,xslF345X03/wf-form4_151881591599349.xml,recent
2018-02-16,4,0000913760-18-000033,2018-02-14,xslF345X03/wf-form4_151881589243196.xml,recent
2018-02-16,4,0000913760-18-000032,2018-02-14,xslF345X03/wf-form4_151881587557950.xml,recent
2018-02-16,4,0000913760-18-000031,2018-02-14,xslF345X03/wf-form4_151881573675290.xml,recent
2018-02-16,UPLOAD,0000000000-18-005422,,filename1.pdf,recent
2018-02-20,8-K,0000913760-18-000040,2018-02-14,a8-k2018annualmeeting.htm,recent
2018-02-21,CORRESP,0000913760-18-000042,,filename1.htm,recent
2018-02-23,UPLOAD,0000000000-18-005962,,filename1.pdf,recent
2018-03-07,4,0000913760-18-000044,2018-03-06,xslF345X03/wf-form4_152045801088898.xml,recent
2018-03-08,4,0000913760-18-000046,2018-03-07,xslF345X03/wf-form4_152054657515211.xml,recent
2018-03-12,4,0000913760-18-000048,2018-03-09,xslF345X03/wf-form4_152088530384192.xml,recent
2018-03-13,4,0000913760-18-000050,2018-03-09,xslF345X03/wf-form4_152097226784958.xml,recent
2018-03-14,4,0000913760-18-000052,2018-03-13,xslF345X03/wf-form4_152106812918518.xml,recent
2018-03-15,4,0000913760-18-000054,2018-03-14,xslF345X03/wf-form4_152115295262839.xml,recent
2018-04-17,3,0000913760-18-000056,2018-04-17,xslF345X02/wf-form3_152399799916713.xml,recent
2018-04-19,13F-HR,0001650393-18-000008,2018-03-31,xslForm13F_X01/primary_doc.xml,recent
2018-05-02,4,0000913760-18-000066,2018-04-30,xslF345X03/wf-form4_152529361932020.xml,recent
2018-05-02,4,0000913760-18-000065,2018-04-30,xslF345X03/wf-form4_152529360295781.xml,recent
2018-05-02,4,0000913760-18-000064,2018-04-30,xslF345X03/wf-form4_152529358652560.xml,recent
2018-05-02,4,0000913760-18-000063,2018-04-30,xslF345X03/wf-form4_152529353491944.xml,recent
2018-05-02,4,0000913760-18-000062,2018-04-30,xslF345X03/wf-form4_152529351842819.xml,recent
2018-05-08,10-Q,0000913760-18-000072,2018-03-31,intl331201810-q.htm,recent
2018-05-08,8-K,0000913760-18-000070,2018-05-08,a8-kq22018.htm,recent
2018-05-11,4,0000913760-18-000076,2018-05-09,xslF345X03/wf-form4_152607641600739.xml,recent
2018-05-11,4,0000913760-18-000075,2018-05-09,xslF345X03/wf-form4_152607634881877.xml,recent
2018-05-15,4,0000913760-18-000078,2018-05-11,xslF345X03/wf-form4_152642656910284.xml,recent
2018-05-23,4,0000913760-18-000080,2018-05-22,xslF345X03/wf-form4_152710771712722.xml,recent
2018-06-01,4,0000913760-18-000082,2018-05-31,xslF345X03/wf-form4_152788456838471.xml,recent
2018-06-08,4,0000913760-18-000088,2018-06-06,xslF345X03/wf-form4_152849443221321.xml,recent
2018-06-08,4,0000913760-18-000087,2018-06-06,xslF345X03/wf-form4_152849440894569.xml,recent
2018-06-08,4,0000913760-18-000086,2018-06-07,xslF345X03/wf-form4_152849438290150.xml,recent
2018-06-13,4,0000913760-18-000092,2018-06-11,xslF345X03/wf-form4_152892221752603.xml,recent
2018-06-13,4,0000913760-18-000091,2018-06-13,xslF345X03/wf-form4_152892219204646.xml,recent
2018-06-14,4,0000913760-18-000094,2018-06-14,xslF345X03/wf-form4_152901035160279.xml,recent
2018-06-18,4,0000913760-18-000098,2018-06-14,xslF345X03/wf-form4_152935563600309.xml,recent
2018-06-18,4,0000913760-18-000097,2018-06-14,xslF345X03/wf-form4_152935559958041.xml,recent
2018-06-27,4,0000913760-18-000100,2018-06-26,xslF345X03/wf-form4_153013152623453.xml,recent
2018-07-02,4,0000913760-18-000102,2018-06-29,xslF345X03/wf-form4_153056389848903.xml,recent
2018-07-05,4,0000913760-18-000104,2018-07-02,xslF345X03/wf-form4_153082330978530.xml,recent
2018-07-19,4,0000913760-18-000108,2018-07-18,xslF345X03/wf-form4_153203361035679.xml,recent
2018-07-19,4,0000913760-18-000107,2018-07-18,xslF345X03/wf-form4_153203357916960.xml,recent
2018-07-23,13F-HR,0000913760-18-000110,2018-06-30,xslForm13F_X01/primary_doc.xml,recent
2018-08-02,4,0000913760-18-000120,2018-07-31,xslF345X03/wf-form4_153324276299002.xml,recent
2018-08-02,4,0000913760-18-000119,2018-07-31,xslF345X03/wf-form4_153324273979095.xml,recent
2018-08-02,4,0000913760-18-000118,2018-07-31,xslF345X03/wf-form4_153324271684222.xml,recent
2018-08-02,4,0000913760-18-000117,2018-07-31,xslF345X03/wf-form4_153324269237129.xml,recent
2018-08-02,4,0000913760-18-000116,2018-07-31,xslF345X03/wf-form4_153324266946141.xml,recent
2018-08-06,10-Q,0000913760-18-000126,2018-06-30,intl630201810-q.htm,recent
2018-08-06,8-K,0000913760-18-000125,2018-08-06,a8-kq32018.htm,recent
2018-09-12,8-K,0000913760-18-000128,2018-09-07,a8-kfor2018directorappoint.htm,recent
2018-10-03,13F-HR,0000913760-18-000130,2018-09-30,xslForm13F_X01/primary_doc.xml,recent
2018-10-22,8-K,0000913760-18-000132,2018-10-22,a8-kforseniorsecurednotesx.htm,recent
2018-10-30,8-K,0000913760-18-000134,2018-10-30,a8-kforseniorsecurednotesw.htm,recent
2018-11-02,3,0000913760-18-000144,2018-10-31,xslF345X02/wf-form3_154118946653125.xml,recent
2018-11-02,4,0000913760-18-000146,2018-10-31,xslF345X03/wf-form4_154118954729925.xml,recent
2018-11-02,4,0000913760-18-000145,2018-10-31,xslF345X03/wf-form4_154118951037623.xml,recent
2018-11-02,4,0000913760-18-000143,2018-10-31,xslF345X03/wf-form4_154118942355300.xml,recent
2018-11-02,4,0000913760-18-000142,2018-10-31,xslF345X03/wf-form4_154118938094869.xml,recent
2018-11-02,4,0000913760-18-000141,2018-10-31,xslF345X03/wf-form4_154118933909549.xml,recent
2018-11-28,8-K,0000913760-18-000151,2018-11-27,a8-kiff2018stmtoffincond.htm,recent
2018-12-11,8-K,0000913760-18-000155,2018-12-11,a8-kq42018.htm,recent
2018-12-12,10-K,0000913760-18-000157,2018-09-30,intl0930201810-k.htm,recent
2018-12-17,4,0000913760-18-000173,2018-12-14,xslF345X03/wf-form4_154509512058173.xml,recent
2018-12-17,4,0000913760-18-000172,2018-12-14,xslF345X03/wf-form4_154509508763640.xml,recent
2018-12-17,4,0000913760-18-000171,2018-12-14,xslF345X03/wf-form4_154509505404840.xml,recent
2018-12-17,4,0000913760-18-000170,2018-12-14,xslF345X03/wf-form4_154509502122394.xml,recent
2018-12-17,4,0000913760-18-000169,2018-12-14,xslF345X03/wf-form4_154509498712638.xml,recent
2018-12-17,4,0000913760-18-000168,2018-12-14,xslF345X03/wf-form4_154509495309594.xml,recent
2018-12-17,4,0000913760-18-000167,2018-12-14,xslF345X03/wf-form4_154509492010509.xml,recent
2018-12-17,4,0000913760-18-000166,2018-12-14,xslF345X03/wf-form4_154509487471462.xml,recent
2018-12-21,4,0000913760-18-000175,2018-12-20,xslF345X03/wf-form4_154542789072962.xml,recent
2019-01-03,ARS,0000913760-19-000004,2018-09-30,a2018annualreport.htm,recent
2019-01-03,DEF 14A,0000913760-19-000003,2019-02-13,intlfcstoneinc2019proxy.htm,recent
2019-01-15,13F-HR,0000913760-19-000006,2018-12-31,xslForm13F_X01/primary_doc.xml,recent
2019-01-28,SC 13G/A,0000215457-19-001618,,us46116v1052_012819.txt,recent
2019-02-04,4,0000913760-19-000016,2019-01-31,xslF345X03/wf-form4_154931542894497.xml,recent
2019-02-04,4,0000913760-19-000015,2019-01-31,xslF345X03/wf-form4_154931539337379.xml,recent
2019-02-04,4,0000913760-19-000014,2019-01-31,xslF345X03/wf-form4_154931535519149.xml,recent
2019-02-04,4,0000913760-19-000013,2019-01-31,xslF345X03/wf-form4_154931531767142.xml,recent
2019-02-04,4,0000913760-19-000012,2019-01-31,xslF345X03/wf-form4_154931527882585.xml,recent
2019-02-06,8-K,0000913760-19-000020,2019-02-06,a8-k2019q1.htm,recent
2019-02-07,10-Q,0000913760-19-000022,2018-12-31,intl1231201810-q.htm,recent
2019-02-11,SC 13G,0001524408-19-000008,,SEC13GDec312018INTL.txt,recent
2019-02-15,4,0000913760-19-000054,2019-02-13,xslF345X03/wf-form4_155026746898009.xml,recent
2019-02-15,4,0000913760-19-000053,2019-02-13,xslF345X03/wf-form4_155026743697644.xml,recent
2019-02-15,4,0000913760-19-000052,2019-02-13,xslF345X03/wf-form4_155026740593603.xml,recent
2019-02-15,4,0000913760-19-000051,2019-02-13,xslF345X03/wf-form4_155026737302488.xml,recent
2019-02-15,4,0000913760-19-000050,2019-02-13,xslF345X03/wf-form4_155026734062723.xml,recent
2019-02-15,4,0000913760-19-000049,2019-02-13,xslF345X03/wf-form4_155026730403663.xml,recent
2019-02-15,4,0000913760-19-000048,2019-02-13,xslF345X03/wf-form4_155026726146485.xml,recent
2019-02-15,4,0000913760-19-000040,2019-02-13,xslF345X03/wf-form4_155026663767039.xml,recent
2019-02-15,4,0000913760-19-000039,2019-02-13,xslF345X03/wf-form4_155026660431663.xml,recent
2019-02-15,4,0000913760-19-000038,2019-02-13,xslF345X03/wf-form4_155026657296061.xml,recent
2019-02-15,4,0000913760-19-000037,2019-02-13,xslF345X03/wf-form4_155026654040519.xml,recent
2019-02-15,4,0000913760-19-000036,2019-02-13,xslF345X03/wf-form4_155026650897341.xml,recent
2019-02-15,4,0000913760-19-000035,2019-02-13,xslF345X03/wf-form4_155026647720020.xml,recent
2019-02-15,4,0000913760-19-000034,2019-02-13,xslF345X03/wf-form4_155026644558524.xml,recent
2019-02-15,4,0000913760-19-000033,2019-02-13,xslF345X03/wf-form4_155026641366519.xml,recent
2019-02-15,8-K,0000913760-19-000024,2019-02-13,a8-k2019annualmeeting.htm,recent
2019-02-22,S-8,0000913760-19-000057,,s-82019febintl.htm,recent
2019-02-27,8-K,0000913760-19-000059,2019-02-22,a8-k2019creditfacility.htm,recent
2019-03-29,4,0000913760-19-000061,2019-03-28,xslF345X03/wf-form4_155389103591179.xml,recent
2019-04-05,13F-HR,0000913760-19-000063,2019-03-31,xslForm13F_X01/primary_doc.xml,recent
2019-05-02,4,0000913760-19-000073,2019-04-30,xslF345X03/wf-form4_155682931106909.xml,recent
2019-05-02,4,0000913760-19-000072,2019-04-30,xslF345X03/wf-form4_155682926803548.xml,recent
2019-05-02,4,0000913760-19-000071,2019-04-30,xslF345X03/wf-form4_155682922481823.xml,recent
2019-05-02,4,0000913760-19-000070,2019-04-30,xslF345X03/wf-form4_155682918037170.xml,recent
2019-05-02,4,0000913760-19-000069,2019-04-30,xslF345X03/wf-form4_155682913524678.xml,recent
2019-05-07,8-K,0000913760-19-000076,2019-05-07,a8-k2019q2.htm,recent
2019-05-09,10-Q,0000913760-19-000080,2019-03-31,intl0331201910-q.htm,recent
2019-05-09,S-3,0000913760-19-000083,,s-3may2019.htm,recent
2019-05-15,UPLOAD,0000000000-19-008525,,filename1.pdf,recent
2019-05-28,CORRESP,0000913760-19-000085,,filename1.htm,recent
2019-05-30,EFFECT,9999999995-19-001227,,xslEFFECTX01/primary_doc.xml,recent
2019-07-12,13F-HR,0000913760-19-000087,2019-06-30,xslForm13F_X01/primary_doc.xml,recent
2019-07-17,13F-HR/A,0000913760-19-000090,2019-06-30,xslForm13F_X01/primary_doc.xml,recent
2019-08-02,4,0000913760-19-000102,2019-07-31,xslF345X03/wf-form4_156477658621898.xml,recent
2019-08-02,4,0000913760-19-000101,2019-07-31,xslF345X03/wf-form4_156477656722649.xml,recent
2019-08-02,4,0000913760-19-000100,2019-07-31,xslF345X03/wf-form4_156477654896681.xml,recent
2019-08-02,4,0000913760-19-000099,2019-07-31,xslF345X03/wf-form4_156477652998388.xml,recent
2019-08-02,4,0000913760-19-000098,2019-07-31,xslF345X03/wf-form4_156477650991702.xml,recent
2019-08-08,8-K,0000913760-19-000107,2019-08-08,a8-k2019q3.htm,recent
2019-08-09,10-Q,0000913760-19-000110,2019-06-30,intl0630201910-q.htm,recent
2019-08-14,8-K,0000913760-19-000112,2019-08-13,a8-kxstockrepurchasefdxaug.htm,recent
2019-08-20,4,0000913760-19-000114,2019-08-19,xslF345X03/wf-form4_156633340241594.xml,recent
2019-08-27,4,0000913760-19-000118,2019-08-23,xslF345X03/wf-form4_156695121595561.xml,recent
2019-08-27,4,0000913760-19-000116,2019-08-27,xslF345X03/wf-form4_156693851094642.xml,recent
2019-09-12,4,0000913760-19-000120,2019-09-11,xslF345X03/wf-form4_156832000555996.xml,recent
2019-09-18,4,0000913760-19-000122,2019-09-17,xslF345X03/wf-form4_156884075025509.xml,recent
2019-11-04,4,0000913760-19-000132,2019-10-31,xslF345X03/wf-form4_157287410698160.xml,recent
2019-11-04,4,0000913760-19-000131,2019-10-31,xslF345X03/wf-form4_157287408769899.xml,recent
2019-11-04,4,0000913760-19-000130,2019-10-31,xslF345X03/wf-form4_157287406874437.xml,recent
2019-11-04,4,0000913760-19-000129,2019-10-31,xslF345X03/wf-form4_157287404998664.xml,recent
2019-11-04,4,0000913760-19-000128,2019-10-31,xslF345X03/wf-form4_157287402779224.xml,recent
2019-11-12,13F-HR,0000913760-19-000134,2019-09-30,xslForm13F_X01/primary_doc.xml,recent
2019-12-11,8-K,0000913760-19-000139,2019-12-11,a8-k2019q4.htm,recent
2019-12-12,10-K,0000913760-19-000141,2019-09-30,intl0930201910-k.htm,recent
2019-12-17,4,0000913760-19-000157,2019-12-13,xslF345X03/wf-form4_157661846414680.xml,recent
2019-12-17,4,0000913760-19-000156,2019-12-13,xslF345X03/wf-form4_157661844301520.xml,recent
2019-12-17,4,0000913760-19-000155,2019-12-13,xslF345X03/wf-form4_157661841956131.xml,recent
2019-12-17,4,0000913760-19-000154,2019-12-13,xslF345X03/wf-form4_157661839940443.xml,recent
2019-12-17,4,0000913760-19-000153,2019-12-13,xslF345X03/wf-form4_157661837812404.xml,recent
2019-12-17,4,0000913760-19-000152,2019-12-13,xslF345X03/wf-form4_157661835479528.xml,recent
2019-12-17,4,0000913760-19-000151,2019-12-13,xslF345X03/wf-form4_157661833323111.xml,recent
2019-12-17,4,0000913760-19-000150,2019-12-13,xslF345X03/wf-form4_157661831177081.xml,recent
2019-12-18,4,0000913760-19-000159,2019-12-16,xslF345X03/wf-form4_157670772476453.xml,recent
2019-12-19,4,0000913760-19-000161,2019-12-17,xslF345X03/wf-form4_157679248021871.xml,recent
2020-01-10,4,0000913760-20-000002,2020-01-08,xslF345X03/wf-form4_157869095494552.xml,recent
2020-01-17,ARS,0000913760-20-000006,2019-09-30,a2019annualreport.htm,recent
2020-01-17,DEF 14A,0000913760-20-000005,2020-02-26,intlfcstoneinc2020proxy.htm,recent
2020-01-23,4,0000913760-20-000008,2020-01-22,xslF345X03/wf-form4_157981604523966.xml,recent
2020-01-24,13F-HR,0000913760-20-000010,2019-12-31,xslForm13F_X01/primary_doc.xml,recent
2020-02-04,4,0000913760-20-000020,2020-01-31,xslF345X03/wf-form4_158085213870428.xml,recent
2020-02-04,4,0000913760-20-000019,2020-01-31,xslF345X03/wf-form4_158085211810813.xml,recent
2020-02-04,4,0000913760-20-000018,2020-01-31,xslF345X03/wf-form4_158085209816902.xml,recent
2020-02-04,4,0000913760-20-000017,2020-01-31,xslF345X03/wf-form4_158085207653972.xml,recent
2020-02-04,4,0000913760-20-000016,2020-01-31,xslF345X03/wf-form4_158085205687322.xml,recent
2020-02-04,SC 13G/A,0000834237-20-002281,,us46116v1052_020320.txt,recent
2020-02-05,10-Q,0000913760-20-000025,2019-12-31,intl1231201910-qq1.htm,recent
2020-02-05,8-K,0000913760-20-000023,2020-02-05,a8-k2020q1.htm,recent
2020-02-11,SC 13G,0001104659-20-016491,,tv0185-intlfcstoneinc.htm,recent
2020-02-21,4,0000913760-20-000027,2020-02-19,xslF345X03/wf-form4_158231922484653.xml,recent
2020-02-27,8-K,0000913760-20-000031,2020-02-27,a8-kgainacquisitionagreeme.htm,recent
2020-02-27,8-K,0000913760-20-000029,2020-02-27,a8-kgainacquisitonprinvdeck.htm,recent
2020-02-28,4,0000913760-20-000045,2020-02-26,xslF345X03/wf-form4_158293184120280.xml,recent
2020-02-28,4,0000913760-20-000044,2020-02-26,xslF345X03/wf-form4_158293182036323.xml,recent
2020-02-28,4,0000913760-20-000043,2020-02-26,xslF345X03/wf-form4_158293179889017.xml,recent
2020-02-28,4,0000913760-20-000042,2020-02-26,xslF345X03/wf-form4_158293175749378.xml,recent
2020-02-28,4,0000913760-20-000041,2020-02-26,xslF345X03/wf-form4_158293173514258.xml,recent
2020-02-28,4,0000913760-20-000040,2020-02-26,xslF345X03/wf-form4_158293171573394.xml,recent
2020-02-28,4,0000913760-20-000039,2020-02-26,xslF345X03/wf-form4_158293169445678.xml,recent
2020-03-03,8-K,0000913760-20-000047,2020-02-26,a8-k2020annualmeeting.htm,recent
2020-03-04,8-K,0000913760-20-000049,2020-02-27,a8-kfor2020directorappoint.htm,recent
2020-03-09,SC 13D,0000913760-20-000052,,sch13dintlgain.htm,recent
2020-03-12,4,0000913760-20-000054,2020-03-10,xslF345X03/wf-form4_158404710942404.xml,recent
2020-04-30,13F-HR,0000913760-20-000056,2020-03-31,xslForm13F_X01/primary_doc.xml,recent
2020-05-07,10-Q,0000913760-20-000062,2020-03-31,intl331202010-qq2.htm,recent
2020-05-07,8-K,0000913760-20-000060,2020-05-06,a8-k2020q2.htm,recent
2020-05-08,8-K,0000913760-20-000064,2020-05-08,a8-kintlebitdarecon.htm,recent
2020-05-11,5,0000913760-20-000074,2019-09-30,xslF345X03/wf-form5_158922953567441.xml,recent
2020-05-11,5,0000913760-20-000073,2019-09-30,xslF345X03/wf-form5_158922951498757.xml,recent
2020-05-11,5,0000913760-20-000072,2019-09-30,xslF345X03/wf-form5_158922949286243.xml,recent
2020-05-11,5,0000913760-20-000071,2019-09-30,xslF345X03/wf-form5_158922947218711.xml,recent
2020-05-11,5,0000913760-20-000070,2019-09-30,xslF345X03/wf-form5_158922945142027.xml,recent
2020-05-14,DEF 14A,0000913760-20-000076,2020-06-24,a2020specialmeetingproxy.htm,recent
2020-05-21,3,0000913760-20-000078,2020-02-27,xslF345X02/wf-form3_159009574569679.xml,recent
2020-05-26,8-K,0000913760-20-000080,2020-05-26,a8-kintlpfforom_may2020.htm,recent
2020-06-01,8-K,0000913760-20-000084,2020-06-01,form8-kompricing_05282020.htm,recent
2020-06-05,4,0000913760-20-000088,2020-06-03,xslF345X03/wf-form4_159139063656249.xml,recent
2020-06-05,4,0000913760-20-000087,2020-06-04,xslF345X03/wf-form4_159139061652463.xml,recent
2020-06-08,4,0000913760-20-000090,2020-06-05,xslF345X03/wf-form4_159165016884446.xml,recent
2020-06-10,4,0000913760-20-000094,2020-06-08,xslF345X03/wf-form4_159182229232519.xml,recent
2020-06-10,4,0000913760-20-000093,2020-06-08,xslF345X03/wf-form4_159182226744136.xml,recent
2020-06-11,8-K,0000913760-20-000097,2020-06-11,a8-komclosing_06112020.htm,recent
2020-06-24,8-K,0000913760-20-000099,2020-06-24,a2020specialmeeting8-k.htm,recent
2020-07-08,4,0000913760-20-000105,2020-07-06,xslF345X03/wf-form4_159423925254412.xml,recent
2020-07-08,4,0000913760-20-000104,2020-07-06,xslF345X03/wf-form4_159423923761781.xml,recent
2020-07-31,8-K,0000913760-20-000107,2020-07-31,a8-kgainacquisitionclosing.htm,recent
2020-08-04,3,0000913760-20-000129,2020-08-03,xslF345X02/wf-form3_159658536097226.xml,recent
2020-08-04,3,0000913760-20-000128,2020-08-03,xslF345X02/wf-form3_159658531876519.xml,recent
2020-08-04,4,0000913760-20-000125,2020-07-31,xslF345X03/wf-form4_159658516833590.xml,recent
2020-08-04,4,0000913760-20-000124,2020-07-31,xslF345X03/wf-form4_159658510912687.xml,recent
2020-08-04,4,0000913760-20-000123,2020-07-31,xslF345X03/wf-form4_159658505591724.xml,recent
2020-08-04,4,0000913760-20-000122,2020-07-31,xslF345X03/wf-form4_159658496484413.xml,recent
2020-08-04,4,0000913760-20-000121,2020-07-31,xslF345X03/wf-form4_159658484782174.xml,recent
2020-08-06,8-K,0000913760-20-000134,2020-08-06,a8-k2020q3.htm,recent
2020-08-07,10-Q,0000913760-20-000136,2020-06-30,intl630202010-qq3.htm,recent
2020-08-12,13F-HR,0000913760-20-000138,2020-06-30,xslForm13F_X01/primary_doc.xml,recent
2020-08-13,4,0000913760-20-000140,2020-08-11,xslF345X03/wf-form4_159735134901411.xml,recent
2020-08-19,8-K,0000913760-20-000143,2020-08-19,a8-k08192020investorpr.htm,recent
2020-08-26,4,0000913760-20-000145,2020-08-25,xslF345X03/wf-form4_159847347838708.xml,recent
2020-09-01,4,0000913760-20-000147,2020-08-28,xslF345X03/wf-form4_159899230223018.xml,recent
2020-10-01,4,0000913760-20-000151,2020-09-29,xslF345X03/wf-form4_160158419798413.xml,recent
2020-10-01,4,0000913760-20-000150,2020-10-01,xslF345X03/wf-form4_160158418141226.xml,recent
2020-10-07,4,0000913760-20-000153,2020-10-05,xslF345X03/wf-form4_160210340785958.xml,recent
2020-10-09,4,0000913760-20-000155,2020-10-07,xslF345X03/wf-form4_160227622554633.xml,recent
2020-10-13,4,0000913760-20-000160,2020-10-09,xslF345X03/wf-form4_160262172174325.xml,recent
2020-10-13,8-K/A,0000913760-20-000158,2020-10-13,a8-kgainproformas.htm,recent
2020-10-15,4,0000913760-20-000164,2020-10-13,xslF345X03/wf-form4_160279507797809.xml,recent
2020-10-15,4,0000913760-20-000163,2020-10-14,xslF345X03/wf-form4_160279506039210.xml,recent
2020-10-19,4,0000913760-20-000166,2020-10-16,xslF345X03/wf-form4_160314122258630.xml,recent
2020-10-23,4,0000913760-20-000168,2020-10-22,xslF345X03/wf-form4_160348713730232.xml,recent
2020-11-03,4,0000913760-20-000178,2020-10-30,xslF345X03/wf-form4_160443857724517.xml,recent
2020-11-03,4,0000913760-20-000177,2020-10-30,xslF345X03/wf-form4_160443855924291.xml,recent
2020-11-03,4,0000913760-20-000176,2020-10-30,xslF345X03/wf-form4_160443854052423.xml,recent
2020-11-03,4,0000913760-20-000175,2020-10-30,xslF345X03/wf-form4_160443852409859.xml,recent
2020-11-03,4,0000913760-20-000174,2020-10-30,xslF345X03/wf-form4_160443850668584.xml,recent
2020-11-12,13F-HR,0000913760-20-000180,2020-09-30,xslForm13F_X01/primary_doc.xml,recent
2020-11-12,4,0000913760-20-000182,2020-11-10,xslF345X03/wf-form4_160521717158651.xml,recent
2020-11-13,4,0000913760-20-000184,2020-11-11,xslF345X03/wf-form4_160530295815540.xml,recent
2020-11-18,4,0000913760-20-000186,2020-11-16,xslF345X03/wf-form4_160574062460605.xml,recent
2020-11-25,4,0000913760-20-000190,2020-11-24,xslF345X03/wf-form4_160634007877782.xml,recent
2020-11-25,4,0000913760-20-000189,2020-11-24,xslF345X03/wf-form4_160634006153300.xml,recent
2020-12-08,4,0000913760-20-000192,2020-12-04,xslF345X03/wf-form4_160746245033160.xml,recent
2020-12-09,8-K,0000913760-20-000196,2020-12-09,intl-20201209.htm,recent
2020-12-11,4,0000913760-20-000198,2020-12-09,xslF345X03/wf-form4_160772444298088.xml,recent
2020-12-14,10-K,0000913760-20-000206,2020-09-30,intl-20200930.htm,recent
2020-12-16,4,0000913760-20-000228,2020-12-14,xslF345X03/wf-form4_160816062914387.xml,recent
2020-12-16,4,0000913760-20-000226,2020-12-14,xslF345X03/wf-form4_160815964266220.xml,recent
2020-12-16,4,0000913760-20-000225,2020-12-14,xslF345X03/wf-form4_160815962602300.xml,recent
2020-12-16,4,0000913760-20-000224,2020-12-14,xslF345X03/wf-form4_160815960544164.xml,recent
2020-12-16,4,0000913760-20-000223,2020-12-14,xslF345X03/wf-form4_160815958601085.xml,recent
2020-12-16,4,0000913760-20-000222,2020-12-14,xslF345X03/wf-form4_160815956628368.xml,recent
2020-12-16,4,0000913760-20-000221,2020-12-14,xslF345X03/wf-form4_160815954982378.xml,recent
2020-12-16,4,0000913760-20-000220,2020-12-14,xslF345X03/wf-form4_160815953388939.xml,recent
2020-12-16,4,0000913760-20-000219,2020-12-14,xslF345X03/wf-form4_160815951771827.xml,recent
2020-12-16,4,0000913760-20-000218,2020-12-14,xslF345X03/wf-form4_160815950201889.xml,recent
2020-12-16,4,0000913760-20-000217,2020-12-15,xslF345X03/wf-form4_160815947310502.xml,recent
2020-12-18,4,0000913760-20-000230,2020-12-17,xslF345X03/wf-form4_160832672081483.xml,recent
2020-12-22,8-K,0000913760-20-000234,2020-12-16,intl-20201216.htm,recent
2020-12-28,4,0000913760-20-000236,2020-12-23,xslF345X03/wf-form4_160916507247648.xml,recent
2021-01-15,ARS,0000913760-21-000007,2020-09-30,a2020annualreport.htm,recent
2021-01-15,DEF 14A,0000913760-21-000005,2021-01-15,a2021proxy.htm,recent
2021-01-19,4,0000913760-21-000009,2021-01-15,xslF345X03/wf-form4_161109220517459.xml,recent
2021-01-26,SC 13G/A,0000834237-21-001201,,us8618961085_012621.txt,recent
2021-02-02,4,0000913760-21-000019,2021-01-29,xslF345X03/wf-form4_161230327714075.xml,recent
2021-02-02,4,0000913760-21-000018,2021-01-29,xslF345X03/wf-form4_161230321256875.xml,recent
2021-02-02,4,0000913760-21-000017,2021-01-29,xslF345X03/wf-form4_161230318265832.xml,recent
2021-02-02,4,0000913760-21-000016,2021-01-29,xslF345X03/wf-form4_161230315224227.xml,recent
2021-02-02,4,0000913760-21-000015,2021-01-29,xslF345X03/wf-form4_161230310587850.xml,recent
2021-02-03,13F-HR,0000913760-21-000021,2020-12-31,xslForm13F_X01/primary_doc.xml,recent
2021-02-08,10-Q,0000913760-21-000027,2020-12-31,intl-20201231.htm,recent
2021-02-08,8-K,0000913760-21-000025,2021-02-08,intl-20210208.htm,recent
2021-02-10,SC 13G/A,0001104659-21-019159,,tv01901-stonexgroupinc.htm,recent
2021-02-12,SC 13G,0001635236-21-000007,,snex13g1.txt,recent
2021-02-24,4,0000913760-21-000029,2021-02-22,xslF345X03/wf-form4_161420442700536.xml,recent
2021-02-26,4,0000913760-21-000045,2021-02-25,xslF345X03/wf-form4_161437597193324.xml,recent
2021-02-26,4,0000913760-21-000044,2021-02-25,xslF345X03/wf-form4_161437591932552.xml,recent
2021-02-26,4,0000913760-21-000043,2021-02-25,xslF345X03/wf-form4_161437587137404.xml,recent
2021-02-26,4,0000913760-21-000042,2021-02-25,xslF345X03/wf-form4_161437579951921.xml,recent
2021-02-26,4,0000913760-21-000041,2021-02-25,xslF345X03/wf-form4_161437574770891.xml,recent
2021-02-26,4,0000913760-21-000040,2021-02-25,xslF345X03/wf-form4_161437570756090.xml,recent
2021-02-26,4,0000913760-21-000039,2021-02-25,xslF345X03/wf-form4_161437562949000.xml,recent
2021-02-26,4,0000913760-21-000038,2021-02-25,xslF345X03/wf-form4_161437559397447.xml,recent
2021-03-02,8-K,0000913760-21-000048,2021-02-25,a8k2021annualmeeting.htm,recent
2021-03-16,4,0000913760-21-000052,2021-03-15,xslF345X03/wf-form4_161593167427753.xml,recent
2021-03-16,4,0000913760-21-000050,2021-03-12,xslF345X03/wf-form4_161592564694125.xml,recent
2021-03-18,4,0000913760-21-000054,2021-03-16,xslF345X03/wf-form4_161609997321163.xml,recent
2021-03-19,4,0000913760-21-000056,2021-03-17,xslF345X03/wf-form4_161618464476395.xml,recent
2021-03-22,4,0000913760-21-000058,2021-03-18,xslF345X03/wf-form4_161644458954329.xml,recent
2021-03-30,4,0000913760-21-000060,2021-03-29,xslF345X03/wf-form4_161714090615217.xml,recent
2021-05-04,4,0000913760-21-000070,2021-04-30,xslF345X03/wf-form4_162016003578853.xml,recent
2021-05-04,4,0000913760-21-000069,2021-04-30,xslF345X03/wf-form4_162015999432764.xml,recent
2021-05-04,4,0000913760-21-000068,2021-04-30,xslF345X03/wf-form4_162015995605895.xml,recent
2021-05-04,4,0000913760-21-000067,2021-04-30,xslF345X03/wf-form4_162015990469246.xml,recent
2021-05-04,4,0000913760-21-000066,2021-04-30,xslF345X03/wf-form4_162015987259395.xml,recent
2021-05-10,10-Q,0000913760-21-000077,2021-03-31,intl-20210331.htm,recent
2021-05-10,8-K,0000913760-21-000075,2021-05-10,intl-20210510.htm,recent
2021-05-14,3,0000913760-21-000080,2021-05-14,xslF345X02/wf-form3_162102422215031.xml,recent
2021-05-14,4,0000913760-21-000081,2021-05-12,xslF345X03/wf-form4_162102424497719.xml,recent
2021-05-17,4,0000913760-21-000085,2021-05-13,xslF345X03/wf-form4_162128375497762.xml,recent
2021-05-17,4,0000913760-21-000084,2021-05-13,xslF345X03/wf-form4_162128372085514.xml,recent
2021-05-20,4,0000913760-21-000095,2021-05-18,xslF345X03/wf-form4_162156084204234.xml,recent
2021-05-20,4,0000913760-21-000087,2021-05-18,xslF345X03/wf-form4_162154636082154.xml,recent
2021-05-20,4/A,0000913760-21-000096,2021-05-12,xslF345X03/wf-form4a_162156085986819.xml,recent
2021-05-20,5,0000913760-21-000097,2020-09-30,xslF345X03/wf-form5_162156087722298.xml,recent
2021-05-24,4,0000913760-21-000100,2021-05-20,xslF345X03/wf-form4_162189107425144.xml,recent
2021-05-25,4,0000913760-21-000103,2021-05-21,xslF345X03/wf-form4_162197414799227.xml,recent
2021-05-25,8-K,0000913760-21-000101,2021-05-21,intl-20210521.htm,recent
2021-06-17,4,0000913760-21-000105,2021-06-15,xslF345X03/wf-form4_162396507249916.xml,recent
2021-06-22,8-K,0000913760-21-000107,2021-06-18,intl-20210618.htm,recent
2021-06-23,13F-HR,0000913760-21-000109,2021-03-31,xslForm13F_X01/primary_doc.xml,recent
2021-06-30,13F-HR/A,0000913760-21-000112,2021-03-31,xslForm13F_X01/primary_doc.xml,recent
2021-07-29,4,0000913760-21-000115,2021-07-27,xslF345X03/wf-form4_162758974701334.xml,recent
2021-08-03,4,0000913760-21-000125,2021-07-30,xslF345X03/wf-form4_162802207220061.xml,recent
2021-08-03,4,0000913760-21-000124,2021-07-30,xslF345X03/wf-form4_162802201023094.xml,recent
2021-08-03,4,0000913760-21-000123,2021-07-30,xslF345X03/wf-form4_162802196332653.xml,recent
2021-08-03,4,0000913760-21-000122,2021-07-30,xslF345X03/wf-form4_162802188833853.xml,recent
2021-08-03,4,0000913760-21-000121,2021-07-30,xslF345X03/wf-form4_162802183620190.xml,recent
2021-08-06,13F-HR,0000913760-21-000127,2021-06-30,xslForm13F_X01/primary_doc.xml,recent
2021-08-09,10-Q,0000913760-21-000132,2021-06-30,intl-20210630.htm,recent
2021-08-09,8-K,0000913760-21-000131,2021-08-09,intl-20210809.htm,recent
2021-08-30,8-K,0000913760-21-000135,2021-08-25,intl-20210825.htm,recent
2021-09-01,4,0000913760-21-000137,2021-08-31,xslF345X03/wf-form4_163053169622395.xml,recent
2021-09-02,4,0000913760-21-000139,2021-08-31,xslF345X03/wf-form4_163061333872145.xml,recent
2021-09-13,4,0000913760-21-000141,2021-09-09,xslF345X03/wf-form4_163156422561437.xml,recent
2021-09-16,4/A,0000913760-21-000143,2021-09-09,xslF345X03/wf-form4a_163182445933070.xml,recent
2021-09-27,4,0000913760-21-000145,2021-09-24,xslF345X03/wf-form4_163278051414976.xml,recent
2021-10-05,4,0000913760-21-000147,2021-10-01,xslF345X03/wf-form4_163347054825423.xml,recent
2021-10-06,8-K,0000913760-21-000150,2021-10-01,intl-20211001.htm,recent
2021-10-07,4,0000913760-21-000152,2021-10-05,xslF345X03/wf-form4_163364087449361.xml,recent
2021-10-12,4,0000913760-21-000156,2021-10-08,xslF345X03/wf-form4_163407333728236.xml,recent
2021-10-12,4,0000913760-21-000154,2021-10-07,xslF345X03/wf-form4_163406960057700.xml,recent
2021-10-14,4,0000913760-21-000158,2021-10-12,xslF345X03/wf-form4_163424438667175.xml,recent
2021-10-18,4,0000913760-21-000160,2021-10-14,xslF345X03/wf-form4_163459032708799.xml,recent
2021-10-20,13F-HR,0000913760-21-000163,2021-09-30,xslForm13F_X01/primary_doc.xml,recent
2021-10-20,4,0000913760-21-000165,2021-10-18,xslF345X03/wf-form4_163476195611718.xml,recent
2021-10-25,4,0000913760-21-000167,2021-10-21,xslF345X03/wf-form4_163519303678764.xml,recent
2021-10-27,4,0000913760-21-000169,2021-10-26,xslF345X03/wf-form4_163536636233583.xml,recent
2021-11-02,3,0000913760-21-000181,2021-10-29,xslF345X02/wf-form3_163588372963756.xml,recent
2021-11-02,4,0000913760-21-000180,2021-10-29,xslF345X03/wf-form4_163588368973099.xml,recent
2021-11-02,4,0000913760-21-000179,2021-10-29,xslF345X03/wf-form4_163588365933752.xml,recent
2021-11-02,4,0000913760-21-000178,2021-10-29,xslF345X03/wf-form4_163588363804955.xml,recent
2021-11-02,4,0000913760-21-000177,2021-10-29,xslF345X03/wf-form4_163588360620230.xml,recent
2021-11-02,4,0000913760-21-000176,2021-10-29,xslF345X03/wf-form4_163588359109288.xml,recent
2021-11-05,4,0000913760-21-000183,2021-11-03,xslF345X03/wf-form4_163614436997955.xml,recent
2021-11-29,10-K,0000913760-21-000189,2021-09-30,intl-20210930.htm,recent
2021-11-29,8-K,0000913760-21-000187,2021-11-29,intl-20211129.htm,recent
2021-12-06,4,0000913760-21-000193,2021-12-02,xslF345X03/wf-form4_163882741786124.xml,recent
2021-12-06,4,0000913760-21-000192,2021-12-02,xslF345X03/wf-form4_163882739765606.xml,recent
2021-12-07,4,0000913760-21-000195,2021-12-03,xslF345X03/wf-form4_163891343098614.xml,recent
2021-12-08,4,0000913760-21-000197,2021-12-06,xslF345X03/wf-form4_163899860928080.xml,recent
2021-12-09,4,0000913760-21-000199,2021-12-08,xslF345X03/wf-form4_163908587252600.xml,recent
2021-12-10,4,0000913760-21-000203,2021-12-08,xslF345X03/wf-form4_163917236690778.xml,recent
2021-12-10,4,0000913760-21-000202,2021-12-09,xslF345X03/wf-form4_163917235103913.xml,recent
2021-12-13,4,0000913760-21-000207,2021-12-09,xslF345X03/wf-form4_163943092549192.xml,recent
2021-12-13,4,0000913760-21-000206,2021-12-10,xslF345X03/wf-form4_163943090958758.xml,recent
2021-12-14,4,0000913760-21-000209,2021-12-10,xslF345X03/wf-form4_163951878101835.xml,recent
2021-12-15,5,0000913760-21-000213,2021-09-30,xslF345X03/wf-form5_163960348635070.xml,recent
2021-12-16,4,0000913760-21-000215,2021-12-15,xslF345X03/wf-form4_163966341642629.xml,recent
2021-12-17,4,0000913760-21-000235,2021-12-15,xslF345X03/wf-form4_163977960212819.xml,recent
2021-12-17,4,0000913760-21-000234,2021-12-15,xslF345X03/wf-form4_163977957547379.xml,recent
2021-12-17,4,0000913760-21-000233,2021-12-15,xslF345X03/wf-form4_163977955204160.xml,recent
2021-12-17,4,0000913760-21-000232,2021-12-15,xslF345X03/wf-form4_163977953114456.xml,recent
2021-12-17,4,0000913760-21-000231,2021-12-15,xslF345X03/wf-form4_163977951043584.xml,recent
2021-12-17,4,0000913760-21-000230,2021-12-15,xslF345X03/wf-form4_163977948048678.xml,recent
2021-12-17,4,0000913760-21-000229,2021-12-15,xslF345X03/wf-form4_163977945930336.xml,recent
2021-12-17,4,0000913760-21-000228,2021-12-15,xslF345X03/wf-form4_163977942597301.xml,recent
2021-12-17,4,0000913760-21-000227,2021-12-15,xslF345X03/wf-form4_163977940800480.xml,recent
2021-12-17,4,0000913760-21-000226,2021-12-15,xslF345X03/wf-form4_163977938674937.xml,recent
2021-12-22,4,0000913760-21-000239,2021-12-20,xslF345X03/wf-form4_164020884136523.xml,recent
2021-12-22,4,0000913760-21-000238,2021-12-20,xslF345X03/wf-form4_164020881911914.xml,recent
2021-12-23,4,0000913760-21-000241,2021-12-22,xslF345X03/wf-form4_164029353486021.xml,recent
2022-01-21,ARS,0000913760-22-000009,2021-09-30,snex027_stonex-groupx202.htm,recent
2022-01-21,DEF 14A,0000913760-22-000007,2022-01-21,a2022proxy.htm,recent
2022-01-21,DEFA14A,0000913760-22-000008,,sch14aproxycard.htm,recent
2022-01-26,SC 13G,0000834237-22-000874,,us8618961085_012522.txt,recent
2022-01-27,SC 13G/A,0000834237-22-002385,,us8618961085_012722.txt,recent
2022-02-01,4,0000913760-22-000023,2022-01-31,xslF345X03/wf-form4_164375046450092.xml,recent
2022-02-01,4,0000913760-22-000022,2022-01-31,xslF345X03/wf-form4_164375044890560.xml,recent
2022-02-01,4,0000913760-22-000021,2022-01-31,xslF345X03/wf-form4_164375042624732.xml,recent
2022-02-01,4,0000913760-22-000020,2022-01-31,xslF345X03/wf-form4_164375039979155.xml,recent
2022-02-01,4,0000913760-22-000019,2022-01-31,xslF345X03/wf-form4_164375038106811.xml,recent
2022-02-01,4,0000913760-22-000018,2022-01-31,xslF345X03/wf-form4_164375036022351.xml,recent
2022-02-01,4,0000913760-22-000017,2022-01-31,xslF345X03/wf-form4_164375034380517.xml,recent
2022-02-07,10-Q,0000913760-22-000029,2021-12-31,intl-20211231.htm,recent
2022-02-07,8-K,0000913760-22-000028,2022-02-07,intl-20220207.htm,recent
2022-02-09,4,0000913760-22-000033,2022-02-08,xslF345X03/wf-form4_164444366896520.xml,recent
2022-02-09,4,0000913760-22-000032,2022-02-08,xslF345X03/wf-form4_164444364216304.xml,recent
2022-02-09,SC 13G/A,0001635236-22-000005,,snex13g2.txt,recent
2022-02-10,13F-HR,0000913760-22-000035,2021-12-31,xslForm13F_X01/primary_doc.xml,recent
2022-02-10,SC 13G/A,0001104659-22-018640,,tv01967-stonexgroupinc.htm,recent
2022-02-15,4,0000913760-22-000037,2022-02-14,xslF345X03/wf-form4_164496613840777.xml,recent
2022-03-07,4,0000913760-22-000053,2022-03-04,xslF345X03/wf-form4_164668958446781.xml,recent
2022-03-07,4,0000913760-22-000052,2022-03-04,xslF345X03/wf-form4_164668956602963.xml,recent
2022-03-07,4,0000913760-22-000051,2022-03-04,xslF345X03/wf-form4_164668954879689.xml,recent
2022-03-07,4,0000913760-22-000050,2022-03-04,xslF345X03/wf-form4_164668952820649.xml,recent
2022-03-07,4,0000913760-22-000049,2022-03-04,xslF345X03/wf-form4_164668949979648.xml,recent
2022-03-07,4,0000913760-22-000048,2022-03-04,xslF345X03/wf-form4_164668948175726.xml,recent
2022-03-07,4,0000913760-22-000047,2022-03-04,xslF345X03/wf-form4_164668946251687.xml,recent
2022-03-07,4,0000913760-22-000046,2022-03-04,xslF345X03/wf-form4_164668944210610.xml,recent
2022-03-08,8-K,0000913760-22-000056,2022-03-04,intl-20220304.htm,recent
2022-03-09,4,0000913760-22-000058,2022-03-08,xslF345X03/wf-form4_164686774267811.xml,recent
2022-03-10,4,0000913760-22-000060,2022-03-08,xslF345X03/wf-form4_164694722916038.xml,recent
2022-03-14,4,0000913760-22-000062,2022-03-11,xslF345X03/wf-form4_164728927048155.xml,recent
2022-03-31,8-K,0000913760-22-000065,2022-03-25,intl-20220325.htm,recent
2022-04-19,4,0000913760-22-000067,2022-04-18,xslF345X03/wf-form4_165041037904655.xml,recent
2022-04-27,8-K,0000913760-22-000070,2022-04-21,intl-20220421.htm,recent
2022-05-03,4,0000913760-22-000082,2022-04-29,xslF345X03/wf-form4_165161299056385.xml,recent
2022-05-03,4,0000913760-22-000081,2022-04-29,xslF345X03/wf-form4_165161296915890.xml,recent
2022-05-03,4,0000913760-22-000080,2022-04-29,xslF345X03/wf-form4_165161295035946.xml,recent
2022-05-03,4,0000913760-22-000079,2022-04-29,xslF345X03/wf-form4_165161292159317.xml,recent
2022-05-03,4,0000913760-22-000078,2022-04-29,xslF345X03/wf-form4_165161288508515.xml,recent
2022-05-03,4,0000913760-22-000077,2022-04-29,xslF345X03/wf-form4_165161285324265.xml,recent
2022-05-04,10-Q,0000913760-22-000087,2022-03-31,intl-20220331.htm,recent
2022-05-04,8-K,0000913760-22-000086,2022-05-04,intl-20220504.htm,recent
2022-05-11,13F-HR,0000913760-22-000089,2022-03-31,xslForm13F_X01/primary_doc.xml,recent
2022-05-11,13F-HR/A,0000913760-22-000091,2022-03-31,xslForm13F_X01/primary_doc.xml,recent
2022-06-08,4,0000913760-22-000095,2022-06-07,xslF345X03/wf-form4_165472282327283.xml,recent
2022-06-08,4,0000913760-22-000093,2022-06-06,xslF345X03/wf-form4_165472071806074.xml,recent
2022-06-10,4,0000913760-22-000097,2022-06-08,xslF345X03/wf-form4_165489189389064.xml,recent
2022-07-05,4,0000913760-22-000099,2022-07-01,xslF345X03/wf-form4_165705448483515.xml,recent
2022-07-12,4,0000913760-22-000101,2022-07-11,xslF345X03/wf-form4_165765970273565.xml,recent
2022-07-13,4,0000913760-22-000103,2022-07-12,xslF345X03/wf-form4_165774442678026.xml,recent
2022-07-20,4,0000913760-22-000105,2022-07-19,xslF345X03/wf-form4_165834888972164.xml,recent
2022-07-21,4,0000913760-22-000107,2022-07-19,xslF345X03/wf-form4_165843596538761.xml,recent
2022-07-27,13F-HR,0000913760-22-000109,2022-06-30,xslForm13F_X01/primary_doc.xml,recent
2022-07-28,4,0000913760-22-000112,2022-07-26,xslF345X03/wf-form4_165904359036651.xml,recent
2022-08-01,4,0000913760-22-000114,2022-07-28,xslF345X03/wf-form4_165938699068763.xml,recent
2022-08-02,4,0000913760-22-000126,2022-07-29,xslF345X03/wf-form4_165947389709272.xml,recent
2022-08-02,4,0000913760-22-000125,2022-07-29,xslF345X03/wf-form4_165947387576133.xml,recent
2022-08-02,4,0000913760-22-000124,2022-07-29,xslF345X03/wf-form4_165947385344083.xml,recent
2022-08-02,4,0000913760-22-000123,2022-07-29,xslF345X03/wf-form4_165947383516697.xml,recent
2022-08-02,4,0000913760-22-000122,2022-07-29,xslF345X03/wf-form4_165947379943512.xml,recent
2022-08-02,4,0000913760-22-000121,2022-07-29,xslF345X03/wf-form4_165947377131113.xml,recent
2022-08-03,10-Q,0000913760-22-000133,2022-06-30,intl-20220630.htm,recent
2022-08-03,8-K,0000913760-22-000131,2022-08-03,stonex_8kx2022q3xer.htm,recent
2022-08-09,4,0000913760-22-000135,2022-08-08,xslF345X03/wf-form4_166007714381626.xml,recent
2022-08-12,4,0000913760-22-000137,2022-08-10,xslF345X03/wf-form4_166033822733637.xml,recent
2022-08-15,4,0000913760-22-000140,2022-08-12,xslF345X03/wf-form4_166060447576285.xml,recent
2022-08-29,8-K,0000913760-22-000143,2022-08-23,intl-20220823.htm,recent
2022-11-01,8-K,0000913760-22-000148,2022-11-01,intl-20221101.htm,recent
2022-11-02,4,0000913760-22-000160,2022-10-31,xslF345X03/wf-form4_166739519150908.xml,recent
2022-11-02,4,0000913760-22-000159,2022-10-31,xslF345X03/wf-form4_166739516450642.xml,recent
2022-11-02,4,0000913760-22-000158,2022-10-31,xslF345X03/wf-form4_166739514441714.xml,recent
2022-11-02,4,0000913760-22-000157,2022-10-31,xslF345X03/wf-form4_166739512410126.xml,recent
2022-11-02,4,0000913760-22-000156,2022-10-31,xslF345X03/wf-form4_166739510491144.xml,recent
2022-11-02,4,0000913760-22-000155,2022-10-31,xslF345X03/wf-form4_166739508431420.xml,recent
2022-11-08,13F-HR,0000913760-22-000162,2022-09-30,xslForm13F_X01/primary_doc.xml,recent
2022-11-17,4,0000913760-22-000164,2022-11-15,xslF345X03/wf-form4_166872110663916.xml,recent
2022-11-21,8-K,0000913760-22-000167,2022-11-21,intl-20221121.htm,recent
2022-11-23,4,0000913760-22-000169,2022-11-22,xslF345X03/wf-form4_166924853052739.xml,recent
2022-11-29,10-K,0000913760-22-000174,2022-09-30,intl-20220930.htm,recent
2022-12-02,4,0000913760-22-000176,2022-12-01,xslF345X03/wf-form4_167002004913438.xml,recent
2022-12-08,4,0000913760-22-000180,2022-12-06,xslF345X03/wf-form4_167053434091617.xml,recent
2022-12-08,4,0000913760-22-000179,2022-12-06,xslF345X03/wf-form4_167053431549851.xml,recent
2022-12-19,4,0000913760-22-000200,2022-12-15,xslF345X03/wf-form4_167148911261013.xml,recent
2022-12-19,4,0000913760-22-000199,2022-12-15,xslF345X03/wf-form4_167148848735826.xml,recent
2022-12-19,4,0000913760-22-000198,2022-12-15,xslF345X03/wf-form4_167148843766193.xml,recent
2022-12-19,4,0000913760-22-000197,2022-12-15,xslF345X03/wf-form4_167148840129304.xml,recent
2022-12-19,4,0000913760-22-000196,2022-12-15,xslF345X03/wf-form4_167148834542650.xml,recent
2022-12-19,4,0000913760-22-000195,2022-12-15,xslF345X03/wf-form4_167148826766287.xml,recent
2022-12-19,4,0000913760-22-000194,2022-12-15,xslF345X03/wf-form4_167148822760420.xml,recent
2022-12-19,4,0000913760-22-000193,2022-12-15,xslF345X03/wf-form4_167148783577836.xml,recent
2022-12-19,4,0000913760-22-000192,2022-12-15,xslF345X03/wf-form4_167148781885025.xml,recent
2022-12-19,4,0000913760-22-000191,2022-12-15,xslF345X03/wf-form4_167148757539711.xml,recent
2022-12-20,8-K,0000913760-22-000203,2022-12-14,intl-20221214.htm,recent
2022-12-21,4,0000913760-22-000205,2022-12-20,xslF345X03/wf-form4_167166082945252.xml,recent
2022-12-22,4,0000913760-22-000207,2022-12-21,xslF345X03/wf-form4_167174827044280.xml,recent
2023-01-03,4,0000913760-23-000002,2022-12-30,xslF345X03/wf-form4_167278143689415.xml,recent
2023-01-20,ARS,0000913760-23-000008,2022-09-30,snex029_stonex-groupx202.htm,recent
2023-01-20,DEF 14A,0000913760-23-000006,2023-01-20,a2023proxy.htm,recent
2023-01-20,DEFA14A,0000913760-23-000007,,a2023proxysch14aproxycard.htm,recent
2023-01-23,SC 13G/A,0001306550-23-002391,,us8618961085_012323.txt,recent
2023-02-02,4,0000913760-23-000018,2023-01-31,xslF345X03/wf-form4_167537299648779.xml,recent
2023-02-02,4,0000913760-23-000017,2023-01-31,xslF345X03/wf-form4_167537297176124.xml,recent
2023-02-02,4,0000913760-23-000016,2023-01-31,xslF345X03/wf-form4_167537295261022.xml,recent
2023-02-02,4,0000913760-23-000015,2023-01-31,xslF345X03/wf-form4_167537293531763.xml,recent
2023-02-02,4,0000913760-23-000014,2023-01-31,xslF345X03/wf-form4_167537291220963.xml,recent
2023-02-07,10-Q,0000913760-23-000025,2022-12-31,intl-20221231.htm,recent
2023-02-07,8-K,0000913760-23-000023,2023-02-07,intl-20230207.htm,recent
2023-02-09,SC 13G/A,0001104659-23-017031,,tv01975-stonexgroupinc.htm,recent
2023-02-10,13F-HR,0000913760-23-000027,2022-12-31,xslForm13F_X02/primary_doc.xml,recent
2023-02-10,4,0000913760-23-000029,2023-02-08,xslF345X03/wf-form4_167607158223324.xml,recent
2023-02-10,SC 13G/A,0001635236-23-000005,,snex13g3.txt,recent
2023-02-14,4,0000913760-23-000031,2023-02-10,xslF345X03/wf-form4_167641032665249.xml,recent
2023-02-17,4,0000913760-23-000033,2023-02-15,xslF345X03/wf-form4_167667075845359.xml,recent
2023-02-22,4,0000913760-23-000035,2023-02-17,xslF345X03/wf-form4_167710471390220.xml,recent
2023-03-02,4,0000913760-23-000051,2023-03-01,xslF345X03/wf-form4_167776311452994.xml,recent
2023-03-02,4,0000913760-23-000050,2023-03-01,xslF345X03/wf-form4_167776309760794.xml,recent
2023-03-02,4,0000913760-23-000049,2023-03-01,xslF345X03/wf-form4_167776308055200.xml,recent
2023-03-02,4,0000913760-23-000048,2023-03-01,xslF345X03/wf-form4_167776306272335.xml,recent
2023-03-02,4,0000913760-23-000047,2023-03-01,xslF345X03/wf-form4_167776304377787.xml,recent
2023-03-02,4,0000913760-23-000046,2023-03-01,xslF345X03/wf-form4_167776302533079.xml,recent
2023-03-02,4,0000913760-23-000045,2023-03-01,xslF345X03/wf-form4_167776300800236.xml,recent
2023-03-02,4,0000913760-23-000044,2023-03-01,xslF345X03/wf-form4_167776298884734.xml,recent
2023-03-03,4,0000913760-23-000053,2023-03-01,xslF345X03/wf-form4_167784896133574.xml,recent
2023-03-07,8-K,0000913760-23-000056,2023-03-01,intl-20230301.htm,recent
2023-03-09,4,0000913760-23-000060,2023-03-08,xslF345X03/wf-form4_167840461967396.xml,recent
2023-03-09,4,0000913760-23-000058,2023-03-08,xslF345X03/wf-form4_167839874754890.xml,recent
2023-05-01,4,0000913760-23-000070,2023-04-28,xslF345X04/wf-form4_168297561561927.xml,recent
2023-05-01,4,0000913760-23-000069,2023-04-28,xslF345X04/wf-form4_168297558002112.xml,recent
2023-05-01,4,0000913760-23-000068,2023-04-28,xslF345X04/wf-form4_168297554838844.xml,recent
2023-05-01,4,0000913760-23-000067,2023-04-28,xslF345X04/wf-form4_168297553090412.xml,recent
2023-05-01,4,0000913760-23-000066,2023-04-28,xslF345X04/wf-form4_168297551476780.xml,recent
2023-05-03,10-Q,0000913760-23-000075,2023-03-31,intl-20230331.htm,recent
2023-05-03,8-K,0000913760-23-000073,2023-05-03,intl-20230503.htm,recent
2023-05-11,13F-HR,0000913760-23-000077,2023-03-31,xslForm13F_X02/primary_doc.xml,recent
2023-05-11,4,0000913760-23-000079,2023-05-09,xslF345X04/wf-form4_168384059802805.xml,recent
2023-05-23,4,0000913760-23-000081,2023-05-22,xslF345X04/wf-form4_168488058323725.xml,recent
2023-06-12,4,0000913760-23-000086,2023-06-08,xslF345X04/wk-form4_1686605794.xml,recent
2023-06-13,144,0001971857-23-000255,,xsl144X01/primary_doc.xml,recent
2023-06-14,4,0000913760-23-000088,2023-06-13,xslF345X04/wk-form4_1686776766.xml,recent
2023-06-15,PRE 14A,0000913760-23-000091,2023-06-15,a2023proxypre14a.htm,recent
2023-06-30,DEF 14A,0000913760-23-000095,2023-06-30,a2023augspecialproxydef14a.htm,recent
2023-06-30,DEFA14A,0000913760-23-000097,,a2023augspecialmtgproxysch.htm,recent
2023-08-01,DEFR14A,0000913760-23-000099,,a2023augspecialproxydef14a.htm,recent
2023-08-02,10-Q,0000913760-23-000114,2023-06-30,intl-20230630.htm,recent
2023-08-02,4,0000913760-23-000109,2023-07-31,xslF345X05/wk-form4_1690981504.xml,recent
2023-08-02,4,0000913760-23-000108,2023-07-31,xslF345X05/wk-form4_1690981454.xml,recent
2023-08-02,4,0000913760-23-000107,2023-07-31,xslF345X05/wk-form4_1690981403.xml,recent
2023-08-02,4,0000913760-23-000106,2023-07-31,xslF345X05/wk-form4_1690981342.xml,recent
2023-08-02,4,0000913760-23-000105,2023-07-31,xslF345X05/wk-form4_1690981275.xml,recent
2023-08-02,8-K,0000913760-23-000112,2023-08-02,intl-20230802.htm,recent
2023-08-14,13F-HR,0000913760-23-000116,2023-06-30,xslForm13F_X02/primary_doc.xml,recent
2023-08-16,8-K,0000913760-23-000121,2023-08-10,intl-20230810.htm,recent
2023-09-01,144,0001971857-23-000606,,xsl144X01/primary_doc.xml,recent
2023-09-05,4,0000913760-23-000126,2023-09-01,xslF345X05/wk-form4_1693946698.xml,recent
2023-09-05,8-K,0000913760-23-000124,2023-08-30,intl-20230830.htm,recent
2023-09-18,4,0000913760-23-000128,2023-09-14,xslF345X05/wk-form4_1695068277.xml,recent
2023-09-21,4,0000913760-23-000130,2023-09-20,xslF345X05/wk-form4_1695328601.xml,recent
2023-11-02,4,0000913760-23-000140,2023-10-31,xslF345X05/wk-form4_1698959000.xml,recent
2023-11-02,4,0000913760-23-000139,2023-10-31,xslF345X05/wk-form4_1698958947.xml,recent
2023-11-02,4,0000913760-23-000138,2023-10-31,xslF345X05/wk-form4_1698958894.xml,recent
2023-11-02,4,0000913760-23-000137,2023-10-31,xslF345X05/wk-form4_1698958822.xml,recent
2023-11-02,4,0000913760-23-000136,2023-10-31,xslF345X05/wk-form4_1698958771.xml,recent
2023-11-07,8-K,0000913760-23-000147,2023-11-07,intl-20231107.htm,recent
2023-11-07,S-8,0000913760-23-000143,,snexnov2023forms-8.htm,recent
2023-11-15,13F-HR,0000913760-23-000150,2023-09-30,xslForm13F_X02/primary_doc.xml,recent
2023-11-15,8-K,0000913760-23-000153,2023-11-15,intl-20231115.htm,recent
2023-11-16,4,0000913760-23-000156,2023-11-14,xslF345X05/wk-form4_1700168662.xml,recent
2023-11-24,10-K,0000913760-23-000159,2023-09-30,intl-20230930.htm,recent
2023-12-01,144,0002002698-23-000011,,xsl144X01/primary_doc.xml,recent
2023-12-01,4,0000913760-23-000161,2023-12-01,xslF345X05/wk-form4_1701466883.xml,recent
2023-12-07,4,0000913760-23-000176,2023-12-05,xslF345X05/wk-form4_1701984533.xml,recent
2023-12-07,4,0000913760-23-000175,2023-12-05,xslF345X05/wk-form4_1701984484.xml,recent
2023-12-07,4,0000913760-23-000174,2023-12-05,xslF345X05/wk-form4_1701984423.xml,recent
2023-12-07,4,0000913760-23-000173,2023-12-05,xslF345X05/wk-form4_1701984323.xml,recent
2023-12-07,4,0000913760-23-000172,2023-12-05,xslF345X05/wk-form4_1701984266.xml,recent
2023-12-07,4,0000913760-23-000171,2023-12-05,xslF345X05/wk-form4_1701983832.xml,recent
2023-12-07,4,0000913760-23-000169,2023-12-05,xslF345X05/wk-form4_1701983650.xml,recent
2023-12-11,4,0000913760-23-000178,2023-12-08,xslF345X05/wk-form4_1702329416.xml,recent
2023-12-13,144,0002002698-23-000089,,xsl144X01/primary_doc.xml,recent
2023-12-15,4,0000913760-23-000182,2023-12-14,xslF345X05/wk-form4_1702676719.xml,recent
2023-12-15,4,0000913760-23-000180,2023-12-13,xslF345X05/wk-form4_1702676436.xml,recent
2023-12-19,4,0000913760-23-000202,2023-12-15,xslF345X05/wk-form4_1703022936.xml,recent
2023-12-19,4,0000913760-23-000200,2023-12-15,xslF345X05/wk-form4_1703022698.xml,recent
2023-12-19,4,0000913760-23-000198,2023-12-15,xslF345X05/wk-form4_1703022553.xml,recent
2023-12-19,4,0000913760-23-000196,2023-12-15,xslF345X05/wk-form4_1703022236.xml,recent
2023-12-19,4,0000913760-23-000194,2023-12-15,xslF345X05/wk-form4_1703022052.xml,recent
2023-12-19,4,0000913760-23-000192,2023-12-15,xslF345X05/wk-form4_1703021747.xml,recent
2023-12-19,4,0000913760-23-000190,2023-12-15,xslF345X05/wk-form4_1703021602.xml,recent
2023-12-19,4,0000913760-23-000188,2023-12-15,xslF345X05/wk-form4_1703021463.xml,recent
2023-12-19,4,0000913760-23-000186,2023-12-15,xslF345X05/wk-form4_1703021333.xml,recent
2023-12-19,4,0000913760-23-000184,2023-12-15,xslF345X05/wk-form4_1703021198.xml,recent
2023-12-21,4,0000913760-23-000204,2023-12-19,xslF345X05/wk-form4_1703193911.xml,recent
2023-12-26,4,0000913760-23-000208,2023-12-21,xslF345X05/wk-form4_1703626189.xml,recent
2023-12-26,4/A,0000913760-23-000206,2023-12-05,xslF345X05/wk-form4a_1703625837.xml,recent
2023-12-27,4,0000913760-23-000210,2023-12-22,xslF345X05/wk-form4_1703713811.xml,recent
2024-01-08,144,0001957799-24-000006,,xsl144X01/primary_doc.xml,recent
2024-01-09,4,0000913760-24-000002,2024-01-08,xslF345X05/wk-form4_1704835051.xml,recent
2024-01-18,ARS,0000913760-24-000009,2023-09-30,snex032_stonex-groupx202.htm,recent
2024-01-18,DEF 14A,0000913760-24-000007,2024-01-18,intl-20240118.htm,recent
2024-01-18,DEFA14A,0000913760-24-000008,,a2024proxysch14aproxycard.htm,recent
2024-01-19,ARS/A,0000913760-24-000011,2023-09-30,snex032_stonex-groupx202.htm,recent
2024-01-23,SC 13G/A,0001086364-24-001362,,us8618961085_012324.txt,recent
2024-02-02,4,0000913760-24-000019,2024-01-31,xslF345X05/wk-form4_1706909307.xml,recent
2024-02-02,4,0000913760-24-000017,2024-01-31,xslF345X05/wk-form4_1706909195.xml,recent
2024-02-02,4,0000913760-24-000015,2024-01-31,xslF345X05/wk-form4_1706908897.xml,recent
2024-02-02,4,0000913760-24-000013,2024-01-31,xslF345X05/wk-form4_1706908581.xml,recent
2024-02-06,10-Q,0000913760-24-000025,2023-12-31,intl-20231231.htm,recent
2024-02-06,8-K,0000913760-24-000023,2024-02-06,intl-20240206.htm,recent
2024-02-07,144,0001957799-24-000031,,xsl144X01/primary_doc.xml,recent
2024-02-09,4,0000913760-24-000027,2024-02-07,xslF345X05/wk-form4_1707514611.xml,recent
2024-02-12,13F-HR,0000913760-24-000029,2023-12-31,xslForm13F_X02/primary_doc.xml,recent
2024-02-12,144,0002007317-24-000109,,xsl144X01/primary_doc.xml,recent
2024-02-13,SC 13G/A,0001104659-24-022028,,tv02005-stonexgroupinc.htm,recent
2024-02-14,4,0000913760-24-000032,2024-02-12,xslF345X05/wk-form4_1707946694.xml,recent
2024-02-15,8-K,0000913760-24-000036,2024-02-15,intl-20240215.htm,recent
2024-02-16,8-K,0000913760-24-000038,2024-02-15,intl-20240215.htm,recent
2024-02-28,4,0000913760-24-000053,2024-02-27,xslF345X05/wk-form4_1709160814.xml,recent
2024-02-28,4,0000913760-24-000052,2024-02-27,xslF345X05/wk-form4_1709160747.xml,recent
2024-02-28,4,0000913760-24-000051,2024-02-27,xslF345X05/wk-form4_1709160702.xml,recent
2024-02-28,4,0000913760-24-000050,2024-02-27,xslF345X05/wk-form4_1709160646.xml,recent
2024-02-28,4,0000913760-24-000049,2024-02-27,xslF345X05/wk-form4_1709160570.xml,recent
2024-02-28,4,0000913760-24-000048,2024-02-27,xslF345X05/wk-form4_1709160508.xml,recent
2024-02-28,4,0000913760-24-000047,2024-02-27,xslF345X05/wk-form4_1709160440.xml,recent
2024-03-01,144,0002007317-24-000249,,xsl144X01/primary_doc.xml,recent
2024-03-01,8-K,0000913760-24-000055,2024-03-01,intl-20240301.htm,recent
2024-03-04,4,0000913760-24-000063,2024-03-01,xslF345X05/wk-form4_1709590889.xml,recent
2024-03-04,8-K,0000913760-24-000058,2024-02-27,intl-20240227.htm,recent
2024-03-06,4,0000913760-24-000065,2024-03-04,xslF345X05/wk-form4_1709760551.xml,recent
2024-03-08,4,0000913760-24-000067,2024-03-06,xslF345X05/wk-form4_1709933340.xml,recent
2024-03-12,4,0000913760-24-000069,2024-03-08,xslF345X05/wk-form4_1710248967.xml,recent
2024-03-13,144,0001957799-24-000073,,xsl144X01/primary_doc.xml,recent
2024-03-14,4,0000913760-24-000071,2024-03-12,xslF345X05/wk-form4_1710419284.xml,recent
2024-03-15,4,0000913760-24-000073,2024-03-13,xslF345X05/wk-form4_1710507096.xml,recent
2024-03-25,4,0000913760-24-000075,2024-03-21,xslF345X05/wk-form4_1711398781.xml,recent
2024-04-08,8-K,0000913760-24-000078,2024-04-02,intl-20240402.htm,recent
2024-04-11,144,0001957799-24-000100,,xsl144X01/primary_doc.xml,recent
2024-05-01,13F-HR,0000913760-24-000080,2024-03-31,xslForm13F_X02/primary_doc.xml,recent
2024-05-02,4,0000913760-24-000088,2024-04-30,xslF345X05/wk-form4_1714681274.xml,recent
2024-05-02,4,0000913760-24-000086,2024-04-30,xslF345X05/wk-form4_1714681135.xml,recent
2024-05-02,4,0000913760-24-000084,2024-04-30,xslF345X05/wk-form4_1714681006.xml,recent
2024-05-02,4,0000913760-24-000082,2024-04-30,xslF345X05/wk-form4_1714680879.xml,recent
2024-05-06,4,0000913760-24-000090,2024-05-03,xslF345X05/wk-form4_1715027585.xml,recent
2024-05-08,8-K,0000913760-24-000092,2024-05-08,intl-20240508.htm,recent
2024-05-09,10-Q,0000913760-24-000094,2024-03-31,intl-20240331.htm,recent
2024-05-09,144,0001971857-24-000152,,xsl144X01/primary_doc.xml,recent
2024-05-10,144,0001957799-24-000115,,xsl144X01/primary_doc.xml,recent
2024-05-13,4,0000913760-24-000096,2024-05-09,xslF345X05/wk-form4_1715631474.xml,recent
2024-05-17,144,0001971857-24-000249,,xsl144X01/primary_doc.xml,recent
2024-05-17,4,0000913760-24-000098,2024-05-15,xslF345X05/wk-form4_1715978689.xml,recent
2024-05-21,4,0000913760-24-000100,2024-05-17,xslF345X05/wk-form4_1716323839.xml,recent
2024-06-03,144,0001971857-24-000340,,xsl144X01/primary_doc.xml,recent
2024-06-03,144,0001971857-24-000334,,xsl144X01/primary_doc.xml,recent
2024-06-04,4,0000913760-24-000104,2024-06-03,xslF345X05/wk-form4_1717546195.xml,recent
2024-06-04,4,0000913760-24-000102,2024-06-03,xslF345X05/wk-form4_1717496207.xml,recent
2024-06-10,144,0001971857-24-000377,,xsl144X01/primary_doc.xml,recent
2024-06-10,4,0000913760-24-000108,2024-06-07,xslF345X05/wk-form4_1718051352.xml,recent
2024-06-10,4,0000913760-24-000106,2024-06-06,xslF345X05/wk-form4_1718051183.xml,recent
2024-06-12,4,0000913760-24-000110,2024-06-10,xslF345X05/wk-form4_1718224009.xml,recent
2024-06-13,144,0001969223-24-000472,,xsl144X01/primary_doc.xml,recent
2024-06-13,4/A,0000913760-24-000112,2024-06-13,xslF345X05/wk-form4a_1718316323.xml,recent
2024-06-14,4,0000913760-24-000114,2024-06-13,xslF345X05/wk-form4_1718400346.xml,recent
2024-06-17,8-K,0000913760-24-000116,2024-06-15,intl-20240615.htm,recent
2024-06-18,4,0000913760-24-000118,2024-06-14,xslF345X05/wk-form4_1718742416.xml,recent
2024-07-15,4,0000913760-24-000120,2024-07-12,xslF345X05/wk-form4_1721078879.xml,recent
2024-07-16,4,0000913760-24-000122,2024-07-15,xslF345X05/wk-form4_1721162077.xml,recent
2024-07-17,3,0000913760-24-000124,2024-07-01,xslF345X02/wk-form3_1721247371.xml,recent
2024-08-02,4,0000913760-24-000133,2024-07-31,xslF345X05/wk-form4_1722644322.xml,recent
2024-08-02,4,0000913760-24-000131,2024-07-31,xslF345X05/wk-form4_1722644045.xml,recent
2024-08-02,4,0000913760-24-000129,2024-07-31,xslF345X05/wk-form4_1722643947.xml,recent
2024-08-02,4,0000913760-24-000127,2024-07-31,xslF345X05/wk-form4_1722643833.xml,recent
2024-08-06,8-K,0000913760-24-000136,2024-08-06,intl-20240806.htm,recent
2024-08-07,10-Q,0000913760-24-000138,2024-06-30,intl-20240630.htm,recent
2024-08-07,13F-HR,0000913760-24-000140,2024-06-30,xslForm13F_X02/primary_doc.xml,recent
2024-08-08,4,0000913760-24-000142,2024-08-07,xslF345X05/wk-form4_1723148498.xml,recent
2024-08-15,144,0002002698-24-000209,,xsl144X01/primary_doc.xml,recent
2024-08-19,144,0002002698-24-000226,,xsl144X01/primary_doc.xml,recent
2024-09-03,144,0002002698-24-000352,,xsl144X01/primary_doc.xml,recent
2024-09-05,4,0000913760-24-000153,2024-09-03,xslF345X05/wk-form4_1725567523.xml,recent
2024-09-05,8-K,0000913760-24-000150,2024-08-28,intl-20240828.htm,recent
2024-10-21,8-K,0000913760-24-000156,2024-10-21,intl-20241021.htm,recent
2024-11-01,4,0000913760-24-000164,2024-10-31,xslF345X05/wk-form4_1730496141.xml,recent
2024-11-01,4,0000913760-24-000162,2024-10-31,xslF345X05/wk-form4_1730496023.xml,recent
2024-11-01,4,0000913760-24-000160,2024-10-31,xslF345X05/wk-form4_1730495917.xml,recent
2024-11-01,4,0000913760-24-000158,2024-10-31,xslF345X05/wk-form4_1730495810.xml,recent
2024-11-06,144,0001971857-24-000766,,xsl144X01/primary_doc.xml,recent
2024-11-08,4,0000913760-24-000168,2024-11-06,xslF345X05/wk-form4_1731072276.xml,recent
2024-11-08,8-K,0000913760-24-000166,2024-11-07,intl-20241107.htm,recent
2024-11-12,13F-HR,0000913760-24-000172,2024-09-30,xslForm13F_X02/primary_doc.xml,recent
2024-11-12,4,0000913760-24-000170,2024-11-07,xslF345X05/wk-form4_1731420848.xml,recent
2024-11-13,144/A,0002007317-24-000600,,xsl144X01/primary_doc.xml,recent
2024-11-19,8-K,0000913760-24-000175,2024-11-19,intl-20241119.htm,recent
2024-11-22,144,0001969223-24-000855,,xsl144X01/primary_doc.xml,recent
2024-11-22,144,0002002698-24-000461,,xsl144X01/primary_doc.xml,recent
2024-11-25,144,0001968582-24-001050,,xsl144X01/primary_doc.xml,recent
2024-11-25,4,0000913760-24-000177,2024-11-22,xslF345X05/wk-form4_1732569208.xml,recent
2024-11-26,4,0000913760-24-000181,2024-11-22,xslF345X05/wk-form4_1732659177.xml,recent
2024-11-26,4,0000913760-24-000179,2024-11-22,xslF345X05/wk-form4_1732658872.xml,recent
2024-11-29,10-K,0000913760-24-000187,2024-09-30,intl-20240930.htm,recent
2024-12-06,4,0000913760-24-000189,2024-12-04,xslF345X05/wk-form4_1733524719.xml,recent
2024-12-09,8-K,0000913760-24-000192,2024-12-05,intl-20241205.htm,recent
2024-12-12,144,0001971857-24-000828,,xsl144X01/primary_doc.xml,recent
2024-12-16,144,0001971857-24-000867,,xsl144X01/primary_doc.xml,recent
2024-12-16,4,0000913760-24-000194,2024-12-12,xslF345X05/wk-form4_1734383754.xml,recent
2024-12-17,4,0000913760-24-000210,2024-12-13,xslF345X05/wk-form4_1734473022.xml,recent
2024-12-17,4,0000913760-24-000208,2024-12-13,xslF345X05/wk-form4_1734472897.xml,recent
2024-12-17,4,0000913760-24-000206,2024-12-13,xslF345X05/wk-form4_1734472787.xml,recent
2024-12-17,4,0000913760-24-000204,2024-12-13,xslF345X05/wk-form4_1734472683.xml,recent
2024-12-17,4,0000913760-24-000202,2024-12-13,xslF345X05/wk-form4_1734472570.xml,recent
2024-12-17,4,0000913760-24-000200,2024-12-13,xslF345X05/wk-form4_1734472384.xml,recent
2024-12-17,4,0000913760-24-000198,2024-12-13,xslF345X05/wk-form4_1734472263.xml,recent
2024-12-17,4,0000913760-24-000196,2024-12-13,xslF345X05/wk-form4_1734442386.xml,recent
2025-01-23,ARS,0000913760-25-000007,2024-09-30,snex034-10xk_2024xars.htm,recent
2025-01-23,DEF 14A,0000913760-25-000005,2025-01-23,intl-20250123.htm,recent
2025-01-23,DEFA14A,0000913760-25-000006,,a2025proxysch14aproxycard.htm,recent
2025-02-03,4,0000913760-25-000017,2025-01-31,xslF345X05/wk-form4_1738618281.xml,recent
2025-02-03,4,0000913760-25-000015,2025-01-31,xslF345X05/wk-form4_1738618182.xml,recent
2025-02-03,4,0000913760-25-000013,2025-01-31,xslF345X05/wk-form4_1738618085.xml,recent
2025-02-03,4,0000913760-25-000011,2025-01-31,xslF345X05/wk-form4_1738617971.xml,recent
2025-02-03,4,0000913760-25-000009,2025-01-31,xslF345X05/wk-form4_1738617852.xml,recent
2025-02-05,10-Q,0000913760-25-000024,2024-12-31,intl-20241231.htm,recent
2025-02-05,8-K,0000913760-25-000021,2025-02-05,intl-20250205.htm,recent
2025-02-11,8-K,0000950103-25-001885,2025-02-05,dp224819_8k.htm,recent
2025-02-12,13F-HR,0000913760-25-000025,2024-12-31,xslForm13F_X02/primary_doc.xml,recent
2025-02-20,4,0000913760-25-000031,2025-02-18,xslF345X05/wk-form4_1740087726.xml,recent
2025-02-20,S-3ASR,0000913760-25-000029,,s-3feb2025.htm,recent
2025-02-21,144,0002007317-25-000186,,xsl144X01/primary_doc.xml,recent
2025-02-26,144,0002007317-25-000205,,xsl144X01/primary_doc.xml,recent
2025-02-27,144,0002007317-25-000216,,xsl144X01/primary_doc.xml,recent
2025-02-28,4,0000913760-25-000033,2025-02-26,xslF345X05/wk-form4_1740777366.xml,recent
2025-03-07,4,0000913760-25-000049,2025-03-05,xslF345X05/wk-form4_1741383216.xml,recent
2025-03-07,4,0000913760-25-000047,2025-03-05,xslF345X05/wk-form4_1741383097.xml,recent
2025-03-07,4,0000913760-25-000045,2025-03-05,xslF345X05/wk-form4_1741383008.xml,recent
2025-03-07,4,0000913760-25-000043,2025-03-05,xslF345X05/wk-form4_1741382915.xml,recent
2025-03-07,4,0000913760-25-000041,2025-03-05,xslF345X05/wk-form4_1741382827.xml,recent
2025-03-07,4,0000913760-25-000039,2025-03-05,xslF345X05/wk-form4_1741382731.xml,recent
2025-03-07,4,0000913760-25-000037,2025-03-05,xslF345X05/wk-form4_1741382625.xml,recent
2025-03-07,4,0000913760-25-000035,2025-03-05,xslF345X05/wk-form4_1741382497.xml,recent
2025-03-10,8-K,0000913760-25-000051,2025-03-05,intl-20250305.htm,recent
2025-04-01,144,0001971857-25-000163,,xsl144X01/primary_doc.xml,recent
2025-04-02,4,0000913760-25-000057,2025-03-31,xslF345X05/wk-form4_1743631624.xml,recent
2025-04-03,4,0000913760-25-000059,2025-04-01,xslF345X05/wk-form4_1743712741.xml,recent
2025-04-03,8-K,0000913760-25-000055,2025-03-31,intl-20250331.htm,recent
2025-04-08,4,0000913760-25-000061,2025-04-04,xslF345X05/wk-form4_1744144690.xml,recent
2025-04-14,8-K,0000913760-25-000063,2025-04-13,intl-20250413.htm,recent
2025-04-15,144,0001971857-25-000196,,xsl144X01/primary_doc.xml,recent
2025-04-17,4,0000913760-25-000065,2025-04-15,xslF345X05/wk-form4_1744921800.xml,recent
2025-04-21,4,0000913760-25-000068,2025-04-17,xslF345X05/wk-form4_1745274388.xml,recent
2025-04-29,144,0002007317-25-000269,,xsl144X01/primary_doc.xml,recent
2025-05-01,4,0000913760-25-000070,2025-04-29,xslF345X05/wk-form4_1746138284.xml,recent
2025-05-02,4,0000913760-25-000080,2025-04-30,xslF345X05/wk-form4_1746218130.xml,recent
2025-05-02,4,0000913760-25-000079,2025-04-30,xslF345X05/wk-form4_1746218054.xml,recent
2025-05-02,4,0000913760-25-000078,2025-04-30,xslF345X05/wk-form4_1746217989.xml,recent
2025-05-02,4,0000913760-25-000077,2025-04-30,xslF345X05/wk-form4_1746217916.xml,recent
2025-05-02,4,0000913760-25-000076,2025-04-30,xslF345X05/wk-form4_1746217821.xml,recent
2025-05-05,144,0002007317-25-000301,,xsl144X01/primary_doc.xml,recent
2025-05-06,4,0000913760-25-000085,2025-05-05,xslF345X05/wk-form4_1746569470.xml,recent
2025-05-07,10-Q,0000913760-25-000089,2025-03-31,intl-20250331.htm,recent
2025-05-07,8-K,0000913760-25-000087,2025-05-07,intl-20250507.htm,recent
2025-05-08,S-8,0000913760-25-000091,,snexmay2025forms-8.htm,recent
2025-05-14,144,0002007317-25-000383,,xsl144X01/primary_doc.xml,recent
2025-05-15,13F-HR,0000913760-25-000092,2025-03-31,xslForm13F_X02/primary_doc.xml,recent
2025-05-15,144,0002007317-25-000392,,xsl144X01/primary_doc.xml,recent
2025-05-15,4,0000913760-25-000094,2025-05-15,xslF345X05/wk-form4_1747341732.xml,recent
2025-05-16,4,0000913760-25-000096,2025-05-14,xslF345X05/wk-form4_1747429147.xml,recent
2025-05-20,4,0000913760-25-000098,2025-05-19,xslF345X05/wk-form4_1747774002.xml,recent
2025-06-04,8-K,0000913760-25-000104,2025-06-03,intl-20250603.htm,recent
2025-06-10,144,0002007317-25-000550,,xsl144X01/primary_doc.xml,recent
2025-06-11,4,0000913760-25-000106,2025-06-10,xslF345X05/wk-form4_1749679412.xml,recent
2025-06-13,4,0000913760-25-000108,2025-06-12,xslF345X05/wk-form4_1749849223.xml,recent
2025-06-16,4,0000913760-25-000110,2025-06-12,xslF345X05/wk-form4_1750110933.xml,recent
2025-06-18,4,0000913760-25-000112,2025-06-16,xslF345X05/wk-form4_1750280011.xml,recent
2025-06-23,8-K,0000913760-25-000114,2025-06-23,intl-20250623.htm,recent
2025-06-24,8-K,0000913760-25-000120,2025-06-23,intl-20250623.htm,recent
2025-07-08,8-K,0000913760-25-000123,2025-07-08,intl-20250708.htm,recent
2025-07-31,8-K,0000913760-25-000127,2025-07-31,intl-20250731.htm,recent
2025-08-01,144,0002007317-25-000769,,xsl144X01/primary_doc.xml,recent
2025-08-04,4,0000913760-25-000139,2025-07-31,xslF345X05/wk-form4_1754338403.xml,recent
2025-08-04,4,0000913760-25-000138,2025-07-31,xslF345X05/wk-form4_1754338341.xml,recent
2025-08-04,4,0000913760-25-000137,2025-07-31,xslF345X05/wk-form4_1754338296.xml,recent
2025-08-04,4,0000913760-25-000136,2025-07-31,xslF345X05/wk-form4_1754338244.xml,recent
2025-08-04,4,0000913760-25-000135,2025-07-31,xslF345X05/wk-form4_1754338181.xml,recent
2025-08-05,4,0000913760-25-000141,2025-08-01,xslF345X05/wk-form4_1754399519.xml,recent
2025-08-05,8-K,0000913760-25-000144,2025-08-05,intl-20250805.htm,recent
2025-08-07,10-Q,0000913760-25-000147,2025-06-30,intl-20250630.htm,recent
2025-08-13,13F-HR,0000913760-25-000177,2025-06-30,xslForm13F_X02/primary_doc.xml,recent
2025-08-13,13F-HR/A,0000913760-25-000176,2025-03-31,xslForm13F_X02/primary_doc.xml,recent
2025-08-13,13F-HR/A,0000913760-25-000175,2025-03-31,xslForm13F_X02/primary_doc.xml,recent
2025-08-13,13F-HR/A,0000913760-25-000174,2024-12-31,xslForm13F_X02/primary_doc.xml,recent
2025-08-13,13F-HR/A,0000913760-25-000173,2024-12-31,xslForm13F_X02/primary_doc.xml,recent
2025-08-13,13F-HR/A,0000913760-25-000172,2024-09-30,xslForm13F_X02/primary_doc.xml,recent
2025-08-13,13F-HR/A,0000913760-25-000171,2024-09-30,xslForm13F_X02/primary_doc.xml,recent
2025-08-13,13F-HR/A,0000913760-25-000170,2024-06-30,xslForm13F_X02/primary_doc.xml,recent
2025-08-13,13F-HR/A,0000913760-25-000169,2024-06-30,xslForm13F_X02/primary_doc.xml,recent
2025-08-13,13F-HR/A,0000913760-25-000168,2024-03-31,xslForm13F_X02/primary_doc.xml,recent
2025-08-13,13F-HR/A,0000913760-25-000167,2024-03-31,xslForm13F_X02/primary_doc.xml,recent
2025-08-13,13F-HR/A,0000913760-25-000166,2023-12-31,xslForm13F_X02/primary_doc.xml,recent
2025-08-13,13F-HR/A,0000913760-25-000165,2023-12-31,xslForm13F_X02/primary_doc.xml,recent
2025-08-13,13F-HR/A,0000913760-25-000164,2023-09-30,xslForm13F_X02/primary_doc.xml,recent
2025-08-13,13F-HR/A,0000913760-25-000163,2023-09-30,xslForm13F_X02/primary_doc.xml,recent
2025-08-13,13F-HR/A,0000913760-25-000162,2023-06-30,xslForm13F_X02/primary_doc.xml,recent
2025-08-13,13F-HR/A,0000913760-25-000161,2023-06-30,xslForm13F_X02/primary_doc.xml,recent
2025-08-13,13F-HR/A,0000913760-25-000160,2023-03-31,xslForm13F_X02/primary_doc.xml,recent
2025-08-13,13F-HR/A,0000913760-25-000159,2023-03-31,xslForm13F_X02/primary_doc.xml,recent
2025-08-13,13F-HR/A,0000913760-25-000158,2022-12-31,xslForm13F_X02/primary_doc.xml,recent
2025-08-13,13F-HR/A,0000913760-25-000157,2022-12-31,xslForm13F_X02/primary_doc.xml,recent
2025-08-13,13F-HR/A,0000913760-25-000156,2022-09-30,xslForm13F_X02/primary_doc.xml,recent
2025-08-13,13F-HR/A,0000913760-25-000155,2022-09-30,xslForm13F_X02/primary_doc.xml,recent
2025-08-13,13F-HR/A,0000913760-25-000154,2022-06-30,xslForm13F_X02/primary_doc.xml,recent
2025-08-13,13F-HR/A,0000913760-25-000153,2022-06-30,xslForm13F_X02/primary_doc.xml,recent
2025-08-13,13F-HR/A,0000913760-25-000152,2022-03-31,xslForm13F_X02/primary_doc.xml,recent
2025-08-13,13F-HR/A,0000913760-25-000151,2022-03-31,xslForm13F_X02/primary_doc.xml,recent
2025-08-13,13F-HR/A,0000913760-25-000150,2022-03-31,xslForm13F_X02/primary_doc.xml,recent
2025-08-13,13F-HR/A,0000913760-25-000149,2021-12-31,xslForm13F_X02/primary_doc.xml,recent
2025-08-13,13F-HR/A,0000913760-25-000148,2021-12-31,xslForm13F_X02/primary_doc.xml,recent
2025-08-18,8-K,0000913760-25-000179,2025-08-13,intl-20250813.htm,recent
2025-08-19,144,0002007317-25-000897,,xsl144X01/primary_doc.xml,recent
2025-08-20,144,0002007317-25-000915,,xsl144X01/primary_doc.xml,recent
2025-08-20,4,0000913760-25-000183,2025-08-19,xslF345X05/wk-form4_1755720710.xml,recent
2025-08-29,424B7,0000950103-25-010986,,dp233607_424b7.htm,recent
2025-08-29,8-K,0000950103-25-010988,2025-08-29,dp233605_8k.htm,recent
2025-10-17,SCHEDULE 13G/A,0002012383-25-002908,,xslSCHEDULE_13G_X01/primary_doc.xml,recent
2025-10-31,SCHEDULE 13G/A,0000102909-25-000300,,xslSCHEDULE_13G_X01/primary_doc.xml,recent
2025-11-03,144,0001628280-25-048050,,xsl144X01/primary_doc.xml,recent
2025-11-03,3,0002090366-25-000002,2025-10-31,xslF345X02/wk-form3_1762206260.xml,recent
2025-11-03,4,0001757376-25-000003,2025-10-31,xslF345X05/wk-form4_1762206581.xml,recent
2025-11-03,4,0001318349-25-000003,2025-10-31,xslF345X05/wk-form4_1762206545.xml,recent
2025-11-03,4,0001548006-25-000004,2025-10-31,xslF345X05/wk-form4_1762206509.xml,recent
2025-11-03,4,0001531352-25-000003,2025-10-31,xslF345X05/wk-form4_1762206474.xml,recent
2025-11-03,4,0001210033-25-000006,2025-10-31,xslF345X05/wk-form4_1762206425.xml,recent
2025-11-05,4,0001318349-25-000005,2025-11-03,xslF345X05/wk-form4_1762378542.xml,recent
2025-11-14,13F-HR,0000913760-25-000188,2025-09-30,xslForm13F_X02/primary_doc.xml,recent
2025-11-24,8-K,0000913760-25-000191,2025-11-24,intl-20251124.htm,recent
2025-11-28,10-K,0000913760-25-000196,2025-09-30,intl-20250930.htm,recent
2025-12-15,4,0001531352-25-000005,2025-12-11,xslF345X05/wk-form4_1765797915.xml,recent
2025-12-17,144,0001628280-25-057689,,xsl144X01/primary_doc.xml,recent
2025-12-17,4,0001208362-25-000004,2025-12-15,xslF345X05/wk-form4_1766007270.xml,recent
2025-12-17,4,0001862195-25-000003,2025-12-15,xslF345X05/wk-form4_1766007185.xml,recent
2025-12-17,4,0001511110-25-000006,2025-12-15,xslF345X05/wk-form4_1766007125.xml,recent
2025-12-17,4,0002030489-25-000003,2025-12-15,xslF345X05/wk-form4_1766007065.xml,recent
2025-12-17,4,0001662210-25-000003,2025-12-15,xslF345X05/wk-form4_1766006989.xml,recent
2025-12-17,4,0001569789-25-000003,2025-12-15,xslF345X05/wk-form4_1766006927.xml,recent
2025-12-17,4,0001620576-25-000003,2025-12-15,xslF345X05/wk-form4_1766006852.xml,recent
2025-12-17,4,0001405955-25-000005,2025-12-15,xslF345X05/wk-form4_1766006788.xml,recent
2025-12-17,4,0001423229-25-000005,2025-12-15,xslF345X05/wk-form4_1766006687.xml,recent
2025-12-18,4,0001210033-25-000008,2025-12-16,xslF345X05/wk-form4_1766092757.xml,recent
2025-12-19,4,0001511110-25-000008,2025-12-17,xslF345X05/wk-form4_1766153891.xml,recent
2025-12-22,4,0001511110-25-000010,2025-12-19,xslF345X05/wk-form4_1766439354.xml,recent
2026-01-20,5,0001569789-26-000002,2025-09-30,xslF345X05/wk-form5_1768943295.xml,recent
2026-01-26,ARS,0000913760-26-000010,2025-09-30,snex036_fullannualreport.htm,recent
2026-01-26,DEF 14A,0000913760-26-000006,2026-01-26,intl-20260126.htm,recent
2026-01-26,DEFA14A,0000913760-26-000008,,a2026proxysch14aproxycard.htm,recent
2026-02-02,144,0001628280-26-004483,,xsl144X01/primary_doc.xml,recent
2026-02-03,4,0001531352-26-000002,2026-01-30,xslF345X05/wk-form4_1770154284.xml,recent
2026-02-03,4,0001210033-26-000002,2026-01-30,xslF345X05/wk-form4_1770154141.xml,recent
2026-02-03,4,0001548006-26-000002,2026-01-30,xslF345X05/wk-form4_1770153741.xml,recent
2026-02-03,4,0001318349-26-000002,2026-01-30,xslF345X05/wk-form4_1770153189.xml,recent
2026-02-03,4,0001757376-26-000002,2026-01-30,xslF345X05/wk-form4_1770152937.xml,recent
2026-02-04,10-Q,0000913760-26-000017,2025-12-31,intl-20251231.htm,recent
2026-02-04,4,0001318349-26-000004,2026-02-02,xslF345X05/wk-form4_1770214397.xml,recent
2026-02-04,8-K,0000913760-26-000015,2026-02-04,intl-20260204.htm,recent
2026-02-09,144,0001628280-26-006531,,xsl144X01/primary_doc.xml,recent
2026-02-09,144,0001628280-26-006528,,xsl144X01/primary_doc.xml,recent
2026-02-09,144,0001628280-26-006527,,xsl144X01/primary_doc.xml,recent
2026-02-10,144,0001628280-26-006928,,xsl144X01/primary_doc.xml,recent
2026-02-10,4,0001620576-26-000002,2026-02-09,xslF345X05/wk-form4_1770761218.xml,recent
2026-02-11,4,0001208362-26-000002,2026-02-09,xslF345X05/wk-form4_1770845255.xml,recent
2026-02-11,4,0001662210-26-000002,2026-02-09,xslF345X05/wk-form4_1770844827.xml,recent
2026-02-12,13F-HR,0000913760-26-000018,2025-12-31,xslForm13F_X02/primary_doc.xml,recent
2026-02-17,SCHEDULE 13G,0000080255-26-000248,,xslSCHEDULE_13G_X01/primary_doc.xml,recent
2026-02-18,4,0001862195-26-000002,2026-02-13,xslF345X05/wk-form4_1771424717.xml,recent
2026-03-12,4,0001757376-26-000004,2026-03-10,xslF345X05/wk-form4_1773318406.xml,recent
2026-03-12,4,0001531352-26-000004,2026-03-10,xslF345X05/wk-form4_1773318342.xml,recent
2026-03-12,4,0001210033-26-000004,2026-03-10,xslF345X05/wk-form4_1773318270.xml,recent
2026-03-12,4,0001315233-26-000002,2026-03-10,xslF345X05/wk-form4_1773318187.xml,recent
2026-03-12,4,0001318349-26-000006,2026-03-10,xslF345X05/wk-form4_1773318114.xml,recent
2026-03-12,4,0001548006-26-000004,2026-03-10,xslF345X05/wk-form4_1773318024.xml,recent
2026-03-12,4,0001547042-26-000002,2026-03-10,xslF345X05/wk-form4_1773317945.xml,recent
2026-03-12,8-K,0000913760-26-000021,2026-03-10,intl-20260310.htm,recent
2026-03-13,144,0001959173-26-002275,,xsl144X01/primary_doc.xml,recent
2026-03-13,8-K,0000913760-26-000023,2026-03-12,intl-20260312.htm,recent
2026-03-17,4,0001547042-26-000004,2026-03-13,xslF345X05/wk-form4_1773779193.xml,recent
2026-03-27,SCHEDULE 13G/A,0000102909-26-002321,,xslSCHEDULE_13G_X02/primary_doc.xml,recent
2026-04-02,4,0001208362-26-000004,2026-03-31,xslF345X06/wk-form4_1775160572.xml,recent
2026-04-10,144,0001628280-26-024700,,xsl144X01/primary_doc.xml,recent
2026-04-14,4,0001569789-26-000005,2026-04-10,xslF345X06/wk-form4_1776197775.xml,recent
2026-04-15,144,0001959173-26-002927,,xsl144X01/primary_doc.xml,recent
2026-04-15,144,0001959173-26-002913,,xsl144X01/primary_doc.xml,recent
2026-04-15,4,0001547042-26-000006,2026-04-15,xslF345X06/wk-form4_1776300307.xml,recent
2026-04-30,4,0001318349-26-000009,2026-04-28,xslF345X06/wk-form4_1777580634.xml,recent
2026-05-04,4,0001318349-26-000011,2026-04-30,xslF345X06/wk-form4_1777929085.xml,recent
2026-05-04,4,0001548006-26-000006,2026-04-30,xslF345X06/wk-form4_1777928814.xml,recent
2026-05-04,4,0001210033-26-000007,2026-04-30,xslF345X06/wk-form4_1777928796.xml,recent
2026-05-04,4,0001531352-26-000007,2026-04-30,xslF345X06/wk-form4_1777928776.xml,recent
2026-05-04,4,0001757376-26-000007,2026-04-30,xslF345X06/wk-form4_1777928758.xml,recent
2026-05-05,144,0001628280-26-030197,,xsl144X01/primary_doc.xml,recent
2026-05-05,4,0001318349-26-000013,2026-05-05,xslF345X06/wk-form4_1778013704.xml,recent
2026-05-06,10-Q,0000913760-26-000031,2026-03-31,intl-20260331.htm,recent
2026-05-06,8-K,0000913760-26-000029,2026-05-06,intl-20260506.htm,recent
2026-05-11,144,0001628280-26-033625,,xsl144X01/primary_doc.xml,recent
2026-05-11,144,0001628280-26-033623,,xsl144X01/primary_doc.xml,recent
2026-05-11,4,0001315233-26-000005,2026-05-11,xslF345X06/wk-form4_1778540811.xml,recent
2026-05-11,4,0001548006-26-000008,2026-05-11,xslF345X06/wk-form4_1778540650.xml,recent
2026-05-13,4,0001423229-26-000003,2026-05-11,xslF345X06/wk-form4_1778670532.xml,recent
2026-05-14,13F-HR,0000913760-26-000032,2026-03-31,xslForm13F_X02/primary_doc.xml,recent
2026-05-14,144,0001628280-26-035224,,xsl144X01/primary_doc.xml,recent
2026-05-15,144,0001628280-26-035728,,xsl144X01/primary_doc.xml,recent
2026-05-15,144,0001628280-26-035727,,xsl144X01/primary_doc.xml,recent
2026-05-15,144,0001959173-26-003632,,xsl144X01/primary_doc.xml,recent
2026-05-15,4,0001662210-26-000005,2026-05-14,xslF345X06/wk-form4_1778883341.xml,recent
2026-05-15,SCHEDULE 13G/A,0000080255-26-000392,,xslSCHEDULE_13G_X02/primary_doc.xml,recent
2026-05-18,144,0001628280-26-036030,,xsl144X01/primary_doc.xml,recent
2026-05-18,4,0001405955-26-000003,2026-05-15,xslF345X06/wk-form4_1779135806.xml,recent
2026-05-18,4,0001547042-26-000008,2026-05-15,xslF345X06/wk-form4_1779135752.xml,recent
2026-05-19,4,0001208362-26-000007,2026-05-15,xslF345X06/wk-form4_1779233386.xml,recent
2026-05-20,144,0001628280-26-036956,,xsl144X01/primary_doc.xml,recent
2026-05-20,4,0001511110-26-000003,2026-05-18,xslF345X06/wk-form4_1779312597.xml,recent
2026-05-20,4/A,0001511110-26-000006,2026-05-18,xslF345X06/wk-form4a_1779322869.xml,recent
2026-05-22,144,0001628280-26-037770,,xsl144X01/primary_doc.xml,recent
2026-05-22,144,0001628280-26-037766,,xsl144X01/primary_doc.xml,recent
2026-05-26,4,0001662210-26-000007,2026-05-22,xslF345X06/wk-form4_1779826321.xml,recent
2026-05-26,4,0001569789-26-000008,2026-05-22,xslF345X06/wk-form4_1779826267.xml,recent
2026-05-26,8-K,0000913760-26-000034,2026-05-22,intl-20260522.htm,recent
2026-06-09,4,0001862195-26-000005,2026-06-08,xslF345X06/wk-form4_1781050950.xml,recent
2026-06-12,144,0001628280-26-042930,,xsl144X01/primary_doc.xml,recent
2026-06-12,144,0001628280-26-042929,,xsl144X01/primary_doc.xml,recent
2026-06-15,144,0001628280-26-043200,,xsl144X01/primary_doc.xml,recent
2026-06-15,144,0001628280-26-043199,,xsl144X01/primary_doc.xml,recent
2026-06-15,144,0001959173-26-004642,,xsl144X01/primary_doc.xml,recent
2026-06-15,4,0001405955-26-000005,2026-06-12,xslF345X06/wk-form4_1781567027.xml,recent
2026-06-15,4,0001862195-26-000007,2026-06-15,xslF345X06/wk-form4_1781566206.xml,recent
2026-06-16,144,0001628280-26-043555,,xsl144X01/primary_doc.xml,recent
2026-06-16,4,0001620576-26-000005,2026-06-12,xslF345X06/wk-form4_1781642129.xml,recent
2026-06-16,4,0001208362-26-000009,2026-06-12,xslF345X06/wk-form4_1781641968.xml,recent
2026-06-16,4,0001547042-26-000010,2026-06-15,xslF345X06/wk-form4_1781641898.xml,recent
2026-06-17,4,0001662210-26-000009,2026-06-15,xslF345X06/wk-form4_1781729699.xml,recent
2026-06-30,144,0001628280-26-046251,,xsl144X01/primary_doc.xml,recent
2026-07-01,4,0001569789-26-000010,2026-06-30,xslF345X06/wk-form4_1782946098.xml,recent
2026-07-15,144,0001959173-26-005227,,xsl144X01/primary_doc.xml,recent
2026-07-16,4,0001547042-26-000012,2026-07-15,xslF345X06/wk-form4_1784253420.xml,recent
2026-07-21,4,0001862195-26-000009,2026-07-20,xslF345X06/wk-form4_1784679459.xml,recent
2026-07-22,144,0001628280-26-049252,,xsl144X01/primary_doc.xml,recent
2026-07-22,144,0001628280-26-049248,,xsl144X01/primary_doc.xml,recent
2026-07-22,144,0001628280-26-049245,,xsl144X01/primary_doc.xml,recent
2026-07-22,144,0001628280-26-049235,,xsl144X01/primary_doc.xml,recent
2026-07-22,144,0001628280-26-049229,,xsl144X01/primary_doc.xml,recent
2026-07-23,4,0001511110-26-000008,2026-07-22,xslF345X06/wk-form4_1784853064.xml,recent
2026-07-23,4,0001208362-26-000011,2026-07-22,xslF345X06/wk-form4_1784853039.xml,recent
2026-07-23,4,0001405955-26-000007,2026-07-22,xslF345X06/wk-form4_1784853007.xml,recent
2026-07-23,4,0001569789-26-000012,2026-07-22,xslF345X06/wk-form4_1784852984.xml,recent
2026-07-23,4,0001662210-26-000011,2026-07-22,xslF345X06/wk-form4_1784852951.xml,recent
2026-07-24,144,0001628280-26-049639,,xsl144X01/primary_doc.xml,recent
2026-07-27,4,0001511110-26-000010,2026-07-24,xslF345X06/wk-form4_1785194944.xml,recent
2026-07-31,SCHEDULE 13G,0002100121-26-000999,,xslSCHEDULE_13G_X02/primary_doc.xml,recent
2026-08-03,4,0001531352-26-000009,2026-07-31,xslF345X06/wk-form4_1785801958.xml,recent
2026-08-03,4,0001318349-26-000015,2026-07-31,xslF345X06/wk-form4_1785801912.xml,recent
2026-08-03,4,0001548006-26-000010,2026-07-31,xslF345X06/wk-form4_1785801877.xml,recent
2026-08-05,10-Q,0000913760-26-000038,2026-06-30,intl-20260630.htm,recent
2026-08-05,144,0001628280-26-052982,,xsl144X01/primary_doc.xml,recent
2026-08-05,4,0001757376-26-000009,2026-07-31,xslF345X06/wk-form4_1785924403.xml,recent
2026-08-05,4,0001210033-26-000009,2026-07-31,xslF345X06/wk-form4_1785924372.xml,recent
2026-08-05,4/A,0001318349-26-000017,2026-07-31,xslF345X06/wk-form4a_1785974456.xml,recent
2026-08-05,8-K,0000913760-26-000037,2026-08-05,intl-20260805.htm,recent
2026-08-06,4,0001318349-26-000019,2026-08-05,xslF345X06/wk-form4_1786049125.xml,recent
2026-08-07,144,0001628280-26-054879,,xsl144X01/primary_doc.xml,recent
2026-08-11,4,0001862195-26-000011,2026-08-10,xslF345X06/wk-form4_1786492744.xml,recent
2026-08-11,4,0001531352-26-000011,2026-08-10,xslF345X06/wk-form4_1786480113.xml,recent
2026-08-11,4,0001662210-26-000013,2026-08-07,xslF345X06/wk-form4_1786479593.xml,recent
2026-08-12,13F-HR,0000913760-26-000039,2026-06-30,xslForm13F_X02/primary_doc.xml,recent
2026-08-14,144,0001628280-26-057185,,xsl144X01/primary_doc.xml,recent
2026-08-17,4,0001405955-26-000009,2026-08-14,xslF345X06/wk-form4_1787012920.xml,recent
2026-08-28,8-K,0000913760-26-000041,2026-08-26,intl-20260826.htm,recent
2026-09-11,4,0001620576-26-000007,2026-09-10,xslF345X06/wk-form4_1789127947.xml,recent
2026-09-14,144,0001628280-26-061915,,xsl144X01/primary_doc.xml,recent
2026-09-14,144,0001628280-26-061913,,xsl144X01/primary_doc.xml,recent
2026-09-15,144,0001628280-26-062071,,xsl144X01/primary_doc.xml,recent
2026-09-15,4,0001662210-26-000015,2026-09-14,xslF345X06/wk-form4_1789522878.xml,recent
2026-09-16,144,0001628280-26-062306,,xsl144X01/primary_doc.xml,recent
2026-09-16,4,0001511110-26-000012,2026-09-14,xslF345X06/wk-form4_1789596074.xml,recent
2026-09-16,4,0001862195-26-000013,2026-09-14,xslF345X06/wk-form4_1789589391.xml,recent
2026-09-28,144,0001628280-26-063723,,xsl144X01/primary_doc.xml,recent
