filingDate,form,accession,reportDate,primaryDocument,source
2001-03-12,REGDEX,9999999997-04-020668,,9999999997-04-020668.paper,CIK0001288776-submissions-003.json
2002-02-01,REGDEX,9999999997-04-020669,,9999999997-04-020669.paper,CIK0001288776-submissions-003.json
2002-04-01,REGDEX,9999999997-04-020670,,9999999997-04-020670.paper,CIK0001288776-submissions-003.json
2002-04-22,REGDEX,9999999997-04-020671,,9999999997-04-020671.paper,CIK0001288776-submissions-003.json
2004-04-29,10-12G,0001193125-04-074059,,d1012g.htm,CIK0001288776-submissions-003.json
2004-04-29,S-1,0001193125-04-073639,,ds1.htm,CIK0001288776-submissions-003.json
2004-05-12,REGDEX,9999999997-04-022343,,9999999997-04-022343.paper,CIK0001288776-submissions-003.json
2004-05-21,S-1/A,0001193125-04-093053,,ds1a.htm,CIK0001288776-submissions-003.json
2004-05-24,10-12G/A,0001193125-04-093646,,d1012ga.htm,CIK0001288776-submissions-003.json
2004-06-21,10-12G/A,0001193125-04-105566,,d1012ga.htm,CIK0001288776-submissions-003.json
2004-06-21,S-1/A,0001193125-04-105564,,ds1a.htm,CIK0001288776-submissions-003.json
2004-06-28,3,0001181431-04-032663,2004-06-28,xslF345X02/rrd46292.xml,CIK0001288776-submissions-003.json
2004-06-28,3,0001181431-04-032646,2004-06-28,xslF345X02/rrd46285.xml,CIK0001288776-submissions-003.json
2004-06-28,3,0001181431-04-032645,2004-06-28,xslF345X02/rrd46281.xml,CIK0001288776-submissions-003.json
2004-06-28,3,0001181431-04-032644,2004-06-28,xslF345X02/rrd46286.xml,CIK0001288776-submissions-003.json
2004-06-28,3,0001181431-04-032643,2004-06-28,xslF345X02/rrd46288.xml,CIK0001288776-submissions-003.json
2004-06-28,3,0001181431-04-032642,2004-06-28,xslF345X02/rrd46284.xml,CIK0001288776-submissions-003.json
2004-06-28,3,0001181431-04-032641,2004-06-28,xslF345X02/rrd46287.xml,CIK0001288776-submissions-003.json
2004-06-28,3,0001181431-04-032639,2004-06-28,xslF345X02/rrd46289.xml,CIK0001288776-submissions-003.json
2004-06-28,3,0001181431-04-032638,2004-06-28,xslF345X02/rrd46290.xml,CIK0001288776-submissions-003.json
2004-06-28,3,0001181431-04-032636,2004-06-28,xslF345X02/rrd46291.xml,CIK0001288776-submissions-003.json
2004-06-28,3,0001181431-04-032634,2004-06-28,xslF345X02/rrd46293.xml,CIK0001288776-submissions-003.json
2004-06-28,3,0001181431-04-032631,2004-06-28,xslF345X02/rrd46294.xml,CIK0001288776-submissions-003.json
2004-06-28,3,0001181431-04-032630,2004-06-28,xslF345X02/rrd46295.xml,CIK0001288776-submissions-003.json
2004-06-28,3,0001181431-04-032629,2004-06-28,xslF345X02/rrd46296.xml,CIK0001288776-submissions-003.json
2004-06-28,3,0001181431-04-032628,2004-06-28,xslF345X02/rrd46297.xml,CIK0001288776-submissions-003.json
2004-07-07,10-12G/A,0001193125-04-114518,,d1012ga.htm,CIK0001288776-submissions-003.json
2004-07-09,8-K,0001193125-04-115812,2004-07-06,d8k.htm,CIK0001288776-submissions-003.json
2004-07-12,S-1/A,0001193125-04-116608,,ds1a.htm,CIK0001288776-submissions-003.json
2004-07-26,S-1/A,0001193125-04-124025,,ds1a.htm,CIK0001288776-submissions-003.json
2004-07-28,S-8,0001193125-04-126277,,ds8.htm,CIK0001288776-submissions-003.json
2004-07-29,REGDEX,9999999997-04-031637,,9999999997-04-031637.paper,CIK0001288776-submissions-003.json
2004-08-04,S-1,0001193125-04-131481,,ds1.htm,CIK0001288776-submissions-003.json
2004-08-06,S-1/A,0001193125-04-134174,,ds1a.htm,CIK0001288776-submissions-003.json
2004-08-09,S-1/A,0001193125-04-135503,,ds1a.htm,CIK0001288776-submissions-003.json
2004-08-11,S-1/A,0001193125-04-138034,,ds1a.htm,CIK0001288776-submissions-003.json
2004-08-13,S-1/A,0001193125-04-139655,,ds1a.htm,CIK0001288776-submissions-003.json
2004-08-16,10-Q,0001193125-04-141838,2004-06-30,d10q.htm,CIK0001288776-submissions-003.json
2004-08-16,S-1/A,0001193125-04-141762,,ds1a.htm,CIK0001288776-submissions-003.json
2004-08-18,10-Q/A,0001193125-04-142809,2004-06-30,d10qa.htm,CIK0001288776-submissions-003.json
2004-08-18,S-1/A,0001193125-04-142742,,ds1a.htm,CIK0001288776-submissions-003.json
2004-08-19,424B4,0001193125-04-143377,,d424b4.htm,CIK0001288776-submissions-003.json
2004-08-20,3,0001105705-04-000029,2004-06-28,xslF345X02/edgar.xml,CIK0001288776-submissions-003.json
2004-08-20,4,0001105705-04-000030,2004-08-18,xslF345X02/edgar.xml,CIK0001288776-submissions-003.json
2004-08-25,4,0001181431-04-041781,2004-08-24,xslF345X02/rrd50968.xml,CIK0001288776-submissions-003.json
2004-08-25,4,0001181431-04-041780,2004-08-24,xslF345X02/rrd50983.xml,CIK0001288776-submissions-003.json
2004-08-25,4,0001181431-04-041779,2004-08-24,xslF345X02/rrd50988.xml,CIK0001288776-submissions-003.json
2004-08-25,4,0001181431-04-041778,2004-08-24,xslF345X02/rrd50942.xml,CIK0001288776-submissions-003.json
2004-08-25,4,0001181431-04-041775,2004-08-24,xslF345X02/rrd50966.xml,CIK0001288776-submissions-003.json
2004-08-25,4,0001181431-04-041773,2004-08-24,xslF345X02/rrd50961.xml,CIK0001288776-submissions-003.json
2004-08-25,4,0001181431-04-041770,2004-08-24,xslF345X02/rrd50977.xml,CIK0001288776-submissions-003.json
2004-08-25,4,0001181431-04-041769,2004-08-24,xslF345X02/rrd50978.xml,CIK0001288776-submissions-003.json
2004-08-25,4,0001181431-04-041768,2004-08-24,xslF345X02/rrd50953.xml,CIK0001288776-submissions-003.json
2004-08-25,4,0001105705-04-000032,2004-08-24,xslF345X02/edgar.xml,CIK0001288776-submissions-003.json
2004-08-26,UPLOAD,0000000000-04-027514,,filename1.txt,CIK0001288776-submissions-003.json
2004-08-27,3,0001104659-04-026032,2004-06-28,xslF345X02/a3.xml,CIK0001288776-submissions-003.json
2004-08-27,4,0001104659-04-026034,2004-08-09,xslF345X02/a4.xml,CIK0001288776-submissions-003.json
2004-09-10,SC 13G,0000315066-04-002071,,filing.txt,CIK0001288776-submissions-003.json
2004-09-24,S-8,0001193125-04-161625,,ds8.htm,CIK0001288776-submissions-003.json
2004-09-29,S-8,0001193125-04-164115,,ds8.htm,CIK0001288776-submissions-003.json
2004-10-05,SC 13G,0000704051-04-000253,,google.txt,CIK0001288776-submissions-003.json
2004-10-08,8-K,0001193125-04-169234,2004-10-05,d8k.htm,CIK0001288776-submissions-003.json
2004-10-21,8-K,0001193125-04-175503,2004-10-21,d8k.htm,CIK0001288776-submissions-003.json
2004-10-26,S-1/A,0001193125-04-177544,,ds1a.htm,CIK0001288776-submissions-003.json
2004-10-29,REGDEX,9999999997-04-041913,,9999999997-04-041913.paper,CIK0001288776-submissions-003.json
2004-10-29,S-8,0001193125-04-181872,,ds8.htm,CIK0001288776-submissions-003.json
2004-11-08,UPLOAD,0000000000-04-035843,,filename1.txt,CIK0001288776-submissions-003.json
2004-11-12,S-1/A,0001193125-04-195558,,ds1a.htm,CIK0001288776-submissions-003.json
2004-11-15,10-Q,0001193125-04-197540,2004-09-30,d10q.htm,CIK0001288776-submissions-003.json
2004-11-15,SC 13G,0001104659-04-035729,,a04-13532_1sc13g.htm,CIK0001288776-submissions-003.json
2004-11-16,UPLOAD,0000000000-04-036685,,filename1.txt,CIK0001288776-submissions-003.json
2004-11-18,4,0001181431-04-054083,2004-11-16,xslF345X02/rrd58558.xml,CIK0001288776-submissions-003.json
2004-11-18,4,0001181431-04-054080,2004-11-16,xslF345X02/rrd58556.xml,CIK0001288776-submissions-003.json
2004-11-18,S-1/A,0001193125-04-199531,,ds1a.htm,CIK0001288776-submissions-003.json
2004-11-19,3/A,0001179110-04-021793,2004-11-18,xslF345X02/edgar.xml,CIK0001288776-submissions-003.json
2004-11-19,4,0001181431-04-054368,2004-11-17,xslF345X02/rrd58669.xml,CIK0001288776-submissions-003.json
2004-11-19,4,0001181431-04-054367,2004-11-16,xslF345X02/rrd58661.xml,CIK0001288776-submissions-003.json
2004-11-19,4,0001181431-04-054366,2004-11-16,xslF345X02/rrd58649.xml,CIK0001288776-submissions-003.json
2004-11-19,4,0001181431-04-054365,2004-11-16,xslF345X02/rrd58631.xml,CIK0001288776-submissions-003.json
2004-11-19,4,0001181431-04-054364,2004-11-08,xslF345X02/rrd58706.xml,CIK0001288776-submissions-003.json
2004-11-19,4,0001179110-04-021795,2004-11-17,xslF345X02/edgar.xml,CIK0001288776-submissions-003.json
2004-11-19,4,0001179110-04-021794,2004-11-08,xslF345X02/edgar.xml,CIK0001288776-submissions-003.json
2004-11-19,4,0001181431-04-054311,2004-11-17,xslF345X02/rrd58705.xml,CIK0001288776-submissions-003.json
2004-11-19,8-K,0001193125-04-200881,2004-11-19,d8k.htm,CIK0001288776-submissions-003.json
2004-11-22,4,0001181431-04-054593,2004-11-18,xslF345X02/rrd58764.xml,CIK0001288776-submissions-003.json
2004-11-22,4,0001181431-04-054588,2004-11-18,xslF345X02/rrd58824.xml,CIK0001288776-submissions-003.json
2004-11-22,4,0001181431-04-054587,2004-11-18,xslF345X02/rrd58820.xml,CIK0001288776-submissions-003.json
2004-11-22,4,0001181431-04-054586,2004-11-18,xslF345X02/rrd58809.xml,CIK0001288776-submissions-003.json
2004-11-22,4,0001181431-04-054585,2004-11-18,xslF345X02/rrd58791.xml,CIK0001288776-submissions-003.json
2004-11-23,S-1/A,0001193125-04-202434,,ds1a.htm,CIK0001288776-submissions-003.json
2004-11-24,4,0001181431-04-055183,2004-11-22,xslF345X02/rrd59289.xml,CIK0001288776-submissions-003.json
2004-11-24,4,0001181431-04-055182,2004-10-08,xslF345X02/rrd59258.xml,CIK0001288776-submissions-003.json
2004-11-24,4,0001181431-04-055181,2004-11-22,xslF345X02/rrd59102.xml,CIK0001288776-submissions-003.json
2004-11-24,4,0001181431-04-055180,2004-10-08,xslF345X02/rrd59089.xml,CIK0001288776-submissions-003.json
2004-11-24,4,0001181431-04-055177,2004-11-22,xslF345X02/rrd59161.xml,CIK0001288776-submissions-003.json
2004-11-24,4,0001181431-04-055176,2004-10-08,xslF345X02/rrd59140.xml,CIK0001288776-submissions-003.json
2004-11-29,4,0001181431-04-055401,2004-11-24,xslF345X02/rrd59431.xml,CIK0001288776-submissions-003.json
2004-11-30,424B3,0001193125-04-204864,,d424b3.htm,CIK0001288776-submissions-003.json
2004-12-01,4,0001181431-04-055967,2004-11-29,xslF345X02/rrd59719.xml,CIK0001288776-submissions-003.json
2004-12-01,4/A,0001181431-04-055990,2004-11-24,xslF345X02/rrd59627.xml,CIK0001288776-submissions-003.json
2004-12-01,4/A,0001181431-04-055989,2004-11-24,xslF345X02/rrd59603.xml,CIK0001288776-submissions-003.json
2004-12-01,4/A,0001181431-04-055988,2004-11-24,xslF345X02/rrd59602.xml,CIK0001288776-submissions-003.json
2004-12-01,4/A,0001181431-04-055987,2004-11-24,xslF345X02/rrd59600.xml,CIK0001288776-submissions-003.json
2004-12-01,4/A,0001181431-04-055986,2004-11-24,xslF345X02/rrd59699.xml,CIK0001288776-submissions-003.json
2004-12-01,4/A,0001181431-04-055985,2004-11-24,xslF345X02/rrd59599.xml,CIK0001288776-submissions-003.json
2004-12-01,4/A,0001181431-04-055984,2004-11-24,xslF345X02/rrd59597.xml,CIK0001288776-submissions-003.json
2004-12-01,4/A,0001181431-04-055983,2004-11-24,xslF345X02/rrd59596.xml,CIK0001288776-submissions-003.json
2004-12-01,4/A,0001181431-04-055982,2004-11-24,xslF345X02/rrd59595.xml,CIK0001288776-submissions-003.json
2004-12-01,4/A,0001181431-04-055981,2004-11-24,xslF345X02/rrd59594.xml,CIK0001288776-submissions-003.json
2004-12-01,4/A,0001181431-04-055980,2004-11-24,xslF345X02/rrd59593.xml,CIK0001288776-submissions-003.json
2004-12-01,4/A,0001181431-04-055979,2004-11-24,xslF345X02/rrd59592.xml,CIK0001288776-submissions-003.json
2004-12-01,4/A,0001181431-04-055978,2004-11-24,xslF345X02/rrd59591.xml,CIK0001288776-submissions-003.json
2004-12-01,4/A,0001181431-04-055977,2004-11-24,xslF345X02/rrd59590.xml,CIK0001288776-submissions-003.json
2004-12-01,4/A,0001181431-04-055976,2004-11-24,xslF345X02/rrd59589.xml,CIK0001288776-submissions-003.json
2004-12-01,4/A,0001181431-04-055975,2004-11-24,xslF345X02/rrd59585.xml,CIK0001288776-submissions-003.json
2004-12-02,4,0001181431-04-056400,2004-12-01,xslF345X02/rrd59970.xml,CIK0001288776-submissions-003.json
2004-12-06,4,0001181431-04-057067,2004-12-02,xslF345X02/rrd60060.xml,CIK0001288776-submissions-003.json
2004-12-06,4,0001181431-04-057065,2004-12-02,xslF345X02/rrd60107.xml,CIK0001288776-submissions-003.json
2004-12-07,4,0001181431-04-057334,2004-12-06,xslF345X02/rrd60379.xml,CIK0001288776-submissions-003.json
2004-12-07,4,0001181431-04-057333,2004-12-06,xslF345X02/rrd60377.xml,CIK0001288776-submissions-003.json
2004-12-08,4,0001181431-04-057562,2004-12-07,xslF345X02/rrd60545.xml,CIK0001288776-submissions-003.json
2004-12-08,4,0001181431-04-057561,2004-12-07,xslF345X02/rrd60544.xml,CIK0001288776-submissions-003.json
2004-12-08,4,0001181431-04-057560,2004-12-07,xslF345X02/rrd60544.xml,CIK0001288776-submissions-003.json
2004-12-10,4,0001181431-04-057886,2004-12-08,xslF345X02/rrd60860.xml,CIK0001288776-submissions-003.json
2004-12-10,4,0001181431-04-057885,2004-12-08,xslF345X02/rrd60852.xml,CIK0001288776-submissions-003.json
2004-12-10,4,0001181431-04-057883,2004-12-08,xslF345X02/rrd60846.xml,CIK0001288776-submissions-003.json
2004-12-10,SC 13G/A,0000704051-04-000355,,google.txt,CIK0001288776-submissions-003.json
2004-12-13,4,0001181431-04-058511,2004-12-10,xslF345X02/rrd61000.xml,CIK0001288776-submissions-003.json
2004-12-13,4,0001181431-04-058509,2004-12-10,xslF345X02/rrd60990.xml,CIK0001288776-submissions-003.json
2004-12-13,4,0001181431-04-058483,2004-12-09,xslF345X02/rrd60844.xml,CIK0001288776-submissions-003.json
2004-12-14,4,0001181431-04-058793,2004-12-13,xslF345X02/rrd61247.xml,CIK0001288776-submissions-003.json
2004-12-16,4,0001181431-04-059437,2004-12-13,xslF345X02/rrd61514.xml,CIK0001288776-submissions-003.json
2004-12-16,4,0001181431-04-059436,2004-12-01,xslF345X02/rrd61366.xml,CIK0001288776-submissions-003.json
2004-12-16,4,0001181431-04-059434,2004-12-14,xslF345X02/rrd61406.xml,CIK0001288776-submissions-003.json
2004-12-16,4,0001181431-04-059433,2004-12-14,xslF345X02/rrd61405.xml,CIK0001288776-submissions-003.json
2004-12-16,4,0001181431-04-059432,2004-12-14,xslF345X02/rrd61400.xml,CIK0001288776-submissions-003.json
2004-12-20,4,0001181431-04-059956,2004-12-03,xslF345X02/rrd62046.xml,CIK0001288776-submissions-003.json
2004-12-21,4,0001181431-04-060102,2004-12-20,xslF345X02/rrd62220.xml,CIK0001288776-submissions-003.json
2004-12-29,4,0001181431-04-061187,2004-12-27,xslF345X02/rrd62864.xml,CIK0001288776-submissions-003.json
2004-12-29,4,0001181431-04-061179,2004-12-28,xslF345X02/rrd62854.xml,CIK0001288776-submissions-003.json
2004-12-30,4,0001181431-04-061328,2004-12-30,xslF345X02/rrd63010.xml,CIK0001288776-submissions-003.json
2005-01-04,4,0001181431-05-001275,2004-12-31,xslF345X02/rrd63623.xml,CIK0001288776-submissions-003.json
2005-01-04,4,0001181431-05-001274,2004-12-31,xslF345X02/rrd63620.xml,CIK0001288776-submissions-003.json
2005-01-04,4,0001181431-05-001273,2004-12-31,xslF345X02/rrd63612.xml,CIK0001288776-submissions-003.json
2005-01-04,4,0001181431-05-001271,2004-12-31,xslF345X02/rrd63608.xml,CIK0001288776-submissions-003.json
2005-01-04,4,0001181431-05-001270,2004-12-31,xslF345X02/rrd63603.xml,CIK0001288776-submissions-003.json
2005-01-04,4,0001181431-05-001269,2004-12-31,xslF345X02/rrd63601.xml,CIK0001288776-submissions-003.json
2005-01-04,4,0001181431-05-001268,2004-12-31,xslF345X02/rrd63594.xml,CIK0001288776-submissions-003.json
2005-01-04,4,0001181431-05-001267,2004-12-31,xslF345X02/rrd63590.xml,CIK0001288776-submissions-003.json
2005-01-04,4,0001181431-05-001266,2004-12-31,xslF345X02/rrd63587.xml,CIK0001288776-submissions-003.json
2005-01-04,4,0001181431-05-001264,2004-12-31,xslF345X02/rrd63584.xml,CIK0001288776-submissions-003.json
2005-01-04,4,0001181431-05-001263,2004-12-31,xslF345X02/rrd63580.xml,CIK0001288776-submissions-003.json
2005-01-04,4,0001181431-05-001261,2004-12-31,xslF345X02/rrd63575.xml,CIK0001288776-submissions-003.json
2005-01-04,4,0001181431-05-001260,2004-12-31,xslF345X02/rrd63570.xml,CIK0001288776-submissions-003.json
2005-01-04,4,0001181431-05-001259,2004-12-31,xslF345X02/rrd63569.xml,CIK0001288776-submissions-003.json
2005-01-04,4,0001181431-05-001258,2004-12-31,xslF345X02/rrd63562.xml,CIK0001288776-submissions-003.json
2005-01-04,4,0001181431-05-001257,2004-12-31,xslF345X02/rrd63552.xml,CIK0001288776-submissions-003.json
2005-01-04,4,0001181431-05-001255,2004-12-31,xslF345X02/rrd63522.xml,CIK0001288776-submissions-003.json
2005-01-04,4,0001181431-05-001252,2004-12-31,xslF345X02/rrd63517.xml,CIK0001288776-submissions-003.json
2005-01-04,4,0001181431-05-001249,2004-12-31,xslF345X02/rrd63513.xml,CIK0001288776-submissions-003.json
2005-01-04,4,0001181431-05-001248,2004-12-31,xslF345X02/rrd63512.xml,CIK0001288776-submissions-003.json
2005-01-04,4,0001181431-05-001247,2004-12-31,xslF345X02/rrd63506.xml,CIK0001288776-submissions-003.json
2005-01-04,4,0001181431-05-001246,2004-12-31,xslF345X02/rrd63503.xml,CIK0001288776-submissions-003.json
2005-01-04,4,0001181431-05-001245,2004-12-31,xslF345X02/rrd63495.xml,CIK0001288776-submissions-003.json
2005-01-04,4,0001181431-05-001239,2004-12-31,xslF345X02/rrd63473.xml,CIK0001288776-submissions-003.json
2005-01-05,4,0001181431-05-001591,2005-01-04,xslF345X02/rrd63885.xml,CIK0001288776-submissions-003.json
2005-01-05,4,0001181431-05-001345,2005-01-03,xslF345X02/rrd63547.xml,CIK0001288776-submissions-003.json
2005-01-05,4,0001181431-05-001342,2005-01-03,xslF345X02/rrd63531.xml,CIK0001288776-submissions-003.json
2005-01-05,4,0001181431-05-001341,2005-01-03,xslF345X02/rrd63504.xml,CIK0001288776-submissions-003.json
2005-01-06,4,0001181431-05-001932,2005-01-05,xslF345X02/rrd64026.xml,CIK0001288776-submissions-003.json
2005-01-06,4,0001181431-05-001931,2005-01-05,xslF345X02/rrd64018.xml,CIK0001288776-submissions-003.json
2005-01-13,4,0001181431-05-002772,2005-01-13,xslF345X02/rrd64678.xml,CIK0001288776-submissions-003.json
2005-01-13,8-K,0001193125-05-005775,2005-01-13,d8k.htm,CIK0001288776-submissions-003.json
2005-01-18,4,0001181431-05-003253,2005-01-14,xslF345X02/rrd65020.xml,CIK0001288776-submissions-003.json
2005-01-19,4,0001181431-05-003606,2005-01-18,xslF345X02/rrd65108.xml,CIK0001288776-submissions-003.json
2005-01-19,4,0001181431-05-003605,2005-01-18,xslF345X02/rrd65105.xml,CIK0001288776-submissions-003.json
2005-01-21,4,0001181431-05-004300,2005-01-19,xslF345X02/rrd65681.xml,CIK0001288776-submissions-003.json
2005-01-21,4,0001181431-05-004299,2005-01-19,xslF345X02/rrd65670.xml,CIK0001288776-submissions-003.json
2005-01-24,4,0001181431-05-004564,2005-01-21,xslF345X02/rrd65847.xml,CIK0001288776-submissions-003.json
2005-01-24,4,0001181431-05-004563,2005-01-21,xslF345X02/rrd65844.xml,CIK0001288776-submissions-003.json
2005-01-24,4,0001181431-05-004562,2005-01-20,xslF345X02/rrd65800.xml,CIK0001288776-submissions-003.json
2005-01-24,4,0001181431-05-004561,2005-01-20,xslF345X02/rrd65798.xml,CIK0001288776-submissions-003.json
2005-01-27,4,0001181431-05-005251,2005-01-27,xslF345X02/rrd66331.xml,CIK0001288776-submissions-003.json
2005-01-31,4,0001181431-05-005785,2005-01-31,xslF345X02/rrd66691.xml,CIK0001288776-submissions-003.json
2005-02-01,8-K,0001193125-05-016344,2005-02-01,d8k.htm,CIK0001288776-submissions-003.json
2005-02-02,4,0001181431-05-006616,2005-01-31,xslF345X02/rrd66915.xml,CIK0001288776-submissions-003.json
2005-02-02,4,0001181431-05-006615,2005-01-31,xslF345X02/rrd66914.xml,CIK0001288776-submissions-003.json
2005-02-02,4,0001181431-05-006614,2005-01-31,xslF345X02/rrd66912.xml,CIK0001288776-submissions-003.json
2005-02-02,4,0001181431-05-006613,2005-01-31,xslF345X02/rrd66911.xml,CIK0001288776-submissions-003.json
2005-02-02,4,0001181431-05-006612,2005-01-31,xslF345X02/rrd66908.xml,CIK0001288776-submissions-003.json
2005-02-02,4,0001181431-05-006611,2005-01-31,xslF345X02/rrd66907.xml,CIK0001288776-submissions-003.json
2005-02-02,4,0001181431-05-006610,2005-01-31,xslF345X02/rrd66903.xml,CIK0001288776-submissions-003.json
2005-02-02,4,0001181431-05-006609,2005-01-31,xslF345X02/rrd66902.xml,CIK0001288776-submissions-003.json
2005-02-02,4,0001181431-05-006606,2005-01-31,xslF345X02/rrd66901.xml,CIK0001288776-submissions-003.json
2005-02-02,4,0001181431-05-006605,2005-01-31,xslF345X02/rrd66899.xml,CIK0001288776-submissions-003.json
2005-02-02,4,0001181431-05-006604,2005-01-31,xslF345X02/rrd66898.xml,CIK0001288776-submissions-003.json
2005-02-02,4,0001181431-05-006603,2005-01-31,xslF345X02/rrd66897.xml,CIK0001288776-submissions-003.json
2005-02-02,4,0001181431-05-006602,2005-01-31,xslF345X02/rrd66894.xml,CIK0001288776-submissions-003.json
2005-02-02,4,0001181431-05-006601,2005-01-31,xslF345X02/rrd66893.xml,CIK0001288776-submissions-003.json
2005-02-02,4,0001181431-05-006600,2005-01-31,xslF345X02/rrd66891.xml,CIK0001288776-submissions-003.json
2005-02-02,4,0001181431-05-006599,2005-01-31,xslF345X02/rrd66890.xml,CIK0001288776-submissions-003.json
2005-02-02,4,0001181431-05-006598,2005-01-31,xslF345X02/rrd66887.xml,CIK0001288776-submissions-003.json
2005-02-02,4,0001181431-05-006597,2005-01-31,xslF345X02/rrd66880.xml,CIK0001288776-submissions-003.json
2005-02-02,4,0001181431-05-006596,2005-01-31,xslF345X02/rrd66866.xml,CIK0001288776-submissions-003.json
2005-02-02,4,0001181431-05-006595,2005-01-31,xslF345X02/rrd66864.xml,CIK0001288776-submissions-003.json
2005-02-02,4,0001181431-05-006594,2005-01-31,xslF345X02/rrd66862.xml,CIK0001288776-submissions-003.json
2005-02-02,4,0001181431-05-006592,2005-01-31,xslF345X02/rrd66860.xml,CIK0001288776-submissions-003.json
2005-02-02,4,0001181431-05-006591,2005-01-31,xslF345X02/rrd66859.xml,CIK0001288776-submissions-003.json
2005-02-02,4,0001181431-05-006590,2005-01-31,xslF345X02/rrd66858.xml,CIK0001288776-submissions-003.json
2005-02-02,4,0001181431-05-006589,2005-01-31,xslF345X02/rrd66856.xml,CIK0001288776-submissions-003.json
2005-02-02,4,0001181431-05-006588,2005-01-31,xslF345X02/rrd66854.xml,CIK0001288776-submissions-003.json
2005-02-02,4,0001181431-05-006587,2005-01-31,xslF345X02/rrd66842.xml,CIK0001288776-submissions-003.json
2005-02-03,4,0001181431-05-006772,2004-08-24,xslF345X02/rrd67159.xml,CIK0001288776-submissions-003.json
2005-02-04,4,0001181431-05-007309,2005-02-03,xslF345X02/rrd67490.xml,CIK0001288776-submissions-003.json
2005-02-04,4,0001181431-05-007307,2005-02-03,xslF345X02/rrd67488.xml,CIK0001288776-submissions-003.json
2005-02-04,4,0001181431-05-007257,2005-02-03,xslF345X02/rrd67459.xml,CIK0001288776-submissions-003.json
2005-02-04,4,0001179110-05-002469,2005-02-01,xslF345X02/edgar.xml,CIK0001288776-submissions-003.json
2005-02-04,SC 13G,0001105705-05-000013,,g05-01_3113ggoogle.txt,CIK0001288776-submissions-003.json
2005-02-07,4,0001181431-05-007604,2005-02-07,xslF345X02/rrd67651.xml,CIK0001288776-submissions-003.json
2005-02-08,4,0001179110-05-002789,2005-02-04,xslF345X02/edgar.xml,CIK0001288776-submissions-003.json
2005-02-09,4,0001181431-05-008431,2005-02-08,xslF345X02/rrd68026.xml,CIK0001288776-submissions-003.json
2005-02-09,4,0001181431-05-008429,2005-02-08,xslF345X02/rrd68012.xml,CIK0001288776-submissions-003.json
2005-02-09,4,0001181431-05-008428,2005-02-07,xslF345X02/rrd68005.xml,CIK0001288776-submissions-003.json
2005-02-09,4,0001181431-05-008427,2005-02-07,xslF345X02/rrd67999.xml,CIK0001288776-submissions-003.json
2005-02-09,4,0001181431-05-008426,2005-02-07,xslF345X02/rrd67983.xml,CIK0001288776-submissions-003.json
2005-02-09,4,0001181431-05-008416,2005-02-08,xslF345X02/rrd68021.xml,CIK0001288776-submissions-003.json
2005-02-09,4,0001181431-05-008415,2005-02-08,xslF345X02/rrd67880.xml,CIK0001288776-submissions-003.json
2005-02-09,SC 13G,0001104659-05-004903,,a05-2886_15sc13g.htm,CIK0001288776-submissions-003.json
2005-02-10,4,0001181431-05-008721,2005-02-10,xslF345X02/rrd68201.xml,CIK0001288776-submissions-003.json
2005-02-10,4,0001181431-05-008718,2005-02-09,xslF345X02/rrd68088.xml,CIK0001288776-submissions-003.json
2005-02-10,4,0001181431-05-008716,2005-02-09,xslF345X02/rrd68085.xml,CIK0001288776-submissions-003.json
2005-02-10,4,0001181431-05-008714,2005-02-09,xslF345X02/rrd68080.xml,CIK0001288776-submissions-003.json
2005-02-10,4,0001181431-05-008677,2005-02-10,xslF345X02/rrd68236.xml,CIK0001288776-submissions-003.json
2005-02-10,SC 13G,0000950005-05-000138,,p19126_13g.txt,CIK0001288776-submissions-003.json
2005-02-11,4,0001181431-05-009043,2005-02-10,xslF345X02/rrd68392.xml,CIK0001288776-submissions-003.json
2005-02-11,4,0001181431-05-009042,2005-02-10,xslF345X02/rrd68387.xml,CIK0001288776-submissions-003.json
2005-02-11,4,0001181431-05-009041,2005-02-10,xslF345X02/rrd68381.xml,CIK0001288776-submissions-003.json
2005-02-11,SC 13G,0000053417-05-000062,,goog04.txt,CIK0001288776-submissions-003.json
2005-02-14,4,0001181431-05-009768,2004-08-24,xslF345X02/rrd68351.xml,CIK0001288776-submissions-003.json
2005-02-14,4/A,0001181431-05-009868,2004-11-22,xslF345X02/rrd66631.xml,CIK0001288776-submissions-003.json
2005-02-14,4/A,0001181431-05-009770,2004-12-09,xslF345X02/rrd68307.xml,CIK0001288776-submissions-003.json
2005-02-14,4/A,0001179110-05-003397,2005-02-01,xslF345X02/edgar.xml,CIK0001288776-submissions-003.json
2005-02-14,4/A,0001179110-05-003395,2004-11-17,xslF345X02/edgar.xml,CIK0001288776-submissions-003.json
2005-02-14,4/A,0001179110-05-003394,2004-11-08,xslF345X02/edgar.xml,CIK0001288776-submissions-003.json
2005-02-14,REGDEX,9999999997-05-005665,,9999999997-05-005665.paper,CIK0001288776-submissions-003.json
2005-02-14,SC 13G,0001193125-05-029609,,dsc13g.htm,CIK0001288776-submissions-003.json
2005-02-14,SC 13G,0001137774-05-000058,,goog.htm,CIK0001288776-submissions-003.json
2005-02-14,SC 13G,0001104659-05-006197,,a05-2886_15sc13g.htm,CIK0001288776-submissions-003.json
2005-02-14,SC 13G/A,0000315066-05-000758,,filing.txt,CIK0001288776-submissions-003.json
2005-02-15,4,0001181431-05-010229,2005-02-14,xslF345X02/rrd69051.xml,CIK0001288776-submissions-003.json
2005-02-15,4,0001181431-05-010228,2005-02-14,xslF345X02/rrd69046.xml,CIK0001288776-submissions-003.json
2005-02-15,4,0001181431-05-010227,2005-02-14,xslF345X02/rrd69038.xml,CIK0001288776-submissions-003.json
2005-02-15,4,0001181431-05-010226,2005-02-14,xslF345X02/rrd69018.xml,CIK0001288776-submissions-003.json
2005-02-15,4,0001181431-05-010217,2005-02-14,xslF345X02/rrd69021.xml,CIK0001288776-submissions-003.json
2005-02-15,4,0001181431-05-010215,2005-02-14,xslF345X02/rrd68851.xml,CIK0001288776-submissions-003.json
2005-02-15,SC 13G,0001193125-05-029614,,dsc13g.htm,CIK0001288776-submissions-003.json
2005-02-15,SC 13G,0001193125-05-029615,,dsc13g.htm,CIK0001288776-submissions-003.json
2005-02-15,SC 13G/A,0000357235-05-000118,,google.txt,CIK0001288776-submissions-003.json
2005-02-16,4,0001181431-05-010790,2005-02-14,xslF345X02/rrd69291.xml,CIK0001288776-submissions-003.json
2005-02-16,4,0001181431-05-010789,2005-02-14,xslF345X02/rrd69288.xml,CIK0001288776-submissions-003.json
2005-02-16,4,0001181431-05-010788,2005-02-14,xslF345X02/rrd69290.xml,CIK0001288776-submissions-003.json
2005-02-16,4,0001181431-05-010787,2005-02-14,xslF345X02/rrd69283.xml,CIK0001288776-submissions-003.json
2005-02-16,4,0001181431-05-010786,2005-02-14,xslF345X02/rrd69279.xml,CIK0001288776-submissions-003.json
2005-02-16,4,0001181431-05-010785,2005-02-14,xslF345X02/rrd69276.xml,CIK0001288776-submissions-003.json
2005-02-16,4,0001181431-05-010782,2005-02-14,xslF345X02/rrd69272.xml,CIK0001288776-submissions-003.json
2005-02-16,4,0001181431-05-010780,2005-02-14,xslF345X02/rrd69261.xml,CIK0001288776-submissions-003.json
2005-02-16,4,0001181431-05-010778,2005-02-14,xslF345X02/rrd69259.xml,CIK0001288776-submissions-003.json
2005-02-16,4,0001181431-05-010764,2005-02-14,xslF345X02/rrd69258.xml,CIK0001288776-submissions-003.json
2005-02-16,4,0001181431-05-010760,2005-02-14,xslF345X02/rrd69257.xml,CIK0001288776-submissions-003.json
2005-02-16,4,0001181431-05-010757,2005-02-14,xslF345X02/rrd69249.xml,CIK0001288776-submissions-003.json
2005-02-16,4,0001181431-05-010754,2005-02-14,xslF345X02/rrd69248.xml,CIK0001288776-submissions-003.json
2005-02-16,4,0001181431-05-010752,2005-02-14,xslF345X02/rrd69233.xml,CIK0001288776-submissions-003.json
2005-02-16,4,0001181431-05-010748,2005-02-14,xslF345X02/rrd69141.xml,CIK0001288776-submissions-003.json
2005-02-16,4,0001181431-05-010746,2005-02-14,xslF345X02/rrd69140.xml,CIK0001288776-submissions-003.json
2005-02-16,4,0001181431-05-010743,2005-02-14,xslF345X02/rrd69139.xml,CIK0001288776-submissions-003.json
2005-02-16,4,0001181431-05-010742,2005-02-14,xslF345X02/rrd69138.xml,CIK0001288776-submissions-003.json
2005-02-16,4,0001181431-05-010741,2005-02-14,xslF345X02/rrd69135.xml,CIK0001288776-submissions-003.json
2005-02-16,4,0001181431-05-010738,2005-02-14,xslF345X02/rrd69137.xml,CIK0001288776-submissions-003.json
2005-02-16,4,0001181431-05-010736,2005-02-14,xslF345X02/rrd69105.xml,CIK0001288776-submissions-003.json
2005-02-16,4,0001181431-05-010663,2005-02-14,xslF345X02/rrd69260.xml,CIK0001288776-submissions-003.json
2005-02-16,4,0001181431-05-010662,2005-02-14,xslF345X02/rrd69256.xml,CIK0001288776-submissions-003.json
2005-02-16,4,0001181431-05-010660,2005-02-14,xslF345X02/rrd69255.xml,CIK0001288776-submissions-003.json
2005-02-16,4,0001181431-05-010659,2005-02-14,xslF345X02/rrd69251.xml,CIK0001288776-submissions-003.json
2005-02-16,4,0001181431-05-010657,2005-02-14,xslF345X02/rrd69247.xml,CIK0001288776-submissions-003.json
2005-02-16,4,0001181431-05-010656,2005-02-14,xslF345X02/rrd69242.xml,CIK0001288776-submissions-003.json
2005-02-16,4,0001181431-05-010655,2005-02-14,xslF345X02/rrd69234.xml,CIK0001288776-submissions-003.json
2005-02-16,4,0001181431-05-010651,2005-02-14,xslF345X02/rrd69218.xml,CIK0001288776-submissions-003.json
2005-02-16,4,0001181431-05-010649,2005-02-14,xslF345X02/rrd69217.xml,CIK0001288776-submissions-003.json
2005-02-16,4,0001181431-05-010645,2005-02-14,xslF345X02/rrd69215.xml,CIK0001288776-submissions-003.json
2005-02-16,4,0001181431-05-010643,2005-02-14,xslF345X02/rrd69212.xml,CIK0001288776-submissions-003.json
2005-02-16,4,0001181431-05-010642,2005-02-14,xslF345X02/rrd69209.xml,CIK0001288776-submissions-003.json
2005-02-16,4,0001181431-05-010639,2005-02-14,xslF345X02/rrd69206.xml,CIK0001288776-submissions-003.json
2005-02-16,4,0001181431-05-010636,2005-02-14,xslF345X02/rrd69202.xml,CIK0001288776-submissions-003.json
2005-02-16,4,0001181431-05-010634,2005-02-14,xslF345X02/rrd69126.xml,CIK0001288776-submissions-003.json
2005-02-16,4,0001181431-05-010631,2005-02-14,xslF345X02/rrd69125.xml,CIK0001288776-submissions-003.json
2005-02-16,4,0001181431-05-010629,2005-02-14,xslF345X02/rrd69120.xml,CIK0001288776-submissions-003.json
2005-02-16,4,0001181431-05-010628,2005-02-14,xslF345X02/rrd69114.xml,CIK0001288776-submissions-003.json
2005-02-16,4,0001181431-05-010627,2005-02-14,xslF345X02/rrd69108.xml,CIK0001288776-submissions-003.json
2005-02-16,4,0001181431-05-010626,2005-02-14,xslF345X02/rrd69103.xml,CIK0001288776-submissions-003.json
2005-02-16,4,0001181431-05-010624,2005-02-14,xslF345X02/rrd69101.xml,CIK0001288776-submissions-003.json
2005-02-16,4,0001181431-05-010575,2005-02-14,xslF345X02/rrd69204.xml,CIK0001288776-submissions-003.json
2005-02-16,4,0001181431-05-010572,2005-02-14,xslF345X02/rrd69201.xml,CIK0001288776-submissions-003.json
2005-02-16,4,0001181431-05-010571,2005-02-14,xslF345X02/rrd69199.xml,CIK0001288776-submissions-003.json
2005-02-16,4,0001181431-05-010570,2005-02-14,xslF345X02/rrd69198.xml,CIK0001288776-submissions-003.json
2005-02-16,4,0001181431-05-010569,2005-02-14,xslF345X02/rrd69197.xml,CIK0001288776-submissions-003.json
2005-02-16,4,0001181431-05-010567,2005-02-14,xslF345X02/rrd69196.xml,CIK0001288776-submissions-003.json
2005-02-16,4,0001181431-05-010566,2005-02-14,xslF345X02/rrd69193.xml,CIK0001288776-submissions-003.json
2005-02-16,4,0001181431-05-010564,2005-02-14,xslF345X02/rrd69191.xml,CIK0001288776-submissions-003.json
2005-02-16,4,0001181431-05-010563,2005-02-14,xslF345X02/rrd69189.xml,CIK0001288776-submissions-003.json
2005-02-16,4,0001181431-05-010562,2005-02-14,xslF345X02/rrd69186.xml,CIK0001288776-submissions-003.json
2005-02-16,4,0001181431-05-010561,2005-02-14,xslF345X02/rrd69183.xml,CIK0001288776-submissions-003.json
2005-02-16,4,0001181431-05-010559,2005-02-14,xslF345X02/rrd69181.xml,CIK0001288776-submissions-003.json
2005-02-16,4,0001181431-05-010557,2005-02-14,xslF345X02/rrd69180.xml,CIK0001288776-submissions-003.json
2005-02-16,4,0001181431-05-010556,2005-02-14,xslF345X02/rrd69176.xml,CIK0001288776-submissions-003.json
2005-02-16,4,0001181431-05-010554,2005-02-14,xslF345X02/rrd69123.xml,CIK0001288776-submissions-003.json
2005-02-16,4,0001181431-05-010553,2005-02-14,xslF345X02/rrd69122.xml,CIK0001288776-submissions-003.json
2005-02-16,4,0001181431-05-010549,2005-02-14,xslF345X02/rrd69121.xml,CIK0001288776-submissions-003.json
2005-02-16,4,0001181431-05-010547,2005-02-14,xslF345X02/rrd69119.xml,CIK0001288776-submissions-003.json
2005-02-16,4,0001181431-05-010545,2005-02-14,xslF345X02/rrd69118.xml,CIK0001288776-submissions-003.json
2005-02-16,4,0001181431-05-010543,2005-02-14,xslF345X02/rrd69116.xml,CIK0001288776-submissions-003.json
2005-02-16,4,0001181431-05-010541,2005-02-14,xslF345X02/rrd69115.xml,CIK0001288776-submissions-003.json
2005-02-16,4,0001181431-05-010401,2005-02-15,xslF345X02/rrd69110.xml,CIK0001288776-submissions-003.json
2005-02-16,4,0001181431-05-010400,2005-02-15,xslF345X02/rrd69109.xml,CIK0001288776-submissions-003.json
2005-02-16,4,0001181431-05-010399,2005-02-15,xslF345X02/rrd69106.xml,CIK0001288776-submissions-003.json
2005-02-17,4,0001181431-05-011087,2005-02-16,xslF345X02/rrd69483.xml,CIK0001288776-submissions-003.json
2005-02-17,4,0001181431-05-011080,2005-02-16,xslF345X02/rrd69478.xml,CIK0001288776-submissions-003.json
2005-02-17,4,0001181431-05-010906,2005-02-14,xslF345X02/rrd69475.xml,CIK0001288776-submissions-003.json
2005-02-17,4,0001181431-05-010905,2005-02-14,xslF345X02/rrd69463.xml,CIK0001288776-submissions-003.json
2005-02-17,4,0001181431-05-010881,2005-02-15,xslF345X02/rrd69295.xml,CIK0001288776-submissions-003.json
2005-02-18,8-K,0001193125-05-033127,2005-02-15,d8k.htm,CIK0001288776-submissions-003.json
2005-02-22,4,0001181431-05-011899,2004-12-16,xslF345X02/rrd69958.xml,CIK0001288776-submissions-003.json
2005-02-22,4,0001181431-05-011883,2005-02-17,xslF345X02/rrd69953.xml,CIK0001288776-submissions-003.json
2005-02-22,4,0001181431-05-011877,2005-02-17,xslF345X02/rrd69919.xml,CIK0001288776-submissions-003.json
2005-02-22,4/A,0001181431-05-011898,2004-12-01,xslF345X02/rrd69962.xml,CIK0001288776-submissions-003.json
2005-02-23,SC 13G,0000899140-05-000180,,g2783078.txt,CIK0001288776-submissions-003.json
2005-02-24,4,0001181431-05-012498,2005-02-22,xslF345X02/rrd70091.xml,CIK0001288776-submissions-003.json
2005-02-24,4,0001181431-05-012497,2005-02-22,xslF345X02/rrd70090.xml,CIK0001288776-submissions-003.json
2005-02-24,4,0001181431-05-012496,2005-02-22,xslF345X02/rrd70089.xml,CIK0001288776-submissions-003.json
2005-02-24,4,0001181431-05-012495,2005-02-22,xslF345X02/rrd70088.xml,CIK0001288776-submissions-003.json
2005-02-24,4,0001181431-05-012494,2005-02-22,xslF345X02/rrd70087.xml,CIK0001288776-submissions-003.json
2005-02-24,4,0001181431-05-012493,2005-02-22,xslF345X02/rrd70086.xml,CIK0001288776-submissions-003.json
2005-02-24,4,0001181431-05-012492,2005-02-22,xslF345X02/rrd70085.xml,CIK0001288776-submissions-003.json
2005-02-24,4,0001181431-05-012491,2005-02-22,xslF345X02/rrd70084.xml,CIK0001288776-submissions-003.json
2005-02-24,4,0001181431-05-012489,2005-02-22,xslF345X02/rrd70083.xml,CIK0001288776-submissions-003.json
2005-02-24,4,0001181431-05-012487,2005-02-22,xslF345X02/rrd70082.xml,CIK0001288776-submissions-003.json
2005-02-24,4,0001181431-05-012485,2005-02-22,xslF345X02/rrd70081.xml,CIK0001288776-submissions-003.json
2005-02-24,4,0001181431-05-012481,2005-02-22,xslF345X02/rrd70080.xml,CIK0001288776-submissions-003.json
2005-02-24,4,0001181431-05-012479,2005-02-22,xslF345X02/rrd70079.xml,CIK0001288776-submissions-003.json
2005-02-24,4,0001181431-05-012478,2005-02-22,xslF345X02/rrd70078.xml,CIK0001288776-submissions-003.json
2005-02-24,4,0001181431-05-012477,2005-02-22,xslF345X02/rrd70077.xml,CIK0001288776-submissions-003.json
2005-02-24,4,0001181431-05-012475,2005-02-22,xslF345X02/rrd70076.xml,CIK0001288776-submissions-003.json
2005-02-24,4,0001181431-05-012473,2005-02-22,xslF345X02/rrd70075.xml,CIK0001288776-submissions-003.json
2005-02-24,4,0001181431-05-012471,2005-02-22,xslF345X02/rrd70073.xml,CIK0001288776-submissions-003.json
2005-02-24,4,0001181431-05-012469,2005-02-22,xslF345X02/rrd70071.xml,CIK0001288776-submissions-003.json
2005-02-24,4,0001181431-05-012467,2005-02-22,xslF345X02/rrd70070.xml,CIK0001288776-submissions-003.json
2005-02-24,4,0001181431-05-012466,2005-02-22,xslF345X02/rrd70069.xml,CIK0001288776-submissions-003.json
2005-02-24,4,0001181431-05-012463,2005-02-22,xslF345X02/rrd70056.xml,CIK0001288776-submissions-003.json
2005-02-24,4,0001181431-05-012461,2005-02-22,xslF345X02/rrd70049.xml,CIK0001288776-submissions-003.json
2005-02-24,4,0001181431-05-012460,2005-02-22,xslF345X02/rrd70048.xml,CIK0001288776-submissions-003.json
2005-02-24,4,0001181431-05-012459,2005-02-22,xslF345X02/rrd70045.xml,CIK0001288776-submissions-003.json
2005-02-24,4,0001181431-05-012457,2005-02-22,xslF345X02/rrd70041.xml,CIK0001288776-submissions-003.json
2005-02-24,4,0001181431-05-012455,2005-02-22,xslF345X02/rrd70039.xml,CIK0001288776-submissions-003.json
2005-02-24,4,0001181431-05-012453,2005-02-22,xslF345X02/rrd70037.xml,CIK0001288776-submissions-003.json
2005-02-24,4,0001181431-05-012452,2005-02-22,xslF345X02/rrd70035.xml,CIK0001288776-submissions-003.json
2005-02-24,4,0001181431-05-012451,2005-02-22,xslF345X02/rrd70034.xml,CIK0001288776-submissions-003.json
2005-02-24,4,0001181431-05-012450,2005-02-22,xslF345X02/rrd70033.xml,CIK0001288776-submissions-003.json
2005-02-24,4,0001181431-05-012449,2005-02-22,xslF345X02/rrd70030.xml,CIK0001288776-submissions-003.json
2005-02-24,4,0001181431-05-012448,2005-02-22,xslF345X02/rrd70029.xml,CIK0001288776-submissions-003.json
2005-02-28,4,0001181431-05-013129,2005-02-24,xslF345X02/rrd70734.xml,CIK0001288776-submissions-003.json
2005-03-01,4,0001181431-05-013577,2005-02-25,xslF345X02/rrd70931.xml,CIK0001288776-submissions-003.json
2005-03-01,4,0001181431-05-013516,2005-02-28,xslF345X02/rrd70819.xml,CIK0001288776-submissions-003.json
2005-03-01,4,0001181431-05-013513,2005-02-25,xslF345X02/rrd70801.xml,CIK0001288776-submissions-003.json
2005-03-01,4,0001181431-05-013512,2005-02-25,xslF345X02/rrd70798.xml,CIK0001288776-submissions-003.json
2005-03-01,4,0001181431-05-013510,2005-02-25,xslF345X02/rrd70796.xml,CIK0001288776-submissions-003.json
2005-03-01,4,0001181431-05-013509,2005-02-25,xslF345X02/rrd70795.xml,CIK0001288776-submissions-003.json
2005-03-01,4,0001181431-05-013508,2005-02-25,xslF345X02/rrd70794.xml,CIK0001288776-submissions-003.json
2005-03-01,4,0001181431-05-013507,2005-02-25,xslF345X02/rrd70793.xml,CIK0001288776-submissions-003.json
2005-03-01,4,0001181431-05-013506,2005-02-25,xslF345X02/rrd70792.xml,CIK0001288776-submissions-003.json
2005-03-01,4,0001181431-05-013505,2005-02-25,xslF345X02/rrd70791.xml,CIK0001288776-submissions-003.json
2005-03-01,4,0001181431-05-013502,2005-02-25,xslF345X02/rrd70790.xml,CIK0001288776-submissions-003.json
2005-03-01,4,0001181431-05-013500,2005-02-25,xslF345X02/rrd70789.xml,CIK0001288776-submissions-003.json
2005-03-01,4,0001181431-05-013499,2005-02-25,xslF345X02/rrd70788.xml,CIK0001288776-submissions-003.json
2005-03-01,4,0001181431-05-013498,2005-02-25,xslF345X02/rrd70787.xml,CIK0001288776-submissions-003.json
2005-03-01,4,0001181431-05-013497,2005-02-25,xslF345X02/rrd70782.xml,CIK0001288776-submissions-003.json
2005-03-01,4,0001181431-05-013495,2005-02-25,xslF345X02/rrd70699.xml,CIK0001288776-submissions-003.json
2005-03-01,4,0001181431-05-013490,2005-02-25,xslF345X02/rrd70692.xml,CIK0001288776-submissions-003.json
2005-03-01,4,0001181431-05-013487,2005-02-25,xslF345X02/rrd70689.xml,CIK0001288776-submissions-003.json
2005-03-01,4,0001181431-05-013485,2005-02-25,xslF345X02/rrd70688.xml,CIK0001288776-submissions-003.json
2005-03-01,4,0001181431-05-013484,2005-02-25,xslF345X02/rrd70687.xml,CIK0001288776-submissions-003.json
2005-03-01,4,0001181431-05-013483,2005-02-25,xslF345X02/rrd70684.xml,CIK0001288776-submissions-003.json
2005-03-01,4,0001181431-05-013482,2005-02-25,xslF345X02/rrd70683.xml,CIK0001288776-submissions-003.json
2005-03-01,4,0001181431-05-013480,2005-02-25,xslF345X02/rrd70680.xml,CIK0001288776-submissions-003.json
2005-03-01,4,0001181431-05-013301,2005-02-25,xslF345X02/rrd70744.xml,CIK0001288776-submissions-003.json
2005-03-02,4,0001181431-05-013879,2005-03-01,xslF345X02/rrd71087.xml,CIK0001288776-submissions-003.json
2005-03-03,4,0001181431-05-014383,2005-03-03,xslF345X02/rrd71352.xml,CIK0001288776-submissions-003.json
2005-03-07,4,0001181431-05-015123,2005-03-07,xslF345X02/rrd71647.xml,CIK0001288776-submissions-003.json
2005-03-07,4,0001181431-05-015116,2005-03-07,xslF345X02/rrd71634.xml,CIK0001288776-submissions-003.json
2005-03-07,4,0001181431-05-015056,2005-03-03,xslF345X02/rrd71526.xml,CIK0001288776-submissions-003.json
2005-03-07,4,0001181431-05-015055,2005-03-03,xslF345X02/rrd71525.xml,CIK0001288776-submissions-003.json
2005-03-07,4,0001181431-05-015054,2005-03-03,xslF345X02/rrd71524.xml,CIK0001288776-submissions-003.json
2005-03-07,4,0001181431-05-015053,2005-03-03,xslF345X02/rrd71523.xml,CIK0001288776-submissions-003.json
2005-03-07,4,0001181431-05-015052,2005-03-03,xslF345X02/rrd71522.xml,CIK0001288776-submissions-003.json
2005-03-07,4,0001181431-05-015051,2005-03-03,xslF345X02/rrd71521.xml,CIK0001288776-submissions-003.json
2005-03-07,4,0001181431-05-015050,2005-03-03,xslF345X02/rrd71520.xml,CIK0001288776-submissions-003.json
2005-03-07,4,0001181431-05-015049,2005-03-03,xslF345X02/rrd71519.xml,CIK0001288776-submissions-003.json
2005-03-07,4,0001181431-05-015048,2005-03-03,xslF345X02/rrd71518.xml,CIK0001288776-submissions-003.json
2005-03-07,4,0001181431-05-015047,2005-03-03,xslF345X02/rrd71517.xml,CIK0001288776-submissions-003.json
2005-03-07,4,0001181431-05-015046,2005-03-03,xslF345X02/rrd71516.xml,CIK0001288776-submissions-003.json
2005-03-07,4,0001181431-05-015045,2005-03-03,xslF345X02/rrd71515.xml,CIK0001288776-submissions-003.json
2005-03-07,4,0001181431-05-015043,2005-03-03,xslF345X02/rrd71514.xml,CIK0001288776-submissions-003.json
2005-03-07,4,0001181431-05-015042,2005-03-03,xslF345X02/rrd71513.xml,CIK0001288776-submissions-003.json
2005-03-07,4,0001181431-05-015041,2005-03-03,xslF345X02/rrd71512.xml,CIK0001288776-submissions-003.json
2005-03-07,4,0001181431-05-015040,2005-03-03,xslF345X02/rrd71511.xml,CIK0001288776-submissions-003.json
2005-03-07,4,0001181431-05-015039,2005-03-03,xslF345X02/rrd71510.xml,CIK0001288776-submissions-003.json
2005-03-07,4,0001181431-05-015037,2005-03-03,xslF345X02/rrd71509.xml,CIK0001288776-submissions-003.json
2005-03-07,4/A,0001181431-05-015124,2005-02-25,xslF345X02/rrd71675.xml,CIK0001288776-submissions-003.json
2005-03-08,4,0001181431-05-015423,2005-03-08,xslF345X02/rrd71800.xml,CIK0001288776-submissions-003.json
2005-03-08,4,0001181431-05-015422,2005-03-08,xslF345X02/rrd71795.xml,CIK0001288776-submissions-003.json
2005-03-08,4,0001181431-05-015421,2005-03-07,xslF345X02/rrd71751.xml,CIK0001288776-submissions-003.json
2005-03-08,4,0001181431-05-015420,2005-03-07,xslF345X02/rrd71739.xml,CIK0001288776-submissions-003.json
2005-03-08,4,0001181431-05-015329,2005-03-04,xslF345X02/rrd71767.xml,CIK0001288776-submissions-003.json
2005-03-11,4,0001181431-05-016305,2005-03-09,xslF345X02/rrd72251.xml,CIK0001288776-submissions-003.json
2005-03-11,4,0001181431-05-016304,2005-03-09,xslF345X02/rrd72250.xml,CIK0001288776-submissions-003.json
2005-03-14,4,0001181431-05-016650,2005-03-11,xslF345X02/rrd72418.xml,CIK0001288776-submissions-003.json
2005-03-14,4,0001181431-05-016648,2005-03-10,xslF345X02/rrd72414.xml,CIK0001288776-submissions-003.json
2005-03-14,4,0001181431-05-016647,2005-03-10,xslF345X02/rrd72412.xml,CIK0001288776-submissions-003.json
2005-03-16,4,0001181431-05-017263,2005-03-15,xslF345X02/rrd72722.xml,CIK0001288776-submissions-003.json
2005-03-16,4,0001181431-05-017262,2005-03-15,xslF345X02/rrd72717.xml,CIK0001288776-submissions-003.json
2005-03-16,4,0001181431-05-017261,2005-03-14,xslF345X02/rrd72604.xml,CIK0001288776-submissions-003.json
2005-03-16,4,0001181431-05-017260,2005-03-14,xslF345X02/rrd72602.xml,CIK0001288776-submissions-003.json
2005-03-16,4/A,0001181431-05-017265,2005-03-15,xslF345X02/rrd72659.xml,CIK0001288776-submissions-003.json
2005-03-16,4/A,0001181431-05-017264,2005-02-25,xslF345X02/rrd72657.xml,CIK0001288776-submissions-003.json
2005-03-17,4,0001181431-05-017670,2005-03-16,xslF345X02/rrd72867.xml,CIK0001288776-submissions-003.json
2005-03-17,4,0001181431-05-017669,2005-03-16,xslF345X02/rrd72863.xml,CIK0001288776-submissions-003.json
2005-03-17,4,0001181431-05-017668,2005-03-17,xslF345X02/rrd72663.xml,CIK0001288776-submissions-003.json
2005-03-18,4,0001181431-05-017850,2005-03-17,xslF345X02/rrd73171.xml,CIK0001288776-submissions-003.json
2005-03-21,4,0001181431-05-018096,2005-03-17,xslF345X02/rrd73211.xml,CIK0001288776-submissions-003.json
2005-03-21,4,0001181431-05-018095,2005-03-17,xslF345X02/rrd73210.xml,CIK0001288776-submissions-003.json
2005-03-21,4,0001181431-05-018091,2005-03-17,xslF345X02/rrd73209.xml,CIK0001288776-submissions-003.json
2005-03-21,4,0001181431-05-018090,2005-03-17,xslF345X02/rrd73208.xml,CIK0001288776-submissions-003.json
2005-03-21,4,0001181431-05-018089,2005-03-17,xslF345X02/rrd73207.xml,CIK0001288776-submissions-003.json
2005-03-21,4,0001181431-05-018088,2005-03-17,xslF345X02/rrd73206.xml,CIK0001288776-submissions-003.json
2005-03-21,4,0001181431-05-018084,2005-03-17,xslF345X02/rrd73198.xml,CIK0001288776-submissions-003.json
2005-03-21,4,0001181431-05-018083,2005-03-17,xslF345X02/rrd73194.xml,CIK0001288776-submissions-003.json
2005-03-21,4,0001181431-05-018082,2005-03-17,xslF345X02/rrd73195.xml,CIK0001288776-submissions-003.json
2005-03-21,4,0001181431-05-018081,2005-03-17,xslF345X02/rrd73196.xml,CIK0001288776-submissions-003.json
2005-03-21,4,0001181431-05-018080,2005-03-17,xslF345X02/rrd73197.xml,CIK0001288776-submissions-003.json
2005-03-21,4,0001181431-05-018079,2005-03-17,xslF345X02/rrd73199.xml,CIK0001288776-submissions-003.json
2005-03-21,4,0001181431-05-018078,2005-03-17,xslF345X02/rrd73199.xml,CIK0001288776-submissions-003.json
2005-03-21,4,0001181431-05-018072,2005-03-17,xslF345X02/rrd73205.xml,CIK0001288776-submissions-003.json
2005-03-21,4,0001181431-05-018071,2005-03-17,xslF345X02/rrd73204.xml,CIK0001288776-submissions-003.json
2005-03-21,4,0001181431-05-018070,2005-03-17,xslF345X02/rrd73203.xml,CIK0001288776-submissions-003.json
2005-03-21,4,0001181431-05-018069,2005-03-17,xslF345X02/rrd73202.xml,CIK0001288776-submissions-003.json
2005-03-21,4,0001181431-05-018068,2005-03-17,xslF345X02/rrd73201.xml,CIK0001288776-submissions-003.json
2005-03-21,4,0001181431-05-018067,2005-03-17,xslF345X02/rrd73200.xml,CIK0001288776-submissions-003.json
2005-03-23,8-K,0001193125-05-058607,2005-03-08,d8k.htm,CIK0001288776-submissions-003.json
2005-03-25,4,0001181431-05-018773,2005-03-23,xslF345X02/rrd73461.xml,CIK0001288776-submissions-003.json
2005-03-29,4,0001181431-05-019025,2005-03-23,xslF345X02/rrd73821.xml,CIK0001288776-submissions-003.json
2005-03-30,10-K,0001193125-05-065298,2004-12-31,d10k.htm,CIK0001288776-submissions-003.json
2005-03-30,4,0001181431-05-019265,2005-03-30,xslF345X02/rrd73981.xml,CIK0001288776-submissions-003.json
2005-04-01,4,0001181431-05-019719,2005-03-30,xslF345X02/rrd74089.xml,CIK0001288776-submissions-003.json
2005-04-01,4,0001181431-05-019717,2005-03-30,xslF345X02/rrd74088.xml,CIK0001288776-submissions-003.json
2005-04-01,4,0001181431-05-019716,2005-03-30,xslF345X02/rrd74087.xml,CIK0001288776-submissions-003.json
2005-04-01,4,0001181431-05-019715,2005-03-30,xslF345X02/rrd74086.xml,CIK0001288776-submissions-003.json
2005-04-01,4,0001181431-05-019714,2005-03-30,xslF345X02/rrd74076.xml,CIK0001288776-submissions-003.json
2005-04-01,4,0001181431-05-019713,2005-03-30,xslF345X02/rrd74075.xml,CIK0001288776-submissions-003.json
2005-04-01,4,0001181431-05-019712,2005-03-30,xslF345X02/rrd74074.xml,CIK0001288776-submissions-003.json
2005-04-01,4,0001181431-05-019711,2005-03-30,xslF345X02/rrd74073.xml,CIK0001288776-submissions-003.json
2005-04-01,4,0001181431-05-019710,2005-03-30,xslF345X02/rrd74071.xml,CIK0001288776-submissions-003.json
2005-04-01,4,0001181431-05-019709,2005-03-30,xslF345X02/rrd74070.xml,CIK0001288776-submissions-003.json
2005-04-01,4,0001181431-05-019708,2005-03-30,xslF345X02/rrd74064.xml,CIK0001288776-submissions-003.json
2005-04-01,4,0001181431-05-019707,2005-03-30,xslF345X02/rrd74063.xml,CIK0001288776-submissions-003.json
2005-04-01,4,0001181431-05-019706,2005-03-30,xslF345X02/rrd74060.xml,CIK0001288776-submissions-003.json
2005-04-01,4,0001181431-05-019705,2005-03-30,xslF345X02/rrd74059.xml,CIK0001288776-submissions-003.json
2005-04-01,4,0001181431-05-019704,2005-03-30,xslF345X02/rrd74056.xml,CIK0001288776-submissions-003.json
2005-04-04,4,0001181431-05-020456,2005-03-31,xslF345X02/rrd74395.xml,CIK0001288776-submissions-003.json
2005-04-04,4,0001181431-05-020455,2005-03-31,xslF345X02/rrd74393.xml,CIK0001288776-submissions-003.json
2005-04-04,4,0001181431-05-020454,2005-03-31,xslF345X02/rrd74392.xml,CIK0001288776-submissions-003.json
2005-04-04,4,0001181431-05-020453,2005-03-31,xslF345X02/rrd74391.xml,CIK0001288776-submissions-003.json
2005-04-04,4,0001181431-05-020452,2005-03-31,xslF345X02/rrd74390.xml,CIK0001288776-submissions-003.json
2005-04-04,4,0001181431-05-020451,2005-03-31,xslF345X02/rrd74389.xml,CIK0001288776-submissions-003.json
2005-04-04,4,0001181431-05-020450,2005-03-31,xslF345X02/rrd74387.xml,CIK0001288776-submissions-003.json
2005-04-04,4,0001181431-05-020449,2005-03-31,xslF345X02/rrd74386.xml,CIK0001288776-submissions-003.json
2005-04-04,4,0001181431-05-020448,2005-03-31,xslF345X02/rrd74385.xml,CIK0001288776-submissions-003.json
2005-04-04,4,0001181431-05-020447,2005-03-31,xslF345X02/rrd74384.xml,CIK0001288776-submissions-003.json
2005-04-04,4,0001181431-05-020446,2005-03-31,xslF345X02/rrd74382.xml,CIK0001288776-submissions-003.json
2005-04-04,4,0001181431-05-020445,2005-03-31,xslF345X02/rrd74379.xml,CIK0001288776-submissions-003.json
2005-04-04,4,0001181431-05-020444,2005-03-31,xslF345X02/rrd74378.xml,CIK0001288776-submissions-003.json
2005-04-04,4,0001181431-05-020443,2005-03-31,xslF345X02/rrd74377.xml,CIK0001288776-submissions-003.json
2005-04-04,4,0001181431-05-020442,2005-03-31,xslF345X02/rrd74372.xml,CIK0001288776-submissions-003.json
2005-04-04,4,0001181431-05-020441,2005-03-31,xslF345X02/rrd74370.xml,CIK0001288776-submissions-003.json
2005-04-04,4,0001181431-05-020440,2005-03-31,xslF345X02/rrd74368.xml,CIK0001288776-submissions-003.json
2005-04-04,4,0001181431-05-020439,2005-03-31,xslF345X02/rrd74367.xml,CIK0001288776-submissions-003.json
2005-04-04,4,0001181431-05-020438,2005-03-31,xslF345X02/rrd74366.xml,CIK0001288776-submissions-003.json
2005-04-04,4,0001181431-05-020436,2005-03-31,xslF345X02/rrd74363.xml,CIK0001288776-submissions-003.json
2005-04-04,4,0001181431-05-020435,2005-03-31,xslF345X02/rrd74352.xml,CIK0001288776-submissions-003.json
2005-04-04,4,0001181431-05-020434,2005-03-31,xslF345X02/rrd74680.xml,CIK0001288776-submissions-003.json
2005-04-04,4,0001181431-05-020433,2005-03-31,xslF345X02/rrd74339.xml,CIK0001288776-submissions-003.json
2005-04-05,4,0001181431-05-020891,2005-04-01,xslF345X02/rrd74901.xml,CIK0001288776-submissions-003.json
2005-04-05,4,0001181431-05-020890,2005-03-09,xslF345X02/rrd74865.xml,CIK0001288776-submissions-003.json
2005-04-06,4,0001181431-05-021109,2005-04-04,xslF345X02/rrd75070.xml,CIK0001288776-submissions-003.json
2005-04-06,4,0001181431-05-021108,2005-04-04,xslF345X02/rrd75018.xml,CIK0001288776-submissions-003.json
2005-04-06,4,0001181431-05-021093,2005-04-05,xslF345X02/rrd75055.xml,CIK0001288776-submissions-003.json
2005-04-06,4,0001181431-05-021081,2005-04-05,xslF345X02/rrd75060.xml,CIK0001288776-submissions-003.json
2005-04-07,3,0001181431-05-021268,2005-04-01,xslF345X02/rrd74995.xml,CIK0001288776-submissions-003.json
2005-04-07,4,0001181431-05-021263,2005-04-05,xslF345X02/rrd75080.xml,CIK0001288776-submissions-003.json
2005-04-08,4,0001181431-05-021439,2005-04-06,xslF345X02/rrd75338.xml,CIK0001288776-submissions-003.json
2005-04-08,4,0001181431-05-021438,2005-04-06,xslF345X02/rrd75177.xml,CIK0001288776-submissions-003.json
2005-04-08,DEF 14A,0001193125-05-072803,2005-05-12,ddef14a.htm,CIK0001288776-submissions-003.json
2005-04-11,4,0001181431-05-021636,2005-04-07,xslF345X02/rrd75295.xml,CIK0001288776-submissions-003.json
2005-04-11,4,0001181431-05-021635,2005-04-07,xslF345X02/rrd75294.xml,CIK0001288776-submissions-003.json
2005-04-11,4,0001181431-05-021634,2005-04-07,xslF345X02/rrd75293.xml,CIK0001288776-submissions-003.json
2005-04-11,4,0001181431-05-021633,2005-04-07,xslF345X02/rrd75292.xml,CIK0001288776-submissions-003.json
2005-04-11,4,0001181431-05-021632,2005-04-07,xslF345X02/rrd75291.xml,CIK0001288776-submissions-003.json
2005-04-11,4,0001181431-05-021631,2005-04-07,xslF345X02/rrd75290.xml,CIK0001288776-submissions-003.json
2005-04-11,4,0001181431-05-021630,2005-04-07,xslF345X02/rrd75288.xml,CIK0001288776-submissions-003.json
2005-04-11,4,0001181431-05-021629,2005-04-07,xslF345X02/rrd75287.xml,CIK0001288776-submissions-003.json
2005-04-11,4,0001181431-05-021628,2005-04-07,xslF345X02/rrd75286.xml,CIK0001288776-submissions-003.json
2005-04-11,4,0001181431-05-021627,2005-04-07,xslF345X02/rrd75285.xml,CIK0001288776-submissions-003.json
2005-04-11,4,0001181431-05-021626,2005-04-07,xslF345X02/rrd75283.xml,CIK0001288776-submissions-003.json
2005-04-11,4,0001181431-05-021625,2005-04-07,xslF345X02/rrd75282.xml,CIK0001288776-submissions-003.json
2005-04-11,4,0001181431-05-021624,2005-04-07,xslF345X02/rrd75281.xml,CIK0001288776-submissions-003.json
2005-04-11,4,0001181431-05-021623,2005-04-07,xslF345X02/rrd75280.xml,CIK0001288776-submissions-003.json
2005-04-11,4,0001181431-05-021622,2005-04-07,xslF345X02/rrd75275.xml,CIK0001288776-submissions-003.json
2005-04-11,4,0001181431-05-021621,2005-04-07,xslF345X02/rrd75274.xml,CIK0001288776-submissions-003.json
2005-04-11,4,0001181431-05-021620,2005-04-07,xslF345X02/rrd75273.xml,CIK0001288776-submissions-003.json
2005-04-11,4,0001181431-05-021619,2005-04-07,xslF345X02/rrd75272.xml,CIK0001288776-submissions-003.json
2005-04-11,4,0001181431-05-021618,2005-04-07,xslF345X02/rrd75271.xml,CIK0001288776-submissions-003.json
2005-04-11,4,0001181431-05-021617,2005-04-07,xslF345X02/rrd75270.xml,CIK0001288776-submissions-003.json
2005-04-11,4,0001181431-05-021616,2005-04-07,xslF345X02/rrd75269.xml,CIK0001288776-submissions-003.json
2005-04-11,4,0001181431-05-021615,2005-04-07,xslF345X02/rrd75266.xml,CIK0001288776-submissions-003.json
2005-04-15,4,0001181431-05-022259,2005-04-14,xslF345X02/rrd75835.xml,CIK0001288776-submissions-003.json
2005-04-15,4,0001181431-05-022241,2005-04-14,xslF345X02/rrd75795.xml,CIK0001288776-submissions-003.json
2005-04-18,4,0001181431-05-022408,2005-04-18,xslF345X02/rrd75965.xml,CIK0001288776-submissions-003.json
2005-04-19,4,0001181431-05-022586,2005-04-18,xslF345X02/rrd76009.xml,CIK0001288776-submissions-003.json
2005-04-19,4,0001181431-05-022585,2005-04-18,xslF345X02/rrd76008.xml,CIK0001288776-submissions-003.json
2005-04-19,4,0001181431-05-022584,2005-04-18,xslF345X02/rrd76000.xml,CIK0001288776-submissions-003.json
2005-04-20,4,0001181431-05-022838,2005-04-20,xslF345X02/rrd76191.xml,CIK0001288776-submissions-003.json
2005-04-20,4,0001181431-05-022837,2005-04-20,xslF345X02/rrd76189.xml,CIK0001288776-submissions-003.json
2005-04-20,4,0001181431-05-022836,2005-04-19,xslF345X02/rrd76098.xml,CIK0001288776-submissions-003.json
2005-04-20,4,0001181431-05-022835,2005-04-19,xslF345X02/rrd76097.xml,CIK0001288776-submissions-003.json
2005-04-20,4,0001181431-05-022834,2005-04-19,xslF345X02/rrd76095.xml,CIK0001288776-submissions-003.json
2005-04-20,4,0001181431-05-022833,2005-04-18,xslF345X02/rrd76157.xml,CIK0001288776-submissions-003.json
2005-04-20,4,0001181431-05-022832,2005-04-18,xslF345X02/rrd76147.xml,CIK0001288776-submissions-003.json
2005-04-20,4,0001181431-05-022831,2005-04-18,xslF345X02/rrd76143.xml,CIK0001288776-submissions-003.json
2005-04-20,4,0001181431-05-022830,2005-04-18,xslF345X02/rrd76140.xml,CIK0001288776-submissions-003.json
2005-04-20,4,0001181431-05-022829,2005-04-18,xslF345X02/rrd76139.xml,CIK0001288776-submissions-003.json
2005-04-20,4,0001181431-05-022828,2005-04-18,xslF345X02/rrd76137.xml,CIK0001288776-submissions-003.json
2005-04-21,8-K,0001193125-05-081632,2005-04-21,d8k.htm,CIK0001288776-submissions-003.json
2005-04-22,4,0001181431-05-023067,2005-04-20,xslF345X02/rrd76285.xml,CIK0001288776-submissions-003.json
2005-04-25,4,0001181431-05-023432,2005-04-21,xslF345X02/rrd76418.xml,CIK0001288776-submissions-003.json
2005-04-25,4,0001181431-05-023433,2005-04-21,xslF345X02/rrd76423.xml,CIK0001288776-submissions-003.json
2005-04-25,4,0001181431-05-023431,2005-04-21,xslF345X02/rrd76406.xml,CIK0001288776-submissions-003.json
2005-04-25,4,0001181431-05-023430,2005-04-22,xslF345X02/rrd76308.xml,CIK0001288776-submissions-003.json
2005-04-27,S-8,0001193125-05-085916,,ds8.htm,CIK0001288776-submissions-003.json
2005-05-02,4,0001181431-05-024790,2005-04-29,xslF345X02/rrd77224.xml,CIK0001288776-submissions-003.json
2005-05-02,4,0001181431-05-024789,2005-04-29,xslF345X02/rrd77156.xml,CIK0001288776-submissions-003.json
2005-05-02,4,0001181431-05-024788,2005-04-29,xslF345X02/rrd77155.xml,CIK0001288776-submissions-003.json
2005-05-02,4,0001181431-05-024787,2005-04-29,xslF345X02/rrd77154.xml,CIK0001288776-submissions-003.json
2005-05-02,4,0001181431-05-024786,2005-04-29,xslF345X02/rrd77153.xml,CIK0001288776-submissions-003.json
2005-05-02,4,0001181431-05-024784,2005-04-28,xslF345X02/rrd77139.xml,CIK0001288776-submissions-003.json
2005-05-02,4,0001181431-05-024783,2005-04-28,xslF345X02/rrd77138.xml,CIK0001288776-submissions-003.json
2005-05-02,4,0001181431-05-024782,2005-04-28,xslF345X02/rrd77137.xml,CIK0001288776-submissions-003.json
2005-05-02,4,0001181431-05-024781,2005-04-28,xslF345X02/rrd77136.xml,CIK0001288776-submissions-003.json
2005-05-02,4,0001181431-05-024780,2005-04-28,xslF345X02/rrd77135.xml,CIK0001288776-submissions-003.json
2005-05-02,4,0001181431-05-024771,2005-04-28,xslF345X02/rrd77134.xml,CIK0001288776-submissions-003.json
2005-05-02,4,0001181431-05-024769,2005-04-28,xslF345X02/rrd77133.xml,CIK0001288776-submissions-003.json
2005-05-02,4,0001181431-05-024766,2005-04-28,xslF345X02/rrd77132.xml,CIK0001288776-submissions-003.json
2005-05-02,4,0001181431-05-024764,2005-04-28,xslF345X02/rrd77130.xml,CIK0001288776-submissions-003.json
2005-05-02,4,0001181431-05-024762,2005-04-28,xslF345X02/rrd77129.xml,CIK0001288776-submissions-003.json
2005-05-02,4,0001181431-05-024761,2005-04-28,xslF345X02/rrd77127.xml,CIK0001288776-submissions-003.json
2005-05-02,4,0001181431-05-024760,2005-04-28,xslF345X02/rrd77126.xml,CIK0001288776-submissions-003.json
2005-05-02,4,0001181431-05-024759,2005-04-28,xslF345X02/rrd77125.xml,CIK0001288776-submissions-003.json
2005-05-02,4,0001181431-05-024757,2005-04-28,xslF345X02/rrd77124.xml,CIK0001288776-submissions-003.json
2005-05-02,4,0001181431-05-024756,2005-04-28,xslF345X02/rrd77122.xml,CIK0001288776-submissions-003.json
2005-05-02,4,0001181431-05-024755,2005-04-28,xslF345X02/rrd77121.xml,CIK0001288776-submissions-003.json
2005-05-02,4,0001181431-05-024754,2005-04-28,xslF345X02/rrd77120.xml,CIK0001288776-submissions-003.json
2005-05-02,4,0001181431-05-024751,2005-04-28,xslF345X02/rrd77119.xml,CIK0001288776-submissions-003.json
2005-05-02,4,0001181431-05-024749,2005-04-28,xslF345X02/rrd77118.xml,CIK0001288776-submissions-003.json
2005-05-02,4,0001181431-05-024748,2005-04-28,xslF345X02/rrd77117.xml,CIK0001288776-submissions-003.json
2005-05-02,4,0001181431-05-024746,2005-04-28,xslF345X02/rrd77114.xml,CIK0001288776-submissions-003.json
2005-05-02,4,0001181431-05-024745,2005-04-28,xslF345X02/rrd77113.xml,CIK0001288776-submissions-003.json
2005-05-02,4,0001181431-05-024743,2005-04-28,xslF345X02/rrd77105.xml,CIK0001288776-submissions-003.json
2005-05-02,4,0001181431-05-024742,2005-04-28,xslF345X02/rrd77096.xml,CIK0001288776-submissions-003.json
2005-05-03,4,0001181431-05-025260,2005-05-02,xslF345X02/rrd77532.xml,CIK0001288776-submissions-003.json
2005-05-03,4,0001181431-05-025259,2005-05-02,xslF345X02/rrd77530.xml,CIK0001288776-submissions-003.json
2005-05-03,4,0001181431-05-025258,2005-05-02,xslF345X02/rrd77474.xml,CIK0001288776-submissions-003.json
2005-05-03,4,0001181431-05-025257,2005-05-02,xslF345X02/rrd77466.xml,CIK0001288776-submissions-003.json
2005-05-03,4,0001181431-05-025255,2005-04-29,xslF345X02/rrd77402.xml,CIK0001288776-submissions-003.json
2005-05-03,4,0001181431-05-025253,2005-04-29,xslF345X02/rrd77400.xml,CIK0001288776-submissions-003.json
2005-05-03,4,0001181431-05-025252,2005-04-29,xslF345X02/rrd77399.xml,CIK0001288776-submissions-003.json
2005-05-03,4,0001181431-05-025251,2005-04-29,xslF345X02/rrd77398.xml,CIK0001288776-submissions-003.json
2005-05-03,4,0001181431-05-025249,2005-04-29,xslF345X02/rrd77397.xml,CIK0001288776-submissions-003.json
2005-05-03,4,0001181431-05-025247,2005-04-29,xslF345X02/rrd77396.xml,CIK0001288776-submissions-003.json
2005-05-03,4,0001181431-05-025244,2005-04-29,xslF345X02/rrd77395.xml,CIK0001288776-submissions-003.json
2005-05-03,4,0001181431-05-025243,2005-04-29,xslF345X02/rrd77394.xml,CIK0001288776-submissions-003.json
2005-05-03,4,0001181431-05-025241,2005-04-29,xslF345X02/rrd77393.xml,CIK0001288776-submissions-003.json
2005-05-03,4,0001181431-05-025240,2005-04-29,xslF345X02/rrd77392.xml,CIK0001288776-submissions-003.json
2005-05-03,4,0001181431-05-025239,2005-04-29,xslF345X02/rrd77390.xml,CIK0001288776-submissions-003.json
2005-05-03,4,0001181431-05-025238,2005-04-29,xslF345X02/rrd77389.xml,CIK0001288776-submissions-003.json
2005-05-03,4,0001181431-05-025237,2005-04-29,xslF345X02/rrd77388.xml,CIK0001288776-submissions-003.json
2005-05-03,4,0001181431-05-025236,2005-04-29,xslF345X02/rrd77387.xml,CIK0001288776-submissions-003.json
2005-05-03,4,0001181431-05-025235,2005-04-29,xslF345X02/rrd77383.xml,CIK0001288776-submissions-003.json
2005-05-03,4,0001181431-05-025234,2005-04-29,xslF345X02/rrd77382.xml,CIK0001288776-submissions-003.json
2005-05-03,4,0001181431-05-025233,2005-04-29,xslF345X02/rrd77381.xml,CIK0001288776-submissions-003.json
2005-05-03,4,0001181431-05-025232,2005-04-29,xslF345X02/rrd77380.xml,CIK0001288776-submissions-003.json
2005-05-03,4,0001181431-05-025231,2005-04-29,xslF345X02/rrd77379.xml,CIK0001288776-submissions-003.json
2005-05-03,4,0001181431-05-025230,2005-04-29,xslF345X02/rrd77368.xml,CIK0001288776-submissions-003.json
2005-05-03,4,0001181431-05-025229,2005-04-29,xslF345X02/rrd77362.xml,CIK0001288776-submissions-003.json
2005-05-03,4,0001181431-05-025227,2005-05-02,xslF345X02/rrd77352.xml,CIK0001288776-submissions-003.json
2005-05-03,4,0001181431-05-025226,2005-05-02,xslF345X02/rrd77350.xml,CIK0001288776-submissions-003.json
2005-05-04,4,0001181431-05-025878,2005-05-02,xslF345X02/rrd77652.xml,CIK0001288776-submissions-003.json
2005-05-04,4,0001181431-05-025877,2005-05-02,xslF345X02/rrd77650.xml,CIK0001288776-submissions-003.json
2005-05-04,4,0001181431-05-025876,2005-05-02,xslF345X02/rrd77649.xml,CIK0001288776-submissions-003.json
2005-05-04,4,0001181431-05-025875,2005-05-02,xslF345X02/rrd77648.xml,CIK0001288776-submissions-003.json
2005-05-04,4,0001181431-05-025874,2005-05-02,xslF345X02/rrd77642.xml,CIK0001288776-submissions-003.json
2005-05-04,4,0001181431-05-025873,2005-05-02,xslF345X02/rrd77639.xml,CIK0001288776-submissions-003.json
2005-05-04,4,0001181431-05-025872,2005-05-02,xslF345X02/rrd77637.xml,CIK0001288776-submissions-003.json
2005-05-04,4,0001181431-05-025871,2005-05-02,xslF345X02/rrd77704.xml,CIK0001288776-submissions-003.json
2005-05-04,4,0001181431-05-025870,2005-05-02,xslF345X02/rrd77635.xml,CIK0001288776-submissions-003.json
2005-05-04,4,0001181431-05-025868,2005-05-02,xslF345X02/rrd77633.xml,CIK0001288776-submissions-003.json
2005-05-04,4,0001181431-05-025869,2005-05-02,xslF345X02/rrd77703.xml,CIK0001288776-submissions-003.json
2005-05-04,4,0001181431-05-025866,2005-05-02,xslF345X02/rrd77701.xml,CIK0001288776-submissions-003.json
2005-05-04,4,0001181431-05-025867,2005-05-02,xslF345X02/rrd77631.xml,CIK0001288776-submissions-003.json
2005-05-04,4,0001181431-05-025865,2005-05-02,xslF345X02/rrd77628.xml,CIK0001288776-submissions-003.json
2005-05-04,4,0001181431-05-025864,2005-05-02,xslF345X02/rrd77698.xml,CIK0001288776-submissions-003.json
2005-05-04,4,0001181431-05-025863,2005-05-02,xslF345X02/rrd77623.xml,CIK0001288776-submissions-003.json
2005-05-04,4,0001181431-05-025862,2005-05-02,xslF345X02/rrd77696.xml,CIK0001288776-submissions-003.json
2005-05-04,4,0001181431-05-025861,2005-05-02,xslF345X02/rrd77619.xml,CIK0001288776-submissions-003.json
2005-05-04,4,0001181431-05-025860,2005-05-02,xslF345X02/rrd77695.xml,CIK0001288776-submissions-003.json
2005-05-04,4,0001181431-05-025859,2005-05-02,xslF345X02/rrd77583.xml,CIK0001288776-submissions-003.json
2005-05-04,4,0001181431-05-025858,2005-05-02,xslF345X02/rrd77692.xml,CIK0001288776-submissions-003.json
2005-05-04,4,0001181431-05-025857,2005-05-02,xslF345X02/rrd77618.xml,CIK0001288776-submissions-003.json
2005-05-04,4,0001181431-05-025835,2005-05-03,xslF345X02/rrd77622.xml,CIK0001288776-submissions-003.json
2005-05-04,4,0001181431-05-025797,2005-05-04,xslF345X02/rrd77854.xml,CIK0001288776-submissions-003.json
2005-05-04,4,0001181431-05-025784,2005-05-03,xslF345X02/rrd77729.xml,CIK0001288776-submissions-003.json
2005-05-04,4,0001181431-05-025783,2005-05-03,xslF345X02/rrd77728.xml,CIK0001288776-submissions-003.json
2005-05-04,4,0001181431-05-025782,2005-05-03,xslF345X02/rrd77717.xml,CIK0001288776-submissions-003.json
2005-05-04,4,0001179110-05-008894,2005-05-02,xslF345X02/edgar.xml,CIK0001288776-submissions-003.json
2005-05-04,4,0001179110-05-008893,2005-05-02,xslF345X02/edgar.xml,CIK0001288776-submissions-003.json
2005-05-05,4,0001181431-05-026133,2005-05-05,xslF345X02/rrd78003.xml,CIK0001288776-submissions-003.json
2005-05-05,4,0001181431-05-026130,2005-05-05,xslF345X02/rrd78001.xml,CIK0001288776-submissions-003.json
2005-05-05,REGDEX,9999999997-05-022829,,9999999997-05-022829.paper,CIK0001288776-submissions-003.json
2005-05-12,4,0001181431-05-027601,2005-05-10,xslF345X02/rrd78679.xml,CIK0001288776-submissions-003.json
2005-05-16,10-Q,0001193125-05-108755,2005-03-31,d10q.htm,CIK0001288776-submissions-003.json
2005-05-16,8-K,0001193125-05-108813,2005-05-12,d8k.htm,CIK0001288776-submissions-003.json
2005-05-17,4,0001181431-05-028382,2005-05-16,xslF345X02/rrd79187.xml,CIK0001288776-submissions-003.json
2005-05-17,4,0001181431-05-028381,2005-05-16,xslF345X02/rrd79183.xml,CIK0001288776-submissions-003.json
2005-05-18,4,0001181431-05-028800,2005-05-17,xslF345X02/rrd79373.xml,CIK0001288776-submissions-003.json
2005-05-19,4,0001181431-05-029277,2005-05-18,xslF345X02/rrd79665.xml,CIK0001288776-submissions-003.json
2005-05-19,4,0001181431-05-029276,2005-05-18,xslF345X02/rrd79659.xml,CIK0001288776-submissions-003.json
2005-05-19,4,0001181431-05-029219,2005-05-17,xslF345X02/rrd79603.xml,CIK0001288776-submissions-003.json
2005-05-19,4,0001181431-05-029216,2005-05-17,xslF345X02/rrd79601.xml,CIK0001288776-submissions-003.json
2005-05-19,4,0001181431-05-029214,2005-05-17,xslF345X02/rrd79600.xml,CIK0001288776-submissions-003.json
2005-05-19,4,0001181431-05-029213,2005-05-17,xslF345X02/rrd79599.xml,CIK0001288776-submissions-003.json
2005-05-19,4,0001181431-05-029212,2005-05-17,xslF345X02/rrd79508.xml,CIK0001288776-submissions-003.json
2005-05-19,4,0001181431-05-029211,2005-05-17,xslF345X02/rrd79507.xml,CIK0001288776-submissions-003.json
2005-05-19,4,0001181431-05-029210,2005-05-17,xslF345X02/rrd79506.xml,CIK0001288776-submissions-003.json
2005-05-19,4,0001181431-05-029209,2005-05-17,xslF345X02/rrd79505.xml,CIK0001288776-submissions-003.json
2005-05-19,4,0001181431-05-029208,2005-05-17,xslF345X02/rrd79504.xml,CIK0001288776-submissions-003.json
2005-05-19,4,0001181431-05-029207,2005-05-17,xslF345X02/rrd79497.xml,CIK0001288776-submissions-003.json
2005-05-19,4,0001181431-05-029205,2005-05-17,xslF345X02/rrd79491.xml,CIK0001288776-submissions-003.json
2005-05-19,4,0001181431-05-029204,2005-05-17,xslF345X02/rrd79490.xml,CIK0001288776-submissions-003.json
2005-05-19,4,0001181431-05-029203,2005-05-17,xslF345X02/rrd79489.xml,CIK0001288776-submissions-003.json
2005-05-19,4,0001181431-05-029201,2005-05-17,xslF345X02/rrd79488.xml,CIK0001288776-submissions-003.json
2005-05-19,4,0001181431-05-029197,2005-05-17,xslF345X02/rrd79486.xml,CIK0001288776-submissions-003.json
2005-05-26,4,0001181431-05-030849,2005-05-24,xslF345X02/rrd80526.xml,CIK0001288776-submissions-003.json
2005-05-26,4,0001181431-05-030848,2005-05-24,xslF345X02/rrd80522.xml,CIK0001288776-submissions-003.json
2005-05-26,4,0001181431-05-030830,2005-05-24,xslF345X02/rrd80402.xml,CIK0001288776-submissions-003.json
2005-05-26,4,0001181431-05-030829,2005-05-24,xslF345X02/rrd80400.xml,CIK0001288776-submissions-003.json
2005-05-26,4,0001181431-05-030828,2005-05-24,xslF345X02/rrd80399.xml,CIK0001288776-submissions-003.json
2005-05-26,4,0001181431-05-030827,2005-05-24,xslF345X02/rrd80397.xml,CIK0001288776-submissions-003.json
2005-05-26,4,0001181431-05-030826,2005-05-24,xslF345X02/rrd80396.xml,CIK0001288776-submissions-003.json
2005-05-26,4,0001181431-05-030825,2005-05-24,xslF345X02/rrd80393.xml,CIK0001288776-submissions-003.json
2005-05-26,4,0001181431-05-030824,2005-05-24,xslF345X02/rrd80390.xml,CIK0001288776-submissions-003.json
2005-05-26,4,0001181431-05-030823,2005-05-24,xslF345X02/rrd80389.xml,CIK0001288776-submissions-003.json
2005-05-26,4,0001181431-05-030822,2005-05-24,xslF345X02/rrd80388.xml,CIK0001288776-submissions-003.json
2005-05-26,4,0001181431-05-030821,2005-05-24,xslF345X02/rrd80387.xml,CIK0001288776-submissions-003.json
2005-05-26,4,0001181431-05-030820,2005-05-24,xslF345X02/rrd80385.xml,CIK0001288776-submissions-003.json
2005-05-26,4,0001181431-05-030819,2005-05-24,xslF345X02/rrd80384.xml,CIK0001288776-submissions-003.json
2005-05-26,4,0001181431-05-030818,2005-05-24,xslF345X02/rrd80383.xml,CIK0001288776-submissions-003.json
2005-05-26,4,0001181431-05-030816,2005-05-24,xslF345X02/rrd80381.xml,CIK0001288776-submissions-003.json
2005-05-26,4,0001181431-05-030814,2005-05-24,xslF345X02/rrd80379.xml,CIK0001288776-submissions-003.json
2005-05-26,4,0001181431-05-030813,2005-05-24,xslF345X02/rrd80378.xml,CIK0001288776-submissions-003.json
2005-05-26,4,0001181431-05-030812,2005-05-24,xslF345X02/rrd80376.xml,CIK0001288776-submissions-003.json
2005-05-26,4,0001181431-05-030811,2005-05-24,xslF345X02/rrd80373.xml,CIK0001288776-submissions-003.json
2005-05-26,4,0001181431-05-030810,2005-05-24,xslF345X02/rrd80372.xml,CIK0001288776-submissions-003.json
2005-05-26,4,0001181431-05-030809,2005-05-24,xslF345X02/rrd80371.xml,CIK0001288776-submissions-003.json
2005-05-26,4,0001181431-05-030808,2005-05-24,xslF345X02/rrd80370.xml,CIK0001288776-submissions-003.json
2005-05-26,4,0001181431-05-030807,2005-05-24,xslF345X02/rrd80369.xml,CIK0001288776-submissions-003.json
2005-05-26,4,0001181431-05-030806,2005-05-24,xslF345X02/rrd80368.xml,CIK0001288776-submissions-003.json
2005-05-26,4,0001181431-05-030805,2005-05-24,xslF345X02/rrd80367.xml,CIK0001288776-submissions-003.json
2005-05-26,4,0001181431-05-030800,2005-05-24,xslF345X02/rrd80366.xml,CIK0001288776-submissions-003.json
2005-05-26,4,0001181431-05-030798,2005-05-24,xslF345X02/rrd80365.xml,CIK0001288776-submissions-003.json
2005-05-26,4,0001181431-05-030796,2005-05-24,xslF345X02/rrd80357.xml,CIK0001288776-submissions-003.json
2005-05-26,4,0001181431-05-030795,2005-05-24,xslF345X02/rrd80354.xml,CIK0001288776-submissions-003.json
2005-05-26,4,0001181431-05-030794,2005-05-24,xslF345X02/rrd80352.xml,CIK0001288776-submissions-003.json
2005-05-26,4,0001181431-05-030793,2005-05-24,xslF345X02/rrd80350.xml,CIK0001288776-submissions-003.json
2005-05-26,4,0001181431-05-030792,2005-05-24,xslF345X02/rrd80349.xml,CIK0001288776-submissions-003.json
2005-05-26,4,0001181431-05-030791,2005-05-24,xslF345X02/rrd80345.xml,CIK0001288776-submissions-003.json
2005-05-26,4,0001181431-05-030790,2005-05-24,xslF345X02/rrd80344.xml,CIK0001288776-submissions-003.json
2005-05-26,4,0001181431-05-030789,2005-05-24,xslF345X02/rrd80342.xml,CIK0001288776-submissions-003.json
2005-05-26,4,0001181431-05-030788,2005-05-24,xslF345X02/rrd80341.xml,CIK0001288776-submissions-003.json
2005-05-26,4,0001181431-05-030787,2005-05-24,xslF345X02/rrd80339.xml,CIK0001288776-submissions-003.json
2005-05-26,4,0001181431-05-030786,2005-05-24,xslF345X02/rrd80338.xml,CIK0001288776-submissions-003.json
2005-05-26,4,0001181431-05-030785,2005-05-24,xslF345X02/rrd80337.xml,CIK0001288776-submissions-003.json
2005-05-26,4,0001181431-05-030784,2005-05-24,xslF345X02/rrd80334.xml,CIK0001288776-submissions-003.json
2005-05-26,4,0001181431-05-030783,2005-05-04,xslF345X02/rrd80471.xml,CIK0001288776-submissions-003.json
2005-05-31,4,0001181431-05-031760,2005-05-31,xslF345X02/rrd80969.xml,CIK0001288776-submissions-003.json
2005-05-31,4,0001181431-05-031725,2005-05-26,xslF345X02/rrd80835.xml,CIK0001288776-submissions-003.json
2005-05-31,4,0001181431-05-031724,2005-05-26,xslF345X02/rrd80834.xml,CIK0001288776-submissions-003.json
2005-05-31,4,0001181431-05-031723,2005-05-26,xslF345X02/rrd80833.xml,CIK0001288776-submissions-003.json
2005-05-31,4,0001181431-05-031722,2005-05-26,xslF345X02/rrd80832.xml,CIK0001288776-submissions-003.json
2005-05-31,4,0001181431-05-031721,2005-05-26,xslF345X02/rrd80831.xml,CIK0001288776-submissions-003.json
2005-05-31,4,0001181431-05-031720,2005-05-26,xslF345X02/rrd80830.xml,CIK0001288776-submissions-003.json
2005-05-31,4,0001181431-05-031719,2005-05-26,xslF345X02/rrd80829.xml,CIK0001288776-submissions-003.json
2005-05-31,4,0001181431-05-031718,2005-05-26,xslF345X02/rrd80828.xml,CIK0001288776-submissions-003.json
2005-05-31,4,0001181431-05-031717,2005-05-26,xslF345X02/rrd80827.xml,CIK0001288776-submissions-003.json
2005-05-31,4,0001181431-05-031716,2005-05-26,xslF345X02/rrd80826.xml,CIK0001288776-submissions-003.json
2005-05-31,4,0001181431-05-031715,2005-05-26,xslF345X02/rrd80825.xml,CIK0001288776-submissions-003.json
2005-05-31,4,0001181431-05-031714,2005-05-26,xslF345X02/rrd80824.xml,CIK0001288776-submissions-003.json
2005-05-31,4,0001181431-05-031713,2005-05-26,xslF345X02/rrd80823.xml,CIK0001288776-submissions-003.json
2005-05-31,4,0001181431-05-031712,2005-05-26,xslF345X02/rrd80822.xml,CIK0001288776-submissions-003.json
2005-05-31,4,0001181431-05-031711,2005-05-26,xslF345X02/rrd80821.xml,CIK0001288776-submissions-003.json
2005-05-31,4,0001181431-05-031709,2005-05-26,xslF345X02/rrd80820.xml,CIK0001288776-submissions-003.json
2005-05-31,4,0001181431-05-031707,2005-05-26,xslF345X02/rrd80819.xml,CIK0001288776-submissions-003.json
2005-05-31,4,0001181431-05-031706,2005-05-26,xslF345X02/rrd80818.xml,CIK0001288776-submissions-003.json
2005-05-31,4,0001181431-05-031705,2005-05-26,xslF345X02/rrd80817.xml,CIK0001288776-submissions-003.json
2005-05-31,4,0001181431-05-031704,2005-05-26,xslF345X02/rrd80816.xml,CIK0001288776-submissions-003.json
2005-05-31,4,0001181431-05-031703,2005-05-26,xslF345X02/rrd80815.xml,CIK0001288776-submissions-003.json
2005-05-31,4,0001181431-05-031702,2005-05-26,xslF345X02/rrd80814.xml,CIK0001288776-submissions-003.json
2005-05-31,4,0001181431-05-031701,2005-05-26,xslF345X02/rrd80813.xml,CIK0001288776-submissions-003.json
2005-05-31,4,0001181431-05-031700,2005-05-26,xslF345X02/rrd80812.xml,CIK0001288776-submissions-003.json
2005-05-31,4,0001181431-05-031699,2005-05-26,xslF345X02/rrd80811.xml,CIK0001288776-submissions-003.json
2005-05-31,4,0001181431-05-031698,2005-05-26,xslF345X02/rrd80810.xml,CIK0001288776-submissions-003.json
2005-05-31,4,0001181431-05-031697,2005-05-26,xslF345X02/rrd80809.xml,CIK0001288776-submissions-003.json
2005-05-31,4,0001181431-05-031691,2005-05-26,xslF345X02/rrd80611.xml,CIK0001288776-submissions-003.json
2005-06-02,4,0001181431-05-032382,2005-06-01,xslF345X02/rrd81106.xml,CIK0001288776-submissions-003.json
2005-06-03,4,0001181431-05-032803,2005-06-01,xslF345X02/rrd81341.xml,CIK0001288776-submissions-003.json
2005-06-03,4,0001181431-05-032801,2005-06-01,xslF345X02/rrd81340.xml,CIK0001288776-submissions-003.json
2005-06-03,4,0001181431-05-032800,2005-06-01,xslF345X02/rrd81339.xml,CIK0001288776-submissions-003.json
2005-06-03,4,0001181431-05-032799,2005-06-01,xslF345X02/rrd81334.xml,CIK0001288776-submissions-003.json
2005-06-03,4,0001181431-05-032797,2005-06-01,xslF345X02/rrd81333.xml,CIK0001288776-submissions-003.json
2005-06-03,4,0001181431-05-032796,2005-06-01,xslF345X02/rrd81329.xml,CIK0001288776-submissions-003.json
2005-06-03,4,0001181431-05-032795,2005-06-01,xslF345X02/rrd81327.xml,CIK0001288776-submissions-003.json
2005-06-03,4,0001181431-05-032793,2005-06-01,xslF345X02/rrd81326.xml,CIK0001288776-submissions-003.json
2005-06-06,4,0001181431-05-033176,2005-06-03,xslF345X02/rrd81582.xml,CIK0001288776-submissions-003.json
2005-06-06,4,0001181431-05-033175,2005-06-03,xslF345X02/rrd81581.xml,CIK0001288776-submissions-003.json
2005-06-06,4,0001181431-05-033174,2005-06-02,xslF345X02/rrd81580.xml,CIK0001288776-submissions-003.json
2005-06-06,4,0001181431-05-033173,2005-06-02,xslF345X02/rrd81579.xml,CIK0001288776-submissions-003.json
2005-06-06,4,0001181431-05-033172,2005-06-02,xslF345X02/rrd81578.xml,CIK0001288776-submissions-003.json
2005-06-06,4,0001181431-05-033171,2005-06-02,xslF345X02/rrd81577.xml,CIK0001288776-submissions-003.json
2005-06-07,4,0001181431-05-033490,2005-06-06,xslF345X02/rrd81802.xml,CIK0001288776-submissions-003.json
2005-06-07,4,0001181431-05-033489,2005-06-06,xslF345X02/rrd81801.xml,CIK0001288776-submissions-003.json
2005-06-07,4,0001181431-05-033488,2005-06-06,xslF345X02/rrd81797.xml,CIK0001288776-submissions-003.json
2005-06-07,4,0001181431-05-033389,2005-06-07,xslF345X02/rrd81795.xml,CIK0001288776-submissions-003.json
2005-06-09,4,0001181431-05-033843,2005-06-07,xslF345X02/rrd81862.xml,CIK0001288776-submissions-003.json
2005-06-09,4,0001181431-05-033842,2005-06-07,xslF345X02/rrd81861.xml,CIK0001288776-submissions-003.json
2005-06-09,4,0001181431-05-033841,2005-06-07,xslF345X02/rrd81860.xml,CIK0001288776-submissions-003.json
2005-06-10,4,0001181431-05-034111,2005-06-08,xslF345X02/rrd82172.xml,CIK0001288776-submissions-003.json
2005-06-10,4,0001181431-05-034109,2005-06-08,xslF345X02/rrd82159.xml,CIK0001288776-submissions-003.json
2005-06-10,4,0001181431-05-034107,2005-06-08,xslF345X02/rrd82157.xml,CIK0001288776-submissions-003.json
2005-06-10,SC 13G/A,0000315066-05-001783,,filing.txt,CIK0001288776-submissions-003.json
2005-06-13,4,0001181431-05-034344,2005-06-10,xslF345X02/rrd82371.xml,CIK0001288776-submissions-003.json
2005-06-15,4,0001181431-05-034798,2005-06-14,xslF345X02/rrd82647.xml,CIK0001288776-submissions-003.json
2005-06-15,4,0001181431-05-034796,2005-06-14,xslF345X02/rrd82662.xml,CIK0001288776-submissions-003.json
2005-06-15,4,0001181431-05-034797,2005-06-14,xslF345X02/rrd82657.xml,CIK0001288776-submissions-003.json
2005-06-15,4,0001181431-05-034670,2005-06-14,xslF345X02/rrd82553.xml,CIK0001288776-submissions-003.json
2005-06-15,4,0001181431-05-034669,2005-06-14,xslF345X02/rrd82552.xml,CIK0001288776-submissions-003.json
2005-06-15,4,0001181431-05-034668,2005-06-13,xslF345X02/rrd82551.xml,CIK0001288776-submissions-003.json
2005-06-15,4,0001181431-05-034667,2005-06-13,xslF345X02/rrd82538.xml,CIK0001288776-submissions-003.json
2005-06-17,4,0001181431-05-035300,2005-06-16,xslF345X02/rrd82924.xml,CIK0001288776-submissions-003.json
2005-06-17,4,0001181431-05-035299,2005-06-15,xslF345X02/rrd82921.xml,CIK0001288776-submissions-003.json
2005-06-17,4,0001181431-05-035298,2005-06-15,xslF345X02/rrd82917.xml,CIK0001288776-submissions-003.json
2005-06-17,4,0001181431-05-035297,2005-06-15,xslF345X02/rrd82913.xml,CIK0001288776-submissions-003.json
2005-06-17,4,0001181431-05-035296,2005-06-15,xslF345X02/rrd82883.xml,CIK0001288776-submissions-003.json
2005-06-17,4,0001181431-05-035295,2005-06-15,xslF345X02/rrd82881.xml,CIK0001288776-submissions-003.json
2005-06-20,4,0001181431-05-035676,2005-06-16,xslF345X02/rrd83128.xml,CIK0001288776-submissions-003.json
2005-06-20,4,0001181431-05-035674,2005-06-17,xslF345X02/rrd83104.xml,CIK0001288776-submissions-003.json
2005-06-20,4,0001181431-05-035673,2005-06-17,xslF345X02/rrd83096.xml,CIK0001288776-submissions-003.json
2005-06-20,4,0001181431-05-035672,2005-06-17,xslF345X02/rrd83093.xml,CIK0001288776-submissions-003.json
2005-06-20,4,0001181431-05-035671,2005-06-16,xslF345X02/rrd83058.xml,CIK0001288776-submissions-003.json
2005-06-20,4,0001181431-05-035670,2005-06-16,xslF345X02/rrd83057.xml,CIK0001288776-submissions-003.json
2005-06-22,4,0001181431-05-036069,2005-06-21,xslF345X02/rrd83388.xml,CIK0001288776-submissions-003.json
2005-06-22,4,0001181431-05-036068,2005-06-21,xslF345X02/rrd83387.xml,CIK0001288776-submissions-003.json
2005-06-22,4,0001181431-05-036050,2005-06-20,xslF345X02/rrd83308.xml,CIK0001288776-submissions-003.json
2005-06-22,4,0001181431-05-036049,2005-06-20,xslF345X02/rrd83307.xml,CIK0001288776-submissions-003.json
2005-06-22,4,0001181431-05-036048,2005-06-20,xslF345X02/rrd83306.xml,CIK0001288776-submissions-003.json
2005-06-29,4,0001181431-05-037391,2005-06-27,xslF345X02/rrd84039.xml,CIK0001288776-submissions-003.json
2005-06-29,4,0001181431-05-037390,2005-06-27,xslF345X02/rrd84038.xml,CIK0001288776-submissions-003.json
2005-06-29,4,0001181431-05-037389,2005-06-27,xslF345X02/rrd84037.xml,CIK0001288776-submissions-003.json
2005-06-29,4,0001181431-05-037388,2005-06-27,xslF345X02/rrd84035.xml,CIK0001288776-submissions-003.json
2005-06-29,4,0001181431-05-037387,2005-06-27,xslF345X02/rrd84034.xml,CIK0001288776-submissions-003.json
2005-06-29,4,0001181431-05-037386,2005-06-27,xslF345X02/rrd84033.xml,CIK0001288776-submissions-003.json
2005-06-29,4,0001181431-05-037385,2005-06-27,xslF345X02/rrd84032.xml,CIK0001288776-submissions-003.json
2005-06-29,4,0001181431-05-037383,2005-06-27,xslF345X02/rrd84031.xml,CIK0001288776-submissions-003.json
2005-06-29,4,0001181431-05-037382,2005-06-27,xslF345X02/rrd84030.xml,CIK0001288776-submissions-003.json
2005-06-29,4,0001181431-05-037381,2005-06-27,xslF345X02/rrd84029.xml,CIK0001288776-submissions-003.json
2005-06-29,4,0001181431-05-037380,2005-06-27,xslF345X02/rrd84028.xml,CIK0001288776-submissions-003.json
2005-06-29,4,0001181431-05-037379,2005-06-27,xslF345X02/rrd84026.xml,CIK0001288776-submissions-003.json
2005-06-29,4,0001181431-05-037378,2005-06-27,xslF345X02/rrd84025.xml,CIK0001288776-submissions-003.json
2005-06-29,4,0001181431-05-037377,2005-06-27,xslF345X02/rrd84024.xml,CIK0001288776-submissions-003.json
2005-06-29,4,0001181431-05-037376,2005-06-27,xslF345X02/rrd84023.xml,CIK0001288776-submissions-003.json
2005-06-29,4,0001181431-05-037374,2005-06-27,xslF345X02/rrd84021.xml,CIK0001288776-submissions-003.json
2005-06-29,4,0001181431-05-037373,2005-06-27,xslF345X02/rrd84020.xml,CIK0001288776-submissions-003.json
2005-06-29,4,0001181431-05-037372,2005-06-27,xslF345X02/rrd84019.xml,CIK0001288776-submissions-003.json
2005-06-29,4,0001181431-05-037371,2005-06-27,xslF345X02/rrd84014.xml,CIK0001288776-submissions-003.json
2005-06-29,4,0001181431-05-037369,2005-06-27,xslF345X02/rrd84013.xml,CIK0001288776-submissions-003.json
2005-06-29,4,0001181431-05-037368,2005-06-27,xslF345X02/rrd84012.xml,CIK0001288776-submissions-003.json
2005-06-29,4,0001181431-05-037367,2005-06-27,xslF345X02/rrd84011.xml,CIK0001288776-submissions-003.json
2005-06-29,4,0001181431-05-037366,2005-06-27,xslF345X02/rrd84010.xml,CIK0001288776-submissions-003.json
2005-06-29,4,0001181431-05-037365,2005-06-27,xslF345X02/rrd84008.xml,CIK0001288776-submissions-003.json
2005-06-29,4,0001181431-05-037364,2005-06-27,xslF345X02/rrd84007.xml,CIK0001288776-submissions-003.json
2005-06-29,4,0001181431-05-037363,2005-06-27,xslF345X02/rrd84005.xml,CIK0001288776-submissions-003.json
2005-06-29,4,0001181431-05-037362,2005-06-27,xslF345X02/rrd84002.xml,CIK0001288776-submissions-003.json
2005-07-01,4,0001181431-05-038059,2005-06-29,xslF345X02/rrd84517.xml,CIK0001288776-submissions-003.json
2005-07-01,4,0001181431-05-038057,2005-06-29,xslF345X02/rrd84514.xml,CIK0001288776-submissions-003.json
2005-07-01,4,0001181431-05-038055,2005-06-29,xslF345X02/rrd84534.xml,CIK0001288776-submissions-003.json
2005-07-01,4,0001181431-05-038054,2005-06-29,xslF345X02/rrd84533.xml,CIK0001288776-submissions-003.json
2005-07-01,4,0001181431-05-038053,2005-06-29,xslF345X02/rrd84532.xml,CIK0001288776-submissions-003.json
2005-07-01,4,0001181431-05-038052,2005-06-29,xslF345X02/rrd84531.xml,CIK0001288776-submissions-003.json
2005-07-01,4,0001181431-05-038051,2005-06-29,xslF345X02/rrd84530.xml,CIK0001288776-submissions-003.json
2005-07-01,4,0001181431-05-038049,2005-06-29,xslF345X02/rrd84527.xml,CIK0001288776-submissions-003.json
2005-07-01,4,0001181431-05-038048,2005-06-29,xslF345X02/rrd84526.xml,CIK0001288776-submissions-003.json
2005-07-01,4,0001181431-05-038045,2005-06-29,xslF345X02/rrd84524.xml,CIK0001288776-submissions-003.json
2005-07-01,4,0001181431-05-038043,2005-06-29,xslF345X02/rrd84563.xml,CIK0001288776-submissions-003.json
2005-07-01,4,0001181431-05-038042,2005-06-29,xslF345X02/rrd84559.xml,CIK0001288776-submissions-003.json
2005-07-01,4,0001181431-05-038041,2005-06-29,xslF345X02/rrd84513.xml,CIK0001288776-submissions-003.json
2005-07-01,4,0001181431-05-038040,2005-06-29,xslF345X02/rrd84511.xml,CIK0001288776-submissions-003.json
2005-07-01,4,0001181431-05-038039,2005-06-29,xslF345X02/rrd84509.xml,CIK0001288776-submissions-003.json
2005-07-01,4,0001181431-05-038038,2005-06-29,xslF345X02/rrd84507.xml,CIK0001288776-submissions-003.json
2005-07-01,4,0001181431-05-038037,2005-06-29,xslF345X02/rrd84505.xml,CIK0001288776-submissions-003.json
2005-07-01,4,0001181431-05-038036,2005-06-29,xslF345X02/rrd84502.xml,CIK0001288776-submissions-003.json
2005-07-01,4,0001181431-05-038035,2005-06-29,xslF345X02/rrd84500.xml,CIK0001288776-submissions-003.json
2005-07-01,4,0001181431-05-038034,2005-06-29,xslF345X02/rrd84472.xml,CIK0001288776-submissions-003.json
2005-07-01,4,0001181431-05-038033,2005-06-29,xslF345X02/rrd84353.xml,CIK0001288776-submissions-003.json
2005-07-01,4,0001181431-05-038032,2005-06-29,xslF345X02/rrd84351.xml,CIK0001288776-submissions-003.json
2005-07-01,4,0001181431-05-038031,2005-06-29,xslF345X02/rrd84350.xml,CIK0001288776-submissions-003.json
2005-07-01,4,0001181431-05-038030,2005-06-29,xslF345X02/rrd84349.xml,CIK0001288776-submissions-003.json
2005-07-01,4,0001181431-05-038029,2005-06-29,xslF345X02/rrd84348.xml,CIK0001288776-submissions-003.json
2005-07-01,4,0001181431-05-038028,2005-06-29,xslF345X02/rrd84347.xml,CIK0001288776-submissions-003.json
2005-07-01,4,0001181431-05-038027,2005-06-29,xslF345X02/rrd84346.xml,CIK0001288776-submissions-003.json
2005-07-01,4,0001181431-05-038026,2005-06-29,xslF345X02/rrd84345.xml,CIK0001288776-submissions-003.json
2005-07-01,4,0001181431-05-038025,2005-06-29,xslF345X02/rrd84272.xml,CIK0001288776-submissions-003.json
2005-07-01,4,0001181431-05-038023,2005-06-29,xslF345X02/rrd84278.xml,CIK0001288776-submissions-003.json
2005-07-06,4,0001181431-05-039120,2005-07-01,xslF345X02/rrd85094.xml,CIK0001288776-submissions-003.json
2005-07-06,4,0001181431-05-039119,2005-07-01,xslF345X02/rrd85093.xml,CIK0001288776-submissions-003.json
2005-07-06,4,0001181431-05-039118,2005-07-01,xslF345X02/rrd85038.xml,CIK0001288776-submissions-003.json
2005-07-06,4,0001181431-05-039117,2005-07-01,xslF345X02/rrd85037.xml,CIK0001288776-submissions-003.json
2005-07-06,4,0001181431-05-039116,2005-07-01,xslF345X02/rrd85036.xml,CIK0001288776-submissions-003.json
2005-07-06,4,0001181431-05-039115,2005-07-01,xslF345X02/rrd85035.xml,CIK0001288776-submissions-003.json
2005-07-06,4,0001181431-05-039114,2005-07-01,xslF345X02/rrd85033.xml,CIK0001288776-submissions-003.json
2005-07-06,4,0001181431-05-039113,2005-07-01,xslF345X02/rrd84845.xml,CIK0001288776-submissions-003.json
2005-07-06,4,0001181431-05-039112,2005-07-01,xslF345X02/rrd84843.xml,CIK0001288776-submissions-003.json
2005-07-06,4,0001181431-05-039111,2005-07-01,xslF345X02/rrd84593.xml,CIK0001288776-submissions-003.json
2005-07-07,4,0001181431-05-039230,2005-07-05,xslF345X02/rrd85137.xml,CIK0001288776-submissions-003.json
2005-07-07,4,0001181431-05-039229,2005-07-05,xslF345X02/rrd85134.xml,CIK0001288776-submissions-003.json
2005-07-07,4,0001181431-05-039227,2005-07-05,xslF345X02/rrd85133.xml,CIK0001288776-submissions-003.json
2005-07-07,4,0001181431-05-039226,2005-07-05,xslF345X02/rrd85132.xml,CIK0001288776-submissions-003.json
2005-07-08,4,0001181431-05-039425,2005-07-07,xslF345X02/rrd85298.xml,CIK0001288776-submissions-003.json
2005-07-08,4,0001181431-05-039423,2005-07-07,xslF345X02/rrd85296.xml,CIK0001288776-submissions-003.json
2005-07-08,4,0001181431-05-039422,2005-07-07,xslF345X02/rrd85295.xml,CIK0001288776-submissions-003.json
2005-07-08,4,0001181431-05-039421,2005-07-07,xslF345X02/rrd85293.xml,CIK0001288776-submissions-003.json
2005-07-08,4,0001181431-05-039416,2005-07-06,xslF345X02/rrd85267.xml,CIK0001288776-submissions-003.json
2005-07-08,4,0001181431-05-039415,2005-07-06,xslF345X02/rrd85266.xml,CIK0001288776-submissions-003.json
2005-07-08,4,0001181431-05-039414,2005-07-06,xslF345X02/rrd85262.xml,CIK0001288776-submissions-003.json
2005-07-08,4,0001181431-05-039413,2005-07-06,xslF345X02/rrd85260.xml,CIK0001288776-submissions-003.json
2005-07-11,4,0001181431-05-039589,2005-07-07,xslF345X02/rrd85336.xml,CIK0001288776-submissions-003.json
2005-07-12,4,0001181431-05-039763,2005-07-08,xslF345X02/rrd85428.xml,CIK0001288776-submissions-003.json
2005-07-12,4,0001181431-05-039762,2005-07-08,xslF345X02/rrd85427.xml,CIK0001288776-submissions-003.json
2005-07-13,4,0001181431-05-040154,2005-07-11,xslF345X02/rrd85676.xml,CIK0001288776-submissions-003.json
2005-07-18,4,0001181431-05-040858,2005-07-14,xslF345X02/rrd86060.xml,CIK0001288776-submissions-003.json
2005-07-18,4,0001181431-05-040857,2005-07-14,xslF345X02/rrd86078.xml,CIK0001288776-submissions-003.json
2005-07-19,4,0001181431-05-041077,2005-07-15,xslF345X02/rrd86217.xml,CIK0001288776-submissions-003.json
2005-07-19,4,0001181431-05-041067,2005-07-15,xslF345X02/rrd86203.xml,CIK0001288776-submissions-003.json
2005-07-19,4,0001181431-05-041066,2005-07-15,xslF345X02/rrd86201.xml,CIK0001288776-submissions-003.json
2005-07-20,4,0001181431-05-041325,2005-07-18,xslF345X02/rrd86324.xml,CIK0001288776-submissions-003.json
2005-07-20,4,0001181431-05-041324,2005-07-18,xslF345X02/rrd86314.xml,CIK0001288776-submissions-003.json
2005-07-20,4,0001181431-05-041323,2005-07-18,xslF345X02/rrd86311.xml,CIK0001288776-submissions-003.json
2005-07-20,4,0001181431-05-041322,2005-07-18,xslF345X02/rrd86299.xml,CIK0001288776-submissions-003.json
2005-07-20,4,0001181431-05-041321,2005-07-18,xslF345X02/rrd86295.xml,CIK0001288776-submissions-003.json
2005-07-20,4,0001181431-05-041320,2005-07-18,xslF345X02/rrd86291.xml,CIK0001288776-submissions-003.json
2005-07-21,4,0001181431-05-041450,2005-07-19,xslF345X02/rrd86381.xml,CIK0001288776-submissions-003.json
2005-07-21,4,0001181431-05-041449,2005-07-19,xslF345X02/rrd86374.xml,CIK0001288776-submissions-003.json
2005-07-21,4,0001181431-05-041401,2005-07-19,xslF345X02/rrd86452.xml,CIK0001288776-submissions-003.json
2005-07-21,4,0001181431-05-041400,2005-07-19,xslF345X02/rrd86449.xml,CIK0001288776-submissions-003.json
2005-07-21,8-K,0001193125-05-146298,2005-07-21,d8k.htm,CIK0001288776-submissions-003.json
2005-07-22,4,0001181431-05-041595,2005-07-20,xslF345X02/rrd86467.xml,CIK0001288776-submissions-003.json
2005-07-22,4,0001181431-05-041594,2005-07-20,xslF345X02/rrd86465.xml,CIK0001288776-submissions-003.json
2005-07-22,4,0001181431-05-041562,2005-07-20,xslF345X02/rrd86483.xml,CIK0001288776-submissions-003.json
2005-07-22,4,0001181431-05-041560,2005-07-20,xslF345X02/rrd86477.xml,CIK0001288776-submissions-003.json
2005-07-27,4,0001181431-05-042518,2005-07-25,xslF345X02/rrd87144.xml,CIK0001288776-submissions-003.json
2005-07-27,4,0001181431-05-042517,2005-07-25,xslF345X02/rrd87137.xml,CIK0001288776-submissions-003.json
2005-07-27,4,0001181431-05-042516,2005-07-25,xslF345X02/rrd87130.xml,CIK0001288776-submissions-003.json
2005-07-27,4,0001181431-05-042515,2005-07-25,xslF345X02/rrd87127.xml,CIK0001288776-submissions-003.json
2005-07-27,4,0001181431-05-042514,2005-07-25,xslF345X02/rrd87123.xml,CIK0001288776-submissions-003.json
2005-07-27,4,0001181431-05-042513,2005-07-25,xslF345X02/rrd87121.xml,CIK0001288776-submissions-003.json
2005-07-27,4,0001181431-05-042512,2005-07-25,xslF345X02/rrd87119.xml,CIK0001288776-submissions-003.json
2005-07-27,4,0001181431-05-042511,2005-07-25,xslF345X02/rrd87114.xml,CIK0001288776-submissions-003.json
2005-07-27,4,0001181431-05-042510,2005-07-25,xslF345X02/rrd87106.xml,CIK0001288776-submissions-003.json
2005-07-27,4,0001181431-05-042509,2005-07-25,xslF345X02/rrd87104.xml,CIK0001288776-submissions-003.json
2005-07-27,4,0001181431-05-042508,2005-07-25,xslF345X02/rrd87102.xml,CIK0001288776-submissions-003.json
2005-07-27,4,0001181431-05-042507,2005-07-25,xslF345X02/rrd87098.xml,CIK0001288776-submissions-003.json
2005-07-27,4,0001181431-05-042506,2005-07-25,xslF345X02/rrd87092.xml,CIK0001288776-submissions-003.json
2005-07-27,4,0001181431-05-042505,2005-07-25,xslF345X02/rrd87089.xml,CIK0001288776-submissions-003.json
2005-07-27,4,0001181431-05-042504,2005-07-25,xslF345X02/rrd87056.xml,CIK0001288776-submissions-003.json
2005-07-27,4,0001181431-05-042503,2005-07-25,xslF345X02/rrd87010.xml,CIK0001288776-submissions-003.json
2005-07-27,4,0001181431-05-042502,2005-07-25,xslF345X02/rrd87008.xml,CIK0001288776-submissions-003.json
2005-07-27,4,0001181431-05-042501,2005-07-25,xslF345X02/rrd87004.xml,CIK0001288776-submissions-003.json
2005-07-27,4,0001181431-05-042500,2005-07-25,xslF345X02/rrd87002.xml,CIK0001288776-submissions-003.json
2005-07-27,4,0001181431-05-042499,2005-07-25,xslF345X02/rrd87000.xml,CIK0001288776-submissions-003.json
2005-07-27,4,0001181431-05-042498,2005-07-25,xslF345X02/rrd86999.xml,CIK0001288776-submissions-003.json
2005-07-27,4,0001181431-05-042497,2005-07-25,xslF345X02/rrd86997.xml,CIK0001288776-submissions-003.json
2005-07-27,4,0001181431-05-042496,2005-07-25,xslF345X02/rrd86991.xml,CIK0001288776-submissions-003.json
2005-07-27,4,0001181431-05-042495,2005-07-25,xslF345X02/rrd86975.xml,CIK0001288776-submissions-003.json
2005-08-02,4,0001181431-05-043868,2005-07-29,xslF345X02/rrd87977.xml,CIK0001288776-submissions-003.json
2005-08-02,4,0001181431-05-043867,2005-07-29,xslF345X02/rrd87972.xml,CIK0001288776-submissions-003.json
2005-08-02,4,0001181431-05-043866,2005-07-29,xslF345X02/rrd87967.xml,CIK0001288776-submissions-003.json
2005-08-02,4,0001181431-05-043865,2005-07-29,xslF345X02/rrd87965.xml,CIK0001288776-submissions-003.json
2005-08-02,4,0001181431-05-043864,2005-07-29,xslF345X02/rrd87964.xml,CIK0001288776-submissions-003.json
2005-08-02,4,0001181431-05-043863,2005-07-29,xslF345X02/rrd87963.xml,CIK0001288776-submissions-003.json
2005-08-02,4,0001181431-05-043862,2005-07-29,xslF345X02/rrd87956.xml,CIK0001288776-submissions-003.json
2005-08-02,4,0001181431-05-043861,2005-07-29,xslF345X02/rrd87952.xml,CIK0001288776-submissions-003.json
2005-08-02,4,0001181431-05-043860,2005-07-29,xslF345X02/rrd87949.xml,CIK0001288776-submissions-003.json
2005-08-02,4,0001181431-05-043859,2005-07-29,xslF345X02/rrd87945.xml,CIK0001288776-submissions-003.json
2005-08-02,4,0001181431-05-043858,2005-07-29,xslF345X02/rrd87942.xml,CIK0001288776-submissions-003.json
2005-08-02,4,0001181431-05-043857,2005-07-29,xslF345X02/rrd87939.xml,CIK0001288776-submissions-003.json
2005-08-02,4,0001181431-05-043856,2005-07-29,xslF345X02/rrd87935.xml,CIK0001288776-submissions-003.json
2005-08-02,4,0001181431-05-043855,2005-07-29,xslF345X02/rrd87930.xml,CIK0001288776-submissions-003.json
2005-08-02,4,0001181431-05-043854,2005-07-29,xslF345X02/rrd87922.xml,CIK0001288776-submissions-003.json
2005-08-02,4,0001181431-05-043853,2005-07-29,xslF345X02/rrd87916.xml,CIK0001288776-submissions-003.json
2005-08-02,4,0001181431-05-043852,2005-07-29,xslF345X02/rrd87898.xml,CIK0001288776-submissions-003.json
2005-08-02,4,0001181431-05-043851,2005-07-29,xslF345X02/rrd87845.xml,CIK0001288776-submissions-003.json
2005-08-02,4,0001181431-05-043850,2005-07-29,xslF345X02/rrd87830.xml,CIK0001288776-submissions-003.json
2005-08-02,4,0001181431-05-043848,2005-07-29,xslF345X02/rrd87813.xml,CIK0001288776-submissions-003.json
2005-08-02,4,0001181431-05-043847,2005-07-29,xslF345X02/rrd87812.xml,CIK0001288776-submissions-003.json
2005-08-02,4,0001181431-05-043846,2005-07-29,xslF345X02/rrd87811.xml,CIK0001288776-submissions-003.json
2005-08-02,4,0001181431-05-043845,2005-07-29,xslF345X02/rrd87792.xml,CIK0001288776-submissions-003.json
2005-08-02,4,0001181431-05-043844,2005-07-29,xslF345X02/rrd87791.xml,CIK0001288776-submissions-003.json
2005-08-02,4,0001181431-05-043757,2005-07-29,xslF345X02/rrd87775.xml,CIK0001288776-submissions-003.json
2005-08-02,4,0001181431-05-043756,2005-07-29,xslF345X02/rrd87768.xml,CIK0001288776-submissions-003.json
2005-08-02,4,0001181431-05-043755,2005-07-29,xslF345X02/rrd87754.xml,CIK0001288776-submissions-003.json
2005-08-02,4,0001181431-05-043753,2005-07-29,xslF345X02/rrd87732.xml,CIK0001288776-submissions-003.json
2005-08-02,4,0001181431-05-043752,2005-07-29,xslF345X02/rrd87720.xml,CIK0001288776-submissions-003.json
2005-08-02,4,0001181431-05-043751,2005-07-29,xslF345X02/rrd87711.xml,CIK0001288776-submissions-003.json
2005-08-02,4,0001181431-05-043750,2005-07-29,xslF345X02/rrd87678.xml,CIK0001288776-submissions-003.json
2005-08-03,4,0001181431-05-044378,2005-08-03,xslF345X02/rrd88235.xml,CIK0001288776-submissions-003.json
2005-08-03,4,0001181431-05-044351,2005-08-01,xslF345X02/rrd88217.xml,CIK0001288776-submissions-003.json
2005-08-03,4,0001181431-05-044349,2005-08-01,xslF345X02/rrd88206.xml,CIK0001288776-submissions-003.json
2005-08-03,4,0001181431-05-044333,2005-08-01,xslF345X02/rrd88156.xml,CIK0001288776-submissions-003.json
2005-08-03,4,0001181431-05-044331,2005-08-01,xslF345X02/rrd88140.xml,CIK0001288776-submissions-003.json
2005-08-03,4,0001181431-05-044330,2005-08-01,xslF345X02/rrd88089.xml,CIK0001288776-submissions-003.json
2005-08-04,4,0001181431-05-044833,2005-08-03,xslF345X02/rrd88455.xml,CIK0001288776-submissions-003.json
2005-08-04,4,0001181431-05-044830,2005-08-03,xslF345X02/rrd88264.xml,CIK0001288776-submissions-003.json
2005-08-04,4,0001181431-05-044819,2005-08-02,xslF345X02/rrd88379.xml,CIK0001288776-submissions-003.json
2005-08-04,4,0001181431-05-044793,2005-08-02,xslF345X02/rrd88361.xml,CIK0001288776-submissions-003.json
2005-08-04,4,0001181431-05-044790,2005-08-02,xslF345X02/rrd88428.xml,CIK0001288776-submissions-003.json
2005-08-04,4,0001181431-05-044789,2005-08-02,xslF345X02/rrd88439.xml,CIK0001288776-submissions-003.json
2005-08-04,4,0001181431-05-044787,2005-08-02,xslF345X02/rrd88434.xml,CIK0001288776-submissions-003.json
2005-08-04,4,0001181431-05-044785,2005-08-02,xslF345X02/rrd88355.xml,CIK0001288776-submissions-003.json
2005-08-04,4,0001181431-05-044784,2005-08-02,xslF345X02/rrd88351.xml,CIK0001288776-submissions-003.json
2005-08-04,4,0001181431-05-044783,2005-08-02,xslF345X02/rrd88344.xml,CIK0001288776-submissions-003.json
2005-08-04,4,0001181431-05-044782,2005-08-02,xslF345X02/rrd88341.xml,CIK0001288776-submissions-003.json
2005-08-05,4,0001181431-05-045046,2005-08-03,xslF345X02/rrd88482.xml,CIK0001288776-submissions-003.json
2005-08-05,4,0001181431-05-045008,2005-08-03,xslF345X02/rrd88479.xml,CIK0001288776-submissions-003.json
2005-08-08,4,0001181431-05-045343,2005-08-04,xslF345X02/rrd88661.xml,CIK0001288776-submissions-003.json
2005-08-08,4,0001181431-05-045342,2005-08-04,xslF345X02/rrd88662.xml,CIK0001288776-submissions-003.json
2005-08-09,4,0001181431-05-045626,2005-08-05,xslF345X02/rrd88758.xml,CIK0001288776-submissions-003.json
2005-08-09,4,0001181431-05-045534,2005-08-05,xslF345X02/rrd88743.xml,CIK0001288776-submissions-003.json
2005-08-11,S-8,0001193125-05-165267,,ds8.htm,CIK0001288776-submissions-003.json
2005-08-12,4,0001181431-05-046617,2005-08-10,xslF345X02/rrd89159.xml,CIK0001288776-submissions-003.json
2005-08-15,10-Q,0001193125-05-168339,2005-06-30,d10q.htm,CIK0001288776-submissions-003.json
2005-08-17,4,0001181431-05-047586,2005-08-15,xslF345X02/rrd89856.xml,CIK0001288776-submissions-003.json
2005-08-17,4,0001181431-05-047585,2005-08-15,xslF345X02/rrd89559.xml,CIK0001288776-submissions-003.json
2005-08-17,4,0001181431-05-047584,2005-08-15,xslF345X02/rrd89807.xml,CIK0001288776-submissions-003.json
2005-08-17,4,0001181431-05-047582,2005-08-15,xslF345X02/rrd89561.xml,CIK0001288776-submissions-003.json
2005-08-17,4,0001181431-05-047581,2005-08-15,xslF345X02/rrd89558.xml,CIK0001288776-submissions-003.json
2005-08-18,4,0001181431-05-047861,2005-08-16,xslF345X02/rrd89961.xml,CIK0001288776-submissions-003.json
2005-08-18,4,0001181431-05-047860,2005-08-16,xslF345X02/rrd89939.xml,CIK0001288776-submissions-003.json
2005-08-18,4,0001181431-05-047859,2005-08-16,xslF345X02/rrd89937.xml,CIK0001288776-submissions-003.json
2005-08-18,4,0001181431-05-047858,2005-08-16,xslF345X02/rrd89929.xml,CIK0001288776-submissions-003.json
2005-08-18,4,0001181431-05-047857,2005-08-16,xslF345X02/rrd89925.xml,CIK0001288776-submissions-003.json
2005-08-18,4,0001181431-05-047856,2005-08-16,xslF345X02/rrd89895.xml,CIK0001288776-submissions-003.json
2005-08-18,S-3,0001193125-05-170553,,ds3.htm,CIK0001288776-submissions-003.json
2005-08-19,4,0001181431-05-048073,2005-08-17,xslF345X02/rrd90068.xml,CIK0001288776-submissions-003.json
2005-08-19,4,0001181431-05-048072,2005-08-17,xslF345X02/rrd90044.xml,CIK0001288776-submissions-003.json
2005-08-19,4,0001181431-05-048071,2005-08-17,xslF345X02/rrd90006.xml,CIK0001288776-submissions-003.json
2005-08-22,4,0001181431-05-048259,2005-08-18,xslF345X02/rrd90085.xml,CIK0001288776-submissions-003.json
2005-08-22,4,0001181431-05-048258,2005-08-18,xslF345X02/rrd90084.xml,CIK0001288776-submissions-003.json
2005-08-23,4,0001181431-05-048530,2005-08-19,xslF345X02/rrd90087.xml,CIK0001288776-submissions-003.json
2005-08-23,4,0001181431-05-048529,2005-08-19,xslF345X02/rrd90086.xml,CIK0001288776-submissions-003.json
2005-08-30,4,0001181431-05-049645,2005-08-26,xslF345X02/rrd90923.xml,CIK0001288776-submissions-003.json
2005-08-30,4,0001181431-05-049644,2005-08-26,xslF345X02/rrd90921.xml,CIK0001288776-submissions-003.json
2005-08-30,4,0001181431-05-049643,2005-08-26,xslF345X02/rrd90919.xml,CIK0001288776-submissions-003.json
2005-08-30,4,0001181431-05-049642,2005-08-26,xslF345X02/rrd90915.xml,CIK0001288776-submissions-003.json
2005-08-30,4,0001181431-05-049641,2005-08-26,xslF345X02/rrd90894.xml,CIK0001288776-submissions-003.json
2005-08-30,4,0001181431-05-049640,2005-08-26,xslF345X02/rrd90893.xml,CIK0001288776-submissions-003.json
2005-08-30,4,0001181431-05-049639,2005-08-26,xslF345X02/rrd90891.xml,CIK0001288776-submissions-003.json
2005-08-30,4,0001181431-05-049638,2005-08-26,xslF345X02/rrd90889.xml,CIK0001288776-submissions-003.json
2005-08-30,4,0001181431-05-049637,2005-08-26,xslF345X02/rrd90888.xml,CIK0001288776-submissions-003.json
2005-08-30,4,0001181431-05-049636,2005-08-26,xslF345X02/rrd90883.xml,CIK0001288776-submissions-003.json
2005-08-30,4,0001181431-05-049635,2005-08-26,xslF345X02/rrd90865.xml,CIK0001288776-submissions-003.json
2005-08-30,4,0001181431-05-049634,2005-08-26,xslF345X02/rrd90864.xml,CIK0001288776-submissions-003.json
2005-08-30,4,0001181431-05-049633,2005-08-26,xslF345X02/rrd90861.xml,CIK0001288776-submissions-003.json
2005-08-30,4,0001181431-05-049632,2005-08-26,xslF345X02/rrd90851.xml,CIK0001288776-submissions-003.json
2005-08-30,4,0001181431-05-049631,2005-08-26,xslF345X02/rrd90604.xml,CIK0001288776-submissions-003.json
2005-08-30,4,0001181431-05-049630,2005-08-26,xslF345X02/rrd90693.xml,CIK0001288776-submissions-003.json
2005-09-02,4,0001181431-05-050352,2005-08-31,xslF345X02/rrd91273.xml,CIK0001288776-submissions-003.json
2005-09-02,4,0001181431-05-050351,2005-08-31,xslF345X02/rrd91269.xml,CIK0001288776-submissions-003.json
2005-09-02,4,0001181431-05-050350,2005-08-31,xslF345X02/rrd91265.xml,CIK0001288776-submissions-003.json
2005-09-02,4,0001181431-05-050349,2005-08-31,xslF345X02/rrd91261.xml,CIK0001288776-submissions-003.json
2005-09-02,4,0001181431-05-050347,2005-08-31,xslF345X02/rrd91257.xml,CIK0001288776-submissions-003.json
2005-09-02,4,0001181431-05-050346,2005-08-31,xslF345X02/rrd91255.xml,CIK0001288776-submissions-003.json
2005-09-02,4,0001181431-05-050345,2005-08-31,xslF345X02/rrd91249.xml,CIK0001288776-submissions-003.json
2005-09-02,4,0001181431-05-050344,2005-08-31,xslF345X02/rrd91246.xml,CIK0001288776-submissions-003.json
2005-09-02,4,0001181431-05-050343,2005-08-31,xslF345X02/rrd91245.xml,CIK0001288776-submissions-003.json
2005-09-02,4,0001181431-05-050342,2005-08-31,xslF345X02/rrd91244.xml,CIK0001288776-submissions-003.json
2005-09-02,4,0001181431-05-050341,2005-08-31,xslF345X02/rrd91243.xml,CIK0001288776-submissions-003.json
2005-09-02,4,0001181431-05-050340,2005-08-31,xslF345X02/rrd91235.xml,CIK0001288776-submissions-003.json
2005-09-02,4,0001181431-05-050339,2005-08-31,xslF345X02/rrd91232.xml,CIK0001288776-submissions-003.json
2005-09-02,4,0001181431-05-050338,2005-08-31,xslF345X02/rrd91171.xml,CIK0001288776-submissions-003.json
2005-09-02,4,0001181431-05-050337,2005-08-31,xslF345X02/rrd91170.xml,CIK0001288776-submissions-003.json
2005-09-02,4,0001181431-05-050336,2005-08-31,xslF345X02/rrd91169.xml,CIK0001288776-submissions-003.json
2005-09-02,4,0001181431-05-050335,2005-08-31,xslF345X02/rrd91167.xml,CIK0001288776-submissions-003.json
2005-09-02,4,0001181431-05-050334,2005-08-31,xslF345X02/rrd91166.xml,CIK0001288776-submissions-003.json
2005-09-02,4,0001181431-05-050333,2005-08-31,xslF345X02/rrd91165.xml,CIK0001288776-submissions-003.json
2005-09-02,4,0001181431-05-050332,2005-08-31,xslF345X02/rrd91068.xml,CIK0001288776-submissions-003.json
2005-09-02,4,0001181431-05-050331,2005-08-31,xslF345X02/rrd91067.xml,CIK0001288776-submissions-003.json
2005-09-06,4,0001181431-05-050591,2005-09-01,xslF345X02/rrd91412.xml,CIK0001288776-submissions-003.json
2005-09-06,4,0001181431-05-050590,2005-09-01,xslF345X02/rrd91405.xml,CIK0001288776-submissions-003.json
2005-09-06,4,0001181431-05-050589,2005-09-01,xslF345X02/rrd91384.xml,CIK0001288776-submissions-003.json
2005-09-06,4,0001181431-05-050588,2005-09-01,xslF345X02/rrd91351.xml,CIK0001288776-submissions-003.json
2005-09-06,4,0001181431-05-050587,2005-09-01,xslF345X02/rrd91375.xml,CIK0001288776-submissions-003.json
2005-09-06,4,0001181431-05-050586,2005-08-05,xslF345X02/rrd91403.xml,CIK0001288776-submissions-003.json
2005-09-07,4,0001181431-05-050843,2005-09-02,xslF345X02/rrd91514.xml,CIK0001288776-submissions-003.json
2005-09-07,4,0001181431-05-050842,2005-09-02,xslF345X02/rrd91443.xml,CIK0001288776-submissions-003.json
2005-09-07,4,0001181431-05-050840,2005-09-02,xslF345X02/rrd91442.xml,CIK0001288776-submissions-003.json
2005-09-08,4,0001181431-05-051054,2005-09-06,xslF345X02/rrd91649.xml,CIK0001288776-submissions-003.json
2005-09-08,4,0001181431-05-051053,2005-09-06,xslF345X02/rrd91644.xml,CIK0001288776-submissions-003.json
2005-09-08,4,0001181431-05-051052,2005-09-06,xslF345X02/rrd91641.xml,CIK0001288776-submissions-003.json
2005-09-08,4,0001181431-05-051051,2005-09-06,xslF345X02/rrd91640.xml,CIK0001288776-submissions-003.json
2005-09-08,4,0001181431-05-051050,2005-09-06,xslF345X02/rrd91636.xml,CIK0001288776-submissions-003.json
2005-09-08,4,0001181431-05-051049,2005-09-06,xslF345X02/rrd91632.xml,CIK0001288776-submissions-003.json
2005-09-08,4,0001181431-05-051048,2005-09-06,xslF345X02/rrd91629.xml,CIK0001288776-submissions-003.json
2005-09-08,4,0001181431-05-051047,2005-09-06,xslF345X02/rrd91606.xml,CIK0001288776-submissions-003.json
2005-09-08,4,0001181431-05-051046,2005-09-06,xslF345X02/rrd91570.xml,CIK0001288776-submissions-003.json
2005-09-08,4,0001181431-05-051045,2005-09-06,xslF345X02/rrd91566.xml,CIK0001288776-submissions-003.json
2005-09-08,4,0001181431-05-051044,2005-09-06,xslF345X02/rrd91565.xml,CIK0001288776-submissions-003.json
2005-09-08,S-3/A,0001193125-05-181828,,ds3a.htm,CIK0001288776-submissions-003.json
2005-09-09,4,0001181431-05-051233,2005-09-07,xslF345X02/rrd91709.xml,CIK0001288776-submissions-003.json
2005-09-09,4,0001181431-05-051232,2005-09-07,xslF345X02/rrd91707.xml,CIK0001288776-submissions-003.json
2005-09-09,4,0001181431-05-051231,2005-09-07,xslF345X02/rrd91680.xml,CIK0001288776-submissions-003.json
2005-09-09,4,0001181431-05-051230,2005-09-07,xslF345X02/rrd91676.xml,CIK0001288776-submissions-003.json
2005-09-09,4,0001181431-05-051229,2005-09-07,xslF345X02/rrd91675.xml,CIK0001288776-submissions-003.json
2005-09-12,4,0001181431-05-051466,2005-09-08,xslF345X02/rrd91876.xml,CIK0001288776-submissions-003.json
2005-09-12,4,0001181431-05-051465,2005-09-08,xslF345X02/rrd91870.xml,CIK0001288776-submissions-003.json
2005-09-12,4,0001181431-05-051464,2005-09-08,xslF345X02/rrd91783.xml,CIK0001288776-submissions-003.json
2005-09-12,4,0001181431-05-051463,2005-09-08,xslF345X02/rrd91781.xml,CIK0001288776-submissions-003.json
2005-09-14,4,0001181431-05-051858,2005-09-14,xslF345X02/rrd92076.xml,CIK0001288776-submissions-003.json
2005-09-14,4,0001181431-05-051857,2005-09-13,xslF345X02/rrd92075.xml,CIK0001288776-submissions-003.json
2005-09-14,4,0001181431-05-051856,2005-09-12,xslF345X02/rrd91901.xml,CIK0001288776-submissions-003.json
2005-09-15,424B4,0001193125-05-186028,,d424b4.htm,CIK0001288776-submissions-003.json
2005-09-16,4,0001181431-05-052244,2005-09-14,xslF345X02/rrd92152.xml,CIK0001288776-submissions-003.json
2005-09-16,4,0001181431-05-052243,2005-09-14,xslF345X02/rrd92141.xml,CIK0001288776-submissions-003.json
2005-09-16,424B3,0001193125-05-186870,,d424b3.htm,CIK0001288776-submissions-003.json
2005-09-19,4,0001181431-05-052454,2005-09-15,xslF345X02/rrd92333.xml,CIK0001288776-submissions-003.json
2005-09-19,4,0001181431-05-052448,2005-09-15,xslF345X02/rrd92331.xml,CIK0001288776-submissions-003.json
2005-09-19,4,0001181431-05-052443,2005-09-15,xslF345X02/rrd92219.xml,CIK0001288776-submissions-003.json
2005-09-20,4,0001181431-05-052689,2005-09-16,xslF345X02/rrd92442.xml,CIK0001288776-submissions-003.json
2005-09-20,4,0001181431-05-052688,2005-09-16,xslF345X02/rrd92441.xml,CIK0001288776-submissions-003.json
2005-09-20,4,0001181431-05-052687,2005-09-16,xslF345X02/rrd92566.xml,CIK0001288776-submissions-003.json
2005-09-20,4,0001181431-05-052686,2005-09-16,xslF345X02/rrd92515.xml,CIK0001288776-submissions-003.json
2005-09-20,4,0001181431-05-052685,2005-09-16,xslF345X02/rrd92499.xml,CIK0001288776-submissions-003.json
2005-09-20,4,0001181431-05-052684,2005-09-16,xslF345X02/rrd92455.xml,CIK0001288776-submissions-003.json
2005-09-20,4,0001181431-05-052683,2005-09-16,xslF345X02/rrd92440.xml,CIK0001288776-submissions-003.json
2005-09-21,4,0001181431-05-052853,2005-09-19,xslF345X02/rrd92624.xml,CIK0001288776-submissions-003.json
2005-09-21,4,0001181431-05-052852,2005-09-19,xslF345X02/rrd92623.xml,CIK0001288776-submissions-003.json
2005-09-21,4,0001181431-05-052851,2005-09-19,xslF345X02/rrd92651.xml,CIK0001288776-submissions-003.json
2005-09-21,4,0001181431-05-052850,2005-09-19,xslF345X02/rrd92616.xml,CIK0001288776-submissions-003.json
2005-09-22,4,0001181431-05-053082,2005-09-20,xslF345X02/rrd92751.xml,CIK0001288776-submissions-003.json
2005-09-22,4,0001181431-05-053081,2005-09-20,xslF345X02/rrd92752.xml,CIK0001288776-submissions-003.json
2005-09-22,4,0001181431-05-053080,2005-09-20,xslF345X02/rrd92838.xml,CIK0001288776-submissions-003.json
2005-09-22,4,0001181431-05-053079,2005-09-20,xslF345X02/rrd92754.xml,CIK0001288776-submissions-003.json
2005-09-23,4,0001181431-05-053271,2005-09-21,xslF345X02/rrd92915.xml,CIK0001288776-submissions-003.json
2005-09-23,4,0001181431-05-053270,2005-09-21,xslF345X02/rrd92870.xml,CIK0001288776-submissions-003.json
2005-09-28,4,0001181431-05-053885,2005-09-26,xslF345X02/rrd93166.xml,CIK0001288776-submissions-003.json
2005-09-28,4,0001181431-05-053884,2005-09-26,xslF345X02/rrd93027.xml,CIK0001288776-submissions-003.json
2005-09-29,4,0001181431-05-054176,2005-09-27,xslF345X02/rrd93424.xml,CIK0001288776-submissions-003.json
2005-09-29,4,0001181431-05-054174,2005-09-27,xslF345X02/rrd93421.xml,CIK0001288776-submissions-003.json
2005-09-29,4,0001181431-05-054175,2005-09-27,xslF345X02/rrd93423.xml,CIK0001288776-submissions-003.json
2005-09-29,4,0001181431-05-054171,2005-09-27,xslF345X02/rrd93386.xml,CIK0001288776-submissions-003.json
2005-09-29,4,0001181431-05-054173,2005-09-27,xslF345X02/rrd93405.xml,CIK0001288776-submissions-003.json
2005-09-29,4,0001181431-05-054172,2005-09-27,xslF345X02/rrd93399.xml,CIK0001288776-submissions-003.json
2005-09-29,4,0001181431-05-054170,2005-09-27,xslF345X02/rrd93327.xml,CIK0001288776-submissions-003.json
2005-09-29,4,0001181431-05-054168,2005-09-27,xslF345X02/rrd93307.xml,CIK0001288776-submissions-003.json
2005-09-29,4,0001181431-05-054169,2005-09-27,xslF345X02/rrd93324.xml,CIK0001288776-submissions-003.json
2005-09-29,4,0001181431-05-054165,2005-09-27,xslF345X02/rrd93303.xml,CIK0001288776-submissions-003.json
2005-09-29,4,0001181431-05-054167,2005-09-27,xslF345X02/rrd93306.xml,CIK0001288776-submissions-003.json
2005-09-29,4,0001181431-05-054166,2005-09-27,xslF345X02/rrd93305.xml,CIK0001288776-submissions-003.json
2005-09-29,4,0001181431-05-054162,2005-09-27,xslF345X02/rrd93298.xml,CIK0001288776-submissions-003.json
2005-09-29,4,0001181431-05-054164,2005-09-27,xslF345X02/rrd93301.xml,CIK0001288776-submissions-003.json
2005-09-29,4,0001181431-05-054163,2005-09-27,xslF345X02/rrd93300.xml,CIK0001288776-submissions-003.json
2005-09-29,4,0001181431-05-054159,2005-09-27,xslF345X02/rrd93287.xml,CIK0001288776-submissions-003.json
2005-09-29,4,0001181431-05-054161,2005-09-27,xslF345X02/rrd93292.xml,CIK0001288776-submissions-003.json
2005-09-29,4,0001181431-05-054160,2005-09-27,xslF345X02/rrd93291.xml,CIK0001288776-submissions-003.json
2005-09-29,4,0001181431-05-054156,2005-09-27,xslF345X02/rrd93279.xml,CIK0001288776-submissions-003.json
2005-09-29,4,0001181431-05-054158,2005-09-27,xslF345X02/rrd93285.xml,CIK0001288776-submissions-003.json
2005-09-29,4,0001181431-05-054157,2005-09-27,xslF345X02/rrd93281.xml,CIK0001288776-submissions-003.json
2005-09-29,4,0001181431-05-054153,2005-09-27,xslF345X02/rrd93180.xml,CIK0001288776-submissions-003.json
2005-09-29,4,0001181431-05-054155,2005-09-27,xslF345X02/rrd93274.xml,CIK0001288776-submissions-003.json
2005-09-29,4,0001181431-05-054154,2005-09-27,xslF345X02/rrd93218.xml,CIK0001288776-submissions-003.json
2005-10-03,4,0001181431-05-054786,2005-09-29,xslF345X02/rrd93712.xml,CIK0001288776-submissions-003.json
2005-10-03,4,0001181431-05-054785,2005-09-29,xslF345X02/rrd93723.xml,CIK0001288776-submissions-003.json
2005-10-03,4,0001181431-05-054784,2005-09-29,xslF345X02/rrd93670.xml,CIK0001288776-submissions-003.json
2005-10-03,4,0001181431-05-054783,2005-09-29,xslF345X02/rrd93547.xml,CIK0001288776-submissions-003.json
2005-10-03,4,0001181431-05-054782,2005-09-29,xslF345X02/rrd93546.xml,CIK0001288776-submissions-003.json
2005-10-03,4,0001181431-05-054781,2005-09-29,xslF345X02/rrd93545.xml,CIK0001288776-submissions-003.json
2005-10-03,4,0001181431-05-054780,2005-09-29,xslF345X02/rrd93666.xml,CIK0001288776-submissions-003.json
2005-10-03,4,0001181431-05-054779,2005-09-29,xslF345X02/rrd93622.xml,CIK0001288776-submissions-003.json
2005-10-03,4,0001181431-05-054778,2005-09-29,xslF345X02/rrd93581.xml,CIK0001288776-submissions-003.json
2005-10-03,4,0001181431-05-054776,2005-09-29,xslF345X02/rrd93551.xml,CIK0001288776-submissions-003.json
2005-10-03,4,0001181431-05-054775,2005-09-29,xslF345X02/rrd93550.xml,CIK0001288776-submissions-003.json
2005-10-03,4,0001181431-05-054774,2005-09-29,xslF345X02/rrd93549.xml,CIK0001288776-submissions-003.json
2005-10-03,4,0001181431-05-054773,2005-09-29,xslF345X02/rrd93548.xml,CIK0001288776-submissions-003.json
2005-10-03,4,0001181431-05-054771,2005-09-29,xslF345X02/rrd93544.xml,CIK0001288776-submissions-003.json
2005-10-03,4,0001181431-05-054770,2005-09-29,xslF345X02/rrd93540.xml,CIK0001288776-submissions-003.json
2005-10-03,4,0001181431-05-054769,2005-09-29,xslF345X02/rrd93539.xml,CIK0001288776-submissions-003.json
2005-10-03,4,0001181431-05-054767,2005-09-29,xslF345X02/rrd93538.xml,CIK0001288776-submissions-003.json
2005-10-03,4,0001181431-05-054766,2005-09-29,xslF345X02/rrd93537.xml,CIK0001288776-submissions-003.json
2005-10-03,4,0001181431-05-054765,2005-09-29,xslF345X02/rrd93536.xml,CIK0001288776-submissions-003.json
2005-10-03,4,0001181431-05-054764,2005-09-29,xslF345X02/rrd93535.xml,CIK0001288776-submissions-003.json
2005-10-03,4,0001181431-05-054763,2005-09-29,xslF345X02/rrd93462.xml,CIK0001288776-submissions-003.json
2005-10-04,4,0001181431-05-055405,2005-09-30,xslF345X02/rrd94061.xml,CIK0001288776-submissions-003.json
2005-10-05,4,0001181431-05-055756,2005-10-03,xslF345X02/rrd94183.xml,CIK0001288776-submissions-003.json
2005-10-05,4,0001181431-05-055754,2005-10-03,xslF345X02/rrd94179.xml,CIK0001288776-submissions-003.json
2005-10-05,4,0001181431-05-055753,2005-10-03,xslF345X02/rrd94178.xml,CIK0001288776-submissions-003.json
2005-10-05,4,0001181431-05-055752,2005-10-03,xslF345X02/rrd94177.xml,CIK0001288776-submissions-003.json
2005-10-05,4,0001181431-05-055747,2005-10-03,xslF345X02/rrd94110.xml,CIK0001288776-submissions-003.json
2005-10-05,4,0001181431-05-055745,2005-10-03,xslF345X02/rrd94109.xml,CIK0001288776-submissions-003.json
2005-10-05,4,0001181431-05-055744,2005-10-03,xslF345X02/rrd94086.xml,CIK0001288776-submissions-003.json
2005-10-05,4,0001181431-05-055735,2005-10-04,xslF345X02/rrd94124.xml,CIK0001288776-submissions-003.json
2005-10-05,4,0001181431-05-055733,2005-10-04,xslF345X02/rrd94082.xml,CIK0001288776-submissions-003.json
2005-10-05,4,0001181431-05-055723,2005-10-03,xslF345X02/rrd94170.xml,CIK0001288776-submissions-003.json
2005-10-05,4,0001181431-05-055722,2005-10-03,xslF345X02/rrd94076.xml,CIK0001288776-submissions-003.json
2005-10-06,4,0001181431-05-055851,2005-10-04,xslF345X02/rrd94192.xml,CIK0001288776-submissions-003.json
2005-10-06,4,0001181431-05-055849,2005-10-04,xslF345X02/rrd94203.xml,CIK0001288776-submissions-003.json
2005-10-06,8-K,0001193125-05-197635,2005-10-03,d8k.htm,CIK0001288776-submissions-003.json
2005-10-07,4,0001181431-05-056050,2005-10-05,xslF345X02/rrd94352.xml,CIK0001288776-submissions-003.json
2005-10-07,4,0001181431-05-056049,2005-10-05,xslF345X02/rrd94350.xml,CIK0001288776-submissions-003.json
2005-10-07,4,0001181431-05-056048,2005-10-05,xslF345X02/rrd94347.xml,CIK0001288776-submissions-003.json
2005-10-07,4,0001181431-05-056047,2005-10-05,xslF345X02/rrd94345.xml,CIK0001288776-submissions-003.json
2005-10-07,4,0001181431-05-056046,2005-10-05,xslF345X02/rrd94344.xml,CIK0001288776-submissions-003.json
2005-10-07,4,0001181431-05-056045,2005-10-05,xslF345X02/rrd94342.xml,CIK0001288776-submissions-003.json
2005-10-07,4,0001181431-05-056044,2005-10-05,xslF345X02/rrd94337.xml,CIK0001288776-submissions-003.json
2005-10-07,4,0001181431-05-056043,2005-10-05,xslF345X02/rrd94332.xml,CIK0001288776-submissions-003.json
2005-10-07,4,0001181431-05-056042,2005-10-05,xslF345X02/rrd94330.xml,CIK0001288776-submissions-003.json
2005-10-07,4,0001181431-05-056041,2005-10-05,xslF345X02/rrd94327.xml,CIK0001288776-submissions-003.json
2005-10-07,4,0001181431-05-056040,2005-10-05,xslF345X02/rrd94321.xml,CIK0001288776-submissions-003.json
2005-10-07,4,0001181431-05-056039,2005-10-05,xslF345X02/rrd94296.xml,CIK0001288776-submissions-003.json
2005-10-07,4,0001181431-05-056038,2005-10-05,xslF345X02/rrd94294.xml,CIK0001288776-submissions-003.json
2005-10-07,4,0001181431-05-056037,2005-10-05,xslF345X02/rrd94370.xml,CIK0001288776-submissions-003.json
2005-10-07,4,0001181431-05-056036,2005-10-05,xslF345X02/rrd94349.xml,CIK0001288776-submissions-003.json
2005-10-07,4,0001181431-05-056035,2005-10-05,xslF345X02/rrd94261.xml,CIK0001288776-submissions-003.json
2005-10-11,4,0001181431-05-056257,2005-10-07,xslF345X02/rrd94479.xml,CIK0001288776-submissions-003.json
2005-10-11,4,0001181431-05-056256,2005-10-07,xslF345X02/rrd94478.xml,CIK0001288776-submissions-003.json
2005-10-11,4,0001181431-05-056255,2005-10-06,xslF345X02/rrd94382.xml,CIK0001288776-submissions-003.json
2005-10-11,4,0001181431-05-056254,2005-10-06,xslF345X02/rrd94381.xml,CIK0001288776-submissions-003.json
2005-10-12,3,0001181431-05-056399,2005-10-03,xslF345X02/rrd94166.xml,CIK0001288776-submissions-003.json
2005-10-12,4,0001181431-05-056403,2005-10-10,xslF345X02/rrd94576.xml,CIK0001288776-submissions-003.json
2005-10-12,4,0001181431-05-056402,2005-10-10,xslF345X02/rrd94574.xml,CIK0001288776-submissions-003.json
2005-10-12,4,0001181431-05-056400,2005-10-03,xslF345X02/rrd94563.xml,CIK0001288776-submissions-003.json
2005-10-13,4,0001181431-05-056523,2005-10-13,xslF345X02/rrd94659.xml,CIK0001288776-submissions-003.json
2005-10-13,4,0001181431-05-056522,2005-10-12,xslF345X02/rrd94624.xml,CIK0001288776-submissions-003.json
2005-10-13,4,0001181431-05-056521,2005-10-11,xslF345X02/rrd94592.xml,CIK0001288776-submissions-003.json
2005-10-18,4,0001181431-05-056893,2005-10-14,xslF345X02/rrd94873.xml,CIK0001288776-submissions-003.json
2005-10-18,4,0001181431-05-056892,2005-10-14,xslF345X02/rrd94864.xml,CIK0001288776-submissions-003.json
2005-10-18,4,0001181431-05-056891,2005-10-17,xslF345X02/rrd94878.xml,CIK0001288776-submissions-003.json
2005-10-18,4,0001181431-05-056890,2005-10-17,xslF345X02/rrd94881.xml,CIK0001288776-submissions-003.json
2005-10-18,4,0001181431-05-056889,2005-10-14,xslF345X02/rrd94760.xml,CIK0001288776-submissions-003.json
2005-10-18,4,0001181431-05-056766,2005-10-14,xslF345X02/rrd94808.xml,CIK0001288776-submissions-003.json
2005-10-19,4,0001181431-05-057084,2005-10-17,xslF345X02/rrd94984.xml,CIK0001288776-submissions-003.json
2005-10-19,4,0001181431-05-057065,2005-10-17,xslF345X02/rrd94897.xml,CIK0001288776-submissions-003.json
2005-10-19,4,0001181431-05-057064,2005-10-17,xslF345X02/rrd94890.xml,CIK0001288776-submissions-003.json
2005-10-19,4,0001181431-05-057063,2005-10-17,xslF345X02/rrd94923.xml,CIK0001288776-submissions-003.json
2005-10-19,4,0001181431-05-057062,2005-10-17,xslF345X02/rrd94919.xml,CIK0001288776-submissions-003.json
2005-10-20,4,0001181431-05-057244,2005-10-18,xslF345X02/rrd95030.xml,CIK0001288776-submissions-003.json
2005-10-20,4,0001181431-05-057243,2005-10-18,xslF345X02/rrd95018.xml,CIK0001288776-submissions-003.json
2005-10-20,4,0001181431-05-057242,2005-10-18,xslF345X02/rrd95017.xml,CIK0001288776-submissions-003.json
2005-10-20,4,0001181431-05-057241,2005-10-18,xslF345X02/rrd95016.xml,CIK0001288776-submissions-003.json
2005-10-20,4,0001181431-05-057239,2005-10-18,xslF345X02/rrd95015.xml,CIK0001288776-submissions-003.json
2005-10-20,8-K,0001193125-05-205016,2005-10-20,d8k.htm,CIK0001288776-submissions-003.json
2005-10-21,4,0001181431-05-057395,2005-10-19,xslF345X02/rrd95145.xml,CIK0001288776-submissions-003.json
2005-10-21,4,0001181431-05-057394,2005-10-19,xslF345X02/rrd95144.xml,CIK0001288776-submissions-003.json
2005-10-21,4,0001181431-05-057393,2005-10-19,xslF345X02/rrd95121.xml,CIK0001288776-submissions-003.json
2005-10-21,4,0001181431-05-057392,2005-10-19,xslF345X02/rrd95118.xml,CIK0001288776-submissions-003.json
2005-10-21,4,0001181431-05-057391,2005-10-19,xslF345X02/rrd95105.xml,CIK0001288776-submissions-003.json
2005-10-21,4,0001181431-05-057390,2005-10-19,xslF345X02/rrd95084.xml,CIK0001288776-submissions-003.json
2005-10-21,4,0001181431-05-057389,2005-10-19,xslF345X02/rrd95083.xml,CIK0001288776-submissions-003.json
2005-10-24,4,0001181431-05-057555,2005-10-20,xslF345X02/rrd95155.xml,CIK0001288776-submissions-003.json
2005-10-24,4,0001181431-05-057554,2005-10-20,xslF345X02/rrd95154.xml,CIK0001288776-submissions-003.json
2005-10-24,4,0001181431-05-057553,2005-10-20,xslF345X02/rrd95153.xml,CIK0001288776-submissions-003.json
2005-10-26,4,0001181431-05-057939,2005-10-24,xslF345X02/rrd95398.xml,CIK0001288776-submissions-003.json
2005-10-26,4,0001181431-05-057938,2005-10-24,xslF345X02/rrd95387.xml,CIK0001288776-submissions-003.json
2005-10-26,4,0001181431-05-057937,2005-10-24,xslF345X02/rrd95355.xml,CIK0001288776-submissions-003.json
2005-10-27,4,0001181431-05-058197,2005-10-25,xslF345X02/rrd95525.xml,CIK0001288776-submissions-003.json
2005-10-31,4,0001181431-05-058674,2005-10-27,xslF345X02/rrd95695.xml,CIK0001288776-submissions-003.json
2005-10-31,4,0001181431-05-058673,2005-10-27,xslF345X02/rrd95694.xml,CIK0001288776-submissions-003.json
2005-10-31,4,0001181431-05-058672,2005-10-27,xslF345X02/rrd95693.xml,CIK0001288776-submissions-003.json
2005-10-31,4,0001181431-05-058671,2005-10-27,xslF345X02/rrd95692.xml,CIK0001288776-submissions-003.json
2005-10-31,4,0001181431-05-058670,2005-10-27,xslF345X02/rrd95691.xml,CIK0001288776-submissions-003.json
2005-10-31,4,0001181431-05-058669,2005-10-27,xslF345X02/rrd95690.xml,CIK0001288776-submissions-003.json
2005-10-31,4,0001181431-05-058668,2005-10-27,xslF345X02/rrd95689.xml,CIK0001288776-submissions-003.json
2005-10-31,4,0001181431-05-058667,2005-10-27,xslF345X02/rrd95688.xml,CIK0001288776-submissions-003.json
2005-10-31,4,0001181431-05-058666,2005-10-27,xslF345X02/rrd95687.xml,CIK0001288776-submissions-003.json
2005-10-31,4,0001181431-05-058665,2005-10-27,xslF345X02/rrd95686.xml,CIK0001288776-submissions-003.json
2005-10-31,4,0001181431-05-058664,2005-10-27,xslF345X02/rrd95685.xml,CIK0001288776-submissions-003.json
2005-10-31,4,0001181431-05-058663,2005-10-27,xslF345X02/rrd95684.xml,CIK0001288776-submissions-003.json
2005-10-31,4,0001181431-05-058662,2005-10-27,xslF345X02/rrd95683.xml,CIK0001288776-submissions-003.json
2005-10-31,4,0001181431-05-058661,2005-10-27,xslF345X02/rrd95682.xml,CIK0001288776-submissions-003.json
2005-10-31,4,0001181431-05-058660,2005-10-27,xslF345X02/rrd95675.xml,CIK0001288776-submissions-003.json
2005-10-31,4,0001181431-05-058659,2005-10-27,xslF345X02/rrd95674.xml,CIK0001288776-submissions-003.json
2005-10-31,4,0001181431-05-058658,2005-10-27,xslF345X02/rrd95673.xml,CIK0001288776-submissions-003.json
2005-10-31,4,0001181431-05-058657,2005-10-27,xslF345X02/rrd95672.xml,CIK0001288776-submissions-003.json
2005-10-31,4,0001181431-05-058656,2005-10-27,xslF345X02/rrd95671.xml,CIK0001288776-submissions-003.json
2005-10-31,4,0001181431-05-058654,2005-10-27,xslF345X02/rrd95670.xml,CIK0001288776-submissions-003.json
2005-10-31,4,0001181431-05-058653,2005-10-27,xslF345X02/rrd95669.xml,CIK0001288776-submissions-003.json
2005-11-02,4,0001181431-05-059331,2005-10-31,xslF345X02/rrd96127.xml,CIK0001288776-submissions-003.json
2005-11-02,4,0001181431-05-059330,2005-10-31,xslF345X02/rrd96126.xml,CIK0001288776-submissions-003.json
2005-11-02,4,0001181431-05-059329,2005-10-31,xslF345X02/rrd96125.xml,CIK0001288776-submissions-003.json
2005-11-02,4,0001181431-05-059328,2005-10-31,xslF345X02/rrd96124.xml,CIK0001288776-submissions-003.json
2005-11-02,4,0001181431-05-059327,2005-10-31,xslF345X02/rrd96090.xml,CIK0001288776-submissions-003.json
2005-11-02,4,0001181431-05-059326,2005-10-31,xslF345X02/rrd96011.xml,CIK0001288776-submissions-003.json
2005-11-02,4,0001181431-05-059325,2005-10-31,xslF345X02/rrd96007.xml,CIK0001288776-submissions-003.json
2005-11-02,4,0001181431-05-059324,2005-10-31,xslF345X02/rrd96005.xml,CIK0001288776-submissions-003.json
2005-11-02,4,0001181431-05-059323,2005-10-31,xslF345X02/rrd96003.xml,CIK0001288776-submissions-003.json
2005-11-02,4,0001181431-05-059322,2005-10-31,xslF345X02/rrd95961.xml,CIK0001288776-submissions-003.json
2005-11-02,4,0001181431-05-059321,2005-10-31,xslF345X02/rrd95958.xml,CIK0001288776-submissions-003.json
2005-11-02,4,0001181431-05-059320,2005-10-31,xslF345X02/rrd95952.xml,CIK0001288776-submissions-003.json
2005-11-02,4,0001181431-05-059319,2005-10-31,xslF345X02/rrd95949.xml,CIK0001288776-submissions-003.json
2005-11-02,4,0001181431-05-059318,2005-10-31,xslF345X02/rrd95948.xml,CIK0001288776-submissions-003.json
2005-11-02,4,0001181431-05-059317,2005-10-31,xslF345X02/rrd95947.xml,CIK0001288776-submissions-003.json
2005-11-02,4,0001181431-05-059316,2005-10-31,xslF345X02/rrd95930.xml,CIK0001288776-submissions-003.json
2005-11-02,4,0001181431-05-059315,2005-10-31,xslF345X02/rrd95927.xml,CIK0001288776-submissions-003.json
2005-11-02,4,0001181431-05-059314,2005-10-31,xslF345X02/rrd95926.xml,CIK0001288776-submissions-003.json
2005-11-02,4,0001181431-05-059313,2005-10-31,xslF345X02/rrd95923.xml,CIK0001288776-submissions-003.json
2005-11-02,4,0001181431-05-059312,2005-10-31,xslF345X02/rrd95922.xml,CIK0001288776-submissions-003.json
2005-11-02,4,0001181431-05-059311,2005-10-31,xslF345X02/rrd95921.xml,CIK0001288776-submissions-003.json
2005-11-02,4,0001181431-05-059310,2005-10-31,xslF345X02/rrd95919.xml,CIK0001288776-submissions-003.json
2005-11-02,4,0001181431-05-059309,2005-10-31,xslF345X02/rrd95917.xml,CIK0001288776-submissions-003.json
2005-11-02,4,0001181431-05-059308,2005-10-31,xslF345X02/rrd95916.xml,CIK0001288776-submissions-003.json
2005-11-02,4,0001181431-05-059307,2005-10-31,xslF345X02/rrd95914.xml,CIK0001288776-submissions-003.json
2005-11-02,4,0001181431-05-059306,2005-10-31,xslF345X02/rrd95913.xml,CIK0001288776-submissions-003.json
2005-11-02,4,0001181431-05-059305,2005-10-31,xslF345X02/rrd95912.xml,CIK0001288776-submissions-003.json
2005-11-02,4,0001181431-05-059304,2005-10-31,xslF345X02/rrd95910.xml,CIK0001288776-submissions-003.json
2005-11-02,4,0001181431-05-059303,2005-10-31,xslF345X02/rrd95909.xml,CIK0001288776-submissions-003.json
2005-11-02,4,0001181431-05-059302,2005-10-31,xslF345X02/rrd95905.xml,CIK0001288776-submissions-003.json
2005-11-02,4,0001181431-05-059301,2005-10-31,xslF345X02/rrd95903.xml,CIK0001288776-submissions-003.json
2005-11-02,4,0001181431-05-059300,2005-10-31,xslF345X02/rrd95898.xml,CIK0001288776-submissions-003.json
2005-11-02,4,0001181431-05-059295,2005-10-31,xslF345X02/rrd96122.xml,CIK0001288776-submissions-003.json
2005-11-02,4,0001181431-05-059294,2005-10-31,xslF345X02/rrd96120.xml,CIK0001288776-submissions-003.json
2005-11-02,4,0001181431-05-059293,2005-10-31,xslF345X02/rrd96119.xml,CIK0001288776-submissions-003.json
2005-11-02,4,0001181431-05-059292,2005-10-31,xslF345X02/rrd96117.xml,CIK0001288776-submissions-003.json
2005-11-02,4,0001181431-05-059291,2005-10-31,xslF345X02/rrd96115.xml,CIK0001288776-submissions-003.json
2005-11-02,4,0001181431-05-059290,2005-10-31,xslF345X02/rrd96114.xml,CIK0001288776-submissions-003.json
2005-11-02,4,0001181431-05-059289,2005-10-31,xslF345X02/rrd96113.xml,CIK0001288776-submissions-003.json
2005-11-02,4,0001181431-05-059288,2005-10-31,xslF345X02/rrd96109.xml,CIK0001288776-submissions-003.json
2005-11-02,4,0001181431-05-059287,2005-10-31,xslF345X02/rrd96098.xml,CIK0001288776-submissions-003.json
2005-11-02,4,0001181431-05-059286,2005-10-31,xslF345X02/rrd96084.xml,CIK0001288776-submissions-003.json
2005-11-03,4,0001181431-05-059592,2005-11-01,xslF345X02/rrd96299.xml,CIK0001288776-submissions-003.json
2005-11-03,4,0001181431-05-059591,2005-11-01,xslF345X02/rrd96298.xml,CIK0001288776-submissions-003.json
2005-11-03,4,0001181431-05-059590,2005-11-01,xslF345X02/rrd96297.xml,CIK0001288776-submissions-003.json
2005-11-03,4,0001181431-05-059589,2005-11-01,xslF345X02/rrd96295.xml,CIK0001288776-submissions-003.json
2005-11-03,4,0001181431-05-059588,2005-11-01,xslF345X02/rrd96294.xml,CIK0001288776-submissions-003.json
2005-11-03,4,0001181431-05-059587,2005-11-01,xslF345X02/rrd96293.xml,CIK0001288776-submissions-003.json
2005-11-03,4,0001181431-05-059586,2005-11-01,xslF345X02/rrd96291.xml,CIK0001288776-submissions-003.json
2005-11-03,4,0001181431-05-059585,2005-11-01,xslF345X02/rrd96290.xml,CIK0001288776-submissions-003.json
2005-11-03,4,0001181431-05-059584,2005-11-01,xslF345X02/rrd96288.xml,CIK0001288776-submissions-003.json
2005-11-03,4,0001181431-05-059583,2005-11-01,xslF345X02/rrd96287.xml,CIK0001288776-submissions-003.json
2005-11-03,4,0001181431-05-059582,2005-11-01,xslF345X02/rrd96286.xml,CIK0001288776-submissions-003.json
2005-11-03,4,0001181431-05-059581,2005-11-01,xslF345X02/rrd96284.xml,CIK0001288776-submissions-003.json
2005-11-03,4,0001181431-05-059580,2005-11-01,xslF345X02/rrd96282.xml,CIK0001288776-submissions-003.json
2005-11-03,4,0001181431-05-059579,2005-11-01,xslF345X02/rrd96281.xml,CIK0001288776-submissions-003.json
2005-11-03,4,0001181431-05-059578,2005-11-01,xslF345X02/rrd96277.xml,CIK0001288776-submissions-003.json
2005-11-03,4,0001181431-05-059577,2005-11-01,xslF345X02/rrd96276.xml,CIK0001288776-submissions-003.json
2005-11-03,4,0001181431-05-059576,2005-11-01,xslF345X02/rrd96274.xml,CIK0001288776-submissions-003.json
2005-11-03,4,0001181431-05-059575,2005-11-01,xslF345X02/rrd96157.xml,CIK0001288776-submissions-003.json
2005-11-03,4,0001181431-05-059574,2005-11-01,xslF345X02/rrd96272.xml,CIK0001288776-submissions-003.json
2005-11-03,4,0001181431-05-059573,2005-11-01,xslF345X02/rrd96261.xml,CIK0001288776-submissions-003.json
2005-11-03,4,0001181431-05-059572,2005-11-01,xslF345X02/rrd96189.xml,CIK0001288776-submissions-003.json
2005-11-03,4,0001181431-05-059571,2005-11-01,xslF345X02/rrd96171.xml,CIK0001288776-submissions-003.json
2005-11-03,4,0001181431-05-059337,2005-10-31,xslF345X02/rrd96131.xml,CIK0001288776-submissions-003.json
2005-11-03,4,0001181431-05-059336,2005-10-31,xslF345X02/rrd96130.xml,CIK0001288776-submissions-003.json
2005-11-03,4,0001181431-05-059335,2005-10-31,xslF345X02/rrd96129.xml,CIK0001288776-submissions-003.json
2005-11-03,4,0001181431-05-059334,2005-10-31,xslF345X02/rrd96128.xml,CIK0001288776-submissions-003.json
2005-11-04,4,0001181431-05-059789,2005-11-02,xslF345X02/rrd96394.xml,CIK0001288776-submissions-003.json
2005-11-04,4,0001181431-05-059788,2005-11-02,xslF345X02/rrd96388.xml,CIK0001288776-submissions-003.json
2005-11-04,4,0001181431-05-059787,2005-11-02,xslF345X02/rrd96335.xml,CIK0001288776-submissions-003.json
2005-11-07,4,0001181431-05-060006,2005-10-25,xslF345X02/rrd96538.xml,CIK0001288776-submissions-003.json
2005-11-07,4,0001181431-05-060005,2005-11-03,xslF345X02/rrd96494.xml,CIK0001288776-submissions-003.json
2005-11-07,4,0001181431-05-060004,2005-11-03,xslF345X02/rrd96453.xml,CIK0001288776-submissions-003.json
2005-11-07,4,0001181431-05-060003,2005-11-03,xslF345X02/rrd96451.xml,CIK0001288776-submissions-003.json
2005-11-08,4,0001181431-05-060280,2005-07-21,xslF345X02/rrd96667.xml,CIK0001288776-submissions-003.json
2005-11-08,4,0001181431-05-060279,2005-07-21,xslF345X02/rrd96570.xml,CIK0001288776-submissions-003.json
2005-11-08,4,0001181431-05-060278,2005-07-20,xslF345X02/rrd96571.xml,CIK0001288776-submissions-003.json
2005-11-09,4,0001181431-05-060673,2005-11-07,xslF345X02/rrd96870.xml,CIK0001288776-submissions-003.json
2005-11-09,4,0001181431-05-060672,2005-11-07,xslF345X02/rrd96698.xml,CIK0001288776-submissions-003.json
2005-11-09,4,0001181431-05-060671,2005-11-07,xslF345X02/rrd96697.xml,CIK0001288776-submissions-003.json
2005-11-09,4,0001181431-05-060670,2005-11-07,xslF345X02/rrd96685.xml,CIK0001288776-submissions-003.json
2005-11-09,4,0001181431-05-060669,2005-11-07,xslF345X02/rrd96680.xml,CIK0001288776-submissions-003.json
2005-11-10,4,0001181431-05-060924,2005-11-09,xslF345X02/rrd96974.xml,CIK0001288776-submissions-003.json
2005-11-10,4,0001181431-05-060921,2005-11-09,xslF345X02/rrd96967.xml,CIK0001288776-submissions-003.json
2005-11-10,4,0001181431-05-060920,2005-11-09,xslF345X02/rrd96956.xml,CIK0001288776-submissions-003.json
2005-11-10,4,0001181431-05-060919,2005-11-08,xslF345X02/rrd96909.xml,CIK0001288776-submissions-003.json
2005-11-10,4,0001181431-05-060918,2005-11-08,xslF345X02/rrd96908.xml,CIK0001288776-submissions-003.json
2005-11-14,10-Q,0001193125-05-225524,2005-09-30,d10q.htm,CIK0001288776-submissions-003.json
2005-11-14,4,0001181431-05-061304,2005-11-11,xslF345X02/rrd97169.xml,CIK0001288776-submissions-003.json
2005-11-14,4,0001181431-05-061303,2005-11-10,xslF345X02/rrd97044.xml,CIK0001288776-submissions-003.json
2005-11-15,4,0001181431-05-061585,2005-11-15,xslF345X02/rrd97377.xml,CIK0001288776-submissions-003.json
2005-11-15,4,0001181431-05-061584,2005-11-14,xslF345X02/rrd97265.xml,CIK0001288776-submissions-003.json
2005-11-16,4,0001181431-05-061910,2005-11-14,xslF345X02/rrd97533.xml,CIK0001288776-submissions-003.json
2005-11-16,4,0001181431-05-061909,2005-11-14,xslF345X02/rrd97494.xml,CIK0001288776-submissions-003.json
2005-11-16,4,0001181431-05-061908,2005-11-14,xslF345X02/rrd97474.xml,CIK0001288776-submissions-003.json
2005-11-16,4,0001181431-05-061907,2005-11-14,xslF345X02/rrd97468.xml,CIK0001288776-submissions-003.json
2005-11-16,4,0001181431-05-061906,2005-11-14,xslF345X02/rrd97453.xml,CIK0001288776-submissions-003.json
2005-11-16,4,0001181431-05-061905,2005-11-14,xslF345X02/rrd97456.xml,CIK0001288776-submissions-003.json
2005-11-17,4,0001181431-05-062173,2005-11-15,xslF345X02/rrd97544.xml,CIK0001288776-submissions-003.json
2005-11-17,4,0001181431-05-062172,2005-11-15,xslF345X02/rrd97542.xml,CIK0001288776-submissions-003.json
2005-11-17,4,0001181431-05-062171,2005-11-15,xslF345X02/rrd97541.xml,CIK0001288776-submissions-003.json
2005-11-17,4,0001181431-05-062170,2005-11-15,xslF345X02/rrd97540.xml,CIK0001288776-submissions-003.json
2005-11-17,4,0001181431-05-062169,2005-11-01,xslF345X02/rrd97681.xml,CIK0001288776-submissions-003.json
2005-11-17,4,0001181431-05-062168,2005-10-24,xslF345X02/rrd97545.xml,CIK0001288776-submissions-003.json
2005-11-18,4,0001181431-05-062347,2005-11-16,xslF345X02/rrd97698.xml,CIK0001288776-submissions-003.json
2005-11-18,4,0001181431-05-062345,2005-11-16,xslF345X02/rrd97780.xml,CIK0001288776-submissions-003.json
2005-11-18,4,0001181431-05-062344,2005-11-16,xslF345X02/rrd97779.xml,CIK0001288776-submissions-003.json
2005-11-18,4,0001181431-05-062343,2005-11-16,xslF345X02/rrd97745.xml,CIK0001288776-submissions-003.json
2005-11-18,4,0001181431-05-062341,2005-11-16,xslF345X02/rrd97697.xml,CIK0001288776-submissions-003.json
2005-11-18,4,0001181431-05-062340,2005-11-16,xslF345X02/rrd97696.xml,CIK0001288776-submissions-003.json
2005-11-21,4,0001181431-05-062634,2005-11-17,xslF345X02/rrd97803.xml,CIK0001288776-submissions-003.json
2005-11-21,4,0001181431-05-062632,2005-11-17,xslF345X02/rrd97802.xml,CIK0001288776-submissions-003.json
2005-11-21,4,0001181431-05-062631,2005-11-17,xslF345X02/rrd97804.xml,CIK0001288776-submissions-003.json
2005-11-21,4,0001181431-05-062630,2005-11-17,xslF345X02/rrd97857.xml,CIK0001288776-submissions-003.json
2005-11-22,4,0001181431-05-062885,2005-11-18,xslF345X02/rrd97971.xml,CIK0001288776-submissions-003.json
2005-11-22,4,0001181431-05-062884,2005-11-18,xslF345X02/rrd97944.xml,CIK0001288776-submissions-003.json
2005-11-22,4,0001181431-05-062883,2005-11-18,xslF345X02/rrd97941.xml,CIK0001288776-submissions-003.json
2005-11-23,3,0001181431-05-063189,2005-11-22,xslF345X02/rrd98129.xml,CIK0001288776-submissions-003.json
2005-11-25,4,0001181431-05-063271,2005-11-23,xslF345X02/rrd98248.xml,CIK0001288776-submissions-003.json
2005-11-25,4,0001181431-05-063270,2005-11-23,xslF345X02/rrd98245.xml,CIK0001288776-submissions-003.json
2005-11-28,4,0001181431-05-063465,2005-11-23,xslF345X02/rrd98324.xml,CIK0001288776-submissions-003.json
2005-11-28,4,0001181431-05-063464,2005-11-23,xslF345X02/rrd98323.xml,CIK0001288776-submissions-003.json
2005-11-28,4,0001181431-05-063463,2005-11-23,xslF345X02/rrd98322.xml,CIK0001288776-submissions-003.json
2005-11-28,4,0001181431-05-063462,2005-11-23,xslF345X02/rrd98321.xml,CIK0001288776-submissions-003.json
2005-11-28,4,0001181431-05-063461,2005-11-23,xslF345X02/rrd98319.xml,CIK0001288776-submissions-003.json
2005-11-28,4,0001181431-05-063460,2005-11-23,xslF345X02/rrd98318.xml,CIK0001288776-submissions-003.json
2005-11-28,4,0001181431-05-063459,2005-11-23,xslF345X02/rrd98317.xml,CIK0001288776-submissions-003.json
2005-11-28,4,0001181431-05-063458,2005-11-23,xslF345X02/rrd98316.xml,CIK0001288776-submissions-003.json
2005-11-28,4,0001181431-05-063457,2005-11-23,xslF345X02/rrd98315.xml,CIK0001288776-submissions-003.json
2005-11-28,4,0001181431-05-063456,2005-11-23,xslF345X02/rrd98313.xml,CIK0001288776-submissions-003.json
2005-11-28,4,0001181431-05-063455,2005-11-23,xslF345X02/rrd98279.xml,CIK0001288776-submissions-003.json
2005-11-28,4,0001181431-05-063454,2005-11-23,xslF345X02/rrd98278.xml,CIK0001288776-submissions-003.json
2005-11-28,4,0001181431-05-063453,2005-11-23,xslF345X02/rrd98276.xml,CIK0001288776-submissions-003.json
2005-11-28,4,0001181431-05-063452,2005-11-23,xslF345X02/rrd98274.xml,CIK0001288776-submissions-003.json
2005-11-28,4,0001181431-05-063451,2005-11-23,xslF345X02/rrd98271.xml,CIK0001288776-submissions-003.json
2005-11-28,4,0001181431-05-063450,2005-11-23,xslF345X02/rrd98269.xml,CIK0001288776-submissions-003.json
2005-11-28,4,0001181431-05-063449,2005-11-23,xslF345X02/rrd98267.xml,CIK0001288776-submissions-003.json
2005-11-28,4,0001181431-05-063448,2005-11-23,xslF345X02/rrd98265.xml,CIK0001288776-submissions-003.json
2005-11-28,4,0001181431-05-063447,2005-11-23,xslF345X02/rrd98263.xml,CIK0001288776-submissions-003.json
2005-11-28,4,0001181431-05-063446,2005-11-23,xslF345X02/rrd98261.xml,CIK0001288776-submissions-003.json
2005-11-28,4,0001181431-05-063445,2005-11-23,xslF345X02/rrd98260.xml,CIK0001288776-submissions-003.json
2005-11-28,4,0001181431-05-063444,2005-11-23,xslF345X02/rrd98259.xml,CIK0001288776-submissions-003.json
2005-11-28,4,0001181431-05-063442,2005-11-23,xslF345X02/rrd98258.xml,CIK0001288776-submissions-003.json
2005-11-28,4,0001181431-05-063441,2005-11-23,xslF345X02/rrd98257.xml,CIK0001288776-submissions-003.json
2005-11-28,4,0001181431-05-063440,2005-11-23,xslF345X02/rrd98256.xml,CIK0001288776-submissions-003.json
2005-11-28,4,0001181431-05-063439,2005-11-23,xslF345X02/rrd98255.xml,CIK0001288776-submissions-003.json
2005-11-28,4,0001181431-05-063438,2005-11-23,xslF345X02/rrd98254.xml,CIK0001288776-submissions-003.json
2005-11-28,4,0001181431-05-063437,2005-11-23,xslF345X02/rrd98253.xml,CIK0001288776-submissions-003.json
2005-11-28,4,0001181431-05-063436,2005-11-23,xslF345X02/rrd98252.xml,CIK0001288776-submissions-003.json
2005-11-28,4,0001181431-05-063435,2005-11-23,xslF345X02/rrd98250.xml,CIK0001288776-submissions-003.json
2005-11-29,8-K,0001193125-05-233338,2005-11-22,d8k.htm,CIK0001288776-submissions-003.json
2005-12-01,4,0001181431-05-064149,2005-11-29,xslF345X02/rrd98668.xml,CIK0001288776-submissions-002.json
2005-12-01,4,0001181431-05-064148,2005-11-29,xslF345X02/rrd98667.xml,CIK0001288776-submissions-002.json
2005-12-01,4,0001181431-05-064147,2005-11-29,xslF345X02/rrd98666.xml,CIK0001288776-submissions-002.json
2005-12-01,4,0001181431-05-064146,2005-11-29,xslF345X02/rrd98665.xml,CIK0001288776-submissions-002.json
2005-12-01,4,0001181431-05-064145,2005-11-29,xslF345X02/rrd98664.xml,CIK0001288776-submissions-002.json
2005-12-01,4,0001181431-05-064144,2005-11-29,xslF345X02/rrd98663.xml,CIK0001288776-submissions-002.json
2005-12-01,4,0001181431-05-064143,2005-11-29,xslF345X02/rrd98662.xml,CIK0001288776-submissions-002.json
2005-12-01,4,0001181431-05-064142,2005-11-29,xslF345X02/rrd98661.xml,CIK0001288776-submissions-002.json
2005-12-01,4,0001181431-05-064141,2005-11-29,xslF345X02/rrd98660.xml,CIK0001288776-submissions-002.json
2005-12-01,4,0001181431-05-064140,2005-11-29,xslF345X02/rrd98659.xml,CIK0001288776-submissions-002.json
2005-12-01,4,0001181431-05-064139,2005-11-29,xslF345X02/rrd98658.xml,CIK0001288776-submissions-002.json
2005-12-01,4,0001181431-05-064138,2005-11-29,xslF345X02/rrd98657.xml,CIK0001288776-submissions-002.json
2005-12-01,4,0001181431-05-064137,2005-11-29,xslF345X02/rrd98656.xml,CIK0001288776-submissions-002.json
2005-12-01,4,0001181431-05-064136,2005-11-29,xslF345X02/rrd98655.xml,CIK0001288776-submissions-002.json
2005-12-01,4,0001181431-05-064135,2005-11-29,xslF345X02/rrd98654.xml,CIK0001288776-submissions-002.json
2005-12-01,4,0001181431-05-064134,2005-11-29,xslF345X02/rrd98653.xml,CIK0001288776-submissions-002.json
2005-12-01,4,0001181431-05-064133,2005-11-29,xslF345X02/rrd98652.xml,CIK0001288776-submissions-002.json
2005-12-01,4,0001181431-05-064132,2005-11-29,xslF345X02/rrd98651.xml,CIK0001288776-submissions-002.json
2005-12-01,4,0001181431-05-064131,2005-11-29,xslF345X02/rrd98650.xml,CIK0001288776-submissions-002.json
2005-12-01,4,0001181431-05-064130,2005-11-29,xslF345X02/rrd98649.xml,CIK0001288776-submissions-002.json
2005-12-01,4,0001181431-05-064129,2005-11-29,xslF345X02/rrd98648.xml,CIK0001288776-submissions-002.json
2005-12-01,4,0001181431-05-064128,2005-11-29,xslF345X02/rrd98646.xml,CIK0001288776-submissions-002.json
2005-12-01,4,0001181431-05-064127,2005-11-29,xslF345X02/rrd98645.xml,CIK0001288776-submissions-002.json
2005-12-01,4,0001181431-05-064126,2005-11-29,xslF345X02/rrd98644.xml,CIK0001288776-submissions-002.json
2005-12-01,4,0001181431-05-064125,2005-11-29,xslF345X02/rrd98643.xml,CIK0001288776-submissions-002.json
2005-12-01,4,0001181431-05-064124,2005-11-29,xslF345X02/rrd98642.xml,CIK0001288776-submissions-002.json
2005-12-01,4,0001181431-05-064123,2005-11-29,xslF345X02/rrd98641.xml,CIK0001288776-submissions-002.json
2005-12-01,4,0001181431-05-064122,2005-11-29,xslF345X02/rrd98640.xml,CIK0001288776-submissions-002.json
2005-12-01,4,0001181431-05-064121,2005-11-29,xslF345X02/rrd98639.xml,CIK0001288776-submissions-002.json
2005-12-01,4,0001181431-05-064120,2005-11-29,xslF345X02/rrd98638.xml,CIK0001288776-submissions-002.json
2005-12-01,4,0001181431-05-064119,2005-11-29,xslF345X02/rrd98637.xml,CIK0001288776-submissions-002.json
2005-12-01,4,0001181431-05-064118,2005-11-29,xslF345X02/rrd98634.xml,CIK0001288776-submissions-002.json
2005-12-01,4,0001181431-05-064117,2005-11-29,xslF345X02/rrd98632.xml,CIK0001288776-submissions-002.json
2005-12-01,4,0001181431-05-064116,2005-11-29,xslF345X02/rrd98631.xml,CIK0001288776-submissions-002.json
2005-12-01,4,0001181431-05-064115,2005-11-29,xslF345X02/rrd98625.xml,CIK0001288776-submissions-002.json
2005-12-01,4,0001181431-05-064114,2005-11-29,xslF345X02/rrd98617.xml,CIK0001288776-submissions-002.json
2005-12-01,4,0001181431-05-064113,2005-11-29,xslF345X02/rrd98812.xml,CIK0001288776-submissions-002.json
2005-12-02,4,0001181431-05-064411,2005-12-01,xslF345X02/rrd98873.xml,CIK0001288776-submissions-002.json
2005-12-05,4,0001181431-05-064756,2005-12-01,xslF345X02/rrd99143.xml,CIK0001288776-submissions-002.json
2005-12-05,4,0001181431-05-064755,2005-12-01,xslF345X02/rrd99139.xml,CIK0001288776-submissions-002.json
2005-12-05,4,0001181431-05-064754,2005-12-01,xslF345X02/rrd99002.xml,CIK0001288776-submissions-002.json
2005-12-05,4,0001181431-05-064753,2005-12-01,xslF345X02/rrd99000.xml,CIK0001288776-submissions-002.json
2005-12-06,4,0001181431-05-065057,2005-12-02,xslF345X02/rrd99187.xml,CIK0001288776-submissions-002.json
2005-12-06,4,0001181431-05-065056,2005-12-02,xslF345X02/rrd99186.xml,CIK0001288776-submissions-002.json
2005-12-06,4,0001181431-05-065055,2005-12-02,xslF345X02/rrd99185.xml,CIK0001288776-submissions-002.json
2005-12-06,4,0001181431-05-065054,2005-12-02,xslF345X02/rrd99184.xml,CIK0001288776-submissions-002.json
2005-12-06,4,0001181431-05-065053,2005-12-02,xslF345X02/rrd99183.xml,CIK0001288776-submissions-002.json
2005-12-06,4,0001181431-05-065052,2005-12-02,xslF345X02/rrd99182.xml,CIK0001288776-submissions-002.json
2005-12-06,4,0001181431-05-065051,2005-12-02,xslF345X02/rrd99181.xml,CIK0001288776-submissions-002.json
2005-12-06,4,0001181431-05-065050,2005-12-02,xslF345X02/rrd99180.xml,CIK0001288776-submissions-002.json
2005-12-06,4,0001181431-05-065049,2005-12-02,xslF345X02/rrd99177.xml,CIK0001288776-submissions-002.json
2005-12-06,4,0001181431-05-065048,2005-12-02,xslF345X02/rrd99173.xml,CIK0001288776-submissions-002.json
2005-12-06,4,0001181431-05-065047,2005-12-02,xslF345X02/rrd99250.xml,CIK0001288776-submissions-002.json
2005-12-06,4,0001181431-05-065046,2005-12-02,xslF345X02/rrd99249.xml,CIK0001288776-submissions-002.json
2005-12-07,4,0001181431-05-065348,2005-12-05,xslF345X02/rrd99470.xml,CIK0001288776-submissions-002.json
2005-12-07,4,0001181431-05-065347,2005-12-05,xslF345X02/rrd99465.xml,CIK0001288776-submissions-002.json
2005-12-07,4,0001181431-05-065346,2005-12-05,xslF345X02/rrd99356.xml,CIK0001288776-submissions-002.json
2005-12-07,4,0001181431-05-065345,2005-12-05,xslF345X02/rrd99172.xml,CIK0001288776-submissions-002.json
2005-12-07,4,0001181431-05-065344,2005-12-05,xslF345X02/rrd99167.xml,CIK0001288776-submissions-002.json
2005-12-08,4,0001181431-05-065611,2005-12-06,xslF345X02/rrd99491.xml,CIK0001288776-submissions-002.json
2005-12-08,4,0001181431-05-065610,2005-12-06,xslF345X02/rrd99490.xml,CIK0001288776-submissions-002.json
2005-12-08,4,0001181431-05-065609,2005-12-06,xslF345X02/rrd99489.xml,CIK0001288776-submissions-002.json
2005-12-08,4,0001181431-05-065608,2005-12-06,xslF345X02/rrd99488.xml,CIK0001288776-submissions-002.json
2005-12-08,4,0001181431-05-065607,2005-12-06,xslF345X02/rrd99486.xml,CIK0001288776-submissions-002.json
2005-12-09,4,0001181431-05-065886,2005-12-07,xslF345X02/rrd99748.xml,CIK0001288776-submissions-002.json
2005-12-09,4,0001181431-05-065885,2005-12-07,xslF345X02/rrd99739.xml,CIK0001288776-submissions-002.json
2005-12-09,4,0001181431-05-065884,2005-12-07,xslF345X02/rrd99688.xml,CIK0001288776-submissions-002.json
2005-12-09,4,0001181431-05-065883,2005-12-07,xslF345X02/rrd99660.xml,CIK0001288776-submissions-002.json
2005-12-09,4,0001181431-05-065882,2005-12-07,xslF345X02/rrd99655.xml,CIK0001288776-submissions-002.json
2005-12-13,8-K,0001193125-05-241647,2005-12-07,d8k.htm,CIK0001288776-submissions-002.json
2005-12-14,4,0001181431-05-066794,2005-12-12,xslF345X02/rrd100133.xml,CIK0001288776-submissions-002.json
2005-12-15,4,0001181431-05-067129,2005-12-13,xslF345X02/rrd100286.xml,CIK0001288776-submissions-002.json
2005-12-16,4,0001181431-05-067477,2005-12-14,xslF345X02/rrd100543.xml,CIK0001288776-submissions-002.json
2005-12-16,4,0001181431-05-067476,2005-12-14,xslF345X02/rrd100498.xml,CIK0001288776-submissions-002.json
2005-12-16,4,0001181431-05-067474,2005-12-14,xslF345X02/rrd100495.xml,CIK0001288776-submissions-002.json
2005-12-16,4,0001181431-05-067472,2005-12-14,xslF345X02/rrd100433.xml,CIK0001288776-submissions-002.json
2005-12-19,4,0001181431-05-067763,2005-12-15,xslF345X02/rrd100763.xml,CIK0001288776-submissions-002.json
2005-12-19,4,0001181431-05-067762,2005-12-15,xslF345X02/rrd100762.xml,CIK0001288776-submissions-002.json
2005-12-19,4,0001181431-05-067761,2005-12-15,xslF345X02/rrd100761.xml,CIK0001288776-submissions-002.json
2005-12-19,4,0001181431-05-067760,2005-12-15,xslF345X02/rrd100702.xml,CIK0001288776-submissions-002.json
2005-12-19,4,0001181431-05-067758,2005-12-15,xslF345X02/rrd100701.xml,CIK0001288776-submissions-002.json
2005-12-19,4,0001181431-05-067757,2005-12-15,xslF345X02/rrd100689.xml,CIK0001288776-submissions-002.json
2005-12-20,4,0001181431-05-067934,2005-12-16,xslF345X02/rrd100780.xml,CIK0001288776-submissions-002.json
2005-12-20,4,0001181431-05-067933,2005-12-16,xslF345X02/rrd100779.xml,CIK0001288776-submissions-002.json
2005-12-20,4,0001181431-05-067932,2005-12-16,xslF345X02/rrd100778.xml,CIK0001288776-submissions-002.json
2005-12-20,4,0001181431-05-067931,2005-12-16,xslF345X02/rrd100777.xml,CIK0001288776-submissions-002.json
2005-12-21,4,0001181431-05-068293,2005-12-19,xslF345X02/rrd101097.xml,CIK0001288776-submissions-002.json
2005-12-21,4,0001181431-05-068292,2005-12-19,xslF345X02/rrd101095.xml,CIK0001288776-submissions-002.json
2005-12-21,4,0001181431-05-068291,2005-12-19,xslF345X02/rrd100944.xml,CIK0001288776-submissions-002.json
2005-12-21,4,0001181431-05-068290,2005-12-19,xslF345X02/rrd100943.xml,CIK0001288776-submissions-002.json
2005-12-21,4,0001181431-05-068288,2005-12-19,xslF345X02/rrd100942.xml,CIK0001288776-submissions-002.json
2005-12-21,4,0001181431-05-068287,2005-12-19,xslF345X02/rrd100936.xml,CIK0001288776-submissions-002.json
2005-12-22,4,0001181431-05-068602,2005-12-20,xslF345X02/rrd101238.xml,CIK0001288776-submissions-002.json
2005-12-22,4,0001181431-05-068601,2005-12-20,xslF345X02/rrd101162.xml,CIK0001288776-submissions-002.json
2005-12-22,4,0001181431-05-068600,2005-12-20,xslF345X02/rrd101108.xml,CIK0001288776-submissions-002.json
2005-12-22,4,0001181431-05-068599,2005-12-20,xslF345X02/rrd101107.xml,CIK0001288776-submissions-002.json
2005-12-22,4,0001181431-05-068598,2005-12-20,xslF345X02/rrd101106.xml,CIK0001288776-submissions-002.json
2005-12-22,4,0001181431-05-068597,2005-12-20,xslF345X02/rrd101105.xml,CIK0001288776-submissions-002.json
2005-12-23,4,0001181431-05-068610,2005-12-21,xslF345X02/rrd101247.xml,CIK0001288776-submissions-002.json
2005-12-23,4,0001181431-05-068609,2005-12-21,xslF345X02/rrd101245.xml,CIK0001288776-submissions-002.json
2005-12-23,8-K,0001193125-05-248134,2005-12-20,d8k.htm,CIK0001288776-submissions-002.json
2005-12-29,4,0001181431-05-069387,2005-12-27,xslF345X02/rrd101619.xml,CIK0001288776-submissions-002.json
2005-12-29,4,0001181431-05-069386,2005-12-27,xslF345X02/rrd101617.xml,CIK0001288776-submissions-002.json
2005-12-29,4,0001181431-05-069385,2005-12-27,xslF345X02/rrd101616.xml,CIK0001288776-submissions-002.json
2005-12-29,4,0001181431-05-069384,2005-12-27,xslF345X02/rrd101613.xml,CIK0001288776-submissions-002.json
2005-12-29,4,0001181431-05-069383,2005-12-27,xslF345X02/rrd101611.xml,CIK0001288776-submissions-002.json
2005-12-29,4,0001181431-05-069382,2005-12-27,xslF345X02/rrd101607.xml,CIK0001288776-submissions-002.json
2005-12-29,4,0001181431-05-069381,2005-12-27,xslF345X02/rrd101603.xml,CIK0001288776-submissions-002.json
2005-12-29,4,0001181431-05-069380,2005-12-27,xslF345X02/rrd101599.xml,CIK0001288776-submissions-002.json
2005-12-29,4,0001181431-05-069379,2005-12-27,xslF345X02/rrd101591.xml,CIK0001288776-submissions-002.json
2005-12-29,4,0001181431-05-069378,2005-12-27,xslF345X02/rrd101590.xml,CIK0001288776-submissions-002.json
2005-12-29,4,0001181431-05-069377,2005-12-27,xslF345X02/rrd101587.xml,CIK0001288776-submissions-002.json
2005-12-29,4,0001181431-05-069376,2005-12-27,xslF345X02/rrd101585.xml,CIK0001288776-submissions-002.json
2005-12-29,4,0001181431-05-069375,2005-12-27,xslF345X02/rrd101583.xml,CIK0001288776-submissions-002.json
2005-12-29,4,0001181431-05-069374,2005-12-27,xslF345X02/rrd101581.xml,CIK0001288776-submissions-002.json
2005-12-29,4,0001181431-05-069373,2005-12-27,xslF345X02/rrd101573.xml,CIK0001288776-submissions-002.json
2005-12-29,4,0001181431-05-069372,2005-12-27,xslF345X02/rrd101568.xml,CIK0001288776-submissions-002.json
2005-12-29,4,0001181431-05-069371,2005-12-27,xslF345X02/rrd101565.xml,CIK0001288776-submissions-002.json
2005-12-29,4,0001181431-05-069370,2005-12-27,xslF345X02/rrd101547.xml,CIK0001288776-submissions-002.json
2005-12-29,4,0001181431-05-069369,2005-12-27,xslF345X02/rrd101537.xml,CIK0001288776-submissions-002.json
2005-12-29,4,0001181431-05-069368,2005-12-27,xslF345X02/rrd101536.xml,CIK0001288776-submissions-002.json
2005-12-29,4,0001181431-05-069367,2005-12-27,xslF345X02/rrd101535.xml,CIK0001288776-submissions-002.json
2005-12-29,4,0001181431-05-069366,2005-12-27,xslF345X02/rrd101534.xml,CIK0001288776-submissions-002.json
2005-12-29,4,0001181431-05-069365,2005-12-27,xslF345X02/rrd101533.xml,CIK0001288776-submissions-002.json
2005-12-29,4,0001181431-05-069363,2005-12-27,xslF345X02/rrd101532.xml,CIK0001288776-submissions-002.json
2005-12-29,4,0001181431-05-069362,2005-12-27,xslF345X02/rrd101530.xml,CIK0001288776-submissions-002.json
2005-12-29,4,0001181431-05-069361,2005-12-27,xslF345X02/rrd101529.xml,CIK0001288776-submissions-002.json
2005-12-29,4,0001181431-05-069359,2005-12-27,xslF345X02/rrd101467.xml,CIK0001288776-submissions-002.json
2006-01-04,4,0001181431-06-001436,2005-12-30,xslF345X02/rrd102482.xml,CIK0001288776-submissions-002.json
2006-01-04,4,0001181431-06-001435,2005-12-30,xslF345X02/rrd102474.xml,CIK0001288776-submissions-002.json
2006-01-04,4,0001181431-06-001434,2005-12-30,xslF345X02/rrd102471.xml,CIK0001288776-submissions-002.json
2006-01-04,4,0001181431-06-001433,2005-12-30,xslF345X02/rrd102468.xml,CIK0001288776-submissions-002.json
2006-01-04,4,0001181431-06-001432,2005-12-30,xslF345X02/rrd102310.xml,CIK0001288776-submissions-002.json
2006-01-04,4,0001181431-06-001431,2005-12-30,xslF345X02/rrd102309.xml,CIK0001288776-submissions-002.json
2006-01-04,4,0001181431-06-001430,2005-12-30,xslF345X02/rrd102306.xml,CIK0001288776-submissions-002.json
2006-01-04,4,0001181431-06-001429,2005-12-30,xslF345X02/rrd102270.xml,CIK0001288776-submissions-002.json
2006-01-04,4,0001181431-06-001428,2005-12-30,xslF345X02/rrd102269.xml,CIK0001288776-submissions-002.json
2006-01-04,4,0001181431-06-001427,2005-12-30,xslF345X02/rrd102268.xml,CIK0001288776-submissions-002.json
2006-01-04,4,0001181431-06-001426,2005-12-30,xslF345X02/rrd102267.xml,CIK0001288776-submissions-002.json
2006-01-04,4,0001181431-06-001425,2005-12-30,xslF345X02/rrd102265.xml,CIK0001288776-submissions-002.json
2006-01-04,4,0001181431-06-001423,2005-12-30,xslF345X02/rrd102264.xml,CIK0001288776-submissions-002.json
2006-01-04,4,0001181431-06-001422,2005-12-30,xslF345X02/rrd102263.xml,CIK0001288776-submissions-002.json
2006-01-04,4,0001181431-06-001421,2005-12-30,xslF345X02/rrd102179.xml,CIK0001288776-submissions-002.json
2006-01-04,4,0001181431-06-001418,2005-12-30,xslF345X02/rrd102176.xml,CIK0001288776-submissions-002.json
2006-01-04,4,0001181431-06-001417,2005-12-30,xslF345X02/rrd102166.xml,CIK0001288776-submissions-002.json
2006-01-04,4,0001181431-06-001416,2005-12-30,xslF345X02/rrd102163.xml,CIK0001288776-submissions-002.json
2006-01-04,4,0001181431-06-001415,2005-12-30,xslF345X02/rrd102162.xml,CIK0001288776-submissions-002.json
2006-01-04,4,0001181431-06-001414,2005-12-30,xslF345X02/rrd101916.xml,CIK0001288776-submissions-002.json
2006-01-04,4,0001181431-06-001413,2005-12-30,xslF345X02/rrd101914.xml,CIK0001288776-submissions-002.json
2006-01-05,4,0001181431-06-002050,2006-01-03,xslF345X02/rrd102863.xml,CIK0001288776-submissions-002.json
2006-01-05,4,0001181431-06-002048,2006-01-03,xslF345X02/rrd102855.xml,CIK0001288776-submissions-002.json
2006-01-05,4,0001181431-06-002046,2006-01-03,xslF345X02/rrd102812.xml,CIK0001288776-submissions-002.json
2006-01-05,4,0001181431-06-002045,2006-01-03,xslF345X02/rrd102801.xml,CIK0001288776-submissions-002.json
2006-01-05,4,0001181431-06-002044,2006-01-03,xslF345X02/rrd102792.xml,CIK0001288776-submissions-002.json
2006-01-05,4,0001181431-06-002043,2006-01-03,xslF345X02/rrd102786.xml,CIK0001288776-submissions-002.json
2006-01-05,4,0001181431-06-002042,2006-01-03,xslF345X02/rrd102778.xml,CIK0001288776-submissions-002.json
2006-01-05,4,0001181431-06-002041,2006-01-03,xslF345X02/rrd102730.xml,CIK0001288776-submissions-002.json
2006-01-05,4,0001181431-06-002039,2006-01-03,xslF345X02/rrd102729.xml,CIK0001288776-submissions-002.json
2006-01-05,4,0001181431-06-002037,2006-01-03,xslF345X02/rrd102728.xml,CIK0001288776-submissions-002.json
2006-01-05,4,0001181431-06-002036,2006-01-03,xslF345X02/rrd102724.xml,CIK0001288776-submissions-002.json
2006-01-05,4,0001181431-06-002035,2006-01-03,xslF345X02/rrd102722.xml,CIK0001288776-submissions-002.json
2006-01-05,4,0001181431-06-002034,2006-01-03,xslF345X02/rrd102720.xml,CIK0001288776-submissions-002.json
2006-01-05,4,0001181431-06-002031,2006-01-03,xslF345X02/rrd102717.xml,CIK0001288776-submissions-002.json
2006-01-05,4,0001181431-06-002030,2006-01-03,xslF345X02/rrd102716.xml,CIK0001288776-submissions-002.json
2006-01-05,4,0001181431-06-002029,2006-01-03,xslF345X02/rrd102715.xml,CIK0001288776-submissions-002.json
2006-01-05,4,0001181431-06-002027,2006-01-03,xslF345X02/rrd102712.xml,CIK0001288776-submissions-002.json
2006-01-05,4,0001181431-06-002025,2006-01-03,xslF345X02/rrd102710.xml,CIK0001288776-submissions-002.json
2006-01-05,4,0001181431-06-002020,2006-01-03,xslF345X02/rrd102709.xml,CIK0001288776-submissions-002.json
2006-01-05,4,0001181431-06-002015,2006-01-03,xslF345X02/rrd102707.xml,CIK0001288776-submissions-002.json
2006-01-05,4,0001181431-06-002011,2006-01-03,xslF345X02/rrd102700.xml,CIK0001288776-submissions-002.json
2006-01-05,4,0001181431-06-002010,2006-01-03,xslF345X02/rrd102698.xml,CIK0001288776-submissions-002.json
2006-01-05,4,0001181431-06-002009,2006-01-03,xslF345X02/rrd102697.xml,CIK0001288776-submissions-002.json
2006-01-05,4,0001181431-06-002008,2006-01-03,xslF345X02/rrd102695.xml,CIK0001288776-submissions-002.json
2006-01-05,4,0001181431-06-002007,2006-01-03,xslF345X02/rrd102692.xml,CIK0001288776-submissions-002.json
2006-01-05,4,0001181431-06-002006,2006-01-03,xslF345X02/rrd102684.xml,CIK0001288776-submissions-002.json
2006-01-06,4,0001181431-06-002397,2006-01-04,xslF345X02/rrd102925.xml,CIK0001288776-submissions-002.json
2006-01-06,4,0001181431-06-002396,2006-01-04,xslF345X02/rrd102922.xml,CIK0001288776-submissions-002.json
2006-01-06,4,0001181431-06-002394,2006-01-04,xslF345X02/rrd102906.xml,CIK0001288776-submissions-002.json
2006-01-06,4,0001181431-06-002392,2006-01-04,xslF345X02/rrd102905.xml,CIK0001288776-submissions-002.json
2006-01-06,4,0001181431-06-002390,2006-01-04,xslF345X02/rrd102904.xml,CIK0001288776-submissions-002.json
2006-01-09,4,0001181431-06-002656,2006-01-05,xslF345X02/rrd103222.xml,CIK0001288776-submissions-002.json
2006-01-09,4,0001181431-06-002655,2006-01-05,xslF345X02/rrd103069.xml,CIK0001288776-submissions-002.json
2006-01-09,4,0001181431-06-002654,2006-01-05,xslF345X02/rrd103070.xml,CIK0001288776-submissions-002.json
2006-01-09,4,0001181431-06-002653,2006-01-05,xslF345X02/rrd103066.xml,CIK0001288776-submissions-002.json
2006-01-09,4,0001181431-06-002652,2006-01-05,xslF345X02/rrd103064.xml,CIK0001288776-submissions-002.json
2006-01-10,4,0001181431-06-002911,2006-01-06,xslF345X02/rrd103272.xml,CIK0001288776-submissions-002.json
2006-01-10,4,0001181431-06-002910,2006-01-06,xslF345X02/rrd103271.xml,CIK0001288776-submissions-002.json
2006-01-10,SC 13G/A,0001137774-06-000014,,goog.htm,CIK0001288776-submissions-002.json
2006-01-11,4,0001181431-06-003263,2006-01-09,xslF345X02/rrd103346.xml,CIK0001288776-submissions-002.json
2006-01-11,4,0001181431-06-003262,2006-01-09,xslF345X02/rrd103345.xml,CIK0001288776-submissions-002.json
2006-01-12,4,0001181431-06-003469,2006-01-10,xslF345X02/rrd103521.xml,CIK0001288776-submissions-002.json
2006-01-13,4,0001181431-06-003598,2006-01-11,xslF345X02/rrd103670.xml,CIK0001288776-submissions-002.json
2006-01-17,4,0001181431-06-003897,2006-01-12,xslF345X02/rrd103861.xml,CIK0001288776-submissions-002.json
2006-01-17,8-K,0001193125-06-007172,2006-01-16,d8k.htm,CIK0001288776-submissions-002.json
2006-01-18,4,0001181431-06-004144,2006-01-13,xslF345X02/rrd104109.xml,CIK0001288776-submissions-002.json
2006-01-18,4,0001181431-06-004143,2006-01-13,xslF345X02/rrd103976.xml,CIK0001288776-submissions-002.json
2006-01-19,4,0001181431-06-004412,2006-01-17,xslF345X02/rrd104250.xml,CIK0001288776-submissions-002.json
2006-01-19,4,0001181431-06-004411,2006-01-17,xslF345X02/rrd104123.xml,CIK0001288776-submissions-002.json
2006-01-19,4,0001181431-06-004410,2006-01-17,xslF345X02/rrd104039.xml,CIK0001288776-submissions-002.json
2006-01-20,4,0001181431-06-004814,2006-01-18,xslF345X02/rrd104485.xml,CIK0001288776-submissions-002.json
2006-01-20,4,0001181431-06-004813,2006-01-18,xslF345X02/rrd104484.xml,CIK0001288776-submissions-002.json
2006-01-20,4,0001181431-06-004812,2006-01-18,xslF345X02/rrd104483.xml,CIK0001288776-submissions-002.json
2006-01-20,4,0001181431-06-004809,2006-01-18,xslF345X02/rrd104481.xml,CIK0001288776-submissions-002.json
2006-01-20,4,0001181431-06-004806,2006-01-18,xslF345X02/rrd104479.xml,CIK0001288776-submissions-002.json
2006-01-20,4,0001181431-06-004805,2006-01-18,xslF345X02/rrd104330.xml,CIK0001288776-submissions-002.json
2006-01-23,4,0001181431-06-005073,2006-01-19,xslF345X02/rrd104512.xml,CIK0001288776-submissions-002.json
2006-01-23,4,0001181431-06-005072,2006-01-19,xslF345X02/rrd104495.xml,CIK0001288776-submissions-002.json
2006-01-23,4,0001181431-06-005070,2006-01-19,xslF345X02/rrd104494.xml,CIK0001288776-submissions-002.json
2006-01-23,4,0001181431-06-005069,2006-01-19,xslF345X02/rrd104493.xml,CIK0001288776-submissions-002.json
2006-01-23,4,0001181431-06-005068,2006-01-19,xslF345X02/rrd104492.xml,CIK0001288776-submissions-002.json
2006-01-23,4,0001181431-06-005067,2006-01-17,xslF345X02/rrd104491.xml,CIK0001288776-submissions-002.json
2006-01-23,4,0001181431-06-005066,2006-01-17,xslF345X02/rrd104488.xml,CIK0001288776-submissions-002.json
2006-01-23,4,0001181431-06-005065,2006-01-17,xslF345X02/rrd104489.xml,CIK0001288776-submissions-002.json
2006-01-23,8-K,0001193125-06-010016,2006-01-17,d8k.htm,CIK0001288776-submissions-002.json
2006-01-24,4,0001181431-06-005389,2006-01-20,xslF345X02/rrd104772.xml,CIK0001288776-submissions-002.json
2006-01-24,4,0001181431-06-005388,2006-01-20,xslF345X02/rrd104658.xml,CIK0001288776-submissions-002.json
2006-01-24,4,0001181431-06-005386,2006-01-20,xslF345X02/rrd104659.xml,CIK0001288776-submissions-002.json
2006-01-24,4,0001181431-06-005385,2006-01-20,xslF345X02/rrd104665.xml,CIK0001288776-submissions-002.json
2006-01-24,4,0001181431-06-005384,2006-01-20,xslF345X02/rrd104663.xml,CIK0001288776-submissions-002.json
2006-01-24,4,0001181431-06-005383,2006-01-20,xslF345X02/rrd104657.xml,CIK0001288776-submissions-002.json
2006-01-25,4,0001181431-06-005659,2006-01-23,xslF345X02/rrd104960.xml,CIK0001288776-submissions-002.json
2006-01-25,4,0001181431-06-005658,2006-01-23,xslF345X02/rrd104823.xml,CIK0001288776-submissions-002.json
2006-01-25,4,0001181431-06-005657,2006-01-23,xslF345X02/rrd104802.xml,CIK0001288776-submissions-002.json
2006-01-25,4,0001181431-06-005656,2006-01-23,xslF345X02/rrd104801.xml,CIK0001288776-submissions-002.json
2006-01-25,4,0001181431-06-005655,2006-01-23,xslF345X02/rrd104800.xml,CIK0001288776-submissions-002.json
2006-01-30,4,0001181431-06-006624,2006-01-26,xslF345X02/rrd105295.xml,CIK0001288776-submissions-002.json
2006-01-30,4,0001181431-06-006623,2006-01-26,xslF345X02/rrd105287.xml,CIK0001288776-submissions-002.json
2006-01-30,4,0001181431-06-006621,2006-01-26,xslF345X02/rrd105285.xml,CIK0001288776-submissions-002.json
2006-01-30,4,0001181431-06-006620,2006-01-26,xslF345X02/rrd105284.xml,CIK0001288776-submissions-002.json
2006-01-30,4,0001181431-06-006619,2006-01-26,xslF345X02/rrd105283.xml,CIK0001288776-submissions-002.json
2006-01-30,4,0001181431-06-006618,2006-01-26,xslF345X02/rrd105280.xml,CIK0001288776-submissions-002.json
2006-01-30,4,0001181431-06-006617,2006-01-26,xslF345X02/rrd105277.xml,CIK0001288776-submissions-002.json
2006-01-30,4,0001181431-06-006616,2006-01-26,xslF345X02/rrd105275.xml,CIK0001288776-submissions-002.json
2006-01-30,4,0001181431-06-006615,2006-01-26,xslF345X02/rrd105273.xml,CIK0001288776-submissions-002.json
2006-01-30,4,0001181431-06-006614,2006-01-26,xslF345X02/rrd105226.xml,CIK0001288776-submissions-002.json
2006-01-30,4,0001181431-06-006613,2006-01-26,xslF345X02/rrd105152.xml,CIK0001288776-submissions-002.json
2006-01-30,4,0001181431-06-006612,2006-01-26,xslF345X02/rrd105151.xml,CIK0001288776-submissions-002.json
2006-01-30,4,0001181431-06-006611,2006-01-26,xslF345X02/rrd105150.xml,CIK0001288776-submissions-002.json
2006-01-30,4,0001181431-06-006610,2006-01-26,xslF345X02/rrd105149.xml,CIK0001288776-submissions-002.json
2006-01-30,4,0001181431-06-006609,2006-01-26,xslF345X02/rrd105148.xml,CIK0001288776-submissions-002.json
2006-01-30,4,0001181431-06-006608,2006-01-26,xslF345X02/rrd105147.xml,CIK0001288776-submissions-002.json
2006-01-30,4,0001181431-06-006605,2006-01-26,xslF345X02/rrd105146.xml,CIK0001288776-submissions-002.json
2006-01-30,4,0001181431-06-006602,2006-01-26,xslF345X02/rrd105145.xml,CIK0001288776-submissions-002.json
2006-01-30,4,0001181431-06-006600,2006-01-26,xslF345X02/rrd105140.xml,CIK0001288776-submissions-002.json
2006-01-30,4,0001181431-06-006598,2006-01-26,xslF345X02/rrd105139.xml,CIK0001288776-submissions-002.json
2006-01-30,4,0001181431-06-006596,2006-01-26,xslF345X02/rrd105138.xml,CIK0001288776-submissions-002.json
2006-01-30,4,0001181431-06-006594,2006-01-26,xslF345X02/rrd105137.xml,CIK0001288776-submissions-002.json
2006-01-30,4,0001181431-06-006593,2006-01-26,xslF345X02/rrd105136.xml,CIK0001288776-submissions-002.json
2006-01-30,4,0001181431-06-006590,2006-01-26,xslF345X02/rrd105135.xml,CIK0001288776-submissions-002.json
2006-01-30,4,0001181431-06-006589,2006-01-26,xslF345X02/rrd105134.xml,CIK0001288776-submissions-002.json
2006-01-30,4,0001181431-06-006587,2006-01-26,xslF345X02/rrd105133.xml,CIK0001288776-submissions-002.json
2006-01-30,4,0001181431-06-006586,2006-01-26,xslF345X02/rrd105132.xml,CIK0001288776-submissions-002.json
2006-01-30,4,0001181431-06-006584,2006-01-26,xslF345X02/rrd105131.xml,CIK0001288776-submissions-002.json
2006-01-30,4,0001181431-06-006583,2006-01-26,xslF345X02/rrd105130.xml,CIK0001288776-submissions-002.json
2006-01-30,4,0001181431-06-006582,2006-01-26,xslF345X02/rrd105117.xml,CIK0001288776-submissions-002.json
2006-01-30,4,0001181431-06-006581,2006-01-26,xslF345X02/rrd105103.xml,CIK0001288776-submissions-002.json
2006-01-30,4,0001181431-06-006580,2006-01-26,xslF345X02/rrd105098.xml,CIK0001288776-submissions-002.json
2006-01-30,4,0001181431-06-006579,2006-01-26,xslF345X02/rrd105087.xml,CIK0001288776-submissions-002.json
2006-01-31,8-K,0001193125-06-016138,2006-01-31,d8k.htm,CIK0001288776-submissions-002.json
2006-02-01,4,0001181431-06-007567,2006-01-30,xslF345X02/rrd105869.xml,CIK0001288776-submissions-002.json
2006-02-01,4,0001181431-06-007566,2006-01-30,xslF345X02/rrd105866.xml,CIK0001288776-submissions-002.json
2006-02-01,4,0001181431-06-007563,2006-01-30,xslF345X02/rrd105865.xml,CIK0001288776-submissions-002.json
2006-02-01,4,0001181431-06-007562,2006-01-30,xslF345X02/rrd105863.xml,CIK0001288776-submissions-002.json
2006-02-01,4,0001181431-06-007561,2006-01-30,xslF345X02/rrd105862.xml,CIK0001288776-submissions-002.json
2006-02-01,4,0001181431-06-007559,2006-01-30,xslF345X02/rrd105861.xml,CIK0001288776-submissions-002.json
2006-02-01,4,0001181431-06-007557,2006-01-30,xslF345X02/rrd105859.xml,CIK0001288776-submissions-002.json
2006-02-01,4,0001181431-06-007555,2006-01-30,xslF345X02/rrd105858.xml,CIK0001288776-submissions-002.json
2006-02-01,4,0001181431-06-007550,2006-01-30,xslF345X02/rrd105857.xml,CIK0001288776-submissions-002.json
2006-02-01,4,0001181431-06-007547,2006-01-30,xslF345X02/rrd105763.xml,CIK0001288776-submissions-002.json
2006-02-01,4,0001181431-06-007545,2006-01-30,xslF345X02/rrd105762.xml,CIK0001288776-submissions-002.json
2006-02-01,4,0001181431-06-007544,2006-01-30,xslF345X02/rrd105761.xml,CIK0001288776-submissions-002.json
2006-02-01,4,0001181431-06-007542,2006-01-30,xslF345X02/rrd105760.xml,CIK0001288776-submissions-002.json
2006-02-01,4,0001181431-06-007541,2006-01-30,xslF345X02/rrd105759.xml,CIK0001288776-submissions-002.json
2006-02-01,4,0001181431-06-007539,2006-01-30,xslF345X02/rrd105758.xml,CIK0001288776-submissions-002.json
2006-02-01,4,0001181431-06-007538,2006-01-30,xslF345X02/rrd105757.xml,CIK0001288776-submissions-002.json
2006-02-01,4,0001181431-06-007536,2006-01-30,xslF345X02/rrd105756.xml,CIK0001288776-submissions-002.json
2006-02-01,4,0001181431-06-007535,2006-01-30,xslF345X02/rrd105755.xml,CIK0001288776-submissions-002.json
2006-02-01,4,0001181431-06-007534,2006-01-30,xslF345X02/rrd105754.xml,CIK0001288776-submissions-002.json
2006-02-01,4,0001181431-06-007533,2006-01-30,xslF345X02/rrd105753.xml,CIK0001288776-submissions-002.json
2006-02-01,4,0001181431-06-007532,2006-01-30,xslF345X02/rrd105752.xml,CIK0001288776-submissions-002.json
2006-02-01,4,0001181431-06-007529,2006-01-30,xslF345X02/rrd105751.xml,CIK0001288776-submissions-002.json
2006-02-01,4,0001181431-06-007526,2006-01-30,xslF345X02/rrd105750.xml,CIK0001288776-submissions-002.json
2006-02-01,4,0001181431-06-007523,2006-01-30,xslF345X02/rrd105749.xml,CIK0001288776-submissions-002.json
2006-02-01,4,0001181431-06-007519,2006-01-30,xslF345X02/rrd105748.xml,CIK0001288776-submissions-002.json
2006-02-01,4,0001181431-06-007511,2006-01-30,xslF345X02/rrd105518.xml,CIK0001288776-submissions-002.json
2006-02-01,4,0001181431-06-007508,2006-01-30,xslF345X02/rrd105516.xml,CIK0001288776-submissions-002.json
2006-02-02,4,0001181431-06-008114,2006-01-31,xslF345X02/rrd106087.xml,CIK0001288776-submissions-002.json
2006-02-03,4,0001181431-06-008543,2006-02-01,xslF345X02/rrd106338.xml,CIK0001288776-submissions-002.json
2006-02-03,4,0001181431-06-008542,2006-02-01,xslF345X02/rrd106137.xml,CIK0001288776-submissions-002.json
2006-02-03,4,0001181431-06-008541,2006-02-01,xslF345X02/rrd106134.xml,CIK0001288776-submissions-002.json
2006-02-03,SC 13G/A,0000950005-06-000044,,p19642_13ga.txt,CIK0001288776-submissions-002.json
2006-02-06,4,0001181431-06-008878,2006-02-02,xslF345X02/rrd106700.xml,CIK0001288776-submissions-002.json
2006-02-06,4,0001181431-06-008877,2006-02-02,xslF345X02/rrd106699.xml,CIK0001288776-submissions-002.json
2006-02-06,4,0001181431-06-008875,2006-02-02,xslF345X02/rrd106698.xml,CIK0001288776-submissions-002.json
2006-02-06,4,0001181431-06-008874,2006-02-02,xslF345X02/rrd106697.xml,CIK0001288776-submissions-002.json
2006-02-06,4,0001181431-06-008873,2006-02-02,xslF345X02/rrd106695.xml,CIK0001288776-submissions-002.json
2006-02-06,4,0001181431-06-008872,2006-02-02,xslF345X02/rrd106693.xml,CIK0001288776-submissions-002.json
2006-02-06,4,0001181431-06-008871,2006-02-02,xslF345X02/rrd106692.xml,CIK0001288776-submissions-002.json
2006-02-06,4,0001181431-06-008870,2006-02-02,xslF345X02/rrd106690.xml,CIK0001288776-submissions-002.json
2006-02-06,4,0001181431-06-008869,2006-02-02,xslF345X02/rrd106687.xml,CIK0001288776-submissions-002.json
2006-02-06,4,0001181431-06-008868,2006-02-02,xslF345X02/rrd106516.xml,CIK0001288776-submissions-002.json
2006-02-06,4,0001181431-06-008867,2006-02-02,xslF345X02/rrd106515.xml,CIK0001288776-submissions-002.json
2006-02-08,4,0001181431-06-009688,2006-02-06,xslF345X02/rrd107093.xml,CIK0001288776-submissions-002.json
2006-02-08,4,0001181431-06-009687,2006-02-06,xslF345X02/rrd107084.xml,CIK0001288776-submissions-002.json
2006-02-08,4,0001181431-06-009684,2006-02-06,xslF345X02/rrd106960.xml,CIK0001288776-submissions-002.json
2006-02-08,4,0001181431-06-009683,2006-02-06,xslF345X02/rrd106957.xml,CIK0001288776-submissions-002.json
2006-02-08,4,0001181431-06-009624,2006-02-03,xslF345X02/rrd106719.xml,CIK0001288776-submissions-002.json
2006-02-08,4,0001181431-06-009623,2006-02-03,xslF345X02/rrd106717.xml,CIK0001288776-submissions-002.json
2006-02-09,4,0001181431-06-010104,2006-02-07,xslF345X02/rrd107176.xml,CIK0001288776-submissions-002.json
2006-02-09,4,0001181431-06-010103,2006-02-07,xslF345X02/rrd107155.xml,CIK0001288776-submissions-002.json
2006-02-09,4,0001181431-06-010102,2006-02-07,xslF345X02/rrd107154.xml,CIK0001288776-submissions-002.json
2006-02-09,4,0001181431-06-010101,2006-02-07,xslF345X02/rrd107153.xml,CIK0001288776-submissions-002.json
2006-02-10,4,0001181431-06-010511,2006-01-10,xslF345X02/rrd107503.xml,CIK0001288776-submissions-002.json
2006-02-10,4,0001181431-06-010510,2006-01-10,xslF345X02/rrd107491.xml,CIK0001288776-submissions-002.json
2006-02-10,4,0001181431-06-010509,2006-02-08,xslF345X02/rrd107432.xml,CIK0001288776-submissions-002.json
2006-02-10,4,0001181431-06-010508,2006-02-08,xslF345X02/rrd107415.xml,CIK0001288776-submissions-002.json
2006-02-10,SC 13G,0000017283-06-000195,,edggoog.txt,CIK0001288776-submissions-002.json
2006-02-13,4,0001181431-06-011000,2006-02-09,xslF345X02/rrd107788.xml,CIK0001288776-submissions-002.json
2006-02-13,4,0001181431-06-010997,2006-02-09,xslF345X02/rrd107568.xml,CIK0001288776-submissions-002.json
2006-02-14,4,0001181431-06-011531,2006-02-10,xslF345X02/rrd107584.xml,CIK0001288776-submissions-002.json
2006-02-14,SC 13G,0000053417-06-000015,,goog05.txt,CIK0001288776-submissions-002.json
2006-02-14,SC 13G/A,0001105705-06-000011,,g05-12_31google13ga1.txt,CIK0001288776-submissions-002.json
2006-02-14,SC 13G/A,0000315066-06-002969,,filing.txt,CIK0001288776-submissions-002.json
2006-02-14,SC 13G/A,0000357235-06-000185,,google.txt,CIK0001288776-submissions-002.json
2006-02-15,4,0001181431-06-011983,2006-02-13,xslF345X02/rrd108130.xml,CIK0001288776-submissions-002.json
2006-02-16,4,0001181431-06-012474,2006-02-14,xslF345X02/rrd108536.xml,CIK0001288776-submissions-002.json
2006-02-16,4,0001181431-06-012473,2006-02-14,xslF345X02/rrd108425.xml,CIK0001288776-submissions-002.json
2006-02-16,4,0001181431-06-012472,2006-02-14,xslF345X02/rrd108422.xml,CIK0001288776-submissions-002.json
2006-02-16,4,0001181431-06-012471,2006-02-14,xslF345X02/rrd108420.xml,CIK0001288776-submissions-002.json
2006-02-16,4,0001181431-06-012470,2006-02-14,xslF345X02/rrd108519.xml,CIK0001288776-submissions-002.json
2006-02-16,4,0001181431-06-012469,2006-02-14,xslF345X02/rrd108366.xml,CIK0001288776-submissions-002.json
2006-02-17,4,0001181431-06-012938,2006-02-15,xslF345X02/rrd108663.xml,CIK0001288776-submissions-002.json
2006-02-17,4,0001181431-06-012937,2006-02-15,xslF345X02/rrd108573.xml,CIK0001288776-submissions-002.json
2006-02-17,4,0001181431-06-012936,2006-02-15,xslF345X02/rrd108632.xml,CIK0001288776-submissions-002.json
2006-02-17,4,0001181431-06-012935,2006-02-15,xslF345X02/rrd108604.xml,CIK0001288776-submissions-002.json
2006-02-21,4,0001181431-06-013350,2006-02-16,xslF345X02/rrd108752.xml,CIK0001288776-submissions-002.json
2006-02-21,4,0001181431-06-013349,2006-02-16,xslF345X02/rrd108821.xml,CIK0001288776-submissions-002.json
2006-02-21,4,0001181431-06-013348,2006-02-16,xslF345X02/rrd108704.xml,CIK0001288776-submissions-002.json
2006-02-21,4,0001181431-06-013345,2006-02-16,xslF345X02/rrd108959.xml,CIK0001288776-submissions-002.json
2006-02-21,4,0001181431-06-013344,2006-02-16,xslF345X02/rrd108958.xml,CIK0001288776-submissions-002.json
2006-02-21,4,0001181431-06-013343,2006-02-16,xslF345X02/rrd108956.xml,CIK0001288776-submissions-002.json
2006-02-21,4,0001181431-06-013342,2006-02-16,xslF345X02/rrd108955.xml,CIK0001288776-submissions-002.json
2006-02-21,4,0001181431-06-013341,2006-02-16,xslF345X02/rrd108954.xml,CIK0001288776-submissions-002.json
2006-02-21,4,0001181431-06-013340,2006-02-16,xslF345X02/rrd108931.xml,CIK0001288776-submissions-002.json
2006-02-21,4,0001181431-06-013339,2006-02-16,xslF345X02/rrd108929.xml,CIK0001288776-submissions-002.json
2006-02-21,4,0001181431-06-013338,2006-02-16,xslF345X02/rrd108928.xml,CIK0001288776-submissions-002.json
2006-02-21,4,0001181431-06-013337,2006-02-16,xslF345X02/rrd108927.xml,CIK0001288776-submissions-002.json
2006-02-21,4,0001181431-06-013336,2006-02-16,xslF345X02/rrd108926.xml,CIK0001288776-submissions-002.json
2006-02-21,4,0001181431-06-013334,2006-02-16,xslF345X02/rrd108868.xml,CIK0001288776-submissions-002.json
2006-02-21,4,0001181431-06-013332,2006-02-16,xslF345X02/rrd108830.xml,CIK0001288776-submissions-002.json
2006-02-21,4,0001181431-06-013331,2006-02-16,xslF345X02/rrd108830.xml,CIK0001288776-submissions-002.json
2006-02-22,4,0001181431-06-013644,2006-02-17,xslF345X02/rrd108985.xml,CIK0001288776-submissions-002.json
2006-02-22,4,0001181431-06-013643,2006-02-17,xslF345X02/rrd108971.xml,CIK0001288776-submissions-002.json
2006-02-22,4,0001181431-06-013642,2006-02-17,xslF345X02/rrd108970.xml,CIK0001288776-submissions-002.json
2006-02-23,4,0001181431-06-014002,2006-02-22,xslF345X02/rrd109278.xml,CIK0001288776-submissions-002.json
2006-02-23,4,0001181431-06-014001,2006-02-21,xslF345X02/rrd109136.xml,CIK0001288776-submissions-002.json
2006-02-23,4,0001181431-06-014000,2006-02-21,xslF345X02/rrd109123.xml,CIK0001288776-submissions-002.json
2006-02-23,4,0001181431-06-013999,2006-02-21,xslF345X02/rrd109122.xml,CIK0001288776-submissions-002.json
2006-02-23,4,0001181431-06-013998,2006-02-21,xslF345X02/rrd109121.xml,CIK0001288776-submissions-002.json
2006-02-24,4,0001181431-06-014290,2006-02-22,xslF345X02/rrd109411.xml,CIK0001288776-submissions-002.json
2006-02-24,4,0001181431-06-014289,2006-02-22,xslF345X02/rrd109410.xml,CIK0001288776-submissions-002.json
2006-02-24,4,0001181431-06-014288,2006-02-22,xslF345X02/rrd109408.xml,CIK0001288776-submissions-002.json
2006-02-24,4,0001181431-06-014287,2006-02-22,xslF345X02/rrd109407.xml,CIK0001288776-submissions-002.json
2006-02-24,4,0001181431-06-014286,2006-02-22,xslF345X02/rrd109406.xml,CIK0001288776-submissions-002.json
2006-02-24,4,0001181431-06-014285,2006-02-22,xslF345X02/rrd109405.xml,CIK0001288776-submissions-002.json
2006-02-24,4,0001181431-06-014284,2006-02-22,xslF345X02/rrd109388.xml,CIK0001288776-submissions-002.json
2006-02-24,4,0001181431-06-014283,2006-02-22,xslF345X02/rrd109387.xml,CIK0001288776-submissions-002.json
2006-02-24,4,0001181431-06-014282,2006-02-22,xslF345X02/rrd109350.xml,CIK0001288776-submissions-002.json
2006-02-24,4,0001181431-06-014281,2006-02-22,xslF345X02/rrd109347.xml,CIK0001288776-submissions-002.json
2006-02-24,4,0001181431-06-014280,2006-02-22,xslF345X02/rrd109344.xml,CIK0001288776-submissions-002.json
2006-02-24,4,0001181431-06-014279,2006-02-22,xslF345X02/rrd109341.xml,CIK0001288776-submissions-002.json
2006-02-24,4,0001181431-06-014278,2006-02-22,xslF345X02/rrd109336.xml,CIK0001288776-submissions-002.json
2006-02-24,4,0001181431-06-014277,2006-02-22,xslF345X02/rrd109334.xml,CIK0001288776-submissions-002.json
2006-02-24,4,0001181431-06-014276,2006-02-22,xslF345X02/rrd109297.xml,CIK0001288776-submissions-002.json
2006-02-24,4,0001181431-06-014275,2006-02-22,xslF345X02/rrd109293.xml,CIK0001288776-submissions-002.json
2006-02-24,4,0001181431-06-014274,2006-02-22,xslF345X02/rrd109292.xml,CIK0001288776-submissions-002.json
2006-02-24,4,0001181431-06-014273,2006-02-22,xslF345X02/rrd109289.xml,CIK0001288776-submissions-002.json
2006-02-24,4,0001181431-06-014272,2006-02-22,xslF345X02/rrd109288.xml,CIK0001288776-submissions-002.json
2006-02-24,4,0001181431-06-014271,2006-02-22,xslF345X02/rrd109287.xml,CIK0001288776-submissions-002.json
2006-02-24,4,0001181431-06-014270,2006-02-22,xslF345X02/rrd109280.xml,CIK0001288776-submissions-002.json
2006-02-24,4,0001181431-06-014269,2006-02-22,xslF345X02/rrd109279.xml,CIK0001288776-submissions-002.json
2006-02-27,4,0001181431-06-014706,2006-02-23,xslF345X02/rrd109590.xml,CIK0001288776-submissions-002.json
2006-02-27,4,0001181431-06-014705,2006-02-23,xslF345X02/rrd109584.xml,CIK0001288776-submissions-002.json
2006-02-27,4,0001181431-06-014704,2006-02-23,xslF345X02/rrd109581.xml,CIK0001288776-submissions-002.json
2006-02-27,4,0001181431-06-014703,2006-02-23,xslF345X02/rrd109420.xml,CIK0001288776-submissions-002.json
2006-02-28,4,0001181431-06-015042,2006-02-24,xslF345X02/rrd109716.xml,CIK0001288776-submissions-002.json
2006-02-28,4,0001181431-06-015041,2006-02-27,xslF345X02/rrd109594.xml,CIK0001288776-submissions-002.json
2006-03-01,4,0001181431-06-015385,2006-02-27,xslF345X02/rrd109787.xml,CIK0001288776-submissions-002.json
2006-03-01,8-K,0001193125-06-042011,2006-02-28,d8k.htm,CIK0001288776-submissions-002.json
2006-03-02,4,0001181431-06-015894,2006-02-28,xslF345X02/rrd110196.xml,CIK0001288776-submissions-002.json
2006-03-02,4,0001181431-06-015893,2006-02-28,xslF345X02/rrd110194.xml,CIK0001288776-submissions-002.json
2006-03-02,4,0001181431-06-015891,2006-02-28,xslF345X02/rrd110191.xml,CIK0001288776-submissions-002.json
2006-03-02,4,0001181431-06-015889,2006-02-28,xslF345X02/rrd110187.xml,CIK0001288776-submissions-002.json
2006-03-02,4,0001181431-06-015888,2006-02-28,xslF345X02/rrd110186.xml,CIK0001288776-submissions-002.json
2006-03-02,4,0001181431-06-015887,2006-02-28,xslF345X02/rrd110176.xml,CIK0001288776-submissions-002.json
2006-03-02,4,0001181431-06-015886,2006-02-28,xslF345X02/rrd110175.xml,CIK0001288776-submissions-002.json
2006-03-02,4,0001181431-06-015885,2006-02-28,xslF345X02/rrd110171.xml,CIK0001288776-submissions-002.json
2006-03-02,4,0001181431-06-015884,2006-02-28,xslF345X02/rrd110168.xml,CIK0001288776-submissions-002.json
2006-03-02,4,0001181431-06-015883,2006-02-28,xslF345X02/rrd110163.xml,CIK0001288776-submissions-002.json
2006-03-02,4,0001181431-06-015882,2006-02-28,xslF345X02/rrd110159.xml,CIK0001288776-submissions-002.json
2006-03-02,4,0001181431-06-015881,2006-02-28,xslF345X02/rrd110153.xml,CIK0001288776-submissions-002.json
2006-03-02,4,0001181431-06-015880,2006-02-28,xslF345X02/rrd110139.xml,CIK0001288776-submissions-002.json
2006-03-02,4,0001181431-06-015879,2006-02-28,xslF345X02/rrd110113.xml,CIK0001288776-submissions-002.json
2006-03-02,4,0001181431-06-015878,2006-02-28,xslF345X02/rrd110112.xml,CIK0001288776-submissions-002.json
2006-03-02,4,0001181431-06-015877,2006-02-28,xslF345X02/rrd110102.xml,CIK0001288776-submissions-002.json
2006-03-02,4,0001181431-06-015876,2006-02-28,xslF345X02/rrd110101.xml,CIK0001288776-submissions-002.json
2006-03-02,4,0001181431-06-015875,2006-02-28,xslF345X02/rrd110100.xml,CIK0001288776-submissions-002.json
2006-03-02,4,0001181431-06-015874,2006-02-28,xslF345X02/rrd110096.xml,CIK0001288776-submissions-002.json
2006-03-02,4,0001181431-06-015872,2006-02-28,xslF345X02/rrd110066.xml,CIK0001288776-submissions-002.json
2006-03-02,4,0001181431-06-015870,2006-02-28,xslF345X02/rrd110057.xml,CIK0001288776-submissions-002.json
2006-03-02,4,0001181431-06-015869,2006-02-28,xslF345X02/rrd110054.xml,CIK0001288776-submissions-002.json
2006-03-02,4,0001181431-06-015868,2006-02-28,xslF345X02/rrd110026.xml,CIK0001288776-submissions-002.json
2006-03-02,4,0001181431-06-015867,2006-02-28,xslF345X02/rrd110025.xml,CIK0001288776-submissions-002.json
2006-03-02,4,0001181431-06-015865,2006-02-28,xslF345X02/rrd110020.xml,CIK0001288776-submissions-002.json
2006-03-02,4,0001181431-06-015863,2006-02-28,xslF345X02/rrd110019.xml,CIK0001288776-submissions-002.json
2006-03-02,4,0001181431-06-015862,2006-02-28,xslF345X02/rrd110018.xml,CIK0001288776-submissions-002.json
2006-03-02,4,0001181431-06-015861,2006-02-28,xslF345X02/rrd110014.xml,CIK0001288776-submissions-002.json
2006-03-02,4,0001181431-06-015860,2006-02-28,xslF345X02/rrd110011.xml,CIK0001288776-submissions-002.json
2006-03-02,4,0001181431-06-015859,2006-02-28,xslF345X02/rrd110007.xml,CIK0001288776-submissions-002.json
2006-03-02,4,0001181431-06-015858,2006-02-28,xslF345X02/rrd110005.xml,CIK0001288776-submissions-002.json
2006-03-02,4,0001181431-06-015857,2006-02-28,xslF345X02/rrd110001.xml,CIK0001288776-submissions-002.json
2006-03-02,4,0001181431-06-015856,2006-02-28,xslF345X02/rrd109991.xml,CIK0001288776-submissions-002.json
2006-03-02,4,0001181431-06-015855,2006-02-28,xslF345X02/rrd109985.xml,CIK0001288776-submissions-002.json
2006-03-02,4,0001181431-06-015854,2006-02-28,xslF345X02/rrd109980.xml,CIK0001288776-submissions-002.json
2006-03-02,4,0001181431-06-015853,2006-02-28,xslF345X02/rrd109972.xml,CIK0001288776-submissions-002.json
2006-03-02,4,0001181431-06-015851,2006-02-28,xslF345X02/rrd109944.xml,CIK0001288776-submissions-002.json
2006-03-02,4,0001181431-06-015849,2006-02-28,xslF345X02/rrd109935.xml,CIK0001288776-submissions-002.json
2006-03-02,4,0001181431-06-015847,2006-02-28,xslF345X02/rrd109918.xml,CIK0001288776-submissions-002.json
2006-03-02,4,0001181431-06-015846,2006-02-28,xslF345X02/rrd109867.xml,CIK0001288776-submissions-002.json
2006-03-02,4,0001181431-06-015845,2006-02-28,xslF345X02/rrd109855.xml,CIK0001288776-submissions-002.json
2006-03-02,4,0001181431-06-015844,2006-02-28,xslF345X02/rrd109829.xml,CIK0001288776-submissions-002.json
2006-03-02,8-K,0001193125-06-043641,2006-03-02,d8k.htm,CIK0001288776-submissions-002.json
2006-03-03,4,0001181431-06-016296,2006-03-01,xslF345X02/rrd110363.xml,CIK0001288776-submissions-002.json
2006-03-03,4,0001181431-06-016295,2006-03-01,xslF345X02/rrd110362.xml,CIK0001288776-submissions-002.json
2006-03-03,4,0001181431-06-016294,2006-03-01,xslF345X02/rrd110361.xml,CIK0001288776-submissions-002.json
2006-03-03,4,0001181431-06-016293,2006-03-01,xslF345X02/rrd110360.xml,CIK0001288776-submissions-002.json
2006-03-03,4,0001181431-06-016289,2006-03-01,xslF345X02/rrd110357.xml,CIK0001288776-submissions-002.json
2006-03-03,4,0001181431-06-016288,2006-03-01,xslF345X02/rrd110272.xml,CIK0001288776-submissions-002.json
2006-03-06,4,0001181431-06-016567,2006-03-02,xslF345X02/rrd110450.xml,CIK0001288776-submissions-002.json
2006-03-06,4,0001181431-06-016566,2006-03-02,xslF345X02/rrd110429.xml,CIK0001288776-submissions-002.json
2006-03-06,4,0001181431-06-016565,2006-03-02,xslF345X02/rrd110425.xml,CIK0001288776-submissions-002.json
2006-03-07,4,0001181431-06-016793,2006-03-03,xslF345X02/rrd110648.xml,CIK0001288776-submissions-002.json
2006-03-07,4,0001181431-06-016792,2006-03-03,xslF345X02/rrd110531.xml,CIK0001288776-submissions-002.json
2006-03-07,4,0001181431-06-016791,2006-03-03,xslF345X02/rrd110530.xml,CIK0001288776-submissions-002.json
2006-03-07,8-K,0001193125-06-047267,2006-03-07,d8k.htm,CIK0001288776-submissions-002.json
2006-03-08,4,0001181431-06-017040,2006-03-06,xslF345X02/rrd110686.xml,CIK0001288776-submissions-002.json
2006-03-08,4,0001181431-06-017039,2006-03-06,xslF345X02/rrd110685.xml,CIK0001288776-submissions-002.json
2006-03-08,4,0001181431-06-017038,2006-03-06,xslF345X02/rrd110794.xml,CIK0001288776-submissions-002.json
2006-03-08,4,0001181431-06-017037,2006-03-06,xslF345X02/rrd110793.xml,CIK0001288776-submissions-002.json
2006-03-08,4,0001181431-06-017036,2006-03-06,xslF345X02/rrd110790.xml,CIK0001288776-submissions-002.json
2006-03-08,4,0001181431-06-017035,2006-03-06,xslF345X02/rrd110792.xml,CIK0001288776-submissions-002.json
2006-03-08,4,0001181431-06-017034,2006-03-06,xslF345X02/rrd110796.xml,CIK0001288776-submissions-002.json
2006-03-08,4,0001181431-06-017033,2006-03-06,xslF345X02/rrd110795.xml,CIK0001288776-submissions-002.json
2006-03-08,4,0001181431-06-017030,2006-03-06,xslF345X02/rrd110789.xml,CIK0001288776-submissions-002.json
2006-03-08,4,0001181431-06-017029,2006-03-06,xslF345X02/rrd110788.xml,CIK0001288776-submissions-002.json
2006-03-08,4,0001181431-06-017028,2006-03-06,xslF345X02/rrd110787.xml,CIK0001288776-submissions-002.json
2006-03-08,4,0001181431-06-017027,2006-03-06,xslF345X02/rrd110786.xml,CIK0001288776-submissions-002.json
2006-03-08,4,0001181431-06-017026,2006-03-06,xslF345X02/rrd110785.xml,CIK0001288776-submissions-002.json
2006-03-08,4,0001181431-06-017025,2006-03-06,xslF345X02/rrd110784.xml,CIK0001288776-submissions-002.json
2006-03-08,4,0001181431-06-017024,2006-03-06,xslF345X02/rrd110783.xml,CIK0001288776-submissions-002.json
2006-03-08,4,0001181431-06-017023,2006-03-06,xslF345X02/rrd110733.xml,CIK0001288776-submissions-002.json
2006-03-09,4,0001181431-06-017285,2006-03-07,xslF345X02/rrd110855.xml,CIK0001288776-submissions-002.json
2006-03-09,4,0001181431-06-017284,2006-03-07,xslF345X02/rrd110853.xml,CIK0001288776-submissions-002.json
2006-03-09,4,0001181431-06-017283,2006-03-07,xslF345X02/rrd110849.xml,CIK0001288776-submissions-002.json
2006-03-09,4,0001181431-06-017282,2006-03-07,xslF345X02/rrd110844.xml,CIK0001288776-submissions-002.json
2006-03-09,4,0001181431-06-017281,2006-03-07,xslF345X02/rrd110841.xml,CIK0001288776-submissions-002.json
2006-03-09,4,0001181431-06-017280,2006-03-07,xslF345X02/rrd110839.xml,CIK0001288776-submissions-002.json
2006-03-10,4,0001181431-06-017458,2006-03-08,xslF345X02/rrd110917.xml,CIK0001288776-submissions-002.json
2006-03-10,4,0001181431-06-017456,2006-03-08,xslF345X02/rrd110916.xml,CIK0001288776-submissions-002.json
2006-03-14,4,0001181431-06-018042,2006-03-14,xslF345X02/rrd111334.xml,CIK0001288776-submissions-002.json
2006-03-14,4,0001181431-06-018041,2006-03-14,xslF345X02/rrd111333.xml,CIK0001288776-submissions-002.json
2006-03-14,4,0001181431-06-018040,2006-03-14,xslF345X02/rrd111329.xml,CIK0001288776-submissions-002.json
2006-03-14,4,0001181431-06-018039,2006-03-14,xslF345X02/rrd111323.xml,CIK0001288776-submissions-002.json
2006-03-14,4,0001181431-06-018038,2006-03-13,xslF345X02/rrd111318.xml,CIK0001288776-submissions-002.json
2006-03-14,4,0001181431-06-018037,2006-03-13,xslF345X02/rrd111216.xml,CIK0001288776-submissions-002.json
2006-03-15,4,0001181431-06-018314,2006-03-14,xslF345X02/rrd111450.xml,CIK0001288776-submissions-002.json
2006-03-15,4,0001181431-06-018313,2006-03-14,xslF345X02/rrd111388.xml,CIK0001288776-submissions-002.json
2006-03-15,4,0001181431-06-018312,2006-03-14,xslF345X02/rrd111369.xml,CIK0001288776-submissions-002.json
2006-03-16,10-K,0001193125-06-056598,2005-12-31,d10k.htm,CIK0001288776-submissions-002.json
2006-03-16,4,0001181431-06-018574,2006-03-15,xslF345X02/rrd111504.xml,CIK0001288776-submissions-002.json
2006-03-16,4,0001181431-06-018573,2006-03-15,xslF345X02/rrd111496.xml,CIK0001288776-submissions-002.json
2006-03-16,4,0001181431-06-018572,2006-03-15,xslF345X02/rrd111579.xml,CIK0001288776-submissions-002.json
2006-03-16,4,0001181431-06-018571,2006-03-15,xslF345X02/rrd111618.xml,CIK0001288776-submissions-002.json
2006-03-16,4,0001181431-06-018569,2006-03-15,xslF345X02/rrd111460.xml,CIK0001288776-submissions-002.json
2006-03-16,8-K/A,0001193125-06-056600,2005-12-20,d8ka.htm,CIK0001288776-submissions-002.json
2006-03-17,4,0001181431-06-018848,2006-03-16,xslF345X02/rrd111740.xml,CIK0001288776-submissions-002.json
2006-03-17,4,0001181431-06-018847,2006-03-16,xslF345X02/rrd111644.xml,CIK0001288776-submissions-002.json
2006-03-17,4,0001181431-06-018846,2006-03-16,xslF345X02/rrd111643.xml,CIK0001288776-submissions-002.json
2006-03-21,4,0001181431-06-019246,2006-03-17,xslF345X02/rrd111854.xml,CIK0001288776-submissions-002.json
2006-03-21,4,0001181431-06-019245,2006-03-17,xslF345X02/rrd111851.xml,CIK0001288776-submissions-002.json
2006-03-21,4,0001181431-06-019244,2006-03-17,xslF345X02/rrd111846.xml,CIK0001288776-submissions-002.json
2006-03-21,4,0001181431-06-019243,2006-03-17,xslF345X02/rrd111790.xml,CIK0001288776-submissions-002.json
2006-03-21,4,0001181431-06-019242,2006-03-17,xslF345X02/rrd111765.xml,CIK0001288776-submissions-002.json
2006-03-22,4,0001181431-06-019443,2006-03-20,xslF345X02/rrd112044.xml,CIK0001288776-submissions-002.json
2006-03-22,4,0001181431-06-019442,2006-03-20,xslF345X02/rrd112043.xml,CIK0001288776-submissions-002.json
2006-03-22,4,0001181431-06-019441,2006-03-20,xslF345X02/rrd112052.xml,CIK0001288776-submissions-002.json
2006-03-22,4,0001181431-06-019440,2006-03-20,xslF345X02/rrd111977.xml,CIK0001288776-submissions-002.json
2006-03-23,4,0001181431-06-019697,2006-03-21,xslF345X02/rrd112111.xml,CIK0001288776-submissions-002.json
2006-03-24,4,0001181431-06-019896,2006-03-22,xslF345X02/rrd112132.xml,CIK0001288776-submissions-002.json
2006-03-27,4,0001181431-06-020113,2006-03-23,xslF345X02/rrd112371.xml,CIK0001288776-submissions-002.json
2006-03-27,4,0001181431-06-020112,2006-03-23,xslF345X02/rrd112361.xml,CIK0001288776-submissions-002.json
2006-03-28,4,0001181431-06-020306,2006-03-24,xslF345X02/rrd112504.xml,CIK0001288776-submissions-002.json
2006-03-29,4,0001181431-06-020607,2006-03-27,xslF345X02/rrd112780.xml,CIK0001288776-submissions-002.json
2006-03-29,8-K/A,0001193125-06-066447,2005-12-20,d8ka.htm,CIK0001288776-submissions-002.json
2006-03-29,S-3ASR,0001193125-06-066977,,ds3asr.htm,CIK0001288776-submissions-002.json
2006-03-30,4,0001181431-06-020877,2006-03-28,xslF345X02/rrd112893.xml,CIK0001288776-submissions-002.json
2006-03-30,4,0001181431-06-020876,2006-03-28,xslF345X02/rrd112892.xml,CIK0001288776-submissions-002.json
2006-03-30,4,0001181431-06-020875,2006-03-28,xslF345X02/rrd112891.xml,CIK0001288776-submissions-002.json
2006-03-30,4,0001181431-06-020874,2006-03-28,xslF345X02/rrd112890.xml,CIK0001288776-submissions-002.json
2006-03-30,4,0001181431-06-020873,2006-03-28,xslF345X02/rrd112889.xml,CIK0001288776-submissions-002.json
2006-03-30,4,0001181431-06-020872,2006-03-28,xslF345X02/rrd112888.xml,CIK0001288776-submissions-002.json
2006-03-30,4,0001181431-06-020871,2006-03-28,xslF345X02/rrd112887.xml,CIK0001288776-submissions-002.json
2006-03-30,4,0001181431-06-020870,2006-03-28,xslF345X02/rrd112886.xml,CIK0001288776-submissions-002.json
2006-03-30,4,0001181431-06-020869,2006-03-28,xslF345X02/rrd112882.xml,CIK0001288776-submissions-002.json
2006-03-30,4,0001181431-06-020868,2006-03-28,xslF345X02/rrd112881.xml,CIK0001288776-submissions-002.json
2006-03-30,4,0001181431-06-020867,2006-03-28,xslF345X02/rrd112880.xml,CIK0001288776-submissions-002.json
2006-03-30,4,0001181431-06-020866,2006-03-28,xslF345X02/rrd112876.xml,CIK0001288776-submissions-002.json
2006-03-30,4,0001181431-06-020865,2006-03-28,xslF345X02/rrd112872.xml,CIK0001288776-submissions-002.json
2006-03-30,4,0001181431-06-020864,2006-03-28,xslF345X02/rrd112821.xml,CIK0001288776-submissions-002.json
2006-03-30,4,0001181431-06-020863,2006-03-28,xslF345X02/rrd112819.xml,CIK0001288776-submissions-002.json
2006-03-30,4,0001181431-06-020862,2006-03-28,xslF345X02/rrd112814.xml,CIK0001288776-submissions-002.json
2006-03-30,4,0001181431-06-020861,2006-03-28,xslF345X02/rrd112812.xml,CIK0001288776-submissions-002.json
2006-03-30,4,0001181431-06-020860,2006-03-28,xslF345X02/rrd112811.xml,CIK0001288776-submissions-002.json
2006-03-30,4,0001181431-06-020859,2006-03-28,xslF345X02/rrd112810.xml,CIK0001288776-submissions-002.json
2006-03-30,4,0001181431-06-020858,2006-03-28,xslF345X02/rrd112809.xml,CIK0001288776-submissions-002.json
2006-03-30,4,0001181431-06-020857,2006-03-28,xslF345X02/rrd112807.xml,CIK0001288776-submissions-002.json
2006-03-30,4,0001181431-06-020856,2006-03-28,xslF345X02/rrd112804.xml,CIK0001288776-submissions-002.json
2006-03-30,4,0001181431-06-020855,2006-03-28,xslF345X02/rrd112803.xml,CIK0001288776-submissions-002.json
2006-03-30,4,0001181431-06-020854,2006-03-28,xslF345X02/rrd112625.xml,CIK0001288776-submissions-002.json
2006-03-31,4,0001181431-06-021111,2005-08-01,xslF345X02/rrd112908.xml,CIK0001288776-submissions-002.json
2006-03-31,4,0001181431-06-021110,2005-08-01,xslF345X02/rrd112977.xml,CIK0001288776-submissions-002.json
2006-03-31,DEF 14A,0001193125-06-070406,2006-05-11,ddef14a.htm,CIK0001288776-submissions-002.json
2006-03-31,POSASR,0001193125-06-070513,,dposasr.htm,CIK0001288776-submissions-002.json
2006-04-03,424B5,0001193125-06-071052,,d424b5.htm,CIK0001288776-submissions-002.json
2006-04-03,8-K,0001193125-06-071060,2006-03-29,d8k.htm,CIK0001288776-submissions-002.json
2006-04-04,4,0001181431-06-022308,2006-03-31,xslF345X02/rrd113613.xml,CIK0001288776-submissions-002.json
2006-04-04,4,0001181431-06-022307,2006-03-31,xslF345X02/rrd113612.xml,CIK0001288776-submissions-002.json
2006-04-04,4,0001181431-06-022306,2006-03-31,xslF345X02/rrd113611.xml,CIK0001288776-submissions-002.json
2006-04-04,4,0001181431-06-022304,2006-03-31,xslF345X02/rrd113610.xml,CIK0001288776-submissions-002.json
2006-04-04,4,0001181431-06-022301,2006-03-31,xslF345X02/rrd113608.xml,CIK0001288776-submissions-002.json
2006-04-04,4,0001181431-06-022297,2006-03-31,xslF345X02/rrd113606.xml,CIK0001288776-submissions-002.json
2006-04-04,4,0001181431-06-022294,2006-03-31,xslF345X02/rrd113604.xml,CIK0001288776-submissions-002.json
2006-04-04,4,0001181431-06-022293,2006-03-31,xslF345X02/rrd113603.xml,CIK0001288776-submissions-002.json
2006-04-04,4,0001181431-06-022292,2006-03-31,xslF345X02/rrd113601.xml,CIK0001288776-submissions-002.json
2006-04-04,4,0001181431-06-022290,2006-03-31,xslF345X02/rrd113564.xml,CIK0001288776-submissions-002.json
2006-04-04,4,0001181431-06-022289,2006-03-31,xslF345X02/rrd113479.xml,CIK0001288776-submissions-002.json
2006-04-04,4,0001181431-06-022288,2006-03-31,xslF345X02/rrd113472.xml,CIK0001288776-submissions-002.json
2006-04-04,4,0001181431-06-022287,2006-03-31,xslF345X02/rrd113471.xml,CIK0001288776-submissions-002.json
2006-04-04,4,0001181431-06-022286,2006-03-31,xslF345X02/rrd113461.xml,CIK0001288776-submissions-002.json
2006-04-04,4,0001181431-06-022285,2006-03-31,xslF345X02/rrd113459.xml,CIK0001288776-submissions-002.json
2006-04-04,4,0001181431-06-022284,2006-03-31,xslF345X02/rrd113458.xml,CIK0001288776-submissions-002.json
2006-04-04,4,0001181431-06-022283,2006-03-31,xslF345X02/rrd113448.xml,CIK0001288776-submissions-002.json
2006-04-04,4,0001181431-06-022282,2006-03-31,xslF345X02/rrd113436.xml,CIK0001288776-submissions-002.json
2006-04-04,4,0001181431-06-022281,2006-03-31,xslF345X02/rrd113424.xml,CIK0001288776-submissions-002.json
2006-04-04,4,0001181431-06-022280,2006-03-31,xslF345X02/rrd113416.xml,CIK0001288776-submissions-002.json
2006-04-04,4,0001181431-06-022278,2006-03-31,xslF345X02/rrd113352.xml,CIK0001288776-submissions-002.json
2006-04-04,4,0001181431-06-022277,2006-03-31,xslF345X02/rrd113349.xml,CIK0001288776-submissions-002.json
2006-04-04,4,0001181431-06-022275,2006-03-31,xslF345X02/rrd113332.xml,CIK0001288776-submissions-002.json
2006-04-04,4,0001181431-06-022274,2006-03-31,xslF345X02/rrd113331.xml,CIK0001288776-submissions-002.json
2006-04-04,4,0001181431-06-022272,2006-03-31,xslF345X02/rrd113328.xml,CIK0001288776-submissions-002.json
2006-04-04,4,0001181431-06-022271,2006-03-31,xslF345X02/rrd113327.xml,CIK0001288776-submissions-002.json
2006-04-04,4,0001181431-06-022270,2006-03-31,xslF345X02/rrd113321.xml,CIK0001288776-submissions-002.json
2006-04-04,4,0001181431-06-022269,2006-03-31,xslF345X02/rrd113312.xml,CIK0001288776-submissions-002.json
2006-04-04,4,0001181431-06-022268,2006-03-31,xslF345X02/rrd113087.xml,CIK0001288776-submissions-002.json
2006-04-04,4,0001181431-06-022267,2006-03-31,xslF345X02/rrd113086.xml,CIK0001288776-submissions-002.json
2006-04-05,4,0001181431-06-022657,2006-04-03,xslF345X02/rrd113756.xml,CIK0001288776-submissions-002.json
2006-04-05,4,0001181431-06-022656,2006-04-03,xslF345X02/rrd113754.xml,CIK0001288776-submissions-002.json
2006-04-05,4,0001181431-06-022655,2006-04-03,xslF345X02/rrd113751.xml,CIK0001288776-submissions-002.json
2006-04-05,4,0001181431-06-022654,2006-04-03,xslF345X02/rrd113745.xml,CIK0001288776-submissions-002.json
2006-04-05,4,0001181431-06-022653,2006-04-03,xslF345X02/rrd113740.xml,CIK0001288776-submissions-002.json
2006-04-05,4,0001181431-06-022652,2006-04-03,xslF345X02/rrd113735.xml,CIK0001288776-submissions-002.json
2006-04-05,4,0001181431-06-022651,2006-04-03,xslF345X02/rrd113722.xml,CIK0001288776-submissions-002.json
2006-04-05,4,0001181431-06-022650,2006-04-03,xslF345X02/rrd113647.xml,CIK0001288776-submissions-002.json
2006-04-06,4,0001181431-06-022855,2006-04-04,xslF345X02/rrd113876.xml,CIK0001288776-submissions-002.json
2006-04-06,4,0001181431-06-022854,2006-04-04,xslF345X02/rrd113874.xml,CIK0001288776-submissions-002.json
2006-04-06,4,0001181431-06-022853,2006-04-04,xslF345X02/rrd113869.xml,CIK0001288776-submissions-002.json
2006-04-06,4,0001181431-06-022852,2006-04-04,xslF345X02/rrd113842.xml,CIK0001288776-submissions-002.json
2006-04-06,4,0001181431-06-022851,2006-04-04,xslF345X02/rrd113834.xml,CIK0001288776-submissions-002.json
2006-04-06,4,0001181431-06-022850,2006-04-04,xslF345X02/rrd113826.xml,CIK0001288776-submissions-002.json
2006-04-06,4,0001181431-06-022849,2006-04-04,xslF345X02/rrd113818.xml,CIK0001288776-submissions-002.json
2006-04-06,4,0001181431-06-022848,2006-04-04,xslF345X02/rrd113814.xml,CIK0001288776-submissions-002.json
2006-04-06,4,0001181431-06-022847,2006-04-04,xslF345X02/rrd113812.xml,CIK0001288776-submissions-002.json
2006-04-06,4,0001181431-06-022846,2006-04-04,xslF345X02/rrd113811.xml,CIK0001288776-submissions-002.json
2006-04-06,4,0001181431-06-022845,2006-04-04,xslF345X02/rrd113809.xml,CIK0001288776-submissions-002.json
2006-04-06,4,0001181431-06-022844,2006-04-04,xslF345X02/rrd113806.xml,CIK0001288776-submissions-002.json
2006-04-06,4,0001181431-06-022843,2006-04-04,xslF345X02/rrd113805.xml,CIK0001288776-submissions-002.json
2006-04-06,4,0001181431-06-022842,2006-04-04,xslF345X02/rrd113794.xml,CIK0001288776-submissions-002.json
2006-04-06,4,0001181431-06-022841,2006-04-04,xslF345X02/rrd113894.xml,CIK0001288776-submissions-002.json
2006-04-06,4,0001181431-06-022840,2006-04-04,xslF345X02/rrd113888.xml,CIK0001288776-submissions-002.json
2006-04-06,4,0001181431-06-022839,2006-04-04,xslF345X02/rrd113764.xml,CIK0001288776-submissions-002.json
2006-04-06,4,0001181431-06-022838,2006-04-04,xslF345X02/rrd113762.xml,CIK0001288776-submissions-002.json
2006-04-06,4,0001181431-06-022837,2006-04-04,xslF345X02/rrd113761.xml,CIK0001288776-submissions-002.json
2006-04-07,4,0001181431-06-023050,2006-04-05,xslF345X02/rrd113908.xml,CIK0001288776-submissions-002.json
2006-04-07,4,0001181431-06-023049,2006-04-05,xslF345X02/rrd113907.xml,CIK0001288776-submissions-002.json
2006-04-07,4,0001181431-06-023048,2006-04-05,xslF345X02/rrd113932.xml,CIK0001288776-submissions-002.json
2006-04-07,4,0001181431-06-023047,2006-04-05,xslF345X02/rrd113906.xml,CIK0001288776-submissions-002.json
2006-04-10,4,0001181431-06-023233,2006-04-06,xslF345X02/rrd113972.xml,CIK0001288776-submissions-002.json
2006-04-10,4,0001181431-06-023232,2006-04-06,xslF345X02/rrd113971.xml,CIK0001288776-submissions-002.json
2006-04-11,4,0001181431-06-023374,2006-04-07,xslF345X02/rrd114076.xml,CIK0001288776-submissions-002.json
2006-04-11,4,0001181431-06-023373,2006-04-07,xslF345X02/rrd114075.xml,CIK0001288776-submissions-002.json
2006-04-12,DEFR14A,0001193125-06-078740,,ddefr14a.htm,CIK0001288776-submissions-002.json
2006-04-13,4,0001181431-06-023795,2006-04-11,xslF345X02/rrd114318.xml,CIK0001288776-submissions-002.json
2006-04-14,4,0001181431-06-023894,2006-04-12,xslF345X02/rrd114372.xml,CIK0001288776-submissions-002.json
2006-04-19,4,0001181431-06-024279,2006-04-17,xslF345X02/rrd114743.xml,CIK0001288776-submissions-002.json
2006-04-19,4,0001181431-06-024278,2006-04-17,xslF345X02/rrd114658.xml,CIK0001288776-submissions-002.json
2006-04-19,4,0001181431-06-024277,2006-04-17,xslF345X02/rrd114637.xml,CIK0001288776-submissions-002.json
2006-04-19,4,0001181431-06-024276,2006-04-17,xslF345X02/rrd114482.xml,CIK0001288776-submissions-002.json
2006-04-20,4,0001181431-06-024562,2006-04-18,xslF345X02/rrd114789.xml,CIK0001288776-submissions-002.json
2006-04-20,4,0001181431-06-024556,2006-04-18,xslF345X02/rrd114788.xml,CIK0001288776-submissions-002.json
2006-04-20,4,0001181431-06-024555,2006-04-18,xslF345X02/rrd114748.xml,CIK0001288776-submissions-002.json
2006-04-20,4,0001181431-06-024554,2006-04-18,xslF345X02/rrd114747.xml,CIK0001288776-submissions-002.json
2006-04-20,4,0001181431-06-024553,2006-04-18,xslF345X02/rrd114746.xml,CIK0001288776-submissions-002.json
2006-04-20,4,0001181431-06-024552,2006-04-18,xslF345X02/rrd114745.xml,CIK0001288776-submissions-002.json
2006-04-20,8-K,0001193125-06-084583,2006-04-20,d8k.htm,CIK0001288776-submissions-002.json
2006-04-21,4,0001181431-06-024798,2006-04-19,xslF345X02/rrd114970.xml,CIK0001288776-submissions-002.json
2006-04-21,4,0001181431-06-024797,2006-04-19,xslF345X02/rrd114861.xml,CIK0001288776-submissions-002.json
2006-04-21,4,0001181431-06-024796,2006-04-19,xslF345X02/rrd114860.xml,CIK0001288776-submissions-002.json
2006-04-21,4,0001181431-06-024795,2006-04-19,xslF345X02/rrd114859.xml,CIK0001288776-submissions-002.json
2006-04-21,4,0001181431-06-024794,2006-04-19,xslF345X02/rrd114858.xml,CIK0001288776-submissions-002.json
2006-04-24,4,0001181431-06-024997,2006-04-20,xslF345X02/rrd114988.xml,CIK0001288776-submissions-002.json
2006-04-24,4,0001181431-06-024996,2006-04-20,xslF345X02/rrd114987.xml,CIK0001288776-submissions-002.json
2006-04-24,4,0001181431-06-024995,2006-04-20,xslF345X02/rrd115016.xml,CIK0001288776-submissions-002.json
2006-04-24,4,0001181431-06-024994,2006-04-20,xslF345X02/rrd115125.xml,CIK0001288776-submissions-002.json
2006-04-25,4,0001181431-06-025282,2006-04-24,xslF345X02/rrd115226.xml,CIK0001288776-submissions-002.json
2006-04-25,4,0001181431-06-025281,2006-04-24,xslF345X02/rrd115214.xml,CIK0001288776-submissions-002.json
2006-04-25,4,0001181431-06-025278,2006-04-21,xslF345X02/rrd115127.xml,CIK0001288776-submissions-002.json
2006-04-25,4,0001181431-06-025277,2006-04-21,xslF345X02/rrd115129.xml,CIK0001288776-submissions-002.json
2006-04-25,4,0001181431-06-025276,2006-04-21,xslF345X02/rrd115128.xml,CIK0001288776-submissions-002.json
2006-04-25,4,0001181431-06-025275,2006-04-21,xslF345X02/rrd114986.xml,CIK0001288776-submissions-002.json
2006-04-27,4,0001181431-06-025863,2006-04-25,xslF345X02/rrd115594.xml,CIK0001288776-submissions-002.json
2006-04-27,4,0001181431-06-025862,2006-04-25,xslF345X02/rrd115577.xml,CIK0001288776-submissions-002.json
2006-04-27,4,0001181431-06-025861,2006-04-25,xslF345X02/rrd115286.xml,CIK0001288776-submissions-002.json
2006-04-28,4,0001181431-06-026133,2006-04-26,xslF345X02/rrd115612.xml,CIK0001288776-submissions-002.json
2006-05-01,4,0001181431-06-026524,2006-04-27,xslF345X02/rrd115788.xml,CIK0001288776-submissions-002.json
2006-05-01,4,0001181431-06-026523,2006-04-27,xslF345X02/rrd115785.xml,CIK0001288776-submissions-002.json
2006-05-01,4,0001181431-06-026522,2006-04-27,xslF345X02/rrd115784.xml,CIK0001288776-submissions-002.json
2006-05-01,4,0001181431-06-026521,2006-04-27,xslF345X02/rrd115783.xml,CIK0001288776-submissions-002.json
2006-05-01,4,0001181431-06-026520,2006-04-27,xslF345X02/rrd115782.xml,CIK0001288776-submissions-002.json
2006-05-01,4,0001181431-06-026519,2006-04-27,xslF345X02/rrd115781.xml,CIK0001288776-submissions-002.json
2006-05-01,4,0001181431-06-026518,2006-04-27,xslF345X02/rrd115780.xml,CIK0001288776-submissions-002.json
2006-05-01,4,0001181431-06-026517,2006-04-27,xslF345X02/rrd115779.xml,CIK0001288776-submissions-002.json
2006-05-01,4,0001181431-06-026516,2006-04-27,xslF345X02/rrd115772.xml,CIK0001288776-submissions-002.json
2006-05-01,4,0001181431-06-026515,2006-04-27,xslF345X02/rrd115771.xml,CIK0001288776-submissions-002.json
2006-05-01,4,0001181431-06-026514,2006-04-27,xslF345X02/rrd115770.xml,CIK0001288776-submissions-002.json
2006-05-01,4,0001181431-06-026512,2006-04-27,xslF345X02/rrd115769.xml,CIK0001288776-submissions-002.json
2006-05-01,4,0001181431-06-026511,2006-04-27,xslF345X02/rrd115768.xml,CIK0001288776-submissions-002.json
2006-05-01,4,0001181431-06-026510,2006-04-27,xslF345X02/rrd115767.xml,CIK0001288776-submissions-002.json
2006-05-01,4,0001181431-06-026509,2006-04-27,xslF345X02/rrd115766.xml,CIK0001288776-submissions-002.json
2006-05-01,4,0001181431-06-026508,2006-04-27,xslF345X02/rrd115765.xml,CIK0001288776-submissions-002.json
2006-05-01,4,0001181431-06-026507,2006-04-27,xslF345X02/rrd115764.xml,CIK0001288776-submissions-002.json
2006-05-01,4,0001181431-06-026506,2006-04-27,xslF345X02/rrd115763.xml,CIK0001288776-submissions-002.json
2006-05-01,4,0001181431-06-026505,2006-04-27,xslF345X02/rrd115762.xml,CIK0001288776-submissions-002.json
2006-05-01,4,0001181431-06-026504,2006-04-27,xslF345X02/rrd115761.xml,CIK0001288776-submissions-002.json
2006-05-01,4,0001181431-06-026502,2006-04-27,xslF345X02/rrd115760.xml,CIK0001288776-submissions-002.json
2006-05-01,4,0001181431-06-026501,2006-04-27,xslF345X02/rrd115759.xml,CIK0001288776-submissions-002.json
2006-05-01,4,0001181431-06-026500,2006-04-27,xslF345X02/rrd115758.xml,CIK0001288776-submissions-002.json
2006-05-01,4,0001181431-06-026499,2006-04-27,xslF345X02/rrd115757.xml,CIK0001288776-submissions-002.json
2006-05-01,4,0001181431-06-026498,2006-04-27,xslF345X02/rrd115756.xml,CIK0001288776-submissions-002.json
2006-05-01,4,0001181431-06-026497,2006-04-27,xslF345X02/rrd115755.xml,CIK0001288776-submissions-002.json
2006-05-01,4,0001181431-06-026495,2006-04-27,xslF345X02/rrd115745.xml,CIK0001288776-submissions-002.json
2006-05-01,4,0001181431-06-026493,2006-04-27,xslF345X02/rrd115744.xml,CIK0001288776-submissions-002.json
2006-05-01,4,0001181431-06-026488,2006-04-27,xslF345X02/rrd115742.xml,CIK0001288776-submissions-002.json
2006-05-01,4,0001181431-06-026490,2006-04-27,xslF345X02/rrd115743.xml,CIK0001288776-submissions-002.json
2006-05-02,4,0001181431-06-027122,2006-04-28,xslF345X02/rrd116275.xml,CIK0001288776-submissions-002.json
2006-05-02,4,0001181431-06-027121,2006-04-28,xslF345X02/rrd116274.xml,CIK0001288776-submissions-002.json
2006-05-02,4,0001181431-06-027120,2006-04-28,xslF345X02/rrd116272.xml,CIK0001288776-submissions-002.json
2006-05-02,4,0001181431-06-027119,2006-04-28,xslF345X02/rrd116268.xml,CIK0001288776-submissions-002.json
2006-05-02,4,0001181431-06-027118,2006-04-28,xslF345X02/rrd116264.xml,CIK0001288776-submissions-002.json
2006-05-02,4,0001181431-06-027117,2006-04-28,xslF345X02/rrd116262.xml,CIK0001288776-submissions-002.json
2006-05-02,4,0001181431-06-027116,2006-04-28,xslF345X02/rrd116260.xml,CIK0001288776-submissions-002.json
2006-05-02,4,0001181431-06-027115,2006-04-28,xslF345X02/rrd116299.xml,CIK0001288776-submissions-002.json
2006-05-02,4,0001181431-06-027114,2006-04-28,xslF345X02/rrd116203.xml,CIK0001288776-submissions-002.json
2006-05-02,4,0001181431-06-027113,2006-04-28,xslF345X02/rrd116056.xml,CIK0001288776-submissions-002.json
2006-05-02,4,0001181431-06-027112,2006-04-28,xslF345X02/rrd116053.xml,CIK0001288776-submissions-002.json
2006-05-02,4,0001181431-06-027111,2006-04-28,xslF345X02/rrd116066.xml,CIK0001288776-submissions-002.json
2006-05-02,4,0001181431-06-027109,2006-04-28,xslF345X02/rrd116064.xml,CIK0001288776-submissions-002.json
2006-05-02,4,0001181431-06-027108,2006-04-28,xslF345X02/rrd116063.xml,CIK0001288776-submissions-002.json
2006-05-02,4,0001181431-06-027107,2006-04-28,xslF345X02/rrd116061.xml,CIK0001288776-submissions-002.json
2006-05-02,4,0001181431-06-027106,2006-04-28,xslF345X02/rrd116060.xml,CIK0001288776-submissions-002.json
2006-05-02,4,0001181431-06-027105,2006-04-28,xslF345X02/rrd116059.xml,CIK0001288776-submissions-002.json
2006-05-02,4,0001181431-06-027104,2006-04-28,xslF345X02/rrd116058.xml,CIK0001288776-submissions-002.json
2006-05-02,4,0001181431-06-027103,2006-04-28,xslF345X02/rrd116045.xml,CIK0001288776-submissions-002.json
2006-05-02,4,0001181431-06-027102,2006-04-28,xslF345X02/rrd116044.xml,CIK0001288776-submissions-002.json
2006-05-02,4,0001181431-06-027101,2006-04-28,xslF345X02/rrd116042.xml,CIK0001288776-submissions-002.json
2006-05-02,4,0001181431-06-027100,2006-04-28,xslF345X02/rrd116041.xml,CIK0001288776-submissions-002.json
2006-05-02,4,0001181431-06-027099,2006-04-28,xslF345X02/rrd116040.xml,CIK0001288776-submissions-002.json
2006-05-02,4,0001181431-06-027098,2006-04-28,xslF345X02/rrd116039.xml,CIK0001288776-submissions-002.json
2006-05-02,4,0001181431-06-027097,2006-04-28,xslF345X02/rrd116038.xml,CIK0001288776-submissions-002.json
2006-05-02,4,0001181431-06-027096,2006-04-28,xslF345X02/rrd116022.xml,CIK0001288776-submissions-002.json
2006-05-02,4,0001181431-06-027095,2006-04-28,xslF345X02/rrd116021.xml,CIK0001288776-submissions-002.json
2006-05-03,4,0001181431-06-027665,2006-05-01,xslF345X02/rrd116522.xml,CIK0001288776-submissions-002.json
2006-05-03,4,0001181431-06-027664,2006-05-01,xslF345X02/rrd116518.xml,CIK0001288776-submissions-002.json
2006-05-03,4,0001181431-06-027663,2006-05-01,xslF345X02/rrd116526.xml,CIK0001288776-submissions-002.json
2006-05-03,4,0001181431-06-027662,2006-05-01,xslF345X02/rrd116532.xml,CIK0001288776-submissions-002.json
2006-05-03,4,0001181431-06-027661,2006-05-01,xslF345X02/rrd116516.xml,CIK0001288776-submissions-002.json
2006-05-03,4,0001181431-06-027660,2006-05-01,xslF345X02/rrd116489.xml,CIK0001288776-submissions-002.json
2006-05-03,4,0001181431-06-027659,2006-05-01,xslF345X02/rrd116397.xml,CIK0001288776-submissions-002.json
2006-05-03,4,0001181431-06-027658,2006-05-01,xslF345X02/rrd116480.xml,CIK0001288776-submissions-002.json
2006-05-03,4,0001181431-06-027657,2006-05-01,xslF345X02/rrd116391.xml,CIK0001288776-submissions-002.json
2006-05-03,4,0001181431-06-027656,2006-05-01,xslF345X02/rrd116382.xml,CIK0001288776-submissions-002.json
2006-05-03,4,0001181431-06-027655,2006-05-01,xslF345X02/rrd116563.xml,CIK0001288776-submissions-002.json
2006-05-03,4,0001181431-06-027654,2006-05-01,xslF345X02/rrd116377.xml,CIK0001288776-submissions-002.json
2006-05-03,4,0001181431-06-027653,2006-05-01,xslF345X02/rrd116561.xml,CIK0001288776-submissions-002.json
2006-05-03,4,0001181431-06-027652,2006-05-01,xslF345X02/rrd116376.xml,CIK0001288776-submissions-002.json
2006-05-03,4,0001181431-06-027650,2006-05-01,xslF345X02/rrd116369.xml,CIK0001288776-submissions-002.json
2006-05-03,4,0001181431-06-027651,2006-05-01,xslF345X02/rrd116558.xml,CIK0001288776-submissions-002.json
2006-05-03,4,0001181431-06-027648,2006-05-01,xslF345X02/rrd116337.xml,CIK0001288776-submissions-002.json
2006-05-03,4,0001181431-06-027649,2006-05-01,xslF345X02/rrd116406.xml,CIK0001288776-submissions-002.json
2006-05-04,4,0001181431-06-028081,2006-05-02,xslF345X02/rrd116777.xml,CIK0001288776-submissions-002.json
2006-05-04,4,0001181431-06-028080,2006-05-02,xslF345X02/rrd116775.xml,CIK0001288776-submissions-002.json
2006-05-04,4,0001181431-06-028079,2006-05-02,xslF345X02/rrd116598.xml,CIK0001288776-submissions-002.json
2006-05-04,4,0001181431-06-028078,2006-05-02,xslF345X02/rrd116596.xml,CIK0001288776-submissions-002.json
2006-05-04,4,0001181431-06-028077,2006-05-02,xslF345X02/rrd116595.xml,CIK0001288776-submissions-002.json
2006-05-04,4,0001181431-06-028076,2006-05-02,xslF345X02/rrd116686.xml,CIK0001288776-submissions-002.json
2006-05-04,4,0001181431-06-028075,2006-05-02,xslF345X02/rrd116685.xml,CIK0001288776-submissions-002.json
2006-05-04,4,0001181431-06-028074,2006-05-02,xslF345X02/rrd116759.xml,CIK0001288776-submissions-002.json
2006-05-04,4,0001181431-06-028073,2006-05-02,xslF345X02/rrd116591.xml,CIK0001288776-submissions-002.json
2006-05-05,4,0001181431-06-028448,2006-05-03,xslF345X02/rrd116896.xml,CIK0001288776-submissions-002.json
2006-05-05,4,0001181431-06-028447,2006-05-03,xslF345X02/rrd116890.xml,CIK0001288776-submissions-002.json
2006-05-05,4,0001181431-06-028446,2006-05-03,xslF345X02/rrd116871.xml,CIK0001288776-submissions-002.json
2006-05-05,4,0001181431-06-028445,2006-05-03,xslF345X02/rrd116794.xml,CIK0001288776-submissions-002.json
2006-05-05,4,0001181431-06-028434,2006-05-03,xslF345X02/rrd116867.xml,CIK0001288776-submissions-002.json
2006-05-05,4,0001181431-06-028431,2006-05-03,xslF345X02/rrd116864.xml,CIK0001288776-submissions-002.json
2006-05-05,4,0001181431-06-028429,2006-05-03,xslF345X02/rrd116862.xml,CIK0001288776-submissions-002.json
2006-05-05,4,0001181431-06-028427,2006-05-03,xslF345X02/rrd116850.xml,CIK0001288776-submissions-002.json
2006-05-05,4,0001181431-06-028425,2006-05-03,xslF345X02/rrd116849.xml,CIK0001288776-submissions-002.json
2006-05-05,4,0001181431-06-028424,2006-05-03,xslF345X02/rrd116845.xml,CIK0001288776-submissions-002.json
2006-05-05,4,0001181431-06-028423,2006-05-03,xslF345X02/rrd116841.xml,CIK0001288776-submissions-002.json
2006-05-05,4,0001181431-06-028422,2006-05-03,xslF345X02/rrd116831.xml,CIK0001288776-submissions-002.json
2006-05-05,4,0001181431-06-028421,2006-05-03,xslF345X02/rrd116829.xml,CIK0001288776-submissions-002.json
2006-05-05,4,0001181431-06-028420,2006-05-03,xslF345X02/rrd116798.xml,CIK0001288776-submissions-002.json
2006-05-05,4,0001181431-06-028419,2006-05-03,xslF345X02/rrd116795.xml,CIK0001288776-submissions-002.json
2006-05-05,4,0001181431-06-028417,2006-05-03,xslF345X02/rrd116793.xml,CIK0001288776-submissions-002.json
2006-05-05,4,0001181431-06-028416,2006-05-03,xslF345X02/rrd116974.xml,CIK0001288776-submissions-002.json
2006-05-05,4,0001181431-06-028415,2006-05-03,xslF345X02/rrd116792.xml,CIK0001288776-submissions-002.json
2006-05-08,4,0001181431-06-028834,2006-05-04,xslF345X02/rrd117084.xml,CIK0001288776-submissions-002.json
2006-05-08,4,0001181431-06-028833,2006-05-04,xslF345X02/rrd117082.xml,CIK0001288776-submissions-002.json
2006-05-08,4,0001181431-06-028501,2006-05-03,xslF345X02/rrd116973.xml,CIK0001288776-submissions-002.json
2006-05-08,4,0001181431-06-028500,2006-05-03,xslF345X02/rrd116972.xml,CIK0001288776-submissions-002.json
2006-05-08,4,0001181431-06-028498,2006-05-03,xslF345X02/rrd116970.xml,CIK0001288776-submissions-002.json
2006-05-08,4,0001181431-06-028497,2006-05-03,xslF345X02/rrd116969.xml,CIK0001288776-submissions-002.json
2006-05-08,4,0001181431-06-028496,2006-05-03,xslF345X02/rrd116968.xml,CIK0001288776-submissions-002.json
2006-05-08,4,0001181431-06-028495,2006-05-03,xslF345X02/rrd116967.xml,CIK0001288776-submissions-002.json
2006-05-08,4,0001181431-06-028494,2006-05-03,xslF345X02/rrd116966.xml,CIK0001288776-submissions-002.json
2006-05-08,4,0001181431-06-028493,2006-05-03,xslF345X02/rrd116964.xml,CIK0001288776-submissions-002.json
2006-05-08,4,0001181431-06-028492,2006-05-03,xslF345X02/rrd116963.xml,CIK0001288776-submissions-002.json
2006-05-08,4,0001181431-06-028491,2006-05-03,xslF345X02/rrd116910.xml,CIK0001288776-submissions-002.json
2006-05-08,4,0001181431-06-028490,2006-05-03,xslF345X02/rrd116903.xml,CIK0001288776-submissions-002.json
2006-05-09,4,0001181431-06-029228,2006-05-05,xslF345X02/rrd117219.xml,CIK0001288776-submissions-002.json
2006-05-09,4,0001181431-06-029227,2006-05-05,xslF345X02/rrd117218.xml,CIK0001288776-submissions-002.json
2006-05-10,10-Q,0001193125-06-107734,2006-03-31,d10q.htm,CIK0001288776-submissions-002.json
2006-05-10,4,0001181431-06-029522,2006-05-09,xslF345X02/rrd117352.xml,CIK0001288776-submissions-002.json
2006-05-15,4,0001181431-06-030446,2006-05-11,xslF345X02/rrd118062.xml,CIK0001288776-submissions-002.json
2006-05-15,4,0001181431-06-030445,2006-05-11,xslF345X02/rrd117980.xml,CIK0001288776-submissions-002.json
2006-05-16,4,0001181431-06-030793,2006-05-15,xslF345X02/rrd118282.xml,CIK0001288776-submissions-002.json
2006-05-16,4,0001181431-06-030792,2006-05-15,xslF345X02/rrd118277.xml,CIK0001288776-submissions-002.json
2006-05-16,4,0001181431-06-030791,2006-05-15,xslF345X02/rrd118274.xml,CIK0001288776-submissions-002.json
2006-05-16,4,0001181431-06-030790,2006-05-15,xslF345X02/rrd118264.xml,CIK0001288776-submissions-002.json
2006-05-16,4,0001181431-06-030789,2006-05-15,xslF345X02/rrd118257.xml,CIK0001288776-submissions-002.json
2006-05-16,4,0001181431-06-030788,2006-05-15,xslF345X02/rrd118253.xml,CIK0001288776-submissions-002.json
2006-05-17,4,0001181431-06-031154,2006-05-15,xslF345X02/rrd118566.xml,CIK0001288776-submissions-002.json
2006-05-17,4,0001181431-06-031153,2006-05-15,xslF345X02/rrd118557.xml,CIK0001288776-submissions-002.json
2006-05-18,4,0001181431-06-031164,2006-05-16,xslF345X02/rrd118375.xml,CIK0001288776-submissions-002.json
2006-05-18,4,0001181431-06-031163,2006-05-16,xslF345X02/rrd118373.xml,CIK0001288776-submissions-002.json
2006-05-18,4,0001181431-06-031162,2006-05-16,xslF345X02/rrd118372.xml,CIK0001288776-submissions-002.json
2006-05-18,4,0001181431-06-031161,2006-05-16,xslF345X02/rrd118369.xml,CIK0001288776-submissions-002.json
2006-05-18,4,0001181431-06-031160,2006-05-16,xslF345X02/rrd118327.xml,CIK0001288776-submissions-002.json
2006-05-19,4,0001181431-06-031902,2006-05-17,xslF345X02/rrd118381.xml,CIK0001288776-submissions-002.json
2006-05-19,4,0001181431-06-031901,2006-05-17,xslF345X02/rrd118380.xml,CIK0001288776-submissions-002.json
2006-05-19,4,0001181431-06-031900,2006-05-17,xslF345X02/rrd118379.xml,CIK0001288776-submissions-002.json
2006-05-19,4,0001181431-06-031899,2006-05-17,xslF345X02/rrd118377.xml,CIK0001288776-submissions-002.json
2006-05-19,4,0001181431-06-031897,2006-05-17,xslF345X02/rrd118376.xml,CIK0001288776-submissions-002.json
2006-05-22,4,0001181431-06-032247,2006-05-18,xslF345X02/rrd118964.xml,CIK0001288776-submissions-002.json
2006-05-22,4,0001181431-06-032246,2006-05-18,xslF345X02/rrd119105.xml,CIK0001288776-submissions-002.json
2006-05-22,4,0001181431-06-032245,2006-05-18,xslF345X02/rrd118962.xml,CIK0001288776-submissions-002.json
2006-05-22,4,0001181431-06-032244,2006-05-18,xslF345X02/rrd118960.xml,CIK0001288776-submissions-002.json
2006-05-22,4,0001181431-06-032243,2006-05-18,xslF345X02/rrd118959.xml,CIK0001288776-submissions-002.json
2006-05-22,4,0001181431-06-032242,2006-05-18,xslF345X02/rrd118958.xml,CIK0001288776-submissions-002.json
2006-05-23,4,0001181431-06-032444,2006-05-19,xslF345X02/rrd119273.xml,CIK0001288776-submissions-002.json
2006-05-23,4,0001181431-06-032443,2006-05-19,xslF345X02/rrd119271.xml,CIK0001288776-submissions-002.json
2006-05-23,4,0001181431-06-032442,2006-05-19,xslF345X02/rrd119264.xml,CIK0001288776-submissions-002.json
2006-05-23,4,0001179110-06-011741,2006-05-19,xslF345X02/edgar.xml,CIK0001288776-submissions-002.json
2006-05-24,4,0001181431-06-032819,2006-05-22,xslF345X02/rrd119372.xml,CIK0001288776-submissions-002.json
2006-05-25,4,0001181431-06-033206,2006-05-23,xslF345X02/rrd119603.xml,CIK0001288776-submissions-002.json
2006-05-25,4,0001181431-06-033205,2006-05-23,xslF345X02/rrd119523.xml,CIK0001288776-submissions-002.json
2006-05-25,4,0001181431-06-033204,2006-05-23,xslF345X02/rrd119505.xml,CIK0001288776-submissions-002.json
2006-05-25,4,0001181431-06-033203,2006-05-23,xslF345X02/rrd119478.xml,CIK0001288776-submissions-002.json
2006-05-25,4,0001179110-06-011940,2006-05-23,xslF345X02/edgar.xml,CIK0001288776-submissions-002.json
2006-05-25,4/A,0001179110-06-011939,2006-05-19,xslF345X02/edgar.xml,CIK0001288776-submissions-002.json
2006-05-26,4,0001181431-06-033506,2006-05-26,xslF345X02/rrd119722.xml,CIK0001288776-submissions-002.json
2006-05-26,4,0001181431-06-033505,2006-05-25,xslF345X02/rrd119678.xml,CIK0001288776-submissions-002.json
2006-05-26,4,0001181431-06-033504,2006-05-24,xslF345X02/rrd119632.xml,CIK0001288776-submissions-002.json
2006-05-30,4,0001181431-06-033747,2006-05-25,xslF345X02/rrd119939.xml,CIK0001288776-submissions-002.json
2006-05-30,4,0001181431-06-033746,2006-05-25,xslF345X02/rrd119937.xml,CIK0001288776-submissions-002.json
2006-05-30,4,0001181431-06-033745,2006-05-25,xslF345X02/rrd119935.xml,CIK0001288776-submissions-002.json
2006-05-30,4,0001181431-06-033744,2006-05-25,xslF345X02/rrd119922.xml,CIK0001288776-submissions-002.json
2006-05-31,4,0001181431-06-034075,2006-05-26,xslF345X02/rrd120006.xml,CIK0001288776-submissions-002.json
2006-05-31,4,0001181431-06-034074,2006-05-26,xslF345X02/rrd120005.xml,CIK0001288776-submissions-002.json
2006-05-31,4,0001181431-06-034073,2006-05-26,xslF345X02/rrd120000.xml,CIK0001288776-submissions-002.json
2006-05-31,4,0001181431-06-034072,2006-05-26,xslF345X02/rrd119999.xml,CIK0001288776-submissions-002.json
2006-05-31,4,0001181431-06-034071,2006-05-26,xslF345X02/rrd120003.xml,CIK0001288776-submissions-002.json
2006-05-31,4,0001181431-06-034070,2006-05-26,xslF345X02/rrd119998.xml,CIK0001288776-submissions-002.json
2006-05-31,4,0001181431-06-034069,2006-05-26,xslF345X02/rrd119997.xml,CIK0001288776-submissions-002.json
2006-05-31,4,0001181431-06-034068,2006-05-26,xslF345X02/rrd119995.xml,CIK0001288776-submissions-002.json
2006-05-31,4,0001181431-06-034067,2006-05-26,xslF345X02/rrd119994.xml,CIK0001288776-submissions-002.json
2006-05-31,4,0001181431-06-034066,2006-05-26,xslF345X02/rrd119974.xml,CIK0001288776-submissions-002.json
2006-05-31,4,0001181431-06-034065,2006-05-26,xslF345X02/rrd119973.xml,CIK0001288776-submissions-002.json
2006-05-31,4,0001181431-06-034064,2006-05-26,xslF345X02/rrd119971.xml,CIK0001288776-submissions-002.json
2006-05-31,4,0001181431-06-034063,2006-05-26,xslF345X02/rrd119970.xml,CIK0001288776-submissions-002.json
2006-05-31,4,0001181431-06-034062,2006-05-26,xslF345X02/rrd119969.xml,CIK0001288776-submissions-002.json
2006-05-31,4,0001181431-06-034061,2006-05-26,xslF345X02/rrd119968.xml,CIK0001288776-submissions-002.json
2006-05-31,4,0001181431-06-034059,2006-05-26,xslF345X02/rrd119967.xml,CIK0001288776-submissions-002.json
2006-05-31,4,0001181431-06-034058,2006-05-26,xslF345X02/rrd119966.xml,CIK0001288776-submissions-002.json
2006-05-31,4,0001181431-06-034057,2006-05-26,xslF345X02/rrd119964.xml,CIK0001288776-submissions-002.json
2006-05-31,4,0001181431-06-034055,2006-05-26,xslF345X02/rrd119963.xml,CIK0001288776-submissions-002.json
2006-05-31,4,0001181431-06-034054,2006-05-26,xslF345X02/rrd119962.xml,CIK0001288776-submissions-002.json
2006-05-31,4,0001181431-06-034053,2006-05-26,xslF345X02/rrd119959.xml,CIK0001288776-submissions-002.json
2006-05-31,4,0001181431-06-034052,2006-05-26,xslF345X02/rrd119958.xml,CIK0001288776-submissions-002.json
2006-05-31,4,0001181431-06-034051,2006-05-26,xslF345X02/rrd119955.xml,CIK0001288776-submissions-002.json
2006-05-31,4,0001181431-06-034050,2006-05-26,xslF345X02/rrd119952.xml,CIK0001288776-submissions-002.json
2006-05-31,4,0001181431-06-034049,2006-05-26,xslF345X02/rrd119951.xml,CIK0001288776-submissions-002.json
2006-05-31,4,0001181431-06-034048,2006-05-26,xslF345X02/rrd119949.xml,CIK0001288776-submissions-002.json
2006-05-31,4,0001181431-06-034047,2006-05-26,xslF345X02/rrd119948.xml,CIK0001288776-submissions-002.json
2006-05-31,4,0001181431-06-034046,2006-05-26,xslF345X02/rrd119947.xml,CIK0001288776-submissions-002.json
2006-05-31,4,0001181431-06-034045,2006-05-26,xslF345X02/rrd119757.xml,CIK0001288776-submissions-002.json
2006-05-31,4,0001181431-06-034044,2006-05-26,xslF345X02/rrd119756.xml,CIK0001288776-submissions-002.json
2006-06-01,4,0001181431-06-034517,2006-05-30,xslF345X02/rrd120244.xml,CIK0001288776-submissions-002.json
2006-06-01,4,0001181431-06-034516,2006-05-30,xslF345X02/rrd120243.xml,CIK0001288776-submissions-002.json
2006-06-01,4,0001181431-06-034515,2006-05-30,xslF345X02/rrd120241.xml,CIK0001288776-submissions-002.json
2006-06-01,4,0001181431-06-034514,2006-05-30,xslF345X02/rrd120240.xml,CIK0001288776-submissions-002.json
2006-06-01,4,0001181431-06-034513,2006-05-30,xslF345X02/rrd120237.xml,CIK0001288776-submissions-002.json
2006-06-01,4,0001181431-06-034512,2006-05-30,xslF345X02/rrd120233.xml,CIK0001288776-submissions-002.json
2006-06-01,4,0001181431-06-034510,2006-05-30,xslF345X02/rrd120232.xml,CIK0001288776-submissions-002.json
2006-06-01,4,0001181431-06-034507,2006-05-30,xslF345X02/rrd120200.xml,CIK0001288776-submissions-002.json
2006-06-01,4,0001181431-06-034506,2006-05-30,xslF345X02/rrd120199.xml,CIK0001288776-submissions-002.json
2006-06-01,4,0001181431-06-034505,2006-05-30,xslF345X02/rrd120198.xml,CIK0001288776-submissions-002.json
2006-06-01,4,0001181431-06-034504,2006-05-30,xslF345X02/rrd120197.xml,CIK0001288776-submissions-002.json
2006-06-01,4,0001181431-06-034503,2006-05-30,xslF345X02/rrd120196.xml,CIK0001288776-submissions-002.json
2006-06-01,4,0001181431-06-034502,2006-05-30,xslF345X02/rrd120194.xml,CIK0001288776-submissions-002.json
2006-06-01,4,0001181431-06-034501,2006-05-30,xslF345X02/rrd120191.xml,CIK0001288776-submissions-002.json
2006-06-01,4,0001181431-06-034499,2006-05-30,xslF345X02/rrd120190.xml,CIK0001288776-submissions-002.json
2006-06-01,4,0001181431-06-034498,2006-05-30,xslF345X02/rrd120188.xml,CIK0001288776-submissions-002.json
2006-06-01,4,0001181431-06-034497,2006-05-30,xslF345X02/rrd120187.xml,CIK0001288776-submissions-002.json
2006-06-01,4,0001181431-06-034496,2006-05-30,xslF345X02/rrd120185.xml,CIK0001288776-submissions-002.json
2006-06-01,4,0001181431-06-034494,2006-05-30,xslF345X02/rrd120156.xml,CIK0001288776-submissions-002.json
2006-06-01,4,0001181431-06-034493,2006-05-30,xslF345X02/rrd120155.xml,CIK0001288776-submissions-002.json
2006-06-01,4,0001181431-06-034492,2006-05-30,xslF345X02/rrd120154.xml,CIK0001288776-submissions-002.json
2006-06-01,4,0001181431-06-034491,2006-05-30,xslF345X02/rrd120153.xml,CIK0001288776-submissions-002.json
2006-06-01,4,0001181431-06-034490,2006-05-30,xslF345X02/rrd120152.xml,CIK0001288776-submissions-002.json
2006-06-01,4,0001181431-06-034489,2006-05-30,xslF345X02/rrd120151.xml,CIK0001288776-submissions-002.json
2006-06-01,4,0001181431-06-034488,2006-05-30,xslF345X02/rrd120150.xml,CIK0001288776-submissions-002.json
2006-06-01,4,0001181431-06-034487,2006-05-30,xslF345X02/rrd120148.xml,CIK0001288776-submissions-002.json
2006-06-01,4,0001181431-06-034486,2006-05-30,xslF345X02/rrd120143.xml,CIK0001288776-submissions-002.json
2006-06-05,4,0001181431-06-035342,2006-06-01,xslF345X02/rrd120707.xml,CIK0001288776-submissions-002.json
2006-06-05,4,0001181431-06-035341,2006-06-01,xslF345X02/rrd120589.xml,CIK0001288776-submissions-002.json
2006-06-05,4,0001181431-06-035340,2006-06-01,xslF345X02/rrd120587.xml,CIK0001288776-submissions-002.json
2006-06-05,4,0001181431-06-035339,2006-06-01,xslF345X02/rrd120692.xml,CIK0001288776-submissions-002.json
2006-06-05,4,0001181431-06-035338,2006-06-01,xslF345X02/rrd120586.xml,CIK0001288776-submissions-002.json
2006-06-06,4,0001181431-06-035526,2006-06-05,xslF345X02/rrd120829.xml,CIK0001288776-submissions-002.json
2006-06-06,4,0001181431-06-035525,2006-06-05,xslF345X02/rrd120828.xml,CIK0001288776-submissions-002.json
2006-06-06,4,0001181431-06-035524,2006-06-02,xslF345X02/rrd120714.xml,CIK0001288776-submissions-002.json
2006-06-06,4,0001181431-06-035523,2006-06-02,xslF345X02/rrd120711.xml,CIK0001288776-submissions-002.json
2006-06-07,4,0001181431-06-035715,2006-06-05,xslF345X02/rrd120900.xml,CIK0001288776-submissions-002.json
2006-06-07,4,0001181431-06-035714,2006-06-06,xslF345X02/rrd120831.xml,CIK0001288776-submissions-002.json
2006-06-07,4,0001181431-06-035713,2006-06-06,xslF345X02/rrd120830.xml,CIK0001288776-submissions-002.json
2006-06-08,4,0001181431-06-035989,2006-06-06,xslF345X02/rrd121034.xml,CIK0001288776-submissions-002.json
2006-06-08,4,0001181431-06-035988,2006-06-06,xslF345X02/rrd121033.xml,CIK0001288776-submissions-002.json
2006-06-08,4,0001181431-06-035987,2006-06-06,xslF345X02/rrd121032.xml,CIK0001288776-submissions-002.json
2006-06-08,4,0001181431-06-035983,2006-06-06,xslF345X02/rrd121025.xml,CIK0001288776-submissions-002.json
2006-06-08,4,0001181431-06-035982,2006-06-06,xslF345X02/rrd121023.xml,CIK0001288776-submissions-002.json
2006-06-08,4,0001181431-06-035981,2006-06-06,xslF345X02/rrd121031.xml,CIK0001288776-submissions-002.json
2006-06-08,4,0001181431-06-035980,2006-06-06,xslF345X02/rrd121030.xml,CIK0001288776-submissions-002.json
2006-06-08,4,0001181431-06-035979,2006-06-06,xslF345X02/rrd121029.xml,CIK0001288776-submissions-002.json
2006-06-08,4,0001181431-06-035978,2006-06-06,xslF345X02/rrd121028.xml,CIK0001288776-submissions-002.json
2006-06-08,4,0001181431-06-035977,2006-06-06,xslF345X02/rrd121020.xml,CIK0001288776-submissions-002.json
2006-06-08,4,0001181431-06-035976,2006-06-06,xslF345X02/rrd121026.xml,CIK0001288776-submissions-002.json
2006-06-08,4,0001181431-06-035975,2006-06-06,xslF345X02/rrd121019.xml,CIK0001288776-submissions-002.json
2006-06-08,4,0001181431-06-035974,2006-06-06,xslF345X02/rrd121017.xml,CIK0001288776-submissions-002.json
2006-06-08,4,0001181431-06-035973,2006-06-06,xslF345X02/rrd121003.xml,CIK0001288776-submissions-002.json
2006-06-08,4,0001181431-06-035972,2006-06-06,xslF345X02/rrd121001.xml,CIK0001288776-submissions-002.json
2006-06-08,4,0001181431-06-035969,2006-06-06,xslF345X02/rrd120999.xml,CIK0001288776-submissions-002.json
2006-06-08,4,0001181431-06-035961,2006-06-06,xslF345X02/rrd121030.xml,CIK0001288776-submissions-002.json
2006-06-08,4,0001181431-06-035947,2006-06-06,xslF345X02/rrd120998.xml,CIK0001288776-submissions-002.json
2006-06-08,4,0001181431-06-035946,2006-06-06,xslF345X02/rrd120997.xml,CIK0001288776-submissions-002.json
2006-06-08,4,0001181431-06-035945,2006-06-06,xslF345X02/rrd120993.xml,CIK0001288776-submissions-002.json
2006-06-08,4,0001181431-06-035944,2006-06-06,xslF345X02/rrd120986.xml,CIK0001288776-submissions-002.json
2006-06-08,4,0001181431-06-035943,2006-06-06,xslF345X02/rrd120982.xml,CIK0001288776-submissions-002.json
2006-06-08,4,0001181431-06-035942,2006-06-06,xslF345X02/rrd120980.xml,CIK0001288776-submissions-002.json
2006-06-08,4,0001181431-06-035941,2006-06-06,xslF345X02/rrd120978.xml,CIK0001288776-submissions-002.json
2006-06-08,4,0001181431-06-035940,2006-06-06,xslF345X02/rrd120975.xml,CIK0001288776-submissions-002.json
2006-06-08,4,0001181431-06-035939,2006-06-06,xslF345X02/rrd120971.xml,CIK0001288776-submissions-002.json
2006-06-08,4,0001181431-06-035938,2006-06-06,xslF345X02/rrd120954.xml,CIK0001288776-submissions-002.json
2006-06-09,4,0001181431-06-036236,2006-06-07,xslF345X02/rrd120914.xml,CIK0001288776-submissions-002.json
2006-06-09,4,0001181431-06-036235,2006-06-07,xslF345X02/rrd120915.xml,CIK0001288776-submissions-002.json
2006-06-09,4,0001181431-06-036234,2006-06-07,xslF345X02/rrd120949.xml,CIK0001288776-submissions-002.json
2006-06-14,4,0001181431-06-036986,2006-06-12,xslF345X02/rrd121586.xml,CIK0001288776-submissions-002.json
2006-06-14,8-K,0001193125-06-129861,2006-06-09,d8k.htm,CIK0001288776-submissions-002.json
2006-06-16,4,0001181431-06-037423,2006-06-14,xslF345X02/rrd121815.xml,CIK0001288776-submissions-002.json
2006-06-16,4,0001181431-06-037422,2006-06-14,xslF345X02/rrd121809.xml,CIK0001288776-submissions-002.json
2006-06-16,4,0001181431-06-037421,2006-06-14,xslF345X02/rrd121806.xml,CIK0001288776-submissions-002.json
2006-06-16,4,0001181431-06-037420,2006-06-14,xslF345X02/rrd121769.xml,CIK0001288776-submissions-002.json
2006-06-16,4,0001181431-06-037419,2006-06-14,xslF345X02/rrd121768.xml,CIK0001288776-submissions-002.json
2006-06-16,4,0001181431-06-037418,2006-06-14,xslF345X02/rrd121766.xml,CIK0001288776-submissions-002.json
2006-06-19,4,0001181431-06-037583,2006-06-15,xslF345X02/rrd121908.xml,CIK0001288776-submissions-002.json
2006-06-19,4,0001181431-06-037582,2006-06-15,xslF345X02/rrd121904.xml,CIK0001288776-submissions-002.json
2006-06-19,4,0001181431-06-037581,2006-06-15,xslF345X02/rrd121902.xml,CIK0001288776-submissions-002.json
2006-06-20,4,0001181431-06-037736,2006-06-16,xslF345X02/rrd121939.xml,CIK0001288776-submissions-002.json
2006-06-20,4,0001181431-06-037735,2006-06-16,xslF345X02/rrd121941.xml,CIK0001288776-submissions-002.json
2006-06-20,4,0001181431-06-037734,2006-06-16,xslF345X02/rrd121940.xml,CIK0001288776-submissions-002.json
2006-06-21,4,0001181431-06-037896,2006-06-19,xslF345X02/rrd122028.xml,CIK0001288776-submissions-002.json
2006-06-21,4,0001181431-06-037895,2006-06-19,xslF345X02/rrd122027.xml,CIK0001288776-submissions-002.json
2006-06-21,4,0001181431-06-037894,2006-06-19,xslF345X02/rrd122026.xml,CIK0001288776-submissions-002.json
2006-06-22,4,0001181431-06-038129,2006-06-20,xslF345X02/rrd122234.xml,CIK0001288776-submissions-002.json
2006-06-22,4,0001181431-06-038128,2006-06-20,xslF345X02/rrd122167.xml,CIK0001288776-submissions-002.json
2006-06-22,4,0001181431-06-038127,2006-06-20,xslF345X02/rrd122164.xml,CIK0001288776-submissions-002.json
2006-06-22,4,0001181431-06-038126,2006-06-20,xslF345X02/rrd122161.xml,CIK0001288776-submissions-002.json
2006-06-23,4,0001181431-06-038325,2006-06-21,xslF345X02/rrd122333.xml,CIK0001288776-submissions-002.json
2006-06-26,4,0001181431-06-038533,2006-06-26,xslF345X02/rrd122527.xml,CIK0001288776-submissions-002.json
2006-06-26,4,0001181431-06-038532,2006-06-23,xslF345X02/rrd122413.xml,CIK0001288776-submissions-002.json
2006-06-26,4,0001181431-06-038531,2006-06-22,xslF345X02/rrd122412.xml,CIK0001288776-submissions-002.json
2006-06-27,4,0001181431-06-038700,2006-06-23,xslF345X02/rrd122609.xml,CIK0001288776-submissions-002.json
2006-06-28,4,0001181431-06-038988,2006-06-26,xslF345X02/rrd122768.xml,CIK0001288776-submissions-002.json
2006-06-28,4,0001181431-06-038987,2006-06-26,xslF345X02/rrd122766.xml,CIK0001288776-submissions-002.json
2006-06-28,4,0001181431-06-038986,2006-06-26,xslF345X02/rrd122765.xml,CIK0001288776-submissions-002.json
2006-06-28,4,0001181431-06-038985,2006-06-26,xslF345X02/rrd122764.xml,CIK0001288776-submissions-002.json
2006-06-28,4,0001181431-06-038984,2006-06-26,xslF345X02/rrd122763.xml,CIK0001288776-submissions-002.json
2006-06-28,4,0001181431-06-038983,2006-06-26,xslF345X02/rrd122762.xml,CIK0001288776-submissions-002.json
2006-06-28,4,0001181431-06-038982,2006-06-26,xslF345X02/rrd122759.xml,CIK0001288776-submissions-002.json
2006-06-28,4,0001181431-06-038981,2006-06-26,xslF345X02/rrd122758.xml,CIK0001288776-submissions-002.json
2006-06-28,4,0001181431-06-038980,2006-06-26,xslF345X02/rrd122751.xml,CIK0001288776-submissions-002.json
2006-06-28,4,0001181431-06-038979,2006-06-26,xslF345X02/rrd122750.xml,CIK0001288776-submissions-002.json
2006-06-28,4,0001181431-06-038978,2006-06-26,xslF345X02/rrd122749.xml,CIK0001288776-submissions-002.json
2006-06-28,4,0001181431-06-038977,2006-06-26,xslF345X02/rrd122747.xml,CIK0001288776-submissions-002.json
2006-06-28,4,0001181431-06-038976,2006-06-26,xslF345X02/rrd122746.xml,CIK0001288776-submissions-002.json
2006-06-28,4,0001181431-06-038975,2006-06-26,xslF345X02/rrd122744.xml,CIK0001288776-submissions-002.json
2006-06-28,4,0001181431-06-038974,2006-06-26,xslF345X02/rrd122741.xml,CIK0001288776-submissions-002.json
2006-06-28,4,0001181431-06-038973,2006-06-26,xslF345X02/rrd122735.xml,CIK0001288776-submissions-002.json
2006-06-28,4,0001181431-06-038972,2006-06-26,xslF345X02/rrd122733.xml,CIK0001288776-submissions-002.json
2006-06-28,4,0001181431-06-038971,2006-06-26,xslF345X02/rrd122731.xml,CIK0001288776-submissions-002.json
2006-06-28,4,0001181431-06-038968,2006-06-26,xslF345X02/rrd122727.xml,CIK0001288776-submissions-002.json
2006-06-28,4,0001181431-06-038967,2006-06-26,xslF345X02/rrd122724.xml,CIK0001288776-submissions-002.json
2006-06-28,4,0001181431-06-038966,2006-06-26,xslF345X02/rrd122722.xml,CIK0001288776-submissions-002.json
2006-06-28,4,0001181431-06-038965,2006-06-26,xslF345X02/rrd122715.xml,CIK0001288776-submissions-002.json
2006-06-28,4,0001181431-06-038964,2006-06-26,xslF345X02/rrd122697.xml,CIK0001288776-submissions-002.json
2006-06-28,4,0001181431-06-038963,2006-06-26,xslF345X02/rrd122611.xml,CIK0001288776-submissions-002.json
2006-06-28,4,0001181431-06-038925,2006-05-22,xslF345X02/rrd122606.xml,CIK0001288776-submissions-002.json
2006-06-30,4,0001181431-06-039538,2006-06-28,xslF345X02/rrd123175.xml,CIK0001288776-submissions-002.json
2006-06-30,4,0001181431-06-039537,2006-06-28,xslF345X02/rrd123173.xml,CIK0001288776-submissions-002.json
2006-06-30,4,0001181431-06-039536,2006-06-28,xslF345X02/rrd123067.xml,CIK0001288776-submissions-002.json
2006-06-30,4,0001181431-06-039535,2006-06-28,xslF345X02/rrd123064.xml,CIK0001288776-submissions-002.json
2006-06-30,4,0001181431-06-039534,2006-06-28,xslF345X02/rrd123063.xml,CIK0001288776-submissions-002.json
2006-06-30,4,0001181431-06-039532,2006-06-28,xslF345X02/rrd123062.xml,CIK0001288776-submissions-002.json
2006-06-30,4,0001181431-06-039531,2006-06-28,xslF345X02/rrd123060.xml,CIK0001288776-submissions-002.json
2006-06-30,4,0001181431-06-039530,2006-06-28,xslF345X02/rrd123059.xml,CIK0001288776-submissions-002.json
2006-06-30,4,0001181431-06-039529,2006-06-28,xslF345X02/rrd123057.xml,CIK0001288776-submissions-002.json
2006-06-30,4,0001181431-06-039528,2006-06-28,xslF345X02/rrd123054.xml,CIK0001288776-submissions-002.json
2006-06-30,4,0001181431-06-039527,2006-06-28,xslF345X02/rrd123053.xml,CIK0001288776-submissions-002.json
2006-06-30,4,0001181431-06-039526,2006-06-28,xslF345X02/rrd123052.xml,CIK0001288776-submissions-002.json
2006-06-30,4,0001181431-06-039525,2006-06-28,xslF345X02/rrd123049.xml,CIK0001288776-submissions-002.json
2006-06-30,4,0001181431-06-039524,2006-06-28,xslF345X02/rrd123046.xml,CIK0001288776-submissions-002.json
2006-06-30,4,0001181431-06-039523,2006-06-28,xslF345X02/rrd123017.xml,CIK0001288776-submissions-002.json
2006-06-30,4,0001181431-06-039522,2006-06-28,xslF345X02/rrd123006.xml,CIK0001288776-submissions-002.json
2006-06-30,4,0001181431-06-039521,2006-06-28,xslF345X02/rrd123004.xml,CIK0001288776-submissions-002.json
2006-06-30,4,0001181431-06-039520,2006-06-28,xslF345X02/rrd123003.xml,CIK0001288776-submissions-002.json
2006-06-30,4,0001181431-06-039519,2006-06-28,xslF345X02/rrd123000.xml,CIK0001288776-submissions-002.json
2006-06-30,4,0001181431-06-039518,2006-06-28,xslF345X02/rrd122997.xml,CIK0001288776-submissions-002.json
2006-06-30,4,0001181431-06-039517,2006-06-28,xslF345X02/rrd122982.xml,CIK0001288776-submissions-002.json
2006-06-30,4,0001181431-06-039516,2006-06-28,xslF345X02/rrd122976.xml,CIK0001288776-submissions-002.json
2006-06-30,4,0001181431-06-039515,2006-06-28,xslF345X02/rrd122974.xml,CIK0001288776-submissions-002.json
2006-06-30,4,0001181431-06-039513,2006-06-28,xslF345X02/rrd122912.xml,CIK0001288776-submissions-002.json
2006-07-06,4,0001181431-06-040925,2006-07-03,xslF345X02/rrd123835.xml,CIK0001288776-submissions-002.json
2006-07-06,4,0001181431-06-040924,2006-07-03,xslF345X02/rrd123833.xml,CIK0001288776-submissions-002.json
2006-07-06,4,0001181431-06-040923,2006-07-03,xslF345X02/rrd123695.xml,CIK0001288776-submissions-002.json
2006-07-06,4,0001181431-06-040922,2006-07-03,xslF345X02/rrd123767.xml,CIK0001288776-submissions-002.json
2006-07-06,4,0001181431-06-040921,2006-07-03,xslF345X02/rrd123663.xml,CIK0001288776-submissions-002.json
2006-07-06,4,0001181431-06-040920,2006-07-03,xslF345X02/rrd123658.xml,CIK0001288776-submissions-002.json
2006-07-06,4,0001181431-06-040919,2006-07-03,xslF345X02/rrd123647.xml,CIK0001288776-submissions-002.json
2006-07-06,4,0001181431-06-040918,2006-07-03,xslF345X02/rrd123552.xml,CIK0001288776-submissions-002.json
2006-07-07,4,0001181431-06-041158,2006-07-05,xslF345X02/rrd123925.xml,CIK0001288776-submissions-002.json
2006-07-07,4,0001181431-06-041157,2006-07-05,xslF345X02/rrd123924.xml,CIK0001288776-submissions-002.json
2006-07-07,4,0001181431-06-041155,2006-07-05,xslF345X02/rrd123923.xml,CIK0001288776-submissions-002.json
2006-07-07,4,0001181431-06-041154,2006-07-05,xslF345X02/rrd123922.xml,CIK0001288776-submissions-002.json
2006-07-07,4,0001181431-06-041152,2006-07-05,xslF345X02/rrd123921.xml,CIK0001288776-submissions-002.json
2006-07-07,4,0001181431-06-041151,2006-07-05,xslF345X02/rrd123918.xml,CIK0001288776-submissions-002.json
2006-07-07,4,0001181431-06-041150,2006-07-05,xslF345X02/rrd123917.xml,CIK0001288776-submissions-002.json
2006-07-07,4,0001181431-06-041149,2006-07-05,xslF345X02/rrd123916.xml,CIK0001288776-submissions-002.json
2006-07-07,4,0001181431-06-041148,2006-07-05,xslF345X02/rrd123915.xml,CIK0001288776-submissions-002.json
2006-07-07,4,0001181431-06-041147,2006-07-05,xslF345X02/rrd123914.xml,CIK0001288776-submissions-002.json
2006-07-07,4,0001181431-06-041145,2006-07-05,xslF345X02/rrd123913.xml,CIK0001288776-submissions-002.json
2006-07-07,4,0001181431-06-041144,2006-07-05,xslF345X02/rrd123912.xml,CIK0001288776-submissions-002.json
2006-07-07,4,0001181431-06-041143,2006-07-05,xslF345X02/rrd123903.xml,CIK0001288776-submissions-002.json
2006-07-07,4,0001181431-06-041142,2006-07-05,xslF345X02/rrd123901.xml,CIK0001288776-submissions-002.json
2006-07-07,4,0001181431-06-041141,2006-07-05,xslF345X02/rrd123895.xml,CIK0001288776-submissions-002.json
2006-07-07,4,0001181431-06-041138,2006-07-05,xslF345X02/rrd123848.xml,CIK0001288776-submissions-002.json
2006-07-07,4,0001181431-06-041137,2006-07-05,xslF345X02/rrd123940.xml,CIK0001288776-submissions-002.json
2006-07-07,4,0001181431-06-041136,2006-07-05,xslF345X02/rrd123926.xml,CIK0001288776-submissions-002.json
2006-07-10,4,0001181431-06-041310,2006-07-06,xslF345X02/rrd124004.xml,CIK0001288776-submissions-002.json
2006-07-10,4,0001181431-06-041309,2006-07-06,xslF345X02/rrd123986.xml,CIK0001288776-submissions-002.json
2006-07-11,4,0001181431-06-041515,2006-07-07,xslF345X02/rrd124114.xml,CIK0001288776-submissions-002.json
2006-07-11,4,0001181431-06-041514,2006-07-07,xslF345X02/rrd124112.xml,CIK0001288776-submissions-002.json
2006-07-12,4,0001181431-06-041722,2006-07-10,xslF345X02/rrd124212.xml,CIK0001288776-submissions-002.json
2006-07-12,4,0001181431-06-041721,2006-07-10,xslF345X02/rrd124210.xml,CIK0001288776-submissions-002.json
2006-07-14,UPLOAD,0000000000-06-032685,,filename1.txt,CIK0001288776-submissions-002.json
2006-07-17,4,0001181431-06-042407,2006-06-08,xslF345X02/rrd124690.xml,CIK0001288776-submissions-002.json
2006-07-17,4,0001181431-06-042406,2006-06-08,xslF345X02/rrd124690.xml,CIK0001288776-submissions-002.json
2006-07-18,4,0001181431-06-042618,2006-07-14,xslF345X02/rrd124799.xml,CIK0001288776-submissions-002.json
2006-07-18,4,0001181431-06-042617,2006-07-14,xslF345X02/rrd124783.xml,CIK0001288776-submissions-002.json
2006-07-18,4,0001181431-06-042616,2006-07-14,xslF345X02/rrd124770.xml,CIK0001288776-submissions-002.json
2006-07-18,4,0001181431-06-042615,2006-07-14,xslF345X02/rrd124729.xml,CIK0001288776-submissions-002.json
2006-07-18,4,0001181431-06-042614,2006-07-14,xslF345X02/rrd124720.xml,CIK0001288776-submissions-002.json
2006-07-18,4,0001181431-06-042417,2005-10-31,xslF345X02/rrd124674.xml,CIK0001288776-submissions-002.json
2006-07-19,4,0001181431-06-042779,2006-07-17,xslF345X02/rrd124881.xml,CIK0001288776-submissions-002.json
2006-07-20,4,0001181431-06-042939,2006-07-18,xslF345X02/rrd124987.xml,CIK0001288776-submissions-002.json
2006-07-20,40-APP,9999999997-06-031105,,9999999997-06-031105.paper,CIK0001288776-submissions-002.json
2006-07-20,8-K,0001193125-06-150132,2006-07-20,d8k.htm,CIK0001288776-submissions-002.json
2006-07-21,4,0001181431-06-043134,2006-07-19,xslF345X02/rrd125052.xml,CIK0001288776-submissions-002.json
2006-07-24,4,0001181431-06-043372,2006-07-19,xslF345X02/rrd125186.xml,CIK0001288776-submissions-002.json
2006-07-24,4,0001181431-06-043371,2006-07-20,xslF345X02/rrd125182.xml,CIK0001288776-submissions-002.json
2006-07-24,4,0001181431-06-043370,2006-07-20,xslF345X02/rrd125147.xml,CIK0001288776-submissions-002.json
2006-07-25,4,0001181431-06-043575,2006-07-21,xslF345X02/rrd125237.xml,CIK0001288776-submissions-002.json
2006-07-26,4,0001181431-06-043813,2006-07-24,xslF345X02/rrd125411.xml,CIK0001288776-submissions-002.json
2006-07-26,4,0001181431-06-043812,2006-07-24,xslF345X02/rrd125317.xml,CIK0001288776-submissions-002.json
2006-07-26,4,0001181431-06-043811,2006-07-24,xslF345X02/rrd125314.xml,CIK0001288776-submissions-002.json
2006-07-27,4,0001181431-06-044107,2006-07-25,xslF345X02/rrd125563.xml,CIK0001288776-submissions-002.json
2006-07-27,4,0001181431-06-044106,2006-07-25,xslF345X02/rrd125501.xml,CIK0001288776-submissions-002.json
2006-07-27,4,0001181431-06-044105,2006-07-25,xslF345X02/rrd125500.xml,CIK0001288776-submissions-002.json
2006-07-27,4,0001181431-06-044104,2006-07-25,xslF345X02/rrd125499.xml,CIK0001288776-submissions-002.json
2006-07-27,4,0001181431-06-044103,2006-07-25,xslF345X02/rrd125497.xml,CIK0001288776-submissions-002.json
2006-07-27,4,0001181431-06-044102,2006-07-25,xslF345X02/rrd125496.xml,CIK0001288776-submissions-002.json
2006-07-27,4,0001181431-06-044101,2006-07-25,xslF345X02/rrd125495.xml,CIK0001288776-submissions-002.json
2006-07-27,4,0001181431-06-044100,2006-07-25,xslF345X02/rrd125482.xml,CIK0001288776-submissions-002.json
2006-07-27,4,0001181431-06-044099,2006-07-25,xslF345X02/rrd125456.xml,CIK0001288776-submissions-002.json
2006-07-27,4,0001181431-06-044098,2006-07-25,xslF345X02/rrd125455.xml,CIK0001288776-submissions-002.json
2006-07-27,4,0001181431-06-044097,2006-07-25,xslF345X02/rrd125454.xml,CIK0001288776-submissions-002.json
2006-07-27,4,0001181431-06-044096,2006-07-25,xslF345X02/rrd125453.xml,CIK0001288776-submissions-002.json
2006-07-27,4,0001181431-06-044095,2006-07-25,xslF345X02/rrd125451.xml,CIK0001288776-submissions-002.json
2006-07-27,4,0001181431-06-044094,2006-07-25,xslF345X02/rrd125449.xml,CIK0001288776-submissions-002.json
2006-07-27,4,0001181431-06-044093,2006-07-25,xslF345X02/rrd125448.xml,CIK0001288776-submissions-002.json
2006-07-27,4,0001181431-06-044092,2006-07-25,xslF345X02/rrd125447.xml,CIK0001288776-submissions-002.json
2006-07-27,4,0001181431-06-044091,2006-07-25,xslF345X02/rrd125446.xml,CIK0001288776-submissions-002.json
2006-07-27,4,0001181431-06-044090,2006-07-25,xslF345X02/rrd125445.xml,CIK0001288776-submissions-002.json
2006-07-27,4,0001181431-06-044089,2006-07-25,xslF345X02/rrd125444.xml,CIK0001288776-submissions-002.json
2006-07-27,4,0001181431-06-044088,2006-07-25,xslF345X02/rrd125443.xml,CIK0001288776-submissions-002.json
2006-07-27,4,0001181431-06-044087,2006-07-25,xslF345X02/rrd125442.xml,CIK0001288776-submissions-002.json
2006-07-27,4,0001181431-06-044086,2006-07-25,xslF345X02/rrd125441.xml,CIK0001288776-submissions-002.json
2006-07-27,4,0001181431-06-044085,2006-07-25,xslF345X02/rrd125440.xml,CIK0001288776-submissions-002.json
2006-07-27,4,0001181431-06-044084,2006-07-25,xslF345X02/rrd125439.xml,CIK0001288776-submissions-002.json
2006-07-27,4,0001181431-06-044083,2006-07-25,xslF345X02/rrd125437.xml,CIK0001288776-submissions-002.json
2006-07-27,4,0001181431-06-044082,2006-07-25,xslF345X02/rrd125431.xml,CIK0001288776-submissions-002.json
2006-07-27,4,0001181431-06-044081,2006-07-25,xslF345X02/rrd125412.xml,CIK0001288776-submissions-002.json
2006-07-27,4,0001181431-06-044080,2006-07-25,xslF345X02/rrd125423.xml,CIK0001288776-submissions-002.json
2006-07-27,4,0001181431-06-044079,2006-07-25,xslF345X02/rrd125493.xml,CIK0001288776-submissions-002.json
2006-07-28,4,0001181431-06-044274,2006-07-26,xslF345X02/rrd125580.xml,CIK0001288776-submissions-002.json
2006-08-02,4,0001127602-06-001966,2006-07-31,xslF345X02/form4.xml,CIK0001288776-submissions-002.json
2006-08-02,4,0001127602-06-001965,2006-07-31,xslF345X02/form4.xml,CIK0001288776-submissions-002.json
2006-08-02,4,0001127602-06-001964,2006-07-31,xslF345X02/form4.xml,CIK0001288776-submissions-002.json
2006-08-02,4,0001127602-06-001963,2006-07-31,xslF345X02/form4.xml,CIK0001288776-submissions-002.json
2006-08-02,4,0001127602-06-001962,2006-07-31,xslF345X02/form4.xml,CIK0001288776-submissions-002.json
2006-08-02,4,0001127602-06-001961,2006-07-31,xslF345X02/form4.xml,CIK0001288776-submissions-002.json
2006-08-02,4,0001127602-06-001960,2006-07-31,xslF345X02/form4.xml,CIK0001288776-submissions-002.json
2006-08-02,4,0001127602-06-001959,2006-07-31,xslF345X02/form4.xml,CIK0001288776-submissions-002.json
2006-08-02,4,0001127602-06-001958,2006-07-31,xslF345X02/form4.xml,CIK0001288776-submissions-002.json
2006-08-02,4,0001127602-06-001957,2006-07-31,xslF345X02/form4.xml,CIK0001288776-submissions-002.json
2006-08-02,4,0001127602-06-001956,2006-07-31,xslF345X02/form4.xml,CIK0001288776-submissions-002.json
2006-08-02,4,0001127602-06-001955,2006-07-31,xslF345X02/form4.xml,CIK0001288776-submissions-002.json
2006-08-02,4,0001127602-06-001954,2006-07-31,xslF345X02/form4.xml,CIK0001288776-submissions-002.json
2006-08-02,4,0001127602-06-001953,2006-07-31,xslF345X02/form4.xml,CIK0001288776-submissions-002.json
2006-08-02,4,0001127602-06-001952,2006-07-31,xslF345X02/form4.xml,CIK0001288776-submissions-002.json
2006-08-02,4,0001127602-06-001951,2006-07-31,xslF345X02/form4.xml,CIK0001288776-submissions-002.json
2006-08-02,4,0001127602-06-001950,2006-07-31,xslF345X02/form4.xml,CIK0001288776-submissions-002.json
2006-08-02,4,0001127602-06-001949,2006-07-31,xslF345X02/form4.xml,CIK0001288776-submissions-002.json
2006-08-02,4,0001127602-06-001948,2006-07-31,xslF345X02/form4.xml,CIK0001288776-submissions-002.json
2006-08-02,4,0001127602-06-001947,2006-07-31,xslF345X02/form4.xml,CIK0001288776-submissions-002.json
2006-08-02,4,0001181431-06-045013,2006-07-31,xslF345X02/rrd126066.xml,CIK0001288776-submissions-002.json
2006-08-02,4,0001181431-06-045011,2006-07-31,xslF345X02/rrd126064.xml,CIK0001288776-submissions-002.json
2006-08-02,4,0001181431-06-045010,2006-07-31,xslF345X02/rrd126063.xml,CIK0001288776-submissions-002.json
2006-08-03,4,0001127602-06-001987,2006-08-01,xslF345X02/form4.xml,CIK0001288776-submissions-002.json
2006-08-03,4,0001127602-06-001986,2006-08-01,xslF345X02/form4.xml,CIK0001288776-submissions-002.json
2006-08-03,4,0001127602-06-001985,2006-08-01,xslF345X02/form4.xml,CIK0001288776-submissions-002.json
2006-08-03,4,0001127602-06-001984,2006-08-01,xslF345X02/form4.xml,CIK0001288776-submissions-002.json
2006-08-03,4,0001127602-06-001983,2006-08-01,xslF345X02/form4.xml,CIK0001288776-submissions-002.json
2006-08-03,4,0001127602-06-001982,2006-08-01,xslF345X02/form4.xml,CIK0001288776-submissions-002.json
2006-08-03,4,0001127602-06-001981,2006-08-01,xslF345X02/form4.xml,CIK0001288776-submissions-002.json
2006-08-03,4,0001127602-06-001980,2006-08-01,xslF345X02/form4.xml,CIK0001288776-submissions-002.json
2006-08-03,4,0001127602-06-001979,2006-08-01,xslF345X02/form4.xml,CIK0001288776-submissions-002.json
2006-08-03,4,0001127602-06-001978,2006-08-01,xslF345X02/form4.xml,CIK0001288776-submissions-002.json
2006-08-03,4,0001127602-06-001977,2006-08-01,xslF345X02/form4.xml,CIK0001288776-submissions-002.json
2006-08-03,4,0001181431-06-045716,2006-08-01,xslF345X02/rrd126421.xml,CIK0001288776-submissions-002.json
2006-08-03,4,0001181431-06-045700,2006-08-01,xslF345X02/rrd126415.xml,CIK0001288776-submissions-002.json
2006-08-03,4,0001181431-06-045698,2006-08-01,xslF345X02/rrd126336.xml,CIK0001288776-submissions-002.json
2006-08-03,4,0001181431-06-045697,2006-08-01,xslF345X02/rrd126232.xml,CIK0001288776-submissions-002.json
2006-08-04,4,0001181431-06-045950,2006-08-02,xslF345X02/rrd126475.xml,CIK0001288776-submissions-002.json
2006-08-04,4,0001181431-06-045949,2006-08-02,xslF345X02/rrd126474.xml,CIK0001288776-submissions-002.json
2006-08-04,4,0001181431-06-045948,2006-08-02,xslF345X02/rrd126469.xml,CIK0001288776-submissions-002.json
2006-08-07,4,0001181431-06-046199,2006-08-03,xslF345X02/rrd126645.xml,CIK0001288776-submissions-002.json
2006-08-07,4,0001181431-06-046198,2006-08-03,xslF345X02/rrd126616.xml,CIK0001288776-submissions-002.json
2006-08-07,4,0001181431-06-046197,2006-08-03,xslF345X02/rrd126598.xml,CIK0001288776-submissions-002.json
2006-08-07,4,0001181431-06-046196,2006-08-03,xslF345X02/rrd126596.xml,CIK0001288776-submissions-002.json
2006-08-08,4,0001181431-06-046463,2006-08-04,xslF345X02/rrd126770.xml,CIK0001288776-submissions-002.json
2006-08-08,4,0001181431-06-046462,2006-08-04,xslF345X02/rrd126729.xml,CIK0001288776-submissions-002.json
2006-08-09,10-Q,0001193125-06-167945,2006-06-30,d10q.htm,CIK0001288776-submissions-002.json
2006-08-09,4,0001181431-06-046665,2006-08-07,xslF345X02/rrd126953.xml,CIK0001288776-submissions-002.json
2006-08-09,4,0001181431-06-046664,2006-08-07,xslF345X02/rrd126953.xml,CIK0001288776-submissions-002.json
2006-08-10,4,0001181431-06-046674,2006-08-07,xslF345X02/rrd126952.xml,CIK0001288776-submissions-002.json
2006-08-10,S-8,0001193125-06-168423,,ds8.htm,CIK0001288776-submissions-002.json
2006-08-11,4,0001181431-06-047135,2006-08-09,xslF345X02/rrd127172.xml,CIK0001288776-submissions-002.json
2006-08-11,CORRESP,0001193125-06-170952,,filename1.htm,CIK0001288776-submissions-002.json
2006-08-14,4,0001181431-06-047556,2006-08-10,xslF345X02/rrd127274.xml,CIK0001288776-submissions-002.json
2006-08-14,4,0001181431-06-047546,2006-08-10,xslF345X02/rrd127333.xml,CIK0001288776-submissions-002.json
2006-08-14,4/A,0001181431-06-047554,2006-08-07,xslF345X02/rrd127449.xml,CIK0001288776-submissions-002.json
2006-08-14,4/A,0001181431-06-047552,2006-08-07,xslF345X02/rrd127448.xml,CIK0001288776-submissions-002.json
2006-08-14,4/A,0001181431-06-047551,2006-08-04,xslF345X02/rrd127446.xml,CIK0001288776-submissions-002.json
2006-08-14,4/A,0001181431-06-047550,2006-08-03,xslF345X02/rrd127443.xml,CIK0001288776-submissions-002.json
2006-08-14,4/A,0001181431-06-047549,2006-08-02,xslF345X02/rrd127440.xml,CIK0001288776-submissions-002.json
2006-08-14,4/A,0001181431-06-047548,2006-08-01,xslF345X02/rrd127430.xml,CIK0001288776-submissions-002.json
2006-08-14,4/A,0001181431-06-047545,2006-08-07,xslF345X02/rrd127418.xml,CIK0001288776-submissions-002.json
2006-08-14,4/A,0001181431-06-047544,2006-08-04,xslF345X02/rrd127417.xml,CIK0001288776-submissions-002.json
2006-08-14,4/A,0001181431-06-047543,2006-08-03,xslF345X02/rrd127414.xml,CIK0001288776-submissions-002.json
2006-08-14,4/A,0001181431-06-047542,2006-08-02,xslF345X02/rrd127412.xml,CIK0001288776-submissions-002.json
2006-08-14,4/A,0001181431-06-047541,2006-08-01,xslF345X02/rrd127392.xml,CIK0001288776-submissions-002.json
2006-08-14,4/A,0001181431-06-047534,2006-05-17,xslF345X02/rrd127456.xml,CIK0001288776-submissions-002.json
2006-08-15,4,0001127602-06-002051,2006-08-14,xslF345X02/form4.xml,CIK0001288776-submissions-002.json
2006-08-15,4,0001127602-06-002050,2006-08-14,xslF345X02/form4.xml,CIK0001288776-submissions-002.json
2006-08-15,4,0001127602-06-002049,2006-08-14,xslF345X02/form4.xml,CIK0001288776-submissions-002.json
2006-08-15,4,0001127602-06-002048,2006-08-14,xslF345X02/form4.xml,CIK0001288776-submissions-002.json
2006-08-15,4,0001127602-06-002047,2006-08-14,xslF345X02/form4.xml,CIK0001288776-submissions-002.json
2006-08-15,4,0001127602-06-002046,2006-08-14,xslF345X02/form4.xml,CIK0001288776-submissions-002.json
2006-08-15,4,0001127602-06-002045,2006-08-14,xslF345X02/form4.xml,CIK0001288776-submissions-002.json
2006-08-15,4,0001127602-06-002044,2006-08-14,xslF345X02/form4.xml,CIK0001288776-submissions-002.json
2006-08-15,4,0001127602-06-002043,2006-08-14,xslF345X02/form4.xml,CIK0001288776-submissions-002.json
2006-08-15,4,0001127602-06-002042,2006-08-14,xslF345X02/form4.xml,CIK0001288776-submissions-002.json
2006-08-16,4,0001127602-06-002064,2006-08-14,xslF345X02/form4.xml,CIK0001288776-submissions-002.json
2006-08-16,4,0001127602-06-002063,2006-08-14,xslF345X02/form4.xml,CIK0001288776-submissions-002.json
2006-08-16,4,0001127602-06-002060,2006-08-14,xslF345X02/form4.xml,CIK0001288776-submissions-002.json
2006-08-16,4,0001127602-06-002059,2006-08-14,xslF345X02/form4.xml,CIK0001288776-submissions-002.json
2006-08-16,4,0001127602-06-002058,2006-08-14,xslF345X02/form4.xml,CIK0001288776-submissions-002.json
2006-08-16,4,0001127602-06-002057,2006-08-14,xslF345X02/form4.xml,CIK0001288776-submissions-002.json
2006-08-16,4,0001127602-06-002056,2006-08-14,xslF345X02/form4.xml,CIK0001288776-submissions-002.json
2006-08-16,4,0001127602-06-002055,2006-08-14,xslF345X02/form4.xml,CIK0001288776-submissions-002.json
2006-08-16,4,0001127602-06-002054,2006-08-14,xslF345X02/form4.xml,CIK0001288776-submissions-002.json
2006-08-16,4,0001127602-06-002053,2006-08-14,xslF345X02/form4.xml,CIK0001288776-submissions-002.json
2006-08-16,4,0001181431-06-047918,2006-08-14,xslF345X02/rrd127635.xml,CIK0001288776-submissions-002.json
2006-08-17,4,0001181431-06-048458,2006-08-17,xslF345X02/rrd127870.xml,CIK0001288776-submissions-002.json
2006-08-17,4,0001181431-06-048457,2006-08-16,xslF345X02/rrd127844.xml,CIK0001288776-submissions-002.json
2006-08-17,4,0001181431-06-048455,2006-08-15,xslF345X02/rrd127826.xml,CIK0001288776-submissions-002.json
2006-08-21,4,0001181431-06-048878,2006-08-18,xslF345X02/rrd128030.xml,CIK0001288776-submissions-002.json
2006-08-22,4,0001181431-06-049105,2006-08-22,xslF345X02/rrd128284.xml,CIK0001288776-submissions-002.json
2006-08-22,4,0001181431-06-049096,2006-08-21,xslF345X02/rrd128273.xml,CIK0001288776-submissions-002.json
2006-08-24,4,0001181431-06-049570,2006-08-24,xslF345X02/rrd128503.xml,CIK0001288776-submissions-002.json
2006-08-24,4,0001181431-06-049569,2006-08-23,xslF345X02/rrd128361.xml,CIK0001288776-submissions-002.json
2006-08-25,4,0001181431-06-049731,2006-08-23,xslF345X02/rrd128580.xml,CIK0001288776-submissions-002.json
2006-08-28,4,0001181431-06-049955,2006-08-25,xslF345X02/rrd128751.xml,CIK0001288776-submissions-002.json
2006-08-28,4,0001181431-06-049954,2006-08-25,xslF345X02/rrd128749.xml,CIK0001288776-submissions-002.json
2006-08-28,4,0001181431-06-049953,2006-08-25,xslF345X02/rrd128725.xml,CIK0001288776-submissions-002.json
2006-08-28,4,0001181431-06-049952,2006-08-18,xslF345X02/rrd128710.xml,CIK0001288776-submissions-002.json
2006-08-28,4,0001181431-06-049951,2006-08-25,xslF345X02/rrd128702.xml,CIK0001288776-submissions-002.json
2006-08-28,4,0001181431-06-049950,2006-08-25,xslF345X02/rrd128658.xml,CIK0001288776-submissions-002.json
2006-08-29,4,0001181431-06-050177,2006-08-25,xslF345X02/rrd128856.xml,CIK0001288776-submissions-002.json
2006-08-29,4,0001181431-06-050176,2006-08-25,xslF345X02/rrd128844.xml,CIK0001288776-submissions-002.json
2006-08-29,4,0001181431-06-050175,2006-08-25,xslF345X02/rrd128843.xml,CIK0001288776-submissions-002.json
2006-08-29,4,0001181431-06-050174,2006-08-25,xslF345X02/rrd128841.xml,CIK0001288776-submissions-002.json
2006-08-29,4,0001181431-06-050173,2006-08-25,xslF345X02/rrd128836.xml,CIK0001288776-submissions-002.json
2006-08-29,4,0001181431-06-050165,2006-08-25,xslF345X02/rrd128832.xml,CIK0001288776-submissions-002.json
2006-08-29,4,0001181431-06-050164,2006-08-25,xslF345X02/rrd128824.xml,CIK0001288776-submissions-002.json
2006-08-29,4,0001181431-06-050163,2006-08-25,xslF345X02/rrd128817.xml,CIK0001288776-submissions-002.json
2006-08-29,4,0001181431-06-050162,2006-08-25,xslF345X02/rrd128814.xml,CIK0001288776-submissions-002.json
2006-08-29,4,0001181431-06-050161,2006-08-25,xslF345X02/rrd128804.xml,CIK0001288776-submissions-002.json
2006-08-29,4,0001181431-06-050160,2006-08-25,xslF345X02/rrd128799.xml,CIK0001288776-submissions-002.json
2006-08-29,4,0001181431-06-050159,2006-08-25,xslF345X02/rrd128798.xml,CIK0001288776-submissions-002.json
2006-08-29,4,0001181431-06-050158,2006-08-25,xslF345X02/rrd128793.xml,CIK0001288776-submissions-002.json
2006-08-29,4,0001181431-06-050157,2006-08-25,xslF345X02/rrd128791.xml,CIK0001288776-submissions-002.json
2006-08-29,4,0001181431-06-050156,2006-08-25,xslF345X02/rrd128775.xml,CIK0001288776-submissions-002.json
2006-09-05,4,0001181431-06-051255,2006-08-31,xslF345X02/rrd129473.xml,CIK0001288776-submissions-002.json
2006-09-05,4,0001181431-06-051254,2006-08-31,xslF345X02/rrd129472.xml,CIK0001288776-submissions-002.json
2006-09-05,4,0001181431-06-051253,2006-08-31,xslF345X02/rrd129471.xml,CIK0001288776-submissions-002.json
2006-09-05,4,0001181431-06-051252,2006-08-31,xslF345X02/rrd129470.xml,CIK0001288776-submissions-002.json
2006-09-05,4,0001181431-06-051251,2006-08-31,xslF345X02/rrd129469.xml,CIK0001288776-submissions-002.json
2006-09-05,4,0001181431-06-051250,2006-08-31,xslF345X02/rrd129468.xml,CIK0001288776-submissions-002.json
2006-09-05,4,0001181431-06-051249,2006-08-31,xslF345X02/rrd129612.xml,CIK0001288776-submissions-002.json
2006-09-05,4,0001181431-06-051248,2006-08-31,xslF345X02/rrd129464.xml,CIK0001288776-submissions-002.json
2006-09-05,4,0001181431-06-051247,2006-08-31,xslF345X02/rrd129463.xml,CIK0001288776-submissions-002.json
2006-09-05,4,0001181431-06-051246,2006-08-31,xslF345X02/rrd129462.xml,CIK0001288776-submissions-002.json
2006-09-05,4,0001181431-06-051245,2006-08-31,xslF345X02/rrd129461.xml,CIK0001288776-submissions-002.json
2006-09-05,4,0001181431-06-051244,2006-08-31,xslF345X02/rrd129460.xml,CIK0001288776-submissions-002.json
2006-09-05,4,0001181431-06-051243,2006-08-31,xslF345X02/rrd129459.xml,CIK0001288776-submissions-002.json
2006-09-05,4,0001181431-06-051242,2006-08-31,xslF345X02/rrd129458.xml,CIK0001288776-submissions-002.json
2006-09-05,4,0001181431-06-051241,2006-08-31,xslF345X02/rrd129457.xml,CIK0001288776-submissions-002.json
2006-09-05,4,0001181431-06-051240,2006-08-31,xslF345X02/rrd129456.xml,CIK0001288776-submissions-002.json
2006-09-05,4,0001181431-06-051239,2006-08-31,xslF345X02/rrd129455.xml,CIK0001288776-submissions-002.json
2006-09-05,4,0001181431-06-051238,2006-08-31,xslF345X02/rrd129454.xml,CIK0001288776-submissions-002.json
2006-09-05,4,0001181431-06-051237,2006-08-31,xslF345X02/rrd129453.xml,CIK0001288776-submissions-002.json
2006-09-05,4,0001181431-06-051236,2006-08-31,xslF345X02/rrd129452.xml,CIK0001288776-submissions-002.json
2006-09-05,4,0001181431-06-051235,2006-08-31,xslF345X02/rrd129348.xml,CIK0001288776-submissions-002.json
2006-09-05,4,0001181431-06-051234,2006-08-31,xslF345X02/rrd129539.xml,CIK0001288776-submissions-002.json
2006-09-05,4,0001181431-06-051233,2006-08-25,xslF345X02/rrd129536.xml,CIK0001288776-submissions-002.json
2006-09-06,4,0001181431-06-051543,2006-09-01,xslF345X02/rrd129751.xml,CIK0001288776-submissions-002.json
2006-09-06,4,0001181431-06-051542,2006-09-01,xslF345X02/rrd129652.xml,CIK0001288776-submissions-002.json
2006-09-07,4,0001181431-06-051799,2006-09-05,xslF345X02/rrd129875.xml,CIK0001288776-submissions-002.json
2006-09-07,4,0001181431-06-051798,2006-09-05,xslF345X02/rrd129841.xml,CIK0001288776-submissions-002.json
2006-09-07,4,0001181431-06-051797,2006-09-05,xslF345X02/rrd129755.xml,CIK0001288776-submissions-002.json
2006-09-07,4,0001181431-06-051796,2006-09-05,xslF345X02/rrd129754.xml,CIK0001288776-submissions-002.json
2006-09-08,4,0001181431-06-051931,2006-09-06,xslF345X02/rrd129937.xml,CIK0001288776-submissions-002.json
2006-09-08,4,0001181431-06-051930,2006-09-06,xslF345X02/rrd129932.xml,CIK0001288776-submissions-002.json
2006-09-11,4,0001181431-06-052246,2006-09-07,xslF345X02/rrd129996.xml,CIK0001288776-submissions-002.json
2006-09-11,4,0001181431-06-052245,2006-09-07,xslF345X02/rrd129997.xml,CIK0001288776-submissions-002.json
2006-09-12,4,0001181431-06-052502,2006-09-08,xslF345X02/rrd130199.xml,CIK0001288776-submissions-002.json
2006-09-12,4,0001181431-06-052501,2006-09-08,xslF345X02/rrd130198.xml,CIK0001288776-submissions-002.json
2006-09-18,4,0001181431-06-053576,2006-09-14,xslF345X02/rrd130756.xml,CIK0001288776-submissions-002.json
2006-09-19,4,0001181431-06-053795,2006-09-19,xslF345X02/rrd130871.xml,CIK0001288776-submissions-002.json
2006-09-19,4,0001181431-06-053794,2006-09-18,xslF345X02/rrd130870.xml,CIK0001288776-submissions-002.json
2006-09-19,4,0001181431-06-053793,2006-09-15,xslF345X02/rrd130773.xml,CIK0001288776-submissions-002.json
2006-09-20,4,0001181431-06-053919,2006-09-15,xslF345X02/rrd130904.xml,CIK0001288776-submissions-002.json
2006-09-22,4,0001181431-06-054181,2006-09-20,xslF345X02/rrd130977.xml,CIK0001288776-submissions-002.json
2006-09-22,4,0001181431-06-054180,2006-09-20,xslF345X02/rrd130872.xml,CIK0001288776-submissions-002.json
2006-09-25,4,0001181431-06-054563,2006-09-22,xslF345X02/rrd131288.xml,CIK0001288776-submissions-002.json
2006-09-25,4,0001181431-06-054562,2006-09-21,xslF345X02/rrd131275.xml,CIK0001288776-submissions-002.json
2006-09-26,4,0001181431-06-054795,2006-09-26,xslF345X02/rrd131359.xml,CIK0001288776-submissions-002.json
2006-09-26,4,0001181431-06-054794,2006-09-25,xslF345X02/rrd131351.xml,CIK0001288776-submissions-002.json
2006-09-29,4,0001181431-06-055520,2006-09-27,xslF345X02/rrd131789.xml,CIK0001288776-submissions-002.json
2006-09-29,4,0001181431-06-055511,2006-09-27,xslF345X02/rrd131899.xml,CIK0001288776-submissions-002.json
2006-09-29,4,0001181431-06-055505,2006-09-27,xslF345X02/rrd131827.xml,CIK0001288776-submissions-002.json
2006-09-29,4,0001181431-06-055502,2006-09-27,xslF345X02/rrd131818.xml,CIK0001288776-submissions-002.json
2006-09-29,4,0001181431-06-055501,2006-09-27,xslF345X02/rrd131813.xml,CIK0001288776-submissions-002.json
2006-09-29,4,0001181431-06-055497,2006-09-27,xslF345X02/rrd131803.xml,CIK0001288776-submissions-002.json
2006-09-29,4,0001181431-06-055496,2006-09-27,xslF345X02/rrd131800.xml,CIK0001288776-submissions-002.json
2006-09-29,4,0001181431-06-055495,2006-09-27,xslF345X02/rrd131793.xml,CIK0001288776-submissions-002.json
2006-09-29,4,0001181431-06-055494,2006-09-27,xslF345X02/rrd131791.xml,CIK0001288776-submissions-002.json
2006-09-29,4,0001181431-06-055493,2006-09-27,xslF345X02/rrd131741.xml,CIK0001288776-submissions-002.json
2006-09-29,4,0001181431-06-055491,2006-09-27,xslF345X02/rrd131740.xml,CIK0001288776-submissions-002.json
2006-09-29,4,0001181431-06-055490,2006-09-27,xslF345X02/rrd131739.xml,CIK0001288776-submissions-002.json
2006-09-29,4,0001181431-06-055487,2006-09-27,xslF345X02/rrd131738.xml,CIK0001288776-submissions-002.json
2006-09-29,4,0001181431-06-055486,2006-09-27,xslF345X02/rrd131737.xml,CIK0001288776-submissions-002.json
2006-09-29,4,0001181431-06-055485,2006-09-27,xslF345X02/rrd131736.xml,CIK0001288776-submissions-002.json
2006-09-29,4,0001181431-06-055483,2006-09-27,xslF345X02/rrd131735.xml,CIK0001288776-submissions-002.json
2006-09-29,4,0001181431-06-055480,2006-09-27,xslF345X02/rrd131734.xml,CIK0001288776-submissions-002.json
2006-09-29,4,0001181431-06-055479,2006-09-27,xslF345X02/rrd131733.xml,CIK0001288776-submissions-002.json
2006-09-29,4,0001181431-06-055478,2006-09-27,xslF345X02/rrd131732.xml,CIK0001288776-submissions-002.json
2006-09-29,4,0001181431-06-055477,2006-09-27,xslF345X02/rrd131726.xml,CIK0001288776-submissions-002.json
2006-09-29,4,0001181431-06-055465,2006-09-27,xslF345X02/rrd131724.xml,CIK0001288776-submissions-002.json
2006-09-29,4,0001181431-06-055461,2006-09-27,xslF345X02/rrd131722.xml,CIK0001288776-submissions-002.json
2006-09-29,4,0001181431-06-055459,2006-09-27,xslF345X02/rrd131719.xml,CIK0001288776-submissions-002.json
2006-09-29,4,0001181431-06-055451,2006-09-27,xslF345X02/rrd131716.xml,CIK0001288776-submissions-002.json
2006-09-29,4,0001181431-06-055449,2006-09-27,xslF345X02/rrd131714.xml,CIK0001288776-submissions-002.json
2006-09-29,4,0001181431-06-055434,2006-09-27,xslF345X02/rrd131711.xml,CIK0001288776-submissions-002.json
2006-09-29,4,0001181431-06-055429,2006-09-27,xslF345X02/rrd131703.xml,CIK0001288776-submissions-002.json
2006-09-29,4,0001181431-06-055428,2006-09-27,xslF345X02/rrd131695.xml,CIK0001288776-submissions-002.json
2006-09-29,4,0001181431-06-055427,2006-09-27,xslF345X02/rrd131686.xml,CIK0001288776-submissions-002.json
2006-09-29,4,0001181431-06-055426,2006-09-27,xslF345X02/rrd131676.xml,CIK0001288776-submissions-002.json
2006-10-02,4,0001181431-06-055913,2006-09-28,xslF345X02/rrd132039.xml,CIK0001288776-submissions-002.json
2006-10-03,4,0001181431-06-056625,2006-09-29,xslF345X02/rrd132479.xml,CIK0001288776-submissions-002.json
2006-10-03,4,0001181431-06-056623,2006-09-29,xslF345X02/rrd132441.xml,CIK0001288776-submissions-002.json
2006-10-03,4,0001181431-06-056622,2006-09-29,xslF345X02/rrd132439.xml,CIK0001288776-submissions-002.json
2006-10-03,4,0001181431-06-056621,2006-09-29,xslF345X02/rrd132373.xml,CIK0001288776-submissions-002.json
2006-10-03,4,0001181431-06-056620,2006-09-29,xslF345X02/rrd132369.xml,CIK0001288776-submissions-002.json
2006-10-03,4,0001181431-06-056616,2006-09-29,xslF345X02/rrd132364.xml,CIK0001288776-submissions-002.json
2006-10-03,4,0001181431-06-056609,2006-09-29,xslF345X02/rrd132355.xml,CIK0001288776-submissions-002.json
2006-10-03,4,0001181431-06-056607,2006-09-29,xslF345X02/rrd132343.xml,CIK0001288776-submissions-002.json
2006-10-03,4,0001181431-06-056546,2006-09-29,xslF345X02/rrd132336.xml,CIK0001288776-submissions-002.json
2006-10-03,4,0001181431-06-056545,2006-09-29,xslF345X02/rrd132289.xml,CIK0001288776-submissions-002.json
2006-10-03,4,0001181431-06-056544,2006-09-29,xslF345X02/rrd132288.xml,CIK0001288776-submissions-002.json
2006-10-03,4,0001181431-06-056543,2006-09-29,xslF345X02/rrd132229.xml,CIK0001288776-submissions-002.json
2006-10-03,4,0001181431-06-056513,2006-09-29,xslF345X02/rrd132219.xml,CIK0001288776-submissions-002.json
2006-10-03,4,0001181431-06-056512,2006-09-29,xslF345X02/rrd132190.xml,CIK0001288776-submissions-002.json
2006-10-03,4,0001181431-06-056509,2006-09-29,xslF345X02/rrd132181.xml,CIK0001288776-submissions-002.json
2006-10-03,4,0001181431-06-056507,2006-09-29,xslF345X02/rrd132159.xml,CIK0001288776-submissions-002.json
2006-10-03,4,0001181431-06-056487,2006-09-29,xslF345X02/rrd132158.xml,CIK0001288776-submissions-002.json
2006-10-03,4,0001181431-06-056485,2006-09-29,xslF345X02/rrd132147.xml,CIK0001288776-submissions-002.json
2006-10-03,4,0001181431-06-056484,2006-09-29,xslF345X02/rrd132142.xml,CIK0001288776-submissions-002.json
2006-10-03,4,0001181431-06-056483,2006-09-29,xslF345X02/rrd132097.xml,CIK0001288776-submissions-002.json
2006-10-03,4,0001181431-06-056481,2006-09-29,xslF345X02/rrd132090.xml,CIK0001288776-submissions-002.json
2006-10-03,4,0001181431-06-056479,2006-09-29,xslF345X02/rrd132074.xml,CIK0001288776-submissions-002.json
2006-10-03,4,0001181431-06-056478,2006-09-29,xslF345X02/rrd132068.xml,CIK0001288776-submissions-002.json
2006-10-03,4,0001181431-06-056475,2006-09-29,xslF345X02/rrd132010.xml,CIK0001288776-submissions-002.json
2006-10-03,4,0001181431-06-056377,2006-09-29,xslF345X02/rrd132043.xml,CIK0001288776-submissions-002.json
2006-10-04,4,0001181431-06-056977,2006-10-02,xslF345X02/rrd132513.xml,CIK0001288776-submissions-002.json
2006-10-04,4,0001181431-06-056976,2006-10-02,xslF345X02/rrd132512.xml,CIK0001288776-submissions-002.json
2006-10-05,4,0001181431-06-057154,2006-10-03,xslF345X02/rrd132653.xml,CIK0001288776-submissions-002.json
2006-10-05,4,0001181431-06-057153,2006-10-03,xslF345X02/rrd132652.xml,CIK0001288776-submissions-002.json
2006-10-05,4,0001181431-06-057152,2006-10-03,xslF345X02/rrd132629.xml,CIK0001288776-submissions-002.json
2006-10-05,4,0001181431-06-057151,2006-10-03,xslF345X02/rrd132626.xml,CIK0001288776-submissions-002.json
2006-10-05,8-K,0001193125-06-203407,2006-10-04,d8k.htm,CIK0001288776-submissions-002.json
2006-10-06,4,0001181431-06-057340,2006-10-04,xslF345X02/rrd132759.xml,CIK0001288776-submissions-002.json
2006-10-06,4,0001181431-06-057339,2006-10-04,xslF345X02/rrd132760.xml,CIK0001288776-submissions-002.json
2006-10-10,4,0001181431-06-057687,2006-10-05,xslF345X02/rrd132800.xml,CIK0001288776-submissions-002.json
2006-10-10,4,0001181431-06-057686,2006-10-05,xslF345X02/rrd132799.xml,CIK0001288776-submissions-002.json
2006-10-12,4,0001181431-06-057882,2006-10-06,xslF345X02/rrd133082.xml,CIK0001288776-submissions-002.json
2006-10-12,4,0001181431-06-057881,2006-10-06,xslF345X02/rrd133080.xml,CIK0001288776-submissions-002.json
2006-10-12,4,0001181431-06-057880,2006-10-09,xslF345X02/rrd133054.xml,CIK0001288776-submissions-002.json
2006-10-12,8-K,0001193125-06-206884,2006-10-09,d8k.htm,CIK0001288776-submissions-002.json
2006-10-16,4,0001181431-06-058285,2006-10-14,xslF345X02/rrd133341.xml,CIK0001288776-submissions-002.json
2006-10-16,4,0001181431-06-058281,2006-10-14,xslF345X02/rrd133338.xml,CIK0001288776-submissions-002.json
2006-10-16,4,0001181431-06-058277,2006-10-14,xslF345X02/rrd133333.xml,CIK0001288776-submissions-002.json
2006-10-16,4,0001181431-06-058272,2006-10-14,xslF345X02/rrd133333.xml,CIK0001288776-submissions-002.json
2006-10-18,4,0001181431-06-058756,2006-10-16,xslF345X02/rrd133452.xml,CIK0001288776-submissions-002.json
2006-10-19,4,0001181431-06-058945,2006-10-17,xslF345X02/rrd133453.xml,CIK0001288776-submissions-002.json
2006-10-19,8-K,0001193125-06-211121,2006-10-19,d8k.htm,CIK0001288776-submissions-002.json
2006-10-20,4,0001181431-06-059147,2006-10-19,xslF345X02/rrd133660.xml,CIK0001288776-submissions-002.json
2006-10-20,UPLOAD,0000000000-06-050993,,googltr1.pdf,CIK0001288776-submissions-002.json
2006-10-23,4,0001181431-06-059277,2006-10-20,xslF345X02/rrd133773.xml,CIK0001288776-submissions-002.json
2006-10-23,4,0001181431-06-059276,2006-10-20,xslF345X02/rrd133764.xml,CIK0001288776-submissions-002.json
2006-10-24,4,0001181431-06-059511,2006-10-24,xslF345X02/rrd134002.xml,CIK0001288776-submissions-002.json
2006-10-24,4,0001181431-06-059509,2006-10-23,xslF345X02/rrd133833.xml,CIK0001288776-submissions-002.json
2006-10-25,4,0001181431-06-059660,2006-10-25,xslF345X02/rrd134011.xml,CIK0001288776-submissions-002.json
2006-10-26,4,0001181431-06-059869,2006-10-24,xslF345X02/rrd134135.xml,CIK0001288776-submissions-002.json
2006-10-26,4,0001181431-06-059868,2006-10-24,xslF345X02/rrd134122.xml,CIK0001288776-submissions-002.json
2006-10-26,4,0001181431-06-059866,2006-10-24,xslF345X02/rrd134153.xml,CIK0001288776-submissions-002.json
2006-10-26,4,0001181431-06-059865,2006-10-25,xslF345X02/rrd134146.xml,CIK0001288776-submissions-002.json
2006-10-27,4,0001181431-06-059919,2006-10-26,xslF345X02/rrd134200.xml,CIK0001288776-submissions-002.json
2006-10-30,4,0001181431-06-060335,2006-10-26,xslF345X02/rrd134424.xml,CIK0001288776-submissions-002.json
2006-10-30,4,0001181431-06-060334,2006-10-26,xslF345X02/rrd134423.xml,CIK0001288776-submissions-002.json
2006-10-30,4,0001181431-06-060333,2006-10-26,xslF345X02/rrd134420.xml,CIK0001288776-submissions-002.json
2006-10-30,4,0001181431-06-060332,2006-10-26,xslF345X02/rrd134419.xml,CIK0001288776-submissions-002.json
2006-10-30,4,0001181431-06-060331,2006-10-26,xslF345X02/rrd134418.xml,CIK0001288776-submissions-002.json
2006-10-30,4,0001181431-06-060330,2006-10-26,xslF345X02/rrd134416.xml,CIK0001288776-submissions-002.json
2006-10-30,4,0001181431-06-060329,2006-10-26,xslF345X02/rrd134352.xml,CIK0001288776-submissions-002.json
2006-10-30,4,0001181431-06-060328,2006-10-26,xslF345X02/rrd134369.xml,CIK0001288776-submissions-002.json
2006-10-30,4,0001181431-06-060327,2006-10-26,xslF345X02/rrd134349.xml,CIK0001288776-submissions-002.json
2006-10-30,4,0001181431-06-060326,2006-10-26,xslF345X02/rrd134348.xml,CIK0001288776-submissions-002.json
2006-10-30,4,0001181431-06-060325,2006-10-26,xslF345X02/rrd134347.xml,CIK0001288776-submissions-002.json
2006-10-30,4,0001181431-06-060324,2006-10-26,xslF345X02/rrd134346.xml,CIK0001288776-submissions-002.json
2006-10-30,4,0001181431-06-060323,2006-10-26,xslF345X02/rrd134345.xml,CIK0001288776-submissions-002.json
2006-10-30,4,0001181431-06-060322,2006-10-26,xslF345X02/rrd134344.xml,CIK0001288776-submissions-002.json
2006-10-30,4,0001181431-06-060321,2006-10-26,xslF345X02/rrd134343.xml,CIK0001288776-submissions-002.json
2006-10-30,4,0001181431-06-060320,2006-10-26,xslF345X02/rrd134342.xml,CIK0001288776-submissions-002.json
2006-10-30,4,0001181431-06-060319,2006-10-26,xslF345X02/rrd134476.xml,CIK0001288776-submissions-002.json
2006-10-30,4,0001181431-06-060318,2006-10-26,xslF345X02/rrd134337.xml,CIK0001288776-submissions-002.json
2006-10-30,4,0001181431-06-060317,2006-10-26,xslF345X02/rrd134336.xml,CIK0001288776-submissions-002.json
2006-10-30,4,0001181431-06-060316,2006-10-26,xslF345X02/rrd134335.xml,CIK0001288776-submissions-002.json
2006-10-30,4,0001181431-06-060315,2006-10-26,xslF345X02/rrd134334.xml,CIK0001288776-submissions-002.json
2006-10-30,4,0001181431-06-060314,2006-10-26,xslF345X02/rrd134333.xml,CIK0001288776-submissions-002.json
2006-10-30,4,0001181431-06-060313,2006-10-26,xslF345X02/rrd134332.xml,CIK0001288776-submissions-002.json
2006-10-30,4,0001181431-06-060312,2006-10-26,xslF345X02/rrd134331.xml,CIK0001288776-submissions-002.json
2006-10-30,4,0001181431-06-060311,2006-10-26,xslF345X02/rrd134330.xml,CIK0001288776-submissions-002.json
2006-10-30,REGDEX,9999999997-06-045417,,9999999997-06-045417.paper,CIK0001288776-submissions-002.json
2006-10-31,4,0001181431-06-060604,2006-10-27,xslF345X02/rrd134684.xml,CIK0001288776-submissions-002.json
2006-10-31,4,0001181431-06-060578,2006-10-27,xslF345X02/rrd134487.xml,CIK0001288776-submissions-002.json
2006-10-31,4,0001181431-06-060575,2006-10-27,xslF345X02/rrd134513.xml,CIK0001288776-submissions-002.json
2006-10-31,4,0001127602-06-002594,2006-10-27,xslF345X02/form4.xml,CIK0001288776-submissions-002.json
2006-10-31,4,0001127602-06-002593,2006-10-27,xslF345X02/form4.xml,CIK0001288776-submissions-002.json
2006-10-31,4,0001127602-06-002592,2006-10-27,xslF345X02/form4.xml,CIK0001288776-submissions-002.json
2006-10-31,4,0001127602-06-002591,2006-10-27,xslF345X02/form4.xml,CIK0001288776-submissions-002.json
2006-10-31,4,0001127602-06-002590,2006-10-27,xslF345X02/form4.xml,CIK0001288776-submissions-002.json
2006-10-31,4,0001127602-06-002589,2006-10-27,xslF345X02/form4.xml,CIK0001288776-submissions-002.json
2006-10-31,4,0001127602-06-002588,2006-10-27,xslF345X02/form4.xml,CIK0001288776-submissions-002.json
2006-10-31,4,0001127602-06-002587,2006-10-27,xslF345X02/form4.xml,CIK0001288776-submissions-002.json
2006-10-31,4,0001127602-06-002586,2006-10-27,xslF345X02/form4.xml,CIK0001288776-submissions-002.json
2006-10-31,4,0001127602-06-002585,2006-10-27,xslF345X02/form4.xml,CIK0001288776-submissions-002.json
2006-10-31,4,0001127602-06-002584,2006-10-27,xslF345X02/form4.xml,CIK0001288776-submissions-002.json
2006-10-31,4,0001127602-06-002583,2006-10-27,xslF345X02/form4.xml,CIK0001288776-submissions-002.json
2006-10-31,4,0001127602-06-002582,2006-10-27,xslF345X02/form4.xml,CIK0001288776-submissions-002.json
2006-10-31,4,0001127602-06-002581,2006-10-27,xslF345X02/form4.xml,CIK0001288776-submissions-002.json
2006-10-31,4,0001127602-06-002580,2006-10-27,xslF345X02/form4.xml,CIK0001288776-submissions-002.json
2006-10-31,4,0001127602-06-002579,2006-10-27,xslF345X02/form4.xml,CIK0001288776-submissions-002.json
2006-10-31,4,0001127602-06-002578,2006-10-27,xslF345X02/form4.xml,CIK0001288776-submissions-002.json
2006-10-31,4,0001127602-06-002577,2006-10-27,xslF345X02/form4.xml,CIK0001288776-submissions-002.json
2006-10-31,4,0001127602-06-002576,2006-10-27,xslF345X02/form4.xml,CIK0001288776-submissions-002.json
2006-10-31,4,0001127602-06-002575,2006-10-27,xslF345X02/form4.xml,CIK0001288776-submissions-002.json
2006-10-31,4,0001127602-06-002574,2006-10-27,xslF345X02/form4.xml,CIK0001288776-submissions-002.json
2006-10-31,4,0001127602-06-002573,2006-10-27,xslF345X02/form4.xml,CIK0001288776-submissions-002.json
2006-10-31,4,0001127602-06-002572,2006-10-27,xslF345X02/form4.xml,CIK0001288776-submissions-002.json
2006-10-31,4,0001127602-06-002571,2006-10-27,xslF345X02/form4.xml,CIK0001288776-submissions-002.json
2006-10-31,4,0001127602-06-002570,2006-10-27,xslF345X02/form4.xml,CIK0001288776-submissions-002.json
2006-10-31,4,0001127602-06-002569,2006-10-27,xslF345X02/form4.xml,CIK0001288776-submissions-002.json
2006-10-31,4,0001127602-06-002568,2006-10-27,xslF345X02/form4.xml,CIK0001288776-submissions-002.json
2006-10-31,4,0001127602-06-002567,2006-10-27,xslF345X02/form4.xml,CIK0001288776-submissions-002.json
2006-10-31,4,0001127602-06-002566,2006-10-27,xslF345X02/form4.xml,CIK0001288776-submissions-002.json
2006-10-31,4,0001127602-06-002565,2006-10-27,xslF345X02/form4.xml,CIK0001288776-submissions-002.json
2006-10-31,4,0001127602-06-002564,2006-10-27,xslF345X02/form4.xml,CIK0001288776-submissions-002.json
2006-11-01,4,0001181431-06-061077,2006-10-30,xslF345X02/rrd134941.xml,CIK0001288776-submissions-002.json
2006-11-01,4,0001181431-06-061076,2006-10-30,xslF345X02/rrd134937.xml,CIK0001288776-submissions-002.json
2006-11-01,4,0001181431-06-061075,2006-10-30,xslF345X02/rrd134936.xml,CIK0001288776-submissions-002.json
2006-11-01,4,0001181431-06-061074,2006-10-30,xslF345X02/rrd134923.xml,CIK0001288776-submissions-002.json
2006-11-01,4,0001181431-06-061073,2006-10-30,xslF345X02/rrd134762.xml,CIK0001288776-submissions-002.json
2006-11-03,4,0001181431-06-061802,2006-11-01,xslF345X02/rrd135116.xml,CIK0001288776-submissions-002.json
2006-11-03,4,0001181431-06-061801,2006-11-01,xslF345X02/rrd135057.xml,CIK0001288776-submissions-002.json
2006-11-03,4,0001181431-06-061800,2006-11-01,xslF345X02/rrd135007.xml,CIK0001288776-submissions-002.json
2006-11-03,4,0001181431-06-061799,2006-11-01,xslF345X02/rrd134964.xml,CIK0001288776-submissions-002.json
2006-11-06,4,0001181431-06-062044,2006-11-02,xslF345X02/rrd135307.xml,CIK0001288776-submissions-002.json
2006-11-06,4,0001181431-06-062024,2006-11-02,xslF345X02/rrd135300.xml,CIK0001288776-submissions-002.json
2006-11-07,4,0001181431-06-062271,2006-11-03,xslF345X02/rrd135471.xml,CIK0001288776-submissions-002.json
2006-11-07,4,0001181431-06-062270,2006-11-03,xslF345X02/rrd135589.xml,CIK0001288776-submissions-002.json
2006-11-08,10-Q,0001193125-06-228163,2006-09-30,d10q.htm,CIK0001288776-submissions-002.json
2006-11-08,4,0001181431-06-062568,2006-11-07,xslF345X02/rrd135778.xml,CIK0001288776-submissions-002.json
2006-11-08,4,0001181431-06-062567,2006-11-07,xslF345X02/rrd135777.xml,CIK0001288776-submissions-002.json
2006-11-08,4,0001181431-06-062518,2006-11-06,xslF345X02/rrd135620.xml,CIK0001288776-submissions-002.json
2006-11-08,4,0001181431-06-062516,2006-11-06,xslF345X02/rrd135619.xml,CIK0001288776-submissions-002.json
2006-11-14,4,0001181431-06-063801,2006-10-01,xslF345X02/rrd135343.xml,CIK0001288776-submissions-002.json
2006-11-14,4,0001181431-06-063800,2006-10-01,xslF345X02/rrd135339.xml,CIK0001288776-submissions-002.json
2006-11-14,4,0001181431-06-063799,2006-11-13,xslF345X02/rrd136353.xml,CIK0001288776-submissions-002.json
2006-11-14,4,0001181431-06-063797,2006-11-13,xslF345X02/rrd136272.xml,CIK0001288776-submissions-002.json
2006-11-14,4,0001181431-06-063795,2006-11-09,xslF345X02/rrd136213.xml,CIK0001288776-submissions-002.json
2006-11-14,CORRESP,0001193125-06-235101,,filename1.htm,CIK0001288776-submissions-002.json
2006-11-16,4,0001181431-06-064504,2006-11-15,xslF345X02/rrd136455.xml,CIK0001288776-submissions-002.json
2006-11-16,4,0001181431-06-064503,2006-11-14,xslF345X02/rrd136720.xml,CIK0001288776-submissions-002.json
2006-11-17,4,0001181431-06-064910,2006-11-16,xslF345X02/rrd136833.xml,CIK0001288776-submissions-002.json
2006-11-17,4,0001181431-06-064906,2006-11-15,xslF345X02/rrd136796.xml,CIK0001288776-submissions-002.json
2006-11-17,8-K,0001193125-06-238320,2006-11-13,d8k.htm,CIK0001288776-submissions-002.json
2006-11-20,S-8,0001193125-06-239337,,ds8.htm,CIK0001288776-submissions-002.json
2006-11-21,4,0001181431-06-065414,2006-11-20,xslF345X02/rrd137171.xml,CIK0001288776-submissions-002.json
2006-11-21,4,0001181431-06-065413,2006-11-17,xslF345X02/rrd136931.xml,CIK0001288776-submissions-002.json
2006-11-22,4,0001181431-06-065706,2006-11-21,xslF345X02/rrd137310.xml,CIK0001288776-submissions-002.json
2006-11-22,4,0001181431-06-065704,2006-11-20,xslF345X02/rrd137194.xml,CIK0001288776-submissions-002.json
2006-11-27,4,0001181431-06-066057,2006-11-27,xslF345X02/rrd137473.xml,CIK0001288776-submissions-002.json
2006-11-27,4,0001181431-06-066056,2006-11-24,xslF345X02/rrd137388.xml,CIK0001288776-submissions-002.json
2006-11-27,4,0001181431-06-065820,2006-11-22,xslF345X02/rrd137323.xml,CIK0001288776-submissions-002.json
2006-11-29,4,0001127602-06-002763,2006-11-27,xslF345X02/form4.xml,CIK0001288776-submissions-002.json
2006-11-29,4,0001127602-06-002762,2006-11-27,xslF345X02/form4.xml,CIK0001288776-submissions-002.json
2006-11-29,4,0001127602-06-002761,2006-11-27,xslF345X02/form4.xml,CIK0001288776-submissions-002.json
2006-11-29,4,0001127602-06-002760,2006-11-27,xslF345X02/form4.xml,CIK0001288776-submissions-002.json
2006-11-29,4,0001127602-06-002759,2006-11-27,xslF345X02/form4.xml,CIK0001288776-submissions-002.json
2006-11-29,4,0001127602-06-002758,2006-11-27,xslF345X02/form4.xml,CIK0001288776-submissions-002.json
2006-11-29,4,0001127602-06-002757,2006-11-27,xslF345X02/form4.xml,CIK0001288776-submissions-002.json
2006-11-29,4,0001127602-06-002756,2006-11-27,xslF345X02/form4.xml,CIK0001288776-submissions-002.json
2006-11-29,4,0001127602-06-002755,2006-11-27,xslF345X02/form4.xml,CIK0001288776-submissions-002.json
2006-11-29,4,0001127602-06-002754,2006-11-27,xslF345X02/form4.xml,CIK0001288776-submissions-002.json
2006-11-29,4,0001127602-06-002753,2006-11-27,xslF345X02/form4.xml,CIK0001288776-submissions-002.json
2006-11-29,4,0001127602-06-002752,2006-11-27,xslF345X02/form4.xml,CIK0001288776-submissions-002.json
2006-11-29,4,0001127602-06-002751,2006-11-27,xslF345X02/form4.xml,CIK0001288776-submissions-002.json
2006-11-29,4,0001127602-06-002750,2006-11-27,xslF345X02/form4.xml,CIK0001288776-submissions-002.json
2006-11-29,4,0001127602-06-002749,2006-11-27,xslF345X02/form4.xml,CIK0001288776-submissions-002.json
2006-11-29,4,0001127602-06-002748,2006-11-27,xslF345X02/form4.xml,CIK0001288776-submissions-002.json
2006-11-29,4,0001127602-06-002747,2006-11-27,xslF345X02/form4.xml,CIK0001288776-submissions-002.json
2006-11-29,4,0001127602-06-002746,2006-11-27,xslF345X02/form4.xml,CIK0001288776-submissions-002.json
2006-11-29,4,0001127602-06-002745,2006-11-27,xslF345X02/form4.xml,CIK0001288776-submissions-002.json
2006-11-29,4,0001127602-06-002744,2006-11-27,xslF345X02/form4.xml,CIK0001288776-submissions-002.json
2006-11-29,4,0001127602-06-002743,2006-11-27,xslF345X02/form4.xml,CIK0001288776-submissions-002.json
2006-11-29,4,0001127602-06-002742,2006-11-27,xslF345X02/form4.xml,CIK0001288776-submissions-002.json
2006-11-29,4,0001127602-06-002741,2006-11-27,xslF345X02/form4.xml,CIK0001288776-submissions-002.json
2006-11-29,4,0001127602-06-002740,2006-11-27,xslF345X02/form4.xml,CIK0001288776-submissions-002.json
2006-11-29,4,0001127602-06-002739,2006-11-27,xslF345X02/form4.xml,CIK0001288776-submissions-002.json
2006-11-29,4,0001127602-06-002738,2006-11-27,xslF345X02/form4.xml,CIK0001288776-submissions-002.json
2006-11-29,4,0001127602-06-002737,2006-11-27,xslF345X02/form4.xml,CIK0001288776-submissions-002.json
2006-11-29,4,0001127602-06-002736,2006-11-27,xslF345X02/form4.xml,CIK0001288776-submissions-002.json
2006-11-29,4,0001127602-06-002735,2006-11-27,xslF345X02/form4.xml,CIK0001288776-submissions-002.json
2006-11-29,4,0001127602-06-002734,2006-11-27,xslF345X02/form4.xml,CIK0001288776-submissions-002.json
2006-11-29,4,0001181431-06-066469,2006-11-27,xslF345X02/rrd137644.xml,CIK0001288776-submissions-002.json
2006-11-29,4,0001181431-06-066468,2006-11-27,xslF345X02/rrd137579.xml,CIK0001288776-submissions-002.json
2006-11-30,4,0001181431-06-066764,2006-11-22,xslF345X02/rrd137917.xml,CIK0001288776-submissions-002.json
2006-11-30,4,0001181431-06-066763,2006-11-28,xslF345X02/rrd137915.xml,CIK0001288776-submissions-002.json
2006-12-01,4,0001181431-06-067036,2006-11-27,xslF345X02/rrd137998.xml,CIK0001288776-submissions-002.json
2006-12-01,4/A,0001181431-06-067037,2006-05-11,xslF345X02/rrd138090.xml,CIK0001288776-submissions-002.json
2006-12-04,4,0001181431-06-067406,2006-11-30,xslF345X02/rrd138209.xml,CIK0001288776-submissions-002.json
2006-12-04,4,0001181431-06-067405,2006-11-30,xslF345X02/rrd138158.xml,CIK0001288776-submissions-002.json
2006-12-04,4,0001181431-06-067404,2006-11-30,xslF345X02/rrd138150.xml,CIK0001288776-submissions-002.json
2006-12-04,4,0001127602-06-002855,2006-11-30,xslF345X02/form4.xml,CIK0001288776-submissions-002.json
2006-12-04,4,0001127602-06-002854,2006-11-30,xslF345X02/form4.xml,CIK0001288776-submissions-002.json
2006-12-04,4,0001127602-06-002853,2006-11-30,xslF345X02/form4.xml,CIK0001288776-submissions-002.json
2006-12-04,4,0001127602-06-002852,2006-11-30,xslF345X02/form4.xml,CIK0001288776-submissions-002.json
2006-12-04,4,0001127602-06-002851,2006-11-30,xslF345X02/form4.xml,CIK0001288776-submissions-002.json
2006-12-04,4,0001127602-06-002850,2006-11-30,xslF345X02/form4.xml,CIK0001288776-submissions-002.json
2006-12-04,4,0001127602-06-002849,2006-11-30,xslF345X02/form4.xml,CIK0001288776-submissions-002.json
2006-12-04,4,0001127602-06-002848,2006-11-30,xslF345X02/form4.xml,CIK0001288776-submissions-002.json
2006-12-04,4,0001127602-06-002847,2006-11-30,xslF345X02/form4.xml,CIK0001288776-submissions-002.json
2006-12-04,4,0001127602-06-002846,2006-11-30,xslF345X02/form4.xml,CIK0001288776-submissions-002.json
2006-12-04,4,0001127602-06-002845,2006-11-30,xslF345X02/form4.xml,CIK0001288776-submissions-002.json
2006-12-04,4,0001127602-06-002844,2006-11-30,xslF345X02/form4.xml,CIK0001288776-submissions-002.json
2006-12-04,4,0001127602-06-002843,2006-11-30,xslF345X02/form4.xml,CIK0001288776-submissions-002.json
2006-12-04,4,0001127602-06-002842,2006-11-30,xslF345X02/form4.xml,CIK0001288776-submissions-002.json
2006-12-04,4,0001127602-06-002841,2006-11-30,xslF345X02/form4.xml,CIK0001288776-submissions-002.json
2006-12-04,4,0001127602-06-002840,2006-11-30,xslF345X02/form4.xml,CIK0001288776-submissions-002.json
2006-12-04,4,0001127602-06-002839,2006-11-30,xslF345X02/form4.xml,CIK0001288776-submissions-002.json
2006-12-04,4,0001127602-06-002838,2006-11-30,xslF345X02/form4.xml,CIK0001288776-submissions-002.json
2006-12-04,4,0001127602-06-002837,2006-11-30,xslF345X02/form4.xml,CIK0001288776-submissions-002.json
2006-12-04,4,0001127602-06-002836,2006-11-30,xslF345X02/form4.xml,CIK0001288776-submissions-002.json
2006-12-04,4,0001127602-06-002835,2006-11-30,xslF345X02/form4.xml,CIK0001288776-submissions-002.json
2006-12-04,4,0001127602-06-002834,2006-11-30,xslF345X02/form4.xml,CIK0001288776-submissions-002.json
2006-12-04,4,0001127602-06-002833,2006-11-30,xslF345X02/form4.xml,CIK0001288776-submissions-002.json
2006-12-04,4,0001127602-06-002832,2006-11-30,xslF345X02/form4.xml,CIK0001288776-submissions-002.json
2006-12-04,4,0001127602-06-002831,2006-11-30,xslF345X02/form4.xml,CIK0001288776-submissions-002.json
2006-12-04,4,0001127602-06-002830,2006-11-30,xslF345X02/form4.xml,CIK0001288776-submissions-002.json
2006-12-04,4,0001127602-06-002829,2006-11-30,xslF345X02/form4.xml,CIK0001288776-submissions-002.json
2006-12-04,4,0001127602-06-002828,2006-11-30,xslF345X02/form4.xml,CIK0001288776-submissions-002.json
2006-12-04,4/A,0001181431-06-067407,2006-07-14,xslF345X02/rrd138212.xml,CIK0001288776-submissions-002.json
2006-12-05,4,0001181431-06-067788,2006-12-01,xslF345X02/rrd138432.xml,CIK0001288776-submissions-002.json
2006-12-05,4,0001181431-06-067787,2006-12-01,xslF345X02/rrd138371.xml,CIK0001288776-submissions-002.json
2006-12-05,4,0001181431-06-067786,2006-12-01,xslF345X02/rrd138305.xml,CIK0001288776-submissions-002.json
2006-12-06,4,0001181431-06-068061,2006-12-04,xslF345X02/rrd138465.xml,CIK0001288776-submissions-002.json
2006-12-06,4,0001181431-06-068060,2006-12-04,xslF345X02/rrd138464.xml,CIK0001288776-submissions-002.json
2006-12-07,4,0001181431-06-068359,2006-12-05,xslF345X02/rrd138702.xml,CIK0001288776-submissions-002.json
2006-12-07,4,0001181431-06-068358,2006-12-05,xslF345X02/rrd138694.xml,CIK0001288776-submissions-002.json
2006-12-07,4,0001181431-06-068357,2006-12-05,xslF345X02/rrd138575.xml,CIK0001288776-submissions-002.json
2006-12-07,4,0001181431-06-068356,2006-12-05,xslF345X02/rrd138574.xml,CIK0001288776-submissions-002.json
2006-12-08,4,0001181431-06-068608,2006-12-06,xslF345X02/rrd138740.xml,CIK0001288776-submissions-002.json
2006-12-08,4,0001181431-06-068607,2006-12-06,xslF345X02/rrd138736.xml,CIK0001288776-submissions-002.json
2006-12-11,4,0001181431-06-068872,2006-12-07,xslF345X02/rrd138894.xml,CIK0001288776-submissions-002.json
2006-12-11,4,0001181431-06-068871,2006-12-07,xslF345X02/rrd138892.xml,CIK0001288776-submissions-002.json
2006-12-13,8-K,0001193125-06-252044,2006-12-12,d8k.htm,CIK0001288776-submissions-002.json
2006-12-14,4,0001181431-06-069910,2006-12-12,xslF345X02/rrd139510.xml,CIK0001288776-submissions-002.json
2006-12-14,4,0001181431-06-069909,2006-12-12,xslF345X02/rrd139509.xml,CIK0001288776-submissions-002.json
2006-12-14,4,0001181431-06-069908,2006-12-12,xslF345X02/rrd139505.xml,CIK0001288776-submissions-002.json
2006-12-22,4,0001181431-06-071742,2006-12-22,xslF345X02/rrd140544.xml,CIK0001288776-submissions-002.json
2006-12-22,4,0001181431-06-071741,2006-12-21,xslF345X02/rrd140421.xml,CIK0001288776-submissions-002.json
2006-12-22,4,0001181431-06-071740,2006-12-20,xslF345X02/rrd140414.xml,CIK0001288776-submissions-002.json
2006-12-22,UPLOAD,0000000000-06-062863,,gooltr2-.pdf,CIK0001288776-submissions-002.json
2006-12-27,4,0001181431-06-072070,2006-12-26,xslF345X02/rrd140553.xml,CIK0001288776-submissions-002.json
2006-12-27,4,0001181431-06-072055,2006-12-22,xslF345X02/rrd140617.xml,CIK0001288776-submissions-002.json
2006-12-27,4,0001181431-06-072054,2006-12-22,xslF345X02/rrd140616.xml,CIK0001288776-submissions-002.json
2006-12-27,4,0001127602-06-002990,2006-12-22,xslF345X02/form4.xml,CIK0001288776-submissions-002.json
2006-12-27,4,0001127602-06-002989,2006-12-22,xslF345X02/form4.xml,CIK0001288776-submissions-002.json
2006-12-27,4,0001127602-06-002988,2006-12-22,xslF345X02/form4.xml,CIK0001288776-submissions-002.json
2006-12-27,4,0001127602-06-002987,2006-12-22,xslF345X02/form4.xml,CIK0001288776-submissions-002.json
2006-12-27,4,0001127602-06-002986,2006-12-22,xslF345X02/form4.xml,CIK0001288776-submissions-002.json
2006-12-27,4,0001127602-06-002985,2006-12-22,xslF345X02/form4.xml,CIK0001288776-submissions-002.json
2006-12-27,4,0001127602-06-002984,2006-12-22,xslF345X02/form4.xml,CIK0001288776-submissions-002.json
2006-12-27,4,0001127602-06-002983,2006-12-22,xslF345X02/form4.xml,CIK0001288776-submissions-002.json
2006-12-27,4,0001127602-06-002982,2006-12-22,xslF345X02/form4.xml,CIK0001288776-submissions-002.json
2006-12-27,4,0001127602-06-002981,2006-12-22,xslF345X02/form4.xml,CIK0001288776-submissions-002.json
2006-12-27,4,0001127602-06-002980,2006-12-22,xslF345X02/form4.xml,CIK0001288776-submissions-002.json
2006-12-27,4,0001127602-06-002979,2006-12-22,xslF345X02/form4.xml,CIK0001288776-submissions-002.json
2006-12-27,4,0001127602-06-002978,2006-12-22,xslF345X02/form4.xml,CIK0001288776-submissions-002.json
2006-12-27,4,0001127602-06-002977,2006-12-22,xslF345X02/form4.xml,CIK0001288776-submissions-002.json
2006-12-27,4,0001127602-06-002976,2006-12-22,xslF345X02/form4.xml,CIK0001288776-submissions-002.json
2006-12-27,4,0001127602-06-002975,2006-12-22,xslF345X02/form4.xml,CIK0001288776-submissions-002.json
2006-12-27,4,0001127602-06-002974,2006-12-22,xslF345X02/form4.xml,CIK0001288776-submissions-002.json
2006-12-27,4,0001127602-06-002973,2006-12-22,xslF345X02/form4.xml,CIK0001288776-submissions-002.json
2006-12-27,4,0001127602-06-002972,2006-12-22,xslF345X02/form4.xml,CIK0001288776-submissions-002.json
2006-12-27,4,0001127602-06-002971,2006-12-22,xslF345X02/form4.xml,CIK0001288776-submissions-002.json
2006-12-27,4,0001127602-06-002970,2006-12-22,xslF345X02/form4.xml,CIK0001288776-submissions-002.json
2006-12-27,4,0001127602-06-002969,2006-12-22,xslF345X02/form4.xml,CIK0001288776-submissions-002.json
2006-12-27,4,0001127602-06-002968,2006-12-22,xslF345X02/form4.xml,CIK0001288776-submissions-002.json
2006-12-27,4,0001127602-06-002967,2006-12-22,xslF345X02/form4.xml,CIK0001288776-submissions-002.json
2006-12-28,4,0001181431-06-072291,2006-12-27,xslF345X02/rrd140882.xml,CIK0001288776-submissions-002.json
2006-12-28,4,0001181431-06-072229,2006-12-27,xslF345X02/rrd140718.xml,CIK0001288776-submissions-002.json
2006-12-29,4,0001181431-06-072561,2006-09-25,xslF345X02/rrd141054.xml,CIK0001288776-submissions-002.json
2006-12-29,4,0001181431-06-072560,2005-12-23,xslF345X02/rrd141052.xml,CIK0001288776-submissions-002.json
2006-12-29,4,0001181431-06-072559,2005-11-30,xslF345X02/rrd141050.xml,CIK0001288776-submissions-002.json
2006-12-29,4,0001181431-06-072558,2005-12-28,xslF345X02/rrd141042.xml,CIK0001288776-submissions-002.json
2006-12-29,4,0001181431-06-072556,2006-05-19,xslF345X02/rrd140970.xml,CIK0001288776-submissions-002.json
2006-12-29,4,0001181431-06-072555,2006-05-19,xslF345X02/rrd140958.xml,CIK0001288776-submissions-002.json
2006-12-29,4/A,0001181431-06-072557,2005-09-06,xslF345X02/rrd140986.xml,CIK0001288776-submissions-002.json
2007-01-03,4,0001127602-07-000114,2006-12-28,xslF345X02/form4.xml,CIK0001288776-submissions-002.json
2007-01-03,4,0001127602-07-000113,2006-12-28,xslF345X02/form4.xml,CIK0001288776-submissions-002.json
2007-01-03,4,0001127602-07-000112,2006-12-28,xslF345X02/form4.xml,CIK0001288776-submissions-002.json
2007-01-03,4,0001127602-07-000111,2006-12-28,xslF345X02/form4.xml,CIK0001288776-submissions-002.json
2007-01-03,4,0001127602-07-000110,2006-12-28,xslF345X02/form4.xml,CIK0001288776-submissions-002.json
2007-01-03,4,0001127602-07-000109,2006-12-28,xslF345X02/form4.xml,CIK0001288776-submissions-002.json
2007-01-03,4,0001127602-07-000108,2006-12-28,xslF345X02/form4.xml,CIK0001288776-submissions-002.json
2007-01-03,4,0001127602-07-000107,2006-12-28,xslF345X02/form4.xml,CIK0001288776-submissions-002.json
2007-01-03,4,0001127602-07-000106,2006-12-28,xslF345X02/form4.xml,CIK0001288776-submissions-002.json
2007-01-03,4,0001127602-07-000105,2006-12-28,xslF345X02/form4.xml,CIK0001288776-submissions-002.json
2007-01-03,4,0001127602-07-000104,2006-12-28,xslF345X02/form4.xml,CIK0001288776-submissions-002.json
2007-01-03,4,0001127602-07-000103,2006-12-28,xslF345X02/form4.xml,CIK0001288776-submissions-002.json
2007-01-03,4,0001127602-07-000102,2006-12-28,xslF345X02/form4.xml,CIK0001288776-submissions-002.json
2007-01-03,4,0001127602-07-000101,2006-12-28,xslF345X02/form4.xml,CIK0001288776-submissions-002.json
2007-01-03,4,0001127602-07-000100,2006-12-28,xslF345X02/form4.xml,CIK0001288776-submissions-002.json
2007-01-03,4,0001127602-07-000099,2006-12-28,xslF345X02/form4.xml,CIK0001288776-submissions-002.json
2007-01-03,4,0001127602-07-000098,2006-12-28,xslF345X02/form4.xml,CIK0001288776-submissions-002.json
2007-01-03,4,0001127602-07-000097,2006-12-28,xslF345X02/form4.xml,CIK0001288776-submissions-002.json
2007-01-03,4,0001127602-07-000096,2006-12-28,xslF345X02/form4.xml,CIK0001288776-submissions-002.json
2007-01-03,4,0001127602-07-000095,2006-12-28,xslF345X02/form4.xml,CIK0001288776-submissions-002.json
2007-01-03,4,0001127602-07-000094,2006-12-28,xslF345X02/form4.xml,CIK0001288776-submissions-002.json
2007-01-03,4,0001127602-07-000093,2006-12-28,xslF345X02/form4.xml,CIK0001288776-submissions-002.json
2007-01-03,4,0001127602-07-000092,2006-12-28,xslF345X02/form4.xml,CIK0001288776-submissions-002.json
2007-01-03,4,0001127602-07-000091,2006-12-28,xslF345X02/form4.xml,CIK0001288776-submissions-002.json
2007-01-03,4,0001181431-07-000425,2006-12-28,xslF345X02/rrd140849.xml,CIK0001288776-submissions-002.json
2007-01-03,4,0001181431-07-000424,2006-12-28,xslF345X02/rrd140847.xml,CIK0001288776-submissions-002.json
2007-01-05,4,0001181431-07-002439,2007-01-03,xslF345X02/rrd142150.xml,CIK0001288776-submissions-002.json
2007-01-05,4,0001181431-07-002433,2007-01-03,xslF345X02/rrd142148.xml,CIK0001288776-submissions-002.json
2007-01-05,4,0001181431-07-002431,2007-01-03,xslF345X02/rrd142145.xml,CIK0001288776-submissions-002.json
2007-01-05,4,0001181431-07-002427,2007-01-03,xslF345X02/rrd142142.xml,CIK0001288776-submissions-002.json
2007-01-05,4,0001181431-07-002425,2007-01-03,xslF345X02/rrd141847.xml,CIK0001288776-submissions-002.json
2007-01-08,4,0001181431-07-002760,2007-01-04,xslF345X02/rrd142297.xml,CIK0001288776-submissions-002.json
2007-01-09,4,0001181431-07-002974,2007-01-09,xslF345X02/rrd142359.xml,CIK0001288776-submissions-002.json
2007-01-09,4,0001181431-07-002956,2007-01-08,xslF345X02/rrd142354.xml,CIK0001288776-submissions-002.json
2007-01-09,4,0001181431-07-002955,2007-01-05,xslF345X02/rrd142351.xml,CIK0001288776-submissions-002.json
2007-01-17,4,0001181431-07-004479,2007-01-12,xslF345X02/rrd142883.xml,CIK0001288776-submissions-002.json
2007-01-24,4,0001181431-07-005643,2007-01-22,xslF345X02/rrd143834.xml,CIK0001288776-submissions-002.json
2007-01-25,4,0001181431-07-005929,2007-01-23,xslF345X02/rrd144156.xml,CIK0001288776-submissions-002.json
2007-01-26,4,0001181431-07-006234,2007-01-24,xslF345X02/rrd144225.xml,CIK0001288776-submissions-002.json
2007-01-29,4,0001181431-07-006568,2007-01-25,xslF345X02/rrd144485.xml,CIK0001288776-submissions-002.json
2007-01-29,4,0001127602-07-000388,2007-01-25,xslF345X02/form4.xml,CIK0001288776-submissions-002.json
2007-01-29,4,0001181431-07-006542,2007-01-25,xslF345X02/rrd144473.xml,CIK0001288776-submissions-002.json
2007-01-29,4,0001127602-07-000387,2007-01-25,xslF345X02/form4.xml,CIK0001288776-submissions-002.json
2007-01-29,4,0001181431-07-006540,2007-01-25,xslF345X02/rrd144417.xml,CIK0001288776-submissions-002.json
2007-01-29,4,0001127602-07-000386,2007-01-25,xslF345X02/form4.xml,CIK0001288776-submissions-002.json
2007-01-29,4,0001127602-07-000385,2007-01-25,xslF345X02/form4.xml,CIK0001288776-submissions-002.json
2007-01-29,4,0001127602-07-000384,2007-01-25,xslF345X02/form4.xml,CIK0001288776-submissions-002.json
2007-01-29,4,0001127602-07-000383,2007-01-25,xslF345X02/form4.xml,CIK0001288776-submissions-002.json
2007-01-29,4,0001127602-07-000382,2007-01-25,xslF345X02/form4.xml,CIK0001288776-submissions-002.json
2007-01-29,4,0001127602-07-000381,2007-01-25,xslF345X02/form4.xml,CIK0001288776-submissions-002.json
2007-01-29,4,0001127602-07-000380,2007-01-25,xslF345X02/form4.xml,CIK0001288776-submissions-002.json
2007-01-29,4,0001127602-07-000379,2007-01-25,xslF345X02/form4.xml,CIK0001288776-submissions-002.json
2007-01-29,4,0001127602-07-000378,2007-01-25,xslF345X02/form4.xml,CIK0001288776-submissions-002.json
2007-01-29,4,0001127602-07-000359,2007-01-25,xslF345X02/form4.xml,CIK0001288776-submissions-002.json
2007-01-29,4,0001127602-07-000358,2007-01-25,xslF345X02/form4.xml,CIK0001288776-submissions-002.json
2007-01-29,4,0001127602-07-000356,2007-01-25,xslF345X02/form4.xml,CIK0001288776-submissions-002.json
2007-01-29,4,0001127602-07-000354,2007-01-25,xslF345X02/form4.xml,CIK0001288776-submissions-002.json
2007-01-29,4,0001127602-07-000353,2007-01-25,xslF345X02/form4.xml,CIK0001288776-submissions-002.json
2007-01-29,4,0001127602-07-000352,2007-01-25,xslF345X02/form4.xml,CIK0001288776-submissions-002.json
2007-01-29,4,0001127602-07-000351,2007-01-25,xslF345X02/form4.xml,CIK0001288776-submissions-002.json
2007-01-29,4,0001127602-07-000350,2007-01-25,xslF345X02/form4.xml,CIK0001288776-submissions-002.json
2007-01-29,4,0001127602-07-000349,2007-01-25,xslF345X02/form4.xml,CIK0001288776-submissions-002.json
2007-01-29,4,0001127602-07-000348,2007-01-25,xslF345X02/form4.xml,CIK0001288776-submissions-002.json
2007-01-29,4,0001127602-07-000347,2007-01-25,xslF345X02/form4.xml,CIK0001288776-submissions-002.json
2007-01-29,4,0001127602-07-000346,2007-01-25,xslF345X02/form4.xml,CIK0001288776-submissions-002.json
2007-01-29,4,0001127602-07-000345,2007-01-25,xslF345X02/form4.xml,CIK0001288776-submissions-002.json
2007-01-29,4,0001127602-07-000344,2007-01-25,xslF345X02/form4.xml,CIK0001288776-submissions-002.json
2007-01-29,4,0001127602-07-000343,2007-01-25,xslF345X02/form4.xml,CIK0001288776-submissions-002.json
2007-01-29,4,0001127602-07-000342,2007-01-25,xslF345X02/form4.xml,CIK0001288776-submissions-002.json
2007-01-29,4,0001127602-07-000341,2007-01-25,xslF345X02/form4.xml,CIK0001288776-submissions-002.json
2007-01-29,4,0001127602-07-000340,2007-01-25,xslF345X02/form4.xml,CIK0001288776-submissions-002.json
2007-01-29,4,0001127602-07-000339,2007-01-25,xslF345X02/form4.xml,CIK0001288776-submissions-002.json
2007-01-29,4,0001127602-07-000338,2007-01-25,xslF345X02/form4.xml,CIK0001288776-submissions-002.json
2007-01-29,4,0001127602-07-000337,2007-01-25,xslF345X02/form4.xml,CIK0001288776-submissions-002.json
2007-01-29,4,0001127602-07-000336,2007-01-25,xslF345X02/form4.xml,CIK0001288776-submissions-002.json
2007-01-31,4,0001181431-07-007318,2007-01-26,xslF345X02/rrd144793.xml,CIK0001288776-submissions-002.json
2007-01-31,4,0001181431-07-007317,2007-01-29,xslF345X02/rrd144972.xml,CIK0001288776-submissions-002.json
2007-01-31,4,0001181431-07-007316,2007-01-29,xslF345X02/rrd144889.xml,CIK0001288776-submissions-002.json
2007-01-31,4,0001127602-07-000444,2007-01-29,xslF345X02/form4.xml,CIK0001288776-submissions-002.json
2007-01-31,4,0001127602-07-000443,2007-01-29,xslF345X02/form4.xml,CIK0001288776-submissions-002.json
2007-01-31,4,0001127602-07-000442,2007-01-29,xslF345X02/form4.xml,CIK0001288776-submissions-002.json
2007-01-31,4,0001127602-07-000441,2007-01-29,xslF345X02/form4.xml,CIK0001288776-submissions-002.json
2007-01-31,4,0001127602-07-000440,2007-01-29,xslF345X02/form4.xml,CIK0001288776-submissions-002.json
2007-01-31,4,0001127602-07-000439,2007-01-29,xslF345X02/form4.xml,CIK0001288776-submissions-002.json
2007-01-31,4,0001127602-07-000438,2007-01-29,xslF345X02/form4.xml,CIK0001288776-submissions-002.json
2007-01-31,4,0001127602-07-000437,2007-01-29,xslF345X02/form4.xml,CIK0001288776-submissions-002.json
2007-01-31,4,0001127602-07-000436,2007-01-29,xslF345X02/form4.xml,CIK0001288776-submissions-002.json
2007-01-31,4,0001127602-07-000435,2007-01-29,xslF345X02/form4.xml,CIK0001288776-submissions-002.json
2007-01-31,4,0001127602-07-000434,2007-01-29,xslF345X02/form4.xml,CIK0001288776-submissions-002.json
2007-01-31,4,0001127602-07-000433,2007-01-29,xslF345X02/form4.xml,CIK0001288776-submissions-002.json
2007-01-31,4,0001127602-07-000432,2007-01-29,xslF345X02/form4.xml,CIK0001288776-submissions-002.json
2007-01-31,4,0001127602-07-000431,2007-01-29,xslF345X02/form4.xml,CIK0001288776-submissions-002.json
2007-01-31,4,0001127602-07-000430,2007-01-29,xslF345X02/form4.xml,CIK0001288776-submissions-002.json
2007-01-31,4,0001127602-07-000429,2007-01-29,xslF345X02/form4.xml,CIK0001288776-submissions-002.json
2007-01-31,4,0001127602-07-000428,2007-01-29,xslF345X02/form4.xml,CIK0001288776-submissions-002.json
2007-01-31,4,0001127602-07-000427,2007-01-29,xslF345X02/form4.xml,CIK0001288776-submissions-002.json
2007-01-31,4,0001127602-07-000426,2007-01-29,xslF345X02/form4.xml,CIK0001288776-submissions-002.json
2007-01-31,4,0001127602-07-000425,2007-01-29,xslF345X02/form4.xml,CIK0001288776-submissions-002.json
2007-01-31,4,0001127602-07-000424,2007-01-29,xslF345X02/form4.xml,CIK0001288776-submissions-002.json
2007-01-31,4,0001127602-07-000423,2007-01-29,xslF345X02/form4.xml,CIK0001288776-submissions-002.json
2007-01-31,4,0001127602-07-000422,2007-01-29,xslF345X02/form4.xml,CIK0001288776-submissions-002.json
2007-01-31,4,0001127602-07-000421,2007-01-29,xslF345X02/form4.xml,CIK0001288776-submissions-002.json
2007-01-31,4,0001127602-07-000420,2007-01-29,xslF345X02/form4.xml,CIK0001288776-submissions-002.json
2007-01-31,4,0001127602-07-000419,2007-01-29,xslF345X02/form4.xml,CIK0001288776-submissions-002.json
2007-01-31,4,0001127602-07-000418,2007-01-29,xslF345X02/form4.xml,CIK0001288776-submissions-002.json
2007-01-31,8-K,0001193125-07-017352,2007-01-31,d8k.htm,CIK0001288776-submissions-002.json
2007-02-01,CORRESP,0001193125-07-018173,,filename1.htm,CIK0001288776-submissions-002.json
2007-02-02,8-K,0001193125-07-019222,2007-01-30,d8k.htm,CIK0001288776-submissions-002.json
2007-02-05,4,0001181431-07-008653,2007-02-01,xslF345X02/rrd145633.xml,CIK0001288776-submissions-002.json
2007-02-05,4,0001181431-07-008652,2007-02-01,xslF345X02/rrd145631.xml,CIK0001288776-submissions-002.json
2007-02-05,4,0001181431-07-008650,2007-02-01,xslF345X02/rrd145482.xml,CIK0001288776-submissions-002.json
2007-02-07,S-3ASR,0001193125-07-022578,,ds3asr.htm,CIK0001288776-submissions-002.json
2007-02-12,424B7,0001193125-07-026672,,d424b7.htm,CIK0001288776-submissions-002.json
2007-02-12,SC 13G/A,0000017283-07-000541,,edggoog.txt,CIK0001288776-submissions-002.json
2007-02-14,4,0001181431-07-011566,2007-02-12,xslF345X02/rrd147155.xml,CIK0001288776-submissions-002.json
2007-02-14,SC 13G/A,0000315066-07-001822,,filing.txt,CIK0001288776-submissions-002.json
2007-02-20,4,0001181431-07-012896,2007-02-16,xslF345X02/rrd147835.xml,CIK0001288776-submissions-002.json
2007-02-20,4,0001181431-07-012895,2007-02-16,xslF345X02/rrd147830.xml,CIK0001288776-submissions-002.json
2007-02-20,4,0001181431-07-012894,2007-02-16,xslF345X02/rrd147802.xml,CIK0001288776-submissions-002.json
2007-02-21,4,0001181431-07-013226,2007-02-20,xslF345X02/rrd147999.xml,CIK0001288776-submissions-002.json
2007-02-22,424B3,0001193125-07-036501,,d424b3.htm,CIK0001288776-submissions-002.json
2007-02-22,FWP,0001193125-07-036526,,dfwp.htm,CIK0001288776-submissions-002.json
2007-02-22,FWP,0001193125-07-036524,,dfwp.htm,CIK0001288776-submissions-002.json
2007-02-22,FWP,0001193125-07-036523,,dfwp.htm,CIK0001288776-submissions-002.json
2007-02-22,FWP,0001193125-07-036520,,dfwp.htm,CIK0001288776-submissions-002.json
2007-02-22,FWP,0001193125-07-036517,,dfwp.htm,CIK0001288776-submissions-002.json
2007-02-22,FWP,0001193125-07-036515,,dfwp.htm,CIK0001288776-submissions-002.json
2007-02-22,FWP,0001193125-07-036513,,dfwp.htm,CIK0001288776-submissions-002.json
2007-02-22,S-3ASR,0001193125-07-036440,,ds3asr.htm,CIK0001288776-submissions-002.json
2007-02-23,4,0001181431-07-014128,2007-02-21,xslF345X02/rrd148671.xml,CIK0001288776-submissions-002.json
2007-02-23,4,0001181431-07-014127,2007-02-21,xslF345X02/rrd148670.xml,CIK0001288776-submissions-002.json
2007-02-23,4,0001181431-07-014126,2007-02-21,xslF345X02/rrd148241.xml,CIK0001288776-submissions-002.json
2007-02-23,4,0001181431-07-014119,2007-02-21,xslF345X02/rrd148151.xml,CIK0001288776-submissions-002.json
2007-02-23,FWP,0001193125-07-037423,,dfwp.htm,CIK0001288776-submissions-002.json
2007-02-23,UPLOAD,0000000000-07-009819,,gooltr3.pdf,CIK0001288776-submissions-002.json
2007-02-26,4,0001181431-07-014665,2007-02-23,xslF345X02/rrd148700.xml,CIK0001288776-submissions-002.json
2007-02-26,4,0001181431-07-014664,2007-02-23,xslF345X02/rrd148699.xml,CIK0001288776-submissions-002.json
2007-02-26,4,0001181431-07-014662,2007-02-26,xslF345X02/rrd148936.xml,CIK0001288776-submissions-002.json
2007-02-26,4,0001181431-07-014661,2007-02-23,xslF345X02/rrd148698.xml,CIK0001288776-submissions-002.json
2007-02-26,4,0001181431-07-014660,2007-02-22,xslF345X02/rrd148697.xml,CIK0001288776-submissions-002.json
2007-02-27,4,0001127602-07-000838,2007-02-23,xslF345X02/form4.xml,CIK0001288776-submissions-002.json
2007-02-27,4,0001127602-07-000837,2007-02-23,xslF345X02/form4.xml,CIK0001288776-submissions-002.json
2007-02-27,4,0001127602-07-000836,2007-02-23,xslF345X02/form4.xml,CIK0001288776-submissions-002.json
2007-02-27,4,0001127602-07-000835,2007-02-23,xslF345X02/form4.xml,CIK0001288776-submissions-002.json
2007-02-27,4,0001127602-07-000834,2007-02-23,xslF345X02/form4.xml,CIK0001288776-submissions-002.json
2007-02-27,4,0001127602-07-000829,2007-02-23,xslF345X02/form4.xml,CIK0001288776-submissions-002.json
2007-02-27,4,0001127602-07-000828,2007-02-23,xslF345X02/form4.xml,CIK0001288776-submissions-002.json
2007-02-27,4,0001127602-07-000827,2007-02-23,xslF345X02/form4.xml,CIK0001288776-submissions-002.json
2007-02-27,4,0001127602-07-000826,2007-02-23,xslF345X02/form4.xml,CIK0001288776-submissions-002.json
2007-02-27,4,0001127602-07-000825,2007-02-23,xslF345X02/form4.xml,CIK0001288776-submissions-002.json
2007-02-27,4,0001127602-07-000824,2007-02-23,xslF345X02/form4.xml,CIK0001288776-submissions-002.json
2007-02-27,4,0001127602-07-000823,2007-02-23,xslF345X02/form4.xml,CIK0001288776-submissions-002.json
2007-02-27,4,0001127602-07-000822,2007-02-23,xslF345X02/form4.xml,CIK0001288776-submissions-002.json
2007-02-27,4,0001127602-07-000821,2007-02-23,xslF345X02/form4.xml,CIK0001288776-submissions-002.json
2007-02-27,4,0001127602-07-000820,2007-02-23,xslF345X02/form4.xml,CIK0001288776-submissions-002.json
2007-02-27,4,0001127602-07-000819,2007-02-23,xslF345X02/form4.xml,CIK0001288776-submissions-002.json
2007-02-27,4,0001127602-07-000818,2007-02-23,xslF345X02/form4.xml,CIK0001288776-submissions-002.json
2007-02-27,4,0001127602-07-000817,2007-02-23,xslF345X02/form4.xml,CIK0001288776-submissions-002.json
2007-02-27,4,0001127602-07-000816,2007-02-23,xslF345X02/form4.xml,CIK0001288776-submissions-002.json
2007-02-27,4,0001127602-07-000815,2007-02-23,xslF345X02/form4.xml,CIK0001288776-submissions-002.json
2007-02-27,4,0001127602-07-000814,2007-02-23,xslF345X02/form4.xml,CIK0001288776-submissions-002.json
2007-02-27,4,0001127602-07-000813,2007-02-23,xslF345X02/form4.xml,CIK0001288776-submissions-002.json
2007-02-27,4,0001127602-07-000812,2007-02-23,xslF345X02/form4.xml,CIK0001288776-submissions-002.json
2007-02-27,4,0001127602-07-000811,2007-02-23,xslF345X02/form4.xml,CIK0001288776-submissions-002.json
2007-02-27,4,0001127602-07-000810,2007-02-23,xslF345X02/form4.xml,CIK0001288776-submissions-002.json
2007-02-27,4,0001127602-07-000809,2007-02-23,xslF345X02/form4.xml,CIK0001288776-submissions-002.json
2007-02-27,4,0001127602-07-000808,2007-02-23,xslF345X02/form4.xml,CIK0001288776-submissions-002.json
2007-02-27,424B7,0001193125-07-040835,,d424b7.htm,CIK0001288776-submissions-002.json
2007-02-28,4,0001127602-07-000847,2007-02-27,xslF345X02/form4.xml,CIK0001288776-submissions-002.json
2007-03-01,10-K,0001193125-07-044494,2006-12-31,d10k.htm,CIK0001288776-submissions-002.json
2007-03-01,4,0001181431-07-016125,2007-02-27,xslF345X02/rrd149647.xml,CIK0001288776-submissions-002.json
2007-03-01,4,0001127602-07-000915,2007-02-27,xslF345X02/form4.xml,CIK0001288776-submissions-002.json
2007-03-01,4,0001127602-07-000914,2007-02-27,xslF345X02/form4.xml,CIK0001288776-submissions-002.json
2007-03-01,4,0001127602-07-000913,2007-02-27,xslF345X02/form4.xml,CIK0001288776-submissions-002.json
2007-03-01,4,0001127602-07-000912,2007-02-27,xslF345X02/form4.xml,CIK0001288776-submissions-002.json
2007-03-01,4,0001127602-07-000911,2007-02-27,xslF345X02/form4.xml,CIK0001288776-submissions-002.json
2007-03-01,4,0001127602-07-000910,2007-02-27,xslF345X02/form4.xml,CIK0001288776-submissions-002.json
2007-03-01,4,0001127602-07-000909,2007-02-27,xslF345X02/form4.xml,CIK0001288776-submissions-002.json
2007-03-01,4,0001127602-07-000908,2007-02-27,xslF345X02/form4.xml,CIK0001288776-submissions-002.json
2007-03-01,4,0001127602-07-000907,2007-02-27,xslF345X02/form4.xml,CIK0001288776-submissions-002.json
2007-03-01,4,0001127602-07-000906,2007-02-27,xslF345X02/form4.xml,CIK0001288776-submissions-002.json
2007-03-01,4,0001127602-07-000905,2007-02-27,xslF345X02/form4.xml,CIK0001288776-submissions-002.json
2007-03-01,4,0001127602-07-000904,2007-02-27,xslF345X02/form4.xml,CIK0001288776-submissions-002.json
2007-03-01,4,0001127602-07-000903,2007-02-27,xslF345X02/form4.xml,CIK0001288776-submissions-002.json
2007-03-01,4,0001181431-07-016117,2007-02-27,xslF345X02/rrd149363.xml,CIK0001288776-submissions-002.json
2007-03-01,4,0001127602-07-000902,2007-02-27,xslF345X02/form4.xml,CIK0001288776-submissions-002.json
2007-03-01,4,0001127602-07-000901,2007-02-27,xslF345X02/form4.xml,CIK0001288776-submissions-002.json
2007-03-01,4,0001181431-07-016116,2007-02-27,xslF345X02/rrd149361.xml,CIK0001288776-submissions-002.json
2007-03-01,4,0001127602-07-000900,2007-02-27,xslF345X02/form4.xml,CIK0001288776-submissions-002.json
2007-03-01,4,0001127602-07-000899,2007-02-27,xslF345X02/form4.xml,CIK0001288776-submissions-002.json
2007-03-01,4,0001127602-07-000898,2007-02-27,xslF345X02/form4.xml,CIK0001288776-submissions-002.json
2007-03-01,4,0001127602-07-000897,2007-02-27,xslF345X02/form4.xml,CIK0001288776-submissions-002.json
2007-03-01,4,0001127602-07-000896,2007-02-27,xslF345X02/form4.xml,CIK0001288776-submissions-002.json
2007-03-01,4,0001127602-07-000895,2007-02-27,xslF345X02/form4.xml,CIK0001288776-submissions-002.json
2007-03-01,4,0001127602-07-000894,2007-02-27,xslF345X02/form4.xml,CIK0001288776-submissions-002.json
2007-03-01,4,0001127602-07-000893,2007-02-27,xslF345X02/form4.xml,CIK0001288776-submissions-002.json
2007-03-01,4,0001127602-07-000892,2007-02-27,xslF345X02/form4.xml,CIK0001288776-submissions-002.json
2007-03-01,4,0001127602-07-000891,2007-02-27,xslF345X02/form4.xml,CIK0001288776-submissions-002.json
2007-03-01,4,0001127602-07-000890,2007-02-27,xslF345X02/form4.xml,CIK0001288776-submissions-002.json
2007-03-01,4,0001127602-07-000889,2007-02-27,xslF345X02/form4.xml,CIK0001288776-submissions-002.json
2007-03-01,4,0001127602-07-000888,2007-02-27,xslF345X02/form4.xml,CIK0001288776-submissions-002.json
2007-03-01,4,0001127602-07-000887,2007-02-27,xslF345X02/form4.xml,CIK0001288776-submissions-002.json
2007-03-01,4,0001127602-07-000886,2007-02-27,xslF345X02/form4.xml,CIK0001288776-submissions-002.json
2007-03-01,4,0001127602-07-000885,2007-02-27,xslF345X02/form4.xml,CIK0001288776-submissions-002.json
2007-03-01,4,0001127602-07-000884,2007-02-27,xslF345X02/form4.xml,CIK0001288776-submissions-002.json
2007-03-01,UPLOAD,0000000000-07-010733,,google8kletter.pdf,CIK0001288776-submissions-002.json
2007-03-02,4,0001181431-07-016474,2007-02-28,xslF345X02/rrd149389.xml,CIK0001288776-submissions-002.json
2007-03-02,4,0001181431-07-016473,2007-02-28,xslF345X02/rrd149822.xml,CIK0001288776-submissions-002.json
2007-03-05,4,0001181431-07-017129,2007-03-01,xslF345X02/rrd149998.xml,CIK0001288776-submissions-002.json
2007-03-05,4,0001181431-07-017128,2007-03-01,xslF345X02/rrd149995.xml,CIK0001288776-submissions-002.json
2007-03-05,4,0001181431-07-017127,2007-03-01,xslF345X02/rrd149990.xml,CIK0001288776-submissions-002.json
2007-03-05,4,0001181431-07-017126,2007-03-01,xslF345X02/rrd149980.xml,CIK0001288776-submissions-002.json
2007-03-05,4,0001181431-07-017125,2007-03-01,xslF345X02/rrd149962.xml,CIK0001288776-submissions-002.json
2007-03-05,4,0001181431-07-017124,2007-03-01,xslF345X02/rrd149941.xml,CIK0001288776-submissions-002.json
2007-03-05,4,0001181431-07-017086,2007-03-01,xslF345X02/rrd150107.xml,CIK0001288776-submissions-002.json
2007-03-05,4,0001181431-07-017085,2007-03-01,xslF345X02/rrd150103.xml,CIK0001288776-submissions-002.json
2007-03-05,8-K,0001193125-07-046301,2007-02-28,d8k.htm,CIK0001288776-submissions-002.json
2007-03-08,4,0001181431-07-018088,2007-03-06,xslF345X02/rrd150631.xml,CIK0001288776-submissions-002.json
2007-03-08,CORRESP,0001193125-07-049971,,filename1.htm,CIK0001288776-submissions-002.json
2007-03-13,4,0001181431-07-018798,2007-03-12,xslF345X02/rrd150916.xml,CIK0001288776-submissions-002.json
2007-03-22,4,0001181431-07-020932,2007-03-20,xslF345X02/rrd152246.xml,CIK0001288776-submissions-002.json
2007-03-22,8-K,0001193125-07-061671,2007-03-16,d8k.htm,CIK0001288776-submissions-002.json
2007-03-26,4,0001181431-07-021360,2007-03-22,xslF345X02/rrd152468.xml,CIK0001288776-submissions-002.json
2007-03-26,4,0001181431-07-021218,2007-03-21,xslF345X02/rrd152270.xml,CIK0001288776-submissions-002.json
2007-03-27,4,0001181431-07-021622,2007-03-26,xslF345X02/rrd152667.xml,CIK0001288776-submissions-002.json
2007-03-27,4,0001181431-07-021525,2007-03-23,xslF345X02/rrd152603.xml,CIK0001288776-submissions-002.json
2007-03-28,4,0001127602-07-001202,2007-03-27,xslF345X02/form4.xml,CIK0001288776-submissions-002.json
2007-03-28,4,0001127602-07-001201,2007-03-27,xslF345X02/form4.xml,CIK0001288776-submissions-002.json
2007-03-28,4,0001127602-07-001200,2007-03-27,xslF345X02/form4.xml,CIK0001288776-submissions-002.json
2007-03-28,4,0001127602-07-001199,2007-03-27,xslF345X02/form4.xml,CIK0001288776-submissions-002.json
2007-03-28,4,0001127602-07-001198,2007-03-27,xslF345X02/form4.xml,CIK0001288776-submissions-002.json
2007-03-28,4,0001127602-07-001197,2007-03-27,xslF345X02/form4.xml,CIK0001288776-submissions-002.json
2007-03-28,4,0001127602-07-001196,2007-03-27,xslF345X02/form4.xml,CIK0001288776-submissions-002.json
2007-03-28,4,0001127602-07-001195,2007-03-27,xslF345X02/form4.xml,CIK0001288776-submissions-002.json
2007-03-28,4,0001181431-07-021854,2007-03-27,xslF345X02/rrd152847.xml,CIK0001288776-submissions-002.json
2007-03-28,4,0001181431-07-021853,2007-03-27,xslF345X02/rrd152823.xml,CIK0001288776-submissions-002.json
2007-03-28,8-K,0001193125-07-067097,2007-03-22,d8k.htm,CIK0001288776-submissions-002.json
2007-03-29,4,0001127602-07-001226,2007-03-27,xslF345X02/form4.xml,CIK0001288776-submissions-002.json
2007-03-29,4,0001127602-07-001225,2007-03-27,xslF345X02/form4.xml,CIK0001288776-submissions-002.json
2007-03-29,4,0001127602-07-001224,2007-03-27,xslF345X02/form4.xml,CIK0001288776-submissions-002.json
2007-03-29,4,0001127602-07-001223,2007-03-27,xslF345X02/form4.xml,CIK0001288776-submissions-002.json
2007-03-29,4,0001127602-07-001222,2007-03-27,xslF345X02/form4.xml,CIK0001288776-submissions-002.json
2007-03-29,4,0001127602-07-001221,2007-03-27,xslF345X02/form4.xml,CIK0001288776-submissions-002.json
2007-03-29,4,0001127602-07-001220,2007-03-27,xslF345X02/form4.xml,CIK0001288776-submissions-002.json
2007-03-29,4,0001127602-07-001219,2007-03-27,xslF345X02/form4.xml,CIK0001288776-submissions-002.json
2007-03-29,4,0001127602-07-001218,2007-03-27,xslF345X02/form4.xml,CIK0001288776-submissions-002.json
2007-03-29,4,0001127602-07-001217,2007-03-27,xslF345X02/form4.xml,CIK0001288776-submissions-002.json
2007-03-29,4,0001127602-07-001216,2007-03-27,xslF345X02/form4.xml,CIK0001288776-submissions-002.json
2007-03-29,4,0001127602-07-001215,2007-03-27,xslF345X02/form4.xml,CIK0001288776-submissions-002.json
2007-03-29,4,0001127602-07-001214,2007-03-27,xslF345X02/form4.xml,CIK0001288776-submissions-002.json
2007-03-29,4,0001127602-07-001213,2007-03-27,xslF345X02/form4.xml,CIK0001288776-submissions-002.json
2007-03-29,4,0001127602-07-001212,2007-03-27,xslF345X02/form4.xml,CIK0001288776-submissions-002.json
2007-03-29,4,0001127602-07-001211,2007-03-27,xslF345X02/form4.xml,CIK0001288776-submissions-002.json
2007-03-30,4,0001181431-07-022283,2007-03-28,xslF345X02/rrd152903.xml,CIK0001288776-submissions-002.json
2007-03-30,4,0001181431-07-022282,2007-03-28,xslF345X02/rrd152878.xml,CIK0001288776-submissions-002.json
2007-03-30,4,0001127602-07-001287,2007-03-28,xslF345X02/form4.xml,CIK0001288776-submissions-002.json
2007-03-30,4,0001127602-07-001286,2007-03-28,xslF345X02/form4.xml,CIK0001288776-submissions-002.json
2007-03-30,4,0001127602-07-001285,2007-03-28,xslF345X02/form4.xml,CIK0001288776-submissions-002.json
2007-03-30,4,0001127602-07-001284,2007-03-28,xslF345X02/form4.xml,CIK0001288776-submissions-002.json
2007-03-30,4,0001127602-07-001283,2007-03-28,xslF345X02/form4.xml,CIK0001288776-submissions-002.json
2007-03-30,4,0001127602-07-001282,2007-03-28,xslF345X02/form4.xml,CIK0001288776-submissions-002.json
2007-03-30,4,0001127602-07-001281,2007-03-28,xslF345X02/form4.xml,CIK0001288776-submissions-002.json
2007-03-30,4,0001127602-07-001280,2007-03-28,xslF345X02/form4.xml,CIK0001288776-submissions-002.json
2007-03-30,4,0001127602-07-001279,2007-03-28,xslF345X02/form4.xml,CIK0001288776-submissions-002.json
2007-03-30,4,0001127602-07-001278,2007-03-28,xslF345X02/form4.xml,CIK0001288776-submissions-002.json
2007-03-30,4,0001127602-07-001277,2007-03-28,xslF345X02/form4.xml,CIK0001288776-submissions-002.json
2007-03-30,4,0001127602-07-001276,2007-03-28,xslF345X02/form4.xml,CIK0001288776-submissions-002.json
2007-03-30,4,0001127602-07-001275,2007-03-28,xslF345X02/form4.xml,CIK0001288776-submissions-002.json
2007-03-30,4,0001127602-07-001274,2007-03-28,xslF345X02/form4.xml,CIK0001288776-submissions-002.json
2007-03-30,4,0001127602-07-001273,2007-03-28,xslF345X02/form4.xml,CIK0001288776-submissions-002.json
2007-03-30,4,0001127602-07-001272,2007-03-28,xslF345X02/form4.xml,CIK0001288776-submissions-002.json
2007-03-30,4,0001127602-07-001271,2007-03-28,xslF345X02/form4.xml,CIK0001288776-submissions-002.json
2007-03-30,4,0001127602-07-001270,2007-03-28,xslF345X02/form4.xml,CIK0001288776-submissions-002.json
2007-03-30,4,0001127602-07-001269,2007-03-28,xslF345X02/form4.xml,CIK0001288776-submissions-002.json
2007-03-30,4,0001127602-07-001268,2007-03-28,xslF345X02/form4.xml,CIK0001288776-submissions-002.json
2007-03-30,4,0001127602-07-001267,2007-03-28,xslF345X02/form4.xml,CIK0001288776-submissions-002.json
2007-03-30,4,0001127602-07-001266,2007-03-28,xslF345X02/form4.xml,CIK0001288776-submissions-002.json
2007-03-30,4,0001127602-07-001265,2007-03-28,xslF345X02/form4.xml,CIK0001288776-submissions-002.json
2007-03-30,4,0001127602-07-001264,2007-03-28,xslF345X02/form4.xml,CIK0001288776-submissions-002.json
2007-04-04,4,0001181431-07-023927,2007-04-02,xslF345X02/rrd153877.xml,CIK0001288776-submissions-002.json
2007-04-04,DEF 14A,0001193125-07-073756,2007-05-10,ddef14a.htm,CIK0001288776-submissions-002.json
2007-04-05,4,0001181431-07-024278,2007-04-02,xslF345X02/rrd153962.xml,CIK0001288776-submissions-002.json
2007-04-05,4,0001181431-07-024277,2007-04-02,xslF345X02/rrd153946.xml,CIK0001288776-submissions-002.json
2007-04-13,424B7,0001193125-07-080578,,d424b7.htm,CIK0001288776-submissions-002.json
2007-04-16,4,0001181431-07-025507,2007-04-12,xslF345X02/rrd154722.xml,CIK0001288776-submissions-002.json
2007-04-19,8-K,0001193125-07-085176,2007-04-19,d8k.htm,CIK0001288776-submissions-002.json
2007-04-19,8-K,0001193125-07-084483,2007-04-13,d8k.htm,CIK0001288776-submissions-002.json
2007-04-20,FWP,0001193125-07-085752,,dfwp.htm,CIK0001288776-submissions-002.json
2007-04-20,FWP,0001193125-07-085742,,dfwp.htm,CIK0001288776-submissions-002.json
2007-04-20,FWP,0001193125-07-085725,,dfwp.htm,CIK0001288776-submissions-002.json
2007-04-20,FWP,0001193125-07-085710,,dfwp.htm,CIK0001288776-submissions-002.json
2007-04-20,S-3ASR,0001193125-07-085685,,ds3asr.htm,CIK0001288776-submissions-002.json
2007-04-20,S-8 POS,0001193125-07-085672,,ds8pos.htm,CIK0001288776-submissions-002.json
2007-04-20,S-8 POS,0001193125-07-085670,,ds8pos.htm,CIK0001288776-submissions-002.json
2007-04-20,S-8 POS,0001193125-07-085668,,ds8pos.htm,CIK0001288776-submissions-002.json
2007-04-23,424B3,0001193125-07-086969,,d424b3.htm,CIK0001288776-submissions-002.json
2007-04-23,424B3,0001193125-07-086962,,d424b3.htm,CIK0001288776-submissions-002.json
2007-04-23,424B3,0001193125-07-086961,,d424b3.htm,CIK0001288776-submissions-002.json
2007-04-23,424B3,0001193125-07-086960,,d424b3.htm,CIK0001288776-submissions-002.json
2007-04-23,8-K,0001193125-07-086971,2007-04-20,d8k.htm,CIK0001288776-submissions-002.json
2007-04-24,4,0001181431-07-026626,2007-04-20,xslF345X02/rrd155174.xml,CIK0001288776-submissions-002.json
2007-04-25,4,0001181431-07-027114,2007-04-23,xslF345X02/rrd155578.xml,CIK0001288776-submissions-002.json
2007-04-26,4,0001181431-07-027498,2007-04-24,xslF345X02/rrd155749.xml,CIK0001288776-submissions-002.json
2007-04-26,4,0001181431-07-027497,2007-04-24,xslF345X02/rrd155708.xml,CIK0001288776-submissions-002.json
2007-04-30,4,0001181431-07-028239,2007-04-26,xslF345X02/rrd156146.xml,CIK0001288776-submissions-002.json
2007-04-30,4,0001181431-07-027856,2007-04-25,xslF345X02/rrd156071.xml,CIK0001288776-submissions-002.json
2007-05-01,4,0001181431-07-028685,2007-04-27,xslF345X02/rrd156236.xml,CIK0001288776-submissions-002.json
2007-05-01,4,0001181431-07-028684,2007-04-27,xslF345X02/rrd156231.xml,CIK0001288776-submissions-002.json
2007-05-01,4,0001127602-07-001644,2007-04-27,xslF345X02/form4.xml,CIK0001288776-submissions-002.json
2007-05-01,4,0001127602-07-001643,2007-04-27,xslF345X02/form4.xml,CIK0001288776-submissions-002.json
2007-05-01,4,0001127602-07-001642,2007-04-27,xslF345X02/form4.xml,CIK0001288776-submissions-002.json
2007-05-01,4,0001127602-07-001641,2007-04-27,xslF345X02/form4.xml,CIK0001288776-submissions-002.json
2007-05-01,4,0001127602-07-001640,2007-04-27,xslF345X02/form4.xml,CIK0001288776-submissions-002.json
2007-05-01,4,0001127602-07-001639,2007-04-27,xslF345X02/form4.xml,CIK0001288776-submissions-002.json
2007-05-01,4,0001127602-07-001638,2007-04-27,xslF345X02/form4.xml,CIK0001288776-submissions-002.json
2007-05-01,4,0001127602-07-001637,2007-04-27,xslF345X02/form4.xml,CIK0001288776-submissions-002.json
2007-05-01,4,0001127602-07-001636,2007-04-27,xslF345X02/form4.xml,CIK0001288776-submissions-002.json
2007-05-01,4,0001127602-07-001635,2007-04-27,xslF345X02/form4.xml,CIK0001288776-submissions-002.json
2007-05-01,4,0001127602-07-001634,2007-04-27,xslF345X02/form4.xml,CIK0001288776-submissions-002.json
2007-05-01,4,0001127602-07-001633,2007-04-27,xslF345X02/form4.xml,CIK0001288776-submissions-002.json
2007-05-01,4,0001127602-07-001632,2007-04-27,xslF345X02/form4.xml,CIK0001288776-submissions-002.json
2007-05-01,4,0001127602-07-001631,2007-04-27,xslF345X02/form4.xml,CIK0001288776-submissions-002.json
2007-05-01,4,0001127602-07-001630,2007-04-27,xslF345X02/form4.xml,CIK0001288776-submissions-002.json
2007-05-01,4,0001127602-07-001629,2007-04-27,xslF345X02/form4.xml,CIK0001288776-submissions-002.json
2007-05-01,4,0001127602-07-001628,2007-04-27,xslF345X02/form4.xml,CIK0001288776-submissions-002.json
2007-05-01,4,0001127602-07-001627,2007-04-27,xslF345X02/form4.xml,CIK0001288776-submissions-002.json
2007-05-02,4,0001181431-07-029148,2007-04-30,xslF345X02/rrd156939.xml,CIK0001288776-submissions-002.json
2007-05-02,4,0001181431-07-028961,2007-04-30,xslF345X02/rrd156631.xml,CIK0001288776-submissions-002.json
2007-05-02,4,0001181431-07-028958,2007-04-30,xslF345X02/rrd156614.xml,CIK0001288776-submissions-002.json
2007-05-02,4,0001127602-07-001716,2007-04-30,xslF345X02/form4.xml,CIK0001288776-submissions-002.json
2007-05-02,4,0001127602-07-001715,2007-04-30,xslF345X02/form4.xml,CIK0001288776-submissions-002.json
2007-05-02,4,0001127602-07-001714,2007-04-30,xslF345X02/form4.xml,CIK0001288776-submissions-002.json
2007-05-02,4,0001127602-07-001713,2007-04-30,xslF345X02/form4.xml,CIK0001288776-submissions-002.json
2007-05-02,4,0001127602-07-001712,2007-04-30,xslF345X02/form4.xml,CIK0001288776-submissions-002.json
2007-05-02,4,0001127602-07-001711,2007-04-30,xslF345X02/form4.xml,CIK0001288776-submissions-002.json
2007-05-02,4,0001127602-07-001710,2007-04-30,xslF345X02/form4.xml,CIK0001288776-submissions-002.json
2007-05-02,4,0001127602-07-001709,2007-04-30,xslF345X02/form4.xml,CIK0001288776-submissions-002.json
2007-05-02,4,0001127602-07-001708,2007-04-30,xslF345X02/form4.xml,CIK0001288776-submissions-002.json
2007-05-02,4,0001127602-07-001707,2007-04-30,xslF345X02/form4.xml,CIK0001288776-submissions-002.json
2007-05-02,4,0001127602-07-001706,2007-04-30,xslF345X02/form4.xml,CIK0001288776-submissions-002.json
2007-05-02,4,0001127602-07-001705,2007-04-30,xslF345X02/form4.xml,CIK0001288776-submissions-002.json
2007-05-02,4,0001127602-07-001704,2007-04-30,xslF345X02/form4.xml,CIK0001288776-submissions-002.json
2007-05-02,4,0001127602-07-001703,2007-04-30,xslF345X02/form4.xml,CIK0001288776-submissions-002.json
2007-05-02,4,0001127602-07-001702,2007-04-30,xslF345X02/form4.xml,CIK0001288776-submissions-002.json
2007-05-02,4,0001127602-07-001701,2007-04-30,xslF345X02/form4.xml,CIK0001288776-submissions-002.json
2007-05-02,4,0001127602-07-001700,2007-04-30,xslF345X02/form4.xml,CIK0001288776-submissions-002.json
2007-05-02,4,0001127602-07-001699,2007-04-30,xslF345X02/form4.xml,CIK0001288776-submissions-002.json
2007-05-02,4,0001127602-07-001698,2007-04-30,xslF345X02/form4.xml,CIK0001288776-submissions-002.json
2007-05-02,4,0001127602-07-001697,2007-04-30,xslF345X02/form4.xml,CIK0001288776-submissions-002.json
2007-05-02,4,0001127602-07-001696,2007-04-30,xslF345X02/form4.xml,CIK0001288776-submissions-002.json
2007-05-02,4,0001127602-07-001695,2007-04-30,xslF345X02/form4.xml,CIK0001288776-submissions-002.json
2007-05-02,4,0001127602-07-001694,2007-04-30,xslF345X02/form4.xml,CIK0001288776-submissions-002.json
2007-05-02,4,0001127602-07-001693,2007-04-30,xslF345X02/form4.xml,CIK0001288776-submissions-002.json
2007-05-02,4,0001127602-07-001692,2007-04-30,xslF345X02/form4.xml,CIK0001288776-submissions-002.json
2007-05-02,4,0001127602-07-001691,2007-04-30,xslF345X02/form4.xml,CIK0001288776-submissions-002.json
2007-05-02,4,0001127602-07-001690,2007-04-30,xslF345X02/form4.xml,CIK0001288776-submissions-002.json
2007-05-02,4,0001127602-07-001689,2007-04-30,xslF345X02/form4.xml,CIK0001288776-submissions-002.json
2007-05-02,4,0001127602-07-001688,2007-04-30,xslF345X02/form4.xml,CIK0001288776-submissions-002.json
2007-05-02,4,0001127602-07-001687,2007-04-30,xslF345X02/form4.xml,CIK0001288776-submissions-002.json
2007-05-02,4,0001127602-07-001686,2007-04-30,xslF345X02/form4.xml,CIK0001288776-submissions-002.json
2007-05-02,4,0001127602-07-001685,2007-04-30,xslF345X02/form4.xml,CIK0001288776-submissions-002.json
2007-05-02,4,0001127602-07-001684,2007-04-30,xslF345X02/form4.xml,CIK0001288776-submissions-002.json
2007-05-02,4,0001127602-07-001683,2007-04-30,xslF345X02/form4.xml,CIK0001288776-submissions-002.json
2007-05-02,4,0001127602-07-001682,2007-04-30,xslF345X02/form4.xml,CIK0001288776-submissions-002.json
2007-05-02,4,0001127602-07-001681,2007-04-30,xslF345X02/form4.xml,CIK0001288776-submissions-002.json
2007-05-02,4,0001127602-07-001680,2007-04-30,xslF345X02/form4.xml,CIK0001288776-submissions-002.json
2007-05-02,4,0001127602-07-001679,2007-04-30,xslF345X02/form4.xml,CIK0001288776-submissions-002.json
2007-05-02,4,0001127602-07-001678,2007-04-30,xslF345X02/form4.xml,CIK0001288776-submissions-002.json
2007-05-02,4,0001127602-07-001677,2007-04-30,xslF345X02/form4.xml,CIK0001288776-submissions-002.json
2007-05-02,4,0001127602-07-001676,2007-04-30,xslF345X02/form4.xml,CIK0001288776-submissions-002.json
2007-05-02,4,0001127602-07-001675,2007-04-30,xslF345X02/form4.xml,CIK0001288776-submissions-002.json
2007-05-02,4,0001127602-07-001674,2007-04-30,xslF345X02/form4.xml,CIK0001288776-submissions-002.json
2007-05-02,4,0001127602-07-001673,2007-04-30,xslF345X02/form4.xml,CIK0001288776-submissions-002.json
2007-05-02,4,0001127602-07-001672,2007-04-30,xslF345X02/form4.xml,CIK0001288776-submissions-002.json
2007-05-02,4,0001127602-07-001671,2007-04-30,xslF345X02/form4.xml,CIK0001288776-submissions-002.json
2007-05-02,4,0001127602-07-001670,2007-04-30,xslF345X02/form4.xml,CIK0001288776-submissions-002.json
2007-05-02,4,0001127602-07-001669,2007-04-30,xslF345X02/form4.xml,CIK0001288776-submissions-002.json
2007-05-02,4,0001127602-07-001668,2007-04-30,xslF345X02/form4.xml,CIK0001288776-submissions-002.json
2007-05-02,4,0001127602-07-001667,2007-04-30,xslF345X02/form4.xml,CIK0001288776-submissions-002.json
2007-05-02,4,0001127602-07-001666,2007-04-30,xslF345X02/form4.xml,CIK0001288776-submissions-002.json
2007-05-02,4,0001127602-07-001665,2007-04-30,xslF345X02/form4.xml,CIK0001288776-submissions-002.json
2007-05-02,4,0001127602-07-001664,2007-04-30,xslF345X02/form4.xml,CIK0001288776-submissions-002.json
2007-05-02,4,0001127602-07-001663,2007-04-30,xslF345X02/form4.xml,CIK0001288776-submissions-002.json
2007-05-02,4,0001127602-07-001662,2007-04-30,xslF345X02/form4.xml,CIK0001288776-submissions-002.json
2007-05-02,4,0001127602-07-001661,2007-04-30,xslF345X02/form4.xml,CIK0001288776-submissions-002.json
2007-05-02,4,0001127602-07-001659,2007-04-30,xslF345X02/form4.xml,CIK0001288776-submissions-002.json
2007-05-02,4,0001127602-07-001657,2007-04-30,xslF345X02/form4.xml,CIK0001288776-submissions-002.json
2007-05-02,4,0001127602-07-001656,2007-04-30,xslF345X02/form4.xml,CIK0001288776-submissions-002.json
2007-05-02,4,0001127602-07-001655,2007-04-30,xslF345X02/form4.xml,CIK0001288776-submissions-002.json
2007-05-02,4,0001127602-07-001654,2007-04-30,xslF345X02/form4.xml,CIK0001288776-submissions-002.json
2007-05-03,4,0001181431-07-029687,2007-05-01,xslF345X02/rrd156971.xml,CIK0001288776-submissions-002.json
2007-05-03,4,0001181431-07-029685,2007-05-01,xslF345X02/rrd157122.xml,CIK0001288776-submissions-002.json
2007-05-03,4,0001181431-07-029684,2007-05-01,xslF345X02/rrd157000.xml,CIK0001288776-submissions-002.json
2007-05-03,4,0001181431-07-029683,2007-05-01,xslF345X02/rrd156993.xml,CIK0001288776-submissions-002.json
2007-05-03,4,0001181431-07-029682,2007-05-01,xslF345X02/rrd156990.xml,CIK0001288776-submissions-002.json
2007-05-07,4,0001181431-07-030435,2007-05-03,xslF345X02/rrd157590.xml,CIK0001288776-submissions-002.json
2007-05-07,4,0001181431-07-030152,2007-05-02,xslF345X02/rrd157341.xml,CIK0001288776-submissions-002.json
2007-05-07,4,0001181431-07-030147,2007-05-02,xslF345X02/rrd157322.xml,CIK0001288776-submissions-002.json
2007-05-07,4,0001181431-07-030144,2007-05-02,xslF345X02/rrd157314.xml,CIK0001288776-submissions-002.json
2007-05-07,FWP,0001193125-07-104493,,dfwp.htm,CIK0001288776-submissions-002.json
2007-05-08,4,0001181431-07-030772,2007-05-04,xslF345X02/rrd157664.xml,CIK0001288776-submissions-002.json
2007-05-09,10-Q,0001193125-07-108436,2007-03-31,d10q.htm,CIK0001288776-submissions-002.json
2007-05-09,4,0001181431-07-031274,2007-05-07,xslF345X02/rrd157878.xml,CIK0001288776-submissions-002.json
2007-05-10,10-Q/A,0001193125-07-110490,2007-03-31,d10qa.htm,CIK0001288776-submissions-002.json
2007-05-15,8-K,0001193125-07-115893,2007-05-10,d8k.htm,CIK0001288776-submissions-002.json
2007-05-16,4,0001181431-07-033084,2007-05-14,xslF345X02/rrd159080.xml,CIK0001288776-submissions-002.json
2007-05-22,8-K,0001193125-07-120640,2007-05-22,d8k.htm,CIK0001288776-submissions-002.json
2007-05-23,4,0001181431-07-034964,2007-05-21,xslF345X02/rrd159995.xml,CIK0001288776-submissions-002.json
2007-05-24,4,0001181431-07-035398,2007-05-22,xslF345X02/rrd160003.xml,CIK0001288776-submissions-002.json
2007-05-24,UPLOAD,0000000000-07-026135,,googlenfcletter.pdf,CIK0001288776-submissions-002.json
2007-05-25,4,0001181431-07-035716,2007-05-23,xslF345X02/rrd160585.xml,CIK0001288776-submissions-002.json
2007-05-29,4,0001181431-07-036004,2007-05-24,xslF345X02/rrd160613.xml,CIK0001288776-submissions-002.json
2007-05-29,4,0001181431-07-036003,2007-05-24,xslF345X02/rrd160610.xml,CIK0001288776-submissions-002.json
2007-05-29,4,0001181431-07-036002,2007-05-24,xslF345X02/rrd160609.xml,CIK0001288776-submissions-002.json
2007-05-29,4,0001127602-07-002038,2007-05-24,xslF345X02/form4.xml,CIK0001288776-submissions-002.json
2007-05-29,4,0001127602-07-002037,2007-05-24,xslF345X02/form4.xml,CIK0001288776-submissions-002.json
2007-05-29,4,0001127602-07-002036,2007-05-24,xslF345X02/form4.xml,CIK0001288776-submissions-002.json
2007-05-29,4,0001127602-07-002035,2007-05-24,xslF345X02/form4.xml,CIK0001288776-submissions-002.json
2007-05-29,4,0001127602-07-002034,2007-05-24,xslF345X02/form4.xml,CIK0001288776-submissions-002.json
2007-05-29,4,0001127602-07-002033,2007-05-24,xslF345X02/form4.xml,CIK0001288776-submissions-002.json
2007-05-29,4,0001127602-07-002032,2007-05-24,xslF345X02/form4.xml,CIK0001288776-submissions-002.json
2007-05-29,4,0001127602-07-002031,2007-05-24,xslF345X02/form4.xml,CIK0001288776-submissions-002.json
2007-05-29,4,0001127602-07-002030,2007-05-24,xslF345X02/form4.xml,CIK0001288776-submissions-002.json
2007-05-29,4,0001127602-07-002029,2007-05-24,xslF345X02/form4.xml,CIK0001288776-submissions-002.json
2007-05-29,4,0001127602-07-002026,2007-05-24,xslF345X02/form4.xml,CIK0001288776-submissions-002.json
2007-05-29,4,0001127602-07-002025,2007-05-24,xslF345X02/form4.xml,CIK0001288776-submissions-002.json
2007-05-29,4,0001127602-07-002024,2007-05-24,xslF345X02/form4.xml,CIK0001288776-submissions-002.json
2007-05-29,4,0001127602-07-002023,2007-05-24,xslF345X02/form4.xml,CIK0001288776-submissions-002.json
2007-05-29,4,0001127602-07-002022,2007-05-24,xslF345X02/form4.xml,CIK0001288776-submissions-002.json
2007-05-29,4,0001127602-07-002020,2007-05-24,xslF345X02/form4.xml,CIK0001288776-submissions-002.json
2007-05-29,4,0001127602-07-002019,2007-05-24,xslF345X02/form4.xml,CIK0001288776-submissions-002.json
2007-05-29,4,0001127602-07-002018,2007-05-24,xslF345X02/form4.xml,CIK0001288776-submissions-002.json
2007-05-29,4,0001127602-07-002017,2007-05-24,xslF345X02/form4.xml,CIK0001288776-submissions-002.json
2007-05-29,4,0001127602-07-002016,2007-05-24,xslF345X02/form4.xml,CIK0001288776-submissions-002.json
2007-05-29,4,0001127602-07-002015,2007-05-24,xslF345X02/form4.xml,CIK0001288776-submissions-002.json
2007-05-29,4,0001127602-07-002006,2007-05-24,xslF345X02/form4.xml,CIK0001288776-submissions-002.json
2007-05-29,4,0001127602-07-002005,2007-05-24,xslF345X02/form4.xml,CIK0001288776-submissions-002.json
2007-05-29,4,0001127602-07-002004,2007-05-24,xslF345X02/form4.xml,CIK0001288776-submissions-002.json
2007-05-29,4,0001127602-07-002003,2007-05-24,xslF345X02/form4.xml,CIK0001288776-submissions-002.json
2007-05-29,4,0001127602-07-002002,2007-05-24,xslF345X02/form4.xml,CIK0001288776-submissions-002.json
2007-05-29,4,0001127602-07-002001,2007-05-24,xslF345X02/form4.xml,CIK0001288776-submissions-002.json
2007-05-29,4,0001127602-07-002000,2007-05-24,xslF345X02/form4.xml,CIK0001288776-submissions-002.json
2007-05-29,4,0001127602-07-001999,2007-05-24,xslF345X02/form4.xml,CIK0001288776-submissions-002.json
2007-05-29,4,0001127602-07-001998,2007-05-24,xslF345X02/form4.xml,CIK0001288776-submissions-002.json
2007-05-29,4,0001127602-07-001997,2007-05-24,xslF345X02/form4.xml,CIK0001288776-submissions-002.json
2007-05-29,4,0001127602-07-001996,2007-05-24,xslF345X02/form4.xml,CIK0001288776-submissions-002.json
2007-05-29,4,0001127602-07-001995,2007-05-24,xslF345X02/form4.xml,CIK0001288776-submissions-002.json
2007-05-29,4,0001127602-07-001994,2007-05-24,xslF345X02/form4.xml,CIK0001288776-submissions-002.json
2007-05-29,4,0001127602-07-001993,2007-05-24,xslF345X02/form4.xml,CIK0001288776-submissions-002.json
2007-05-29,4,0001127602-07-001991,2007-05-24,xslF345X02/form4.xml,CIK0001288776-submissions-002.json
2007-05-29,4,0001127602-07-001990,2007-05-24,xslF345X02/form4.xml,CIK0001288776-submissions-002.json
2007-05-29,4,0001127602-07-001988,2007-05-24,xslF345X02/form4.xml,CIK0001288776-submissions-002.json
2007-05-29,4,0001127602-07-001987,2007-05-24,xslF345X02/form4.xml,CIK0001288776-submissions-002.json
2007-05-29,4,0001127602-07-001986,2007-05-24,xslF345X02/form4.xml,CIK0001288776-submissions-002.json
2007-05-29,4,0001127602-07-001984,2007-05-24,xslF345X02/form4.xml,CIK0001288776-submissions-002.json
2007-05-29,4,0001127602-07-001982,2007-05-24,xslF345X02/form4.xml,CIK0001288776-submissions-002.json
2007-05-29,4,0001127602-07-001981,2007-05-24,xslF345X02/form4.xml,CIK0001288776-submissions-002.json
2007-05-29,4,0001127602-07-001980,2007-05-24,xslF345X02/form4.xml,CIK0001288776-submissions-002.json
2007-05-29,4,0001127602-07-001979,2007-05-24,xslF345X02/form4.xml,CIK0001288776-submissions-002.json
2007-05-29,4,0001127602-07-001978,2007-05-24,xslF345X02/form4.xml,CIK0001288776-submissions-002.json
2007-05-29,4,0001127602-07-001977,2007-05-24,xslF345X02/form4.xml,CIK0001288776-submissions-002.json
2007-05-29,4,0001127602-07-001976,2007-05-24,xslF345X02/form4.xml,CIK0001288776-submissions-002.json
2007-05-29,4,0001127602-07-001975,2007-05-24,xslF345X02/form4.xml,CIK0001288776-submissions-002.json
2007-05-29,4,0001127602-07-001974,2007-05-24,xslF345X02/form4.xml,CIK0001288776-submissions-002.json
2007-05-29,4,0001127602-07-001973,2007-05-24,xslF345X02/form4.xml,CIK0001288776-submissions-002.json
2007-05-29,4,0001127602-07-001972,2007-05-24,xslF345X02/form4.xml,CIK0001288776-submissions-002.json
2007-05-29,4,0001127602-07-001971,2007-05-24,xslF345X02/form4.xml,CIK0001288776-submissions-002.json
2007-05-29,4,0001127602-07-001970,2007-05-24,xslF345X02/form4.xml,CIK0001288776-submissions-002.json
2007-05-29,4,0001127602-07-001969,2007-05-24,xslF345X02/form4.xml,CIK0001288776-submissions-002.json
2007-05-29,4,0001127602-07-001968,2007-05-24,xslF345X02/form4.xml,CIK0001288776-submissions-002.json
2007-05-29,4,0001127602-07-001967,2007-05-24,xslF345X02/form4.xml,CIK0001288776-submissions-002.json
2007-05-29,4,0001127602-07-001966,2007-05-24,xslF345X02/form4.xml,CIK0001288776-submissions-002.json
2007-05-29,4,0001127602-07-001965,2007-05-24,xslF345X02/form4.xml,CIK0001288776-submissions-002.json
2007-05-29,4,0001127602-07-001964,2007-05-24,xslF345X02/form4.xml,CIK0001288776-submissions-002.json
2007-05-29,4,0001127602-07-001963,2007-05-24,xslF345X02/form4.xml,CIK0001288776-submissions-002.json
2007-05-29,4,0001127602-07-001962,2007-05-24,xslF345X02/form4.xml,CIK0001288776-submissions-002.json
2007-05-29,8-K,0001193125-07-124889,2007-05-25,d8k.htm,CIK0001288776-submissions-002.json
2007-05-30,4,0001127602-07-002140,2007-05-25,xslF345X02/form4.xml,CIK0001288776-submissions-001.json
2007-05-30,4,0001127602-07-002139,2007-05-25,xslF345X02/form4.xml,CIK0001288776-submissions-001.json
2007-05-30,4,0001127602-07-002138,2007-05-25,xslF345X02/form4.xml,CIK0001288776-submissions-001.json
2007-05-30,4,0001127602-07-002137,2007-05-25,xslF345X02/form4.xml,CIK0001288776-submissions-001.json
2007-05-30,4,0001127602-07-002136,2007-05-25,xslF345X02/form4.xml,CIK0001288776-submissions-001.json
2007-05-30,4,0001127602-07-002135,2007-05-25,xslF345X02/form4.xml,CIK0001288776-submissions-001.json
2007-05-30,4,0001127602-07-002134,2007-05-25,xslF345X02/form4.xml,CIK0001288776-submissions-001.json
2007-05-30,4,0001127602-07-002133,2007-05-25,xslF345X02/form4.xml,CIK0001288776-submissions-001.json
2007-05-30,4,0001127602-07-002132,2007-05-25,xslF345X02/form4.xml,CIK0001288776-submissions-001.json
2007-05-30,4,0001127602-07-002131,2007-05-25,xslF345X02/form4.xml,CIK0001288776-submissions-001.json
2007-05-30,4,0001127602-07-002130,2007-05-25,xslF345X02/form4.xml,CIK0001288776-submissions-001.json
2007-05-30,4,0001127602-07-002129,2007-05-25,xslF345X02/form4.xml,CIK0001288776-submissions-001.json
2007-05-30,4,0001127602-07-002128,2007-05-25,xslF345X02/form4.xml,CIK0001288776-submissions-001.json
2007-05-30,4,0001127602-07-002127,2007-05-25,xslF345X02/form4.xml,CIK0001288776-submissions-001.json
2007-05-30,4,0001127602-07-002126,2007-05-25,xslF345X02/form4.xml,CIK0001288776-submissions-001.json
2007-05-30,4,0001127602-07-002125,2007-05-25,xslF345X02/form4.xml,CIK0001288776-submissions-001.json
2007-05-30,4,0001127602-07-002124,2007-05-25,xslF345X02/form4.xml,CIK0001288776-submissions-001.json
2007-05-30,4,0001127602-07-002123,2007-05-25,xslF345X02/form4.xml,CIK0001288776-submissions-001.json
2007-05-30,4,0001127602-07-002122,2007-05-25,xslF345X02/form4.xml,CIK0001288776-submissions-001.json
2007-05-30,4,0001127602-07-002121,2007-05-25,xslF345X02/form4.xml,CIK0001288776-submissions-001.json
2007-05-30,4,0001181431-07-036364,2007-05-25,xslF345X02/rrd160776.xml,CIK0001288776-submissions-001.json
2007-05-30,4,0001181431-07-036362,2007-05-25,xslF345X02/rrd160774.xml,CIK0001288776-submissions-001.json
2007-05-30,4,0001127602-07-002120,2007-05-25,xslF345X02/form4.xml,CIK0001288776-submissions-001.json
2007-05-30,4,0001181431-07-036264,2007-05-25,xslF345X02/rrd160773.xml,CIK0001288776-submissions-001.json
2007-05-30,4,0001127602-07-002092,2007-05-25,xslF345X02/form4.xml,CIK0001288776-submissions-001.json
2007-05-30,4,0001127602-07-002091,2007-05-25,xslF345X02/form4.xml,CIK0001288776-submissions-001.json
2007-05-30,4,0001127602-07-002090,2007-05-25,xslF345X02/form4.xml,CIK0001288776-submissions-001.json
2007-05-30,4,0001127602-07-002087,2007-05-25,xslF345X02/form4.xml,CIK0001288776-submissions-001.json
2007-05-30,4,0001127602-07-002086,2007-05-25,xslF345X02/form4.xml,CIK0001288776-submissions-001.json
2007-05-30,4,0001127602-07-002085,2007-05-25,xslF345X02/form4.xml,CIK0001288776-submissions-001.json
2007-05-30,4,0001127602-07-002084,2007-05-25,xslF345X02/form4.xml,CIK0001288776-submissions-001.json
2007-05-30,4,0001127602-07-002083,2007-05-25,xslF345X02/form4.xml,CIK0001288776-submissions-001.json
2007-05-30,4,0001127602-07-002082,2007-05-25,xslF345X02/form4.xml,CIK0001288776-submissions-001.json
2007-05-30,4,0001127602-07-002081,2007-05-25,xslF345X02/form4.xml,CIK0001288776-submissions-001.json
2007-05-30,4,0001127602-07-002080,2007-05-25,xslF345X02/form4.xml,CIK0001288776-submissions-001.json
2007-05-30,4,0001127602-07-002079,2007-05-25,xslF345X02/form4.xml,CIK0001288776-submissions-001.json
2007-05-30,4,0001127602-07-002077,2007-05-25,xslF345X02/form4.xml,CIK0001288776-submissions-001.json
2007-05-30,4,0001127602-07-002076,2007-05-25,xslF345X02/form4.xml,CIK0001288776-submissions-001.json
2007-05-30,4,0001127602-07-002074,2007-05-25,xslF345X02/form4.xml,CIK0001288776-submissions-001.json
2007-05-30,4,0001127602-07-002073,2007-05-25,xslF345X02/form4.xml,CIK0001288776-submissions-001.json
2007-05-30,4,0001127602-07-002072,2007-05-25,xslF345X02/form4.xml,CIK0001288776-submissions-001.json
2007-05-30,4,0001127602-07-002070,2007-05-25,xslF345X02/form4.xml,CIK0001288776-submissions-001.json
2007-05-30,4,0001127602-07-002069,2007-05-25,xslF345X02/form4.xml,CIK0001288776-submissions-001.json
2007-05-30,4,0001127602-07-002068,2007-05-25,xslF345X02/form4.xml,CIK0001288776-submissions-001.json
2007-05-30,4,0001127602-07-002066,2007-05-25,xslF345X02/form4.xml,CIK0001288776-submissions-001.json
2007-05-30,4,0001127602-07-002065,2007-05-25,xslF345X02/form4.xml,CIK0001288776-submissions-001.json
2007-05-30,4,0001127602-07-002063,2007-05-25,xslF345X02/form4.xml,CIK0001288776-submissions-001.json
2007-05-30,4,0001127602-07-002062,2007-05-25,xslF345X02/form4.xml,CIK0001288776-submissions-001.json
2007-05-30,4,0001127602-07-002061,2007-05-25,xslF345X02/form4.xml,CIK0001288776-submissions-001.json
2007-05-30,4,0001127602-07-002060,2007-05-25,xslF345X02/form4.xml,CIK0001288776-submissions-001.json
2007-05-30,4,0001127602-07-002058,2007-05-25,xslF345X02/form4.xml,CIK0001288776-submissions-001.json
2007-05-30,4,0001127602-07-002057,2007-05-25,xslF345X02/form4.xml,CIK0001288776-submissions-001.json
2007-05-30,4,0001127602-07-002056,2007-05-25,xslF345X02/form4.xml,CIK0001288776-submissions-001.json
2007-05-30,4,0001127602-07-002055,2007-05-25,xslF345X02/form4.xml,CIK0001288776-submissions-001.json
2007-05-30,4,0001127602-07-002054,2007-05-25,xslF345X02/form4.xml,CIK0001288776-submissions-001.json
2007-05-30,4,0001127602-07-002053,2007-05-25,xslF345X02/form4.xml,CIK0001288776-submissions-001.json
2007-05-30,4,0001127602-07-002052,2007-05-25,xslF345X02/form4.xml,CIK0001288776-submissions-001.json
2007-05-30,4,0001127602-07-002051,2007-05-25,xslF345X02/form4.xml,CIK0001288776-submissions-001.json
2007-05-30,4,0001127602-07-002050,2007-05-25,xslF345X02/form4.xml,CIK0001288776-submissions-001.json
2007-05-30,4,0001127602-07-002049,2007-05-25,xslF345X02/form4.xml,CIK0001288776-submissions-001.json
2007-05-30,4,0001127602-07-002048,2007-05-25,xslF345X02/form4.xml,CIK0001288776-submissions-001.json
2007-05-30,4,0001127602-07-002047,2007-05-25,xslF345X02/form4.xml,CIK0001288776-submissions-001.json
2007-05-30,4,0001127602-07-002046,2007-05-25,xslF345X02/form4.xml,CIK0001288776-submissions-001.json
2007-05-30,4,0001127602-07-002045,2007-05-25,xslF345X02/form4.xml,CIK0001288776-submissions-001.json
2007-05-30,4,0001127602-07-002044,2007-05-25,xslF345X02/form4.xml,CIK0001288776-submissions-001.json
2007-06-04,4,0001181431-07-037500,2007-06-04,xslF345X02/rrd161605.xml,CIK0001288776-submissions-001.json
2007-06-04,4,0001181431-07-037476,2007-06-01,xslF345X02/rrd161559.xml,CIK0001288776-submissions-001.json
2007-06-05,4,0001181431-07-038030,2007-06-01,xslF345X02/rrd161654.xml,CIK0001288776-submissions-001.json
2007-06-05,4,0001181431-07-038029,2007-06-01,xslF345X02/rrd161456.xml,CIK0001288776-submissions-001.json
2007-06-05,4,0001181431-07-038028,2007-06-01,xslF345X02/rrd161453.xml,CIK0001288776-submissions-001.json
2007-06-05,4,0001181431-07-038027,2007-06-01,xslF345X02/rrd161449.xml,CIK0001288776-submissions-001.json
2007-06-05,4,0001181431-07-038026,2007-06-01,xslF345X02/rrd161448.xml,CIK0001288776-submissions-001.json
2007-06-05,4,0001181431-07-038019,2007-06-05,xslF345X02/rrd161847.xml,CIK0001288776-submissions-001.json
2007-06-06,4,0001181431-07-038363,2007-06-06,xslF345X02/rrd162038.xml,CIK0001288776-submissions-001.json
2007-06-08,4,0001181431-07-038934,2007-06-07,xslF345X02/rrd162219.xml,CIK0001288776-submissions-001.json
2007-06-14,4,0001181431-07-040162,2007-06-12,xslF345X02/rrd162633.xml,CIK0001288776-submissions-001.json
2007-06-22,4,0001181431-07-041777,2007-06-20,xslF345X02/rrd163740.xml,CIK0001288776-submissions-001.json
2007-06-25,4,0001181431-07-042080,2007-06-22,xslF345X02/rrd163894.xml,CIK0001288776-submissions-001.json
2007-06-25,4,0001181431-07-042077,2007-06-21,xslF345X02/rrd163891.xml,CIK0001288776-submissions-001.json
2007-06-26,4,0001181431-07-042254,2007-05-02,xslF345X02/rrd164117.xml,CIK0001288776-submissions-001.json
2007-06-27,4,0001181431-07-042433,2007-06-26,xslF345X02/rrd164230.xml,CIK0001288776-submissions-001.json
2007-06-27,4,0001181431-07-042333,2007-06-25,xslF345X02/rrd164102.xml,CIK0001288776-submissions-001.json
2007-06-28,4,0001181431-07-042688,2007-06-26,xslF345X02/rrd164234.xml,CIK0001288776-submissions-001.json
2007-06-28,4,0001181431-07-042687,2007-06-26,xslF345X02/rrd164233.xml,CIK0001288776-submissions-001.json
2007-06-28,4,0001127602-07-002711,2007-06-26,xslF345X02/form4.xml,CIK0001288776-submissions-001.json
2007-06-28,4,0001127602-07-002710,2007-06-26,xslF345X02/form4.xml,CIK0001288776-submissions-001.json
2007-06-28,4,0001127602-07-002709,2007-06-26,xslF345X02/form4.xml,CIK0001288776-submissions-001.json
2007-06-28,4,0001127602-07-002708,2007-06-26,xslF345X02/form4.xml,CIK0001288776-submissions-001.json
2007-06-28,4,0001127602-07-002707,2007-06-26,xslF345X02/form4.xml,CIK0001288776-submissions-001.json
2007-06-28,4,0001127602-07-002706,2007-06-26,xslF345X02/form4.xml,CIK0001288776-submissions-001.json
2007-06-28,4,0001127602-07-002705,2007-06-26,xslF345X02/form4.xml,CIK0001288776-submissions-001.json
2007-06-28,4,0001127602-07-002704,2007-06-26,xslF345X02/form4.xml,CIK0001288776-submissions-001.json
2007-06-28,4,0001127602-07-002703,2007-06-26,xslF345X02/form4.xml,CIK0001288776-submissions-001.json
2007-06-28,4,0001127602-07-002702,2007-06-26,xslF345X02/form4.xml,CIK0001288776-submissions-001.json
2007-06-28,4,0001127602-07-002701,2007-06-26,xslF345X02/form4.xml,CIK0001288776-submissions-001.json
2007-06-28,4,0001127602-07-002700,2007-06-26,xslF345X02/form4.xml,CIK0001288776-submissions-001.json
2007-06-28,4,0001127602-07-002699,2007-06-26,xslF345X02/form4.xml,CIK0001288776-submissions-001.json
2007-06-28,4,0001127602-07-002698,2007-06-26,xslF345X02/form4.xml,CIK0001288776-submissions-001.json
2007-06-28,4,0001127602-07-002697,2007-06-26,xslF345X02/form4.xml,CIK0001288776-submissions-001.json
2007-06-28,4,0001127602-07-002696,2007-06-26,xslF345X02/form4.xml,CIK0001288776-submissions-001.json
2007-06-28,4,0001127602-07-002695,2007-06-26,xslF345X02/form4.xml,CIK0001288776-submissions-001.json
2007-06-28,4,0001127602-07-002694,2007-06-26,xslF345X02/form4.xml,CIK0001288776-submissions-001.json
2007-06-28,4,0001127602-07-002693,2007-06-26,xslF345X02/form4.xml,CIK0001288776-submissions-001.json
2007-06-28,4,0001127602-07-002689,2007-06-26,xslF345X02/form4.xml,CIK0001288776-submissions-001.json
2007-06-28,4,0001127602-07-002688,2007-06-26,xslF345X02/form4.xml,CIK0001288776-submissions-001.json
2007-06-28,4,0001127602-07-002687,2007-06-26,xslF345X02/form4.xml,CIK0001288776-submissions-001.json
2007-06-28,4,0001127602-07-002686,2007-06-26,xslF345X02/form4.xml,CIK0001288776-submissions-001.json
2007-06-28,4,0001127602-07-002685,2007-06-26,xslF345X02/form4.xml,CIK0001288776-submissions-001.json
2007-06-28,4,0001127602-07-002684,2007-06-26,xslF345X02/form4.xml,CIK0001288776-submissions-001.json
2007-06-28,4,0001127602-07-002683,2007-06-26,xslF345X02/form4.xml,CIK0001288776-submissions-001.json
2007-06-28,4,0001127602-07-002682,2007-06-26,xslF345X02/form4.xml,CIK0001288776-submissions-001.json
2007-06-28,4,0001127602-07-002681,2007-06-26,xslF345X02/form4.xml,CIK0001288776-submissions-001.json
2007-06-28,4,0001127602-07-002680,2007-06-26,xslF345X02/form4.xml,CIK0001288776-submissions-001.json
2007-06-28,4,0001127602-07-002679,2007-06-26,xslF345X02/form4.xml,CIK0001288776-submissions-001.json
2007-06-28,4,0001127602-07-002678,2007-06-26,xslF345X02/form4.xml,CIK0001288776-submissions-001.json
2007-06-28,4,0001127602-07-002677,2007-06-26,xslF345X02/form4.xml,CIK0001288776-submissions-001.json
2007-06-28,4,0001127602-07-002676,2007-06-26,xslF345X02/form4.xml,CIK0001288776-submissions-001.json
2007-06-28,4,0001127602-07-002675,2007-06-26,xslF345X02/form4.xml,CIK0001288776-submissions-001.json
2007-06-28,4,0001127602-07-002673,2007-06-26,xslF345X02/form4.xml,CIK0001288776-submissions-001.json
2007-06-28,4,0001127602-07-002670,2007-06-26,xslF345X02/form4.xml,CIK0001288776-submissions-001.json
2007-06-28,4,0001127602-07-002667,2007-06-26,xslF345X02/form4.xml,CIK0001288776-submissions-001.json
2007-06-28,4,0001127602-07-002656,2007-06-26,xslF345X02/form4.xml,CIK0001288776-submissions-001.json
2007-06-28,4,0001127602-07-002654,2007-06-26,xslF345X02/form4.xml,CIK0001288776-submissions-001.json
2007-06-28,4,0001127602-07-002647,2007-06-26,xslF345X02/form4.xml,CIK0001288776-submissions-001.json
2007-06-28,4,0001127602-07-002646,2007-06-26,xslF345X02/form4.xml,CIK0001288776-submissions-001.json
2007-06-28,4,0001127602-07-002644,2007-06-26,xslF345X02/form4.xml,CIK0001288776-submissions-001.json
2007-06-28,4,0001127602-07-002643,2007-06-26,xslF345X02/form4.xml,CIK0001288776-submissions-001.json
2007-06-28,4,0001127602-07-002642,2007-06-26,xslF345X02/form4.xml,CIK0001288776-submissions-001.json
2007-06-28,4,0001127602-07-002641,2007-06-26,xslF345X02/form4.xml,CIK0001288776-submissions-001.json
2007-06-28,4,0001127602-07-002640,2007-06-26,xslF345X02/form4.xml,CIK0001288776-submissions-001.json
2007-06-28,4,0001127602-07-002639,2007-06-26,xslF345X02/form4.xml,CIK0001288776-submissions-001.json
2007-06-28,4,0001127602-07-002638,2007-06-26,xslF345X02/form4.xml,CIK0001288776-submissions-001.json
2007-06-28,4,0001127602-07-002637,2007-06-26,xslF345X02/form4.xml,CIK0001288776-submissions-001.json
2007-06-28,4,0001127602-07-002636,2007-06-26,xslF345X02/form4.xml,CIK0001288776-submissions-001.json
2007-06-28,4,0001127602-07-002635,2007-06-26,xslF345X02/form4.xml,CIK0001288776-submissions-001.json
2007-06-28,4,0001127602-07-002634,2007-06-26,xslF345X02/form4.xml,CIK0001288776-submissions-001.json
2007-06-28,4,0001127602-07-002633,2007-06-26,xslF345X02/form4.xml,CIK0001288776-submissions-001.json
2007-06-28,4,0001127602-07-002632,2007-06-26,xslF345X02/form4.xml,CIK0001288776-submissions-001.json
2007-06-28,4,0001127602-07-002631,2007-06-26,xslF345X02/form4.xml,CIK0001288776-submissions-001.json
2007-06-28,4,0001127602-07-002630,2007-06-26,xslF345X02/form4.xml,CIK0001288776-submissions-001.json
2007-06-28,4,0001127602-07-002629,2007-06-26,xslF345X02/form4.xml,CIK0001288776-submissions-001.json
2007-06-28,4,0001127602-07-002628,2007-06-26,xslF345X02/form4.xml,CIK0001288776-submissions-001.json
2007-06-28,4,0001127602-07-002627,2007-06-26,xslF345X02/form4.xml,CIK0001288776-submissions-001.json
2007-06-28,4,0001127602-07-002626,2007-06-26,xslF345X02/form4.xml,CIK0001288776-submissions-001.json
2007-06-28,4,0001127602-07-002606,2007-06-26,xslF345X02/form4.xml,CIK0001288776-submissions-001.json
2007-06-28,4,0001127602-07-002603,2007-06-26,xslF345X02/form4.xml,CIK0001288776-submissions-001.json
2007-06-29,4,0001127602-07-002779,2007-06-27,xslF345X02/form4.xml,CIK0001288776-submissions-001.json
2007-06-29,4,0001127602-07-002778,2007-06-27,xslF345X02/form4.xml,CIK0001288776-submissions-001.json
2007-06-29,4,0001127602-07-002777,2007-06-27,xslF345X02/form4.xml,CIK0001288776-submissions-001.json
2007-06-29,4,0001127602-07-002776,2007-06-27,xslF345X02/form4.xml,CIK0001288776-submissions-001.json
2007-06-29,4,0001127602-07-002775,2007-06-27,xslF345X02/form4.xml,CIK0001288776-submissions-001.json
2007-06-29,4,0001127602-07-002774,2007-06-27,xslF345X02/form4.xml,CIK0001288776-submissions-001.json
2007-06-29,4,0001127602-07-002773,2007-06-27,xslF345X02/form4.xml,CIK0001288776-submissions-001.json
2007-06-29,4,0001127602-07-002772,2007-06-27,xslF345X02/form4.xml,CIK0001288776-submissions-001.json
2007-06-29,4,0001127602-07-002771,2007-06-27,xslF345X02/form4.xml,CIK0001288776-submissions-001.json
2007-06-29,4,0001127602-07-002770,2007-06-27,xslF345X02/form4.xml,CIK0001288776-submissions-001.json
2007-06-29,4,0001127602-07-002769,2007-06-27,xslF345X02/form4.xml,CIK0001288776-submissions-001.json
2007-06-29,4,0001127602-07-002768,2007-06-27,xslF345X02/form4.xml,CIK0001288776-submissions-001.json
2007-06-29,4,0001127602-07-002767,2007-06-27,xslF345X02/form4.xml,CIK0001288776-submissions-001.json
2007-06-29,4,0001127602-07-002766,2007-06-27,xslF345X02/form4.xml,CIK0001288776-submissions-001.json
2007-06-29,4,0001127602-07-002765,2007-06-27,xslF345X02/form4.xml,CIK0001288776-submissions-001.json
2007-06-29,4,0001127602-07-002764,2007-06-27,xslF345X02/form4.xml,CIK0001288776-submissions-001.json
2007-06-29,4,0001127602-07-002763,2007-06-27,xslF345X02/form4.xml,CIK0001288776-submissions-001.json
2007-06-29,4,0001127602-07-002762,2007-06-27,xslF345X02/form4.xml,CIK0001288776-submissions-001.json
2007-06-29,4,0001127602-07-002761,2007-06-27,xslF345X02/form4.xml,CIK0001288776-submissions-001.json
2007-06-29,4,0001127602-07-002760,2007-06-27,xslF345X02/form4.xml,CIK0001288776-submissions-001.json
2007-06-29,4,0001127602-07-002759,2007-06-27,xslF345X02/form4.xml,CIK0001288776-submissions-001.json
2007-06-29,4,0001127602-07-002758,2007-06-27,xslF345X02/form4.xml,CIK0001288776-submissions-001.json
2007-06-29,4,0001127602-07-002757,2007-06-27,xslF345X02/form4.xml,CIK0001288776-submissions-001.json
2007-06-29,4,0001127602-07-002756,2007-06-27,xslF345X02/form4.xml,CIK0001288776-submissions-001.json
2007-06-29,4,0001127602-07-002755,2007-06-27,xslF345X02/form4.xml,CIK0001288776-submissions-001.json
2007-06-29,4,0001127602-07-002754,2007-06-27,xslF345X02/form4.xml,CIK0001288776-submissions-001.json
2007-06-29,4,0001127602-07-002753,2007-06-27,xslF345X02/form4.xml,CIK0001288776-submissions-001.json
2007-06-29,4,0001127602-07-002752,2007-06-27,xslF345X02/form4.xml,CIK0001288776-submissions-001.json
2007-06-29,4,0001127602-07-002751,2007-06-27,xslF345X02/form4.xml,CIK0001288776-submissions-001.json
2007-06-29,4,0001127602-07-002750,2007-06-27,xslF345X02/form4.xml,CIK0001288776-submissions-001.json
2007-06-29,4,0001181431-07-042916,2007-06-27,xslF345X02/rrd164422.xml,CIK0001288776-submissions-001.json
2007-06-29,4,0001181431-07-042915,2007-06-27,xslF345X02/rrd164421.xml,CIK0001288776-submissions-001.json
2007-07-05,4,0001127602-07-002921,2007-07-05,xslF345X02/form4.xml,CIK0001288776-submissions-001.json
2007-07-05,4,0001127602-07-002920,2007-07-03,xslF345X02/form4.xml,CIK0001288776-submissions-001.json
2007-07-05,4,0001127602-07-002919,2007-07-02,xslF345X02/form4.xml,CIK0001288776-submissions-001.json
2007-07-05,4,0001127602-07-002918,2007-07-02,xslF345X02/form4.xml,CIK0001288776-submissions-001.json
2007-07-05,4,0001127602-07-002917,2007-07-02,xslF345X02/form4.xml,CIK0001288776-submissions-001.json
2007-07-05,4,0001127602-07-002916,2007-07-02,xslF345X02/form4.xml,CIK0001288776-submissions-001.json
2007-07-05,4,0001127602-07-002915,2007-07-02,xslF345X02/form4.xml,CIK0001288776-submissions-001.json
2007-07-06,4,0001127602-07-002926,2007-07-06,xslF345X02/form4.xml,CIK0001288776-submissions-001.json
2007-07-09,4,0001127602-07-002928,2007-07-09,xslF345X02/form4.xml,CIK0001288776-submissions-001.json
2007-07-16,4,0001127602-07-002979,2007-07-13,xslF345X02/form4.xml,CIK0001288776-submissions-001.json
2007-07-17,4,0001127602-07-002989,2007-07-13,xslF345X02/form4.xml,CIK0001288776-submissions-001.json
2007-07-19,8-K,0001193125-07-158138,2007-07-19,d8k.htm,CIK0001288776-submissions-001.json
2007-07-20,424B3,0001193125-07-158959,,d424b3.htm,CIK0001288776-submissions-001.json
2007-07-20,8-K,0001193125-07-159059,2007-07-20,d8k.htm,CIK0001288776-submissions-001.json
2007-07-23,4,0001127602-07-003050,2007-07-23,xslF345X02/form4.xml,CIK0001288776-submissions-001.json
2007-07-23,4,0001127602-07-003044,2007-07-20,xslF345X02/form4.xml,CIK0001288776-submissions-001.json
2007-07-26,4,0001127602-07-003061,2007-07-24,xslF345X02/form4.xml,CIK0001288776-submissions-001.json
2007-07-26,4,0001127602-07-003060,2007-07-26,xslF345X02/form4.xml,CIK0001288776-submissions-001.json
2007-07-26,4,0001127602-07-003059,2007-07-25,xslF345X02/form4.xml,CIK0001288776-submissions-001.json
2007-07-26,4,0001127602-07-003058,2007-07-24,xslF345X02/form4.xml,CIK0001288776-submissions-001.json
2007-07-31,4,0001127602-07-003152,2007-07-27,xslF345X02/form4.xml,CIK0001288776-submissions-001.json
2007-07-31,4,0001127602-07-003151,2007-07-27,xslF345X02/form4.xml,CIK0001288776-submissions-001.json
2007-07-31,4,0001127602-07-003150,2007-07-27,xslF345X02/form4.xml,CIK0001288776-submissions-001.json
2007-07-31,4,0001127602-07-003149,2007-07-27,xslF345X02/form4.xml,CIK0001288776-submissions-001.json
2007-07-31,4,0001127602-07-003148,2007-07-27,xslF345X02/form4.xml,CIK0001288776-submissions-001.json
2007-07-31,4,0001127602-07-003147,2007-07-27,xslF345X02/form4.xml,CIK0001288776-submissions-001.json
2007-07-31,4,0001127602-07-003146,2007-07-27,xslF345X02/form4.xml,CIK0001288776-submissions-001.json
2007-07-31,4,0001127602-07-003145,2007-07-27,xslF345X02/form4.xml,CIK0001288776-submissions-001.json
2007-07-31,4,0001127602-07-003144,2007-07-27,xslF345X02/form4.xml,CIK0001288776-submissions-001.json
2007-07-31,4,0001127602-07-003143,2007-07-27,xslF345X02/form4.xml,CIK0001288776-submissions-001.json
2007-07-31,4,0001127602-07-003142,2007-07-27,xslF345X02/form4.xml,CIK0001288776-submissions-001.json
2007-07-31,4,0001127602-07-003141,2007-07-27,xslF345X02/form4.xml,CIK0001288776-submissions-001.json
2007-07-31,4,0001127602-07-003140,2007-07-27,xslF345X02/form4.xml,CIK0001288776-submissions-001.json
2007-07-31,4,0001127602-07-003139,2007-07-27,xslF345X02/form4.xml,CIK0001288776-submissions-001.json
2007-07-31,4,0001127602-07-003138,2007-07-27,xslF345X02/form4.xml,CIK0001288776-submissions-001.json
2007-07-31,4,0001127602-07-003137,2007-07-27,xslF345X02/form4.xml,CIK0001288776-submissions-001.json
2007-07-31,4,0001127602-07-003136,2007-07-27,xslF345X02/form4.xml,CIK0001288776-submissions-001.json
2007-07-31,4,0001127602-07-003135,2007-07-27,xslF345X02/form4.xml,CIK0001288776-submissions-001.json
2007-07-31,4,0001127602-07-003134,2007-07-27,xslF345X02/form4.xml,CIK0001288776-submissions-001.json
2007-07-31,4,0001127602-07-003133,2007-07-27,xslF345X02/form4.xml,CIK0001288776-submissions-001.json
2007-07-31,4,0001127602-07-003132,2007-07-27,xslF345X02/form4.xml,CIK0001288776-submissions-001.json
2007-07-31,4,0001127602-07-003131,2007-07-27,xslF345X02/form4.xml,CIK0001288776-submissions-001.json
2007-07-31,4,0001127602-07-003130,2007-07-27,xslF345X02/form4.xml,CIK0001288776-submissions-001.json
2007-07-31,4,0001127602-07-003129,2007-07-27,xslF345X02/form4.xml,CIK0001288776-submissions-001.json
2007-07-31,4,0001127602-07-003128,2007-07-27,xslF345X02/form4.xml,CIK0001288776-submissions-001.json
2007-07-31,4,0001127602-07-003127,2007-07-27,xslF345X02/form4.xml,CIK0001288776-submissions-001.json
2007-07-31,4,0001127602-07-003126,2007-07-27,xslF345X02/form4.xml,CIK0001288776-submissions-001.json
2007-08-01,4,0001127602-07-003176,2007-07-31,xslF345X02/form4.xml,CIK0001288776-submissions-001.json
2007-08-01,4,0001127602-07-003175,2007-07-31,xslF345X02/form4.xml,CIK0001288776-submissions-001.json
2007-08-01,4,0001127602-07-003174,2007-07-31,xslF345X02/form4.xml,CIK0001288776-submissions-001.json
2007-08-01,4,0001127602-07-003173,2007-07-31,xslF345X02/form4.xml,CIK0001288776-submissions-001.json
2007-08-01,4,0001127602-07-003172,2007-07-31,xslF345X02/form4.xml,CIK0001288776-submissions-001.json
2007-08-01,4,0001127602-07-003171,2007-07-31,xslF345X02/form4.xml,CIK0001288776-submissions-001.json
2007-08-01,4,0001127602-07-003170,2007-07-31,xslF345X02/form4.xml,CIK0001288776-submissions-001.json
2007-08-01,4,0001127602-07-003169,2007-07-31,xslF345X02/form4.xml,CIK0001288776-submissions-001.json
2007-08-01,4,0001127602-07-003168,2007-07-31,xslF345X02/form4.xml,CIK0001288776-submissions-001.json
2007-08-01,4,0001127602-07-003167,2007-07-31,xslF345X02/form4.xml,CIK0001288776-submissions-001.json
2007-08-01,4,0001127602-07-003166,2007-07-31,xslF345X02/form4.xml,CIK0001288776-submissions-001.json
2007-08-01,4,0001127602-07-003165,2007-07-31,xslF345X02/form4.xml,CIK0001288776-submissions-001.json
2007-08-01,4,0001127602-07-003164,2007-07-31,xslF345X02/form4.xml,CIK0001288776-submissions-001.json
2007-08-01,4,0001127602-07-003163,2007-07-31,xslF345X02/form4.xml,CIK0001288776-submissions-001.json
2007-08-01,4,0001127602-07-003162,2007-07-31,xslF345X02/form4.xml,CIK0001288776-submissions-001.json
2007-08-01,4,0001127602-07-003161,2007-07-31,xslF345X02/form4.xml,CIK0001288776-submissions-001.json
2007-08-01,4,0001127602-07-003160,2007-07-31,xslF345X02/form4.xml,CIK0001288776-submissions-001.json
2007-08-01,4,0001127602-07-003159,2007-07-31,xslF345X02/form4.xml,CIK0001288776-submissions-001.json
2007-08-01,4,0001127602-07-003158,2007-07-31,xslF345X02/form4.xml,CIK0001288776-submissions-001.json
2007-08-01,4,0001127602-07-003157,2007-07-31,xslF345X02/form4.xml,CIK0001288776-submissions-001.json
2007-08-01,4/A,0001181431-07-049012,2007-05-02,xslF345X02/rrd165178.xml,CIK0001288776-submissions-001.json
2007-08-02,4,0001127602-07-003202,2007-08-02,xslF345X02/form4.xml,CIK0001288776-submissions-001.json
2007-08-02,4,0001127602-07-003201,2007-08-01,xslF345X02/form4.xml,CIK0001288776-submissions-001.json
2007-08-02,4,0001127602-07-003200,2007-07-31,xslF345X02/form4.xml,CIK0001288776-submissions-001.json
2007-08-02,4,0001127602-07-003199,2007-07-31,xslF345X02/form4.xml,CIK0001288776-submissions-001.json
2007-08-02,4,0001127602-07-003198,2007-07-31,xslF345X02/form4.xml,CIK0001288776-submissions-001.json
2007-08-02,4,0001127602-07-003197,2007-07-31,xslF345X02/form4.xml,CIK0001288776-submissions-001.json
2007-08-02,4,0001127602-07-003196,2007-07-31,xslF345X02/form4.xml,CIK0001288776-submissions-001.json
2007-08-02,4,0001127602-07-003195,2007-07-31,xslF345X02/form4.xml,CIK0001288776-submissions-001.json
2007-08-02,4,0001127602-07-003194,2007-07-31,xslF345X02/form4.xml,CIK0001288776-submissions-001.json
2007-08-02,4,0001127602-07-003193,2007-07-31,xslF345X02/form4.xml,CIK0001288776-submissions-001.json
2007-08-02,4,0001127602-07-003192,2007-07-31,xslF345X02/form4.xml,CIK0001288776-submissions-001.json
2007-08-02,4,0001127602-07-003191,2007-07-31,xslF345X02/form4.xml,CIK0001288776-submissions-001.json
2007-08-03,4,0001127602-07-003221,2007-08-01,xslF345X02/form4.xml,CIK0001288776-submissions-001.json
2007-08-03,4,0001127602-07-003220,2007-08-01,xslF345X02/form4.xml,CIK0001288776-submissions-001.json
2007-08-03,4,0001127602-07-003216,2007-08-01,xslF345X02/form4.xml,CIK0001288776-submissions-001.json
2007-08-03,4,0001127602-07-003215,2007-08-01,xslF345X02/form4.xml,CIK0001288776-submissions-001.json
2007-08-06,4,0001127602-07-003231,2007-08-03,xslF345X02/form4.xml,CIK0001288776-submissions-001.json
2007-08-07,4,0001127602-07-003251,2007-08-06,xslF345X02/form4.xml,CIK0001288776-submissions-001.json
2007-08-08,4,0001127602-07-003262,2007-08-07,xslF345X02/form4.xml,CIK0001288776-submissions-001.json
2007-08-09,10-Q,0001193125-07-175880,2007-06-30,d10q.htm,CIK0001288776-submissions-001.json
2007-08-14,4,0001127602-07-003301,2007-08-13,xslF345X02/form4.xml,CIK0001288776-submissions-001.json
2007-08-16,FWP,0001193125-07-184498,,dfwp.htm,CIK0001288776-submissions-001.json
2007-08-20,4,0001127602-07-003349,2007-08-20,xslF345X02/form4.xml,CIK0001288776-submissions-001.json
2007-08-22,4,0001127602-07-003370,2007-08-22,xslF345X02/form4.xml,CIK0001288776-submissions-001.json
2007-08-22,4,0001127602-07-003369,2007-08-21,xslF345X02/form4.xml,CIK0001288776-submissions-001.json
2007-08-27,4,0001127602-07-003388,2007-08-24,xslF345X02/form4.xml,CIK0001288776-submissions-001.json
2007-08-27,4,0001127602-07-003387,2007-08-23,xslF345X02/form4.xml,CIK0001288776-submissions-001.json
2007-08-27,FWP,0001193125-07-189648,,dfwp.htm,CIK0001288776-submissions-001.json
2007-08-28,8-K,0001193125-07-190912,2007-08-27,d8k.htm,CIK0001288776-submissions-001.json
2007-08-30,4,0001127602-07-003454,2007-08-28,xslF345X02/form4.xml,CIK0001288776-submissions-001.json
2007-08-30,4,0001127602-07-003453,2007-08-28,xslF345X02/form4.xml,CIK0001288776-submissions-001.json
2007-08-30,4,0001127602-07-003452,2007-08-28,xslF345X02/form4.xml,CIK0001288776-submissions-001.json
2007-08-30,4,0001127602-07-003451,2007-08-28,xslF345X02/form4.xml,CIK0001288776-submissions-001.json
2007-08-30,4,0001127602-07-003450,2007-08-28,xslF345X02/form4.xml,CIK0001288776-submissions-001.json
2007-08-30,4,0001127602-07-003449,2007-08-28,xslF345X02/form4.xml,CIK0001288776-submissions-001.json
2007-08-30,4,0001127602-07-003448,2007-08-28,xslF345X02/form4.xml,CIK0001288776-submissions-001.json
2007-08-30,4,0001127602-07-003447,2007-08-28,xslF345X02/form4.xml,CIK0001288776-submissions-001.json
2007-08-30,4,0001127602-07-003446,2007-08-28,xslF345X02/form4.xml,CIK0001288776-submissions-001.json
2007-08-30,4,0001127602-07-003445,2007-08-28,xslF345X02/form4.xml,CIK0001288776-submissions-001.json
2007-08-30,4,0001127602-07-003444,2007-08-28,xslF345X02/form4.xml,CIK0001288776-submissions-001.json
2007-08-30,4,0001127602-07-003443,2007-08-28,xslF345X02/form4.xml,CIK0001288776-submissions-001.json
2007-08-30,4,0001127602-07-003442,2007-08-28,xslF345X02/form4.xml,CIK0001288776-submissions-001.json
2007-08-30,4,0001127602-07-003441,2007-08-28,xslF345X02/form4.xml,CIK0001288776-submissions-001.json
2007-08-30,4,0001127602-07-003440,2007-08-28,xslF345X02/form4.xml,CIK0001288776-submissions-001.json
2007-08-30,4,0001127602-07-003439,2007-08-28,xslF345X02/form4.xml,CIK0001288776-submissions-001.json
2007-08-30,4,0001127602-07-003438,2007-08-28,xslF345X02/form4.xml,CIK0001288776-submissions-001.json
2007-08-30,4,0001127602-07-003437,2007-08-28,xslF345X02/form4.xml,CIK0001288776-submissions-001.json
2007-08-30,4,0001127602-07-003436,2007-08-28,xslF345X02/form4.xml,CIK0001288776-submissions-001.json
2007-08-30,4,0001127602-07-003435,2007-08-28,xslF345X02/form4.xml,CIK0001288776-submissions-001.json
2007-08-30,4,0001127602-07-003434,2007-08-28,xslF345X02/form4.xml,CIK0001288776-submissions-001.json
2007-08-30,4,0001127602-07-003433,2007-08-28,xslF345X02/form4.xml,CIK0001288776-submissions-001.json
2007-08-30,4,0001127602-07-003432,2007-08-28,xslF345X02/form4.xml,CIK0001288776-submissions-001.json
2007-08-30,4,0001127602-07-003431,2007-08-28,xslF345X02/form4.xml,CIK0001288776-submissions-001.json
2007-08-30,4,0001127602-07-003430,2007-08-28,xslF345X02/form4.xml,CIK0001288776-submissions-001.json
2007-08-30,4,0001127602-07-003429,2007-08-28,xslF345X02/form4.xml,CIK0001288776-submissions-001.json
2007-08-30,4,0001127602-07-003428,2007-08-28,xslF345X02/form4.xml,CIK0001288776-submissions-001.json
2007-09-05,4,0001127602-07-003555,2007-08-31,xslF345X02/form4.xml,CIK0001288776-submissions-001.json
2007-09-05,4,0001127602-07-003554,2007-08-31,xslF345X02/form4.xml,CIK0001288776-submissions-001.json
2007-09-05,4,0001127602-07-003553,2007-08-31,xslF345X02/form4.xml,CIK0001288776-submissions-001.json
2007-09-05,4,0001127602-07-003552,2007-08-31,xslF345X02/form4.xml,CIK0001288776-submissions-001.json
2007-09-05,4,0001127602-07-003551,2007-08-31,xslF345X02/form4.xml,CIK0001288776-submissions-001.json
2007-09-05,4,0001127602-07-003550,2007-08-31,xslF345X02/form4.xml,CIK0001288776-submissions-001.json
2007-09-05,4,0001127602-07-003549,2007-08-31,xslF345X02/form4.xml,CIK0001288776-submissions-001.json
2007-09-05,4,0001127602-07-003548,2007-08-31,xslF345X02/form4.xml,CIK0001288776-submissions-001.json
2007-09-05,4,0001127602-07-003547,2007-08-31,xslF345X02/form4.xml,CIK0001288776-submissions-001.json
2007-09-05,4,0001127602-07-003546,2007-08-31,xslF345X02/form4.xml,CIK0001288776-submissions-001.json
2007-09-05,4,0001127602-07-003545,2007-08-31,xslF345X02/form4.xml,CIK0001288776-submissions-001.json
2007-09-05,4,0001127602-07-003544,2007-08-31,xslF345X02/form4.xml,CIK0001288776-submissions-001.json
2007-09-05,4,0001127602-07-003543,2007-08-31,xslF345X02/form4.xml,CIK0001288776-submissions-001.json
2007-09-05,4,0001127602-07-003542,2007-08-31,xslF345X02/form4.xml,CIK0001288776-submissions-001.json
2007-09-05,4,0001127602-07-003538,2007-08-31,xslF345X02/form4.xml,CIK0001288776-submissions-001.json
2007-09-05,4,0001127602-07-003537,2007-08-31,xslF345X02/form4.xml,CIK0001288776-submissions-001.json
2007-09-05,4,0001127602-07-003536,2007-08-31,xslF345X02/form4.xml,CIK0001288776-submissions-001.json
2007-09-05,4,0001127602-07-003535,2007-08-31,xslF345X02/form4.xml,CIK0001288776-submissions-001.json
2007-09-05,4,0001127602-07-003534,2007-08-31,xslF345X02/form4.xml,CIK0001288776-submissions-001.json
2007-09-05,4,0001127602-07-003533,2007-08-31,xslF345X02/form4.xml,CIK0001288776-submissions-001.json
2007-09-05,4,0001127602-07-003531,2007-08-31,xslF345X02/form4.xml,CIK0001288776-submissions-001.json
2007-09-06,4,0001127602-07-003642,2007-09-04,xslF345X02/form4.xml,CIK0001288776-submissions-001.json
2007-09-06,4,0001127602-07-003641,2007-09-04,xslF345X02/form4.xml,CIK0001288776-submissions-001.json
2007-09-06,4,0001127602-07-003640,2007-09-04,xslF345X02/form4.xml,CIK0001288776-submissions-001.json
2007-09-06,4,0001127602-07-003639,2007-09-04,xslF345X02/form4.xml,CIK0001288776-submissions-001.json
2007-09-06,4,0001127602-07-003638,2007-09-04,xslF345X02/form4.xml,CIK0001288776-submissions-001.json
2007-09-06,4,0001127602-07-003637,2007-09-04,xslF345X02/form4.xml,CIK0001288776-submissions-001.json
2007-09-06,4,0001127602-07-003636,2007-09-04,xslF345X02/form4.xml,CIK0001288776-submissions-001.json
2007-09-06,UPLOAD,0000000000-07-043394,,filename1.pdf,CIK0001288776-submissions-001.json
2007-09-07,4,0001127602-07-003676,2007-09-05,xslF345X02/form4.xml,CIK0001288776-submissions-001.json
2007-09-07,4,0001127602-07-003675,2007-09-05,xslF345X02/form4.xml,CIK0001288776-submissions-001.json
2007-09-11,4,0001127602-07-003730,2007-09-10,xslF345X02/form4.xml,CIK0001288776-submissions-001.json
2007-09-11,4,0001127602-07-003729,2007-09-07,xslF345X02/form4.xml,CIK0001288776-submissions-001.json
2007-09-11,4,0001127602-07-003728,2007-09-06,xslF345X02/form4.xml,CIK0001288776-submissions-001.json
2007-09-11,4,0001127602-07-003727,2007-09-10,xslF345X02/form4.xml,CIK0001288776-submissions-001.json
2007-09-11,4,0001127602-07-003726,2007-09-07,xslF345X02/form4.xml,CIK0001288776-submissions-001.json
2007-09-11,4,0001127602-07-003725,2007-09-06,xslF345X02/form4.xml,CIK0001288776-submissions-001.json
2007-09-17,4,0001127602-07-003751,2007-09-13,xslF345X02/form4.xml,CIK0001288776-submissions-001.json
2007-09-18,4,0001127602-07-003777,2007-09-18,xslF345X02/form4.xml,CIK0001288776-submissions-001.json
2007-09-21,4,0001127602-07-003829,2007-09-21,xslF345X02/form4.xml,CIK0001288776-submissions-001.json
2007-09-21,4,0001127602-07-003828,2007-09-20,xslF345X02/form4.xml,CIK0001288776-submissions-001.json
2007-09-21,4,0001127602-07-003827,2007-09-20,xslF345X02/form4.xml,CIK0001288776-submissions-001.json
2007-09-21,CORRESP,0001193125-07-205236,,filename1.htm,CIK0001288776-submissions-001.json
2007-09-25,4,0001127602-07-003838,2007-09-25,xslF345X02/form4.xml,CIK0001288776-submissions-001.json
2007-09-25,4,0001127602-07-003837,2007-09-24,xslF345X02/form4.xml,CIK0001288776-submissions-001.json
2007-09-25,FWP,0001193125-07-206956,,dfwp.htm,CIK0001288776-submissions-001.json
2007-09-27,4,0001127602-07-003886,2007-09-25,xslF345X02/form4.xml,CIK0001288776-submissions-001.json
2007-09-27,4,0001127602-07-003885,2007-09-25,xslF345X02/form4.xml,CIK0001288776-submissions-001.json
2007-09-27,4,0001127602-07-003884,2007-09-25,xslF345X02/form4.xml,CIK0001288776-submissions-001.json
2007-09-27,4,0001127602-07-003883,2007-09-25,xslF345X02/form4.xml,CIK0001288776-submissions-001.json
2007-09-27,4,0001127602-07-003882,2007-09-25,xslF345X02/form4.xml,CIK0001288776-submissions-001.json
2007-09-27,4,0001127602-07-003881,2007-09-25,xslF345X02/form4.xml,CIK0001288776-submissions-001.json
2007-09-27,4,0001127602-07-003880,2007-09-25,xslF345X02/form4.xml,CIK0001288776-submissions-001.json
2007-09-27,4,0001127602-07-003879,2007-09-25,xslF345X02/form4.xml,CIK0001288776-submissions-001.json
2007-09-27,4,0001127602-07-003878,2007-09-25,xslF345X02/form4.xml,CIK0001288776-submissions-001.json
2007-09-27,4,0001127602-07-003877,2007-09-25,xslF345X02/form4.xml,CIK0001288776-submissions-001.json
2007-09-27,4,0001127602-07-003876,2007-09-25,xslF345X02/form4.xml,CIK0001288776-submissions-001.json
2007-09-27,4,0001127602-07-003875,2007-09-25,xslF345X02/form4.xml,CIK0001288776-submissions-001.json
2007-09-27,4,0001127602-07-003874,2007-09-25,xslF345X02/form4.xml,CIK0001288776-submissions-001.json
2007-09-27,4,0001127602-07-003873,2007-09-25,xslF345X02/form4.xml,CIK0001288776-submissions-001.json
2007-09-27,4,0001127602-07-003872,2007-09-25,xslF345X02/form4.xml,CIK0001288776-submissions-001.json
2007-09-27,4,0001127602-07-003871,2007-09-25,xslF345X02/form4.xml,CIK0001288776-submissions-001.json
2007-09-27,4,0001127602-07-003870,2007-09-25,xslF345X02/form4.xml,CIK0001288776-submissions-001.json
2007-09-27,4,0001127602-07-003869,2007-09-25,xslF345X02/form4.xml,CIK0001288776-submissions-001.json
2007-09-27,4,0001127602-07-003868,2007-09-25,xslF345X02/form4.xml,CIK0001288776-submissions-001.json
2007-09-27,4,0001127602-07-003867,2007-09-25,xslF345X02/form4.xml,CIK0001288776-submissions-001.json
2007-09-27,4,0001127602-07-003866,2007-09-25,xslF345X02/form4.xml,CIK0001288776-submissions-001.json
2007-09-27,4,0001127602-07-003865,2007-09-25,xslF345X02/form4.xml,CIK0001288776-submissions-001.json
2007-09-27,4,0001127602-07-003864,2007-09-25,xslF345X02/form4.xml,CIK0001288776-submissions-001.json
2007-09-28,4,0001127602-07-003933,2007-09-26,xslF345X02/form4.xml,CIK0001288776-submissions-001.json
2007-09-28,4,0001127602-07-003932,2007-09-26,xslF345X02/form4.xml,CIK0001288776-submissions-001.json
2007-09-28,4,0001127602-07-003931,2007-09-26,xslF345X02/form4.xml,CIK0001288776-submissions-001.json
2007-09-28,4,0001127602-07-003930,2007-09-26,xslF345X02/form4.xml,CIK0001288776-submissions-001.json
2007-09-28,4,0001127602-07-003929,2007-09-26,xslF345X02/form4.xml,CIK0001288776-submissions-001.json
2007-09-28,4,0001127602-07-003928,2007-09-26,xslF345X02/form4.xml,CIK0001288776-submissions-001.json
2007-09-28,4,0001127602-07-003927,2007-09-26,xslF345X02/form4.xml,CIK0001288776-submissions-001.json
2007-09-28,4,0001127602-07-003924,2007-09-26,xslF345X02/form4.xml,CIK0001288776-submissions-001.json
2007-09-28,4,0001127602-07-003923,2007-09-26,xslF345X02/form4.xml,CIK0001288776-submissions-001.json
2007-09-28,4,0001127602-07-003922,2007-09-26,xslF345X02/form4.xml,CIK0001288776-submissions-001.json
2007-09-28,4,0001127602-07-003921,2007-09-26,xslF345X02/form4.xml,CIK0001288776-submissions-001.json
2007-09-28,4,0001127602-07-003920,2007-09-26,xslF345X02/form4.xml,CIK0001288776-submissions-001.json
2007-09-28,4,0001127602-07-003919,2007-09-26,xslF345X02/form4.xml,CIK0001288776-submissions-001.json
2007-09-28,4,0001127602-07-003918,2007-09-26,xslF345X02/form4.xml,CIK0001288776-submissions-001.json
2007-09-28,4,0001127602-07-003917,2007-09-26,xslF345X02/form4.xml,CIK0001288776-submissions-001.json
2007-09-28,4,0001127602-07-003916,2007-09-26,xslF345X02/form4.xml,CIK0001288776-submissions-001.json
2007-09-28,4,0001127602-07-003915,2007-09-26,xslF345X02/form4.xml,CIK0001288776-submissions-001.json
2007-09-28,4,0001127602-07-003914,2007-09-26,xslF345X02/form4.xml,CIK0001288776-submissions-001.json
2007-09-28,4,0001127602-07-003913,2007-09-26,xslF345X02/form4.xml,CIK0001288776-submissions-001.json
2007-09-28,4,0001127602-07-003912,2007-09-26,xslF345X02/form4.xml,CIK0001288776-submissions-001.json
2007-09-28,4,0001127602-07-003911,2007-09-26,xslF345X02/form4.xml,CIK0001288776-submissions-001.json
2007-09-28,4,0001127602-07-003910,2007-09-26,xslF345X02/form4.xml,CIK0001288776-submissions-001.json
2007-09-28,4,0001127602-07-003909,2007-09-26,xslF345X02/form4.xml,CIK0001288776-submissions-001.json
2007-10-03,4,0001127602-07-004063,2007-10-01,xslF345X02/form4.xml,CIK0001288776-submissions-001.json
2007-10-03,4,0001127602-07-004062,2007-10-01,xslF345X02/form4.xml,CIK0001288776-submissions-001.json
2007-10-03,4,0001127602-07-004061,2007-10-01,xslF345X02/form4.xml,CIK0001288776-submissions-001.json
2007-10-03,4,0001127602-07-004058,2007-10-01,xslF345X02/form4.xml,CIK0001288776-submissions-001.json
2007-10-03,4,0001127602-07-004057,2007-10-01,xslF345X02/form4.xml,CIK0001288776-submissions-001.json
2007-10-03,4,0001127602-07-004044,2007-10-01,xslF345X02/form4.xml,CIK0001288776-submissions-001.json
2007-10-03,4,0001127602-07-004043,2007-10-01,xslF345X02/form4.xml,CIK0001288776-submissions-001.json
2007-10-04,4,0001127602-07-004074,2007-10-02,xslF345X02/form4.xml,CIK0001288776-submissions-001.json
2007-10-04,4,0001127602-07-004073,2007-10-02,xslF345X02/form4.xml,CIK0001288776-submissions-001.json
2007-10-05,4,0001127602-07-004081,2007-10-05,xslF345X02/form4.xml,CIK0001288776-submissions-001.json
2007-10-05,4,0001127602-07-004080,2007-10-05,xslF345X02/form4.xml,CIK0001288776-submissions-001.json
2007-10-05,4,0001127602-07-004079,2007-10-04,xslF345X02/form4.xml,CIK0001288776-submissions-001.json
2007-10-05,4,0001127602-07-004078,2007-10-04,xslF345X02/form4.xml,CIK0001288776-submissions-001.json
2007-10-05,4,0001127602-07-004077,2007-10-03,xslF345X02/form4.xml,CIK0001288776-submissions-001.json
2007-10-05,4,0001127602-07-004076,2007-10-03,xslF345X02/form4.xml,CIK0001288776-submissions-001.json
2007-10-09,4,0001127602-07-004095,2007-10-08,xslF345X02/form4.xml,CIK0001288776-submissions-001.json
2007-10-09,4,0001127602-07-004094,2007-10-08,xslF345X02/form4.xml,CIK0001288776-submissions-001.json
2007-10-09,4,0001127602-07-004093,2007-10-08,xslF345X02/form4.xml,CIK0001288776-submissions-001.json
2007-10-17,4,0001127602-07-004182,2007-10-15,xslF345X02/form4.xml,CIK0001288776-submissions-001.json
2007-10-18,8-K,0001193125-07-221254,2007-10-18,d8k.htm,CIK0001288776-submissions-001.json
2007-10-24,4,0001127602-07-004246,2007-10-22,xslF345X02/form4.xml,CIK0001288776-submissions-001.json
2007-10-25,4,0001127602-07-004272,2007-10-25,xslF345X02/form4.xml,CIK0001288776-submissions-001.json
2007-10-25,4,0001127602-07-004271,2007-10-24,xslF345X02/form4.xml,CIK0001288776-submissions-001.json
2007-10-25,4,0001127602-07-004270,2007-10-23,xslF345X02/form4.xml,CIK0001288776-submissions-001.json
2007-10-25,4,0001127602-07-004269,2007-10-23,xslF345X02/form4.xml,CIK0001288776-submissions-001.json
2007-10-25,4,0001127602-07-004268,2007-10-23,xslF345X02/form4.xml,CIK0001288776-submissions-001.json
2007-10-25,4,0001127602-07-004267,2007-10-23,xslF345X02/form4.xml,CIK0001288776-submissions-001.json
2007-10-25,4,0001127602-07-004266,2007-10-23,xslF345X02/form4.xml,CIK0001288776-submissions-001.json
2007-10-25,4,0001127602-07-004265,2007-10-23,xslF345X02/form4.xml,CIK0001288776-submissions-001.json
2007-10-26,4,0001127602-07-004282,2007-10-26,xslF345X02/form4.xml,CIK0001288776-submissions-001.json
2007-10-30,4,0001127602-07-004342,2007-10-26,xslF345X02/form4.xml,CIK0001288776-submissions-001.json
2007-10-30,4,0001127602-07-004341,2007-10-26,xslF345X02/form4.xml,CIK0001288776-submissions-001.json
2007-10-30,4,0001127602-07-004340,2007-10-26,xslF345X02/form4.xml,CIK0001288776-submissions-001.json
2007-10-30,4,0001127602-07-004339,2007-10-26,xslF345X02/form4.xml,CIK0001288776-submissions-001.json
2007-10-30,4,0001127602-07-004338,2007-10-26,xslF345X02/form4.xml,CIK0001288776-submissions-001.json
2007-10-30,4,0001127602-07-004337,2007-10-26,xslF345X02/form4.xml,CIK0001288776-submissions-001.json
2007-10-30,4,0001127602-07-004336,2007-10-26,xslF345X02/form4.xml,CIK0001288776-submissions-001.json
2007-10-30,4,0001127602-07-004335,2007-10-26,xslF345X02/form4.xml,CIK0001288776-submissions-001.json
2007-10-30,4,0001127602-07-004334,2007-10-26,xslF345X02/form4.xml,CIK0001288776-submissions-001.json
2007-10-30,4,0001127602-07-004333,2007-10-26,xslF345X02/form4.xml,CIK0001288776-submissions-001.json
2007-10-30,4,0001127602-07-004332,2007-10-26,xslF345X02/form4.xml,CIK0001288776-submissions-001.json
2007-10-30,4,0001127602-07-004331,2007-10-26,xslF345X02/form4.xml,CIK0001288776-submissions-001.json
2007-10-30,4,0001127602-07-004330,2007-10-26,xslF345X02/form4.xml,CIK0001288776-submissions-001.json
2007-10-30,4,0001127602-07-004329,2007-10-26,xslF345X02/form4.xml,CIK0001288776-submissions-001.json
2007-10-30,4,0001127602-07-004328,2007-10-26,xslF345X02/form4.xml,CIK0001288776-submissions-001.json
2007-10-30,4,0001127602-07-004327,2007-10-26,xslF345X02/form4.xml,CIK0001288776-submissions-001.json
2007-10-30,4,0001127602-07-004326,2007-10-26,xslF345X02/form4.xml,CIK0001288776-submissions-001.json
2007-10-30,4,0001127602-07-004325,2007-10-26,xslF345X02/form4.xml,CIK0001288776-submissions-001.json
2007-10-30,4,0001127602-07-004324,2007-10-26,xslF345X02/form4.xml,CIK0001288776-submissions-001.json
2007-10-30,4,0001127602-07-004323,2007-10-26,xslF345X02/form4.xml,CIK0001288776-submissions-001.json
2007-10-30,4,0001127602-07-004322,2007-10-26,xslF345X02/form4.xml,CIK0001288776-submissions-001.json
2007-10-30,4,0001127602-07-004321,2007-10-26,xslF345X02/form4.xml,CIK0001288776-submissions-001.json
2007-10-30,4,0001127602-07-004320,2007-10-26,xslF345X02/form4.xml,CIK0001288776-submissions-001.json
2007-10-30,4,0001127602-07-004319,2007-10-26,xslF345X02/form4.xml,CIK0001288776-submissions-001.json
2007-10-30,4,0001127602-07-004318,2007-10-26,xslF345X02/form4.xml,CIK0001288776-submissions-001.json
2007-10-30,4,0001127602-07-004317,2007-10-26,xslF345X02/form4.xml,CIK0001288776-submissions-001.json
2007-10-30,4,0001127602-07-004316,2007-10-26,xslF345X02/form4.xml,CIK0001288776-submissions-001.json
2007-10-31,4,0001127602-07-004378,2007-10-30,xslF345X02/form4.xml,CIK0001288776-submissions-001.json
2007-10-31,4,0001127602-07-004377,2007-10-30,xslF345X02/form4.xml,CIK0001288776-submissions-001.json
2007-10-31,4,0001127602-07-004376,2007-10-30,xslF345X02/form4.xml,CIK0001288776-submissions-001.json
2007-10-31,4,0001127602-07-004375,2007-10-30,xslF345X02/form4.xml,CIK0001288776-submissions-001.json
2007-10-31,4,0001127602-07-004374,2007-10-30,xslF345X02/form4.xml,CIK0001288776-submissions-001.json
2007-10-31,4,0001127602-07-004373,2007-10-30,xslF345X02/form4.xml,CIK0001288776-submissions-001.json
2007-10-31,4,0001127602-07-004372,2007-10-30,xslF345X02/form4.xml,CIK0001288776-submissions-001.json
2007-10-31,4,0001127602-07-004371,2007-10-30,xslF345X02/form4.xml,CIK0001288776-submissions-001.json
2007-10-31,4,0001127602-07-004370,2007-10-30,xslF345X02/form4.xml,CIK0001288776-submissions-001.json
2007-10-31,4,0001127602-07-004369,2007-10-30,xslF345X02/form4.xml,CIK0001288776-submissions-001.json
2007-10-31,4,0001127602-07-004368,2007-10-30,xslF345X02/form4.xml,CIK0001288776-submissions-001.json
2007-10-31,4,0001127602-07-004367,2007-10-30,xslF345X02/form4.xml,CIK0001288776-submissions-001.json
2007-10-31,4,0001127602-07-004366,2007-10-30,xslF345X02/form4.xml,CIK0001288776-submissions-001.json
2007-10-31,4,0001127602-07-004365,2007-10-30,xslF345X02/form4.xml,CIK0001288776-submissions-001.json
2007-10-31,4,0001127602-07-004364,2007-10-30,xslF345X02/form4.xml,CIK0001288776-submissions-001.json
2007-10-31,4,0001127602-07-004363,2007-10-30,xslF345X02/form4.xml,CIK0001288776-submissions-001.json
2007-10-31,4,0001127602-07-004362,2007-10-30,xslF345X02/form4.xml,CIK0001288776-submissions-001.json
2007-10-31,4,0001127602-07-004361,2007-10-30,xslF345X02/form4.xml,CIK0001288776-submissions-001.json
2007-10-31,4,0001127602-07-004360,2007-10-30,xslF345X02/form4.xml,CIK0001288776-submissions-001.json
2007-10-31,4,0001127602-07-004359,2007-10-30,xslF345X02/form4.xml,CIK0001288776-submissions-001.json
2007-10-31,4,0001127602-07-004358,2007-10-30,xslF345X02/form4.xml,CIK0001288776-submissions-001.json
2007-10-31,4,0001127602-07-004357,2007-10-30,xslF345X02/form4.xml,CIK0001288776-submissions-001.json
2007-10-31,4,0001127602-07-004356,2007-10-30,xslF345X02/form4.xml,CIK0001288776-submissions-001.json
2007-10-31,4,0001127602-07-004355,2007-10-30,xslF345X02/form4.xml,CIK0001288776-submissions-001.json
2007-10-31,4,0001127602-07-004354,2007-10-30,xslF345X02/form4.xml,CIK0001288776-submissions-001.json
2007-10-31,4,0001127602-07-004353,2007-10-30,xslF345X02/form4.xml,CIK0001288776-submissions-001.json
2007-10-31,4,0001127602-07-004352,2007-10-30,xslF345X02/form4.xml,CIK0001288776-submissions-001.json
2007-10-31,4,0001127602-07-004351,2007-10-30,xslF345X02/form4.xml,CIK0001288776-submissions-001.json
2007-10-31,4,0001127602-07-004350,2007-10-30,xslF345X02/form4.xml,CIK0001288776-submissions-001.json
2007-10-31,4,0001127602-07-004349,2007-10-30,xslF345X02/form4.xml,CIK0001288776-submissions-001.json
2007-11-05,4,0001127602-07-004429,2007-11-01,xslF345X02/form4.xml,CIK0001288776-submissions-001.json
2007-11-05,4,0001127602-07-004428,2007-11-01,xslF345X02/form4.xml,CIK0001288776-submissions-001.json
2007-11-05,4,0001127602-07-004427,2007-11-01,xslF345X02/form4.xml,CIK0001288776-submissions-001.json
2007-11-05,4,0001127602-07-004426,2007-11-01,xslF345X02/form4.xml,CIK0001288776-submissions-001.json
2007-11-05,4,0001127602-07-004425,2007-11-01,xslF345X02/form4.xml,CIK0001288776-submissions-001.json
2007-11-05,4,0001127602-07-004424,2007-11-01,xslF345X02/form4.xml,CIK0001288776-submissions-001.json
2007-11-05,4,0001127602-07-004423,2007-11-01,xslF345X02/form4.xml,CIK0001288776-submissions-001.json
2007-11-05,4,0001127602-07-004422,2007-11-01,xslF345X02/form4.xml,CIK0001288776-submissions-001.json
2007-11-05,4,0001127602-07-004421,2007-11-01,xslF345X02/form4.xml,CIK0001288776-submissions-001.json
2007-11-06,4,0001127602-07-004442,2007-11-05,xslF345X02/form4.xml,CIK0001288776-submissions-001.json
2007-11-06,4,0001127602-07-004441,2007-05-31,xslF345X02/form4.xml,CIK0001288776-submissions-001.json
2007-11-06,4,0001127602-07-004440,2007-11-02,xslF345X02/form4.xml,CIK0001288776-submissions-001.json
2007-11-06,4,0001127602-07-004439,2007-11-02,xslF345X02/form4.xml,CIK0001288776-submissions-001.json
2007-11-07,10-Q,0001193125-07-238468,2007-09-30,d10q.htm,CIK0001288776-submissions-001.json
2007-11-07,4,0001127602-07-004454,2007-11-06,xslF345X02/form4.xml,CIK0001288776-submissions-001.json
2007-11-07,4,0001127602-07-004453,2007-11-06,xslF345X02/form4.xml,CIK0001288776-submissions-001.json
2007-11-07,4,0001127602-07-004452,2007-11-05,xslF345X02/form4.xml,CIK0001288776-submissions-001.json
2007-11-07,4,0001127602-07-004451,2007-11-05,xslF345X02/form4.xml,CIK0001288776-submissions-001.json
2007-11-08,4,0001127602-07-004466,2007-11-07,xslF345X02/form4.xml,CIK0001288776-submissions-001.json
2007-11-08,4,0001127602-07-004465,2007-11-07,xslF345X02/form4.xml,CIK0001288776-submissions-001.json
2007-11-08,4,0001127602-07-004464,2007-11-07,xslF345X02/form4.xml,CIK0001288776-submissions-001.json
2007-11-15,4,0001127602-07-004573,2007-11-13,xslF345X02/form4.xml,CIK0001288776-submissions-001.json
2007-11-16,8-K,0001193125-07-249285,2007-11-13,d8k.htm,CIK0001288776-submissions-001.json
2007-11-19,4,0001127602-07-004643,2007-11-15,xslF345X02/form4.xml,CIK0001288776-submissions-001.json
2007-11-19,4,0001127602-07-004641,2007-11-15,xslF345X02/form4.xml,CIK0001288776-submissions-001.json
2007-11-19,4,0001127602-07-004632,2007-11-15,xslF345X02/form4.xml,CIK0001288776-submissions-001.json
2007-11-20,4,0001127602-07-004690,2007-11-16,xslF345X02/form4.xml,CIK0001288776-submissions-001.json
2007-11-20,4,0001127602-07-004689,2007-11-16,xslF345X02/form4.xml,CIK0001288776-submissions-001.json
2007-11-21,4,0001127602-07-004704,2007-11-20,xslF345X02/form4.xml,CIK0001288776-submissions-001.json
2007-11-21,4,0001127602-07-004698,2007-11-20,xslF345X02/form4.xml,CIK0001288776-submissions-001.json
2007-11-21,4,0001127602-07-004695,2007-11-19,xslF345X02/form4.xml,CIK0001288776-submissions-001.json
2007-11-26,4,0001127602-07-004764,2007-11-26,xslF345X02/form4.xml,CIK0001288776-submissions-001.json
2007-11-26,4,0001127602-07-004763,2007-11-23,xslF345X02/form4.xml,CIK0001288776-submissions-001.json
2007-11-26,4,0001127602-07-004762,2007-11-21,xslF345X02/form4.xml,CIK0001288776-submissions-001.json
2007-11-28,4,0001127602-07-004787,2007-11-27,xslF345X02/form4.xml,CIK0001288776-submissions-001.json
2007-11-30,4,0001127602-07-004792,2007-11-28,xslF345X02/form4.xml,CIK0001288776-submissions-001.json
2007-11-30,8-K,0001193125-07-256717,2007-11-30,d8k.htm,CIK0001288776-submissions-001.json
2007-12-04,4,0001127602-07-004819,2007-12-03,xslF345X02/form4.xml,CIK0001288776-submissions-001.json
2007-12-04,4,0001127602-07-004818,2007-12-03,xslF345X02/form4.xml,CIK0001288776-submissions-001.json
2007-12-04,4,0001127602-07-004817,2007-12-03,xslF345X02/form4.xml,CIK0001288776-submissions-001.json
2007-12-04,4,0001127602-07-004816,2007-12-03,xslF345X02/form4.xml,CIK0001288776-submissions-001.json
2007-12-04,4,0001127602-07-004815,2007-12-03,xslF345X02/form4.xml,CIK0001288776-submissions-001.json
2007-12-04,4,0001127602-07-004812,2007-12-03,xslF345X02/form4.xml,CIK0001288776-submissions-001.json
2007-12-06,4,0001127602-07-004852,2007-12-06,xslF345X02/form4.xml,CIK0001288776-submissions-001.json
2007-12-06,4,0001127602-07-004851,2007-12-06,xslF345X02/form4.xml,CIK0001288776-submissions-001.json
2007-12-06,4,0001127602-07-004849,2007-12-05,xslF345X02/form4.xml,CIK0001288776-submissions-001.json
2007-12-06,4,0001127602-07-004848,2007-12-05,xslF345X02/form4.xml,CIK0001288776-submissions-001.json
2007-12-06,4,0001127602-07-004832,2007-12-04,xslF345X02/form4.xml,CIK0001288776-submissions-001.json
2007-12-06,4,0001127602-07-004830,2007-12-04,xslF345X02/form4.xml,CIK0001288776-submissions-001.json
2007-12-06,4/A,0001127602-07-004850,2007-12-04,xslF345X02/form4a.xml,CIK0001288776-submissions-001.json
2007-12-10,4,0001127602-07-004873,2007-12-07,xslF345X02/form4.xml,CIK0001288776-submissions-001.json
2007-12-10,4,0001127602-07-004872,2007-12-07,xslF345X02/form4.xml,CIK0001288776-submissions-001.json
2007-12-13,4,0001127602-07-004889,2007-12-13,xslF345X02/form4.xml,CIK0001288776-submissions-001.json
2007-12-21,4,0001127602-07-005038,2007-12-21,xslF345X02/form4.xml,CIK0001288776-submissions-001.json
2007-12-21,4,0001127602-07-005037,2007-12-20,xslF345X02/form4.xml,CIK0001288776-submissions-001.json
2007-12-21,CORRESP,0001193125-07-270203,,filename1.htm,CIK0001288776-submissions-001.json
2007-12-27,4,0001127602-07-005060,2007-12-27,xslF345X02/form4.xml,CIK0001288776-submissions-001.json
2007-12-27,4,0001127602-07-005059,2007-11-30,xslF345X02/form4.xml,CIK0001288776-submissions-001.json
2007-12-27,4,0001127602-07-005058,2007-12-26,xslF345X02/form4.xml,CIK0001288776-submissions-001.json
2007-12-27,4,0001127602-07-005057,2007-12-24,xslF345X02/form4.xml,CIK0001288776-submissions-001.json
2008-01-02,4,0001127602-08-000001,2007-11-01,xslF345X02/form4.xml,CIK0001288776-submissions-001.json
2008-01-03,4,0001127602-08-000147,2008-01-02,xslF345X02/form4.xml,CIK0001288776-submissions-001.json
2008-01-03,4,0001127602-08-000146,2008-01-02,xslF345X02/form4.xml,CIK0001288776-submissions-001.json
2008-01-03,4,0001127602-08-000145,2008-01-02,xslF345X02/form4.xml,CIK0001288776-submissions-001.json
2008-01-03,4,0001127602-08-000144,2008-01-02,xslF345X02/form4.xml,CIK0001288776-submissions-001.json
2008-01-03,4,0001127602-08-000143,2008-01-02,xslF345X02/form4.xml,CIK0001288776-submissions-001.json
2008-01-07,4,0001127602-08-000157,2008-01-03,xslF345X02/form4.xml,CIK0001288776-submissions-001.json
2008-01-07,4,0001127602-08-000156,2008-01-03,xslF345X02/form4.xml,CIK0001288776-submissions-001.json
2008-01-08,4,0001127602-08-000177,2008-01-04,xslF345X02/form4.xml,CIK0001288776-submissions-001.json
2008-01-08,4,0001127602-08-000176,2008-01-04,xslF345X02/form4.xml,CIK0001288776-submissions-001.json
2008-01-09,4,0001127602-08-000189,2008-01-08,xslF345X02/form4.xml,CIK0001288776-submissions-001.json
2008-01-09,4,0001127602-08-000186,2008-01-08,xslF345X02/form4.xml,CIK0001288776-submissions-001.json
2008-01-09,4,0001127602-08-000185,2008-01-07,xslF345X02/form4.xml,CIK0001288776-submissions-001.json
2008-01-09,4,0001127602-08-000182,2007-10-23,xslF345X02/form4.xml,CIK0001288776-submissions-001.json
2008-01-09,4,0001127602-08-000181,2008-01-07,xslF345X02/form4.xml,CIK0001288776-submissions-001.json
2008-01-11,FWP,0001193125-08-005251,,dfwp.htm,CIK0001288776-submissions-001.json
2008-01-14,4,0001127602-08-000228,2008-01-14,xslF345X02/form4.xml,CIK0001288776-submissions-001.json
2008-01-16,4,0001127602-08-000237,2007-12-14,xslF345X02/form4.xml,CIK0001288776-submissions-001.json
2008-01-29,POSASR,0001193125-08-014423,,dposasr.htm,CIK0001288776-submissions-001.json
2008-01-31,8-K,0001193125-08-016919,2008-01-31,d8k.htm,CIK0001288776-submissions-001.json
2008-02-04,4,0001127602-08-000608,2008-02-01,xslF345X02/form4.xml,CIK0001288776-submissions-001.json
2008-02-04,4,0001127602-08-000607,2008-02-01,xslF345X02/form4.xml,CIK0001288776-submissions-001.json
2008-02-04,4,0001127602-08-000606,2008-02-01,xslF345X02/form4.xml,CIK0001288776-submissions-001.json
2008-02-04,4,0001127602-08-000605,2008-02-01,xslF345X02/form4.xml,CIK0001288776-submissions-001.json
2008-02-04,4,0001127602-08-000603,2008-02-01,xslF345X02/form4.xml,CIK0001288776-submissions-001.json
2008-02-04,FWP,0001193125-08-018807,,dfwp.htm,CIK0001288776-submissions-001.json
2008-02-05,8-A12G,0001193125-08-020129,,d8a12g.htm,CIK0001288776-submissions-001.json
2008-02-06,4,0001127602-08-000759,2008-02-04,xslF345X02/form4.xml,CIK0001288776-submissions-001.json
2008-02-06,4,0001127602-08-000758,2008-02-04,xslF345X02/form4.xml,CIK0001288776-submissions-001.json
2008-02-07,4,0001127602-08-000807,2008-02-05,xslF345X02/form4.xml,CIK0001288776-submissions-001.json
2008-02-07,4,0001127602-08-000801,2008-02-05,xslF345X02/form4.xml,CIK0001288776-submissions-001.json
2008-02-07,4,0001127602-08-000799,2008-02-05,xslF345X02/form4.xml,CIK0001288776-submissions-001.json
2008-02-08,4,0001127602-08-000913,2008-02-07,xslF345X02/form4.xml,CIK0001288776-submissions-001.json
2008-02-08,4,0001127602-08-000912,2008-02-07,xslF345X02/form4.xml,CIK0001288776-submissions-001.json
2008-02-08,4,0001127602-08-000911,2008-02-06,xslF345X02/form4.xml,CIK0001288776-submissions-001.json
2008-02-08,4,0001127602-08-000910,2008-02-06,xslF345X02/form4.xml,CIK0001288776-submissions-001.json
2008-02-13,4,0001127602-08-000971,2008-02-13,xslF345X02/form4.xml,CIK0001288776-submissions-001.json
2008-02-13,SC 13G/A,0000017283-08-000203,,edggoog.txt,CIK0001288776-submissions-001.json
2008-02-14,4,0001127602-08-001092,2008-01-14,xslF345X02/form4.xml,CIK0001288776-submissions-001.json
2008-02-14,SC 13G/A,0000315066-08-001680,,filing.txt,CIK0001288776-submissions-001.json
2008-02-14,SC 13G/A,0000950134-08-002656,,v37992a3sc13gza.htm,CIK0001288776-submissions-001.json
2008-02-14,SC 13G/A,0000950134-08-002648,,v37992a2sc13gza.htm,CIK0001288776-submissions-001.json
2008-02-14,SC 13G/A,0000950134-08-002636,,v37992a1sc13gza.htm,CIK0001288776-submissions-001.json
2008-02-14,SC 13G/A,0001193125-08-030937,,dsc13ga.htm,CIK0001288776-submissions-001.json
2008-02-14,SC 13G/A,0001193125-08-030904,,dsc13ga.htm,CIK0001288776-submissions-001.json
2008-02-14,SC 13G/A,0001193125-08-030844,,dsc13ga.htm,CIK0001288776-submissions-001.json
2008-02-14,SC 13G/A,0001193125-08-030764,,dsc13ga.htm,CIK0001288776-submissions-001.json
2008-02-15,10-K,0001193125-08-032690,2007-12-31,d10k.htm,CIK0001288776-submissions-001.json
2008-02-21,4,0001127602-08-001231,2008-02-20,xslF345X02/form4.xml,CIK0001288776-submissions-001.json
2008-02-25,4,0001127602-08-001347,2008-02-25,xslF345X02/form4.xml,CIK0001288776-submissions-001.json
2008-02-25,4,0001127602-08-001346,2008-02-22,xslF345X02/form4.xml,CIK0001288776-submissions-001.json
2008-02-25,4,0001127602-08-001345,2008-02-21,xslF345X02/form4.xml,CIK0001288776-submissions-001.json
2008-02-28,4,0001127602-08-001486,2008-02-26,xslF345X02/form4.xml,CIK0001288776-submissions-001.json
2008-02-28,4,0001127602-08-001485,2008-02-26,xslF345X02/form4.xml,CIK0001288776-submissions-001.json
2008-02-28,4,0001127602-08-001484,2008-02-26,xslF345X02/form4.xml,CIK0001288776-submissions-001.json
2008-02-28,4,0001127602-08-001483,2008-02-26,xslF345X02/form4.xml,CIK0001288776-submissions-001.json
2008-03-05,4,0001127602-08-001724,2008-03-04,xslF345X02/form4.xml,CIK0001288776-submissions-001.json
2008-03-05,4,0001127602-08-001723,2008-03-04,xslF345X02/form4.xml,CIK0001288776-submissions-001.json
2008-03-05,4,0001127602-08-001722,2008-03-03,xslF345X02/form4.xml,CIK0001288776-submissions-001.json
2008-03-05,4,0001127602-08-001721,2008-03-03,xslF345X02/form4.xml,CIK0001288776-submissions-001.json
2008-03-05,4,0001127602-08-001720,2008-03-03,xslF345X02/form4.xml,CIK0001288776-submissions-001.json
2008-03-05,4,0001127602-08-001719,2008-03-03,xslF345X02/form4.xml,CIK0001288776-submissions-001.json
2008-03-05,UPLOAD,0000000000-08-011550,,filename1.pdf,CIK0001288776-submissions-001.json
2008-03-05,UPLOAD,0000000000-08-011549,,filename1.pdf,CIK0001288776-submissions-001.json
2008-03-07,4,0001127602-08-001823,2008-03-07,xslF345X02/form4.xml,CIK0001288776-submissions-001.json
2008-03-07,4,0001127602-08-001822,2008-03-07,xslF345X02/form4.xml,CIK0001288776-submissions-001.json
2008-03-07,4,0001127602-08-001821,2008-03-06,xslF345X02/form4.xml,CIK0001288776-submissions-001.json
2008-03-07,4,0001127602-08-001820,2008-03-06,xslF345X02/form4.xml,CIK0001288776-submissions-001.json
2008-03-07,4,0001127602-08-001786,2008-03-05,xslF345X02/form4.xml,CIK0001288776-submissions-001.json
2008-03-07,4,0001127602-08-001784,2008-03-05,xslF345X02/form4.xml,CIK0001288776-submissions-001.json
2008-03-14,8-K,0001193125-08-057423,2008-03-11,d8k.htm,CIK0001288776-submissions-001.json
2008-03-17,4,0001127602-08-001966,2008-03-13,xslF345X02/form4.xml,CIK0001288776-submissions-001.json
2008-03-25,4,0001127602-08-002115,2008-03-24,xslF345X02/form4.xml,CIK0001288776-submissions-001.json
2008-03-25,4,0001127602-08-002113,2008-03-20,xslF345X02/form4.xml,CIK0001288776-submissions-001.json
2008-03-25,DEF 14A,0001193125-08-064574,2008-05-08,ddef14a.htm,CIK0001288776-submissions-001.json
2008-03-25,DEFA14A,0001193125-08-064583,,ddefa14a.htm,CIK0001288776-submissions-001.json
2008-03-26,4,0001127602-08-002125,2008-03-25,xslF345X02/form4.xml,CIK0001288776-submissions-001.json
2008-03-28,4,0001127602-08-002137,2008-03-27,xslF345X02/form4.xml,CIK0001288776-submissions-001.json
2008-03-28,4,0001127602-08-002136,2008-03-26,xslF345X02/form4.xml,CIK0001288776-submissions-001.json
2008-03-28,S-8,0001193125-08-069140,,ds8.htm,CIK0001288776-submissions-001.json
2008-03-31,4,0001127602-08-002217,2008-03-27,xslF345X02/form4.xml,CIK0001288776-submissions-001.json
2008-03-31,4,0001127602-08-002216,2008-03-27,xslF345X02/form4.xml,CIK0001288776-submissions-001.json
2008-04-03,4,0001127602-08-002348,2008-04-01,xslF345X02/form4.xml,CIK0001288776-submissions-001.json
2008-04-03,4,0001127602-08-002347,2008-04-01,xslF345X02/form4.xml,CIK0001288776-submissions-001.json
2008-04-03,4,0001127602-08-002346,2008-04-01,xslF345X02/form4.xml,CIK0001288776-submissions-001.json
2008-04-03,4,0001127602-08-002345,2008-04-01,xslF345X02/form4.xml,CIK0001288776-submissions-001.json
2008-04-04,4,0001127602-08-002364,2008-04-02,xslF345X02/form4.xml,CIK0001288776-submissions-001.json
2008-04-04,4,0001127602-08-002363,2008-04-02,xslF345X02/form4.xml,CIK0001288776-submissions-001.json
2008-04-07,4,0001127602-08-002370,2008-04-04,xslF345X02/form4.xml,CIK0001288776-submissions-001.json
2008-04-07,4,0001127602-08-002369,2008-04-04,xslF345X02/form4.xml,CIK0001288776-submissions-001.json
2008-04-07,4,0001127602-08-002368,2008-04-03,xslF345X02/form4.xml,CIK0001288776-submissions-001.json
2008-04-07,4,0001127602-08-002367,2008-04-03,xslF345X02/form4.xml,CIK0001288776-submissions-001.json
2008-04-08,4,0001127602-08-002432,2008-04-04,xslF345X02/form4.xml,CIK0001288776-submissions-001.json
2008-04-09,4,0001127602-08-002442,2008-04-07,xslF345X02/form4.xml,CIK0001288776-submissions-001.json
2008-04-09,4,0001127602-08-002441,2008-04-07,xslF345X02/form4.xml,CIK0001288776-submissions-001.json
2008-04-14,4,0001127602-08-002466,2008-02-28,xslF345X02/form4.xml,CIK0001288776-submissions-001.json
2008-04-14,4,0001127602-08-002450,2008-04-14,xslF345X02/form4.xml,CIK0001288776-submissions-001.json
2008-04-17,8-K,0001193125-08-083665,2008-04-17,d8k.htm,CIK0001288776-submissions-001.json
2008-04-22,4,0001127602-08-002552,2008-04-22,xslF345X02/form4.xml,CIK0001288776-submissions-001.json
2008-04-22,4,0001127602-08-002550,2008-04-22,xslF345X02/form4.xml,CIK0001288776-submissions-001.json
2008-04-22,4,0001127602-08-002544,2008-04-21,xslF345X02/form4.xml,CIK0001288776-submissions-001.json
2008-04-23,4,0001127602-08-002586,2008-04-23,xslF345X02/form4.xml,CIK0001288776-submissions-001.json
2008-04-24,4,0001127602-08-002596,2008-04-24,xslF345X02/form4.xml,CIK0001288776-submissions-001.json
2008-04-24,UPLOAD,0000000000-08-021106,,filename1.pdf,CIK0001288776-submissions-001.json
2008-04-25,4,0001127602-08-002603,2008-04-25,xslF345X02/form4.xml,CIK0001288776-submissions-001.json
2008-04-28,DEFA14A,0001193125-08-093164,,ddefa14a.htm,CIK0001288776-submissions-001.json
2008-04-28,FWP,0001193125-08-093059,,dfwp.htm,CIK0001288776-submissions-001.json
2008-05-02,4,0001127602-08-002767,2008-05-01,xslF345X02/form4.xml,CIK0001288776-submissions-001.json
2008-05-05,4,0001127602-08-002820,2008-05-02,xslF345X02/form4.xml,CIK0001288776-submissions-001.json
2008-05-05,4,0001127602-08-002819,2008-05-02,xslF345X02/form4.xml,CIK0001288776-submissions-001.json
2008-05-05,4,0001127602-08-002818,2008-05-01,xslF345X02/form4.xml,CIK0001288776-submissions-001.json
2008-05-05,4,0001127602-08-002817,2008-05-01,xslF345X02/form4.xml,CIK0001288776-submissions-001.json
2008-05-05,4,0001127602-08-002816,2008-05-02,xslF345X02/form4.xml,CIK0001288776-submissions-001.json
2008-05-05,4,0001127602-08-002815,2008-05-02,xslF345X02/form4.xml,CIK0001288776-submissions-001.json
2008-05-05,4,0001127602-08-002814,2008-05-01,xslF345X02/form4.xml,CIK0001288776-submissions-001.json
2008-05-06,4,0001127602-08-002845,2008-05-06,xslF345X02/form4.xml,CIK0001288776-submissions-001.json
2008-05-06,4,0001127602-08-002843,2008-05-06,xslF345X02/form4.xml,CIK0001288776-submissions-001.json
2008-05-06,4,0001127602-08-002841,2008-05-05,xslF345X02/form4.xml,CIK0001288776-submissions-001.json
2008-05-06,4,0001127602-08-002839,2008-05-05,xslF345X02/form4.xml,CIK0001288776-submissions-001.json
2008-05-07,4,0001127602-08-002871,2008-05-07,xslF345X02/form4.xml,CIK0001288776-submissions-001.json
2008-05-07,4,0001127602-08-002869,2008-05-07,xslF345X02/form4.xml,CIK0001288776-submissions-001.json
2008-05-12,10-Q,0001193125-08-111739,2008-03-31,d10q.htm,CIK0001288776-submissions-001.json
2008-05-12,4,0001127602-08-002997,2008-05-08,xslF345X02/form4.xml,CIK0001288776-submissions-001.json
2008-05-13,4,0001127602-08-003050,2008-05-13,xslF345X02/form4.xml,CIK0001288776-submissions-001.json
2008-05-13,4,0001127602-08-003049,2008-05-12,xslF345X02/form4.xml,CIK0001288776-submissions-001.json
2008-05-14,CORRESP,0001193125-08-114766,,filename1.htm,CIK0001288776-submissions-001.json
2008-05-19,3,0001181431-08-032641,2008-05-07,xslF345X02/rrd207247.xml,CIK0001288776-submissions-001.json
2008-05-21,4,0001127602-08-003456,2008-05-21,xslF345X02/form4.xml,CIK0001288776-submissions-001.json
2008-05-21,4,0001127602-08-003454,2008-05-20,xslF345X02/form4.xml,CIK0001288776-submissions-001.json
2008-05-22,4,0001127602-08-003475,2008-05-22,xslF345X02/form4.xml,CIK0001288776-submissions-001.json
2008-05-23,4,0001127602-08-003626,2008-05-23,xslF345X02/form4.xml,CIK0001288776-submissions-001.json
2008-05-29,4,0001127602-08-003719,2008-05-27,xslF345X02/form4.xml,CIK0001288776-submissions-001.json
2008-06-02,4,0001127602-08-003840,2008-06-02,xslF345X02/form4.xml,CIK0001288776-submissions-001.json
2008-06-02,4,0001127602-08-003839,2008-06-02,xslF345X02/form4.xml,CIK0001288776-submissions-001.json
2008-06-03,4,0001127602-08-003880,2008-06-03,xslF345X02/form4.xml,CIK0001288776-submissions-001.json
2008-06-03,4,0001127602-08-003879,2008-06-03,xslF345X02/form4.xml,CIK0001288776-submissions-001.json
2008-06-03,4,0001127602-08-003878,2008-06-02,xslF345X02/form4.xml,CIK0001288776-submissions-001.json
2008-06-03,4,0001127602-08-003877,2008-06-02,xslF345X02/form4.xml,CIK0001288776-submissions-001.json
2008-06-03,4,0001127602-08-003870,2008-06-02,xslF345X02/form4.xml,CIK0001288776-submissions-001.json
2008-06-04,4,0001127602-08-003935,2008-06-04,xslF345X02/form4.xml,CIK0001288776-submissions-001.json
2008-06-04,4,0001127602-08-003933,2008-06-04,xslF345X02/form4.xml,CIK0001288776-submissions-001.json
2008-06-04,4,0001127602-08-003917,2008-06-02,xslF345X02/form4.xml,CIK0001288776-submissions-001.json
2008-06-04,4,0001127602-08-003916,2008-06-02,xslF345X02/form4.xml,CIK0001288776-submissions-001.json
2008-06-04,4,0001127602-08-003915,2008-06-02,xslF345X02/form4.xml,CIK0001288776-submissions-001.json
2008-06-04,4,0001127602-08-003914,2008-06-02,xslF345X02/form4.xml,CIK0001288776-submissions-001.json
2008-06-04,4,0001127602-08-003906,2008-06-02,xslF345X02/form4.xml,CIK0001288776-submissions-001.json
2008-06-04,4,0001127602-08-003900,2008-06-02,xslF345X02/form4.xml,CIK0001288776-submissions-001.json
2008-06-09,4,0001127602-08-004065,2008-06-05,xslF345X02/form4.xml,CIK0001288776-submissions-001.json
2008-06-09,4,0001127602-08-004064,2008-06-05,xslF345X02/form4.xml,CIK0001288776-submissions-001.json
2008-06-10,4,0001127602-08-004098,2008-06-06,xslF345X02/form4.xml,CIK0001288776-submissions-001.json
2008-06-10,4,0001127602-08-004095,2008-06-06,xslF345X02/form4.xml,CIK0001288776-submissions-001.json
2008-06-12,UPLOAD,0000000000-08-029466,,filename1.pdf,CIK0001288776-submissions-001.json
2008-06-13,4,0001127602-08-004253,2008-06-13,xslF345X02/form4.xml,CIK0001288776-submissions-001.json
2008-06-20,CORRESP,0001193125-08-137358,,filename1.htm,CIK0001288776-submissions-001.json
2008-06-24,4,0001127602-08-004351,2008-06-23,xslF345X03/form4.xml,CIK0001288776-submissions-001.json
2008-06-24,4,0001127602-08-004350,2008-06-20,xslF345X03/form4.xml,CIK0001288776-submissions-001.json
2008-06-25,4,0001127602-08-004363,2008-06-25,xslF345X03/form4.xml,CIK0001288776-submissions-001.json
2008-06-25,4,0001127602-08-004362,2008-06-24,xslF345X03/form4.xml,CIK0001288776-submissions-001.json
2008-06-25,8-K,0001193125-08-140342,2008-06-25,d8k.htm,CIK0001288776-submissions-001.json
2008-06-27,4,0001127602-08-004404,2008-06-26,xslF345X03/form4.xml,CIK0001288776-submissions-001.json
2008-07-02,4,0001127602-08-004652,2008-07-01,xslF345X03/form4.xml,CIK0001288776-submissions-001.json
2008-07-03,4,0001127602-08-004695,2008-07-02,xslF345X03/form4.xml,CIK0001288776-submissions-001.json
2008-07-03,4,0001127602-08-004693,2008-07-03,xslF345X03/form4.xml,CIK0001288776-submissions-001.json
2008-07-03,4,0001127602-08-004691,2008-07-02,xslF345X03/form4.xml,CIK0001288776-submissions-001.json
2008-07-03,4,0001127602-08-004689,2008-07-01,xslF345X03/form4.xml,CIK0001288776-submissions-001.json
2008-07-03,4,0001127602-08-004687,2008-07-01,xslF345X03/form4.xml,CIK0001288776-submissions-001.json
2008-07-03,4,0001127602-08-004684,2008-07-01,xslF345X03/form4.xml,CIK0001288776-submissions-001.json
2008-07-07,4,0001127602-08-004742,2008-07-03,xslF345X03/form4.xml,CIK0001288776-submissions-001.json
2008-07-07,4,0001127602-08-004740,2008-07-01,xslF345X03/form4.xml,CIK0001288776-submissions-001.json
2008-07-09,4,0001127602-08-004785,2008-07-08,xslF345X03/form4.xml,CIK0001288776-submissions-001.json
2008-07-09,4,0001127602-08-004782,2008-07-07,xslF345X03/form4.xml,CIK0001288776-submissions-001.json
2008-07-09,4,0001127602-08-004776,2008-07-08,xslF345X03/form4.xml,CIK0001288776-submissions-001.json
2008-07-09,4,0001127602-08-004774,2008-07-07,xslF345X03/form4.xml,CIK0001288776-submissions-001.json
2008-07-09,CORRESP,0001193125-08-148765,,filename1.htm,CIK0001288776-submissions-001.json
2008-07-15,4,0001127602-08-004940,2008-07-14,xslF345X03/form4.xml,CIK0001288776-submissions-001.json
2008-07-17,8-K,0001193125-08-152814,2008-07-17,d8k.htm,CIK0001288776-submissions-001.json
2008-07-23,4,0001127602-08-005129,2008-07-21,xslF345X03/form4.xml,CIK0001288776-submissions-001.json
2008-07-24,4,0001127602-08-005150,2008-07-22,xslF345X03/form4.xml,CIK0001288776-submissions-001.json
2008-07-24,4,0001127602-08-005149,2008-07-22,xslF345X03/form4.xml,CIK0001288776-submissions-001.json
2008-07-25,4,0001127602-08-005168,2008-07-25,xslF345X03/form4.xml,CIK0001288776-submissions-001.json
2008-07-25,4,0001127602-08-005161,2008-07-24,xslF345X03/form4.xml,CIK0001288776-submissions-001.json
2008-07-25,4,0001127602-08-005159,2008-07-23,xslF345X03/form4.xml,CIK0001288776-submissions-001.json
2008-07-30,FWP,0001193125-08-161383,,dfwp.htm,CIK0001288776-submissions-001.json
2008-08-05,4,0001127602-08-005420,2008-08-01,xslF345X03/form4.xml,CIK0001288776-submissions-001.json
2008-08-05,4,0001127602-08-005419,2008-08-01,xslF345X03/form4.xml,CIK0001288776-submissions-001.json
2008-08-05,4,0001127602-08-005418,2008-08-01,xslF345X03/form4.xml,CIK0001288776-submissions-001.json
2008-08-05,4,0001127602-08-005417,2008-08-01,xslF345X03/form4.xml,CIK0001288776-submissions-001.json
2008-08-06,4,0001127602-08-005459,2008-08-04,xslF345X03/form4.xml,CIK0001288776-submissions-001.json
2008-08-06,4,0001127602-08-005458,2008-08-04,xslF345X03/form4.xml,CIK0001288776-submissions-001.json
2008-08-06,4,0001127602-08-005457,2008-08-04,xslF345X03/form4.xml,CIK0001288776-submissions-001.json
2008-08-06,4,0001127602-08-005456,2008-08-04,xslF345X03/form4.xml,CIK0001288776-submissions-001.json
2008-08-07,10-Q,0001193125-08-170309,2008-06-30,d10q.htm,CIK0001288776-submissions-001.json
2008-08-07,4,0001127602-08-005528,2008-08-05,xslF345X03/form4.xml,CIK0001288776-submissions-001.json
2008-08-07,4,0001127602-08-005527,2008-08-05,xslF345X03/form4.xml,CIK0001288776-submissions-001.json
2008-08-08,4,0001127602-08-005558,2008-08-07,xslF345X03/form4.xml,CIK0001288776-submissions-001.json
2008-08-08,4,0001127602-08-005557,2008-08-07,xslF345X03/form4.xml,CIK0001288776-submissions-001.json
2008-08-08,4,0001127602-08-005548,2008-08-06,xslF345X03/form4.xml,CIK0001288776-submissions-001.json
2008-08-08,4,0001127602-08-005547,2008-08-06,xslF345X03/form4.xml,CIK0001288776-submissions-001.json
2008-08-11,UPLOAD,0000000000-08-040458,,filename1.pdf,CIK0001288776-submissions-001.json
2008-08-13,4,0001127602-08-005787,2008-08-11,xslF345X03/form4.xml,CIK0001288776-submissions-001.json
2008-08-13,APP WD,9999999997-08-036527,,9999999997-08-036527.paper,CIK0001288776-submissions-001.json
2008-08-14,4,0001127602-08-005887,2008-08-13,xslF345X03/form4.xml,CIK0001288776-submissions-001.json
2008-08-19,CORRESP,0001193125-08-180810,,filename1.htm,CIK0001288776-submissions-001.json
2008-08-20,4,0001127602-08-006173,2008-08-18,xslF345X03/form4.xml,CIK0001288776-submissions-001.json
2008-08-20,4,0001127602-08-006172,2008-08-18,xslF345X03/form4.xml,CIK0001288776-submissions-001.json
2008-08-21,4,0001127602-08-006266,2008-08-21,xslF345X03/form4.xml,CIK0001288776-submissions-001.json
2008-08-21,4,0001127602-08-006265,2008-08-20,xslF345X03/form4.xml,CIK0001288776-submissions-001.json
2008-08-25,3,0001127602-08-006326,2008-08-15,xslF345X02/form3.xml,CIK0001288776-submissions-001.json
2008-08-26,4,0001127602-08-006356,2008-08-22,xslF345X03/form4.xml,CIK0001288776-submissions-001.json
2008-08-28,4,0001127602-08-006458,2008-08-26,xslF345X03/form4.xml,CIK0001288776-submissions-001.json
2008-08-28,4,0001127602-08-006439,2008-08-25,xslF345X03/form4.xml,CIK0001288776-submissions-001.json
2008-08-28,4,0001127602-08-006433,2008-08-25,xslF345X03/form4.xml,CIK0001288776-submissions-001.json
2008-08-28,4,0001127602-08-006432,2008-08-25,xslF345X03/form4.xml,CIK0001288776-submissions-001.json
2008-09-02,CORRESP,0001193125-08-188649,,filename1.htm,CIK0001288776-submissions-001.json
2008-09-04,4,0001127602-08-006629,2008-09-02,xslF345X03/form4.xml,CIK0001288776-submissions-001.json
2008-09-04,4,0001127602-08-006628,2008-09-02,xslF345X03/form4.xml,CIK0001288776-submissions-001.json
2008-09-04,4,0001127602-08-006627,2008-09-02,xslF345X03/form4.xml,CIK0001288776-submissions-001.json
2008-09-04,4,0001127602-08-006626,2008-09-02,xslF345X03/form4.xml,CIK0001288776-submissions-001.json
2008-09-04,4,0001127602-08-006625,2008-09-02,xslF345X03/form4.xml,CIK0001288776-submissions-001.json
2008-09-04,4,0001127602-08-006624,2008-09-02,xslF345X03/form4.xml,CIK0001288776-submissions-001.json
2008-09-04,4,0001127602-08-006616,2008-09-02,xslF345X03/form4.xml,CIK0001288776-submissions-001.json
2008-09-04,4,0001127602-08-006614,2008-09-03,xslF345X03/form4.xml,CIK0001288776-submissions-001.json
2008-09-04,4,0001127602-08-006612,2008-09-02,xslF345X03/form4.xml,CIK0001288776-submissions-001.json
2008-09-04,4,0001127602-08-006590,2008-09-02,xslF345X03/form4.xml,CIK0001288776-submissions-001.json
2008-09-04,4,0001127602-08-006588,2008-09-02,xslF345X03/form4.xml,CIK0001288776-submissions-001.json
2008-09-05,4,0001127602-08-006661,2008-09-02,xslF345X03/form4.xml,CIK0001288776-submissions-001.json
2008-09-05,4,0001127602-08-006660,2008-09-03,xslF345X03/form4.xml,CIK0001288776-submissions-001.json
2008-09-05,4,0001127602-08-006655,2008-09-02,xslF345X03/form4.xml,CIK0001288776-submissions-001.json
2008-09-05,CORRESP,0001193125-08-191175,,filename1.htm,CIK0001288776-submissions-001.json
2008-09-08,4,0001127602-08-006707,2008-09-08,xslF345X03/form4.xml,CIK0001288776-submissions-001.json
2008-09-08,4,0001127602-08-006706,2008-09-05,xslF345X03/form4.xml,CIK0001288776-submissions-001.json
2008-09-08,4,0001127602-08-006705,2008-09-08,xslF345X03/form4.xml,CIK0001288776-submissions-001.json
2008-09-08,4,0001127602-08-006698,2008-09-05,xslF345X03/form4.xml,CIK0001288776-submissions-001.json
2008-09-08,4,0001127602-08-006696,2008-09-04,xslF345X03/form4.xml,CIK0001288776-submissions-001.json
2008-09-08,4,0001127602-08-006691,2008-09-04,xslF345X03/form4.xml,CIK0001288776-submissions-001.json
2008-09-09,4,0001127602-08-006739,2008-09-08,xslF345X03/form4.xml,CIK0001288776-submissions-001.json
2008-09-09,4,0001127602-08-006735,2008-09-08,xslF345X03/form4.xml,CIK0001288776-submissions-001.json
2008-09-09,4,0001127602-08-006734,2008-09-08,xslF345X03/form4.xml,CIK0001288776-submissions-001.json
2008-09-10,4,0001127602-08-006782,2008-09-10,xslF345X03/form4.xml,CIK0001288776-submissions-001.json
2008-09-15,4,0001127602-08-006859,2008-09-15,xslF345X03/form4.xml,CIK0001288776-submissions-001.json
2008-09-16,4,0001127602-08-006935,2008-09-15,xslF345X03/form4.xml,CIK0001288776-submissions-001.json
2008-09-16,4,0001127602-08-006934,2008-09-15,xslF345X03/form4.xml,CIK0001288776-submissions-001.json
2008-09-22,4,0001127602-08-007182,2008-09-22,xslF345X03/form4.xml,CIK0001288776-submissions-001.json
2008-09-22,4,0001127602-08-007181,2008-09-22,xslF345X03/form4.xml,CIK0001288776-submissions-001.json
2008-09-23,4,0001127602-08-007239,2008-09-23,xslF345X03/form4.xml,CIK0001288776-submissions-001.json
2008-09-23,4,0001127602-08-007238,2008-09-22,xslF345X03/form4.xml,CIK0001288776-submissions-001.json
2008-09-26,4,0001127602-08-007302,2008-09-24,xslF345X03/form4.xml,CIK0001288776-submissions-001.json
2008-09-29,4,0001127602-08-007365,2008-09-25,xslF345X03/form4.xml,CIK0001288776-submissions-001.json
2008-09-30,4,0001127602-08-007402,2008-09-30,xslF345X03/form4.xml,CIK0001288776-submissions-001.json
2008-09-30,4,0001127602-08-007401,2008-09-29,xslF345X03/form4.xml,CIK0001288776-submissions-001.json
2008-09-30,4,0001127602-08-007400,2008-09-29,xslF345X03/form4.xml,CIK0001288776-submissions-001.json
2008-09-30,4,0001127602-08-007399,2008-09-26,xslF345X03/form4.xml,CIK0001288776-submissions-001.json
2008-10-02,4,0001127602-08-007705,2008-10-01,xslF345X03/form4.xml,CIK0001288776-submissions-001.json
2008-10-03,4,0001127602-08-007863,2008-10-03,xslF345X03/form4.xml,CIK0001288776-submissions-001.json
2008-10-03,4,0001127602-08-007826,2008-10-02,xslF345X03/form4.xml,CIK0001288776-submissions-001.json
2008-10-03,4,0001127602-08-007825,2008-10-01,xslF345X03/form4.xml,CIK0001288776-submissions-001.json
2008-10-06,4,0001127602-08-007888,2008-10-06,xslF345X03/form4.xml,CIK0001288776-submissions-001.json
2008-10-07,4,0001127602-08-007942,2008-10-06,xslF345X03/form4.xml,CIK0001288776-submissions-001.json
2008-10-08,4,0001127602-08-007956,2008-10-07,xslF345X03/form4.xml,CIK0001288776-submissions-001.json
2008-10-09,UPLOAD,0000000000-08-050999,,filename1.pdf,CIK0001288776-submissions-001.json
2008-10-16,8-K,0001193125-08-211628,2008-10-16,d8k.htm,CIK0001288776-submissions-001.json
2008-10-17,424B2,0001193125-08-212274,,d424b2.htm,CIK0001288776-submissions-001.json
2008-10-20,4,0001127602-08-008371,2008-10-20,xslF345X03/form4.xml,CIK0001288776-submissions-001.json
2008-10-20,CORRESP,0001193125-08-212907,,filename1.htm,CIK0001288776-submissions-001.json
2008-10-20,FWP,0001193125-08-212899,,dfwp.htm,CIK0001288776-submissions-001.json
2008-10-21,4,0001127602-08-008410,2008-10-21,xslF345X03/form4.xml,CIK0001288776-submissions-001.json
2008-10-22,4,0001127602-08-008412,2008-10-22,xslF345X03/form4.xml,CIK0001288776-submissions-001.json
2008-10-27,4,0001127602-08-008444,2008-10-24,xslF345X03/form4.xml,CIK0001288776-submissions-001.json
2008-10-27,4,0001127602-08-008443,2008-10-23,xslF345X03/form4.xml,CIK0001288776-submissions-001.json
2008-10-31,CORRESP,0001193125-08-221640,,filename1.htm,CIK0001288776-submissions-001.json
2008-11-03,4,0001127602-08-008688,2008-11-03,xslF345X03/form4.xml,CIK0001288776-submissions-001.json
2008-11-04,4,0001127602-08-008746,2008-11-03,xslF345X03/form4.xml,CIK0001288776-submissions-001.json
2008-11-04,4,0001127602-08-008741,2008-11-03,xslF345X03/form4.xml,CIK0001288776-submissions-001.json
2008-11-05,4,0001127602-08-008848,2008-11-05,xslF345X03/form4.xml,CIK0001288776-submissions-001.json
2008-11-05,4,0001127602-08-008844,2008-11-04,xslF345X03/form4.xml,CIK0001288776-submissions-001.json
2008-11-07,10-Q,0001193125-08-230197,2008-09-30,d10q.htm,CIK0001288776-submissions-001.json
2008-11-07,4,0001127602-08-009001,2008-11-05,xslF345X03/form4.xml,CIK0001288776-submissions-001.json
2008-11-07,4,0001127602-08-008998,2008-11-05,xslF345X03/form4.xml,CIK0001288776-submissions-001.json
2008-11-10,4,0001127602-08-009094,2008-11-07,xslF345X03/form4.xml,CIK0001288776-submissions-001.json
2008-11-10,4,0001127602-08-009090,2008-11-06,xslF345X03/form4.xml,CIK0001288776-submissions-001.json
2008-11-20,4,0001127602-08-009824,2008-11-20,xslF345X03/form4.xml,CIK0001288776-submissions-001.json
2008-11-24,4,0001127602-08-010049,2008-11-21,xslF345X03/form4.xml,CIK0001288776-submissions-001.json
2008-11-25,4,0001127602-08-010149,2008-11-25,xslF345X03/form4.xml,CIK0001288776-submissions-001.json
2008-11-25,4,0001127602-08-010148,2008-11-24,xslF345X03/form4.xml,CIK0001288776-submissions-001.json
2008-11-25,4,0001127602-08-010146,2008-11-24,xslF345X03/form4.xml,CIK0001288776-submissions-001.json
2008-11-28,3,0001181431-08-064506,2008-11-28,xslF345X02/rrd224893.xml,CIK0001288776-submissions-001.json
2008-12-01,3,0001181431-08-064599,2008-11-28,xslF345X02/rrd224939.xml,CIK0001288776-submissions-001.json
2008-12-01,4,0001127602-08-010318,2008-11-26,xslF345X03/form4.xml,CIK0001288776-submissions-001.json
2008-12-02,4,0001127602-08-010464,2008-12-01,xslF345X03/form4.xml,CIK0001288776-submissions-001.json
2008-12-02,4,0001127602-08-010463,2008-12-01,xslF345X03/form4.xml,CIK0001288776-submissions-001.json
2008-12-02,4,0001127602-08-010460,2008-12-01,xslF345X03/form4.xml,CIK0001288776-submissions-001.json
2008-12-02,4,0001127602-08-010459,2008-12-01,xslF345X03/form4.xml,CIK0001288776-submissions-001.json
2008-12-02,4,0001127602-08-010456,2008-12-01,xslF345X03/form4.xml,CIK0001288776-submissions-001.json
2008-12-02,4,0001127602-08-010455,2008-12-01,xslF345X03/form4.xml,CIK0001288776-submissions-001.json
2008-12-02,4,0001127602-08-010452,2008-12-01,xslF345X03/form4.xml,CIK0001288776-submissions-001.json
2008-12-04,4,0001127602-08-010606,2008-12-02,xslF345X03/form4.xml,CIK0001288776-submissions-001.json
2008-12-05,4,0001127602-08-010741,2008-12-04,xslF345X03/form4.xml,CIK0001288776-submissions-001.json
2008-12-05,4,0001127602-08-010735,2008-12-05,xslF345X03/form4.xml,CIK0001288776-submissions-001.json
2008-12-05,4,0001127602-08-010703,2008-12-04,xslF345X03/form4.xml,CIK0001288776-submissions-001.json
2008-12-05,4,0001127602-08-010676,2008-12-03,xslF345X03/form4.xml,CIK0001288776-submissions-001.json
2008-12-15,UPLOAD,0000000000-08-061427,,filename1.pdf,CIK0001288776-submissions-001.json
2008-12-16,40-APP,9999999997-08-048909,,9999999997-08-048909.paper,CIK0001288776-submissions-001.json
2008-12-17,CORRESP,0001193125-08-255249,,filename1.htm,CIK0001288776-submissions-001.json
2008-12-23,4,0001127602-08-011781,2008-12-19,xslF345X03/form4.xml,CIK0001288776-submissions-001.json
2008-12-23,4,0001127602-08-011777,2008-12-22,xslF345X03/form4.xml,CIK0001288776-submissions-001.json
2008-12-29,4,0001127602-08-011895,2008-12-29,xslF345X03/form4.xml,CIK0001288776-submissions-001.json
2008-12-29,4,0001127602-08-011891,2008-12-26,xslF345X03/form4.xml,CIK0001288776-submissions-001.json
2008-12-29,4,0001127602-08-011887,2008-12-24,xslF345X03/form4.xml,CIK0001288776-submissions-001.json
2008-12-29,4,0001127602-08-011873,2008-12-23,xslF345X03/form4.xml,CIK0001288776-submissions-001.json
2009-01-06,4,0001127602-09-000819,2009-01-02,xslF345X03/form4.xml,CIK0001288776-submissions-001.json
2009-01-06,4,0001127602-09-000812,2009-01-02,xslF345X03/form4.xml,CIK0001288776-submissions-001.json
2009-01-06,4/A,0001127602-09-000799,2008-12-05,xslF345X03/form4a.xml,CIK0001288776-submissions-001.json
2009-01-07,4,0001127602-09-000873,2009-01-07,xslF345X03/form4.xml,CIK0001288776-submissions-001.json
2009-01-07,4,0001127602-09-000842,2009-01-06,xslF345X03/form4.xml,CIK0001288776-submissions-001.json
2009-01-07,4,0001127602-09-000838,2009-01-05,xslF345X03/form4.xml,CIK0001288776-submissions-001.json
2009-01-07,4,0001127602-09-000837,2009-01-05,xslF345X03/form4.xml,CIK0001288776-submissions-001.json
2009-01-08,4,0001127602-09-000938,2009-01-08,xslF345X03/form4.xml,CIK0001288776-submissions-001.json
2009-01-08,4,0001127602-09-000937,2009-01-07,xslF345X03/form4.xml,CIK0001288776-submissions-001.json
2009-01-08,4,0001127602-09-000935,2008-12-08,xslF345X03/form4.xml,CIK0001288776-submissions-001.json
2009-01-08,4/A,0001127602-09-000928,2008-09-02,xslF345X03/form4a.xml,CIK0001288776-submissions-001.json
2009-01-09,CORRESP,0001193125-09-004287,,filename1.htm,CIK0001288776-submissions-001.json
2009-01-12,4,0001127602-09-001056,2008-10-31,xslF345X03/form4.xml,CIK0001288776-submissions-001.json
2009-01-22,8-K,0001193125-09-009712,2009-01-22,d8k.htm,CIK0001288776-submissions-001.json
2009-01-23,SC TO-C,0001193125-09-009929,,dsctoc.htm,CIK0001288776-submissions-001.json
2009-01-26,SC TO-C,0001193125-09-011209,,dsctoc.htm,CIK0001288776-submissions-001.json
2009-01-27,SC TO-C,0001193125-09-012137,,dsctoc.htm,CIK0001288776-submissions-001.json
2009-01-29,SC TO-C,0001193125-09-014285,,dsctoc.htm,CIK0001288776-submissions-001.json
2009-02-02,4,0001127602-09-002304,2009-02-02,xslF345X03/form4.xml,CIK0001288776-submissions-001.json
2009-02-02,4,0001127602-09-002223,2009-01-30,xslF345X03/form4.xml,CIK0001288776-submissions-001.json
2009-02-02,4,0001127602-09-002212,2009-02-02,xslF345X03/form4.xml,CIK0001288776-submissions-001.json
2009-02-03,4,0001127602-09-002495,2009-01-30,xslF345X03/form4.xml,CIK0001288776-submissions-001.json
2009-02-03,4,0001127602-09-002494,2009-01-30,xslF345X03/form4.xml,CIK0001288776-submissions-001.json
2009-02-03,4,0001127602-09-002412,2009-02-02,xslF345X03/form4.xml,CIK0001288776-submissions-001.json
2009-02-03,4,0001127602-09-002410,2009-02-02,xslF345X03/form4.xml,CIK0001288776-submissions-001.json
2009-02-03,SC TO-I,0001193125-09-017689,,dsctoi.htm,CIK0001288776-submissions-001.json
2009-02-04,4,0001127602-09-002595,2009-02-04,xslF345X03/form4.xml,CIK0001288776-submissions-001.json
2009-02-04,4,0001127602-09-002588,2009-02-04,xslF345X03/form4.xml,CIK0001288776-submissions-001.json
2009-02-04,4,0001127602-09-002585,2009-02-03,xslF345X03/form4.xml,CIK0001288776-submissions-001.json
2009-02-04,4,0001127602-09-002580,2009-02-02,xslF345X03/form4.xml,CIK0001288776-submissions-001.json
2009-02-04,4,0001127602-09-002576,2009-02-02,xslF345X03/form4.xml,CIK0001288776-submissions-001.json
2009-02-04,4,0001127602-09-002575,2009-02-02,xslF345X03/form4.xml,CIK0001288776-submissions-001.json
2009-02-05,UPLOAD,0000000000-09-006217,,filename1.pdf,CIK0001288776-submissions-001.json
2009-02-06,4,0001127602-09-002871,2009-02-05,xslF345X03/form4.xml,CIK0001288776-submissions-001.json
2009-02-10,4,0001127602-09-003015,2009-02-06,xslF345X03/form4.xml,CIK0001288776-submissions-001.json
2009-02-10,4,0001127602-09-003011,2009-02-05,xslF345X03/form4.xml,CIK0001288776-submissions-001.json
2009-02-12,SC 13G/A,0000950134-09-002616,,v51519sc13gza.htm,CIK0001288776-submissions-001.json
2009-02-13,10-K,0001193125-09-029448,2008-12-31,d10k.htm,CIK0001288776-submissions-001.json
2009-02-13,UPLOAD,0000000000-09-007663,,filename1.pdf,CIK0001288776-submissions-001.json
2009-02-17,CORRESP,0001193125-09-031506,,filename1.htm,CIK0001288776-submissions-001.json
2009-02-17,SC 13G/A,0001193125-09-031406,,dsc13ga.htm,CIK0001288776-submissions-001.json
2009-02-17,SC 13G/A,0000315066-09-001752,,filing.txt,CIK0001288776-submissions-001.json
2009-02-19,SC TO-I/A,0001193125-09-033195,,dsctoia.htm,CIK0001288776-submissions-001.json
2009-02-20,4,0001127602-09-004409,2009-02-18,xslF345X03/form4.xml,CIK0001288776-submissions-001.json
2009-02-20,CORRESP,0001193125-09-034396,,filename1.htm,CIK0001288776-submissions-001.json
2009-02-20,SC TO-I/A,0001193125-09-034265,,dsctoia.htm,CIK0001288776-submissions-001.json
2009-02-23,SC TO-I/A,0001193125-09-034574,,dsctoia.htm,CIK0001288776-submissions-001.json
2009-02-24,SC TO-I/A,0001193125-09-036032,,dsctoia.htm,CIK0001288776-submissions-001.json
2009-02-25,4,0001127602-09-004924,2009-02-24,xslF345X03/form4.xml,CIK0001288776-submissions-001.json
2009-02-25,4,0001127602-09-004926,2009-02-24,xslF345X03/form4.xml,CIK0001288776-submissions-001.json
2009-02-26,SC TO-I/A,0001193125-09-038013,,dsctoia.htm,CIK0001288776-submissions-001.json
2009-03-02,4/A,0001181431-09-012569,2009-02-26,xslF345X03/rrd235780.xml,CIK0001288776-submissions-001.json
2009-03-02,CORRESP,0001193125-09-042757,,filename1.htm,CIK0001288776-submissions-001.json
2009-03-02,SC TO-I/A,0001193125-09-042782,,dsctoia.htm,CIK0001288776-submissions-001.json
2009-03-03,4,0001127602-09-005678,2009-03-01,xslF345X03/form4.xml,CIK0001288776-submissions-001.json
2009-03-03,4,0001127602-09-005677,2009-02-27,xslF345X03/form4.xml,CIK0001288776-submissions-001.json
2009-03-03,8-K,0001193125-09-043054,2009-02-26,d8k.htm,CIK0001288776-submissions-001.json
2009-03-04,4,0001127602-09-005941,2009-03-02,xslF345X03/form4.xml,CIK0001288776-submissions-001.json
2009-03-04,4,0001127602-09-005939,2009-03-02,xslF345X03/form4.xml,CIK0001288776-submissions-001.json
2009-03-04,4,0001127602-09-005938,2009-03-03,xslF345X03/form4.xml,CIK0001288776-submissions-001.json
2009-03-04,4,0001127602-09-005937,2009-03-01,xslF345X03/form4.xml,CIK0001288776-submissions-001.json
2009-03-04,4,0001127602-09-005936,2009-03-01,xslF345X03/form4.xml,CIK0001288776-submissions-001.json
2009-03-04,4,0001127602-09-005935,2009-03-01,xslF345X03/form4.xml,CIK0001288776-submissions-001.json
2009-03-04,4,0001127602-09-005934,2009-03-01,xslF345X03/form4.xml,CIK0001288776-submissions-001.json
2009-03-05,4,0001127602-09-006094,2009-03-04,xslF345X03/form4.xml,CIK0001288776-submissions-001.json
2009-03-05,4,0001127602-09-006082,2009-03-04,xslF345X03/form4.xml,CIK0001288776-submissions-001.json
2009-03-05,4,0001127602-09-006081,2009-03-04,xslF345X03/form4.xml,CIK0001288776-submissions-001.json
2009-03-05,UPLOAD,0000000000-09-011589,,filename1.pdf,CIK0001288776-submissions-001.json
2009-03-06,4,0001127602-09-006319,2009-03-04,xslF345X03/form4.xml,CIK0001288776-submissions-001.json
2009-03-06,4,0001127602-09-006318,2009-03-04,xslF345X03/form4.xml,CIK0001288776-submissions-001.json
2009-03-06,4,0001127602-09-006317,2009-03-04,xslF345X03/form4.xml,CIK0001288776-submissions-001.json
2009-03-06,4,0001127602-09-006316,2009-03-04,xslF345X03/form4.xml,CIK0001288776-submissions-001.json
2009-03-06,SC TO-I/A,0001193125-09-046426,,dsctoia.htm,CIK0001288776-submissions-001.json
2009-03-10,4,0001127602-09-006617,2009-03-06,xslF345X03/form4.xml,CIK0001288776-submissions-001.json
2009-03-10,4,0001127602-09-006584,2009-03-06,xslF345X03/form4.xml,CIK0001288776-submissions-001.json
2009-03-10,4,0001127602-09-006581,2009-03-05,xslF345X03/form4.xml,CIK0001288776-submissions-001.json
2009-03-10,SC TO-I/A,0001193125-09-049837,,dsctoia.htm,CIK0001288776-submissions-001.json
2009-03-24,DEF 14A,0001193125-09-061999,2009-05-07,ddef14a.htm,CIK0001288776-submissions-001.json
2009-03-24,DEFA14A,0001193125-09-062003,,ddefa14a.htm,CIK0001288776-submissions-001.json
2009-04-01,UPLOAD,0000000000-09-016687,,filename1.pdf,CIK0001288776-submissions-001.json
2009-04-03,4,0001127602-09-008843,2009-04-01,xslF345X03/form4.xml,CIK0001288776-submissions-001.json
2009-04-03,4,0001127602-09-008842,2009-04-01,xslF345X03/form4.xml,CIK0001288776-submissions-001.json
2009-04-03,4,0001127602-09-008831,2009-04-01,xslF345X03/form4.xml,CIK0001288776-submissions-001.json
2009-04-03,4,0001127602-09-008830,2009-04-01,xslF345X03/form4.xml,CIK0001288776-submissions-001.json
2009-04-06,4,0001127602-09-008909,2009-04-02,xslF345X03/form4.xml,CIK0001288776-submissions-001.json
2009-04-07,4,0001127602-09-008992,2009-04-03,xslF345X03/form4.xml,CIK0001288776-submissions-001.json
2009-04-08,4,0001127602-09-009013,2009-04-06,xslF345X03/form4.xml,CIK0001288776-submissions-001.json
2009-04-08,4,0001127602-09-009008,2009-04-06,xslF345X03/form4.xml,CIK0001288776-submissions-001.json
2009-04-08,4/A,0001127602-09-009006,2009-04-02,xslF345X03/form4a.xml,CIK0001288776-submissions-001.json
2009-04-09,4,0001127602-09-009041,2009-04-07,xslF345X03/form4.xml,CIK0001288776-submissions-001.json
2009-04-09,4/A,0001127602-09-009068,2009-04-06,xslF345X03/form4a.xml,CIK0001288776-submissions-001.json
2009-04-13,CORRESP,0001193125-09-077993,,filename1.htm,CIK0001288776-submissions-001.json
2009-04-16,8-K,0001193125-09-080681,2009-04-16,d8k.htm,CIK0001288776-submissions-001.json
2009-04-16,POSASR,0001193125-09-080686,,dposasr.htm,CIK0001288776-submissions-001.json
2009-04-29,CORRESP,0001193125-09-092318,,filename1.htm,CIK0001288776-submissions-001.json
2009-05-01,4,0001127602-09-010251,2009-04-30,xslF345X03/form4.xml,CIK0001288776-submissions-001.json
2009-05-05,4,0001127602-09-010691,2009-05-01,xslF345X03/form4.xml,CIK0001288776-submissions-001.json
2009-05-05,4,0001127602-09-010688,2009-05-04,xslF345X03/form4.xml,CIK0001288776-submissions-001.json
2009-05-05,4,0001127602-09-010652,2009-05-01,xslF345X03/form4.xml,CIK0001288776-submissions-001.json
2009-05-05,4,0001127602-09-010600,2009-05-01,xslF345X03/form4.xml,CIK0001288776-submissions-001.json
2009-05-06,10-Q,0001193125-09-101727,2009-03-31,d10q.htm,CIK0001288776-submissions-001.json
2009-05-06,4,0001127602-09-010791,2009-05-05,xslF345X03/form4.xml,CIK0001288776-submissions-001.json
2009-05-06,4,0001127602-09-010788,2009-05-04,xslF345X03/form4.xml,CIK0001288776-submissions-001.json
2009-05-06,4,0001127602-09-010781,2009-05-04,xslF345X03/form4.xml,CIK0001288776-submissions-001.json
2009-05-08,4,0001127602-09-011051,2009-05-06,xslF345X03/form4.xml,CIK0001288776-submissions-001.json
2009-05-11,4,0001127602-09-011173,2009-03-09,xslF345X03/form4.xml,CIK0001288776-submissions-001.json
2009-05-11,4,0001127602-09-011171,2009-05-07,xslF345X03/form4.xml,CIK0001288776-submissions-001.json
2009-05-11,4,0001127602-09-011169,2009-03-09,xslF345X03/form4.xml,CIK0001288776-submissions-001.json
2009-05-11,4,0001127602-09-011157,2009-03-09,xslF345X03/form4.xml,CIK0001288776-submissions-001.json
2009-05-11,4/A,0001127602-09-011166,2009-05-04,xslF345X03/form4a.xml,CIK0001288776-submissions-001.json
2009-05-11,4/A,0001127602-09-011164,2009-04-01,xslF345X03/form4a.xml,CIK0001288776-submissions-001.json
2009-05-11,8-K,0001193125-09-107396,2009-05-07,d8k.htm,CIK0001288776-submissions-001.json
2009-05-12,4,0001127602-09-011304,2009-03-09,xslF345X03/form4.xml,CIK0001288776-submissions-001.json
2009-05-13,4,0001127602-09-011363,2009-03-09,xslF345X03/form4.xml,CIK0001288776-submissions-001.json
2009-05-14,4/A,0001127602-09-011606,2009-04-06,xslF345X03/form4a.xml,CIK0001288776-submissions-001.json
2009-05-14,4/A,0001127602-09-011603,2009-05-04,xslF345X03/form4a.xml,CIK0001288776-submissions-001.json
2009-05-15,4/A,0001127602-09-011709,2009-04-01,xslF345X03/form4a.xml,CIK0001288776-submissions-001.json
2009-05-15,4/A,0001127602-09-011708,2009-05-01,xslF345X03/form4a.xml,CIK0001288776-submissions-001.json
2009-05-15,4/A,0001127602-09-011706,2009-04-01,xslF345X03/form4a.xml,CIK0001288776-submissions-001.json
2009-05-18,4/A,0001127602-09-011773,2009-05-06,xslF345X03/form4a.xml,CIK0001288776-submissions-001.json
2009-05-18,4/A,0001127602-09-011772,2009-05-04,xslF345X03/form4a.xml,CIK0001288776-submissions-001.json
2009-05-18,4/A,0001127602-09-011771,2009-05-05,xslF345X03/form4a.xml,CIK0001288776-submissions-001.json
2009-05-18,4/A,0001127602-09-011768,2009-05-01,xslF345X03/form4a.xml,CIK0001288776-submissions-001.json
2009-05-18,4/A,0001127602-09-011766,2009-04-07,xslF345X03/form4a.xml,CIK0001288776-submissions-001.json
2009-05-18,4/A,0001127602-09-011765,2009-04-06,xslF345X03/form4a.xml,CIK0001288776-submissions-001.json
2009-05-18,4/A,0001127602-09-011761,2009-04-03,xslF345X03/form4a.xml,CIK0001288776-submissions-001.json
2009-05-18,4/A,0001127602-09-011760,2009-04-02,xslF345X03/form4a.xml,CIK0001288776-submissions-001.json
2009-05-19,3/A,0001127602-09-011926,2008-08-12,xslF345X02/form3a.xml,CIK0001288776-submissions-001.json
2009-05-19,4,0001127602-09-011929,2009-03-09,xslF345X03/form4.xml,CIK0001288776-submissions-001.json
2009-05-21,4,0001127602-09-012067,2009-04-29,xslF345X03/form4.xml,CIK0001288776-submissions-001.json
2009-05-27,UPLOAD,0000000000-09-027994,,filename1.pdf,CIK0001288776-submissions-001.json
2009-06-02,4,0001127602-09-012981,2009-06-01,xslF345X03/form4.xml,CIK0001288776-submissions-001.json
2009-06-03,4,0001127602-09-013208,2009-06-01,xslF345X03/form4.xml,CIK0001288776-submissions-001.json
2009-06-03,4,0001127602-09-013198,2009-06-01,xslF345X03/form4.xml,CIK0001288776-submissions-001.json
2009-06-03,4,0001127602-09-013192,2009-06-01,xslF345X03/form4.xml,CIK0001288776-submissions-001.json
2009-06-03,4,0001127602-09-013190,2009-06-01,xslF345X03/form4.xml,CIK0001288776-submissions-001.json
2009-06-03,4/A,0001127602-09-013194,2009-06-01,xslF345X03/form4a.xml,CIK0001288776-submissions-001.json
2009-06-04,4,0001127602-09-013276,2009-06-03,xslF345X03/form4.xml,CIK0001288776-submissions-001.json
2009-06-04,4,0001127602-09-013274,2009-06-02,xslF345X03/form4.xml,CIK0001288776-submissions-001.json
2009-06-05,4,0001127602-09-013352,2009-06-04,xslF345X03/form4.xml,CIK0001288776-submissions-001.json
2009-06-08,4,0001127602-09-013506,2009-06-04,xslF345X03/form4.xml,CIK0001288776-submissions-001.json
2009-06-08,4,0001127602-09-013504,2009-06-05,xslF345X03/form4.xml,CIK0001288776-submissions-001.json
2009-06-16,4,0001127602-09-014110,2009-06-11,xslF345X03/form4.xml,CIK0001288776-submissions-001.json
2009-06-18,4,0001127602-09-014273,2009-05-11,xslF345X03/form4.xml,CIK0001288776-submissions-001.json
2009-06-18,8-K,0001193125-09-133284,2009-06-12,d8k.htm,CIK0001288776-submissions-001.json
2009-06-24,424B2,0001193125-09-136767,,d424b2.htm,CIK0001288776-submissions-001.json
2009-07-02,4,0001127602-09-015095,2009-07-01,xslF345X03/form4.xml,CIK0001288776-submissions-001.json
2009-07-06,4,0001127602-09-015252,2009-07-06,xslF345X03/form4.xml,CIK0001288776-submissions-001.json
2009-07-06,4,0001127602-09-015234,2009-07-02,xslF345X03/form4.xml,CIK0001288776-submissions-001.json
2009-07-06,4,0001127602-09-015151,2009-07-01,xslF345X03/form4.xml,CIK0001288776-submissions-001.json
2009-07-06,4,0001127602-09-015145,2009-07-01,xslF345X03/form4.xml,CIK0001288776-submissions-001.json
2009-07-06,4,0001127602-09-015143,2009-07-01,xslF345X03/form4.xml,CIK0001288776-submissions-001.json
2009-07-08,4,0001127602-09-015316,2009-07-07,xslF345X03/form4.xml,CIK0001288776-submissions-001.json
2009-07-08,4,0001127602-09-015314,2009-06-25,xslF345X03/form4.xml,CIK0001288776-submissions-001.json
2009-07-08,4/A,0001127602-09-015311,2009-06-04,xslF345X03/form4a.xml,CIK0001288776-submissions-001.json
2009-07-08,4/A,0001127602-09-015307,2009-05-12,xslF345X03/form4a.xml,CIK0001288776-submissions-001.json
2009-07-10,4,0001127602-09-015405,2009-07-08,xslF345X03/form4.xml,CIK0001288776-submissions-001.json
2009-07-16,3,0001127602-09-015610,2009-07-07,xslF345X02/form3.xml,CIK0001288776-submissions-001.json
2009-07-16,8-K,0001193125-09-150129,2009-07-16,d8k.htm,CIK0001288776-submissions-001.json
2009-07-28,4,0001127602-09-016315,2009-07-24,xslF345X03/form4.xml,CIK0001288776-submissions-001.json
2009-08-04,10-Q,0001193125-09-163845,2009-06-30,d10q.htm,CIK0001288776-submissions-001.json
2009-08-04,4,0001127602-09-016748,2009-08-03,xslF345X03/form4.xml,CIK0001288776-submissions-001.json
2009-08-05,4,0001127602-09-016868,2009-08-03,xslF345X03/form4.xml,CIK0001288776-submissions-001.json
2009-08-05,4,0001127602-09-016866,2009-08-03,xslF345X03/form4.xml,CIK0001288776-submissions-001.json
2009-08-05,4,0001127602-09-016857,2009-08-03,xslF345X03/form4.xml,CIK0001288776-submissions-001.json
2009-08-05,4,0001127602-09-016844,2009-08-03,xslF345X03/form4.xml,CIK0001288776-submissions-001.json
2009-08-05,4,0001127602-09-016837,2009-08-01,xslF345X03/form4.xml,CIK0001288776-submissions-001.json
2009-08-05,425,0001193125-09-165045,,d425.htm,CIK0001288776-submissions-001.json
2009-08-05,425,0001193125-09-165038,,d425.htm,CIK0001288776-submissions-001.json
2009-08-06,4,0001127602-09-016954,2009-08-04,xslF345X03/form4.xml,CIK0001288776-submissions-001.json
2009-08-07,4,0001127602-09-017079,2009-08-05,xslF345X03/form4.xml,CIK0001288776-submissions-001.json
2009-08-07,4,0001127602-09-017076,2009-08-05,xslF345X03/form4.xml,CIK0001288776-submissions-001.json
2009-08-07,4,0001127602-09-017074,2009-08-04,xslF345X03/form4.xml,CIK0001288776-submissions-001.json
2009-08-07,4,0001127602-09-017018,2009-08-05,xslF345X03/form4.xml,CIK0001288776-submissions-001.json
2009-08-07,4,0001127602-09-017016,2009-08-05,xslF345X03/form4.xml,CIK0001288776-submissions-001.json
2009-08-07,4,0001127602-09-017012,2009-08-05,xslF345X03/form4.xml,CIK0001288776-submissions-001.json
2009-08-07,4,0001127602-09-017010,2009-08-05,xslF345X03/form4.xml,CIK0001288776-submissions-001.json
2009-08-07,4,0001127602-09-017006,2009-08-05,xslF345X03/form4.xml,CIK0001288776-submissions-001.json
2009-08-07,8-K,0001193125-09-168782,2009-08-05,d8k.htm,CIK0001288776-submissions-001.json
2009-08-10,4,0001127602-09-017139,2009-08-07,xslF345X03/form4.xml,CIK0001288776-submissions-001.json
2009-08-10,4,0001127602-09-017137,2009-08-06,xslF345X03/form4.xml,CIK0001288776-submissions-001.json
2009-08-20,4,0001127602-09-017771,2009-08-19,xslF345X03/form4.xml,CIK0001288776-submissions-001.json
2009-08-27,4/A,0001127602-09-018134,2009-02-27,xslF345X03/form4a.xml,CIK0001288776-submissions-001.json
2009-09-01,4,0001127602-09-018326,2009-08-28,xslF345X03/form4.xml,CIK0001288776-submissions-001.json
2009-09-01,4,0001127602-09-018321,2009-08-31,xslF345X03/form4.xml,CIK0001288776-submissions-001.json
2009-09-03,4,0001127602-09-018471,2009-09-01,xslF345X03/form4.xml,CIK0001288776-submissions-001.json
2009-09-03,4,0001127602-09-018470,2009-09-01,xslF345X03/form4.xml,CIK0001288776-submissions-001.json
2009-09-03,4,0001127602-09-018467,2009-09-01,xslF345X03/form4.xml,CIK0001288776-submissions-001.json
2009-09-03,4,0001127602-09-018466,2009-09-01,xslF345X03/form4.xml,CIK0001288776-submissions-001.json
2009-09-03,4,0001127602-09-018465,2009-09-01,xslF345X03/form4.xml,CIK0001288776-submissions-001.json
2009-09-04,4,0001127602-09-018495,2009-09-04,xslF345X03/form4.xml,CIK0001288776-submissions-001.json
2009-09-04,4,0001127602-09-018492,2009-09-03,xslF345X03/form4.xml,CIK0001288776-submissions-001.json
2009-09-04,4,0001127602-09-018486,2009-09-02,xslF345X03/form4.xml,CIK0001288776-submissions-001.json
2009-09-08,4,0001127602-09-018517,2009-09-04,xslF345X03/form4.xml,CIK0001288776-submissions-001.json
2009-09-10,4,0001127602-09-018624,2009-09-08,xslF345X03/form4.xml,CIK0001288776-submissions-001.json
2009-09-10,4,0001127602-09-018622,2009-09-05,xslF345X03/form4.xml,CIK0001288776-submissions-001.json
2009-09-11,S-4,0001193125-09-190297,,ds4.htm,CIK0001288776-submissions-001.json
2009-09-15,4,0001127602-09-018871,2009-09-11,xslF345X03/form4.xml,CIK0001288776-submissions-001.json
2009-09-24,4,0001127602-09-019452,2009-09-22,xslF345X03/form4.xml,CIK0001288776-submissions-001.json
2009-10-05,4,0001127602-09-020421,2009-10-02,xslF345X03/form4.xml,CIK0001288776-submissions-001.json
2009-10-05,4,0001127602-09-020415,2009-10-01,xslF345X03/form4.xml,CIK0001288776-submissions-001.json
2009-10-05,4,0001127602-09-020346,2009-10-01,xslF345X03/form4.xml,CIK0001288776-submissions-001.json
2009-10-05,4,0001127602-09-020342,2009-10-01,xslF345X03/form4.xml,CIK0001288776-submissions-001.json
2009-10-05,4,0001127602-09-020332,2009-10-01,xslF345X03/form4.xml,CIK0001288776-submissions-001.json
2009-10-07,4,0001127602-09-020488,2009-10-06,xslF345X03/form4.xml,CIK0001288776-submissions-001.json
2009-10-07,4,0001127602-09-020486,2009-10-05,xslF345X03/form4.xml,CIK0001288776-submissions-001.json
2009-10-07,4,0001127602-09-020475,2009-10-05,xslF345X03/form4.xml,CIK0001288776-submissions-001.json
2009-10-08,4,0001127602-09-020549,2009-10-07,xslF345X03/form4.xml,CIK0001288776-submissions-001.json
2009-10-08,4,0001127602-09-020545,2009-10-07,xslF345X03/form4.xml,CIK0001288776-submissions-001.json
2009-10-09,UPLOAD,0000000000-09-057265,,filename1.pdf,CIK0001288776-submissions-001.json
2009-10-13,8-K,0001193125-09-206674,2009-10-07,d8k.htm,CIK0001288776-submissions-001.json
2009-10-15,8-K,0001193125-09-208479,2009-10-15,d8k.htm,CIK0001288776-submissions-001.json
2009-10-20,4,0001127602-09-020971,2009-10-16,xslF345X03/form4.xml,CIK0001288776-submissions-001.json
2009-10-26,4,0001127602-09-021096,2009-10-23,xslF345X03/form4.xml,CIK0001288776-submissions-001.json
2009-10-26,S-4/A,0001193125-09-213803,,ds4a.htm,CIK0001288776-submissions-001.json
2009-11-03,4,0001127602-09-021625,2009-08-21,xslF345X03/form4.xml,CIK0001288776-submissions-001.json
2009-11-03,CORRESP,0001193125-09-222072,,filename1.htm,CIK0001288776-submissions-001.json
2009-11-03,EFFECT,9999999995-09-003024,,xslEFFECTX01/primary_doc.xml,CIK0001288776-submissions-001.json
2009-11-04,10-Q,0001193125-09-222384,2009-09-30,d10q.htm,CIK0001288776-submissions-001.json
2009-11-04,4,0001127602-09-021819,2009-11-02,xslF345X03/form4.xml,CIK0001288776-submissions-001.json
2009-11-04,4,0001127602-09-021817,2009-11-02,xslF345X03/form4.xml,CIK0001288776-submissions-001.json
2009-11-04,4,0001127602-09-021816,2009-11-02,xslF345X03/form4.xml,CIK0001288776-submissions-001.json
2009-11-04,4,0001127602-09-021815,2009-11-02,xslF345X03/form4.xml,CIK0001288776-submissions-001.json
2009-11-04,4,0001127602-09-021811,2009-11-02,xslF345X03/form4.xml,CIK0001288776-submissions-001.json
2009-11-04,4,0001127602-09-021810,2009-11-02,xslF345X03/form4.xml,CIK0001288776-submissions-001.json
2009-11-04,4,0001127602-09-021809,2009-11-02,xslF345X03/form4.xml,CIK0001288776-submissions-001.json
2009-11-04,4,0001127602-09-021797,2009-11-02,xslF345X03/form4.xml,CIK0001288776-submissions-001.json
2009-11-04,4,0001127602-09-021781,2009-11-02,xslF345X03/form4.xml,CIK0001288776-submissions-001.json
2009-11-04,4/A,0001127602-09-021785,2009-08-21,xslF345X03/form4a.xml,CIK0001288776-submissions-001.json
2009-11-04,424B3,0001193125-09-222884,,d424b3.htm,CIK0001288776-submissions-001.json
2009-11-05,4,0001127602-09-021970,2009-11-03,xslF345X03/form4.xml,CIK0001288776-submissions-001.json
2009-11-05,4,0001127602-09-021968,2009-11-03,xslF345X03/form4.xml,CIK0001288776-submissions-001.json
2009-11-06,4,0001127602-09-022050,2009-11-04,xslF345X03/form4.xml,CIK0001288776-submissions-001.json
2009-11-06,4,0001127602-09-022048,2009-11-04,xslF345X03/form4.xml,CIK0001288776-submissions-001.json
2009-11-06,4/A,0001127602-09-022047,2009-11-03,xslF345X03/form4a.xml,CIK0001288776-submissions-001.json
2009-11-09,4,0001127602-09-022177,2009-11-06,xslF345X03/form4.xml,CIK0001288776-submissions-001.json
2009-11-09,4,0001127602-09-022175,2009-11-05,xslF345X03/form4.xml,CIK0001288776-submissions-001.json
2009-11-09,4,0001127602-09-022173,2009-11-06,xslF345X03/form4.xml,CIK0001288776-submissions-001.json
2009-11-10,4,0001127602-09-022273,2009-11-09,xslF345X03/form4.xml,CIK0001288776-submissions-001.json
2009-11-10,8-K,0001193125-09-230807,2009-11-09,d8k.htm,CIK0001288776-submissions-001.json
2009-11-18,4,0001127602-09-022992,2009-11-16,xslF345X03/form4.xml,CIK0001288776-submissions-001.json
2009-11-18,4,0001127602-09-022990,2009-11-16,xslF345X03/form4.xml,CIK0001288776-submissions-001.json
2009-11-18,4,0001127602-09-022988,2009-11-16,xslF345X03/form4.xml,CIK0001288776-submissions-001.json
2009-11-18,4,0001127602-09-022986,2009-11-16,xslF345X03/form4.xml,CIK0001288776-submissions-001.json
2009-11-24,4,0001127602-09-023600,2009-11-23,xslF345X03/form4.xml,CIK0001288776-submissions-001.json
2009-11-24,D,0001288776-09-000002,,xslFormDX01/primary_doc.xml,CIK0001288776-submissions-001.json
2009-11-30,4,0001127602-09-023792,2009-11-25,xslF345X03/form4.xml,CIK0001288776-submissions-001.json
2009-12-01,4,0001127602-09-023941,2009-11-27,xslF345X03/form4.xml,CIK0001288776-submissions-001.json
2009-12-03,4,0001127602-09-024312,2009-12-01,xslF345X03/form4.xml,CIK0001288776-submissions-001.json
2009-12-03,4,0001127602-09-024311,2009-12-01,xslF345X03/form4.xml,CIK0001288776-submissions-001.json
2009-12-03,4,0001127602-09-024310,2009-12-01,xslF345X03/form4.xml,CIK0001288776-submissions-001.json
2009-12-03,4,0001127602-09-024308,2009-12-01,xslF345X03/form4.xml,CIK0001288776-submissions-001.json
2009-12-04,4,0001127602-09-024442,2009-12-02,xslF345X03/form4.xml,CIK0001288776-submissions-001.json
2009-12-04,4,0001127602-09-024440,2009-12-02,xslF345X03/form4.xml,CIK0001288776-submissions-001.json
2009-12-04,4,0001127602-09-024389,2009-12-01,xslF345X03/form4.xml,CIK0001288776-submissions-001.json
2009-12-07,4,0001127602-09-024519,2009-12-03,xslF345X03/form4.xml,CIK0001288776-submissions-001.json
2009-12-07,4,0001127602-09-024518,2009-12-03,xslF345X03/form4.xml,CIK0001288776-submissions-001.json
2009-12-08,4,0001127602-09-024597,2009-12-04,xslF345X03/form4.xml,CIK0001288776-submissions-001.json
2009-12-08,4,0001127602-09-024595,2009-12-04,xslF345X03/form4.xml,CIK0001288776-submissions-001.json
2009-12-08,4,0001127602-09-024593,2009-12-04,xslF345X03/form4.xml,CIK0001288776-submissions-001.json
2009-12-09,4,0001127602-09-024621,2009-12-07,xslF345X03/form4.xml,CIK0001288776-submissions-001.json
2009-12-09,4,0001127602-09-024620,2009-12-07,xslF345X03/form4.xml,CIK0001288776-submissions-001.json
2009-12-11,4,0001127602-09-024886,2009-12-05,xslF345X03/form4.xml,CIK0001288776-submissions-001.json
2009-12-15,4,0001127602-09-025267,2009-12-11,xslF345X03/form4.xml,CIK0001288776-submissions-001.json
2009-12-15,4/A,0001127602-09-025257,2009-12-01,xslF345X03/form4a.xml,CIK0001288776-submissions-001.json
2009-12-16,4,0001127602-09-025457,2009-12-10,xslF345X03/form4.xml,CIK0001288776-submissions-001.json
2009-12-16,4/A,0001127602-09-025454,2009-12-01,xslF345X03/form4a.xml,CIK0001288776-submissions-001.json
2009-12-16,4/A,0001127602-09-025451,2009-12-07,xslF345X03/form4a.xml,CIK0001288776-submissions-001.json
2009-12-16,4/A,0001127602-09-025443,2009-12-04,xslF345X03/form4a.xml,CIK0001288776-submissions-001.json
2009-12-16,4/A,0001127602-09-025442,2009-12-03,xslF345X03/form4a.xml,CIK0001288776-submissions-001.json
2009-12-16,4/A,0001127602-09-025441,2009-12-02,xslF345X03/form4a.xml,CIK0001288776-submissions-001.json
2009-12-16,4/A,0001127602-09-025438,2009-12-03,xslF345X03/form4a.xml,CIK0001288776-submissions-001.json
2009-12-16,4/A,0001127602-09-025437,2009-12-01,xslF345X03/form4a.xml,CIK0001288776-submissions-001.json
2009-12-16,4/A,0001127602-09-025300,2009-12-01,xslF345X03/form4a.xml,CIK0001288776-submissions-001.json
2009-12-17,425,0001193125-09-254343,,d425.htm,CIK0001288776-submissions-001.json
2009-12-23,425,0001193125-09-259437,,d425.htm,CIK0001288776-submissions-001.json
2010-01-05,4,0001127602-10-000721,2010-01-04,xslF345X03/form4.xml,CIK0001288776-submissions-001.json
2010-01-05,4,0001127602-10-000715,2010-01-04,xslF345X03/form4.xml,CIK0001288776-submissions-001.json
2010-01-06,4,0001127602-10-001042,2010-01-04,xslF345X03/form4.xml,CIK0001288776-submissions-001.json
2010-01-06,4,0001127602-10-000984,2010-01-04,xslF345X03/form4.xml,CIK0001288776-submissions-001.json
2010-01-06,4,0001127602-10-000981,2010-01-04,xslF345X03/form4.xml,CIK0001288776-submissions-001.json
2010-01-07,4,0001127602-10-001114,2010-01-06,xslF345X03/form4.xml,CIK0001288776-submissions-001.json
2010-01-07,4,0001127602-10-001097,2010-01-05,xslF345X03/form4.xml,CIK0001288776-submissions-001.json
2010-01-07,425,0001193125-10-002816,,d425.htm,CIK0001288776-submissions-001.json
2010-01-07,NO ACT,9999999997-10-018905,2010-01-06,9999999997-10-018905.paper,CIK0001288776-submissions-001.json
2010-01-08,4,0001127602-10-001241,2010-01-07,xslF345X03/form4.xml,CIK0001288776-submissions-001.json
2010-01-11,CORRESP,0001193125-10-004446,,filename1.htm,CIK0001288776-submissions-001.json
2010-01-12,4,0001127602-10-001487,2009-12-16,xslF345X03/form4.xml,CIK0001288776-submissions-001.json
2010-01-12,4,0001127602-10-001485,2010-01-08,xslF345X03/form4.xml,CIK0001288776-submissions-001.json
2010-01-12,4/A,0001127602-10-001452,2009-11-16,xslF345X03/form4a.xml,CIK0001288776-submissions-001.json
2010-01-12,4/A,0001127602-10-001450,2009-11-16,xslF345X03/form4a.xml,CIK0001288776-submissions-001.json
2010-01-12,4/A,0001127602-10-001448,2009-11-16,xslF345X03/form4a.xml,CIK0001288776-submissions-001.json
2010-01-12,4/A,0001127602-10-001405,2009-11-02,xslF345X03/form4a.xml,CIK0001288776-submissions-001.json
2010-01-12,4/A,0001127602-10-001403,2009-11-02,xslF345X03/form4a.xml,CIK0001288776-submissions-001.json
2010-01-12,4/A,0001127602-10-001401,2009-10-19,xslF345X03/form4a.xml,CIK0001288776-submissions-001.json
2010-01-13,8-K,0001193125-10-005667,2010-01-12,d8k.htm,CIK0001288776-submissions-001.json
2010-01-19,424B3,0001193125-10-007479,,d424b3.htm,CIK0001288776-submissions-001.json
2010-01-19,425,0001193125-10-007501,,d8k.htm,CIK0001288776-submissions-001.json
2010-01-19,8-K,0001193125-10-007500,2010-01-15,d8k.htm,CIK0001288776-submissions-001.json
2010-01-21,8-K,0001193125-10-009730,2010-01-21,d8k.htm,CIK0001288776-submissions-001.json
2010-01-22,8-K,0001193125-10-011019,2010-01-22,d8k.htm,CIK0001288776-submissions-001.json
2010-01-27,4,0001127602-10-002364,2010-01-27,xslF345X03/form4.xml,CIK0001288776-submissions-001.json
2010-01-27,4,0001127602-10-002360,2010-01-25,xslF345X03/form4.xml,CIK0001288776-submissions-001.json
2010-01-27,4,0001127602-10-002273,2010-01-25,xslF345X03/form4.xml,CIK0001288776-submissions-001.json
2010-01-29,SC 13G,0001086364-10-008266,,google123109.txt,CIK0001288776-submissions-001.json
2010-02-03,4,0001127602-10-003417,2010-02-02,xslF345X03/form4.xml,CIK0001288776-submissions-001.json
2010-02-03,4,0001127602-10-003412,2010-02-01,xslF345X03/form4.xml,CIK0001288776-submissions-001.json
2010-02-03,4,0001127602-10-003298,2010-02-01,xslF345X03/form4.xml,CIK0001288776-submissions-001.json
2010-02-03,4,0001127602-10-003295,2010-02-01,xslF345X03/form4.xml,CIK0001288776-submissions-001.json
2010-02-03,4,0001127602-10-003292,2010-02-01,xslF345X03/form4.xml,CIK0001288776-submissions-001.json
2010-02-04,4,0001127602-10-003530,2010-02-02,xslF345X03/form4.xml,CIK0001288776-submissions-001.json
2010-02-04,4,0001127602-10-003528,2010-02-02,xslF345X03/form4.xml,CIK0001288776-submissions-001.json
2010-02-04,4,0001127602-10-003526,2010-02-02,xslF345X03/form4.xml,CIK0001288776-submissions-001.json
2010-02-04,4,0001127602-10-003524,2010-02-02,xslF345X03/form4.xml,CIK0001288776-submissions-001.json
2010-02-04,4,0001127602-10-003522,2010-02-02,xslF345X03/form4.xml,CIK0001288776-submissions-001.json
2010-02-04,4,0001127602-10-003520,2010-02-02,xslF345X03/form4.xml,CIK0001288776-submissions-001.json
2010-02-04,4,0001127602-10-003518,2010-02-02,xslF345X03/form4.xml,CIK0001288776-submissions-001.json
2010-02-04,4,0001127602-10-003516,2010-02-02,xslF345X03/form4.xml,CIK0001288776-submissions-001.json
2010-02-04,4,0001127602-10-003514,2010-02-02,xslF345X03/form4.xml,CIK0001288776-submissions-001.json
2010-02-04,4,0001127602-10-003512,2010-02-02,xslF345X03/form4.xml,CIK0001288776-submissions-001.json
2010-02-04,4,0001127602-10-003510,2010-02-02,xslF345X03/form4.xml,CIK0001288776-submissions-001.json
2010-02-04,4,0001127602-10-003508,2010-02-02,xslF345X03/form4.xml,CIK0001288776-submissions-001.json
2010-02-04,4,0001127602-10-003506,2010-02-02,xslF345X03/form4.xml,CIK0001288776-submissions-001.json
2010-02-05,4,0001127602-10-003653,2010-02-03,xslF345X03/form4.xml,CIK0001288776-submissions-001.json
2010-02-08,4,0001127602-10-003848,2010-02-04,xslF345X03/form4.xml,CIK0001288776-submissions-001.json
2010-02-08,4,0001127602-10-003834,2010-02-04,xslF345X03/form4.xml,CIK0001288776-submissions-001.json
2010-02-09,4,0001127602-10-003999,2010-02-05,xslF345X03/form4.xml,CIK0001288776-submissions-001.json
2010-02-10,4,0001127602-10-004251,2010-02-10,xslF345X03/form4.xml,CIK0001288776-submissions-001.json
2010-02-10,4,0001127602-10-004249,2010-02-09,xslF345X03/form4.xml,CIK0001288776-submissions-001.json
2010-02-10,4,0001127602-10-004247,2010-02-08,xslF345X03/form4.xml,CIK0001288776-submissions-001.json
2010-02-10,4,0001127602-10-004242,2010-02-08,xslF345X03/form4.xml,CIK0001288776-submissions-001.json
2010-02-10,4,0001127602-10-004240,2010-02-08,xslF345X03/form4.xml,CIK0001288776-submissions-001.json
2010-02-10,4,0001127602-10-004124,2010-02-08,xslF345X03/form4.xml,CIK0001288776-submissions-001.json
2010-02-10,SC 13G/A,0000950123-10-010563,,f54887sc13gza.htm,CIK0001288776-submissions-001.json
2010-02-12,10-K,0001193125-10-030774,2009-12-31,d10k.htm,CIK0001288776-submissions-001.json
2010-02-12,4,0001127602-10-004660,2010-02-10,xslF345X03/form4.xml,CIK0001288776-submissions-001.json
2010-02-16,SC 13G/A,0001193125-10-032286,,dsc13ga.htm,CIK0001288776-submissions-001.json
2010-02-16,SC 13G/A,0001193125-10-032284,,dsc13ga.htm,CIK0001288776-submissions-001.json
2010-02-16,SC 13G/A,0000315066-10-001719,,filing.txt,CIK0001288776-submissions-001.json
2010-02-18,4,0001127602-10-005447,2010-02-16,xslF345X03/form4.xml,CIK0001288776-submissions-001.json
2010-02-24,4,0001127602-10-006186,2010-02-22,xslF345X03/form4.xml,CIK0001288776-submissions-001.json
2010-02-25,4,0001127602-10-006358,2010-02-24,xslF345X03/form4.xml,CIK0001288776-submissions-001.json
2010-03-03,4,0001127602-10-007347,2010-03-01,xslF345X03/form4.xml,CIK0001288776-submissions-001.json
2010-03-03,4,0001127602-10-007346,2010-03-01,xslF345X03/form4.xml,CIK0001288776-submissions-001.json
2010-03-03,4,0001127602-10-007309,2010-03-01,xslF345X03/form4.xml,CIK0001288776-submissions-001.json
2010-03-03,4,0001127602-10-007284,2010-03-01,xslF345X03/form4.xml,CIK0001288776-submissions-001.json
2010-03-03,4,0001127602-10-007134,2010-03-01,xslF345X03/form4.xml,CIK0001288776-submissions-001.json
2010-03-03,4/A,0001127602-10-007356,2010-03-01,xslF345X03/form4a.xml,CIK0001288776-submissions-001.json
2010-03-03,4/A,0001127602-10-007351,2010-03-01,xslF345X03/form4a.xml,CIK0001288776-submissions-001.json
2010-03-04,4,0001127602-10-007647,2010-03-02,xslF345X03/form4.xml,CIK0001288776-submissions-001.json
2010-03-04,4,0001127602-10-007646,2010-03-02,xslF345X03/form4.xml,CIK0001288776-submissions-001.json
2010-03-04,4,0001127602-10-007645,2010-03-02,xslF345X03/form4.xml,CIK0001288776-submissions-001.json
2010-03-04,4,0001127602-10-007644,2010-03-02,xslF345X03/form4.xml,CIK0001288776-submissions-001.json
2010-03-04,4,0001127602-10-007643,2010-03-02,xslF345X03/form4.xml,CIK0001288776-submissions-001.json
2010-03-04,4,0001127602-10-007641,2010-03-02,xslF345X03/form4.xml,CIK0001288776-submissions-001.json
2010-03-04,4,0001127602-10-007640,2010-03-02,xslF345X03/form4.xml,CIK0001288776-submissions-001.json
2010-03-04,4,0001127602-10-007639,2010-03-02,xslF345X03/form4.xml,CIK0001288776-submissions-001.json
2010-03-04,4,0001127602-10-007638,2010-03-02,xslF345X03/form4.xml,CIK0001288776-submissions-001.json
2010-03-04,4,0001127602-10-007637,2010-03-02,xslF345X03/form4.xml,CIK0001288776-submissions-001.json
2010-03-04,4,0001127602-10-007636,2010-03-02,xslF345X03/form4.xml,CIK0001288776-submissions-001.json
2010-03-04,4,0001127602-10-007635,2010-03-02,xslF345X03/form4.xml,CIK0001288776-submissions-001.json
2010-03-04,4,0001127602-10-007634,2010-03-02,xslF345X03/form4.xml,CIK0001288776-submissions-001.json
2010-03-04,4,0001127602-10-007633,2010-03-02,xslF345X03/form4.xml,CIK0001288776-submissions-001.json
2010-03-04,4,0001127602-10-007632,2010-03-02,xslF345X03/form4.xml,CIK0001288776-submissions-001.json
2010-03-05,4,0001127602-10-007821,2010-03-04,xslF345X03/form4.xml,CIK0001288776-submissions-001.json
2010-03-05,4,0001127602-10-007819,2010-03-03,xslF345X03/form4.xml,CIK0001288776-submissions-001.json
2010-03-05,8-K,0001193125-10-049091,2010-03-01,d8k.htm,CIK0001288776-submissions-001.json
2010-03-08,4,0001127602-10-007971,2010-03-04,xslF345X03/form4.xml,CIK0001288776-submissions-001.json
2010-03-08,4,0001127602-10-007969,2010-03-04,xslF345X03/form4.xml,CIK0001288776-submissions-001.json
2010-03-08,4,0001127602-10-007967,2010-03-04,xslF345X03/form4.xml,CIK0001288776-submissions-001.json
2010-03-08,4,0001127602-10-007965,2010-03-04,xslF345X03/form4.xml,CIK0001288776-submissions-001.json
2010-03-08,4,0001127602-10-007963,2010-03-04,xslF345X03/form4.xml,CIK0001288776-submissions-001.json
2010-03-09,4,0001127602-10-008086,2010-03-08,xslF345X03/form4.xml,CIK0001288776-submissions-001.json
2010-03-09,4,0001127602-10-008038,2010-03-05,xslF345X03/form4.xml,CIK0001288776-submissions-001.json
2010-03-11,4,0001127602-10-008422,2010-03-10,xslF345X03/form4.xml,CIK0001288776-submissions-001.json
2010-03-11,4,0001127602-10-008420,2010-03-10,xslF345X03/form4.xml,CIK0001288776-submissions-001.json
2010-03-12,4,0001127602-10-008573,2010-03-10,xslF345X03/form4.xml,CIK0001288776-submissions-001.json
2010-03-12,4,0001127602-10-008572,2010-03-10,xslF345X03/form4.xml,CIK0001288776-submissions-001.json
2010-03-15,4,0001127602-10-008713,2010-03-11,xslF345X03/form4.xml,CIK0001288776-submissions-001.json
2010-03-29,DEF 14A,0001193125-10-070028,2010-05-13,ddef14a.htm,CIK0001288776-submissions-001.json
2010-04-02,4,0001127602-10-010372,2010-04-01,xslF345X03/form4.xml,CIK0001288776-submissions-001.json
2010-04-05,4,0001127602-10-010411,2010-04-01,xslF345X03/form4.xml,CIK0001288776-submissions-001.json
2010-04-06,DEFA14A,0001193125-10-077233,,ddefa14a.htm,CIK0001288776-submissions-001.json
2010-04-07,4,0001127602-10-010747,2010-04-05,xslF345X03/form4.xml,CIK0001288776-submissions-001.json
2010-04-07,4,0001127602-10-010746,2010-04-05,xslF345X03/form4.xml,CIK0001288776-submissions-001.json
2010-04-08,4,0001127602-10-010830,2010-04-07,xslF345X03/form4.xml,CIK0001288776-submissions-001.json
2010-04-08,4,0001127602-10-010828,2010-04-07,xslF345X03/form4.xml,CIK0001288776-submissions-001.json
2010-04-08,4,0001127602-10-010804,2010-04-06,xslF345X03/form4.xml,CIK0001288776-submissions-001.json
2010-04-08,4,0001127602-10-010803,2010-04-06,xslF345X03/form4.xml,CIK0001288776-submissions-001.json
2010-04-08,4,0001127602-10-010802,2010-04-06,xslF345X03/form4.xml,CIK0001288776-submissions-001.json
2010-04-08,4,0001127602-10-010801,2010-04-06,xslF345X03/form4.xml,CIK0001288776-submissions-001.json
2010-04-08,4,0001127602-10-010800,2010-04-06,xslF345X03/form4.xml,CIK0001288776-submissions-001.json
2010-04-08,4,0001127602-10-010799,2010-04-06,xslF345X03/form4.xml,CIK0001288776-submissions-001.json
2010-04-08,4,0001127602-10-010798,2010-04-06,xslF345X03/form4.xml,CIK0001288776-submissions-001.json
2010-04-08,4,0001127602-10-010797,2010-04-06,xslF345X03/form4.xml,CIK0001288776-submissions-001.json
2010-04-08,4,0001127602-10-010795,2010-04-06,xslF345X03/form4.xml,CIK0001288776-submissions-001.json
2010-04-08,4,0001127602-10-010793,2010-04-06,xslF345X03/form4.xml,CIK0001288776-submissions-001.json
2010-04-08,4,0001127602-10-010792,2010-04-06,xslF345X03/form4.xml,CIK0001288776-submissions-001.json
2010-04-09,4,0001127602-10-010895,2010-04-08,xslF345X03/form4.xml,CIK0001288776-submissions-001.json
2010-04-13,4,0001127602-10-011055,2010-04-12,xslF345X03/form4.xml,CIK0001288776-submissions-001.json
2010-04-13,4,0001127602-10-011053,2010-04-09,xslF345X03/form4.xml,CIK0001288776-submissions-001.json
2010-04-13,4,0001127602-10-011032,2010-04-09,xslF345X03/form4.xml,CIK0001288776-submissions-001.json
2010-04-14,4,0001127602-10-011079,2010-04-13,xslF345X03/form4.xml,CIK0001288776-submissions-001.json
2010-04-15,4,0001127602-10-011175,2010-04-13,xslF345X03/form4.xml,CIK0001288776-submissions-001.json
2010-04-15,8-K,0001193125-10-084352,2010-04-15,d8k.htm,CIK0001288776-submissions-001.json
2010-04-16,4,0001127602-10-011298,2010-04-14,xslF345X03/form4.xml,CIK0001288776-submissions-001.json
2010-04-16,4,0001127602-10-011294,2010-04-14,xslF345X03/form4.xml,CIK0001288776-submissions-001.json
2010-04-16,4/A,0001127602-10-011296,2010-04-14,xslF345X03/form4a.xml,CIK0001288776-submissions-001.json
2010-04-16,S-3ASR,0001193125-10-085591,,ds3asr.htm,CIK0001288776-submissions-001.json
2010-04-19,4,0001127602-10-011419,2010-04-15,xslF345X03/form4.xml,CIK0001288776-submissions-001.json
2010-04-20,4,0001127602-10-011535,2010-04-19,xslF345X03/form4.xml,CIK0001288776-submissions-001.json
2010-04-21,4,0001127602-10-011686,2010-04-21,xslF345X03/form4.xml,CIK0001288776-submissions-001.json
2010-04-21,4,0001127602-10-011683,2010-04-20,xslF345X03/form4.xml,CIK0001288776-submissions-001.json
2010-04-28,4,0001127602-10-012327,2010-04-26,xslF345X03/form4.xml,CIK0001288776-submissions-001.json
2010-04-30,PX14A6G,0001214659-10-001222,,c429101px14a6g.htm,CIK0001288776-submissions-001.json
2010-05-04,4,0001127602-10-013114,2010-02-19,xslF345X03/form4.xml,CIK0001288776-submissions-001.json
2010-05-04,4,0001127602-10-013111,2010-05-03,xslF345X03/form4.xml,CIK0001288776-submissions-001.json
2010-05-04,4,0001127602-10-013103,2010-05-03,xslF345X03/form4.xml,CIK0001288776-submissions-001.json
2010-05-05,10-Q,0001193125-10-108704,2010-03-31,d10q.htm,CIK0001288776-submissions-001.json
2010-05-05,4,0001127602-10-013291,2010-05-03,xslF345X03/form4.xml,CIK0001288776-submissions-001.json
2010-05-05,4,0001127602-10-013288,2010-02-26,xslF345X03/form4.xml,CIK0001288776-submissions-001.json
2010-05-05,4,0001127602-10-013286,2010-05-03,xslF345X03/form4.xml,CIK0001288776-submissions-001.json
2010-05-06,4,0001127602-10-013399,2010-05-04,xslF345X03/form4.xml,CIK0001288776-submissions-001.json
2010-05-06,4,0001127602-10-013397,2010-05-04,xslF345X03/form4.xml,CIK0001288776-submissions-001.json
2010-05-06,4,0001127602-10-013395,2010-05-04,xslF345X03/form4.xml,CIK0001288776-submissions-001.json
2010-05-06,4,0001127602-10-013393,2010-05-04,xslF345X03/form4.xml,CIK0001288776-submissions-001.json
2010-05-06,4,0001127602-10-013391,2010-05-04,xslF345X03/form4.xml,CIK0001288776-submissions-001.json
2010-05-06,4,0001127602-10-013389,2010-05-04,xslF345X03/form4.xml,CIK0001288776-submissions-001.json
2010-05-06,4,0001127602-10-013387,2010-05-04,xslF345X03/form4.xml,CIK0001288776-submissions-001.json
2010-05-06,4,0001127602-10-013385,2010-05-04,xslF345X03/form4.xml,CIK0001288776-submissions-001.json
2010-05-06,4,0001127602-10-013383,2010-05-04,xslF345X03/form4.xml,CIK0001288776-submissions-001.json
2010-05-06,4,0001127602-10-013381,2010-05-04,xslF345X03/form4.xml,CIK0001288776-submissions-001.json
2010-05-06,4,0001127602-10-013379,2010-05-04,xslF345X03/form4.xml,CIK0001288776-submissions-001.json
2010-05-06,4,0001127602-10-013377,2010-05-04,xslF345X03/form4.xml,CIK0001288776-submissions-001.json
2010-05-06,4,0001127602-10-013375,2010-05-04,xslF345X03/form4.xml,CIK0001288776-submissions-001.json
2010-05-06,4,0001127602-10-013373,2010-05-04,xslF345X03/form4.xml,CIK0001288776-submissions-001.json
2010-05-06,4,0001127602-10-013369,2010-05-04,xslF345X03/form4.xml,CIK0001288776-submissions-001.json
2010-05-06,4,0001127602-10-013367,2010-05-04,xslF345X03/form4.xml,CIK0001288776-submissions-001.json
2010-05-06,4,0001127602-10-013365,2010-05-04,xslF345X03/form4.xml,CIK0001288776-submissions-001.json
2010-05-06,4,0001127602-10-013361,2010-05-04,xslF345X03/form4.xml,CIK0001288776-submissions-001.json
2010-05-06,4,0001127602-10-013347,2010-05-04,xslF345X03/form4.xml,CIK0001288776-submissions-001.json
2010-05-10,4,0001127602-10-013633,2010-05-06,xslF345X03/form4.xml,CIK0001288776-submissions-001.json
2010-05-12,4,0001127602-10-013862,2010-05-10,xslF345X03/form4.xml,CIK0001288776-submissions-001.json
2010-05-12,4,0001127602-10-013859,2010-05-10,xslF345X03/form4.xml,CIK0001288776-submissions-001.json
2010-05-13,4,0001127602-10-014216,2010-05-11,xslF345X03/form4.xml,CIK0001288776-submissions-001.json
2010-05-13,4,0001127602-10-014212,2010-05-11,xslF345X03/form4.xml,CIK0001288776-submissions-001.json
2010-05-13,4,0001127602-10-014210,2010-05-11,xslF345X03/form4.xml,CIK0001288776-submissions-001.json
2010-05-13,4,0001127602-10-014208,2010-05-11,xslF345X03/form4.xml,CIK0001288776-submissions-001.json
2010-05-13,4,0001127602-10-014206,2010-05-11,xslF345X03/form4.xml,CIK0001288776-submissions-001.json
2010-05-13,4,0001127602-10-014203,2010-05-11,xslF345X03/form4.xml,CIK0001288776-submissions-001.json
2010-05-13,4,0001127602-10-014201,2010-05-11,xslF345X03/form4.xml,CIK0001288776-submissions-001.json
2010-05-13,4,0001127602-10-014198,2010-05-11,xslF345X03/form4.xml,CIK0001288776-submissions-001.json
2010-05-14,4,0001127602-10-014407,2010-05-12,xslF345X03/form4.xml,CIK0001288776-submissions-001.json
2010-05-14,4,0001127602-10-014405,2010-05-12,xslF345X03/form4.xml,CIK0001288776-submissions-001.json
2010-05-14,4,0001127602-10-014403,2010-05-12,xslF345X03/form4.xml,CIK0001288776-submissions-001.json
2010-05-14,4,0001127602-10-014399,2010-05-12,xslF345X03/form4.xml,CIK0001288776-submissions-001.json
2010-05-14,4,0001127602-10-014397,2010-05-12,xslF345X03/form4.xml,CIK0001288776-submissions-001.json
2010-05-14,4,0001127602-10-014394,2010-05-12,xslF345X03/form4.xml,CIK0001288776-submissions-001.json
2010-05-14,4,0001127602-10-014391,2010-05-12,xslF345X03/form4.xml,CIK0001288776-submissions-001.json
2010-05-14,4,0001127602-10-014387,2010-05-12,xslF345X03/form4.xml,CIK0001288776-submissions-001.json
2010-05-17,8-K,0001193125-10-121260,2010-05-13,d8k.htm,CIK0001288776-submissions-001.json
2010-06-01,4,0001127602-10-015922,2010-05-27,xslF345X03/form4.xml,CIK0001288776-submissions-001.json
2010-06-02,4,0001127602-10-016171,2010-06-01,xslF345X03/form4.xml,CIK0001288776-submissions-001.json
2010-06-03,4,0001127602-10-016424,2010-06-01,xslF345X03/form4.xml,CIK0001288776-submissions-001.json
2010-06-03,4,0001127602-10-016422,2010-06-01,xslF345X03/form4.xml,CIK0001288776-submissions-001.json
2010-06-03,4,0001127602-10-016420,2010-06-01,xslF345X03/form4.xml,CIK0001288776-submissions-001.json
2010-06-03,4,0001127602-10-016418,2010-06-01,xslF345X03/form4.xml,CIK0001288776-submissions-001.json
2010-06-03,4,0001127602-10-016416,2010-06-01,xslF345X03/form4.xml,CIK0001288776-submissions-001.json
2010-06-03,4,0001127602-10-016414,2010-06-01,xslF345X03/form4.xml,CIK0001288776-submissions-001.json
2010-06-03,4,0001127602-10-016412,2010-06-01,xslF345X03/form4.xml,CIK0001288776-submissions-001.json
2010-06-03,4,0001127602-10-016410,2010-06-01,xslF345X03/form4.xml,CIK0001288776-submissions-001.json
2010-06-03,4,0001127602-10-016408,2010-06-01,xslF345X03/form4.xml,CIK0001288776-submissions-001.json
2010-06-03,4,0001127602-10-016406,2010-06-01,xslF345X03/form4.xml,CIK0001288776-submissions-001.json
2010-06-03,4,0001127602-10-016404,2010-06-01,xslF345X03/form4.xml,CIK0001288776-submissions-001.json
2010-06-03,4,0001127602-10-016402,2010-06-01,xslF345X03/form4.xml,CIK0001288776-submissions-001.json
2010-06-03,4,0001127602-10-016400,2010-06-01,xslF345X03/form4.xml,CIK0001288776-submissions-001.json
2010-06-03,4,0001127602-10-016398,2010-06-01,xslF345X03/form4.xml,CIK0001288776-submissions-001.json
2010-06-03,4,0001127602-10-016396,2010-06-01,xslF345X03/form4.xml,CIK0001288776-submissions-001.json
2010-06-03,4,0001127602-10-016387,2010-06-01,xslF345X03/form4.xml,CIK0001288776-submissions-001.json
2010-06-03,4,0001127602-10-016385,2010-06-01,xslF345X03/form4.xml,CIK0001288776-submissions-001.json
2010-06-03,4,0001127602-10-016383,2010-06-01,xslF345X03/form4.xml,CIK0001288776-submissions-001.json
2010-06-04,4,0001127602-10-016541,2010-06-02,xslF345X03/form4.xml,CIK0001288776-submissions-001.json
2010-06-04,4,0001127602-10-016539,2010-06-02,xslF345X03/form4.xml,CIK0001288776-submissions-001.json
2010-06-04,4,0001127602-10-016537,2010-06-02,xslF345X03/form4.xml,CIK0001288776-submissions-001.json
2010-06-08,4,0001127602-10-016786,2010-06-04,xslF345X03/form4.xml,CIK0001288776-submissions-001.json
2010-06-08,4,0001127602-10-016784,2010-06-04,xslF345X03/form4.xml,CIK0001288776-submissions-001.json
2010-06-08,4,0001127602-10-016780,2010-06-04,xslF345X03/form4.xml,CIK0001288776-submissions-001.json
2010-06-08,4,0001127602-10-016778,2010-06-04,xslF345X03/form4.xml,CIK0001288776-submissions-001.json
2010-06-08,4,0001127602-10-016776,2010-06-04,xslF345X03/form4.xml,CIK0001288776-submissions-001.json
2010-06-08,D/A,0001288776-10-000001,,xslFormDX01/primary_doc.xml,CIK0001288776-submissions-001.json
2010-06-09,4,0001127602-10-016880,2010-06-07,xslF345X03/form4.xml,CIK0001288776-submissions-001.json
2010-06-09,S-8,0001193125-10-135948,,ds8.htm,CIK0001288776-submissions-001.json
2010-06-11,4,0001127602-10-017093,2010-06-09,xslF345X03/form4.xml,CIK0001288776-submissions-001.json
2010-06-15,4,0001127602-10-017242,2010-06-14,xslF345X03/form4.xml,CIK0001288776-submissions-001.json
2010-06-15,4,0001127602-10-017240,2010-06-14,xslF345X03/form4.xml,CIK0001288776-submissions-001.json
2010-06-17,4,0001127602-10-017487,2010-06-16,xslF345X03/form4.xml,CIK0001288776-submissions-001.json
2010-06-18,4,0001127602-10-017562,2010-02-03,xslF345X03/form4.xml,CIK0001288776-submissions-001.json
2010-06-18,D/A,0001288776-10-000002,,xslFormDX01/primary_doc.xml,CIK0001288776-submissions-001.json
2010-06-28,S-3ASR,0001193125-10-147588,,ds3asr.htm,CIK0001288776-submissions-001.json
2010-07-06,4,0001127602-10-018876,2010-07-01,xslF345X03/form4.xml,CIK0001288776-submissions-001.json
2010-07-06,4,0001127602-10-018874,2010-07-01,xslF345X03/form4.xml,CIK0001288776-submissions-001.json
2010-07-06,4,0001127602-10-018872,2010-07-02,xslF345X03/form4.xml,CIK0001288776-submissions-001.json
2010-07-06,4,0001127602-10-018858,2010-07-01,xslF345X03/form4.xml,CIK0001288776-submissions-001.json
2010-07-08,4,0001127602-10-018985,2010-07-07,xslF345X03/form4.xml,CIK0001288776-submissions-001.json
2010-07-08,4,0001127602-10-018983,2010-07-06,xslF345X03/form4.xml,CIK0001288776-submissions-001.json
2010-07-08,4,0001127602-10-018973,2010-07-06,xslF345X03/form4.xml,CIK0001288776-submissions-001.json
2010-07-09,4,0001127602-10-019037,2010-07-07,xslF345X03/form4.xml,CIK0001288776-submissions-001.json
2010-07-14,4,0001127602-10-019161,2010-07-13,xslF345X03/form4.xml,CIK0001288776-submissions-001.json
2010-07-14,4,0001127602-10-019159,2010-07-12,xslF345X03/form4.xml,CIK0001288776-submissions-001.json
2010-07-14,4,0001127602-10-019157,2010-07-12,xslF345X03/form4.xml,CIK0001288776-submissions-001.json
2010-07-15,4,0001127602-10-019239,2010-07-14,xslF345X03/form4.xml,CIK0001288776-submissions-001.json
2010-07-15,8-K,0001193125-10-159465,2010-07-15,d8k.htm,CIK0001288776-submissions-001.json
2010-07-16,4,0001127602-10-019316,2010-07-15,xslF345X03/form4.xml,CIK0001288776-submissions-001.json
2010-07-19,424B2,0001193125-10-160390,,d424b2.htm,CIK0001288776-submissions-001.json
2010-07-19,424B7,0001193125-10-160391,,d424b7.htm,CIK0001288776-submissions-001.json
2010-07-19,POSASR,0001193125-10-160339,,dposasr.htm,CIK0001288776-submissions-001.json
2010-07-23,424B7,0001193125-10-165045,,d424b7.htm,CIK0001288776-submissions-001.json
2010-07-27,424B7,0001193125-10-167419,,d424b7.htm,CIK0001288776-submissions-001.json
2010-07-28,4,0001127602-10-020031,2010-07-26,xslF345X03/form4.xml,CIK0001288776-submissions-001.json
2010-07-30,10-Q,0001193125-10-172387,2010-06-30,d10q.htm,CIK0001288776-submissions-001.json
2010-08-03,4,0001127602-10-020613,2010-08-02,xslF345X03/form4.xml,CIK0001288776-submissions-001.json
2010-08-03,4,0001127602-10-020611,2010-08-01,xslF345X03/form4.xml,CIK0001288776-submissions-001.json
2010-08-03,4,0001127602-10-020607,2010-08-02,xslF345X03/form4.xml,CIK0001288776-submissions-001.json
2010-08-04,4,0001127602-10-020674,2010-08-02,xslF345X03/form4.xml,CIK0001288776-submissions-001.json
2010-08-05,4,0001127602-10-020780,2010-08-04,xslF345X03/form4.xml,CIK0001288776-submissions-001.json
2010-08-05,4,0001127602-10-020739,2010-08-03,xslF345X03/form4.xml,CIK0001288776-submissions-001.json
2010-08-06,4,0001127602-10-020868,2010-08-04,xslF345X03/form4.xml,CIK0001288776-submissions-001.json
2010-08-09,4,0001127602-10-020979,2010-08-06,xslF345X03/form4.xml,CIK0001288776-submissions-001.json
2010-08-09,4,0001127602-10-020978,2010-08-05,xslF345X03/form4.xml,CIK0001288776-submissions-001.json
2010-08-09,4,0001127602-10-020975,2010-08-04,xslF345X03/form4.xml,CIK0001288776-submissions-001.json
2010-08-09,4,0001127602-10-020960,2010-08-05,xslF345X03/form4.xml,CIK0001288776-submissions-001.json
2010-08-09,4,0001127602-10-020950,2010-08-05,xslF345X03/form4.xml,CIK0001288776-submissions-001.json
2010-08-09,4,0001127602-10-020947,2010-08-05,xslF345X03/form4.xml,CIK0001288776-submissions-001.json
2010-08-10,4,0001127602-10-021102,2010-08-10,xslF345X03/form4.xml,CIK0001288776-submissions-001.json
2010-08-10,4,0001127602-10-021101,2010-08-09,xslF345X03/form4.xml,CIK0001288776-submissions-001.json
2010-08-12,4,0001127602-10-021257,2010-08-11,xslF345X03/form4.xml,CIK0001288776-submissions-001.json
2010-08-27,424B7,0001193125-10-199603,,d424b7.htm,CIK0001288776-submissions-001.json
2010-08-31,4,0001127602-10-022249,2010-08-25,xslF345X03/form4.xml,CIK0001288776-submissions-001.json
2010-09-02,4,0001127602-10-022446,2010-09-01,xslF345X03/form4.xml,CIK0001288776-submissions-001.json
2010-09-02,4,0001127602-10-022443,2010-09-01,xslF345X03/form4.xml,CIK0001288776-submissions-001.json
2010-09-02,4,0001127602-10-022440,2010-09-01,xslF345X03/form4.xml,CIK0001288776-submissions-001.json
2010-09-03,4,0001127602-10-022552,2010-09-02,xslF345X03/form4.xml,CIK0001288776-submissions-001.json
2010-09-03,4,0001127602-10-022547,2010-09-01,xslF345X03/form4.xml,CIK0001288776-submissions-001.json
2010-09-03,4,0001127602-10-022511,2010-09-01,xslF345X03/form4.xml,CIK0001288776-submissions-001.json
2010-09-03,4,0001127602-10-022510,2010-09-01,xslF345X03/form4.xml,CIK0001288776-submissions-001.json
2010-09-07,4,0001127602-10-022588,2010-08-24,xslF345X03/form4.xml,CIK0001288776-submissions-001.json
2010-09-08,4,0001127602-10-022739,2010-09-04,xslF345X03/form4.xml,CIK0001288776-submissions-001.json
2010-09-08,4,0001127602-10-022733,2010-09-04,xslF345X03/form4.xml,CIK0001288776-submissions-001.json
2010-09-08,4,0001127602-10-022731,2010-09-04,xslF345X03/form4.xml,CIK0001288776-submissions-001.json
2010-09-08,4,0001127602-10-022729,2010-09-04,xslF345X03/form4.xml,CIK0001288776-submissions-001.json
2010-09-08,4,0001127602-10-022726,2010-09-07,xslF345X03/form4.xml,CIK0001288776-submissions-001.json
2010-09-08,4,0001127602-10-022725,2010-09-03,xslF345X03/form4.xml,CIK0001288776-submissions-001.json
2010-09-09,4,0001127602-10-022789,2010-09-07,xslF345X03/form4.xml,CIK0001288776-submissions-001.json
2010-09-13,4,0001127602-10-022983,2010-09-10,xslF345X03/form4.xml,CIK0001288776-submissions-001.json
2010-09-13,4,0001127602-10-022952,2010-09-09,xslF345X03/form4.xml,CIK0001288776-submissions-001.json
2010-09-14,4,0001127602-10-023095,2010-09-13,xslF345X03/form4.xml,CIK0001288776-submissions-001.json
2010-09-15,4,0001127602-10-023151,2010-09-14,xslF345X03/form4.xml,CIK0001288776-submissions-001.json
2010-09-16,4,0001127602-10-023302,2010-09-15,xslF345X03/form4.xml,CIK0001288776-submissions-001.json
2010-09-22,4,0001127602-10-023675,2010-09-20,xslF345X03/form4.xml,CIK0001288776-submissions-001.json
2010-09-27,424B7,0001193125-10-217541,,d424b7.htm,CIK0001288776-submissions-001.json
2010-09-28,4,0001127602-10-023949,2010-09-24,xslF345X03/form4.xml,CIK0001288776-submissions-001.json
2010-09-28,4,0001127602-10-023947,2010-09-24,xslF345X03/form4.xml,CIK0001288776-submissions-001.json
2010-09-28,4,0001127602-10-023945,2010-09-24,xslF345X03/form4.xml,CIK0001288776-submissions-001.json
2010-10-05,4,0001127602-10-025042,2010-10-01,xslF345X03/form4.xml,CIK0001288776-submissions-001.json
2010-10-05,4,0001127602-10-025040,2010-10-01,xslF345X03/form4.xml,CIK0001288776-submissions-001.json
2010-10-05,4,0001127602-10-024960,2010-10-01,xslF345X03/form4.xml,CIK0001288776-submissions-001.json
2010-10-05,4,0001127602-10-024955,2010-10-01,xslF345X03/form4.xml,CIK0001288776-submissions-001.json
2010-10-05,4,0001127602-10-024947,2010-10-01,xslF345X03/form4.xml,CIK0001288776-submissions-001.json
2010-10-05,4,0001127602-10-024943,2010-10-01,xslF345X03/form4.xml,CIK0001288776-submissions-001.json
2010-10-06,4,0001127602-10-025113,2010-10-04,xslF345X03/form4.xml,CIK0001288776-submissions-001.json
2010-10-07,4,0001127602-10-025212,2010-10-05,xslF345X03/form4.xml,CIK0001288776-submissions-001.json
2010-10-07,4,0001127602-10-025154,2010-10-05,xslF345X03/form4.xml,CIK0001288776-submissions-001.json
2010-10-08,4,0001127602-10-025281,2010-10-06,xslF345X03/form4.xml,CIK0001288776-submissions-001.json
2010-10-12,4,0001127602-10-025376,2010-10-08,xslF345X03/form4.xml,CIK0001288776-submissions-001.json
2010-10-12,4,0001127602-10-025373,2010-10-11,xslF345X03/form4.xml,CIK0001288776-submissions-001.json
2010-10-14,4,0001127602-10-025488,2010-10-13,xslF345X03/form4.xml,CIK0001288776-submissions-001.json
2010-10-14,4,0001127602-10-025486,2010-10-12,xslF345X03/form4.xml,CIK0001288776-submissions-001.json
2010-10-14,8-K,0001193125-10-229504,2010-10-14,d8k.htm,CIK0001288776-submissions-001.json
2010-10-15,4,0001127602-10-025514,2010-10-15,xslF345X03/form4.xml,CIK0001288776-submissions-001.json
2010-10-19,4,0001127602-10-025775,2010-10-15,xslF345X03/form4.xml,CIK0001288776-submissions-001.json
2010-10-19,4,0001127602-10-025773,2010-10-15,xslF345X03/form4.xml,CIK0001288776-submissions-001.json
2010-10-19,4,0001127602-10-025771,2010-10-15,xslF345X03/form4.xml,CIK0001288776-submissions-001.json
2010-10-19,4,0001127602-10-025769,2010-01-05,xslF345X03/form4.xml,CIK0001288776-submissions-001.json
2010-10-19,4,0001127602-10-025753,2010-10-15,xslF345X03/form4.xml,CIK0001288776-submissions-001.json
2010-10-20,4,0001127602-10-025815,2010-10-19,xslF345X03/form4.xml,CIK0001288776-submissions-001.json
2010-10-21,4,0001127602-10-025851,2010-10-19,xslF345X03/form4.xml,CIK0001288776-submissions-001.json
2010-10-25,4,0001127602-10-025946,2010-10-21,xslF345X03/form4.xml,CIK0001288776-submissions-001.json
2010-10-27,424B7,0001193125-10-238045,,d424b7.htm,CIK0001288776-submissions-001.json
2010-10-29,10-Q,0001193125-10-241317,2010-09-30,d10q.htm,CIK0001288776-submissions-001.json
2010-10-29,4,0001127602-10-026244,2010-10-27,xslF345X03/form4.xml,CIK0001288776-submissions-001.json
2010-11-01,4,0001127602-10-026370,2010-10-28,xslF345X03/form4.xml,CIK0001288776-submissions-001.json
2010-11-03,4,0001127602-10-026909,2010-11-03,xslF345X03/form4.xml,CIK0001288776-submissions-001.json
2010-11-03,4,0001127602-10-026908,2010-11-01,xslF345X03/form4.xml,CIK0001288776-submissions-001.json
2010-11-03,4,0001127602-10-026907,2010-11-01,xslF345X03/form4.xml,CIK0001288776-submissions-001.json
2010-11-03,4,0001127602-10-026899,2010-11-01,xslF345X03/form4.xml,CIK0001288776-submissions-001.json
2010-11-03,4,0001127602-10-026895,2010-11-01,xslF345X03/form4.xml,CIK0001288776-submissions-001.json
2010-11-03,4,0001127602-10-026893,2010-11-01,xslF345X03/form4.xml,CIK0001288776-submissions-001.json
2010-11-03,4,0001127602-10-026891,2010-11-01,xslF345X03/form4.xml,CIK0001288776-submissions-001.json
2010-11-03,4,0001127602-10-026781,2010-11-01,xslF345X03/form4.xml,CIK0001288776-submissions-001.json
2010-11-03,4,0001127602-10-026762,2010-11-01,xslF345X03/form4.xml,CIK0001288776-submissions-001.json
2010-11-03,4,0001127602-10-026731,2010-11-01,xslF345X03/form4.xml,CIK0001288776-submissions-001.json
2010-11-03,4,0001127602-10-026729,2010-11-01,xslF345X03/form4.xml,CIK0001288776-submissions-001.json
2010-11-04,4,0001127602-10-027024,2010-11-03,xslF345X03/form4.xml,CIK0001288776-submissions-001.json
2010-11-04,4,0001127602-10-027022,2010-11-02,xslF345X03/form4.xml,CIK0001288776-submissions-001.json
2010-11-04,4,0001127602-10-026975,2010-11-02,xslF345X03/form4.xml,CIK0001288776-submissions-001.json
2010-11-05,4,0001127602-10-027180,2010-11-05,xslF345X03/form4.xml,CIK0001288776-submissions-001.json
2010-11-05,4,0001127602-10-027178,2010-11-03,xslF345X03/form4.xml,CIK0001288776-submissions-001.json
2010-11-09,4,0001127602-10-027600,2010-11-04,xslF345X03/form4.xml,CIK0001288776-submissions-001.json
2010-11-09,4,0001127602-10-027596,2010-11-05,xslF345X03/form4.xml,CIK0001288776-submissions-001.json
2010-11-09,4,0001127602-10-027594,2010-11-05,xslF345X03/form4.xml,CIK0001288776-submissions-001.json
2010-11-09,4,0001127602-10-027592,2010-11-05,xslF345X03/form4.xml,CIK0001288776-submissions-001.json
2010-11-09,4/A,0001127602-10-027598,2010-11-05,xslF345X03/form4a.xml,CIK0001288776-submissions-001.json
2010-11-10,4,0001127602-10-027725,2010-11-09,xslF345X03/form4.xml,CIK0001288776-submissions-001.json
2010-11-10,4,0001127602-10-027723,2010-11-09,xslF345X03/form4.xml,CIK0001288776-submissions-001.json
2010-11-10,4,0001127602-10-027645,2010-11-08,xslF345X03/form4.xml,CIK0001288776-submissions-001.json
2010-11-10,8-K,0001193125-10-256178,2010-11-05,d8k.htm,CIK0001288776-submissions-001.json
2010-11-12,4,0001127602-10-027857,2010-11-09,xslF345X03/form4.xml,CIK0001288776-submissions-001.json
2010-11-12,4,0001127602-10-027810,2010-11-10,xslF345X03/form4.xml,CIK0001288776-submissions-001.json
2010-11-12,8-K,0001193125-10-259076,2010-11-08,d8k.htm,CIK0001288776-submissions-001.json
2010-11-15,4,0001127602-10-027956,2010-11-11,xslF345X03/form4.xml,CIK0001288776-submissions-001.json
2010-11-18,4,0001127602-10-028337,2010-11-16,xslF345X03/form4.xml,CIK0001288776-submissions-001.json
2010-11-29,4,0001127602-10-029071,2010-11-24,xslF345X03/form4.xml,CIK0001288776-submissions-001.json
2010-11-29,4,0001127602-10-029069,2010-11-24,xslF345X03/form4.xml,CIK0001288776-submissions-001.json
2010-11-29,4,0001127602-10-029067,2010-11-24,xslF345X03/form4.xml,CIK0001288776-submissions-001.json
2010-12-02,4,0001127602-10-029480,2010-12-01,xslF345X03/form4.xml,CIK0001288776-submissions-001.json
2010-12-02,UPLOAD,0000000000-10-072101,,filename1.pdf,CIK0001288776-submissions-001.json
2010-12-03,4,0001127602-10-029722,2010-12-01,xslF345X03/form4.xml,CIK0001288776-submissions-001.json
2010-12-03,4,0001127602-10-029720,2010-12-01,xslF345X03/form4.xml,CIK0001288776-submissions-001.json
2010-12-03,4,0001127602-10-029718,2010-12-01,xslF345X03/form4.xml,CIK0001288776-submissions-001.json
2010-12-03,4,0001127602-10-029716,2010-12-01,xslF345X03/form4.xml,CIK0001288776-submissions-001.json
2010-12-03,4,0001127602-10-029714,2010-12-01,xslF345X03/form4.xml,CIK0001288776-submissions-001.json
2010-12-03,4,0001127602-10-029711,2010-12-01,xslF345X03/form4.xml,CIK0001288776-submissions-001.json
2010-12-03,4,0001127602-10-029709,2010-12-01,xslF345X03/form4.xml,CIK0001288776-submissions-001.json
2010-12-03,4,0001127602-10-029706,2010-12-03,xslF345X03/form4.xml,CIK0001288776-submissions-001.json
2010-12-03,4,0001127602-10-029703,2010-12-01,xslF345X03/form4.xml,CIK0001288776-submissions-001.json
2010-12-03,4,0001127602-10-029650,2010-12-01,xslF345X03/form4.xml,CIK0001288776-submissions-001.json
2010-12-03,4/A,0001127602-10-029643,2010-12-01,xslF345X03/form4a.xml,CIK0001288776-submissions-001.json
2010-12-07,4,0001127602-10-029919,2010-12-03,xslF345X03/form4.xml,CIK0001288776-submissions-001.json
2010-12-07,4,0001127602-10-029917,2010-12-04,xslF345X03/form4.xml,CIK0001288776-submissions-001.json
2010-12-07,4,0001127602-10-029914,2010-12-04,xslF345X03/form4.xml,CIK0001288776-submissions-001.json
2010-12-07,4,0001127602-10-029912,2010-12-06,xslF345X03/form4.xml,CIK0001288776-submissions-001.json
2010-12-07,4,0001127602-10-029910,2010-12-03,xslF345X03/form4.xml,CIK0001288776-submissions-001.json
2010-12-07,4,0001127602-10-029908,2010-12-04,xslF345X03/form4.xml,CIK0001288776-submissions-001.json
2010-12-07,4,0001127602-10-029899,2010-12-03,xslF345X03/form4.xml,CIK0001288776-submissions-001.json
2010-12-08,4,0001127602-10-030030,2010-12-07,xslF345X03/form4.xml,CIK0001288776-submissions-001.json
2010-12-09,4,0001127602-10-030160,2010-11-18,xslF345X03/form4.xml,CIK0001288776-submissions-001.json
2010-12-09,4,0001127602-10-030077,2010-12-07,xslF345X03/form4.xml,CIK0001288776-submissions-001.json
2010-12-10,4,0001127602-10-030271,2010-12-08,xslF345X03/form4.xml,CIK0001288776-submissions-001.json
2010-12-13,CORRESP,0001193125-10-279538,,filename1.htm,CIK0001288776-submissions-001.json
2010-12-15,4,0001127602-10-030792,2010-12-13,xslF345X03/form4.xml,CIK0001288776-submissions-001.json
2010-12-15,4,0001127602-10-030725,2010-12-13,xslF345X03/form4.xml,CIK0001288776-submissions-001.json
2010-12-16,4,0001127602-10-030943,2010-12-16,xslF345X03/form4.xml,CIK0001288776-submissions-001.json
2010-12-16,4,0001127602-10-030921,2010-12-15,xslF345X03/form4.xml,CIK0001288776-submissions-001.json
2010-12-16,4,0001127602-10-030916,2010-12-14,xslF345X03/form4.xml,CIK0001288776-submissions-001.json
2011-01-05,4,0001127602-11-001113,2011-01-05,xslF345X03/form4.xml,CIK0001288776-submissions-001.json
2011-01-05,4,0001127602-11-001111,2011-01-03,xslF345X03/form4.xml,CIK0001288776-submissions-001.json
2011-01-05,4,0001127602-11-001108,2011-01-04,xslF345X03/form4.xml,CIK0001288776-submissions-001.json
2011-01-05,4,0001127602-11-001027,2011-01-03,xslF345X03/form4.xml,CIK0001288776-submissions-001.json
2011-01-05,4,0001127602-11-001006,2011-01-03,xslF345X03/form4.xml,CIK0001288776-submissions-001.json
2011-01-07,4,0001127602-11-001292,2011-01-06,xslF345X03/form4.xml,CIK0001288776-submissions-001.json
2011-01-07,CORRESP,0001193125-11-003834,,filename1.htm,CIK0001288776-submissions-001.json
2011-01-12,4,0001127602-11-001569,2011-01-10,xslF345X03/form4.xml,CIK0001288776-submissions-001.json
2011-01-13,4,0001127602-11-001598,2011-01-12,xslF345X03/form4.xml,CIK0001288776-submissions-001.json
2011-01-13,4,0001127602-11-001596,2011-01-11,xslF345X03/form4.xml,CIK0001288776-submissions-001.json
2011-01-13,UPLOAD,0000000000-11-002610,,filename1.pdf,CIK0001288776-submissions-001.json
2011-01-19,4,0001127602-11-001931,2011-01-15,xslF345X03/form4.xml,CIK0001288776-submissions-001.json
2011-01-20,8-K,0001193125-11-011026,2011-01-19,d8k.htm,CIK0001288776-submissions-001.json
2011-01-21,8-K,0001193125-11-011442,2011-01-20,d8k.htm,CIK0001288776-submissions-001.json
2011-01-24,8-K,0001193125-11-012402,2011-01-21,d8k.htm,CIK0001288776-submissions-001.json
2011-01-25,4,0001127602-11-002302,2011-01-24,xslF345X03/form4.xml,CIK0001288776-submissions-001.json
2011-01-25,5,0001127602-11-002300,2010-12-31,xslF345X03/form5.xml,CIK0001288776-submissions-001.json
2011-01-31,SC 13G/A,0000950123-11-007236,,v58103sc13gza.htm,CIK0001288776-submissions-001.json
2011-02-02,4,0001127602-11-003585,2011-02-01,xslF345X03/form4.xml,CIK0001288776-submissions-001.json
2011-02-02,4,0001127602-11-003520,2011-02-01,xslF345X03/form4.xml,CIK0001288776-submissions-001.json
2011-02-03,4,0001127602-11-003827,2011-02-03,xslF345X03/form4.xml,CIK0001288776-submissions-001.json
2011-02-03,4,0001127602-11-003825,2011-02-01,xslF345X03/form4.xml,CIK0001288776-submissions-001.json
2011-02-03,4,0001127602-11-003719,2011-02-01,xslF345X03/form4.xml,CIK0001288776-submissions-001.json
2011-02-03,4,0001127602-11-003710,2011-02-01,xslF345X03/form4.xml,CIK0001288776-submissions-001.json
2011-02-04,4,0001127602-11-003927,2011-02-02,xslF345X03/form4.xml,CIK0001288776-submissions-001.json
2011-02-04,CORRESP,0001193125-11-024245,,filename1.htm,CIK0001288776-submissions-001.json
2011-02-04,SC 13G/A,0001086364-11-002980,,googleinca123110.txt,CIK0001288776-submissions-001.json
2011-02-07,4,0001127602-11-004149,2011-02-07,xslF345X03/form4.xml,CIK0001288776-submissions-001.json
2011-02-07,4,0001127602-11-004147,2011-02-03,xslF345X03/form4.xml,CIK0001288776-submissions-001.json
2011-02-07,4,0001127602-11-004133,2011-02-03,xslF345X03/form4.xml,CIK0001288776-submissions-001.json
2011-02-08,4,0001127602-11-004470,2011-02-05,xslF345X03/form4.xml,CIK0001288776-submissions-001.json
2011-02-08,4,0001127602-11-004467,2011-02-05,xslF345X03/form4.xml,CIK0001288776-submissions-001.json
2011-02-08,4,0001127602-11-004456,2011-02-05,xslF345X03/form4.xml,CIK0001288776-submissions-001.json
2011-02-08,UPLOAD,0000000000-11-008158,,filename1.pdf,CIK0001288776-submissions-001.json
2011-02-09,4,0001127602-11-004685,2011-02-07,xslF345X03/form4.xml,CIK0001288776-submissions-001.json
2011-02-11,10-K,0001193125-11-032930,2010-12-31,d10k.htm,CIK0001288776-submissions-001.json
2011-02-11,SC 13G/A,0001193125-11-032962,,dsc13ga.htm,CIK0001288776-submissions-001.json
2011-02-11,SC 13G/A,0001193125-11-032956,,dsc13ga.htm,CIK0001288776-submissions-001.json
2011-02-14,SC 13G/A,0000315066-11-002557,,filing.txt,CIK0001288776-submissions-001.json
2011-02-15,4,0001127602-11-005695,2011-02-14,xslF345X03/form4.xml,CIK0001288776-submissions-001.json
2011-02-16,4,0001127602-11-005859,2011-02-15,xslF345X03/form4.xml,CIK0001288776-submissions-001.json
2011-02-18,4,0001127602-11-006455,2011-02-16,xslF345X03/form4.xml,CIK0001288776-submissions-001.json
2011-02-24,4,0001127602-11-007538,2011-02-22,xslF345X03/form4.xml,CIK0001288776-submissions-001.json
2011-02-24,4,0001127602-11-007536,2011-02-22,xslF345X03/form4.xml,CIK0001288776-submissions-001.json
2011-02-28,4,0001127602-11-007942,2011-02-16,xslF345X03/form4.xml,CIK0001288776-submissions-001.json
2011-03-02,4,0001127602-11-008550,2011-02-24,xslF345X03/form4.xml,CIK0001288776-submissions-001.json
2011-03-03,4,0001127602-11-008894,2011-03-01,xslF345X03/form4.xml,CIK0001288776-submissions-001.json
2011-03-03,4,0001127602-11-008892,2011-03-01,xslF345X03/form4.xml,CIK0001288776-submissions-001.json
2011-03-03,4,0001127602-11-008890,2011-03-01,xslF345X03/form4.xml,CIK0001288776-submissions-001.json
2011-03-03,4,0001127602-11-008888,2011-03-01,xslF345X03/form4.xml,CIK0001288776-submissions-001.json
2011-03-03,4,0001127602-11-008883,2011-03-02,xslF345X03/form4.xml,CIK0001288776-submissions-001.json
2011-03-03,4,0001127602-11-008881,2011-03-01,xslF345X03/form4.xml,CIK0001288776-submissions-001.json
2011-03-03,4,0001127602-11-008865,2011-03-01,xslF345X03/form4.xml,CIK0001288776-submissions-001.json
2011-03-03,4,0001127602-11-008858,2011-03-01,xslF345X03/form4.xml,CIK0001288776-submissions-001.json
2011-03-03,4,0001127602-11-008841,2011-02-24,xslF345X03/form4.xml,CIK0001288776-submissions-001.json
2011-03-08,4,0001127602-11-009554,2011-03-04,xslF345X03/form4.xml,CIK0001288776-submissions-001.json
2011-03-08,4,0001127602-11-009550,2011-03-04,xslF345X03/form4.xml,CIK0001288776-submissions-001.json
2011-03-08,4,0001127602-11-009547,2011-03-04,xslF345X03/form4.xml,CIK0001288776-submissions-001.json
2011-03-08,4,0001127602-11-009539,2011-03-04,xslF345X03/form4.xml,CIK0001288776-submissions-001.json
2011-03-08,4,0001127602-11-009533,2011-03-04,xslF345X03/form4.xml,CIK0001288776-submissions-001.json
2011-03-09,4,0001127602-11-009706,2011-03-09,xslF345X03/form4.xml,CIK0001288776-submissions-001.json
2011-03-10,4,0001127602-11-009911,2011-03-08,xslF345X03/form4.xml,CIK0001288776-submissions-001.json
2011-03-11,8-K,0001193125-11-064151,2011-03-07,d8k.htm,CIK0001288776-submissions-001.json
2011-03-16,4,0001127602-11-010450,2011-03-16,xslF345X03/form4.xml,CIK0001288776-submissions-001.json
2011-03-16,4,0001127602-11-010447,2011-03-15,xslF345X03/form4.xml,CIK0001288776-submissions-001.json
2011-03-16,4,0001127602-11-010444,2011-03-14,xslF345X03/form4.xml,CIK0001288776-submissions-001.json
2011-03-23,4/A,0001127602-11-011071,2011-03-08,xslF345X03/form4a.xml,CIK0001288776-submissions-001.json
2011-03-24,4,0001127602-11-011167,2011-03-22,xslF345X03/form4.xml,CIK0001288776-submissions-001.json
2011-04-04,4,0001127602-11-012211,2011-04-01,xslF345X03/form4.xml,CIK0001288776-submissions-001.json
2011-04-05,4,0001127602-11-012570,2011-04-04,xslF345X03/form4.xml,CIK0001288776-submissions-001.json
2011-04-05,4,0001127602-11-012568,2011-04-05,xslF345X03/form4.xml,CIK0001288776-submissions-001.json
2011-04-05,4,0001127602-11-012567,2011-04-01,xslF345X03/form4.xml,CIK0001288776-submissions-001.json
2011-04-05,4,0001127602-11-012563,2011-04-01,xslF345X03/form4.xml,CIK0001288776-submissions-001.json
2011-04-05,4,0001127602-11-012561,2011-04-01,xslF345X03/form4.xml,CIK0001288776-submissions-001.json
2011-04-07,4,0001127602-11-012721,2011-04-05,xslF345X03/form4.xml,CIK0001288776-submissions-001.json
2011-04-07,4,0001127602-11-012720,2011-04-05,xslF345X03/form4.xml,CIK0001288776-submissions-001.json
2011-04-08,4,0001127602-11-012811,2011-04-06,xslF345X03/form4.xml,CIK0001288776-submissions-001.json
2011-04-08,4,0001127602-11-012809,2011-04-06,xslF345X03/form4.xml,CIK0001288776-submissions-001.json
2011-04-08,4,0001127602-11-012807,2011-04-06,xslF345X03/form4.xml,CIK0001288776-submissions-001.json
2011-04-08,4,0001127602-11-012805,2011-04-06,xslF345X03/form4.xml,CIK0001288776-submissions-001.json
2011-04-08,4,0001127602-11-012803,2011-04-06,xslF345X03/form4.xml,CIK0001288776-submissions-001.json
2011-04-08,4,0001127602-11-012801,2011-04-06,xslF345X03/form4.xml,CIK0001288776-submissions-001.json
2011-04-08,8-K,0001193125-11-092625,2011-04-04,d8k.htm,CIK0001288776-submissions-001.json
2011-04-13,4,0001127602-11-012927,2011-04-11,xslF345X03/form4.xml,CIK0001288776-submissions-001.json
2011-04-14,4,0001127602-11-012939,2011-04-12,xslF345X03/form4.xml,CIK0001288776-submissions-001.json
2011-04-14,8-K,0001193125-11-097898,2011-04-14,d8k.htm,CIK0001288776-submissions-001.json
2011-04-19,4,0001127602-11-013302,2011-04-15,xslF345X03/form4.xml,CIK0001288776-submissions-001.json
2011-04-19,8-K,0001193125-11-102443,2011-04-13,d8k.htm,CIK0001288776-submissions-001.json
2011-04-20,DEF 14A,0001193125-11-103802,2011-06-02,ddef14a.htm,CIK0001288776-submissions-001.json
2011-04-21,4,0001127602-11-013467,2011-04-19,xslF345X03/form4.xml,CIK0001288776-submissions-001.json
2011-04-21,DEFA14A,0001193125-11-105074,,ddefa14a.htm,CIK0001288776-submissions-001.json
2011-04-29,4,0001127602-11-014098,2011-04-27,xslF345X03/form4.xml,CIK0001288776-submissions-001.json
2011-05-04,4,0001127602-11-015139,2011-05-02,xslF345X03/form4.xml,CIK0001288776-submissions-001.json
2011-05-05,4,0001127602-11-015252,2011-05-03,xslF345X03/form4.xml,CIK0001288776-submissions-001.json
2011-05-06,4,0001127602-11-015463,2011-05-04,xslF345X03/form4.xml,CIK0001288776-submissions-001.json
2011-05-09,4,0001127602-11-015593,2011-05-05,xslF345X03/form4.xml,CIK0001288776-submissions-001.json
2011-05-09,4,0001127602-11-015586,2011-05-05,xslF345X03/form4.xml,CIK0001288776-submissions-001.json
2011-05-09,4,0001127602-11-015583,2011-05-05,xslF345X03/form4.xml,CIK0001288776-submissions-001.json
2011-05-10,10-Q,0001193125-11-134428,2011-03-31,d10q.htm,CIK0001288776-submissions-001.json
2011-05-11,4,0001127602-11-015927,2011-05-09,xslF345X03/form4.xml,CIK0001288776-submissions-001.json
2011-05-12,4,0001127602-11-016118,2011-05-11,xslF345X03/form4.xml,CIK0001288776-submissions-001.json
2011-05-12,4,0001127602-11-016114,2011-05-10,xslF345X03/form4.xml,CIK0001288776-submissions-001.json
2011-05-16,4,0001127602-11-016487,2011-05-12,xslF345X03/form4.xml,CIK0001288776-submissions-001.json
2011-05-16,424B5,0001193125-11-140563,,d424b5.htm,CIK0001288776-submissions-001.json
2011-05-16,FWP,0001193125-11-141768,,dfwp.htm,CIK0001288776-submissions-001.json
2011-05-16,S-3ASR,0001193125-11-140443,,ds3asr.htm,CIK0001288776-submissions-001.json
2011-05-17,424B2,0001193125-11-142891,,d424b2.htm,CIK0001288776-submissions-001.json
2011-05-17,8-K,0001193125-11-142205,2011-05-16,d8k.htm,CIK0001288776-submissions-001.json
2011-05-19,8-K,0001193125-11-145038,2011-05-16,d8k.htm,CIK0001288776-submissions-001.json
2011-05-20,4,0001127602-11-017242,2011-05-17,xslF345X03/form4.xml,CIK0001288776-submissions-001.json
2011-05-24,4,0001127602-11-017454,2011-05-20,xslF345X03/form4.xml,CIK0001288776-submissions-001.json
2011-05-26,4,0001127602-11-017641,2011-05-24,xslF345X03/form4.xml,CIK0001288776-submissions-001.json
2011-05-27,4,0001127602-11-017791,2011-05-24,xslF345X03/form4.xml,CIK0001288776-submissions-001.json
2011-06-03,4,0001127602-11-018583,2011-06-01,xslF345X03/form4.xml,CIK0001288776-submissions-001.json
2011-06-06,4,0001127602-11-018713,2011-06-02,xslF345X03/form4.xml,CIK0001288776-submissions-001.json
2011-06-06,4,0001127602-11-018711,2011-06-02,xslF345X03/form4.xml,CIK0001288776-submissions-001.json
2011-06-07,8-K,0001193125-11-160335,2011-06-02,d8k.htm,CIK0001288776-submissions-001.json
2011-06-07,UPLOAD,0000000000-11-034896,,filename1.pdf,CIK0001288776-submissions-001.json
2011-06-08,4,0001127602-11-018908,2011-06-04,xslF345X03/form4.xml,CIK0001288776-submissions-001.json
2011-06-08,4,0001127602-11-018906,2011-06-04,xslF345X03/form4.xml,CIK0001288776-submissions-001.json
2011-06-08,4,0001127602-11-018904,2011-06-04,xslF345X03/form4.xml,CIK0001288776-submissions-001.json
2011-06-09,4,0001127602-11-018948,2011-06-07,xslF345X03/form4.xml,CIK0001288776-submissions-001.json
2011-06-09,CORRESP,0001193125-11-162268,,filename1.htm,CIK0001288776-submissions-001.json
2011-06-13,8-K/A,0001193125-11-163834,2011-06-02,d8ka.htm,CIK0001288776-submissions-001.json
2011-06-15,4,0001127602-11-019325,2011-06-13,xslF345X03/form4.xml,CIK0001288776-submissions-001.json
2011-06-16,4,0001127602-11-019416,2011-06-15,xslF345X03/form4.xml,CIK0001288776-submissions-001.json
2011-06-16,4,0001127602-11-019411,2011-06-14,xslF345X03/form4.xml,CIK0001288776-submissions-001.json
2011-06-21,4,0001127602-11-019683,2011-06-10,xslF345X03/form4.xml,CIK0001288776-submissions-001.json
2011-06-23,4,0001127602-11-019806,2011-06-21,xslF345X03/form4.xml,CIK0001288776-submissions-001.json
2011-06-24,8-K,0001193125-11-172902,2011-06-23,d8k.htm,CIK0001288776-submissions-001.json
2011-06-28,S-8,0001193125-11-175843,,ds8.htm,CIK0001288776-submissions-001.json
2011-06-29,CORRESP,0001193125-11-176940,,filename1.htm,CIK0001288776-submissions-001.json
2011-07-06,4,0001127602-11-021067,2011-07-01,xslF345X03/form4.xml,CIK0001288776-submissions-001.json
2011-07-07,4,0001127602-11-021120,2011-07-05,xslF345X03/form4.xml,CIK0001288776-submissions-001.json
2011-07-07,4,0001127602-11-021109,2011-07-05,xslF345X03/form4.xml,CIK0001288776-submissions-001.json
2011-07-08,4,0001127602-11-021200,2011-07-06,xslF345X03/form4.xml,CIK0001288776-submissions-001.json
2011-07-08,4,0001127602-11-021199,2011-07-06,xslF345X03/form4.xml,CIK0001288776-submissions-001.json
2011-07-08,4,0001127602-11-021198,2011-07-06,xslF345X03/form4.xml,CIK0001288776-submissions-001.json
2011-07-08,4,0001127602-11-021197,2011-07-06,xslF345X03/form4.xml,CIK0001288776-submissions-001.json
2011-07-08,4,0001127602-11-021196,2011-07-06,xslF345X03/form4.xml,CIK0001288776-submissions-001.json
2011-07-08,4,0001127602-11-021195,2011-07-06,xslF345X03/form4.xml,CIK0001288776-submissions-001.json
2011-07-11,4,0001127602-11-021268,2011-07-07,xslF345X03/form4.xml,CIK0001288776-submissions-001.json
2011-07-11,4,0001127602-11-021266,2011-07-07,xslF345X03/form4.xml,CIK0001288776-submissions-001.json
2011-07-12,424B2,0001193125-11-186781,,d424b2.htm,CIK0001288776-submissions-001.json
2011-07-12,8-K,0001193125-11-186774,2011-07-12,d8k.htm,CIK0001288776-submissions-001.json
2011-07-12,FWP,0001193125-11-186795,,dfwp.htm,CIK0001288776-submissions-001.json
2011-07-13,4,0001127602-11-021384,2011-07-11,xslF345X03/form4.xml,CIK0001288776-submissions-001.json
2011-07-14,4,0001127602-11-021408,2011-07-12,xslF345X03/form4.xml,CIK0001288776-submissions-001.json
2011-07-14,8-K,0001193125-11-188398,2011-07-14,d8k.htm,CIK0001288776-submissions-001.json
2011-07-15,4,0001127602-11-021449,2011-07-13,xslF345X03/form4.xml,CIK0001288776-submissions-001.json
2011-07-19,4,0001127602-11-021728,2011-07-15,xslF345X03/form4.xml,CIK0001288776-submissions-001.json
2011-07-20,CORRESP,0001193125-11-192756,,filename1.htm,CIK0001288776-submissions-001.json
2011-07-22,4,0001127602-11-021930,2011-07-20,xslF345X03/form4.xml,CIK0001288776-submissions-001.json
2011-07-25,4,0001127602-11-021988,2011-07-21,xslF345X03/form4.xml,CIK0001288776-submissions-001.json
2011-07-26,4,0001127602-11-022037,2011-07-22,xslF345X03/form4.xml,CIK0001288776-submissions-001.json
2011-07-27,10-Q,0001193125-11-199078,2011-06-30,d10q.htm,CIK0001288776-submissions-001.json
2011-07-27,4,0001127602-11-022159,2011-07-25,xslF345X03/form4.xml,CIK0001288776-submissions-001.json
2011-07-27,4,0001127602-11-022157,2011-07-25,xslF345X03/form4.xml,CIK0001288776-submissions-001.json
2011-08-04,4,0001127602-11-022795,2011-08-02,xslF345X03/form4.xml,CIK0001288776-submissions-001.json
2011-08-04,4,0001127602-11-022793,2011-08-03,xslF345X03/form4.xml,CIK0001288776-submissions-001.json
2011-08-08,4,0001127602-11-023013,2011-08-01,xslF345X03/form4.xml,CIK0001288776-submissions-001.json
2011-08-09,4,0001127602-11-023150,2011-08-05,xslF345X03/form4.xml,CIK0001288776-submissions-001.json
2011-08-09,4,0001127602-11-023148,2011-08-05,xslF345X03/form4.xml,CIK0001288776-submissions-001.json
2011-08-09,4,0001127602-11-023146,2011-08-05,xslF345X03/form4.xml,CIK0001288776-submissions-001.json
2011-08-10,4,0001127602-11-023291,2011-08-08,xslF345X03/form4.xml,CIK0001288776-submissions-001.json
2011-08-10,4,0001127602-11-023289,2011-08-08,xslF345X03/form4.xml,CIK0001288776-submissions-001.json
2011-08-10,4,0001127602-11-023287,2011-08-08,xslF345X03/form4.xml,CIK0001288776-submissions-001.json
2011-08-12,4,0001127602-11-023506,2011-08-10,xslF345X03/form4.xml,CIK0001288776-submissions-001.json
2011-08-15,8-K,0001193125-11-222169,2011-08-15,d8k.htm,CIK0001288776-submissions-001.json
2011-08-17,4,0001127602-11-023864,2011-08-15,xslF345X03/form4.xml,CIK0001288776-submissions-001.json
2011-08-18,8-K,0001193125-11-225926,2011-08-15,d8k.htm,CIK0001288776-submissions-001.json
2011-08-24,4,0001127602-11-024264,2011-08-18,xslF345X03/form4.xml,CIK0001288776-submissions-001.json
2011-08-25,4,0001127602-11-024295,2011-08-23,xslF345X03/form4.xml,CIK0001288776-submissions-001.json
2011-08-29,4,0001127602-11-024417,2011-08-25,xslF345X03/form4.xml,CIK0001288776-submissions-001.json
2011-08-29,4,0001127602-11-024415,2011-08-25,xslF345X03/form4.xml,CIK0001288776-submissions-001.json
2011-08-29,4,0001127602-11-024413,2011-08-25,xslF345X03/form4.xml,CIK0001288776-submissions-001.json
2011-08-29,4,0001127602-11-024411,2011-08-25,xslF345X03/form4.xml,CIK0001288776-submissions-001.json
2011-09-07,4,0001127602-11-024944,2011-09-04,xslF345X03/form4.xml,CIK0001288776-submissions-001.json
2011-09-07,4,0001127602-11-024942,2011-09-04,xslF345X03/form4.xml,CIK0001288776-submissions-001.json
2011-09-07,4,0001127602-11-024933,2011-09-02,xslF345X03/form4.xml,CIK0001288776-submissions-001.json
2011-09-07,4,0001127602-11-024925,2011-09-02,xslF345X03/form4.xml,CIK0001288776-submissions-001.json
2011-09-07,4,0001127602-11-024920,2011-09-04,xslF345X03/form4.xml,CIK0001288776-submissions-001.json
2011-09-07,4,0001127602-11-024918,2011-09-02,xslF345X03/form4.xml,CIK0001288776-submissions-001.json
2011-09-07,UPLOAD,0000000000-11-053518,,filename1.pdf,CIK0001288776-submissions-001.json
2011-09-08,4,0001127602-11-024959,2011-09-06,xslF345X03/form4.xml,CIK0001288776-submissions-001.json
2011-09-12,4,0001127602-11-025049,2011-09-08,xslF345X03/form4.xml,CIK0001288776-submissions-001.json
2011-09-12,CORRESP,0001193125-11-246106,,filename1.htm,CIK0001288776-submissions-001.json
2011-09-14,4,0001127602-11-025243,2011-09-13,xslF345X03/form4.xml,CIK0001288776-submissions-001.json
2011-09-14,4,0001127602-11-025240,2011-09-12,xslF345X03/form4.xml,CIK0001288776-submissions-001.json
2011-09-19,4,0001127602-11-025550,2011-09-15,xslF345X03/form4.xml,CIK0001288776-submissions-001.json
2011-09-23,4,0001127602-11-025893,2011-09-21,xslF345X03/form4.xml,CIK0001288776-submissions-001.json
2011-09-27,4,0001127602-11-025995,2011-09-25,xslF345X03/form4.xml,CIK0001288776-submissions-001.json
2011-09-27,4,0001127602-11-025993,2011-09-25,xslF345X03/form4.xml,CIK0001288776-submissions-001.json
2011-09-27,4,0001127602-11-025991,2011-09-25,xslF345X03/form4.xml,CIK0001288776-submissions-001.json
2011-09-27,4,0001127602-11-025988,2011-09-25,xslF345X03/form4.xml,CIK0001288776-submissions-001.json
2011-09-27,CORRESP,0001193125-11-257652,,filename1.htm,CIK0001288776-submissions-001.json
2011-10-06,4,0001127602-11-027059,2011-10-04,xslF345X03/form4.xml,CIK0001288776-submissions-001.json
2011-10-06,4,0001127602-11-027052,2011-10-04,xslF345X03/form4.xml,CIK0001288776-submissions-001.json
2011-10-12,4,0001127602-11-027226,2011-10-10,xslF345X03/form4.xml,CIK0001288776-submissions-001.json
2011-10-13,4,0001127602-11-027269,2011-10-10,xslF345X03/form4.xml,CIK0001288776-submissions-001.json
2011-10-13,8-K,0001193125-11-270520,2011-10-13,d243180d8k.htm,CIK0001288776-submissions-001.json
2011-10-14,4,0001127602-11-027298,2011-10-12,xslF345X03/form4.xml,CIK0001288776-submissions-001.json
2011-10-18,4,0001127602-11-027483,2011-10-14,xslF345X03/form4.xml,CIK0001288776-submissions-001.json
2011-10-18,CORRESP,0001193125-11-274128,,filename1.htm,CIK0001288776-submissions-001.json
2011-10-25,4,0001127602-11-027673,2011-10-21,xslF345X03/form4.xml,CIK0001288776-submissions-001.json
2011-10-25,4,0001127602-11-027670,2011-10-21,xslF345X03/form4.xml,CIK0001288776-submissions-001.json
2011-10-25,4,0001127602-11-027668,2011-10-19,xslF345X03/form4.xml,CIK0001288776-submissions-001.json
2011-10-26,10-Q,0001193125-11-282235,2011-09-30,d228523d10q.htm,CIK0001288776-submissions-001.json
2011-10-27,4,0001127602-11-027807,2011-10-25,xslF345X03/form4.xml,CIK0001288776-submissions-001.json
2011-10-27,4,0001127602-11-027805,2011-10-25,xslF345X03/form4.xml,CIK0001288776-submissions-001.json
2011-10-27,4,0001127602-11-027802,2011-10-25,xslF345X03/form4.xml,CIK0001288776-submissions-001.json
2011-10-27,4,0001127602-11-027800,2011-10-25,xslF345X03/form4.xml,CIK0001288776-submissions-001.json
2011-10-31,4,0001127602-11-027998,2011-10-27,xslF345X03/form4.xml,CIK0001288776-submissions-001.json
2011-11-03,4,0001127602-11-028580,2011-11-01,xslF345X03/form4.xml,CIK0001288776-submissions-001.json
2011-11-08,4,0001127602-11-029012,2011-11-05,xslF345X03/form4.xml,CIK0001288776-submissions-001.json
2011-11-08,4,0001127602-11-028995,2011-11-05,xslF345X03/form4.xml,CIK0001288776-submissions-001.json
2011-11-08,4,0001127602-11-028991,2011-11-05,xslF345X03/form4.xml,CIK0001288776-submissions-001.json
2011-11-08,4,0001127602-11-028988,2011-11-04,xslF345X03/form4.xml,CIK0001288776-submissions-001.json
2011-11-09,4,0001127602-11-029175,2011-11-07,xslF345X03/form4.xml,CIK0001288776-submissions-001.json
2011-11-16,4,0001127602-11-029789,2011-11-14,xslF345X03/form4.xml,CIK0001288776-submissions-001.json
2011-11-18,4,0001127602-11-030137,2011-11-16,xslF345X03/form4.xml,CIK0001288776-submissions-001.json
2011-11-21,4,0001127602-11-030309,2011-11-18,xslF345X03/form4.xml,CIK0001288776-submissions-001.json
2011-11-23,4,0001127602-11-030461,2011-11-21,xslF345X03/form4.xml,CIK0001288776-submissions-001.json
2011-11-28,4,0001127602-11-030577,2011-11-23,xslF345X03/form4.xml,CIK0001288776-submissions-001.json
2011-11-29,4,0001127602-11-030682,2011-11-25,xslF345X03/form4.xml,CIK0001288776-submissions-001.json
2011-11-29,4,0001127602-11-030678,2011-11-25,xslF345X03/form4.xml,CIK0001288776-submissions-001.json
2011-11-29,4,0001127602-11-030672,2011-11-25,xslF345X03/form4.xml,CIK0001288776-submissions-001.json
2011-11-29,4,0001127602-11-030670,2011-11-25,xslF345X03/form4.xml,CIK0001288776-submissions-001.json
2011-12-01,4,0001127602-11-030907,2011-11-29,xslF345X03/form4.xml,CIK0001288776-submissions-001.json
2011-12-02,4,0001127602-11-031116,2011-11-30,xslF345X03/form4.xml,CIK0001288776-submissions-001.json
2011-12-05,4,0001127602-11-031281,2011-12-01,xslF345X03/form4.xml,CIK0001288776-submissions-001.json
2011-12-05,4,0001127602-11-031279,2011-12-01,xslF345X03/form4.xml,CIK0001288776-submissions-001.json
2011-12-05,4,0001127602-11-031277,2011-12-01,xslF345X03/form4.xml,CIK0001288776-submissions-001.json
2011-12-06,4,0001127602-11-031391,2011-12-02,xslF345X03/form4.xml,CIK0001288776-submissions-001.json
2011-12-06,4,0001127602-11-031389,2011-12-02,xslF345X03/form4.xml,CIK0001288776-submissions-001.json
2011-12-06,4,0001127602-11-031387,2011-12-04,xslF345X03/form4.xml,CIK0001288776-submissions-001.json
2011-12-08,4,0001127602-11-031612,2011-12-06,xslF345X03/form4.xml,CIK0001288776-submissions-001.json
2011-12-09,4,0001127602-11-031688,2011-12-07,xslF345X03/form4.xml,CIK0001288776-submissions-001.json
2011-12-09,4,0001127602-11-031685,2011-12-09,xslF345X03/form4.xml,CIK0001288776-submissions-001.json
2011-12-14,4,0001127602-11-032300,2011-12-12,xslF345X03/form4.xml,CIK0001288776-submissions-001.json
2011-12-14,4,0001127602-11-032297,2011-12-13,xslF345X03/form4.xml,CIK0001288776-submissions-001.json
2011-12-14,4,0001127602-11-032294,2011-12-12,xslF345X03/form4.xml,CIK0001288776-submissions-001.json
2011-12-19,4,0001127602-11-032806,2011-12-19,xslF345X03/form4.xml,CIK0001288776-submissions-001.json
2011-12-19,4,0001127602-11-032790,2011-12-13,xslF345X03/form4.xml,CIK0001288776-submissions-001.json
2011-12-21,CORRESP,0001193125-11-348670,,filename1.htm,CIK0001288776-submissions-001.json
2011-12-22,4,0001127602-11-033119,2011-12-20,xslF345X03/form4.xml,CIK0001288776-submissions-001.json
2011-12-28,4,0001127602-11-033307,2011-12-25,xslF345X03/form4.xml,CIK0001288776-submissions-001.json
2011-12-28,4,0001127602-11-033303,2011-12-25,xslF345X03/form4.xml,CIK0001288776-submissions-001.json
2011-12-28,4,0001127602-11-033299,2011-12-25,xslF345X03/form4.xml,CIK0001288776-submissions-001.json
2011-12-28,4,0001127602-11-033291,2011-12-23,xslF345X03/form4.xml,CIK0001288776-submissions-001.json
2011-12-28,4,0001127602-11-033288,2011-12-25,xslF345X03/form4.xml,CIK0001288776-submissions-001.json
2012-01-05,4,0001127602-12-001186,2012-01-03,xslF345X03/form4.xml,CIK0001288776-submissions-001.json
2012-01-10,4,0001127602-12-001505,2012-01-06,xslF345X03/form4.xml,CIK0001288776-submissions-001.json
2012-01-10,4,0001127602-12-001503,2012-01-06,xslF345X03/form4.xml,CIK0001288776-submissions-001.json
2012-01-10,4,0001127602-12-001501,2012-01-06,xslF345X03/form4.xml,CIK0001288776-submissions-001.json
2012-01-10,4,0001127602-12-001474,2012-01-09,xslF345X03/form4.xml,CIK0001288776-submissions-001.json
2012-01-10,4/A,0001127602-12-001470,2011-12-04,xslF345X03/form4a.xml,CIK0001288776-submissions-001.json
2012-01-11,4,0001127602-12-001574,2012-01-11,xslF345X03/form4.xml,CIK0001288776-submissions-001.json
2012-01-11,4,0001127602-12-001572,2012-01-10,xslF345X03/form4.xml,CIK0001288776-submissions-001.json
2012-01-12,8-K,0001193125-12-010627,2012-01-11,d281585d8k.htm,CIK0001288776-submissions-001.json
2012-01-18,4,0001127602-12-001959,2012-01-15,xslF345X03/form4.xml,CIK0001288776-submissions-001.json
2012-01-19,3,0001127602-12-002005,2012-01-12,xslF345X02/form3.xml,CIK0001288776-submissions-001.json
2012-01-19,8-K,0001193125-12-017008,2012-01-19,d285258d8k.htm,CIK0001288776-submissions-001.json
2012-01-23,3/A,0001127602-12-002269,2012-01-12,xslF345X02/form3a.xml,CIK0001288776-submissions-001.json
2012-01-23,4,0001127602-12-002271,2012-01-23,xslF345X03/form4.xml,CIK0001288776-submissions-001.json
2012-01-24,4,0001127602-12-002372,2012-01-23,xslF345X03/form4.xml,CIK0001288776-submissions-001.json
2012-01-24,4,0001127602-12-002340,2012-01-20,xslF345X03/form4.xml,CIK0001288776-submissions-001.json
2012-01-24,CORRESP,0001193125-12-021723,,filename1.htm,CIK0001288776-submissions-001.json
2012-01-25,UPLOAD,0000000000-12-004178,,filename1.pdf,CIK0001288776-submissions-001.json
2012-01-26,10-K,0001193125-12-025336,2011-12-31,d260164d10k.htm,CIK0001288776-submissions-001.json
2012-01-27,4,0001127602-12-002766,2012-01-25,xslF345X03/form4.xml,CIK0001288776-submissions-001.json
2012-01-27,4,0001127602-12-002764,2012-01-25,xslF345X03/form4.xml,CIK0001288776-submissions-001.json
2012-01-27,4,0001127602-12-002759,2012-01-25,xslF345X03/form4.xml,CIK0001288776-submissions-001.json
2012-01-27,4,0001127602-12-002752,2012-01-25,xslF345X03/form4.xml,CIK0001288776-submissions-001.json
2012-02-02,4,0001127602-12-003816,2012-02-01,xslF345X03/form4.xml,CIK0001288776-submissions-001.json
2012-02-02,4,0001127602-12-003815,2012-02-02,xslF345X03/form4.xml,CIK0001288776-submissions-001.json
2012-02-02,4,0001127602-12-003607,2012-02-01,xslF345X03/form4.xml,CIK0001288776-submissions-001.json
2012-02-06,4,0001127602-12-004248,2012-02-02,xslF345X03/form4.xml,CIK0001288776-submissions-001.json
2012-02-07,4,0001127602-12-004521,2012-02-06,xslF345X03/form4.xml,CIK0001288776-submissions-001.json
2012-02-07,4,0001127602-12-004323,2012-02-06,xslF345X03/form4.xml,CIK0001288776-submissions-001.json
2012-02-07,4,0001127602-12-004319,2012-02-06,xslF345X03/form4.xml,CIK0001288776-submissions-001.json
2012-02-08,4,0001127602-12-004811,2012-02-06,xslF345X03/form4.xml,CIK0001288776-submissions-001.json
2012-02-08,4,0001127602-12-004809,2012-02-06,xslF345X03/form4.xml,CIK0001288776-submissions-001.json
2012-02-08,4,0001127602-12-004803,2012-02-06,xslF345X03/form4.xml,CIK0001288776-submissions-001.json
2012-02-08,4,0001127602-12-004799,2012-02-06,xslF345X03/form4.xml,CIK0001288776-submissions-001.json
2012-02-08,4,0001127602-12-004793,2012-02-06,xslF345X03/form4.xml,CIK0001288776-submissions-001.json
2012-02-08,4,0001127602-12-004642,2012-02-07,xslF345X03/form4.xml,CIK0001288776-submissions-001.json
2012-02-08,4,0001127602-12-004608,2012-02-06,xslF345X03/form4.xml,CIK0001288776-submissions-001.json
2012-02-08,SC 13G/A,0001193125-12-046504,,d296884dsc13ga.htm,CIK0001288776-submissions-001.json
2012-02-10,4,0001127602-12-005090,2012-02-10,xslF345X03/form4.xml,CIK0001288776-submissions-001.json
2012-02-10,SC 13G/A,0001193125-12-052802,,d293738dsc13ga.htm,CIK0001288776-submissions-001.json
2012-02-10,SC 13G/A,0001193125-12-052764,,d293649dsc13ga.htm,CIK0001288776-submissions-001.json
2012-02-13,4,0001127602-12-005614,2012-02-13,xslF345X03/form4.xml,CIK0001288776-submissions-001.json
2012-02-13,4,0001127602-12-005580,2012-02-13,xslF345X03/form4.xml,CIK0001288776-submissions-001.json
2012-02-13,5,0001127602-12-005627,2011-12-31,xslF345X03/form5.xml,CIK0001288776-submissions-001.json
2012-02-13,5,0001127602-12-005622,2011-12-31,xslF345X03/form5.xml,CIK0001288776-submissions-001.json
2012-02-13,SC 13G/A,0001086364-12-001746,,google.inc...txt,CIK0001288776-submissions-001.json
2012-02-14,4,0001127602-12-006024,2012-02-14,xslF345X03/form4.xml,CIK0001288776-submissions-001.json
2012-02-14,SC 13G/A,0000315066-12-002675,,filing.txt,CIK0001288776-submissions-001.json
2012-02-15,4,0001127602-12-006194,2012-02-15,xslF345X03/form4.xml,CIK0001288776-submissions-001.json
2012-02-15,4,0001127602-12-006155,2012-02-15,xslF345X03/form4.xml,CIK0001288776-submissions-001.json
2012-02-17,8-K,0001193125-12-067696,2012-02-17,d301942d8k.htm,CIK0001288776-submissions-001.json
2012-02-22,4,0001127602-12-007517,2012-02-21,xslF345X03/form4.xml,CIK0001288776-submissions-001.json
2012-02-24,4,0001127602-12-007960,2012-02-23,xslF345X03/form4.xml,CIK0001288776-submissions-001.json
2012-02-24,4,0001127602-12-007939,2012-02-23,xslF345X03/form4.xml,CIK0001288776-submissions-001.json
2012-02-27,4,0001127602-12-008015,2012-02-24,xslF345X03/form4.xml,CIK0001288776-submissions-001.json
2012-02-28,4,0001127602-12-008441,2012-02-15,xslF345X03/form4.xml,CIK0001288776-submissions-001.json
2012-02-28,4,0001127602-12-008414,2012-02-28,xslF345X03/form4.xml,CIK0001288776-submissions-001.json
2012-02-29,4,0001127602-12-008770,2012-02-29,xslF345X03/form4.xml,CIK0001288776-submissions-001.json
2012-02-29,4,0001127602-12-008571,2012-02-28,xslF345X03/form4.xml,CIK0001288776-submissions-001.json
2012-03-01,4,0001127602-12-008812,2012-02-29,xslF345X03/form4.xml,CIK0001288776-submissions-001.json
2012-03-01,4/A,0001127602-12-008797,2012-02-23,xslF345X03/form4a.xml,CIK0001288776-submissions-001.json
2012-03-05,4,0001181431-12-014525,2012-03-01,xslF345X03/rrd337087.xml,CIK0001288776-submissions-001.json
2012-03-05,4,0001127602-12-009665,2012-03-01,xslF345X03/form4.xml,CIK0001288776-submissions-001.json
2012-03-05,4,0001127602-12-009627,2012-03-01,xslF345X03/form4.xml,CIK0001288776-submissions-001.json
2012-03-05,4,0001127602-12-009621,2012-03-01,xslF345X03/form4.xml,CIK0001288776-submissions-001.json
2012-03-05,4,0001127602-12-009448,2012-03-01,xslF345X03/form4.xml,CIK0001288776-submissions-001.json
2012-03-05,4,0001127602-12-009443,2012-03-01,xslF345X03/form4.xml,CIK0001288776-submissions-001.json
2012-03-05,4,0001127602-12-009440,2012-03-01,xslF345X03/form4.xml,CIK0001288776-submissions-001.json
2012-03-05,4/A,0001127602-12-009592,2012-03-01,xslF345X03/form4a.xml,CIK0001288776-submissions-001.json
2012-03-06,4,0001127602-12-009845,2012-03-05,xslF345X03/form4.xml,CIK0001288776-submissions-001.json
2012-03-06,4,0001127602-12-009833,2012-03-06,xslF345X03/form4.xml,CIK0001288776-submissions-001.json
2012-03-06,4,0001181431-12-014922,2012-03-01,xslF345X03/rrd337540.xml,CIK0001288776-submissions-001.json
2012-03-06,4,0001127602-12-009783,2012-03-05,xslF345X03/form4.xml,CIK0001288776-submissions-001.json
2012-03-06,4,0001127602-12-009771,2012-03-05,xslF345X03/form4.xml,CIK0001288776-submissions-001.json
2012-03-06,4,0001127602-12-009760,2012-02-17,xslF345X03/form4.xml,CIK0001288776-submissions-001.json
2012-03-07,4,0001127602-12-010106,2012-03-06,xslF345X03/form4.xml,CIK0001288776-submissions-001.json
2012-03-07,4,0001127602-12-010102,2012-03-06,xslF345X03/form4.xml,CIK0001288776-submissions-001.json
2012-03-07,4,0001127602-12-010100,2012-03-06,xslF345X03/form4.xml,CIK0001288776-submissions-001.json
2012-03-09,4,0001127602-12-010293,2012-03-09,xslF345X03/form4.xml,CIK0001288776-submissions-001.json
2012-03-09,4,0001127602-12-010288,2012-03-09,xslF345X03/form4.xml,CIK0001288776-submissions-001.json
2012-03-12,4,0001127602-12-010411,2012-03-12,xslF345X03/form4.xml,CIK0001288776-submissions-001.json
2012-03-12,4,0001127602-12-010388,2012-03-12,xslF345X03/form4.xml,CIK0001288776-submissions-001.json
2012-03-13,4,0001127602-12-010597,2012-03-13,xslF345X03/form4.xml,CIK0001288776-submissions-001.json
2012-03-15,4,0001127602-12-010727,2012-03-14,xslF345X03/form4.xml,CIK0001288776-submissions-001.json
2012-03-16,4,0001127602-12-010912,2012-02-16,xslF345X03/form4.xml,CIK0001288776-submissions-001.json
2012-03-27,4,0001127602-12-011957,2012-03-27,xslF345X03/form4.xml,CIK0001288776-submissions-001.json
2012-03-27,4,0001127602-12-011954,2012-03-27,xslF345X03/form4.xml,CIK0001288776-submissions-001.json
2012-03-28,4,0001127602-12-012028,2012-03-26,xslF345X03/form4.xml,CIK0001288776-submissions-001.json
2012-03-28,4,0001127602-12-012026,2012-03-26,xslF345X03/form4.xml,CIK0001288776-submissions-001.json
2012-03-28,4,0001127602-12-012024,2012-02-23,xslF345X03/form4.xml,CIK0001288776-submissions-001.json
2012-03-29,4,0001127602-12-012141,2012-03-28,xslF345X03/form4.xml,CIK0001288776-submissions-001.json
2012-03-29,4,0001127602-12-012139,2012-03-28,xslF345X03/form4.xml,CIK0001288776-submissions-001.json
2012-03-29,4,0001127602-12-012071,2012-03-27,xslF345X03/form4.xml,CIK0001288776-submissions-001.json
2012-03-29,4,0001127602-12-012064,2012-03-27,xslF345X03/form4.xml,CIK0001288776-submissions-001.json
2012-04-03,4,0001127602-12-012712,2012-04-02,xslF345X03/form4.xml,CIK0001288776-submissions-001.json
2012-04-03,4,0001127602-12-012706,2012-04-02,xslF345X03/form4.xml,CIK0001288776-submissions-001.json
2012-04-04,4,0001127602-12-013253,2012-04-03,xslF345X03/form4.xml,CIK0001288776-submissions-001.json
2012-04-06,4,0001127602-12-013446,2012-04-04,xslF345X03/form4.xml,CIK0001288776-submissions-001.json
2012-04-06,4,0001127602-12-013443,2012-04-04,xslF345X03/form4.xml,CIK0001288776-submissions-001.json
2012-04-06,4,0001127602-12-013441,2012-04-04,xslF345X03/form4.xml,CIK0001288776-submissions-001.json
2012-04-09,4,0001127602-12-013516,2012-04-09,xslF345X03/form4.xml,CIK0001288776-submissions-001.json
2012-04-10,4,0001127602-12-013589,2012-04-09,xslF345X03/form4.xml,CIK0001288776-submissions-001.json
2012-04-10,4,0001127602-12-013587,2012-04-09,xslF345X03/form4.xml,CIK0001288776-submissions-001.json
2012-04-10,4,0001127602-12-013585,2012-04-09,xslF345X03/form4.xml,CIK0001288776-submissions-001.json
2012-04-10,4,0001127602-12-013583,2012-04-10,xslF345X03/form4.xml,CIK0001288776-submissions-001.json
2012-04-11,4,0001127602-12-013639,2012-04-11,xslF345X03/form4.xml,CIK0001288776-submissions-001.json
2012-04-12,4,0001127602-12-013717,2012-04-12,xslF345X03/form4.xml,CIK0001288776-submissions-001.json
2012-04-12,8-K,0001193125-12-160666,2012-04-12,d333341d8k.htm,CIK0001288776-submissions-001.json
2012-04-12,DEFA14A,0001193125-12-160667,,d333341d8k.htm,CIK0001288776-submissions-001.json
2012-04-13,8-K/A,0001193125-12-161458,2012-04-12,d333341d8ka.htm,CIK0001288776-submissions-001.json
2012-04-13,DEFA14A,0001193125-12-162900,,d335021ddefa14a.htm,CIK0001288776-submissions-001.json
2012-04-13,DEFA14A,0001193125-12-161459,,d333341d8ka.htm,CIK0001288776-submissions-001.json
2012-04-17,4,0001127602-12-014049,2012-04-16,xslF345X03/form4.xml,CIK0001288776-submissions-001.json
2012-04-19,4,0001127602-12-014281,2012-04-19,xslF345X03/form4.xml,CIK0001288776-submissions-001.json
2012-04-20,4,0001127602-12-014316,2012-04-20,xslF345X03/form4.xml,CIK0001288776-submissions-001.json
2012-04-20,PRE 14A,0001193125-12-173380,2012-06-21,d320628dpre14a.htm,CIK0001288776-submissions-001.json
2012-04-23,10-K/A,0001193125-12-174477,2011-12-31,d338088d10ka.htm,CIK0001288776-submissions-001.json
2012-04-23,4,0001127602-12-014448,2012-04-23,xslF345X03/form4.xml,CIK0001288776-submissions-001.json
2012-04-24,4,0001127602-12-014547,2012-04-24,xslF345X03/form4.xml,CIK0001288776-submissions-001.json
2012-04-24,4,0001127602-12-014545,2012-04-24,xslF345X03/form4.xml,CIK0001288776-submissions-001.json
2012-04-24,4,0001127602-12-014532,2012-04-24,xslF345X03/form4.xml,CIK0001288776-submissions-001.json
2012-04-24,4,0001127602-12-014504,2012-04-24,xslF345X03/form4.xml,CIK0001288776-submissions-001.json
2012-04-25,10-Q,0001193125-12-182401,2012-03-31,d307179d10q.htm,CIK0001288776-submissions-001.json
2012-04-25,4,0001127602-12-014683,2012-04-25,xslF345X03/form4.xml,CIK0001288776-submissions-001.json
2012-04-25,4,0001127602-12-014681,2012-04-25,xslF345X03/form4.xml,CIK0001288776-submissions-001.json
2012-04-27,4,0001127602-12-014776,2012-04-26,xslF345X03/form4.xml,CIK0001288776-submissions-001.json
2012-04-27,4,0001127602-12-014774,2012-04-26,xslF345X03/form4.xml,CIK0001288776-submissions-001.json
2012-04-30,4,0001127602-12-015019,2012-04-27,xslF345X03/form4.xml,CIK0001288776-submissions-001.json
2012-04-30,4,0001127602-12-015017,2012-04-27,xslF345X03/form4.xml,CIK0001288776-submissions-001.json
2012-04-30,4,0001127602-12-014990,2012-04-27,xslF345X03/form4.xml,CIK0001288776-submissions-001.json
2012-04-30,4,0001127602-12-014893,2012-04-27,xslF345X03/form4.xml,CIK0001288776-submissions-001.json
2012-04-30,8-K,0001193125-12-196663,2012-04-26,d343832d8k.htm,CIK0001288776-submissions-001.json
2012-05-01,4,0001127602-12-015256,2012-05-01,xslF345X03/form4.xml,CIK0001288776-submissions-001.json
2012-05-01,4,0001127602-12-015239,2012-05-01,xslF345X03/form4.xml,CIK0001288776-submissions-001.json
2012-05-01,4,0001127602-12-015203,2012-05-01,xslF345X03/form4.xml,CIK0001288776-submissions-001.json
2012-05-01,4,0001127602-12-015196,2012-04-30,xslF345X03/form4.xml,CIK0001288776-submissions-001.json
2012-05-01,4,0001127602-12-015193,2012-04-30,xslF345X03/form4.xml,CIK0001288776-submissions-001.json
2012-05-02,4,0001127602-12-015443,2012-05-01,xslF345X03/form4.xml,CIK0001288776-submissions-001.json
2012-05-02,UPLOAD,0000000000-12-022687,,filename1.pdf,CIK0001288776-submissions-001.json
2012-05-03,4,0001127602-12-015837,2012-05-02,xslF345X03/form4.xml,CIK0001288776-submissions-001.json
2012-05-04,PRER14A,0001193125-12-210288,,d320628dprer14a.htm,CIK0001288776-submissions-001.json
2012-05-04,UPLOAD,0000000000-12-023393,,filename1.pdf,CIK0001288776-submissions-001.json
2012-05-07,4,0001127602-12-016075,2012-05-07,xslF345X03/form4.xml,CIK0001288776-submissions-001.json
2012-05-08,4,0001127602-12-016227,2012-05-07,xslF345X03/form4.xml,CIK0001288776-submissions-001.json
2012-05-08,4,0001127602-12-016218,2012-05-07,xslF345X03/form4.xml,CIK0001288776-submissions-001.json
2012-05-08,4,0001127602-12-016209,2012-05-07,xslF345X03/form4.xml,CIK0001288776-submissions-001.json
2012-05-09,DEF 14A,0001193125-12-222158,2012-06-21,d320628ddef14a.htm,CIK0001288776-submissions-001.json
2012-05-09,DEFA14A,0001193125-12-222223,,d338197ddefa14a.htm,CIK0001288776-submissions-001.json
2012-05-09,DEFA14A,0001193125-12-222202,,d338193ddefa14a.htm,CIK0001288776-submissions-001.json
2012-05-10,4,0001127602-12-016453,2012-05-10,xslF345X03/form4.xml,CIK0001288776-submissions-001.json
2012-05-10,ARS,9999999997-12-011502,2011-12-31,9999999997-12-011502.paper,CIK0001288776-submissions-001.json
2012-05-14,4,0001127602-12-016803,2012-05-14,xslF345X03/form4.xml,CIK0001288776-submissions-001.json
2012-05-14,4,0001127602-12-016799,2012-05-14,xslF345X03/form4.xml,CIK0001288776-submissions-001.json
2012-05-15,4,0001127602-12-016901,2012-05-15,xslF345X03/form4.xml,CIK0001288776-submissions-001.json
2012-05-15,4,0001127602-12-016837,2012-05-15,xslF345X03/form4.xml,CIK0001288776-submissions-001.json
2012-05-16,4,0001127602-12-017143,2012-05-16,xslF345X03/form4.xml,CIK0001288776-submissions-001.json
2012-05-16,4,0001127602-12-017060,2012-05-16,xslF345X03/form4.xml,CIK0001288776-submissions-001.json
2012-05-16,4,0001127602-12-017004,2012-05-16,xslF345X03/form4.xml,CIK0001288776-submissions-001.json
2012-05-18,4,0001127602-12-017554,2012-03-15,xslF345X03/form4.xml,CIK0001288776-submissions-001.json
2012-05-21,4,0001127602-12-017680,2012-05-21,xslF345X03/form4.xml,CIK0001288776-submissions-001.json
2012-05-22,8-K,0000903423-12-000297,2012-05-22,google-8k.htm,CIK0001288776-submissions-001.json
2012-05-24,4,0001127602-12-018113,2012-05-24,xslF345X03/form4.xml,CIK0001288776-submissions-001.json
2012-05-24,4,0001127602-12-018111,2012-05-24,xslF345X03/form4.xml,CIK0001288776-submissions-001.json
2012-05-24,S-8,0001193125-12-247124,,d354113ds8.htm,CIK0001288776-submissions-001.json
2012-05-25,4,0001127602-12-018338,2012-05-25,xslF345X03/form4.xml,CIK0001288776-submissions-001.json
2012-05-25,4,0001127602-12-018336,2012-05-25,xslF345X03/form4.xml,CIK0001288776-submissions-001.json
2012-05-25,4,0001127602-12-018256,2012-05-25,xslF345X03/form4.xml,CIK0001288776-submissions-001.json
2012-05-29,4,0001127602-12-018532,2012-05-29,xslF345X03/form4.xml,CIK0001288776-submissions-001.json
2012-05-29,4,0001127602-12-018528,2012-05-29,xslF345X03/form4.xml,CIK0001288776-submissions-001.json
2012-05-31,4,0001127602-12-018686,2012-05-30,xslF345X03/form4.xml,CIK0001288776-submissions-001.json
2012-05-31,4,0001127602-12-018682,2012-05-30,xslF345X03/form4.xml,CIK0001288776-submissions-001.json
2012-06-01,4,0001127602-12-018864,2012-06-01,xslF345X03/form4.xml,CIK0001288776-submissions-001.json
2012-06-01,4,0001127602-12-018779,2012-05-31,xslF345X03/form4.xml,CIK0001288776-submissions-001.json
2012-06-01,4,0001127602-12-018772,2012-05-31,xslF345X03/form4.xml,CIK0001288776-submissions-001.json
2012-06-04,4,0001127602-12-019087,2012-06-01,xslF345X03/form4.xml,CIK0001288776-submissions-001.json
2012-06-04,4,0001127602-12-019079,2012-06-01,xslF345X03/form4.xml,CIK0001288776-submissions-001.json
2012-06-04,4,0001127602-12-019055,2012-06-01,xslF345X03/form4.xml,CIK0001288776-submissions-001.json
2012-06-05,4,0001127602-12-019440,2012-06-04,xslF345X03/form4.xml,CIK0001288776-submissions-001.json
2012-06-05,4,0001127602-12-019438,2012-06-04,xslF345X03/form4.xml,CIK0001288776-submissions-001.json
2012-06-05,PX14A6G,0001214659-12-002549,,j64120px14a6g.htm,CIK0001288776-submissions-001.json
2012-06-06,4,0001127602-12-019455,2012-06-04,xslF345X03/form4.xml,CIK0001288776-submissions-001.json
2012-06-06,4,0001127602-12-019453,2012-06-05,xslF345X03/form4.xml,CIK0001288776-submissions-001.json
2012-06-07,4,0001127602-12-019625,2012-06-06,xslF345X03/form4.xml,CIK0001288776-submissions-001.json
2012-06-07,4,0001127602-12-019623,2012-06-06,xslF345X03/form4.xml,CIK0001288776-submissions-001.json
2012-06-07,4,0001127602-12-019620,2012-06-06,xslF345X03/form4.xml,CIK0001288776-submissions-001.json
2012-06-11,4,0001127602-12-019800,2012-06-11,xslF345X03/form4.xml,CIK0001288776-submissions-001.json
2012-06-11,4,0001127602-12-019725,2012-06-11,xslF345X03/form4.xml,CIK0001288776-submissions-001.json
2012-06-12,4,0001127602-12-019927,2012-06-12,xslF345X03/form4.xml,CIK0001288776-submissions-001.json
2012-06-13,4,0001127602-12-020030,2012-06-13,xslF345X03/form4.xml,CIK0001288776-submissions-001.json
2012-06-21,4,0001127602-12-020541,2012-06-21,xslF345X03/form4.xml,CIK0001288776-submissions-001.json
2012-06-26,4,0001127602-12-020755,2012-06-25,xslF345X03/form4.xml,CIK0001288776-submissions-001.json
2012-06-26,4,0001127602-12-020753,2012-06-25,xslF345X03/form4.xml,CIK0001288776-submissions-001.json
2012-06-26,8-K,0001193125-12-283173,2012-06-21,d357265d8k.htm,CIK0001288776-submissions-001.json
2012-06-27,4,0001127602-12-020780,2012-06-26,xslF345X03/form4.xml,CIK0001288776-submissions-001.json
2012-06-28,4,0001127602-12-020881,2012-06-27,xslF345X03/form4.xml,CIK0001288776-submissions-001.json
2012-06-28,4,0001127602-12-020879,2012-06-27,xslF345X03/form4.xml,CIK0001288776-submissions-001.json
2012-06-29,4,0001127602-12-020945,2012-06-29,xslF345X03/form4.xml,CIK0001288776-submissions-001.json
2012-06-29,4,0001127602-12-020939,2012-06-29,xslF345X03/form4.xml,CIK0001288776-submissions-001.json
2012-06-29,4,0001127602-12-020904,2012-06-28,xslF345X03/form4.xml,CIK0001288776-submissions-001.json
2012-06-29,4,0001127602-12-020902,2012-06-28,xslF345X03/form4.xml,CIK0001288776-submissions-001.json
2012-07-02,4,0001127602-12-021150,2012-07-02,xslF345X03/form4.xml,CIK0001288776-submissions-001.json
2012-07-05,4,0001127602-12-021793,2012-07-03,xslF345X03/form4.xml,CIK0001288776-submissions-001.json
2012-07-06,4,0001127602-12-021903,2012-07-05,xslF345X03/form4.xml,CIK0001288776-submissions-001.json
2012-07-06,4,0001127602-12-021891,2012-07-05,xslF345X03/form4.xml,CIK0001288776-submissions-001.json
2012-07-06,4,0001127602-12-021888,2012-07-05,xslF345X03/form4.xml,CIK0001288776-submissions-001.json
2012-07-09,4,0001127602-12-021996,2012-07-09,xslF345X03/form4.xml,CIK0001288776-submissions-001.json
2012-07-09,4,0001127602-12-021951,2012-07-05,xslF345X03/form4.xml,CIK0001288776-submissions-001.json
2012-07-10,4,0001127602-12-022061,2012-07-10,xslF345X03/form4.xml,CIK0001288776-submissions-001.json
2012-07-10,4,0001127602-12-022057,2012-07-06,xslF345X03/form4.xml,CIK0001288776-submissions-001.json
2012-07-10,4,0001127602-12-022055,2012-07-06,xslF345X03/form4.xml,CIK0001288776-submissions-001.json
2012-07-10,4,0001127602-12-022051,2012-07-06,xslF345X03/form4.xml,CIK0001288776-submissions-001.json
2012-07-11,4,0001127602-12-022128,2012-07-11,xslF345X03/form4.xml,CIK0001288776-submissions-001.json
2012-07-13,4,0001127602-12-022233,2012-07-11,xslF345X03/form4.xml,CIK0001288776-submissions-001.json
2012-07-13,4,0001127602-12-022221,2012-07-11,xslF345X03/form4.xml,CIK0001288776-submissions-001.json
2012-07-13,4,0001127602-12-022212,2012-07-11,xslF345X03/form4.xml,CIK0001288776-submissions-001.json
2012-07-13,4,0001127602-12-022196,2012-07-11,xslF345X03/form4.xml,CIK0001288776-submissions-001.json
2012-07-13,4,0001127602-12-022190,2012-07-11,xslF345X03/form4.xml,CIK0001288776-submissions-001.json
2012-07-13,4,0001127602-12-022186,2012-07-11,xslF345X03/form4.xml,CIK0001288776-submissions-001.json
2012-07-13,4,0001127602-12-022182,2012-07-11,xslF345X03/form4.xml,CIK0001288776-submissions-001.json
2012-07-13,4/A,0001127602-12-022235,2012-02-27,xslF345X03/form4a.xml,CIK0001288776-submissions-001.json
2012-07-17,4,0001127602-12-022478,2012-07-16,xslF345X03/form4.xml,CIK0001288776-submissions-001.json
2012-07-19,8-K,0001193125-12-307446,2012-07-19,d384790d8k.htm,CIK0001288776-submissions-001.json
2012-07-20,4,0001127602-12-022651,2012-07-20,xslF345X03/form4.xml,CIK0001288776-submissions-001.json
2012-07-20,4,0001127602-12-022645,2012-07-20,xslF345X03/form4.xml,CIK0001288776-submissions-001.json
2012-07-24,10-Q,0001193125-12-312575,2012-06-30,d357361d10q.htm,CIK0001288776-submissions-001.json
2012-07-26,4,0001127602-12-022913,2012-07-25,xslF345X03/form4.xml,CIK0001288776-submissions-001.json
2012-07-26,4,0001127602-12-022911,2012-07-25,xslF345X03/form4.xml,CIK0001288776-submissions-001.json
2012-07-27,4,0001127602-12-023023,2012-07-27,xslF345X03/form4.xml,CIK0001288776-submissions-001.json
2012-07-27,4,0001127602-12-023008,2012-07-26,xslF345X03/form4.xml,CIK0001288776-submissions-001.json
2012-07-27,4,0001127602-12-022997,2012-07-26,xslF345X03/form4.xml,CIK0001288776-submissions-001.json
2012-07-30,4,0001127602-12-023175,2012-07-27,xslF345X03/form4.xml,CIK0001288776-submissions-001.json
2012-07-30,4,0001127602-12-023172,2012-07-30,xslF345X03/form4.xml,CIK0001288776-submissions-001.json
2012-07-30,4,0001127602-12-023170,2012-07-27,xslF345X03/form4.xml,CIK0001288776-submissions-001.json
2012-07-30,4,0001127602-12-023162,2012-07-27,xslF345X03/form4.xml,CIK0001288776-submissions-001.json
2012-07-31,4,0001127602-12-023264,2012-07-30,xslF345X03/form4.xml,CIK0001288776-submissions-001.json
2012-07-31,4,0001127602-12-023260,2012-07-30,xslF345X03/form4.xml,CIK0001288776-submissions-001.json
2012-08-01,4,0001127602-12-023441,2012-08-01,xslF345X03/form4.xml,CIK0001288776-submissions-001.json
2012-08-01,4,0001127602-12-023434,2012-08-01,xslF345X03/form4.xml,CIK0001288776-submissions-001.json
2012-08-01,4,0001127602-12-023428,2012-08-01,xslF345X03/form4.xml,CIK0001288776-submissions-001.json
2012-08-01,4,0001127602-12-023365,2012-08-01,xslF345X03/form4.xml,CIK0001288776-submissions-001.json
2012-08-01,4,0001127602-12-023359,2012-07-31,xslF345X03/form4.xml,CIK0001288776-submissions-001.json
2012-08-01,4,0001127602-12-023357,2012-07-31,xslF345X03/form4.xml,CIK0001288776-submissions-001.json
2012-08-02,4,0001127602-12-023656,2012-08-01,xslF345X03/form4.xml,CIK0001288776-submissions-001.json
2012-08-02,4,0001127602-12-023609,2012-08-02,xslF345X03/form4.xml,CIK0001288776-submissions-001.json
2012-08-02,4,0001127602-12-023531,2012-08-02,xslF345X03/form4.xml,CIK0001288776-submissions-001.json
2012-08-03,4,0001127602-12-023703,2012-08-02,xslF345X03/form4.xml,CIK0001288776-submissions-001.json
2012-08-06,4,0001127602-12-023838,2012-08-06,xslF345X03/form4.xml,CIK0001288776-submissions-001.json
2012-08-07,4,0001127602-12-023999,2012-08-06,xslF345X03/form4.xml,CIK0001288776-submissions-001.json
2012-08-07,4,0001127602-12-023995,2012-08-06,xslF345X03/form4.xml,CIK0001288776-submissions-001.json
2012-08-07,4,0001127602-12-023992,2012-08-06,xslF345X03/form4.xml,CIK0001288776-submissions-001.json
2012-08-08,4,0001127602-12-024042,2012-08-03,xslF345X03/form4.xml,CIK0001288776-submissions-001.json
2012-08-08,4,0001127602-12-024037,2012-08-07,xslF345X03/form4.xml,CIK0001288776-submissions-001.json
2012-08-10,4,0001127602-12-024236,2012-08-10,xslF345X03/form4.xml,CIK0001288776-submissions-001.json
2012-08-13,4,0001127602-12-024325,2012-08-13,xslF345X03/form4.xml,CIK0001288776-submissions-001.json
2012-08-13,4,0001127602-12-024318,2012-08-13,xslF345X03/form4.xml,CIK0001288776-submissions-001.json
2012-08-13,4,0001127602-12-024283,2012-08-13,xslF345X03/form4.xml,CIK0001288776-submissions-001.json
2012-08-13,4/A,0001127602-12-024321,2012-08-13,xslF345X03/form4a.xml,CIK0001288776-submissions-001.json
2012-08-13,8-K,0001193125-12-350915,2012-08-03,d396979d8k.htm,CIK0001288776-submissions-001.json
2012-08-14,4,0001127602-12-024424,2012-08-14,xslF345X03/form4.xml,CIK0001288776-submissions-001.json
2012-08-15,4,0001127602-12-024546,2012-08-15,xslF345X03/form4.xml,CIK0001288776-submissions-001.json
2012-08-15,4,0001127602-12-024463,2012-08-13,xslF345X03/form4.xml,CIK0001288776-submissions-001.json
2012-08-16,4,0001127602-12-024640,2012-08-16,xslF345X03/form4.xml,CIK0001288776-submissions-001.json
2012-08-17,4,0001127602-12-024799,2012-08-17,xslF345X03/form4.xml,CIK0001288776-submissions-001.json
2012-08-22,4,0001127602-12-025068,2012-08-22,xslF345X03/form4.xml,CIK0001288776-submissions-001.json
2012-08-28,4,0001127602-12-025286,2012-08-28,xslF345X03/form4.xml,recent
2012-08-28,4,0001127602-12-025283,2012-08-28,xslF345X03/form4.xml,recent
2012-08-28,4,0001127602-12-025281,2012-08-28,xslF345X03/form4.xml,recent
2012-08-28,4,0001127602-12-025245,2012-08-27,xslF345X03/form4.xml,recent
2012-08-28,4,0001127602-12-025240,2012-08-27,xslF345X03/form4.xml,recent
2012-08-29,4,0001127602-12-025394,2012-08-29,xslF345X03/form4.xml,recent
2012-08-29,4,0001127602-12-025392,2012-08-29,xslF345X03/form4.xml,recent
2012-09-04,4,0001127602-12-025667,2012-09-04,xslF345X03/form4.xml,recent
2012-09-04,4,0001127602-12-025663,2012-09-04,xslF345X03/form4.xml,recent
2012-09-04,4,0001127602-12-025644,2012-09-04,xslF345X03/form4.xml,recent
2012-09-05,4,0001127602-12-025830,2012-09-03,xslF345X03/form4.xml,recent
2012-09-05,4,0001127602-12-025826,2012-09-03,xslF345X03/form4.xml,recent
2012-09-05,4,0001127602-12-025821,2012-09-03,xslF345X03/form4.xml,recent
2012-09-05,4,0001127602-12-025714,2012-09-04,xslF345X03/form4.xml,recent
2012-09-05,4/A,0001127602-12-025823,2012-09-03,xslF345X03/form4a.xml,recent
2012-09-07,4,0001127602-12-025988,2012-09-06,xslF345X03/form4.xml,recent
2012-09-07,4,0001127602-12-025986,2012-09-06,xslF345X03/form4.xml,recent
2012-09-07,4,0001127602-12-025984,2012-09-06,xslF345X03/form4.xml,recent
2012-09-07,4,0001127602-12-025946,2012-09-07,xslF345X03/form4.xml,recent
2012-09-10,4,0001127602-12-026072,2012-09-10,xslF345X03/form4.xml,recent
2012-09-10,4,0001127602-12-026069,2012-09-10,xslF345X03/form4.xml,recent
2012-09-11,4,0001127602-12-026121,2012-09-11,xslF345X03/form4.xml,recent
2012-09-12,4,0001127602-12-026233,2012-09-12,xslF345X03/form4.xml,recent
2012-09-12,4,0001127602-12-026192,2012-09-12,xslF345X03/form4.xml,recent
2012-09-19,4,0001127602-12-026721,2012-09-19,xslF345X03/form4.xml,recent
2012-09-21,4,0001127602-12-026859,2012-09-19,xslF345X03/form4.xml,recent
2012-09-25,4,0001127602-12-026993,2012-09-24,xslF345X03/form4.xml,recent
2012-09-25,4,0001127602-12-026991,2012-09-24,xslF345X03/form4.xml,recent
2012-09-25,4,0001127602-12-026989,2012-09-24,xslF345X03/form4.xml,recent
2012-09-25,4,0001127602-12-026987,2012-09-24,xslF345X03/form4.xml,recent
2012-09-26,4,0001127602-12-027105,2012-09-25,xslF345X03/form4.xml,recent
2012-09-26,4,0001127602-12-027102,2012-09-25,xslF345X03/form4.xml,recent
2012-09-26,4,0001127602-12-027098,2012-09-25,xslF345X03/form4.xml,recent
2012-09-27,4,0001127602-12-027206,2012-09-26,xslF345X03/form4.xml,recent
2012-09-27,4,0001127602-12-027200,2012-09-26,xslF345X03/form4.xml,recent
2012-09-27,4,0001127602-12-027198,2012-09-26,xslF345X03/form4.xml,recent
2012-10-01,4,0001127602-12-027619,2012-10-01,xslF345X03/form4.xml,recent
2012-10-01,4,0001127602-12-027466,2012-10-01,xslF345X03/form4.xml,recent
2012-10-03,4,0001127602-12-028129,2012-10-02,xslF345X03/form4.xml,recent
2012-10-04,4,0001127602-12-028275,2012-09-25,xslF345X03/form4.xml,recent
2012-10-04,8-K/A,0001193125-12-414376,2012-08-03,d420592d8ka.htm,recent
2012-10-09,4,0001127602-12-028409,2012-10-08,xslF345X03/form4.xml,recent
2012-10-10,4,0001127602-12-028575,2012-10-09,xslF345X03/form4.xml,recent
2012-10-10,4,0001127602-12-028491,2012-10-08,xslF345X03/form4.xml,recent
2012-10-10,4,0001127602-12-028487,2012-10-08,xslF345X03/form4.xml,recent
2012-10-10,4,0001127602-12-028483,2012-10-08,xslF345X03/form4.xml,recent
2012-10-11,4,0001127602-12-028604,2012-10-11,xslF345X03/form4.xml,recent
2012-10-16,4,0001127602-12-028731,2012-10-15,xslF345X03/form4.xml,recent
2012-10-18,8-K,0001193125-12-426975,2012-10-18,d426664d8k.htm,recent
2012-10-18,8-K/A,0001193125-12-427116,2012-10-18,d426664d8ka.htm,recent
2012-10-22,4,0001127602-12-028949,2012-10-22,xslF345X03/form4.xml,recent
2012-10-23,4,0001127602-12-028981,2012-10-22,xslF345X03/form4.xml,recent
2012-10-26,4,0001127602-12-029147,2012-10-25,xslF345X03/form4.xml,recent
2012-10-26,4,0001127602-12-029145,2012-10-25,xslF345X03/form4.xml,recent
2012-10-29,4,0001127602-12-029205,2012-10-26,xslF345X03/form4.xml,recent
2012-10-29,4,0001127602-12-029202,2012-10-26,xslF345X03/form4.xml,recent
2012-10-30,10-Q,0001193125-12-440217,2012-09-30,d400524d10q.htm,recent
2012-10-30,4,0001127602-12-029218,2012-10-30,xslF345X03/form4.xml,recent
2012-10-31,4,0001127602-12-029294,2012-10-31,xslF345X03/form4.xml,recent
2012-10-31,4,0001127602-12-029292,2012-10-31,xslF345X03/form4.xml,recent
2012-10-31,4,0001127602-12-029269,2012-10-31,xslF345X03/form4.xml,recent
2012-11-01,4,0001127602-12-029373,2012-11-01,xslF345X03/form4.xml,recent
2012-11-05,4,0001127602-12-029800,2012-11-02,xslF345X03/form4.xml,recent
2012-11-06,4,0001127602-12-029969,2012-11-05,xslF345X03/form4.xml,recent
2012-11-07,4,0001127602-12-030110,2012-11-06,xslF345X03/form4.xml,recent
2012-11-07,4,0001127602-12-030107,2012-11-06,xslF345X03/form4.xml,recent
2012-11-07,4,0001127602-12-030105,2012-11-06,xslF345X03/form4.xml,recent
2012-11-07,4,0001127602-12-030103,2012-11-06,xslF345X03/form4.xml,recent
2012-11-07,4,0001127602-12-030001,2012-11-06,xslF345X03/form4.xml,recent
2012-11-08,4,0001127602-12-030229,2012-11-08,xslF345X03/form4.xml,recent
2012-11-09,4,0001127602-12-030333,2012-11-09,xslF345X03/form4.xml,recent
2012-11-13,4,0001127602-12-030659,2012-11-12,xslF345X03/form4.xml,recent
2012-11-13,4,0001127602-12-030506,2012-07-25,xslF345X03/form4.xml,recent
2012-11-13,4,0001127602-12-030490,2012-11-12,xslF345X03/form4.xml,recent
2012-11-13,4,0001127602-12-030476,2012-11-12,xslF345X03/form4.xml,recent
2012-11-13,4,0001127602-12-030474,2012-11-12,xslF345X03/form4.xml,recent
2012-11-14,4,0001127602-12-030834,2012-11-14,xslF345X03/form4.xml,recent
2012-11-15,4,0001127602-12-031009,2012-11-15,xslF345X03/form4.xml,recent
2012-11-16,4,0001127602-12-031209,2012-11-16,xslF345X03/form4.xml,recent
2012-11-19,4,0001127602-12-031511,2012-11-19,xslF345X03/form4.xml,recent
2012-11-20,4,0001127602-12-031753,2012-11-20,xslF345X03/form4.xml,recent
2012-11-26,4,0001127602-12-032070,2012-11-26,xslF345X03/form4.xml,recent
2012-11-26,4,0001127602-12-032068,2012-11-26,xslF345X03/form4.xml,recent
2012-11-26,4,0001127602-12-032036,2012-11-26,xslF345X03/form4.xml,recent
2012-11-27,4,0001127602-12-032148,2012-11-27,xslF345X03/form4.xml,recent
2012-11-27,4,0001127602-12-032146,2012-11-27,xslF345X03/form4.xml,recent
2012-11-27,4,0001127602-12-032142,2012-11-27,xslF345X03/form4.xml,recent
2012-11-29,4,0001127602-12-032305,2012-11-28,xslF345X03/form4.xml,recent
2012-11-29,4,0001127602-12-032303,2012-11-28,xslF345X03/form4.xml,recent
2012-11-29,4,0001127602-12-032301,2012-11-28,xslF345X03/form4.xml,recent
2012-11-29,4,0001127602-12-032263,2012-11-29,xslF345X03/form4.xml,recent
2012-11-29,4,0001127602-12-032256,2012-11-28,xslF345X03/form4.xml,recent
2012-12-03,4,0001127602-12-032581,2012-12-03,xslF345X03/form4.xml,recent
2012-12-04,4,0001127602-12-032828,2012-12-04,xslF345X03/form4.xml,recent
2012-12-04,4,0001127602-12-032796,2012-12-03,xslF345X03/form4.xml,recent
2012-12-04,4,0001127602-12-032790,2012-12-03,xslF345X03/form4.xml,recent
2012-12-05,4,0001127602-12-032997,2012-12-04,xslF345X03/form4.xml,recent
2012-12-05,4,0001127602-12-032995,2012-12-04,xslF345X03/form4.xml,recent
2012-12-05,4,0001127602-12-032878,2012-12-03,xslF345X03/form4.xml,recent
2012-12-06,4,0001127602-12-033098,2012-12-04,xslF345X03/form4.xml,recent
2012-12-07,4,0001127602-12-033199,2012-12-06,xslF345X03/form4.xml,recent
2012-12-07,4,0001127602-12-033197,2012-12-06,xslF345X03/form4.xml,recent
2012-12-07,4,0001127602-12-033195,2012-12-06,xslF345X03/form4.xml,recent
2012-12-10,4,0001127602-12-033382,2012-12-10,xslF345X03/form4.xml,recent
2012-12-10,4,0001127602-12-033377,2012-12-10,xslF345X03/form4.xml,recent
2012-12-11,4,0001127602-12-033531,2012-12-11,xslF345X03/form4.xml,recent
2012-12-12,4,0001127602-12-033706,2012-12-12,xslF345X03/form4.xml,recent
2012-12-13,4,0001127602-12-033815,2012-12-13,xslF345X03/form4.xml,recent
2012-12-14,4,0001127602-12-033936,2012-12-14,xslF345X03/form4.xml,recent
2012-12-17,4,0001127602-12-034189,2012-12-17,xslF345X03/form4.xml,recent
2012-12-19,4,0001127602-12-034660,2012-12-19,xslF345X03/form4.xml,recent
2012-12-20,8-K,0001193125-12-510448,2012-12-19,d457329d8k.htm,recent
2012-12-21,8-K,0001193125-12-513187,2012-12-20,d458146d8k.htm,recent
2012-12-26,4,0001127602-12-035052,2012-12-24,xslF345X03/form4.xml,recent
2012-12-26,4,0001127602-12-035050,2012-12-24,xslF345X03/form4.xml,recent
2012-12-26,4,0001127602-12-034983,2012-12-24,xslF345X03/form4.xml,recent
2012-12-27,4,0001127602-12-035099,2012-12-26,xslF345X03/form4.xml,recent
2012-12-27,4,0001127602-12-035097,2012-12-26,xslF345X03/form4.xml,recent
2012-12-28,4,0001127602-12-035213,2012-12-28,xslF345X03/form4.xml,recent
2012-12-28,4,0001127602-12-035211,2012-12-28,xslF345X03/form4.xml,recent
2012-12-28,4,0001127602-12-035182,2012-12-27,xslF345X03/form4.xml,recent
2012-12-28,4,0001127602-12-035173,2012-12-27,xslF345X03/form4.xml,recent
2013-01-02,4,0001127602-13-000207,2013-01-02,xslF345X03/form4.xml,recent
2013-01-02,4,0001127602-13-000098,2012-12-31,xslF345X03/form4.xml,recent
2013-01-03,4,0001127602-13-000520,2013-01-03,xslF345X03/form4.xml,recent
2013-01-03,4,0001127602-13-000463,2013-01-02,xslF345X03/form4.xml,recent
2013-01-03,8-K,0001193125-13-002492,2013-01-03,d461279d8k.htm,recent
2013-01-08,4,0001127602-13-001481,2013-01-07,xslF345X03/form4.xml,recent
2013-01-08,4,0001127602-13-001477,2013-01-07,xslF345X03/form4.xml,recent
2013-01-08,4,0001127602-13-001473,2013-01-07,xslF345X03/form4.xml,recent
2013-01-10,4,0001127602-13-001581,2013-01-10,xslF345X03/form4.xml,recent
2013-01-15,4,0001127602-13-001850,2013-01-14,xslF345X03/form4.xml,recent
2013-01-16,4,0001127602-13-002025,2013-01-16,xslF345X03/form4.xml,recent
2013-01-16,4,0001127602-13-002017,2013-01-15,xslF345X03/form4.xml,recent
2013-01-16,4,0001127602-13-002008,2013-01-15,xslF345X03/form4.xml,recent
2013-01-17,4,0001127602-13-002225,2013-01-17,xslF345X03/form4.xml,recent
2013-01-17,4,0001127602-13-002187,2013-01-15,xslF345X03/form4.xml,recent
2013-01-22,4,0001127602-13-002338,2013-01-22,xslF345X03/form4.xml,recent
2013-01-22,8-K,0001288776-13-000006,2013-01-22,goog201212318-k.htm,recent
2013-01-25,4,0001127602-13-002690,2013-01-25,xslF345X03/form4.xml,recent
2013-01-28,4,0001127602-13-002789,2013-01-25,xslF345X03/form4.xml,recent
2013-01-29,10-K,0001193125-13-028362,2012-12-31,d452134d10k.htm,recent
2013-01-29,4,0001127602-13-003058,2013-01-25,xslF345X03/form4.xml,recent
2013-01-30,4,0001127602-13-003265,2013-01-30,xslF345X03/form4.xml,recent
2013-01-30,4,0001127602-13-003249,2013-01-28,xslF345X03/form4.xml,recent
2013-01-30,4,0001127602-13-003247,2013-01-28,xslF345X03/form4.xml,recent
2013-01-31,4,0001127602-13-003300,2013-01-29,xslF345X03/form4.xml,recent
2013-01-31,4,0001127602-13-003296,2013-01-29,xslF345X03/form4.xml,recent
2013-02-01,4,0001127602-13-003481,2013-02-01,xslF345X03/form4.xml,recent
2013-02-01,4,0001127602-13-003476,2013-02-01,xslF345X03/form4.xml,recent
2013-02-01,4,0001127602-13-003453,2013-02-01,xslF345X03/form4.xml,recent
2013-02-05,4,0001127602-13-004385,2013-02-04,xslF345X03/form4.xml,recent
2013-02-06,4,0001127602-13-004464,2013-02-06,xslF345X03/form4.xml,recent
2013-02-06,4,0001127602-13-004450,2013-02-05,xslF345X03/form4.xml,recent
2013-02-07,4,0001127602-13-004896,2013-02-06,xslF345X03/form4.xml,recent
2013-02-08,4,0001127602-13-005121,2013-02-06,xslF345X03/form4.xml,recent
2013-02-08,4,0001127602-13-005116,2013-02-08,xslF345X03/form4.xml,recent
2013-02-08,4,0001127602-13-004956,2013-02-06,xslF345X03/form4.xml,recent
2013-02-08,8-K,0001288776-13-000014,2013-02-08,google8-kitem801.htm,recent
2013-02-08,SC 13G,0001288776-13-000013,,schedule13gruckusdec312012.htm,recent
2013-02-08,SC 13G/A,0001295032-13-000004,,brinschedule13g-a7_12312012.htm,recent
2013-02-08,SC 13G/A,0001295231-13-000005,,pageschedule13g-a6_12312012.htm,recent
2013-02-08,SC 13G/A,0001305227-13-000475,,google.inc...txt,recent
2013-02-11,5,0001127602-13-005454,2012-12-31,xslF345X03/form5.xml,recent
2013-02-12,4,0001127602-13-005566,2013-02-11,xslF345X03/form4.xml,recent
2013-02-12,4,0001127602-13-005547,2013-02-12,xslF345X03/form4.xml,recent
2013-02-13,4,0001127602-13-005918,2013-02-13,xslF345X03/form4.xml,recent
2013-02-13,4,0001127602-13-005786,2013-02-12,xslF345X03/form4.xml,recent
2013-02-14,4,0001127602-13-006250,2013-02-14,xslF345X03/form4.xml,recent
2013-02-14,SC 13G/A,0001193125-13-060001,,d483029dsc13ga.htm,recent
2013-02-14,SC 13G/A,0000315066-13-002496,,filing.txt,recent
2013-02-15,4,0001127602-13-006414,2013-02-15,xslF345X03/form4.xml,recent
2013-02-15,4,0001127602-13-006406,2013-02-15,xslF345X03/form4.xml,recent
2013-02-20,4,0001127602-13-006949,2013-02-20,xslF345X03/form4.xml,recent
2013-02-22,4,0001127602-13-007563,2013-02-22,xslF345X03/form4.xml,recent
2013-02-22,4,0001127602-13-007560,2013-02-22,xslF345X03/form4.xml,recent
2013-02-22,4,0001127602-13-007520,2013-02-22,xslF345X03/form4.xml,recent
2013-02-25,4,0001127602-13-007896,2013-02-25,xslF345X03/form4.xml,recent
2013-02-25,4,0001127602-13-007894,2013-02-25,xslF345X03/form4.xml,recent
2013-02-25,4,0001127602-13-007892,2013-02-25,xslF345X03/form4.xml,recent
2013-02-26,4,0001127602-13-008189,2013-02-26,xslF345X03/form4.xml,recent
2013-02-26,4,0001127602-13-008179,2013-02-26,xslF345X03/form4.xml,recent
2013-02-27,4,0001127602-13-008230,2013-02-27,xslF345X03/form4.xml,recent
2013-03-01,4,0001127602-13-008654,2013-03-01,xslF345X03/form4.xml,recent
2013-03-04,4,0001127602-13-009088,2013-03-01,xslF345X03/form4.xml,recent
2013-03-04,4,0001127602-13-009080,2013-03-01,xslF345X03/form4.xml,recent
2013-03-05,4,0001127602-13-009432,2013-03-04,xslF345X03/form4.xml,recent
2013-03-05,4,0001127602-13-009420,2013-03-04,xslF345X03/form4.xml,recent
2013-03-05,4,0001127602-13-009360,2013-03-01,xslF345X03/form4.xml,recent
2013-03-06,4,0001127602-13-009750,2013-03-04,xslF345X03/form4.xml,recent
2013-03-06,4,0001127602-13-009530,2013-03-05,xslF345X03/form4.xml,recent
2013-03-07,4,0001127602-13-009960,2013-03-06,xslF345X03/form4.xml,recent
2013-03-07,4,0001127602-13-009958,2013-03-06,xslF345X03/form4.xml,recent
2013-03-08,4,0001127602-13-010142,2013-03-06,xslF345X03/form4.xml,recent
2013-03-11,4,0001127602-13-010257,2013-03-11,xslF345X03/form4.xml,recent
2013-03-12,4,0001127602-13-010390,2013-03-11,xslF345X03/form4.xml,recent
2013-03-12,4,0001127602-13-010382,2013-03-12,xslF345X03/form4.xml,recent
2013-03-12,8-K,0001288776-13-000017,2013-03-06,google8-k.htm,recent
2013-03-13,4,0001127602-13-010703,2013-03-13,xslF345X03/form4.xml,recent
2013-03-13,4,0001127602-13-010633,2013-03-12,xslF345X03/form4.xml,recent
2013-03-14,4,0001127602-13-010820,2013-03-14,xslF345X03/form4.xml,recent
2013-03-15,4,0001127602-13-011024,2013-03-15,xslF345X03/form4.xml,recent
2013-03-19,4,0001127602-13-011444,2013-03-19,xslF345X03/form4.xml,recent
2013-03-25,4,0001127602-13-011947,2013-03-22,xslF345X03/form4.xml,recent
2013-03-26,4,0001127602-13-012063,2013-03-26,xslF345X03/form4.xml,recent
2013-03-26,4,0001127602-13-012060,2013-03-26,xslF345X03/form4.xml,recent
2013-03-26,4,0001127602-13-012006,2013-03-25,xslF345X03/form4.xml,recent
2013-03-26,4,0001127602-13-011989,2013-03-25,xslF345X03/form4.xml,recent
2013-03-26,4,0001127602-13-011987,2013-03-25,xslF345X03/form4.xml,recent
2013-04-01,4,0001127602-13-012594,2013-04-01,xslF345X03/form4.xml,recent
2013-04-03,4,0001127602-13-013306,2013-04-02,xslF345X03/form4.xml,recent
2013-04-08,4,0001127602-13-013568,2013-04-08,xslF345X03/form4.xml,recent
2013-04-09,4,0001127602-13-013681,2013-04-08,xslF345X03/form4.xml,recent
2013-04-09,4,0001127602-13-013679,2013-04-08,xslF345X03/form4.xml,recent
2013-04-09,4,0001127602-13-013677,2013-04-08,xslF345X03/form4.xml,recent
2013-04-10,4,0001127602-13-013710,2013-04-09,xslF345X03/form4.xml,recent
2013-04-11,UPLOAD,0000000000-13-019642,,filename1.pdf,recent
2013-04-12,4,0001127602-13-013791,2013-04-12,xslF345X03/form4.xml,recent
2013-04-12,4,0001127602-13-013785,2013-04-10,xslF345X03/form4.xml,recent
2013-04-12,S-3ASR,0001193125-13-153161,,d519010ds3asr.htm,recent
2013-04-15,CORRESP,0001288776-13-000020,,filename1.htm,recent
2013-04-16,4,0001127602-13-013950,2013-04-15,xslF345X03/form4.xml,recent
2013-04-17,4,0001127602-13-014146,2013-04-15,xslF345X03/form4.xml,recent
2013-04-18,8-K,0001288776-13-000023,2013-04-18,goog201303318-k.htm,recent
2013-04-19,4,0001127602-13-014242,2013-04-19,xslF345X03/form4.xml,recent
2013-04-22,4,0001127602-13-014340,2013-04-22,xslF345X03/form4.xml,recent
2013-04-22,4,0001127602-13-014272,2013-04-22,xslF345X03/form4.xml,recent
2013-04-22,4,0001127602-13-014265,2013-04-22,xslF345X03/form4.xml,recent
2013-04-24,4,0001127602-13-014485,2013-04-24,xslF345X03/form4.xml,recent
2013-04-24,DEF 14A,0001308179-13-000248,2013-04-24,lgoogle_def14a.htm,recent
2013-04-24,DEFA14A,0001308179-13-000249,,lgoogle_defa14a.htm,recent
2013-04-25,10-Q,0001288776-13-000030,2013-03-31,goog-2013331x10q.htm,recent
2013-04-25,DEFA14A,0001308179-13-000251,,lgoogle_defa14a.htm,recent
2013-04-25,SC 13G,0001288776-13-000028,,arrisschedule13g.htm,recent
2013-04-26,4,0001127602-13-014637,2013-04-25,xslF345X03/form4.xml,recent
2013-04-26,4,0001127602-13-014635,2013-04-25,xslF345X03/form4.xml,recent
2013-04-26,ARS,9999999997-13-009236,2012-12-31,9999999997-13-009236.paper,recent
2013-04-29,4,0001127602-13-014697,2013-04-26,xslF345X03/form4.xml,recent
2013-04-29,4,0001127602-13-014695,2013-04-26,xslF345X03/form4.xml,recent
2013-04-30,4,0001127602-13-014779,2013-04-30,xslF345X03/form4.xml,recent
2013-05-01,4,0001127602-13-015036,2013-05-01,xslF345X03/form4.xml,recent
2013-05-01,4,0001127602-13-014872,2013-05-01,xslF345X03/form4.xml,recent
2013-05-02,4,0001127602-13-015348,2013-05-02,xslF345X03/form4.xml,recent
2013-05-03,4,0001127602-13-015601,2013-05-02,xslF345X03/form4.xml,recent
2013-05-08,4,0001127602-13-016173,2013-05-06,xslF345X03/form4.xml,recent
2013-05-08,4,0001127602-13-016110,2013-05-06,xslF345X03/form4.xml,recent
2013-05-08,4,0001127602-13-016104,2013-05-06,xslF345X03/form4.xml,recent
2013-05-09,4,0001127602-13-016229,2013-05-07,xslF345X03/form4.xml,recent
2013-05-10,CORRESP,0001288776-13-000033,,filename1.htm,recent
2013-05-13,4,0001127602-13-016604,2013-05-13,xslF345X03/form4.xml,recent
2013-05-14,4,0001127602-13-016769,2013-05-13,xslF345X03/form4.xml,recent
2013-05-15,4,0001127602-13-016953,2013-05-15,xslF345X03/form4.xml,recent
2013-05-15,PX14A6G,0000076721-13-000022,,rebuttal_google_2013-05-6.txt,recent
2013-05-16,4,0001127602-13-017208,2013-05-16,xslF345X03/form4.xml,recent
2013-05-16,4,0001127602-13-017011,2013-05-15,xslF345X03/form4.xml,recent
2013-05-22,4,0001127602-13-017796,2013-05-22,xslF345X03/form4.xml,recent
2013-05-24,4,0001127602-13-018314,2013-05-24,xslF345X03/form4.xml,recent
2013-05-28,4,0001127602-13-018521,2013-05-28,xslF345X03/form4.xml,recent
2013-05-28,4,0001127602-13-018519,2013-05-28,xslF345X03/form4.xml,recent
2013-05-29,4/A,0001127602-13-018682,2013-05-24,xslF345X03/form4a.xml,recent
2013-05-30,4,0001127602-13-018763,2013-05-29,xslF345X03/form4.xml,recent
2013-05-30,4,0001127602-13-018761,2013-05-29,xslF345X03/form4.xml,recent
2013-05-30,4,0001127602-13-018759,2013-05-29,xslF345X03/form4.xml,recent
2013-06-04,4,0001127602-13-019500,2013-06-03,xslF345X03/form4.xml,recent
2013-06-04,4,0001127602-13-019493,2013-06-03,xslF345X03/form4.xml,recent
2013-06-05,4,0001127602-13-019587,2013-06-04,xslF345X03/form4.xml,recent
2013-06-06,4,0001127602-13-019722,2013-06-03,xslF345X03/form4.xml,recent
2013-06-10,4,0001127602-13-019879,2013-06-06,xslF345X03/form4.xml,recent
2013-06-10,4,0001127602-13-019877,2013-06-06,xslF345X03/form4.xml,recent
2013-06-10,4,0001127602-13-019871,2013-06-06,xslF345X03/form4.xml,recent
2013-06-11,4,0001127602-13-020090,2013-06-10,xslF345X03/form4.xml,recent
2013-06-11,8-K,0001288776-13-000037,2013-06-06,google8-k_2013agmvoteresults.htm,recent
2013-06-12,4,0001127602-13-020246,2013-06-12,xslF345X03/form4.xml,recent
2013-06-12,4,0001127602-13-020186,2013-06-12,xslF345X03/form4.xml,recent
2013-06-17,4,0001127602-13-020540,2013-06-17,xslF345X03/form4.xml,recent
2013-06-17,4,0001127602-13-020477,2013-06-13,xslF345X03/form4.xml,recent
2013-06-17,8-K,0001288776-13-000040,2013-06-16,a8-kschoolmouxjune2013.htm,recent
2013-06-20,4,0001127602-13-020905,2013-06-19,xslF345X03/form4.xml,recent
2013-06-26,4,0001127602-13-021156,2013-06-24,xslF345X03/form4.xml,recent
2013-06-26,4,0001127602-13-021154,2013-06-24,xslF345X03/form4.xml,recent
2013-06-26,4,0001127602-13-021152,2013-06-24,xslF345X03/form4.xml,recent
2013-06-27,4,0001127602-13-021226,2013-06-25,xslF345X03/form4.xml,recent
2013-06-27,4,0001127602-13-021224,2013-06-25,xslF345X03/form4.xml,recent
2013-06-27,4,0001127602-13-021222,2013-06-25,xslF345X03/form4.xml,recent
2013-06-27,UPLOAD,0000000000-13-035298,,filename1.pdf,recent
2013-06-28,4,0001127602-13-021343,2013-06-26,xslF345X03/form4.xml,recent
2013-07-01,CORRESP,0001288776-13-000042,,filename1.htm,recent
2013-07-02,4,0001127602-13-022192,2013-07-02,xslF345X03/form4.xml,recent
2013-07-05,4,0001127602-13-022477,2013-07-03,xslF345X03/form4.xml,recent
2013-07-05,4,0001127602-13-022475,2013-07-03,xslF345X03/form4.xml,recent
2013-07-05,4,0001127602-13-022473,2013-07-03,xslF345X03/form4.xml,recent
2013-07-05,4,0001127602-13-022450,2013-07-03,xslF345X03/form4.xml,recent
2013-07-05,4,0001127602-13-022443,2013-07-03,xslF345X03/form4.xml,recent
2013-07-05,4,0001127602-13-022441,2013-07-03,xslF345X03/form4.xml,recent
2013-07-08,4,0001127602-13-022535,2013-07-08,xslF345X03/form4.xml,recent
2013-07-08,4,0001127602-13-022533,2013-07-03,xslF345X03/form4.xml,recent
2013-07-09,4,0001127602-13-022583,2013-07-08,xslF345X03/form4.xml,recent
2013-07-09,4,0001127602-13-022581,2013-07-08,xslF345X03/form4.xml,recent
2013-07-09,4,0001127602-13-022579,2013-07-08,xslF345X03/form4.xml,recent
2013-07-11,4,0001127602-13-022678,2013-07-11,xslF345X03/form4.xml,recent
2013-07-11,4,0001127602-13-022640,2013-07-09,xslF345X03/form4.xml,recent
2013-07-15,4,0001127602-13-022814,2013-07-15,xslF345X03/form4.xml,recent
2013-07-15,4,0001127602-13-022802,2013-07-12,xslF345X03/form4.xml,recent
2013-07-18,8-K,0001288776-13-000049,2013-07-18,googq220138-k.htm,recent
2013-07-22,4,0001127602-13-023226,2013-07-22,xslF345X03/form4.xml,recent
2013-07-22,4,0001127602-13-023189,2013-07-22,xslF345X03/form4.xml,recent
2013-07-25,10-Q,0001288776-13-000055,2013-06-30,goog10-qq22013.htm,recent
2013-07-25,4,0001127602-13-023470,2013-07-25,xslF345X03/form4.xml,recent
2013-07-26,4,0001127602-13-023547,2013-07-25,xslF345X03/form4.xml,recent
2013-07-26,4,0001127602-13-023540,2013-07-25,xslF345X03/form4.xml,recent
2013-07-29,4,0001127602-13-023670,2013-07-26,xslF345X03/form4.xml,recent
2013-07-29,4,0001127602-13-023668,2013-07-26,xslF345X03/form4.xml,recent
2013-07-29,4,0001127602-13-023607,2013-07-25,xslF345X03/form4.xml,recent
2013-07-30,4,0001127602-13-023807,2013-07-29,xslF345X03/form4.xml,recent
2013-07-30,4,0001127602-13-023805,2013-07-29,xslF345X03/form4.xml,recent
2013-07-30,4,0001127602-13-023800,2013-07-29,xslF345X03/form4.xml,recent
2013-08-01,4,0001127602-13-023985,2013-08-01,xslF345X03/form4.xml,recent
2013-08-05,4,0001127602-13-024497,2013-08-02,xslF345X03/form4.xml,recent
2013-08-06,4,0001127602-13-024609,2013-08-06,xslF345X03/form4.xml,recent
2013-08-07,4,0001127602-13-024701,2013-08-06,xslF345X03/form4.xml,recent
2013-08-07,4,0001127602-13-024698,2013-08-06,xslF345X03/form4.xml,recent
2013-08-07,4,0001127602-13-024696,2013-08-06,xslF345X03/form4.xml,recent
2013-08-07,4,0001127602-13-024643,2013-08-07,xslF345X03/form4.xml,recent
2013-08-09,CORRESP,0001288776-13-000057,,filename1.htm,recent
2013-08-12,4,0001127602-13-024939,2013-08-12,xslF345X03/form4.xml,recent
2013-08-13,4,0001127602-13-025021,2013-08-13,xslF345X03/form4.xml,recent
2013-08-14,4,0001127602-13-025131,2013-08-14,xslF345X03/form4.xml,recent
2013-08-14,4,0001127602-13-025058,2013-08-14,xslF345X03/form4.xml,recent
2013-08-15,4,0001127602-13-025283,2013-08-15,xslF345X03/form4.xml,recent
2013-08-15,4,0001127602-13-025280,2013-08-15,xslF345X03/form4.xml,recent
2013-08-21,4,0001127602-13-025786,2013-08-21,xslF345X03/form4.xml,recent
2013-08-21,FWP,0001193125-13-342188,,d585901dfwp.htm,recent
2013-08-22,4,0001127602-13-025852,2013-08-21,xslF345X03/form4.xml,recent
2013-08-23,4,0001127602-13-025928,2013-08-23,xslF345X03/form4.xml,recent
2013-08-26,4,0001127602-13-026034,2013-08-26,xslF345X03/form4.xml,recent
2013-08-26,4,0001127602-13-026032,2013-08-26,xslF345X03/form4.xml,recent
2013-08-27,4,0001127602-13-026074,2013-08-26,xslF345X03/form4.xml,recent
2013-08-28,4,0001127602-13-026201,2013-08-27,xslF345X03/form4.xml,recent
2013-08-28,4,0001127602-13-026194,2013-08-27,xslF345X03/form4.xml,recent
2013-08-28,4,0001127602-13-026178,2013-08-27,xslF345X03/form4.xml,recent
2013-08-29,4,0001127602-13-026247,2013-08-29,xslF345X03/form4.xml,recent
2013-08-29,4,0001127602-13-026245,2013-08-28,xslF345X03/form4.xml,recent
2013-08-29,4,0001127602-13-026241,2013-08-28,xslF345X03/form4.xml,recent
2013-09-04,4,0001127602-13-026646,2013-09-02,xslF345X03/form4.xml,recent
2013-09-04,4,0001127602-13-026643,2013-09-02,xslF345X03/form4.xml,recent
2013-09-04,4,0001127602-13-026614,2013-09-02,xslF345X03/form4.xml,recent
2013-09-04,4,0001127602-13-026545,2013-09-03,xslF345X03/form4.xml,recent
2013-09-06,4,0001127602-13-026762,2013-09-04,xslF345X03/form4.xml,recent
2013-09-10,4,0001127602-13-026899,2013-09-06,xslF345X03/form4.xml,recent
2013-09-10,4,0001127602-13-026897,2013-09-06,xslF345X03/form4.xml,recent
2013-09-10,4,0001127602-13-026894,2013-09-06,xslF345X03/form4.xml,recent
2013-09-11,4,0001127602-13-026992,2013-09-10,xslF345X03/form4.xml,recent
2013-09-11,4,0001127602-13-026990,2013-09-09,xslF345X03/form4.xml,recent
2013-09-12,4,0001127602-13-027073,2013-09-11,xslF345X03/form4.xml,recent
2013-09-12,4,0001127602-13-027044,2013-09-12,xslF345X03/form4.xml,recent
2013-09-13,4,0001127602-13-027114,2013-09-12,xslF345X03/form4.xml,recent
2013-09-16,4,0001127602-13-027258,2013-09-16,xslF345X03/form4.xml,recent
2013-09-16,4,0001127602-13-027246,2013-09-16,xslF345X03/form4.xml,recent
2013-09-19,4,0001127602-13-027551,2013-09-19,xslF345X03/form4.xml,recent
2013-09-25,4,0001127602-13-027771,2013-09-24,xslF345X03/form4.xml,recent
2013-09-25,4,0001127602-13-027769,2013-09-24,xslF345X03/form4.xml,recent
2013-09-26,4,0001127602-13-027881,2013-09-25,xslF345X03/form4.xml,recent
2013-09-26,4,0001127602-13-027879,2013-09-25,xslF345X03/form4.xml,recent
2013-09-26,4,0001127602-13-027877,2013-09-25,xslF345X03/form4.xml,recent
2013-09-27,4,0001127602-13-027934,2013-09-26,xslF345X03/form4.xml,recent
2013-09-27,4,0001127602-13-027923,2013-09-26,xslF345X03/form4.xml,recent
2013-09-27,4/A,0001127602-13-027938,2013-09-26,xslF345X03/form4a.xml,recent
2013-10-02,4,0001127602-13-028311,2013-10-01,xslF345X03/form4.xml,recent
2013-10-04,4,0001127602-13-028937,2013-10-02,xslF345X03/form4.xml,recent
2013-10-09,4,0001127602-13-029133,2013-10-07,xslF345X03/form4.xml,recent
2013-10-09,4,0001127602-13-029131,2013-10-07,xslF345X03/form4.xml,recent
2013-10-09,4,0001127602-13-029128,2013-10-07,xslF345X03/form4.xml,recent
2013-10-15,4,0001127602-13-029331,2013-10-15,xslF345X03/form4.xml,recent
2013-10-15,4,0001127602-13-029322,2013-10-15,xslF345X03/form4.xml,recent
2013-10-15,4,0001127602-13-029299,2013-10-14,xslF345X03/form4.xml,recent
2013-10-15,4,0001127602-13-029285,2013-10-14,xslF345X03/form4.xml,recent
2013-10-16,4,0001127602-13-029370,2013-10-16,xslF345X03/form4.xml,recent
2013-10-17,4,0001127602-13-029466,2013-10-17,xslF345X03/form4.xml,recent
2013-10-17,8-K,0001288776-13-000063,2013-10-17,googq320138-k.htm,recent
2013-10-21,4,0001127602-13-029543,2013-10-21,xslF345X03/form4.xml,recent
2013-10-22,4,0001127602-13-029606,2013-10-22,xslF345X03/form4.xml,recent
2013-10-24,10-Q,0001288776-13-000068,2013-09-30,goog10-qq32013.htm,recent
2013-10-28,4,0001127602-13-029883,2013-10-25,xslF345X03/form4.xml,recent
2013-10-28,4,0001127602-13-029881,2013-10-25,xslF345X03/form4.xml,recent
2013-10-28,4,0001127602-13-029879,2013-10-25,xslF345X03/form4.xml,recent
2013-10-28,4,0001127602-13-029877,2013-10-25,xslF345X03/form4.xml,recent
2013-10-28,4,0001127602-13-029875,2013-10-25,xslF345X03/form4.xml,recent
2013-10-29,4,0001127602-13-029932,2013-10-29,xslF345X03/form4.xml,recent
2013-10-30,4,0001127602-13-029981,2013-10-29,xslF345X03/form4.xml,recent
2013-10-30,8-K,0001193125-13-418880,2013-10-28,d618226d8k.htm,recent
2013-10-31,4,0001127602-13-030106,2013-10-30,xslF345X03/form4.xml,recent
2013-10-31,4,0001127602-13-030104,2013-10-30,xslF345X03/form4.xml,recent
2013-10-31,4,0001127602-13-030102,2013-10-30,xslF345X03/form4.xml,recent
2013-11-01,4,0001127602-13-030218,2013-11-01,xslF345X03/form4.xml,recent
2013-11-06,4,0001127602-13-030834,2013-11-06,xslF345X03/form4.xml,recent
2013-11-06,4,0001127602-13-030779,2013-11-05,xslF345X03/form4.xml,recent
2013-11-06,4,0001127602-13-030760,2013-11-04,xslF345X03/form4.xml,recent
2013-11-07,4,0001127602-13-030966,2013-11-06,xslF345X03/form4.xml,recent
2013-11-07,4,0001127602-13-030962,2013-11-06,xslF345X03/form4.xml,recent
2013-11-07,4,0001127602-13-030958,2013-11-06,xslF345X03/form4.xml,recent
2013-11-07,4,0001127602-13-030870,2013-11-07,xslF345X03/form4.xml,recent
2013-11-08,4,0001127602-13-031043,2013-11-06,xslF345X03/form4.xml,recent
2013-11-12,4,0001127602-13-031383,2013-11-11,xslF345X03/form4.xml,recent
2013-11-12,4,0001127602-13-031246,2013-11-12,xslF345X03/form4.xml,recent
2013-11-13,4,0001127602-13-031552,2013-11-13,xslF345X03/form4.xml,recent
2013-11-13,UPLOAD,0000000000-13-062206,,filename1.pdf,recent
2013-11-15,4,0001127602-13-031808,2013-11-15,xslF345X03/form4.xml,recent
2013-11-15,4,0001127602-13-031794,2013-11-14,xslF345X03/form4.xml,recent
2013-11-18,CORRESP,0001288776-13-000071,,filename1.htm,recent
2013-11-25,4,0001127602-13-032873,2013-11-25,xslF345X03/form4.xml,recent
2013-11-25,4,0001127602-13-032811,2013-11-22,xslF345X03/form4.xml,recent
2013-11-25,4,0001127602-13-032778,2013-11-22,xslF345X03/form4.xml,recent
2013-11-26,4,0001127602-13-032995,2013-11-26,xslF345X03/form4.xml,recent
2013-11-26,4,0001127602-13-032929,2013-11-25,xslF345X03/form4.xml,recent
2013-11-27,4,0001127602-13-033127,2013-11-27,xslF345X03/form4.xml,recent
2013-11-27,4,0001127602-13-033125,2013-11-25,xslF345X03/form4.xml,recent
2013-11-27,4,0001127602-13-033054,2013-11-27,xslF345X03/form4.xml,recent
2013-11-27,4/A,0001127602-13-033123,2013-11-08,xslF345X03/form4a.xml,recent
2013-12-03,4,0001127602-13-033534,2013-12-03,xslF345X03/form4.xml,recent
2013-12-03,4,0001127602-13-033511,2013-12-02,xslF345X03/form4.xml,recent
2013-12-03,4,0001127602-13-033509,2013-12-02,xslF345X03/form4.xml,recent
2013-12-03,4,0001127602-13-033507,2013-12-02,xslF345X03/form4.xml,recent
2013-12-03,4,0001127602-13-033505,2013-12-02,xslF345X03/form4.xml,recent
2013-12-05,4,0001127602-13-033804,2013-12-04,xslF345X03/form4.xml,recent
2013-12-05,4,0001127602-13-033796,2013-12-04,xslF345X03/form4.xml,recent
2013-12-05,4,0001127602-13-033788,2013-12-04,xslF345X03/form4.xml,recent
2013-12-10,4,0001127602-13-034287,2013-12-09,xslF345X03/form4.xml,recent
2013-12-10,4,0001127602-13-034257,2013-12-06,xslF345X03/form4.xml,recent
2013-12-10,4,0001127602-13-034227,2013-12-06,xslF345X03/form4.xml,recent
2013-12-10,4,0001127602-13-034184,2013-12-06,xslF345X03/form4.xml,recent
2013-12-12,4,0001127602-13-034506,2013-12-12,xslF345X03/form4.xml,recent
2013-12-12,4,0001127602-13-034501,2013-12-11,xslF345X03/form4.xml,recent
2013-12-13,POSASR,0001193125-13-473212,,d635719dposasr.htm,recent
2013-12-13,S-8,0001193125-13-473204,,d635722ds8.htm,recent
2013-12-13,S-8 POS,0001193125-13-473226,,d638311ds8pos.htm,recent
2013-12-13,S-8 POS,0001193125-13-473219,,d638308ds8pos.htm,recent
2013-12-16,4,0001127602-13-034732,2013-12-13,xslF345X03/form4.xml,recent
2013-12-17,4,0001127602-13-034916,2013-12-16,xslF345X03/form4.xml,recent
2013-12-17,4,0001127602-13-034913,2013-12-16,xslF345X03/form4.xml,recent
2013-12-20,4,0001127602-13-035409,2013-12-20,xslF345X03/form4.xml,recent
2013-12-20,CORRESP,0001288776-13-000074,,filename1.htm,recent
2013-12-27,4,0001127602-13-035703,2013-12-24,xslF345X03/form4.xml,recent
2013-12-27,4,0001127602-13-035701,2013-12-24,xslF345X03/form4.xml,recent
2014-01-02,4,0001127602-14-000060,2014-01-02,xslF345X03/form4.xml,recent
2014-01-03,4,0001127602-14-001045,2014-01-02,xslF345X03/form4.xml,recent
2014-01-07,4,0001127602-14-001493,2014-01-07,xslF345X03/form4.xml,recent
2014-01-08,4,0001127602-14-001514,2014-01-06,xslF345X03/form4.xml,recent
2014-01-08,4,0001127602-14-001511,2014-01-06,xslF345X03/form4.xml,recent
2014-01-08,4,0001127602-14-001506,2014-01-06,xslF345X03/form4.xml,recent
2014-01-13,8-K,0001288776-14-000003,2014-01-13,a8kx801.htm,recent
2014-01-14,4,0001127602-14-001883,2014-01-14,xslF345X03/form4.xml,recent
2014-01-15,4,0001127602-14-001999,2014-01-14,xslF345X03/form4.xml,recent
2014-01-15,4,0001127602-14-001934,2014-01-13,xslF345X03/form4.xml,recent
2014-01-16,UPLOAD,0000000000-14-002434,,filename1.pdf,recent
2014-01-17,4,0001127602-14-002309,2014-01-15,xslF345X03/form4.xml,recent
2014-01-21,4,0001127602-14-002332,2014-01-17,xslF345X03/form4.xml,recent
2014-01-22,NO ACT,9999999997-14-000815,2013-12-30,9999999997-14-000815.paper,recent
2014-01-29,4,0001127602-14-003392,2014-01-27,xslF345X03/form4.xml,recent
2014-01-29,4,0001127602-14-003389,2014-01-27,xslF345X03/form4.xml,recent
2014-01-29,4,0001127602-14-003387,2014-01-27,xslF345X03/form4.xml,recent
2014-01-29,4,0001127602-14-003378,2014-01-27,xslF345X03/form4.xml,recent
2014-01-29,4,0001127602-14-003357,2014-01-27,xslF345X03/form4.xml,recent
2014-01-29,4,0001127602-14-003355,2014-01-27,xslF345X03/form4.xml,recent
2014-01-29,4,0001127602-14-003354,2014-01-27,xslF345X03/form4.xml,recent
2014-01-29,4,0001127602-14-003347,2014-01-27,xslF345X03/form4.xml,recent
2014-01-29,8-K,0001288776-14-000008,2014-01-29,goog8-k01292014.htm,recent
2014-01-30,4,0001127602-14-003483,2014-01-29,xslF345X03/form4.xml,recent
2014-01-30,4,0001127602-14-003447,2014-01-27,xslF345X03/form4.xml,recent
2014-01-30,4,0001127602-14-003443,2014-01-27,xslF345X03/form4.xml,recent
2014-01-30,4,0001127602-14-003437,2014-01-27,xslF345X03/form4.xml,recent
2014-01-30,8-K,0001288776-14-000013,2014-01-30,googq420138-k.htm,recent
2014-01-30,CORRESP,0001288776-14-000015,,filename1.htm,recent
2014-02-03,4,0001127602-14-003828,2014-02-03,xslF345X03/form4.xml,recent
2014-02-04,4,0001127602-14-004510,2014-02-03,xslF345X03/form4.xml,recent
2014-02-04,4,0001127602-14-004462,2014-02-03,xslF345X03/form4.xml,recent
2014-02-04,4,0001127602-14-004364,2014-02-04,xslF345X03/form4.xml,recent
2014-02-04,8-K,0001288776-14-000017,2014-02-04,goog02042014-8k.htm,recent
2014-02-04,SC 13G,0001086364-14-002007,,google.inc...txt,recent
2014-02-05,4,0001127602-14-004536,2014-02-04,xslF345X03/form4.xml,recent
2014-02-07,4,0001127602-14-005193,2014-02-06,xslF345X03/form4.xml,recent
2014-02-07,4,0001127602-14-005190,2014-02-06,xslF345X03/form4.xml,recent
2014-02-07,4,0001127602-14-005185,2014-02-06,xslF345X03/form4.xml,recent
2014-02-07,4,0001127602-14-005183,2014-02-06,xslF345X03/form4.xml,recent
2014-02-07,4,0001127602-14-005085,2014-02-05,xslF345X03/form4.xml,recent
2014-02-07,SC 13G/A,0001193125-14-040940,,d672668dsc13ga.htm,recent
2014-02-11,4,0001127602-14-005690,2014-02-11,xslF345X03/form4.xml,recent
2014-02-11,4,0001127602-14-005685,2014-02-10,xslF345X03/form4.xml,recent
2014-02-11,5,0001127602-14-005617,2013-12-31,xslF345X03/form5.xml,recent
2014-02-11,5,0001127602-14-005614,2013-12-31,xslF345X03/form5.xml,recent
2014-02-11,5,0001127602-14-005534,2013-12-31,xslF345X03/form5.xml,recent
2014-02-11,SC 13G/A,0001193125-14-045650,,d672932dsc13ga.htm,recent
2014-02-12,10-K,0001288776-14-000020,2013-12-31,goog2013123110-k.htm,recent
2014-02-12,SC 13G/A,0001193125-14-048198,,d672690dsc13ga.htm,recent
2014-02-12,SC 13G/A,0001193125-14-048184,,d670242dsc13ga.htm,recent
2014-02-13,4,0001127602-14-006223,2014-02-12,xslF345X03/form4.xml,recent
2014-02-13,4,0001127602-14-006002,2014-02-12,xslF345X03/form4.xml,recent
2014-02-13,CORRESP,0001288776-14-000022,,filename1.htm,recent
2014-02-13,SC 13G/A,0001193125-14-048502,,d677691dsc13ga.htm,recent
2014-02-14,SC 13G/A,0000315066-14-002150,,filing.txt,recent
2014-02-18,4,0001127602-14-006827,2014-02-14,xslF345X03/form4.xml,recent
2014-02-18,4,0001127602-14-006806,2014-02-11,xslF345X03/form4.xml,recent
2014-02-18,4,0001127602-14-006777,2014-02-14,xslF345X03/form4.xml,recent
2014-02-19,4,0001127602-14-007202,2014-02-19,xslF345X03/form4.xml,recent
2014-02-20,424B5,0001193125-14-059787,,d678681d424b5.htm,recent
2014-02-20,FWP,0001193125-14-060899,,d681546dfwp.htm,recent
2014-02-21,424B2,0001193125-14-062612,,d678681d424b2.htm,recent
2014-02-25,8-K,0001193125-14-066560,2014-02-20,d681994d8k.htm,recent
2014-02-26,4,0001127602-14-008623,2014-02-24,xslF345X03/form4.xml,recent
2014-02-26,4,0001127602-14-008619,2014-02-24,xslF345X03/form4.xml,recent
2014-02-26,4,0001127602-14-008606,2014-02-24,xslF345X03/form4.xml,recent
2014-02-26,4,0001127602-14-008604,2014-02-24,xslF345X03/form4.xml,recent
2014-02-28,CORRESP,0001288776-14-000024,,filename1.htm,recent
2014-03-04,4,0001127602-14-010099,2014-03-03,xslF345X03/form4.xml,recent
2014-03-04,4,0001127602-14-010097,2014-03-03,xslF345X03/form4.xml,recent
2014-03-04,4,0001127602-14-010094,2014-03-03,xslF345X03/form4.xml,recent
2014-03-04,4,0001127602-14-010081,2014-03-03,xslF345X03/form4.xml,recent
2014-03-05,4,0001127602-14-010276,2014-03-04,xslF345X03/form4.xml,recent
2014-03-06,4,0001127602-14-010605,2014-03-06,xslF345X03/form4.xml,recent
2014-03-06,4,0001127602-14-010602,2014-03-06,xslF345X03/form4.xml,recent
2014-03-10,4,0001127602-14-010829,2014-03-06,xslF345X03/form4.xml,recent
2014-03-10,4,0001127602-14-010824,2014-03-06,xslF345X03/form4.xml,recent
2014-03-10,4,0001127602-14-010822,2014-03-06,xslF345X03/form4.xml,recent
2014-03-10,8-K,0001288776-14-000026,2014-03-04,form8-k502executivebonuses.htm,recent
2014-03-11,4,0001127602-14-011218,2014-03-10,xslF345X03/form4.xml,recent
2014-03-13,4,0001127602-14-011415,2014-03-12,xslF345X03/form4.xml,recent
2014-03-13,4,0001127602-14-011404,2014-03-12,xslF345X03/form4.xml,recent
2014-03-14,4,0001127602-14-011667,2014-03-13,xslF345X03/form4.xml,recent
2014-03-17,4,0001127602-14-011830,2014-03-17,xslF345X03/form4.xml,recent
2014-03-17,4,0001127602-14-011815,2014-03-17,xslF345X03/form4.xml,recent
2014-03-17,4,0001127602-14-011810,2014-03-14,xslF345X03/form4.xml,recent
2014-03-17,4,0001127602-14-011716,2014-03-13,xslF345X03/form4.xml,recent
2014-03-18,4,0001127602-14-011903,2014-03-18,xslF345X03/form4.xml,recent
2014-03-20,4,0001127602-14-012315,2014-03-19,xslF345X03/form4.xml,recent
2014-03-25,CERTNAS,9999999997-14-004858,,9999999997-14-004858.paper,recent
2014-03-26,4,0001127602-14-012790,2014-03-25,xslF345X03/form4.xml,recent
2014-03-26,4,0001127602-14-012788,2014-03-25,xslF345X03/form4.xml,recent
2014-03-26,8-A12B,0001193125-14-116482,,d699828d8a12b.htm,recent
2014-03-26,8-K,0001193125-14-116456,2014-03-25,d699871d8k.htm,recent
2014-03-27,4,0001127602-14-012865,2014-03-25,xslF345X03/form4.xml,recent
2014-03-27,4,0001127602-14-012863,2014-03-25,xslF345X03/form4.xml,recent
2014-03-27,4,0001127602-14-012861,2014-03-25,xslF345X03/form4.xml,recent
2014-03-27,4,0001127602-14-012858,2014-03-25,xslF345X03/form4.xml,recent
2014-03-28,DEF 14A,0001308179-14-000114,2014-03-28,lgoogle2014_def14a.htm,recent
2014-03-28,DEFA14A,0001308179-14-000115,,lgoogle2014_defa14a.htm,recent
2014-04-01,4,0001127602-14-013052,2014-04-01,xslF345X03/form4.xml,recent
2014-04-02,ARS,9999999997-14-008824,2013-12-31,9999999997-14-008824.paper,recent
2014-04-03,4,0001127602-14-014092,2014-04-01,xslF345X03/form4.xml,recent
2014-04-04,S-3ASR,0001193125-14-131833,,d685914ds3asr.htm,recent
2014-04-04,S-8,0001193125-14-131999,,d706403ds8.htm,recent
2014-04-09,4,0001127602-14-014385,2014-04-07,xslF345X03/form4.xml,recent
2014-04-09,4,0001127602-14-014383,2014-04-07,xslF345X03/form4.xml,recent
2014-04-09,4,0001127602-14-014381,2014-04-07,xslF345X03/form4.xml,recent
2014-04-10,15-12G,0001193125-14-138742,,d709289d1512g.htm,recent
2014-04-10,4,0001127602-14-014440,2014-04-02,xslF345X03/form4.xml,recent
2014-04-10,S-8,0001193125-14-138800,,d709408ds8.htm,recent
2014-04-15,4,0001127602-14-014582,2014-04-14,xslF345X03/form4.xml,recent
2014-04-15,4,0001127602-14-014514,2014-04-14,xslF345X03/form4.xml,recent
2014-04-15,UPLOAD,0000000000-14-019151,,filename1.pdf,recent
2014-04-16,4,0001127602-14-014683,2014-04-15,xslF345X03/form4.xml,recent
2014-04-16,4,0001127602-14-014681,2014-04-14,xslF345X03/form4.xml,recent
2014-04-16,8-K,0001288776-14-000034,2014-04-16,googq120148-k.htm,recent
2014-04-17,4,0001127602-14-014779,2014-04-17,xslF345X03/form4.xml,recent
2014-04-17,4,0001127602-14-014767,2014-04-16,xslF345X03/form4.xml,recent
2014-04-17,4,0001127602-14-014713,2014-04-15,xslF345X03/form4.xml,recent
2014-04-17,4,0001127602-14-014711,2014-04-15,xslF345X03/form4.xml,recent
2014-04-22,4,0001127602-14-014908,2014-04-21,xslF345X03/form4.xml,recent
2014-04-22,4,0001127602-14-014906,2014-04-21,xslF345X03/form4.xml,recent
2014-04-24,10-Q,0001288776-14-000040,2014-03-31,goog10-qq12014.htm,recent
2014-04-28,4,0001127602-14-015388,2014-04-24,xslF345X03/form4.xml,recent
2014-04-28,4,0001127602-14-015386,2014-04-24,xslF345X03/form4.xml,recent
2014-04-28,4,0001127602-14-015384,2014-04-24,xslF345X03/form4.xml,recent
2014-04-28,4,0001127602-14-015381,2014-04-24,xslF345X03/form4.xml,recent
2014-04-28,4,0001127602-14-015379,2014-04-24,xslF345X03/form4.xml,recent
2014-05-01,4,0001127602-14-015856,2014-05-01,xslF345X03/form4.xml,recent
2014-05-02,PX14A6G,0001193125-14-178926,,d718969dpx14a6g.htm,recent
2014-05-06,4,0001127602-14-016645,2014-05-02,xslF345X03/form4.xml,recent
2014-05-07,4,0001127602-14-016749,2014-05-06,xslF345X03/form4.xml,recent
2014-05-07,4,0001127602-14-016747,2014-05-06,xslF345X03/form4.xml,recent
2014-05-07,4,0001127602-14-016745,2014-05-06,xslF345X03/form4.xml,recent
2014-05-08,4,0001127602-14-016838,2014-05-06,xslF345X03/form4.xml,recent
2014-05-13,4,0001127602-14-017398,2014-05-13,xslF345X03/form4.xml,recent
2014-05-13,4,0001127602-14-017396,2014-05-12,xslF345X03/form4.xml,recent
2014-05-13,4,0001127602-14-017300,2014-05-12,xslF345X03/form4.xml,recent
2014-05-13,4,0001127602-14-017298,2014-05-12,xslF345X03/form4.xml,recent
2014-05-14,DEFA14A,0001193125-14-199146,,d726654ddefa14a.htm,recent
2014-05-15,4,0001127602-14-017776,2014-05-08,xslF345X03/form4.xml,recent
2014-05-15,4,0001127602-14-017690,2014-05-14,xslF345X03/form4.xml,recent
2014-05-15,8-K,0001193125-14-201417,2014-05-14,d728293d8k.htm,recent
2014-05-16,4,0001127602-14-018001,2014-05-15,xslF345X03/form4.xml,recent
2014-05-28,4,0001127602-14-019065,2014-05-23,xslF345X03/form4.xml,recent
2014-05-28,4,0001127602-14-019063,2014-05-23,xslF345X03/form4.xml,recent
2014-05-28,4,0001127602-14-019054,2014-05-23,xslF345X03/form4.xml,recent
2014-05-28,4,0001127602-14-019049,2014-05-23,xslF345X03/form4.xml,recent
2014-05-28,4,0001127602-14-019046,2014-05-23,xslF345X03/form4.xml,recent
2014-05-28,4,0001127602-14-019041,2014-05-23,xslF345X03/form4.xml,recent
2014-06-02,4,0001127602-14-019478,2014-06-02,xslF345X03/form4.xml,recent
2014-06-02,SD,0001288776-14-000046,,a20140602formsd.htm,recent
2014-06-03,4,0001127602-14-019827,2014-06-03,xslF345X03/form4.xml,recent
2014-06-04,4,0001127602-14-019958,2014-06-02,xslF345X03/form4.xml,recent
2014-06-04,4,0001127602-14-019898,2014-06-02,xslF345X03/form4.xml,recent
2014-06-04,4,0001127602-14-019892,2014-06-02,xslF345X03/form4.xml,recent
2014-06-04,4,0001127602-14-019878,2014-06-02,xslF345X03/form4.xml,recent
2014-06-05,4,0001127602-14-020021,2014-06-04,xslF345X03/form4.xml,recent
2014-06-05,4,0001127602-14-020011,2014-06-04,xslF345X03/form4.xml,recent
2014-06-05,4,0001127602-14-019987,2014-06-04,xslF345X03/form4.xml,recent
2014-06-05,4,0001127602-14-019981,2014-06-04,xslF345X03/form4.xml,recent
2014-06-05,4,0001127602-14-019977,2014-06-04,xslF345X03/form4.xml,recent
2014-06-05,4,0001127602-14-019975,2014-06-04,xslF345X03/form4.xml,recent
2014-06-06,4,0001127602-14-020131,2014-06-04,xslF345X03/form4.xml,recent
2014-06-10,4,0001127602-14-020403,2014-06-06,xslF345X03/form4.xml,recent
2014-06-10,4,0001127602-14-020398,2014-06-06,xslF345X03/form4.xml,recent
2014-06-10,4,0001127602-14-020389,2014-06-06,xslF345X03/form4.xml,recent
2014-06-11,4,0001127602-14-020587,2014-06-09,xslF345X03/form4.xml,recent
2014-06-12,4,0001127602-14-020738,2014-06-12,xslF345X03/form4.xml,recent
2014-06-12,4,0001127602-14-020736,2014-06-11,xslF345X03/form4.xml,recent
2014-06-13,4,0001127602-14-020843,2014-06-13,xslF345X03/form4.xml,recent
2014-06-13,4,0001127602-14-020817,2014-06-06,xslF345X03/form4.xml,recent
2014-06-16,4,0001127602-14-020985,2014-06-16,xslF345X03/form4.xml,recent
2014-06-17,4,0001127602-14-021022,2014-06-16,xslF345X03/form4.xml,recent
2014-06-18,4,0001127602-14-021324,2014-06-18,xslF345X03/form4.xml,recent
2014-06-26,4,0001127602-14-021713,2014-06-24,xslF345X03/form4.xml,recent
2014-06-26,4,0001127602-14-021711,2014-06-24,xslF345X03/form4.xml,recent
2014-06-26,4,0001127602-14-021707,2014-06-24,xslF345X03/form4.xml,recent
2014-06-26,4,0001127602-14-021652,2014-06-24,xslF345X03/form4.xml,recent
2014-06-26,4,0001127602-14-021642,2014-06-24,xslF345X03/form4.xml,recent
2014-06-26,4,0001127602-14-021640,2014-06-24,xslF345X03/form4.xml,recent
2014-06-26,4,0001127602-14-021631,2014-06-24,xslF345X03/form4.xml,recent
2014-06-26,4,0001127602-14-021629,2014-06-24,xslF345X03/form4.xml,recent
2014-06-26,4,0001127602-14-021626,2014-06-24,xslF345X03/form4.xml,recent
2014-07-02,4,0001127602-14-022685,2014-07-02,xslF345X03/form4.xml,recent
2014-07-02,4,0001127602-14-022621,2014-07-01,xslF345X03/form4.xml,recent
2014-07-08,4,0001127602-14-023023,2014-07-07,xslF345X03/form4.xml,recent
2014-07-08,4,0001127602-14-022999,2014-07-07,xslF345X03/form4.xml,recent
2014-07-08,4,0001127602-14-022997,2014-07-07,xslF345X03/form4.xml,recent
2014-07-14,4,0001127602-14-023227,2014-07-14,xslF345X03/form4.xml,recent
2014-07-14,4,0001127602-14-023225,2014-07-14,xslF345X03/form4.xml,recent
2014-07-15,4,0001127602-14-023305,2014-07-14,xslF345X03/form4.xml,recent
2014-07-15,4,0001127602-14-023269,2014-07-15,xslF345X03/form4.xml,recent
2014-07-15,8-K,0001288776-14-000050,2014-07-15,a8-kmulally.htm,recent
2014-07-17,4,0001127602-14-023486,2014-07-16,xslF345X03/form4.xml,recent
2014-07-17,4,0001127602-14-023481,2014-07-15,xslF345X03/form4.xml,recent
2014-07-17,8-K,0001288776-14-000058,2014-07-17,googq220148-k.htm,recent
2014-07-18,3,0001127602-14-023574,2014-07-09,xslF345X02/form3.xml,recent
2014-07-21,4,0001127602-14-023630,2014-07-18,xslF345X03/form4.xml,recent
2014-07-21,4,0001127602-14-023604,2014-07-17,xslF345X03/form4.xml,recent
2014-07-25,10-Q,0001288776-14-000065,2014-06-30,goog10-qq22014.htm,recent
2014-07-29,4,0001127602-14-024082,2014-07-25,xslF345X03/form4.xml,recent
2014-07-29,4,0001127602-14-024079,2014-07-25,xslF345X03/form4.xml,recent
2014-07-29,4,0001127602-14-024064,2014-07-25,xslF345X03/form4.xml,recent
2014-07-29,4,0001127602-14-024062,2014-07-25,xslF345X03/form4.xml,recent
2014-07-29,4,0001127602-14-024052,2014-07-25,xslF345X03/form4.xml,recent
2014-07-29,4,0001127602-14-024038,2014-07-25,xslF345X03/form4.xml,recent
2014-08-04,4,0001127602-14-024574,2014-08-04,xslF345X03/form4.xml,recent
2014-08-06,4,0001127602-14-024886,2014-08-04,xslF345X03/form4.xml,recent
2014-08-07,4,0001127602-14-024919,2014-08-06,xslF345X03/form4.xml,recent
2014-08-07,4,0001127602-14-024914,2014-08-05,xslF345X03/form4.xml,recent
2014-08-08,4,0001127602-14-025061,2014-08-06,xslF345X03/form4.xml,recent
2014-08-08,4,0001127602-14-025059,2014-08-06,xslF345X03/form4.xml,recent
2014-08-08,4,0001127602-14-025057,2014-08-06,xslF345X03/form4.xml,recent
2014-08-08,4,0001127602-14-025051,2014-08-06,xslF345X03/form4.xml,recent
2014-08-11,4,0001127602-14-025168,2014-08-11,xslF345X03/form4.xml,recent
2014-08-12,4,0001127602-14-025343,2014-08-12,xslF345X03/form4.xml,recent
2014-08-12,4,0001127602-14-025337,2014-08-12,xslF345X03/form4.xml,recent
2014-08-13,4,0001127602-14-025558,2014-08-13,xslF345X03/form4.xml,recent
2014-08-13,4,0001127602-14-025535,2014-08-13,xslF345X03/form4.xml,recent
2014-08-14,4,0001127602-14-025653,2014-08-14,xslF345X03/form4.xml,recent
2014-08-15,4,0001127602-14-025730,2014-08-15,xslF345X03/form4.xml,recent
2014-08-15,4,0001127602-14-025721,2014-08-15,xslF345X03/form4.xml,recent
2014-08-22,4,0001127602-14-026351,2014-08-21,xslF345X03/form4.xml,recent
2014-08-27,4,0001127602-14-026674,2014-08-25,xslF345X03/form4.xml,recent
2014-08-27,4,0001127602-14-026664,2014-08-25,xslF345X03/form4.xml,recent
2014-08-27,4,0001127602-14-026662,2014-08-25,xslF345X03/form4.xml,recent
2014-08-27,4,0001127602-14-026660,2014-08-25,xslF345X03/form4.xml,recent
2014-08-27,4,0001127602-14-026658,2014-08-25,xslF345X03/form4.xml,recent
2014-08-27,4,0001127602-14-026654,2014-08-25,xslF345X03/form4.xml,recent
2014-09-03,4,0001127602-14-027036,2014-09-02,xslF345X03/form4.xml,recent
2014-09-04,4,0001127602-14-027235,2014-09-02,xslF345X03/form4.xml,recent
2014-09-04,4,0001127602-14-027232,2014-09-02,xslF345X03/form4.xml,recent
2014-09-04,4,0001127602-14-027222,2014-09-02,xslF345X03/form4.xml,recent
2014-09-08,4,0001127602-14-027363,2014-09-08,xslF345X03/form4.xml,recent
2014-09-08,4,0001127602-14-027357,2014-09-08,xslF345X03/form4.xml,recent
2014-09-08,4,0001127602-14-027326,2014-09-08,xslF345X03/form4.xml,recent
2014-09-09,4,0001127602-14-027468,2014-09-08,xslF345X03/form4.xml,recent
2014-09-09,4,0001127602-14-027461,2014-09-08,xslF345X03/form4.xml,recent
2014-09-10,4,0001127602-14-027558,2014-09-10,xslF345X03/form4.xml,recent
2014-09-10,4,0001127602-14-027554,2014-09-09,xslF345X03/form4.xml,recent
2014-09-12,4,0001127602-14-027731,2014-09-11,xslF345X03/form4.xml,recent
2014-09-12,4,0001127602-14-027716,2014-09-12,xslF345X03/form4.xml,recent
2014-09-12,4,0001127602-14-027711,2014-09-12,xslF345X03/form4.xml,recent
2014-09-15,4,0001127602-14-027816,2014-09-15,xslF345X03/form4.xml,recent
2014-10-03,4,0001127602-14-029446,2014-10-02,xslF345X03/form4.xml,recent
2014-10-03,4/A,0001127602-14-029448,2014-10-02,xslF345X03/form4a.xml,recent
2014-10-06,4/A,0001127602-14-029513,2014-10-02,xslF345X03/form4a.xml,recent
2014-10-07,4,0001127602-14-029646,2014-10-06,xslF345X03/form4.xml,recent
2014-10-08,4,0001127602-14-029694,2014-10-07,xslF345X03/form4.xml,recent
2014-10-08,4,0001127602-14-029675,2014-10-06,xslF345X03/form4.xml,recent
2014-10-08,4,0001127602-14-029670,2014-10-06,xslF345X03/form4.xml,recent
2014-10-14,4,0001127602-14-029873,2014-10-13,xslF345X03/form4.xml,recent
2014-10-14,4,0001127602-14-029855,2014-10-13,xslF345X03/form4.xml,recent
2014-10-14,4,0001127602-14-029833,2014-10-13,xslF345X03/form4.xml,recent
2014-10-16,4,0001127602-14-029953,2014-10-15,xslF345X03/form4.xml,recent
2014-10-16,4,0001127602-14-029946,2014-10-14,xslF345X03/form4.xml,recent
2014-10-16,8-K,0001288776-14-000071,2014-10-16,googq320148-k.htm,recent
2014-10-17,4,0001127602-14-030060,2014-10-15,xslF345X03/form4.xml,recent
2014-10-20,4,0001127602-14-030110,2014-10-16,xslF345X03/form4.xml,recent
2014-10-21,4,0001127602-14-030172,2014-10-17,xslF345X03/form4.xml,recent
2014-10-21,4,0001127602-14-030170,2014-10-17,xslF345X03/form4.xml,recent
2014-10-23,10-Q,0001288776-14-000075,2014-09-30,goog10-qq32014.htm,recent
2014-10-27,4,0001127602-14-030359,2014-10-27,xslF345X03/form4.xml,recent
2014-10-30,4,0001127602-14-030517,2014-10-29,xslF345X03/form4.xml,recent
2014-11-05,4,0001127602-14-031311,2014-11-03,xslF345X03/form4.xml,recent
2014-11-05,4,0001127602-14-031244,2014-11-03,xslF345X03/form4.xml,recent
2014-11-06,4,0001127602-14-031514,2014-11-04,xslF345X03/form4.xml,recent
2014-11-06,4,0001127602-14-031504,2014-11-06,xslF345X03/form4.xml,recent
2014-11-06,4/A,0001127602-14-031526,2014-02-18,xslF345X03/form4a.xml,recent
2014-11-06,4/A,0001127602-14-031524,2014-02-18,xslF345X03/form4a.xml,recent
2014-11-07,4,0001127602-14-031614,2014-11-06,xslF345X03/form4.xml,recent
2014-11-07,4,0001127602-14-031612,2014-11-06,xslF345X03/form4.xml,recent
2014-11-07,4,0001127602-14-031597,2014-11-07,xslF345X03/form4.xml,recent
2014-11-12,4,0001127602-14-032074,2014-11-12,xslF345X03/form4.xml,recent
2014-11-12,4,0001127602-14-031950,2014-11-10,xslF345X03/form4.xml,recent
2014-11-12,4,0001127602-14-031880,2014-11-12,xslF345X03/form4.xml,recent
2014-11-12,4,0001127602-14-031872,2014-11-12,xslF345X03/form4.xml,recent
2014-11-13,4,0001127602-14-032124,2014-11-12,xslF345X03/form4.xml,recent
2014-11-14,4,0001127602-14-032246,2014-11-13,xslF345X03/form4.xml,recent
2014-11-17,4,0001127602-14-032474,2014-11-14,xslF345X03/form4.xml,recent
2014-11-17,8-K,0001288776-14-000077,2014-11-14,a2014117pharmashderivative.htm,recent
2014-11-19,4,0001127602-14-032766,2014-11-17,xslF345X03/form4.xml,recent
2014-11-21,3,0001127602-14-033187,2014-10-22,xslF345X02/form3.xml,recent
2014-11-21,4,0001127602-14-033192,2014-11-05,xslF345X03/form4.xml,recent
2014-12-02,4,0001127602-14-033976,2014-12-01,xslF345X03/form4.xml,recent
2014-12-02,4,0001127602-14-033973,2014-12-01,xslF345X03/form4.xml,recent
2014-12-03,4,0001127602-14-034148,2014-12-02,xslF345X03/form4.xml,recent
2014-12-03,4,0001127602-14-034070,2014-12-02,xslF345X03/form4.xml,recent
2014-12-03,4,0001127602-14-034068,2014-12-02,xslF345X03/form4.xml,recent
2014-12-08,4,0001127602-14-034505,2014-12-08,xslF345X03/form4.xml,recent
2014-12-08,4,0001127602-14-034451,2014-12-08,xslF345X03/form4.xml,recent
2014-12-09,4,0001127602-14-034648,2014-12-08,xslF345X03/form4.xml,recent
2014-12-09,4,0001127602-14-034646,2014-12-08,xslF345X03/form4.xml,recent
2014-12-09,4,0001127602-14-034644,2014-12-09,xslF345X03/form4.xml,recent
2014-12-09,4,0001127602-14-034552,2014-12-08,xslF345X03/form4.xml,recent
2014-12-11,4,0001127602-14-034913,2014-12-10,xslF345X03/form4.xml,recent
2014-12-12,4,0001127602-14-035055,2014-12-11,xslF345X03/form4.xml,recent
2014-12-12,4,0001127602-14-034971,2014-12-12,xslF345X03/form4.xml,recent
2014-12-12,4,0001127602-14-034924,2014-12-12,xslF345X03/form4.xml,recent
2014-12-15,4,0001127602-14-035158,2014-12-15,xslF345X03/form4.xml,recent
2014-12-15,4,0001127602-14-035116,2014-12-12,xslF345X03/form4.xml,recent
2014-12-29,4,0001127602-14-036050,2014-12-26,xslF345X03/form4.xml,recent
2014-12-29,4,0001127602-14-036045,2014-12-26,xslF345X03/form4.xml,recent
2014-12-29,4,0001127602-14-036043,2014-12-26,xslF345X03/form4.xml,recent
2014-12-30,4,0001127602-14-036132,2014-12-29,xslF345X03/form4.xml,recent
2015-01-05,4,0001127602-15-000490,2015-01-02,xslF345X03/form4.xml,recent
2015-01-06,4,0001127602-15-001142,2015-01-02,xslF345X03/form4.xml,recent
2015-01-06,4,0001127602-15-001134,2015-01-06,xslF345X03/form4.xml,recent
2015-01-07,4,0001127602-15-001323,2015-01-06,xslF345X03/form4.xml,recent
2015-01-07,4,0001127602-15-001321,2015-01-06,xslF345X03/form4.xml,recent
2015-01-08,4,0001127602-15-001464,2015-01-06,xslF345X03/form4.xml,recent
2015-01-08,4,0001127602-15-001453,2015-01-06,xslF345X03/form4.xml,recent
2015-01-12,4,0001127602-15-001601,2015-01-12,xslF345X03/form4.xml,recent
2015-01-13,4,0001127602-15-001677,2015-01-13,xslF345X03/form4.xml,recent
2015-01-14,4,0001127602-15-001779,2015-01-12,xslF345X03/form4.xml,recent
2015-01-15,4,0001127602-15-001862,2015-01-13,xslF345X03/form4.xml,recent
2015-01-16,4,0001127602-15-001997,2015-01-15,xslF345X03/form4.xml,recent
2015-01-16,4,0001127602-15-001985,2015-01-14,xslF345X03/form4.xml,recent
2015-01-20,4,0001127602-15-002164,2015-01-15,xslF345X03/form4.xml,recent
2015-01-21,4,0001127602-15-002389,2015-01-16,xslF345X03/form4.xml,recent
2015-01-29,8-K,0001288776-15-000004,2015-01-29,googq420148-k.htm,recent
2015-02-02,SC 13G/A,0001086364-15-001526,,google.inc.class.a.txt,recent
2015-02-04,4,0001127602-15-004351,2015-02-02,xslF345X03/form4.xml,recent
2015-02-09,10-K,0001288776-15-000008,2014-12-31,goog2014123110-k.htm,recent
2015-02-09,4,0001127602-15-005102,2015-02-06,xslF345X03/form4.xml,recent
2015-02-09,4,0001127602-15-005098,2015-02-06,xslF345X03/form4.xml,recent
2015-02-10,SC 13G,0000932471-15-004379,,googleinc.htm,recent
2015-02-11,4,0001127602-15-005574,2015-02-10,xslF345X03/form4.xml,recent
2015-02-12,5,0001127602-15-005889,2014-12-31,xslF345X03/form5.xml,recent
2015-02-12,5,0001127602-15-005872,2014-12-31,xslF345X03/form5.xml,recent
2015-02-13,4,0001127602-15-006080,2015-02-13,xslF345X03/form4.xml,recent
2015-02-13,5,0001127602-15-006058,2014-12-31,xslF345X03/form5.xml,recent
2015-02-13,5,0001127602-15-005955,2014-12-31,xslF345X03/form5.xml,recent
2015-02-13,5,0001127602-15-005952,2014-12-31,xslF345X03/form5.xml,recent
2015-02-13,5,0001127602-15-005944,2014-12-31,xslF345X03/form5.xml,recent
2015-02-13,5,0001127602-15-005913,2014-12-31,xslF345X03/form5.xml,recent
2015-02-13,8-K,0001288776-15-000014,2015-02-13,form8-kforfounders10b5x1pl.htm,recent
2015-02-13,SC 13G,0000315066-15-002001,,filing.txt,recent
2015-02-13,SC 13G/A,0000315066-15-002018,,filing.txt,recent
2015-02-13,SC 13G/A,0001288776-15-000012,,a20150201schedule13gaarris.htm,recent
2015-02-17,SC 13G/A,0000950123-15-003140,,d873538dsc13ga.htm,recent
2015-02-17,SC 13G/A,0001295231-15-000002,,schedule13ga-lawrencepage2.htm,recent
2015-02-18,4,0001127602-15-006648,2015-02-17,xslF345X03/form4.xml,recent
2015-02-18,SC 13G/A,0001295032-15-000002,,schedule13ga-sergeybrin2014.htm,recent
2015-02-19,4,0001127602-15-007038,2015-02-17,xslF345X03/form4.xml,recent
2015-02-20,4,0001127602-15-007527,2015-02-18,xslF345X03/form4.xml,recent
2015-02-23,4,0001127602-15-007794,2015-02-23,xslF345X03/form4.xml,recent
2015-02-23,4,0001127602-15-007773,2015-02-20,xslF345X03/form4.xml,recent
2015-02-23,4,0001127602-15-007610,2015-02-19,xslF345X03/form4.xml,recent
2015-02-24,4,0001127602-15-008064,2015-02-24,xslF345X03/form4.xml,recent
2015-02-24,4,0001127602-15-008057,2015-02-24,xslF345X03/form4.xml,recent
2015-02-24,4,0001127602-15-007860,2015-02-24,xslF345X03/form4.xml,recent
2015-02-25,4,0001127602-15-008432,2015-02-25,xslF345X03/form4.xml,recent
2015-03-02,4,0001127602-15-009199,2015-03-02,xslF345X03/form4.xml,recent
2015-03-02,4,0001127602-15-009092,2015-02-27,xslF345X03/form4.xml,recent
2015-03-02,4,0001127602-15-009007,2015-02-26,xslF345X03/form4.xml,recent
2015-03-06,NO ACT,9999999997-15-005641,2015-01-13,9999999997-15-005641.paper,recent
2015-03-09,4,0001127602-15-010571,2015-03-06,xslF345X03/form4.xml,recent
2015-03-10,4,0001127602-15-010757,2015-03-06,xslF345X03/form4.xml,recent
2015-03-10,4,0001127602-15-010752,2015-03-06,xslF345X03/form4.xml,recent
2015-03-10,8-K,0001193125-15-085361,2015-03-04,d888343d8k.htm,recent
2015-03-12,3/A,0001127602-15-011141,2014-10-22,xslF345X02/form3a.xml,recent
2015-03-16,4,0001127602-15-011490,2015-03-16,xslF345X03/form4.xml,recent
2015-03-16,4,0001127602-15-011337,2015-03-13,xslF345X03/form4.xml,recent
2015-03-17,4,0001127602-15-011513,2015-03-16,xslF345X03/form4.xml,recent
2015-03-19,4,0001127602-15-012111,2015-03-17,xslF345X03/form4.xml,recent
2015-03-20,4,0001127602-15-012257,2015-03-18,xslF345X03/form4.xml,recent
2015-03-23,4,0001127602-15-012365,2015-03-23,xslF345X03/form4.xml,recent
2015-03-23,4,0001127602-15-012284,2015-03-19,xslF345X03/form4.xml,recent
2015-03-23,8-K,0001288776-15-000016,2015-03-23,a20150323form8-k.htm,recent
2015-03-24,8-K,0001193125-15-102633,2015-03-24,d896055d8k.htm,recent
2015-03-25,4,0001127602-15-012587,2015-03-25,xslF345X03/form4.xml,recent
2015-03-25,4,0001127602-15-012577,2015-03-24,xslF345X03/form4.xml,recent
2015-03-26,8-K,0001288776-15-000018,2015-03-26,a20150326form8-k.htm,recent
2015-03-27,4,0001127602-15-012737,2015-03-27,xslF345X03/form4.xml,recent
2015-03-27,4,0001127602-15-012735,2015-03-26,xslF345X03/form4.xml,recent
2015-03-27,4,0001127602-15-012711,2015-03-25,xslF345X03/form4.xml,recent
2015-04-06,4,0001127602-15-014047,2015-04-06,xslF345X03/form4.xml,recent
2015-04-06,4,0001127602-15-014035,2015-04-06,xslF345X03/form4.xml,recent
2015-04-07,4,0001127602-15-014090,2015-04-07,xslF345X03/form4.xml,recent
2015-04-09,4,0001127602-15-014260,2015-04-09,xslF345X03/form4.xml,recent
2015-04-13,4,0001127602-15-014341,2015-04-13,xslF345X03/form4.xml,recent
2015-04-16,3,0001144204-15-023373,2015-04-07,xslF345X02/v407453_form3.xml,recent
2015-04-16,4,0001127602-15-014601,2015-04-15,xslF345X03/form4.xml,recent
2015-04-22,4,0001127602-15-015010,2015-04-22,xslF345X03/form4.xml,recent
2015-04-22,4,0001127602-15-014966,2015-04-21,xslF345X03/form4.xml,recent
2015-04-22,4,0001127602-15-014949,2015-04-20,xslF345X03/form4.xml,recent
2015-04-23,8-K,0001288776-15-000021,2015-04-23,googq120158-k.htm,recent
2015-04-23,DEF 14A,0001308179-15-000157,2015-04-23,lgoo2015_def14a.htm,recent
2015-04-23,DEFA14A,0001308179-15-000158,,lgoo2015_defa14a.htm,recent
2015-04-24,4,0001127602-15-015141,2015-04-23,xslF345X03/form4.xml,recent
2015-04-27,4,0001127602-15-015294,2015-04-27,xslF345X03/form4.xml,recent
2015-04-27,4,0001127602-15-015291,2015-04-24,xslF345X03/form4.xml,recent
2015-04-29,10-Q,0001288776-15-000023,2015-03-31,goog10-qq12015.htm,recent
2015-04-29,4,0001127602-15-015564,2015-04-28,xslF345X03/form4.xml,recent
2015-04-29,4,0001127602-15-015532,2015-04-27,xslF345X03/form4.xml,recent
2015-04-29,4,0001127602-15-015527,2015-04-27,xslF345X03/form4.xml,recent
2015-04-29,4,0001127602-15-015516,2015-04-27,xslF345X03/form4.xml,recent
2015-05-01,4,0001127602-15-015889,2015-05-01,xslF345X03/form4.xml,recent
2015-05-01,4,0001127602-15-015887,2015-05-01,xslF345X03/form4.xml,recent
2015-05-01,4,0001127602-15-015885,2015-04-30,xslF345X03/form4.xml,recent
2015-05-01,4,0001127602-15-015872,2015-05-01,xslF345X03/form4.xml,recent
2015-05-04,4,0001127602-15-015930,2015-05-04,xslF345X03/form4.xml,recent
2015-05-05,4,0001127602-15-016366,2015-05-05,xslF345X03/form4.xml,recent
2015-05-07,4,0001127602-15-016604,2015-05-06,xslF345X03/form4.xml,recent
2015-05-08,4,0001127602-15-016759,2015-05-06,xslF345X03/form4.xml,recent
2015-05-13,4,0001127602-15-017089,2015-05-12,xslF345X03/form4.xml,recent
2015-05-13,4,0001127602-15-017080,2015-05-12,xslF345X03/form4.xml,recent
2015-05-13,PX14A6G,0001214659-15-003887,,c512150px14a6g.htm,recent
2015-05-18,4,0000903423-15-000336,2015-05-14,xslF345X03/gv.xml,recent
2015-05-18,4,0001127602-15-017759,2015-05-15,xslF345X03/form4.xml,recent
2015-05-20,4,0001127602-15-018006,2015-05-18,xslF345X03/form4.xml,recent
2015-05-21,4,0001127602-15-018181,2015-05-19,xslF345X03/form4.xml,recent
2015-05-22,4,0001127602-15-018427,2015-05-22,xslF345X03/form4.xml,recent
2015-05-22,4,0001127602-15-018421,2015-05-21,xslF345X03/form4.xml,recent
2015-05-22,4,0001127602-15-018419,2015-05-20,xslF345X03/form4.xml,recent
2015-05-26,4,0001127602-15-018638,2015-05-26,xslF345X03/form4.xml,recent
2015-05-27,4,0001127602-15-018757,2015-05-27,xslF345X03/form4.xml,recent
2015-05-27,4,0001127602-15-018740,2015-05-26,xslF345X03/form4.xml,recent
2015-05-28,3,0001127602-15-018842,2015-05-26,xslF345X02/form3.xml,recent
2015-05-28,4,0001127602-15-018865,2015-05-28,xslF345X03/form4.xml,recent
2015-05-29,4,0001127602-15-019040,2015-05-29,xslF345X03/form4.xml,recent
2015-05-29,SD,0001288776-15-000027,,a20150529formsd.htm,recent
2015-06-01,4,0001127602-15-019191,2015-06-01,xslF345X03/form4.xml,recent
2015-06-03,DEFA14A,0001193125-15-211328,,d935572ddefa14a.htm,recent
2015-06-04,4,0001127602-15-019896,2015-06-03,xslF345X03/form4.xml,recent
2015-06-04,8-K,0001193125-15-213496,2015-06-03,d938201d8k.htm,recent
2015-06-08,4,0001127602-15-020028,2015-06-08,xslF345X03/form4.xml,recent
2015-06-08,4,0001127602-15-020019,2015-06-05,xslF345X03/form4.xml,recent
2015-06-09,4,0001127602-15-020134,2015-06-08,xslF345X03/form4.xml,recent
2015-06-12,4,0001127602-15-020615,2015-06-12,xslF345X03/form4.xml,recent
2015-06-12,4,0001127602-15-020613,2015-06-08,xslF345X03/form4.xml,recent
2015-06-15,4,0000903423-15-000388,2015-06-11,xslF345X03/gv.xml,recent
2015-06-15,4,0001127602-15-020673,2015-06-15,xslF345X03/form4.xml,recent
2015-06-17,4,0001209191-15-054469,2015-06-15,xslF345X03/doc4.xml,recent
2015-06-18,4,0001127602-15-021062,2015-06-17,xslF345X03/form4.xml,recent
2015-06-18,4,0001127602-15-021054,2015-06-16,xslF345X03/form4.xml,recent
2015-06-22,4,0001127602-15-021163,2015-06-22,xslF345X03/form4.xml,recent
2015-06-22,4,0001127602-15-021161,2015-06-19,xslF345X03/form4.xml,recent
2015-06-22,4,0001127602-15-021153,2015-06-18,xslF345X03/form4.xml,recent
2015-06-24,4,0001127602-15-021329,2015-06-23,xslF345X03/form4.xml,recent
2015-06-25,4,0001127602-15-021422,2015-06-25,xslF345X03/form4.xml,recent
2015-06-26,4,0001127602-15-021445,2015-06-25,xslF345X03/form4.xml,recent
2015-06-29,4,0001127602-15-021561,2015-06-26,xslF345X03/form4.xml,recent
2015-07-01,4,0001127602-15-021927,2015-07-01,xslF345X03/form4.xml,recent
2015-07-01,4,0001127602-15-021925,2015-07-01,xslF345X03/form4.xml,recent
2015-07-07,4,0001127602-15-022536,2015-07-06,xslF345X03/form4.xml,recent
2015-07-07,4,0001127602-15-022477,2015-07-06,xslF345X03/form4.xml,recent
2015-07-13,4,0001127602-15-022719,2015-07-13,xslF345X03/form4.xml,recent
2015-07-14,4,0001127602-15-022766,2015-07-14,xslF345X03/form4.xml,recent
2015-07-16,4,0001127602-15-022982,2015-07-16,xslF345X03/form4.xml,recent
2015-07-16,4,0001127602-15-022910,2015-07-15,xslF345X03/form4.xml,recent
2015-07-16,8-K,0001288776-15-000032,2015-07-16,goog8-kq22015.htm,recent
2015-07-21,4,0001127602-15-023207,2015-07-20,xslF345X03/form4.xml,recent
2015-07-23,10-Q,0001288776-15-000035,2015-06-30,goog10-qq22015.htm,recent
2015-07-23,4,0001127602-15-023332,2015-07-01,xslF345X03/form4.xml,recent
2015-07-23,4,0001127602-15-023330,2015-07-01,xslF345X03/form4.xml,recent
2015-07-23,4,0001127602-15-023328,2015-07-01,xslF345X03/form4.xml,recent
2015-07-23,4,0001127602-15-023324,2015-07-01,xslF345X03/form4.xml,recent
2015-07-23,4,0001127602-15-023321,2015-07-01,xslF345X03/form4.xml,recent
2015-07-23,4,0001127602-15-023318,2015-07-01,xslF345X03/form4.xml,recent
2015-07-23,4,0001127602-15-023316,2015-07-01,xslF345X03/form4.xml,recent
2015-07-23,4,0001127602-15-023312,2015-07-01,xslF345X03/form4.xml,recent
2015-07-23,4,0001127602-15-023310,2015-07-21,xslF345X03/form4.xml,recent
2015-07-23,4,0001127602-15-023308,2015-07-21,xslF345X03/form4.xml,recent
2015-07-24,4,0001127602-15-023397,2015-07-23,xslF345X03/form4.xml,recent
2015-07-24,4,0001127602-15-023395,2015-07-23,xslF345X03/form4.xml,recent
2015-07-24,4,0001127602-15-023388,2015-07-22,xslF345X03/form4.xml,recent
2015-07-24,4,0001127602-15-023386,2015-07-22,xslF345X03/form4.xml,recent
2015-07-27,4,0001127602-15-023502,2015-07-24,xslF345X03/form4.xml,recent
2015-07-27,4,0001127602-15-023498,2015-07-24,xslF345X03/form4.xml,recent
2015-07-28,4,0001127602-15-023522,2015-07-27,xslF345X03/form4.xml,recent
2015-07-29,4,0001127602-15-023720,2015-07-28,xslF345X03/form4.xml,recent
2015-07-30,4,0001127602-15-023780,2015-07-29,xslF345X03/form4.xml,recent
2015-07-31,4,0001127602-15-023821,2015-07-31,xslF345X03/form4.xml,recent
2015-07-31,4,0001127602-15-023808,2015-07-30,xslF345X03/form4.xml,recent
2015-08-04,4,0001127602-15-024140,2015-08-04,xslF345X03/form4.xml,recent
2015-08-06,4,0001127602-15-024331,2015-08-05,xslF345X03/form4.xml,recent
2015-08-07,4,0001127602-15-024512,2015-08-06,xslF345X03/form4.xml,recent
2015-08-10,8-K,0001288776-15-000039,2015-08-10,a20150810form8-k.htm,recent
2015-08-12,4,0001127602-15-024817,2015-08-12,xslF345X03/form4.xml,recent
2015-08-17,4,0001127602-15-025055,2015-08-17,xslF345X03/form4.xml,recent
2015-08-17,4,0001127602-15-025035,2015-08-17,xslF345X03/form4.xml,recent
2015-08-19,4,0001127602-15-025446,2015-08-19,xslF345X03/form4.xml,recent
2015-08-19,4,0001127602-15-025318,2015-08-18,xslF345X03/form4.xml,recent
2015-08-20,3,0001127602-15-025582,2015-08-10,xslF345X02/form3.xml,recent
2015-08-20,4,0001127602-15-025578,2015-08-20,xslF345X03/form4.xml,recent
2015-08-20,4,0001127602-15-025576,2015-08-20,xslF345X03/form4.xml,recent
2015-08-24,4,0001127602-15-025746,2015-08-21,xslF345X03/form4.xml,recent
2015-08-24,4,0001127602-15-025744,2015-08-21,xslF345X03/form4.xml,recent
2015-08-26,4,0001127602-15-025926,2015-08-25,xslF345X03/form4.xml,recent
2015-08-26,4,0001127602-15-025924,2015-08-25,xslF345X03/form4.xml,recent
2015-08-26,4,0001127602-15-025883,2015-08-24,xslF345X03/form4.xml,recent
2015-08-26,4,0001127602-15-025875,2015-08-24,xslF345X03/form4.xml,recent
2015-08-26,4,0001127602-15-025867,2015-08-24,xslF345X03/form4.xml,recent
2015-08-26,4,0001127602-15-025862,2015-08-25,xslF345X03/form4.xml,recent
2015-08-27,4,0001127602-15-025974,2015-08-25,xslF345X03/form4.xml,recent
2015-08-27,4,0001127602-15-025972,2015-08-25,xslF345X03/form4.xml,recent
2015-08-28,4,0001127602-15-026144,2015-08-27,xslF345X03/form4.xml,recent
2015-08-28,4,0001127602-15-026142,2015-08-27,xslF345X03/form4.xml,recent
2015-08-28,4,0001127602-15-026089,2015-08-26,xslF345X03/form4.xml,recent
2015-08-28,4,0001127602-15-026086,2015-08-26,xslF345X03/form4.xml,recent
2015-08-31,4,0001127602-15-026248,2015-08-28,xslF345X03/form4.xml,recent
2015-09-09,4,0001127602-15-026762,2015-09-08,xslF345X03/form4.xml,recent
2015-09-09,4,0001127602-15-026758,2015-09-08,xslF345X03/form4.xml,recent
2015-09-11,8-K,0001288776-15-000041,2015-09-09,a20150909form8-k.htm,recent
2015-09-15,4,0001127602-15-027043,2015-09-15,xslF345X03/form4.xml,recent
2015-09-15,4,0001127602-15-026990,2015-09-14,xslF345X03/form4.xml,recent
2015-09-22,4,0001127602-15-027510,2015-09-21,xslF345X03/form4.xml,recent
2015-09-24,4,0001127602-15-027607,2015-09-22,xslF345X03/form4.xml,recent
2015-09-25,4,0001127602-15-027673,2015-09-23,xslF345X03/form4.xml,recent
2015-09-28,4,0001127602-15-027693,2015-09-25,xslF345X03/form4.xml,recent
2015-09-28,4,0001127602-15-027685,2015-09-24,xslF345X03/form4.xml,recent
2015-09-29,4,0001127602-15-027793,2015-09-25,xslF345X03/form4.xml,recent
2015-09-29,4,0001127602-15-027789,2015-09-25,xslF345X03/form4.xml,recent
2015-09-29,4,0001127602-15-027786,2015-09-25,xslF345X03/form4.xml,recent
2015-09-30,4,0001127602-15-027903,2015-09-28,xslF345X03/form4.xml,recent
2015-09-30,4,0001127602-15-027901,2015-09-28,xslF345X03/form4.xml,recent
2015-10-01,4,0001127602-15-028057,2015-09-29,xslF345X03/form4.xml,recent
2015-10-01,4,0001127602-15-027949,2015-09-30,xslF345X03/form4.xml,recent
2015-10-02,15-12G,0001193125-15-336646,,d12352d1512g.htm,recent
2015-10-02,15-15D,0001193125-15-336650,,d54220d1515d.htm,recent
2015-10-02,25-NSE,0001354457-15-000182,,xslF25X02/primary_doc.xml,recent
2015-10-02,4,0001127602-15-028334,2015-09-30,xslF345X03/form4.xml,recent
2015-10-02,8-K,0001193125-15-336550,2015-10-02,d56649d8k.htm,recent
2015-10-02,POSASR,0001193125-15-336623,,d32316dposasr.htm,recent
2015-10-02,S-8 POS,0001193125-15-336612,,d64363ds8pos.htm,recent
2015-10-02,S-8 POS,0001193125-15-336603,,d64363ds8pos.htm,recent
2015-10-02,S-8 POS,0001193125-15-336599,,d64363ds8pos.htm,recent
2015-10-02,S-8 POS,0001193125-15-336598,,d64363ds8pos.htm,recent
2015-10-02,S-8 POS,0001193125-15-336597,,d64363ds8pos.htm,recent
2015-10-02,S-8 POS,0001193125-15-336596,,d64363ds8pos.htm,recent
2015-10-02,S-8 POS,0001193125-15-336595,,d64363ds8pos.htm,recent
2015-10-02,S-8 POS,0001193125-15-336593,,d64363ds8pos.htm,recent
2015-10-02,S-8 POS,0001193125-15-336590,,d64363ds8pos.htm,recent
2015-10-02,S-8 POS,0001193125-15-336587,,d64363ds8pos.htm,recent
2015-10-02,S-8 POS,0001193125-15-336586,,d64363ds8pos.htm,recent
2015-10-05,4,0001127602-15-028699,2015-10-02,xslF345X03/form4.xml,recent
2015-10-05,4,0001127602-15-028697,2015-10-02,xslF345X03/form4.xml,recent
2015-10-05,4,0001127602-15-028681,2015-10-01,xslF345X03/form4.xml,recent
2015-10-13,15-12B,0001193125-15-342740,,d187430d1512b.htm,recent
2015-10-13,15-12G,0001193125-15-342725,,d162917d1512g.htm,recent
2015-10-22,8-K,0001288776-15-000044,2015-10-22,goog8-kq32015.htm,recent
2015-10-29,10-Q,0001288776-15-000046,2015-09-30,goog10-qq32015.htm,recent
2015-11-10,SC 13G/A,0000315066-15-003299,,filing.txt,recent
2015-11-10,SC 13G/A,0000315066-15-003300,,filing.txt,recent
2015-11-19,8-K,0001288776-15-000048,2015-11-19,goog8k-111915.htm,recent
2016-01-04,15-15D,0001193125-16-419941,,d106940d1515d.htm,recent
2016-02-11,10-K,0001652044-16-000012,2015-12-31,goog10-k2015.htm,recent
2016-02-12,15-15D,0001193125-16-460404,,d136638d1515d.htm,recent
2016-02-12,15-15D,0001193125-16-460399,,d130572d1515d.htm,recent
2016-03-29,10-K/A,0001193125-16-520367,2015-12-31,d133613d10ka.htm,recent
2016-07-11,3,0000899243-16-024812,2016-06-29,xslF345X02/doc3.xml,recent
2016-12-30,4,0000899243-16-036432,2016-12-29,xslF345X03/doc4.xml,recent
2017-06-30,4,0000899243-17-017584,2017-06-29,xslF345X03/doc4.xml,recent
2017-11-03,4,0000899243-17-025349,2017-11-01,xslF345X03/doc4.xml,recent
2026-07-14,3,0002111736-26-000001,2026-07-10,xslF345X06/primary_doc.xml,recent
