company,source_family,query,item_id,title,date_or_issue,url,snippet_or_hitcount,http_status,classification,retrieved_at
apple,chronicling_america,CA 'Apple Computer' Cupertino 1976-1985,,,,,SKIPPED: hard stop: 5 consecutive failures (host halted),,UNANSWERED,2026-09-25T13:13:34Z
apple,chronicling_america,CA 'Apple II' microcomputer 1977-1985,,,,,SKIPPED: hard stop: 5 consecutive failures (host halted),,UNANSWERED,2026-09-25T13:13:34Z
apple,corporate_print,CP apple annual/shareholder reports 1976-1995,ERIC_ED255362,ERIC ED255362: The CADET Project Modification of the University of Oklahoma Mainframe to Apple Landsat Program for Canad,1984-10-16,https://archive.org/details/ERIC_ED255362,"texts, ['ericarchive', 'usgovernmentmirrors', 'government-documents'], ERIC | GATE-REJECTED from Tier-1: in-window text item, but its own title/creator do not carry a configured corporate name + report-type term (WR-17 false-positive rule). Chase as a lead only.",200,LEAD_ONLY,2026-09-25T13:01:53Z
apple,corporate_print,CP apple annual/shareholder reports 1976-1995,bitsavers_applelisalaTalkReportV01N01198509_31626205,apple :: lisa :: lisaTalkReport :: The LisaTalk Report V01 N01 198509,1985-09-01,https://archive.org/details/bitsavers_applelisalaTalkReportV01N01198509_31626205,"texts, ['bitsavers_unsorted', 'bitsavers'], None | GATE-REJECTED from Tier-1: in-window text item, but its own title/creator do not carry a configured corporate name + report-type term (WR-17 false-positive rule). Chase as a lead only.",200,LEAD_ONLY,2026-09-25T13:01:53Z
apple,corporate_print,CP apple annual/shareholder reports 1976-1995,bitsavers_applelisalaTalkReportWinter1985_10914625,apple :: lisa :: lisaTalkReport :: The LisaTalk Report Winter 1985,1985-01-01,https://archive.org/details/bitsavers_applelisalaTalkReportWinter1985_10914625,"texts, ['bitsavers_apple', 'bitsavers'], None | GATE-REJECTED from Tier-1: in-window text item, but its own title/creator do not carry a configured corporate name + report-type term (WR-17 false-positive rule). Chase as a lead only.",200,LEAD_ONLY,2026-09-25T13:01:53Z
apple,corporate_print,CP apple annual/shareholder reports 1976-1995,bitsavers_applelisalaTalkReportSample198510_12455286,apple :: lisa :: lisaTalkReport :: The LisaTalk Report Sample 198510,1985-10-01,https://archive.org/details/bitsavers_applelisalaTalkReportSample198510_12455286,"texts, ['bitsavers_unsorted', 'bitsavers'], None | GATE-REJECTED from Tier-1: in-window text item, but its own title/creator do not carry a configured corporate name + report-type term (WR-17 false-positive rule). Chase as a lead only.",200,LEAD_ONLY,2026-09-25T13:01:53Z
apple,corporate_print,CP apple annual/shareholder reports 1976-1995,NASA_NTRS_Archive_19840025622,NASA Technical Reports Server (NTRS) 19840025622: Management and Performance of APPLE Battery in High Temperature Enviro,1984-09-01,https://archive.org/details/NASA_NTRS_Archive_19840025622,"texts, ['NASA_NTRS_Archive', 'usgovernmentmirrors', 'government-documents'], NASA Technical Reports Server (NTRS) | GATE-REJECTED from Tier-1: in-window text item, but its own title/creator do not carry a configured corporate name + report-type term (WR-17 false-positive rule). Chase as a lead only.",200,LEAD_ONLY,2026-09-25T13:01:53Z
apple,corporate_print,CP apple annual/shareholder reports 1976-1995,DTIC_ADA1037124,DTIC ADA1037124: National Dam Safety Program. Upper Apple Mountain & Lower Apple Mountain. Dam (Inventory Number VA 1871,1981-03-01,https://archive.org/details/DTIC_ADA1037124,"texts, ['dticarchive', 'usgovernmentmirrors', 'government-documents'], Defense Technical Information Center | GATE-REJECTED from Tier-1: in-window text item, but its own title/creator do not carry a configured corporate name + report-type term (WR-17 false-positive rule). Chase as a lead only.",200,LEAD_ONLY,2026-09-25T13:01:53Z
apple,corporate_print,CP apple annual/shareholder reports 1976-1995,DTIC_ADA1037127,DTIC ADA1037127: National Dam Safety Program. Upper Apple Mountain & Lower Apple Mountain. Dam (Inventory Number VA 1871,1981-03-01,https://archive.org/details/DTIC_ADA1037127,"texts, ['dticarchive', 'usgovernmentmirrors', 'government-documents'], Defense Technical Information Center | GATE-REJECTED from Tier-1: in-window text item, but its own title/creator do not carry a configured corporate name + report-type term (WR-17 false-positive rule). Chase as a lead only.",200,LEAD_ONLY,2026-09-25T13:01:53Z
apple,corporate_print,CP apple annual/shareholder reports 1976-1995,ERIC_ED264091,ERIC ED264091: MATHBOXES: A Program for the Apple II to Teach Children to Solve Basic Word Problems. A Report from the P,1985-09-01,https://archive.org/details/ERIC_ED264091,"texts, ['ericarchive', 'usgovernmentmirrors', 'government-documents'], ERIC | GATE-REJECTED from Tier-1: in-window text item, but its own title/creator do not carry a configured corporate name + report-type term (WR-17 false-positive rule). Chase as a lead only.",200,LEAD_ONLY,2026-09-25T13:01:53Z
apple,corporate_print,CP apple annual/shareholder reports 1976-1995,DTIC_ADA205322,"DTIC ADA205322: Ada Compiler Validation Summary Report: Certificate Number: 880605W1. 09072, Meridian Software Systems, ",1988-06-08,https://archive.org/details/DTIC_ADA205322,"texts, ['dticarchive', 'usgovernmentmirrors', 'government-documents'], Defense Technical Information Center | GATE-REJECTED from Tier-1: in-window text item, but its own title/creator do not carry a configured corporate name + report-type term (WR-17 false-positive rule). Chase as a lead only.",200,LEAD_ONLY,2026-09-25T13:01:53Z
apple,corporate_print,CP apple annual/shareholder reports 1976-1995,DTIC_ADA216652,"DTIC ADA216652: Ada Compiler Validation Summary Report: Meridian Software Systems, Inc., AdaVantage, Version 3.0, Apple ",1989-07-19,https://archive.org/details/DTIC_ADA216652,"texts, ['dticarchive', 'usgovernmentmirrors', 'government-documents'], Defense Technical Information Center | GATE-REJECTED from Tier-1: in-window text item, but its own title/creator do not carry a configured corporate name + report-type term (WR-17 false-positive rule). Chase as a lead only.",200,LEAD_ONLY,2026-09-25T13:01:53Z
apple,corporate_print,CP apple annual/shareholder reports 1976-1995,DTIC_ADA216484,"DTIC ADA216484: Ada Compiler Validation Summary Report: Certificate Number: 890719W1. 10119 Meridian Software Systems, I",1989-07-19,https://archive.org/details/DTIC_ADA216484,"texts, ['dticarchive', 'usgovernmentmirrors', 'government-documents'], Defense Technical Information Center | GATE-REJECTED from Tier-1: in-window text item, but its own title/creator do not carry a configured corporate name + report-type term (WR-17 false-positive rule). Chase as a lead only.",200,LEAD_ONLY,2026-09-25T13:01:53Z
apple,corporate_print,CP apple annual/shareholder reports 1976-1995,DTIC_ADA1037121,DTIC ADA1037121: National Dam Safety Program. Upper Apple Mountain & Lower Apple Mountain. Dam (Inventory Number VA 1871,1981-03-01,https://archive.org/details/DTIC_ADA1037121,"texts, ['dticarchive', 'usgovernmentmirrors', 'government-documents'], Defense Technical Information Center | GATE-REJECTED from Tier-1: in-window text item, but its own title/creator do not carry a configured corporate name + report-type term (WR-17 false-positive rule). Chase as a lead only.",200,LEAD_ONLY,2026-09-25T13:01:53Z
apple,corporate_print,CP apple annual/shareholder reports 1976-1995,micro_IA41153056_0224,"Beginning Teacher Evaluation Study: Phase II, 1973-74, Final Report: Volume III.1. APPLE Observation Variables and Their",1976-01-01,https://archive.org/details/micro_IA41153056_0224,"texts, ['eric-microfiche', 'microfiche'], ['Lambert, Nadine M.', 'Hartsough, Carolyn S.', 'California State Commission f | GATE-REJECTED from Tier-1: in-window text item, but its own title/creator do not carry a configured corporate name + report-type term (WR-17 false-positive rule). Chase as a lead only.",200,LEAD_ONLY,2026-09-25T13:01:53Z
apple,corporate_print,CP apple annual/shareholder reports 1976-1995,micro_IA40243514_1249,The Economic potential for concentrated apple juice production in Canada : a report,1985-01-01,https://archive.org/details/micro_IA40243514_1249,"texts, ['microlog', 'microfiche'], Agriculture Canada | GATE-REJECTED from Tier-1: in-window text item, but its own title/creator do not carry a configured corporate name + report-type term (WR-17 false-positive rule). Chase as a lead only.",200,LEAD_ONLY,2026-09-25T13:01:53Z
apple,corporate_print,CP apple annual/shareholder reports 1976-1995,micro_IA41152937_0789,Computer Aided Drafting Packages for Secondary Education. Edition 1. Apple II and Macintosh. A MicroSIFT Quarterly Repor,1987-11-01,https://archive.org/details/micro_IA41152937_0789,"texts, ['eric-microfiche', 'microfiche'], ['Pollard, Jim', 'Northwest Regional Educational Lab., Portland, OR. Technolog | GATE-REJECTED from Tier-1: in-window text item, but its own title/creator do not carry a configured corporate name + report-type term (WR-17 false-positive rule). Chase as a lead only.",200,LEAD_ONLY,2026-09-25T13:01:53Z
apple,corporate_print,CP apple annual/shareholder reports 1976-1995,micro_IA41152955_0827,MATHBOXES: A Program for the Apple II to Teach Children to Solve Basic Word Problems. A Report from the Project Using th,1985-09-01,https://archive.org/details/micro_IA41152955_0827,"texts, ['eric-microfiche', 'microfiche'], ['Bebout, Harriett C.', 'Wisconsin Center for Education Research, Madison.'] | GATE-REJECTED from Tier-1: in-window text item, but its own title/creator do not carry a configured corporate name + report-type term (WR-17 false-positive rule). Chase as a lead only.",200,LEAD_ONLY,2026-09-25T13:01:53Z
apple,corporate_print,CP apple annual/shareholder reports 1976-1995,CAT81754527,Recruiting and placing Puerto Rican workers with growers during the 1978 apple harvest were unsuccessful : report to the,1980-01-01,https://archive.org/details/CAT81754527,"texts, ['usdanationalagriculturallibrary', 'fedlink', 'americana'], United States. General Accounting Office | GATE-REJECTED from Tier-1: in-window text item, but its own title/creator do not carry a configured corporate name + report-type term (WR-17 false-positive rule). Chase as a lead only.",200,LEAD_ONLY,2026-09-25T13:01:53Z
apple,corporate_print,CP apple annual/shareholder reports 1976-1995,DTIC_ADA205393,"DTIC ADA205393: Ada Compiler Validation Summary Report: Certificate Number: 880605W1. 09073 Meridian Software Systems, I",1988-06-08,https://archive.org/details/DTIC_ADA205393,"texts, ['dticarchive', 'usgovernmentmirrors', 'government-documents'], Defense Technical Information Center | GATE-REJECTED from Tier-1: in-window text item, but its own title/creator do not carry a configured corporate name + report-type term (WR-17 false-positive rule). Chase as a lead only.",200,LEAD_ONLY,2026-09-25T13:01:53Z
apple,corporate_print,CP apple annual/shareholder reports 1976-1995,DTIC_ADA221009,"DTIC ADA221009: Ada Compiler Validation Summary Report: Certificate Number: 900130W1. 10238 Meridian Software Systems, I",1990-01-30,https://archive.org/details/DTIC_ADA221009,"texts, ['dticarchive', 'usgovernmentmirrors', 'government-documents'], Defense Technical Information Center | GATE-REJECTED from Tier-1: in-window text item, but its own title/creator do not carry a configured corporate name + report-type term (WR-17 false-positive rule). Chase as a lead only.",200,LEAD_ONLY,2026-09-25T13:01:53Z
apple,corporate_print,CP apple annual/shareholder reports 1976-1995,DTIC_ADA1037126,DTIC ADA1037126: National Dam Safety Program. Upper Apple Mountain & Lower Apple Mountain. Dam (Inventory Number VA 1871,1981-03-01,https://archive.org/details/DTIC_ADA1037126,"texts, ['dticarchive', 'usgovernmentmirrors', 'government-documents'], Defense Technical Information Center | GATE-REJECTED from Tier-1: in-window text item, but its own title/creator do not carry a configured corporate name + report-type term (WR-17 false-positive rule). Chase as a lead only.",200,LEAD_ONLY,2026-09-25T13:01:53Z
apple,corporate_print,CP apple corporate print by creator 1976-1995,micro_IA41155142_0547,Writing. A Research-Based Writing Program for Students with High Access to Computers. ACOT Report #2.,1989-01-01,https://archive.org/details/micro_IA41155142_0547,"texts, ['eric-microfiche', 'microfiche'], ['Hiebert, Elfrieda H.', 'Apple Computer, Inc., Cupertino, CA.']",200,TIER1_CANDIDATE,2026-09-25T13:01:55Z
apple,corporate_print,CP apple corporate print by creator 1976-1995,micro_IA41155142_0548,Student Thinking Processes. The Influence of Immediate Computer Access on Students' Thinking. First- and Second-Year Fin,1989-01-01,https://archive.org/details/micro_IA41155142_0548,"texts, ['eric-microfiche', 'microfiche'], ['Tierney, Robert J.', 'Apple Computer, Inc., Cupertino, CA.']",200,TIER1_CANDIDATE,2026-09-25T13:01:55Z
apple,corporate_print,CP apple corporate print by creator 1976-1995,reciprocalevalua00prog,Reciprocal Evaluation Tour of U.S. Facilities and Programs for the Blind by Experts from the U.S.S.R.: Final Report of t,1976-01-01,https://archive.org/details/reciprocalevalua00prog,"texts, ['aphmigel', 'medicalheritagelibrary', 'americana', 'medicallibrary'], ['program reporter: Zofja S. Jastrzembsak' | GATE-REJECTED from Tier-1: in-window text item, but its own title/creator do not carry a configured corporate name + report-type term (WR-17 false-positive rule). Chase as a lead only.",200,LEAD_ONLY,2026-09-25T13:01:55Z
apple,corporate_print,CP apple corporate print by creator 1976-1995,micro_IA41155142_0546,Student Empowerment. The Influence of High Computer Access on Student Empowerment (An Exploratory Study of the Nashville,1989-01-01,https://archive.org/details/micro_IA41155142_0546,"texts, ['eric-microfiche', 'microfiche'], ['Fisher, Charles W.', 'Apple Computer, Inc., Cupertino, CA.']",200,TIER1_CANDIDATE,2026-09-25T13:01:55Z
apple,corporate_print,CP apple corporate print by creator 1976-1995,micro_IA41155142_0549,Software Development through ACOT Teachers' Eyes. ACOT Report #4.,1989-01-01,https://archive.org/details/micro_IA41155142_0549,"texts, ['eric-microfiche', 'microfiche'], ['Knapp, Linda', 'Apple Computer, Inc., Cupertino, CA.']",200,TIER1_CANDIDATE,2026-09-25T13:01:55Z
apple,corporate_print,CP apple corporate print by creator 1976-1995,annualcourseconf00spea,"Annual Course/Conference, National Mobility Centre",1976-01-01,https://archive.org/details/annualcourseconf00spea,"texts, ['aphmigel', 'medicalheritagelibrary', 'americana', 'medicallibrary', 'fav-beck_heslop', 'fav-beckchamberlain'],  | GATE-REJECTED from Tier-1: in-window text item, but its own title/creator do not carry a configured corporate name + report-type term (WR-17 false-positive rule). Chase as a lead only.",200,LEAD_ONLY,2026-09-25T13:01:55Z
apple,corporate_print,CP apple corporate print by creator 1976-1995,micro_IA41155142_0550,ACOT Classroom Networks: Today and Tomorrow. ACOT Report #5.,1989-01-01,https://archive.org/details/micro_IA41155142_0550,"texts, ['eric-microfiche', 'microfiche'], ['Knapp, Linda', 'Apple Computer, Inc., Cupertino, CA.']",200,TIER1_CANDIDATE,2026-09-25T13:01:55Z
apple,corporate_print,CP apple corporate print by creator 1976-1995,pahukaniluahomes00appl,"Pahukanilua: Homestead of John Young : Kawaihae, Kohala, Island of Hawai'I : Historical Data Section of the Historic Str",1978-01-01,https://archive.org/details/pahukaniluahomes00appl,"texts, ['clemson', 'americana'], Apple, R. | GATE-REJECTED from Tier-1: in-window text item, but its own title/creator do not carry a configured corporate name + report-type term (WR-17 false-positive rule). Chase as a lead only.",200,LEAD_ONLY,2026-09-25T13:01:55Z
apple,corporate_print,CP apple corporate print by creator 1976-1995,reciprocalevalua00loya,Reciprocal Evaluation Tour of U.S. Facilities and Programs for the Blind by Experts from the U.S.S.R. : Final Report fo ,1977-01-01,https://archive.org/details/reciprocalevalua00loya,"texts, ['aphmigel', 'medicalheritagelibrary', 'americana', 'medicallibrary'], ['Loyal E. Apple', 'Jack Ross', 'Zofja S.  | GATE-REJECTED from Tier-1: in-window text item, but its own title/creator do not carry a configured corporate name + report-type term (WR-17 false-positive rule). Chase as a lead only.",200,LEAD_ONLY,2026-09-25T13:01:55Z
apple,corporate_print,CP text availability apple 1989 corporate report,micro_IA41155142_0546,Student Empowerment. The Influence of High Computer Access on Student Empowerment (An Exploratory Study of the Nashville,1989,https://ia801804.us.archive.org/32/items/micro_IA41155142_0546/micro_IA41155142_0546_djvu.txt,TEXT LAYER PRESENT | server=ia801804.us.archive.org dir=/32/items/micro_IA41155142_0546 | micro_IA41155142_0546_djvu.txt,200,TIER1_CANDIDATE,2026-09-25T13:01:57Z
apple,google_books,GB 'Apple Computer' Cupertino shareholder (verified 200; InfoWorld 1983 all_pages),,,,,"FEED SUMMARY: 10 volume(s) returned, totalResults=300 (Google's display cap, NOT a corpus count), snippet/full-text nodes present=0 -> keyless Google Books is a finding aid only; cite the volume and page, then obtain the text elsewhere (IA / HathiTrust / a Books API key).",200,LEAD_ONLY,2026-09-25T13:09:02Z
apple,google_books,GB 'Apple Computer' Cupertino shareholder (verified 200; InfoWorld 1983 all_pages),eX0UAQAAMAAJ,Corporation Annual Reports to Shareholders,1988,https://books.google.com/books?id=eX0UAQAAMAAJ&pg=RA6,viewability=no_pages | matched page=RA6 | - | -,200,LEAD_ONLY,2026-09-25T13:09:02Z
apple,google_books,GB 'Apple Computer' Cupertino shareholder (verified 200; InfoWorld 1983 all_pages),i51DCgAAQBAJ,The FBI File on Steve Jobs,2012-02-24,https://books.google.com/books?id=i51DCgAAQBAJ&pg=PA35,viewability=partial | matched page=PA35 | Skyhorse Publishing Inc. | The Federal Bureau of Investigation,200,TIER1_CANDIDATE,2026-09-25T13:09:02Z
apple,google_books,GB 'Apple Computer' Cupertino shareholder (verified 200; InfoWorld 1983 all_pages),ZbBkDAAAQBAJ,The Corporate Directory of US Public Companies 1995,2016-06-11,https://books.google.com/books?id=ZbBkDAAAQBAJ&pg=PA126,viewability=partial | matched page=PA126 | Springer | Elizabeth Walsh,200,TIER1_CANDIDATE,2026-09-25T13:09:02Z
apple,google_books,GB 'Apple Computer' Cupertino shareholder (verified 200; InfoWorld 1983 all_pages),_i8EAAAAMBAJ,InfoWorld,1983-02-28,https://books.google.com/books?id=_i8EAAAAMBAJ&pg=PA47,viewability=all_pages | matched page=PA47 | - | -,200,TIER1_CANDIDATE,2026-09-25T13:09:02Z
apple,google_books,GB 'Apple Computer' Cupertino shareholder (verified 200; InfoWorld 1983 all_pages),20pAAQAAIAAJ,Proxy Contests Handbook,1989,https://books.google.com/books?id=20pAAQAAIAAJ,viewability=no_pages | matched page=- | - | -,200,LEAD_ONLY,2026-09-25T13:09:02Z
apple,google_books,GB 'Apple Computer' Cupertino shareholder (verified 200; InfoWorld 1983 all_pages),hS4EAAAAMBAJ,InfoWorld,1984-02-20,https://books.google.com/books?id=hS4EAAAAMBAJ&pg=PA13,viewability=all_pages | matched page=PA13 | - | -,200,TIER1_CANDIDATE,2026-09-25T13:09:02Z
apple,google_books,GB 'Apple Computer' Cupertino shareholder (verified 200; InfoWorld 1983 all_pages),8C4EAAAAMBAJ,InfoWorld,1985-06-03,https://books.google.com/books?id=8C4EAAAAMBAJ&pg=PA21,viewability=all_pages | matched page=PA21 | - | -,200,TIER1_CANDIDATE,2026-09-25T13:09:02Z
apple,google_books,GB 'Apple Computer' Cupertino shareholder (verified 200; InfoWorld 1983 all_pages),lTAEAAAAMBAJ,InfoWorld,1989-06-26,https://books.google.com/books?id=lTAEAAAAMBAJ&pg=PT41,viewability=all_pages | matched page=PT41 | - | -,200,TIER1_CANDIDATE,2026-09-25T13:09:02Z
apple,google_books,GB 'Apple Computer' Cupertino shareholder (verified 200; InfoWorld 1983 all_pages),6nYeAQAAIAAJ,Fairchild's Electronics Industry Financial Directory,1993,https://books.google.com/books?id=6nYeAQAAIAAJ,viewability=no_pages | matched page=- | - | -,200,LEAD_ONLY,2026-09-25T13:09:02Z
apple,google_books,GB 'Apple Computer' Cupertino shareholder (verified 200; InfoWorld 1983 all_pages),c4snAQAAMAAJ,Major Companies of Europe,2002,https://books.google.com/books?id=c4snAQAAMAAJ,viewability=no_pages | matched page=- | - | -,200,LEAD_ONLY,2026-09-25T13:09:02Z
apple,google_books,GB 'Apple Computer' Cupertino shareholder (verified 200; InfoWorld 1983 all_pages),,,,,SKIPPED: global max-requests cap 45 reached,,UNANSWERED,2026-09-25T13:13:34Z
apple,hathitrust,HT 'Apple Computer' Cupertino 1970-1979,,,,,SKIPPED: global max-requests cap 45 reached,,UNANSWERED,2026-09-25T13:13:34Z
apple,hathitrust,"HT 'Apple Computer' unbounded (plumbing control, must be >0)",,,,,SKIPPED: global max-requests cap 45 reached,,UNANSWERED,2026-09-25T13:13:34Z
unitedhealth,chronicling_america,CA 'Charter Med' 1971-1985,,,,,SKIPPED: hard stop: 5 consecutive failures (host halted),,UNANSWERED,2026-09-25T13:13:31Z
unitedhealth,chronicling_america,CA 'Metropolitan Health Plans' 1971-1985,,,,,SKIPPED: hard stop: 5 consecutive failures (host halted),,UNANSWERED,2026-09-25T13:13:31Z
unitedhealth,chronicling_america,CA 'United Healthplan' 1974-1985,,,,,SKIPPED: hard stop: 5 consecutive failures (host halted),,UNANSWERED,2026-09-25T13:13:31Z
unitedhealth,chronicling_america,CA 'Physicians Health Plan' Minneapolis 1971-1985,,,,,SKIPPED: hard stop: 5 consecutive failures (host halted),,UNANSWERED,2026-09-25T13:13:31Z
unitedhealth,chronicling_america,CA Richard Burke Minnesota 1974-1988 (REPLACES the phantom term 'Burdic'),,,,,SKIPPED: hard stop: 5 consecutive failures (host halted),,UNANSWERED,2026-09-25T13:13:31Z
unitedhealth,corporate_print,CP unitedhealth annual reports 1977-1995,,,,,"EMPTY (proven null): numFound=0 FOR THESE EXACT PARAMS ONLY — per-param, never per-corpus; the family stays open until digitised corporate print is searched on other indexes too",200,NULL,2026-09-25T13:01:48Z
unitedhealth,corporate_print,CP unitedhealth corporate-print by creator 1971-1995,,,,,"EMPTY (proven null): numFound=0 FOR THESE EXACT PARAMS ONLY — per-param, never per-corpus; the family stays open until digitised corporate print is searched on other indexes too",200,NULL,2026-09-25T13:01:50Z
unitedhealth,google_books,GB 'Metropolitan Health Plans' via feeds (was 429 on keyless v1),,,,,"FEED SUMMARY: 2 volume(s) returned, totalResults=2 (Google's display cap, NOT a corpus count), snippet/full-text nodes present=0 -> keyless Google Books is a finding aid only; cite the volume and page, then obtain the text elsewhere (IA / HathiTrust / a Books API key).",200,LEAD_ONLY,2026-09-25T13:08:58Z
unitedhealth,google_books,GB 'Metropolitan Health Plans' via feeds (was 429 on keyless v1),cF_9CAAAQBAJ,Data-Book of Happiness,2013-03-14,https://books.google.com/books?id=cF_9CAAAQBAJ&pg=PA128,viewability=partial | matched page=PA128 | Springer Science &amp; Business Media | R. Veenhoven,200,TIER1_CANDIDATE,2026-09-25T13:08:58Z
unitedhealth,google_books,GB 'Metropolitan Health Plans' via feeds (was 429 on keyless v1),WK51MZByt6cC,Computerworld,2003-03-17,https://books.google.com/books?id=WK51MZByt6cC&pg=PA35,viewability=all_pages | matched page=PA35 | - | -,200,TIER1_CANDIDATE,2026-09-25T13:08:58Z
unitedhealth,google_books,GB 'Charter Med' Minnesota health plan 1970s,,,,,"FEED SUMMARY: 10 volume(s) returned, totalResults=300 (Google's display cap, NOT a corpus count), snippet/full-text nodes present=0 -> keyless Google Books is a finding aid only; cite the volume and page, then obtain the text elsewhere (IA / HathiTrust / a Books API key).",200,LEAD_ONLY,2026-09-25T13:09:00Z
unitedhealth,google_books,GB 'Charter Med' Minnesota health plan 1970s,udRwLIq-iMoC,Focus on Health Maintenance Organizations,1978,https://books.google.com/books?id=udRwLIq-iMoC&pg=RA7,viewability=all_pages | matched page=RA7 | - | United States. Office of Health Maintenance Organizations,200,TIER1_CANDIDATE,2026-09-25T13:09:00Z
unitedhealth,google_books,GB 'Charter Med' Minnesota health plan 1970s,CKD-KolMt-8C,HMO Focus,1981,https://books.google.com/books?id=CKD-KolMt-8C&pg=PA4,viewability=all_pages | matched page=PA4 | - | -,200,TIER1_CANDIDATE,2026-09-25T13:09:00Z
unitedhealth,google_books,GB 'Charter Med' Minnesota health plan 1970s,Rn5PAQAAIAAJ,Directory,1994,https://books.google.com/books?id=Rn5PAQAAIAAJ&pg=PA1311,viewability=no_pages | matched page=PA1311 | - | American College of Healthcare Executives,200,LEAD_ONLY,2026-09-25T13:09:00Z
unitedhealth,google_books,GB 'Charter Med' Minnesota health plan 1970s,ztWc6Ufs6qEC,DHHS Publication No. (PHS).,,https://books.google.com/books?id=ztWc6Ufs6qEC&pg=PA5,viewability=all_pages | matched page=PA5 | - | -,200,TIER1_CANDIDATE,2026-09-25T13:09:00Z
unitedhealth,google_books,GB 'Charter Med' Minnesota health plan 1970s,yqYVAQAAMAAJ,Modern Healthcare,1990,https://books.google.com/books?id=yqYVAQAAMAAJ,viewability=no_pages | matched page=- | - | -,200,LEAD_ONLY,2026-09-25T13:09:00Z
unitedhealth,google_books,GB 'Charter Med' Minnesota health plan 1970s,x61ZAAAAYAAJ,D&amp;B Reference Book of Corporate Managements,2008,https://books.google.com/books?id=x61ZAAAAYAAJ,viewability=no_pages | matched page=- | - | -,200,LEAD_ONLY,2026-09-25T13:09:00Z
unitedhealth,google_books,GB 'Charter Med' Minnesota health plan 1970s,vMNYAAAAMAAJ,The Design Firm Directory,1995,https://books.google.com/books?id=vMNYAAAAMAAJ,viewability=no_pages | matched page=- | - | -,200,LEAD_ONLY,2026-09-25T13:09:00Z
unitedhealth,google_books,GB 'Charter Med' Minnesota health plan 1970s,815tAAAAMAAJ,Introduction to Nursing Concepts,1987,https://books.google.com/books?id=815tAAAAMAAJ,viewability=no_pages | matched page=- | Prentice Hall | Wendy B. Young,200,LEAD_ONLY,2026-09-25T13:09:00Z
unitedhealth,google_books,GB 'Charter Med' Minnesota health plan 1970s,MhQiAQAAMAAJ,American Journal of Hospital Pharmacy,1985,https://books.google.com/books?id=MhQiAQAAMAAJ,viewability=no_pages | matched page=- | - | -,200,LEAD_ONLY,2026-09-25T13:09:00Z
unitedhealth,google_books,GB 'Charter Med' Minnesota health plan 1970s,-IzwAAAAMAAJ,An Economic Survival Manual for Private Practice Psychiatrists,1985,https://books.google.com/books?id=-IzwAAAAMAAJ,viewability=no_pages | matched page=- | American Psychiatric Publishing | -,200,LEAD_ONLY,2026-09-25T13:09:00Z
unitedhealth,google_books,GB 'Metropolitan Health Plans' via feeds (was 429 on keyless v1),,,,,SKIPPED: global max-requests cap 45 reached,,UNANSWERED,2026-09-25T13:13:34Z
unitedhealth,google_books,GB 'Charter Med' Minnesota health plan 1970s,,,,,SKIPPED: global max-requests cap 45 reached,,UNANSWERED,2026-09-25T13:13:34Z
unitedhealth,hathitrust,"HT 'Charter Med' (verified route, count to be recorded)",,,,,"UNANSWERED[bot_challenge]: HTTP 403 Cloudflare bot-management challenge (Cf-Mitigated: challenge, Cf-Ray: a40a42b3a9f5bc88-DEL). The host answered 'prove you are a browser' and never searched anything: UNANSWERED, not a null, and no parameter change will fix it saved:hathitrust/ff36f02bd773af0c-r20260925T130745Z.html",403,UNANSWERED,2026-09-25T13:08:56Z
unitedhealth,hathitrust,"HT 'Charter Med' (verified route, count to be recorded)",,,,,"FACET COUNTS: All Items=1,527, Full View=532; 100 record block(s) on this page. HathiTrust full-text search returns RECORDS, not snippet text (0 <mark>/snippet nodes in the live response), so nothing here is readable text until the item itself is opened.",200,LEAD_ONLY,2026-09-25T13:13:34Z
unitedhealth,hathitrust,"HT 'Charter Med' (verified route, count to be recorded)",mdp.39015010031741,"DHHS publication no. (PHS)., no.82-50180 ((PHS)",,https://babel.hathitrust.org/cgi/pt?id=mdp.39015010031741,access=fulltext view=Full View | record=000505920 | author=-,200,TIER1_CANDIDATE,2026-09-25T13:13:34Z
unitedhealth,hathitrust,"HT 'Charter Med' (verified route, count to be recorded)",mdp.35128000996536,"Shark repellents and stock prices : the effects of antitakeover amendments since 1980 : a study / by the Office of the Chief Economist, Secu",1985,https://babel.hathitrust.org/cgi/pt?id=mdp.35128000996536,access=fulltext view=Full View | record=005320095 | author=-,200,TIER1_CANDIDATE,2026-09-25T13:13:34Z
unitedhealth,hathitrust,"HT 'Charter Med' (verified route, count to be recorded)",hvd.hxj4kt,Charter and bye-laws of the New York Dispensary : instituted in 1790,1805,https://babel.hathitrust.org/cgi/pt?id=hvd.hxj4kt,access=fulltext view=Full View | record=011534303 | author=New York Dispensary,200,TIER1_CANDIDATE,2026-09-25T13:13:34Z
unitedhealth,hathitrust,"HT 'Charter Med' (verified route, count to be recorded)",uc1.31210013198922,"HMO focus / U.S. Department of Health, Education, and Welfare, Public Health Service, Office of Health Maintenance Organizations, 4/4",1981,https://babel.hathitrust.org/cgi/pt?id=uc1.31210013198922,access=fulltext view=Full View | record=102110444 | author=-,200,TIER1_CANDIDATE,2026-09-25T13:13:34Z
unitedhealth,hathitrust,"HT 'Charter Med' (verified route, count to be recorded)",pur1.32754075976369,The Physicians Health Plan of Minnesota : a case study of utilization controls in an IPA / prepared under contract no. 324804 by the staff o,1980,https://babel.hathitrust.org/cgi/pt?id=pur1.32754075976369,access=fulltext view=Full View | record=011326822 | author=Physicians Health Plan of Minnesota.,200,TIER1_CANDIDATE,2026-09-25T13:13:34Z
unitedhealth,hathitrust,"HT 'Charter Med' (verified route, count to be recorded)",osu.32435056054364,"Official list of section 13(f) securities, 1994no.2 1994",1994,https://babel.hathitrust.org/cgi/pt?id=osu.32435056054364,access=fulltext view=Full View | record=101711835 | author=-,200,TIER1_CANDIDATE,2026-09-25T13:13:34Z
unitedhealth,hathitrust,"HT 'Charter Med' (verified route, count to be recorded)",osu.32435030832497,"Official list of section 13(f) securities, 1981NO4",,https://babel.hathitrust.org/cgi/pt?id=osu.32435030832497,access=fulltext view=Full View | record=101711835 | author=-,200,TIER1_CANDIDATE,2026-09-25T13:13:34Z
unitedhealth,hathitrust,"HT 'Charter Med' (verified route, count to be recorded)",pur1.32754076920457,Efforts to combat fraud and abuse in the insurance industry : hearings before the Permanent Subcommittee on Investigations of the Committee ,,https://babel.hathitrust.org/cgi/pt?id=pur1.32754076920457,access=fulltext view=Full View | record=009938990 | author=United States. Congress. Senate. Committee on Governmental Affairs. Permanent Subcommittee on Investigations.,200,TIER1_CANDIDATE,2026-09-25T13:13:34Z
unitedhealth,hathitrust,"HT 'Charter Med' (verified route, count to be recorded)",uc1.32106016148907,"Statistical bulletin - Securities and Exchange Commission, v.32:45 1973",1973,https://babel.hathitrust.org/cgi/pt?id=uc1.32106016148907,access=fulltext view=Full View | record=000599528 | author=United States. Securities and Exchange Commission.,200,TIER1_CANDIDATE,2026-09-25T13:13:34Z
unitedhealth,hathitrust,"HT 'Charter Med' (verified route, count to be recorded)",pst.000018818796,Efforts to combat fraud and abuse in the insurance industry : hearing before the Permanent Subcommittee on Investigations of the Committee o,,https://babel.hathitrust.org/cgi/pt?id=pst.000018818796,access=fulltext view=Full View | record=003231180 | author=United States. Congress. Senate. Committee on Governmental Affairs. Permanent Subcommittee on Investigations.,200,TIER1_CANDIDATE,2026-09-25T13:13:34Z
unitedhealth,hathitrust,"HT 'Charter Med' (verified route, count to be recorded)",uc1.32106016148840,"Statistical bulletin - Securities and Exchange Commission, v.32:39 1973",1973,https://babel.hathitrust.org/cgi/pt?id=uc1.32106016148840,access=fulltext view=Full View | record=000599528 | author=United States. Securities and Exchange Commission.,200,TIER1_CANDIDATE,2026-09-25T13:13:34Z
unitedhealth,hathitrust,"HT 'Charter Med' (verified route, count to be recorded)",uc1.aa0006883375,Efforts to combat fraud and abuse in the insurance industry : hearings before the Permanent Subcommittee on Investigations of the Committee ,,https://babel.hathitrust.org/cgi/pt?id=uc1.aa0006883375,access=fulltext view=Full View | record=009938990 | author=United States. Congress. Senate. Committee on Governmental Affairs. Permanent Subcommittee on Investigations.,200,TIER1_CANDIDATE,2026-09-25T13:13:34Z
unitedhealth,hathitrust,"HT 'Charter Med' (verified route, count to be recorded)",uc1.31822008506305,"The 1983 investor's guide to health maintenance organizations / U.S. Department of Health and Human Services, Office of Health Maintenance O",1983,https://babel.hathitrust.org/cgi/pt?id=uc1.31822008506305,access=fulltext view=Full View | record=102337442 | author=-,200,TIER1_CANDIDATE,2026-09-25T13:13:34Z
unitedhealth,hathitrust,"HT 'Charter Med' (verified route, count to be recorded)",uc1.31210014943789,Efforts to combat fraud and abuse in the insurance industry : hearings before the Permanent Subcommittee on Investigations of the Committee ,,https://babel.hathitrust.org/cgi/pt?id=uc1.31210014943789,access=fulltext view=Full View | record=009938990 | author=United States. Congress. Senate. Committee on Governmental Affairs. Permanent Subcommittee on Investigations.,200,TIER1_CANDIDATE,2026-09-25T13:13:34Z
unitedhealth,hathitrust,"HT 'Charter Med' (verified route, count to be recorded)",uc1.32106016148808,"Statistical bulletin - Securities and Exchange Commission, v.32:35 1973",1973,https://babel.hathitrust.org/cgi/pt?id=uc1.32106016148808,access=fulltext view=Full View | record=000599528 | author=United States. Securities and Exchange Commission.,200,TIER1_CANDIDATE,2026-09-25T13:13:34Z
unitedhealth,hathitrust,"HT 'Charter Med' (verified route, count to be recorded)",uc1.b5139754,Efforts to combat fraud and abuse in the insurance industry : hearings before the Permanent Subcommittee on Investigations of the Committee ,,https://babel.hathitrust.org/cgi/pt?id=uc1.b5139754,access=fulltext view=Full View | record=009938990 | author=United States. Congress. Senate. Committee on Governmental Affairs. Permanent Subcommittee on Investigations.,200,TIER1_CANDIDATE,2026-09-25T13:13:34Z
unitedhealth,hathitrust,"HT 'Charter Med' (verified route, count to be recorded)",uc1.32106016148790,"Statistical bulletin - Securities and Exchange Commission, v.32:34 1973",1973,https://babel.hathitrust.org/cgi/pt?id=uc1.32106016148790,access=fulltext view=Full View | record=000599528 | author=United States. Securities and Exchange Commission.,200,TIER1_CANDIDATE,2026-09-25T13:13:34Z
unitedhealth,hathitrust,"HT 'Charter Med' (verified route, count to be recorded)",mdp.39015071422177,Festskrift vid Illinois Skandinaviska storloge I.O.G.T. : Tjugoårs-jubileum / utgiven av Jubileumskommitteen,1927,https://babel.hathitrust.org/cgi/pt?id=mdp.39015071422177,access=fulltext view=Full View | record=003526341 | author=-,200,TIER1_CANDIDATE,2026-09-25T13:13:34Z
unitedhealth,hathitrust,"HT 'Charter Med' (verified route, count to be recorded)",uc1.31210003237136,"HMO focus / U.S. Department of Health, Education, and Welfare, Public Health Service, Office of Health Maintenance Organizations, 4/2",1981,https://babel.hathitrust.org/cgi/pt?id=uc1.31210003237136,access=fulltext view=Full View | record=102110444 | author=-,200,TIER1_CANDIDATE,2026-09-25T13:13:34Z
unitedhealth,hathitrust,"HT 'Charter Med' (verified route, count to be recorded)",rul.33008005055623,Investor's guide to health maintenance organizations / Touche Ross &amp; Co.,1982,https://babel.hathitrust.org/cgi/pt?id=rul.33008005055623,access=fulltext view=Full View | record=102936052 | author=-,200,TIER1_CANDIDATE,2026-09-25T13:13:34Z
unitedhealth,hathitrust,"HT 'Charter Med' (verified route, count to be recorded)",osu.32435030832489,"Official list of section 13(f) securities, 1981NO3",,https://babel.hathitrust.org/cgi/pt?id=osu.32435030832489,access=fulltext view=Full View | record=101711835 | author=-,200,TIER1_CANDIDATE,2026-09-25T13:13:34Z
unitedhealth,hathitrust,"HT 'Charter Med' (verified route, count to be recorded)",osu.32435030832505,"Official list of section 13(f) securities, 1980NO3",,https://babel.hathitrust.org/cgi/pt?id=osu.32435030832505,access=fulltext view=Full View | record=101711835 | author=-,200,TIER1_CANDIDATE,2026-09-25T13:13:34Z
unitedhealth,hathitrust,"HT 'Charter Med' (verified route, count to be recorded)",coo.31924064595923,"Statistical bulletin - Securities and Exchange Commission, v.32 1973:July-Dec.",1973,https://babel.hathitrust.org/cgi/pt?id=coo.31924064595923,access=fulltext view=Full View | record=000599528 | author=United States. Securities and Exchange Commission.,200,TIER1_CANDIDATE,2026-09-25T13:13:34Z
unitedhealth,hathitrust,"HT 'Charter Med' (verified route, count to be recorded)",osu.32435051816825,"Official list of section 13(f) securities, 1979NO1 1979",1979,https://babel.hathitrust.org/cgi/pt?id=osu.32435051816825,access=fulltext view=Full View | record=101711835 | author=-,200,TIER1_CANDIDATE,2026-09-25T13:13:34Z
unitedhealth,hathitrust,"HT 'Charter Med' (verified route, count to be recorded)",osu.32435056072283,"Statistical bulletin - Securities and Exchange Commission, V32JUL-DEC 1973",1973,https://babel.hathitrust.org/cgi/pt?id=osu.32435056072283,access=fulltext view=Full View | record=000599528 | author=United States. Securities and Exchange Commission.,200,TIER1_CANDIDATE,2026-09-25T13:13:34Z
unitedhealth,hathitrust,"HT 'Charter Med' (verified route, count to be recorded)",mdp.39015069627720,"Medicare end-stage renal disease program amendments hearing before the Subcommittee on Health of the Committee on Ways and Means, House of R",1977,https://babel.hathitrust.org/cgi/pt?id=mdp.39015069627720,access=fulltext view=Full View | record=002940716 | author=United States. Congress. House. Committee on Ways and Means. Subcommittee on Health.,200,TIER1_CANDIDATE,2026-09-25T13:13:34Z
unitedhealth,hathitrust,"HT 'Charter Med' (verified route, count to be recorded)",mdp.39015008917943,Sketch of the history of Glasgow,1847,https://babel.hathitrust.org/cgi/pt?id=mdp.39015008917943,"access=fulltext view=Full View | record=000195166 | author=Pagan, James, 1811-1870.",200,TIER1_CANDIDATE,2026-09-25T13:13:34Z
unitedhealth,hathitrust,"HT 'Charter Med' (verified route, count to be recorded)",uc1.31158006266307,"Official summary of security transactions and holdings, v.44 pt.4",2000,https://babel.hathitrust.org/cgi/pt?id=uc1.31158006266307,access=fulltext view=Full View | record=000501526 | author=United States. Securities and Exchange Commission.,200,TIER1_CANDIDATE,2026-09-25T13:13:34Z
unitedhealth,hathitrust,"HT 'Charter Med' (verified route, count to be recorded)",uiug.30112105073487,"Official summary of security transactions and holdings, v.53:1-3 D11-Mr10(1986-1987)",1987,https://babel.hathitrust.org/cgi/pt?id=uiug.30112105073487,access=fulltext view=Full View | record=000501526 | author=United States. Securities and Exchange Commission.,200,TIER1_CANDIDATE,2026-09-25T13:13:34Z
unitedhealth,hathitrust,"HT 'Charter Med' (verified route, count to be recorded)",pur1.32754077530826,"Medicare end-stage renal disease program amendments hearing before the Subcommittee on Health of the Committee on Ways and Means, House of R",1977,https://babel.hathitrust.org/cgi/pt?id=pur1.32754077530826,access=fulltext view=Full View | record=002940716 | author=United States. Congress. House. Committee on Ways and Means. Subcommittee on Health.,200,TIER1_CANDIDATE,2026-09-25T13:13:34Z
unitedhealth,hathitrust,"HT 'Charter Med' (verified route, count to be recorded)",uc1.b4391485,"Official summary of security transactions and holdings, v.54:1 (1987-88)",1988,https://babel.hathitrust.org/cgi/pt?id=uc1.b4391485,access=fulltext view=Full View | record=000501526 | author=United States. Securities and Exchange Commission.,200,TIER1_CANDIDATE,2026-09-25T13:13:34Z
unitedhealth,hathitrust,"HT 'Charter Med' (verified route, count to be recorded)",uc1.b4391482,"Official summary of security transactions and holdings, v.53:10 (1987)",1987,https://babel.hathitrust.org/cgi/pt?id=uc1.b4391482,access=fulltext view=Full View | record=000501526 | author=United States. Securities and Exchange Commission.,200,TIER1_CANDIDATE,2026-09-25T13:13:34Z
unitedhealth,hathitrust,"HT 'Charter Med' (verified route, count to be recorded)",coo.31924064616794,"Official summary of security transactions and holdings, v.42 1976:June11-Sept.10",1976,https://babel.hathitrust.org/cgi/pt?id=coo.31924064616794,access=fulltext view=Full View | record=000501526 | author=United States. Securities and Exchange Commission.,200,TIER1_CANDIDATE,2026-09-25T13:13:34Z
unitedhealth,hathitrust,"HT 'Charter Med' (verified route, count to be recorded)",uiug.30112070699936,"Statistical bulletin - Securities and Exchange Commission, v.1",1980,https://babel.hathitrust.org/cgi/pt?id=uiug.30112070699936,access=fulltext view=Full View | record=000599528 | author=United States. Securities and Exchange Commission.,200,TIER1_CANDIDATE,2026-09-25T13:13:34Z
unitedhealth,hathitrust,"HT 'Charter Med' (verified route, count to be recorded)",cub.p108091902005,"Official summary of security transactions and holdings, v.42 no.7-9 1976",1976,https://babel.hathitrust.org/cgi/pt?id=cub.p108091902005,access=fulltext view=Full View | record=000501526 | author=United States. Securities and Exchange Commission.,200,TIER1_CANDIDATE,2026-09-25T13:13:34Z
unitedhealth,hathitrust,"HT 'Charter Med' (verified route, count to be recorded)",cub.p108091902003,"Official summary of security transactions and holdings, v.42 no.10-12 1976",1976,https://babel.hathitrust.org/cgi/pt?id=cub.p108091902003,access=fulltext view=Full View | record=000501526 | author=United States. Securities and Exchange Commission.,200,TIER1_CANDIDATE,2026-09-25T13:13:34Z
unitedhealth,hathitrust,"HT 'Charter Med' (verified route, count to be recorded)",mdp.39015062978377,"SEC monthly statistical review, v.32 1973 Jul-Dec",1973,https://babel.hathitrust.org/cgi/pt?id=mdp.39015062978377,access=fulltext view=Full View | record=000518103 | author=United States. Securities and Exchange Commission.,200,TIER1_CANDIDATE,2026-09-25T13:13:34Z
unitedhealth,hathitrust,"HT 'Charter Med' (verified route, count to be recorded)",nyp.33433074873468,Esther West; a story,1870,https://babel.hathitrust.org/cgi/pt?id=nyp.33433074873468,"access=fulltext view=Full View | record=008666262 | author=Craig, Isa, 1831-1906.",200,TIER1_CANDIDATE,2026-09-25T13:13:34Z
unitedhealth,hathitrust,"HT 'Charter Med' (verified route, count to be recorded)",msu.31293201272402,"Statistical bulletin - Securities and Exchange Commission, July-Dec. 1973",1973,https://babel.hathitrust.org/cgi/pt?id=msu.31293201272402,access=fulltext view=Full View | record=000599528 | author=United States. Securities and Exchange Commission.,200,TIER1_CANDIDATE,2026-09-25T13:13:34Z
unitedhealth,hathitrust,"HT 'Charter Med' (verified route, count to be recorded)",hvd.hnn73b,Den Norske Krigsskoles historie : I ældre tider / udarbeidet efter offentligt opdrag som festskrift I anledning af Krigsskolens 150-aars jub,1900,https://babel.hathitrust.org/cgi/pt?id=hvd.hnn73b,"access=fulltext view=Full View | record=100506533 | author=Sinding-Larsen, Fredrik.",200,TIER1_CANDIDATE,2026-09-25T13:13:34Z
unitedhealth,hathitrust,"HT 'Charter Med' (verified route, count to be recorded)",umn.31951p00336719x,Efforts to combat fraud and abuse in the insurance industry : hearings before the Permanent Subcommittee on Investigations of the Committee ,,https://babel.hathitrust.org/cgi/pt?id=umn.31951p00336719x,access=fulltext view=Full View | record=009938990 | author=United States. Congress. Senate. Committee on Governmental Affairs. Permanent Subcommittee on Investigations.,200,TIER1_CANDIDATE,2026-09-25T13:13:34Z
unitedhealth,hathitrust,"HT 'Charter Med' (verified route, count to be recorded)",uiug.30112064022020,"Official summary of security transactions and holdings, v.43:7-9",2000,https://babel.hathitrust.org/cgi/pt?id=uiug.30112064022020,access=fulltext view=Full View | record=000501526 | author=United States. Securities and Exchange Commission.,200,TIER1_CANDIDATE,2026-09-25T13:13:34Z
unitedhealth,hathitrust,"HT 'Charter Med' (verified route, count to be recorded)",uiug.30112064022012,"Official summary of security transactions and holdings, v.42:10-12",2000,https://babel.hathitrust.org/cgi/pt?id=uiug.30112064022012,access=fulltext view=Full View | record=000501526 | author=United States. Securities and Exchange Commission.,200,TIER1_CANDIDATE,2026-09-25T13:13:34Z
unitedhealth,hathitrust,"HT 'Charter Med' (verified route, count to be recorded)",uiug.30112064022061,"Official summary of security transactions and holdings, v.42:7-9",2000,https://babel.hathitrust.org/cgi/pt?id=uiug.30112064022061,access=fulltext view=Full View | record=000501526 | author=United States. Securities and Exchange Commission.,200,TIER1_CANDIDATE,2026-09-25T13:13:34Z
unitedhealth,hathitrust,"HT 'Charter Med' (verified route, count to be recorded)",uiug.30112059890969,"Official summary of security transactions and holdings, v.44:10-12",2000,https://babel.hathitrust.org/cgi/pt?id=uiug.30112059890969,access=fulltext view=Full View | record=000501526 | author=United States. Securities and Exchange Commission.,200,TIER1_CANDIDATE,2026-09-25T13:13:34Z
unitedhealth,hathitrust,"HT 'Charter Med' (verified route, count to be recorded)",osu.32435022720304,"Official summary of security transactions and holdings, V48NO3-4",2000,https://babel.hathitrust.org/cgi/pt?id=osu.32435022720304,access=fulltext view=Full View | record=000501526 | author=United States. Securities and Exchange Commission.,200,TIER1_CANDIDATE,2026-09-25T13:13:34Z
unitedhealth,hathitrust,"HT 'Charter Med' (verified route, count to be recorded)",coo.31924064616752,"Official summary of security transactions and holdings, v.43 1977:June13-Sept.12",1977,https://babel.hathitrust.org/cgi/pt?id=coo.31924064616752,access=fulltext view=Full View | record=000501526 | author=United States. Securities and Exchange Commission.,200,TIER1_CANDIDATE,2026-09-25T13:13:34Z
unitedhealth,hathitrust,"HT 'Charter Med' (verified route, count to be recorded)",coo.31924064617784,"Official summary of security transactions and holdings, v.41 1975:Sept.11-Dec.10",1975,https://babel.hathitrust.org/cgi/pt?id=coo.31924064617784,access=fulltext view=Full View | record=000501526 | author=United States. Securities and Exchange Commission.,200,TIER1_CANDIDATE,2026-09-25T13:13:34Z
unitedhealth,hathitrust,"HT 'Charter Med' (verified route, count to be recorded)",cub.u183029127489,"Official summary of security transactions and holdings, v.50 no.7 1984",1984,https://babel.hathitrust.org/cgi/pt?id=cub.u183029127489,access=fulltext view=Full View | record=000501526 | author=United States. Securities and Exchange Commission.,200,TIER1_CANDIDATE,2026-09-25T13:13:34Z
unitedhealth,hathitrust,"HT 'Charter Med' (verified route, count to be recorded)",cub.p108111208004,"Official summary of security transactions and holdings, v.40 no.10-12 1974",1974,https://babel.hathitrust.org/cgi/pt?id=cub.p108111208004,access=fulltext view=Full View | record=000501526 | author=United States. Securities and Exchange Commission.,200,TIER1_CANDIDATE,2026-09-25T13:13:34Z
unitedhealth,hathitrust,HT 'Metropolitan Health Plans' 1970-1989,,,,,SKIPPED: global max-requests cap 45 reached,,UNANSWERED,2026-09-25T13:13:34Z
unitedhealth,internet_archive,IA charter med 1971-1980,,,,,EMPTY (proven null): numFound=0,200,NULL,2026-09-25T13:01:36Z
unitedhealth,internet_archive,IA metropolitan health plans,,,,,EMPTY (proven null): numFound=0,200,NULL,2026-09-25T13:01:38Z
unitedhealth,internet_archive,IA unitedhealthcare,gov.uscourts.cacd.393278,Beverly Gregg v. United Health Care Insurance Company,,https://archive.org/details/gov.uscourts.cacd.393278,"texts, ['usfederalcourts', 'USGovernmentDocuments', 'government-documents']",200,LEAD_ONLY,2026-09-25T13:01:40Z
unitedhealth,internet_archive,IA unitedhealthcare,gov.uscourts.nysd.301137,gov.uscourts.nysd.301137,,https://archive.org/details/gov.uscourts.nysd.301137,"texts, ['usfederalcourts', 'USGovernmentDocuments', 'government-documents']",200,LEAD_ONLY,2026-09-25T13:01:40Z
unitedhealth,internet_archive,IA unitedhealthcare,gov.uscourts.nyed.300679,1199/SEIU United Health Care Workers East v. Lily Pond Nursing Home,,https://archive.org/details/gov.uscourts.nyed.300679,"texts, ['usfederalcourts', 'USGovernmentDocuments', 'government-documents']",200,LEAD_ONLY,2026-09-25T13:01:40Z
unitedhealth,internet_archive,IA unitedhealthcare,gov.uscourts.flmd.374311,Smith v. United Health Care Insurance Company,,https://archive.org/details/gov.uscourts.flmd.374311,"texts, ['usfederalcourts', 'USGovernmentDocuments', 'government-documents']",200,LEAD_ONLY,2026-09-25T13:01:40Z
unitedhealth,internet_archive,IA unitedhealthcare,gov.uscourts.cacd.740694,"Julie A. Paolino v. United Health Care Services, Inc.",,https://archive.org/details/gov.uscourts.cacd.740694,"texts, ['usfederalcourts', 'USGovernmentDocuments', 'government-documents']",200,LEAD_ONLY,2026-09-25T13:01:40Z
unitedhealth,internet_archive,IA unitedhealthcare,gov.uscourts.mdd.333943,"Bethesda Chevy Chase Surgery Center, LLC v. United Health Care Insurance Company",,https://archive.org/details/gov.uscourts.mdd.333943,"texts, ['usfederalcourts', 'USGovernmentDocuments', 'government-documents']",200,LEAD_ONLY,2026-09-25T13:01:40Z
unitedhealth,internet_archive,IA unitedhealthcare,gov.uscourts.njd.355316,GARRICK COX MD LLC v. UNITED HEALTH CARE,,https://archive.org/details/gov.uscourts.njd.355316,"texts, ['usfederalcourts', 'USGovernmentDocuments', 'government-documents']",200,LEAD_ONLY,2026-09-25T13:01:40Z
unitedhealth,internet_archive,IA unitedhealthcare,gov.uscourts.mdd.336422,"Bethesda Chevy Chase Surgery Center, LLC v. United Health Care Insurance Company",,https://archive.org/details/gov.uscourts.mdd.336422,"texts, ['usfederalcourts', 'USGovernmentDocuments', 'government-documents']",200,LEAD_ONLY,2026-09-25T13:01:40Z
unitedhealth,internet_archive,IA unitedhealthcare,gov.uscourts.mdd.336423,"Bethesda Chevy Chase Surgery Center, LLC v. United Health Care Insurance Company",,https://archive.org/details/gov.uscourts.mdd.336423,"texts, ['usfederalcourts', 'USGovernmentDocuments', 'government-documents']",200,LEAD_ONLY,2026-09-25T13:01:40Z
unitedhealth,internet_archive,IA unitedhealthcare,gov.uscourts.txnd.410664,Winslow v. United Health Care,,https://archive.org/details/gov.uscourts.txnd.410664,"texts, ['usfederalcourts', 'USGovernmentDocuments', 'government-documents']",200,LEAD_ONLY,2026-09-25T13:01:40Z
unitedhealth,internet_archive,IA unitedhealthcare,gov.uscourts.txnd.267783,Chatmon v. United Health Care Inc,,https://archive.org/details/gov.uscourts.txnd.267783,"texts, ['usfederalcourts', 'USGovernmentDocuments', 'government-documents']",200,LEAD_ONLY,2026-09-25T13:01:40Z
unitedhealth,internet_archive,IA unitedhealthcare,gov.uscourts.mdd.336412,"Bethesda Chevy Chase Surgery Center, LLC v. United Health Care Insurance Company",,https://archive.org/details/gov.uscourts.mdd.336412,"texts, ['usfederalcourts', 'USGovernmentDocuments', 'government-documents']",200,LEAD_ONLY,2026-09-25T13:01:40Z
unitedhealth,internet_archive,IA unitedhealthcare,gov.uscourts.flmd.296979,Basham v. United Health Care Insurance Company,,https://archive.org/details/gov.uscourts.flmd.296979,"texts, ['usfederalcourts', 'USGovernmentDocuments', 'government-documents']",200,LEAD_ONLY,2026-09-25T13:01:40Z
unitedhealth,internet_archive,IA unitedhealthcare,gov.uscourts.ctd.18162,gov.uscourts.ctd.18162,,https://archive.org/details/gov.uscourts.ctd.18162,"texts, ['usfederalcourts', 'USGovernmentDocuments', 'government-documents']",200,LEAD_ONLY,2026-09-25T13:01:40Z
unitedhealth,internet_archive,IA unitedhealthcare,gov.uscourts.mdd.336401,"Betheda Chevy Chase Surgery Center, LLC v. United Health Care Insurance Company",,https://archive.org/details/gov.uscourts.mdd.336401,"texts, ['usfederalcourts', 'USGovernmentDocuments', 'government-documents']",200,LEAD_ONLY,2026-09-25T13:01:40Z
unitedhealth,internet_archive,IA unitedhealthcare,gov.uscourts.cacd.739216,"Michael F. Sedrak, M.D. v. United Health Care Services, Inc.",,https://archive.org/details/gov.uscourts.cacd.739216,"texts, ['usfederalcourts', 'USGovernmentDocuments', 'government-documents']",200,LEAD_ONLY,2026-09-25T13:01:40Z
unitedhealth,internet_archive,IA unitedhealthcare,gov.uscourts.njd.299212,EMERGENCY PHYSICIANS OF ST. CLARE'S v. UNITED HEALTH CARE,,https://archive.org/details/gov.uscourts.njd.299212,"texts, ['usfederalcourts', 'USGovernmentDocuments', 'government-documents']",200,LEAD_ONLY,2026-09-25T13:01:40Z
unitedhealth,internet_archive,IA unitedhealthcare,gov.uscourts.almd.90580,Miller v. United Health Care,,https://archive.org/details/gov.uscourts.almd.90580,"texts, ['usfederalcourts', 'USGovernmentDocuments', 'government-documents']",200,LEAD_ONLY,2026-09-25T13:01:40Z
unitedhealth,internet_archive,IA unitedhealthcare,gov.uscourts.azd.430733,Unbehauen v. Secure Horizons/Pacificare/United Health Care,,https://archive.org/details/gov.uscourts.azd.430733,"texts, ['usfederalcourts', 'USGovernmentDocuments', 'government-documents']",200,LEAD_ONLY,2026-09-25T13:01:40Z
unitedhealth,internet_archive,IA unitedhealthcare,gov.uscourts.njd.335629,GARRICK COX MD LLC v. OXFORD UNITED HEALTH CARE,,https://archive.org/details/gov.uscourts.njd.335629,"texts, ['usfederalcourts', 'USGovernmentDocuments', 'government-documents']",200,LEAD_ONLY,2026-09-25T13:01:40Z
unitedhealth,internet_archive,IA united healthplan / physicians health plan minnesota,micro_IA40385020_0854,"Ocean State Physicians Health Plan, Inc. v. c, 494 U.S. 1027 (1990) (No. 89-1044)",1990-01-01,https://archive.org/details/micro_IA40385020_0854,"texts, ['microfiche', 'us-supreme-court', 'USGovernmentDocuments']",200,TIER1_CANDIDATE,2026-09-25T13:01:42Z
walmart,chronicling_america,"CA-CANARY titles Bentonville (reachability probe, 1 request)",,,,,"UNANSWERED[bot_challenge]: HTTP 403 Cloudflare bot-management challenge (Cf-Mitigated: challenge, Cf-Ray: a40a47fa1b411e0a-DEL). The host answered 'prove you are a browser' and never searched anything: UNANSWERED, not a null, and no parameter change will fix it saved:chronicling_america/91070c2595d2f240-r20260925T131232Z.json",403,UNANSWERED,2026-09-25T13:12:32Z
walmart,chronicling_america,CA-CANARY bulk inventory listing (reachability probe),,,,,"UNANSWERED[bot_challenge]: HTTP 403 Cloudflare bot-management challenge (Cf-Mitigated: challenge, Cf-Ray: a40a480658155505-DEL). The host answered 'prove you are a browser' and never searched anything: UNANSWERED, not a null, and no parameter change will fix it saved:chronicling_america/55f0a44f742870ad-r20260925T131232Z.json",403,UNANSWERED,2026-09-25T13:12:34Z
walmart,chronicling_america,CA 'Wal-Mart' Bentonville AR 1960-1969,,,,,"UNANSWERED[bot_challenge]: HTTP 403 Cloudflare bot-management challenge (Cf-Mitigated: challenge, Cf-Ray: a40a4812de96b232-DEL). The host answered 'prove you are a browser' and never searched anything: UNANSWERED, not a null, and no parameter change will fix it saved:chronicling_america/10978fed9422f9b8-r20260925T131232Z.json",403,UNANSWERED,2026-09-25T13:12:36Z
walmart,chronicling_america,CA 'Wal-Mart' Rogers AR 1962-1969,,,,,"UNANSWERED[bot_challenge]: HTTP 403 Cloudflare bot-management challenge (Cf-Mitigated: challenge, Cf-Ray: a40a481f4ee5dddd-DEL). The host answered 'prove you are a browser' and never searched anything: UNANSWERED, not a null, and no parameter change will fix it saved:chronicling_america/e9e4ae6bd63597d5-r20260925T131232Z.json",403,UNANSWERED,2026-09-25T13:12:38Z
walmart,chronicling_america,CA 'Wal-Mart Stores' Arkansas 1968-1975,,,,,"UNANSWERED[bot_challenge]: HTTP 403 Cloudflare bot-management challenge (Cf-Mitigated: challenge, Cf-Ray: a40a482bddde101a-DEL). The host answered 'prove you are a browser' and never searched anything: UNANSWERED, not a null, and no parameter change will fix it saved:chronicling_america/161d9c2d2353814c-r20260925T131232Z.json",403,UNANSWERED,2026-09-25T13:12:40Z
walmart,chronicling_america,"CA ""Walton's"" Newport ARKANSAS 1945-1955",,,,,SKIPPED: hard stop: 5 consecutive failures (host halted),,UNANSWERED,2026-09-25T13:12:40Z
walmart,chronicling_america,"CA ""Walton's"" Newport MISSOURI 1945-1955 (kept deliberately)",,,,,SKIPPED: hard stop: 5 consecutive failures (host halted),,UNANSWERED,2026-09-25T13:12:40Z
walmart,chronicling_america,CA 'Walton' Ben Franklin Arkansas 1945-1962,,,,,SKIPPED: hard stop: 5 consecutive failures (host halted),,UNANSWERED,2026-09-25T13:12:40Z
walmart,chronicling_america,CA 'five and dime' Arkansas 1945-1965,,,,,SKIPPED: hard stop: 5 consecutive failures (host halted),,UNANSWERED,2026-09-25T13:12:40Z
walmart,chronicling_america,CA 'five-and-dime' 1945-1965 (hyphen variant kept),,,,,SKIPPED: hard stop: 5 consecutive failures (host halted),,UNANSWERED,2026-09-25T13:12:40Z
walmart,corporate_print,CP walmart annual-report run 1970-1998 (EXEMPLAR),1996-annual-report-for-walmart-stores-inc,1996 Annual Report For Walmart Stores Inc,1996-01-01,https://archive.org/details/1996-annual-report-for-walmart-stores-inc,"texts, ['walmart_reports', 'magazine_rack', 'newsmagazines', 'fav-princeprimeval', 'fav-samtovar'], Walmart",200,TIER1_CANDIDATE,2026-09-25T13:01:29Z
walmart,corporate_print,CP walmart annual-report run 1970-1998 (EXEMPLAR),1983-annual-report-for-walmart-stores-inc,1983 Annual Report For Walmart Stores Inc,1983-01-01,https://archive.org/details/1983-annual-report-for-walmart-stores-inc,"texts, ['walmart_reports', 'magazine_rack', 'newsmagazines', 'fav-kellykel'], Walmart",200,TIER1_CANDIDATE,2026-09-25T13:01:29Z
walmart,corporate_print,CP walmart annual-report run 1970-1998 (EXEMPLAR),1976-annual-report-for-walmart-stores-inc,1976 Annual Report For Walmart Stores Inc,1976-01-01,https://archive.org/details/1976-annual-report-for-walmart-stores-inc,"texts, ['walmart_reports', 'magazine_rack', 'newsmagazines', 'fav-timroust'], Walmart",200,TIER1_CANDIDATE,2026-09-25T13:01:29Z
walmart,corporate_print,CP walmart annual-report run 1970-1998 (EXEMPLAR),1974-annual-report-for-walmart-stores-inc,1974 Annual Report For Walmart Stores Inc,1974-01-01,https://archive.org/details/1974-annual-report-for-walmart-stores-inc,"texts, ['walmart_reports', 'magazine_rack', 'newsmagazines', 'fav-amitagrawal', 'fav-rafaela_mascaro', 'fav-samtovar'], ",200,TIER1_CANDIDATE,2026-09-25T13:01:29Z
walmart,corporate_print,CP walmart annual-report run 1970-1998 (EXEMPLAR),1972-annual-report-for-walmart-stores-inc,1972 Annual Report For Walmart Stores Inc,1972-01-01,https://archive.org/details/1972-annual-report-for-walmart-stores-inc,"texts, ['walmart_reports', 'magazine_rack', 'newsmagazines', 'fav-andwhatsnext'], Walmart",200,TIER1_CANDIDATE,2026-09-25T13:01:29Z
walmart,corporate_print,CP walmart annual-report run 1970-1998 (EXEMPLAR),1985-annual-report-for-walmart-stores-inc,1985 Annual Report For Walmart Stores Inc,1985-01-01,https://archive.org/details/1985-annual-report-for-walmart-stores-inc,"texts, ['walmart_reports', 'magazine_rack', 'newsmagazines', 'fav-drkiwi', 'fav-timroust'], Walmart",200,TIER1_CANDIDATE,2026-09-25T13:01:29Z
walmart,corporate_print,CP walmart annual-report run 1970-1998 (EXEMPLAR),1987-annual-report-for-walmart-stores-inc,1987 Annual Report For Walmart Stores Inc,1987-01-01,https://archive.org/details/1987-annual-report-for-walmart-stores-inc,"texts, ['walmart_reports', 'magazine_rack', 'newsmagazines', 'fav-drkiwi'], Walmart",200,TIER1_CANDIDATE,2026-09-25T13:01:29Z
walmart,corporate_print,CP walmart annual-report run 1970-1998 (EXEMPLAR),1998-annual-report-for-walmart-stores-inc,1998 Annual Report For Walmart Stores Inc,1998-01-01,https://archive.org/details/1998-annual-report-for-walmart-stores-inc,"texts, ['walmart_reports', 'magazine_rack', 'newsmagazines'], Walmart",200,TIER1_CANDIDATE,2026-09-25T13:01:29Z
walmart,corporate_print,CP walmart annual-report run 1970-1998 (EXEMPLAR),1995-annual-report-for-walmart-stores-inc,1995 Annual Report For Walmart Stores Inc,1995-01-01,https://archive.org/details/1995-annual-report-for-walmart-stores-inc,"texts, ['walmart_reports', 'magazine_rack', 'newsmagazines', 'fav-samtovar'], Walmart",200,TIER1_CANDIDATE,2026-09-25T13:01:29Z
walmart,corporate_print,CP walmart annual-report run 1970-1998 (EXEMPLAR),1986-annual-report-for-walmart-stores-inc,1986 Annual Report For Walmart Stores Inc,1986-01-01,https://archive.org/details/1986-annual-report-for-walmart-stores-inc,"texts, ['walmart_reports', 'magazine_rack', 'newsmagazines', 'fav-drkiwi', 'fav-samtovar'], Walmart",200,TIER1_CANDIDATE,2026-09-25T13:01:29Z
walmart,corporate_print,CP walmart annual-report run 1970-1998 (EXEMPLAR),1988-annual-report-for-walmart-stores-inc,1988 Annual Report For Walmart Stores Inc,1988-01-01,https://archive.org/details/1988-annual-report-for-walmart-stores-inc,"texts, ['walmart_reports', 'magazine_rack', 'newsmagazines', 'fav-drkiwi', 'fav-rub_n_m_esquivel'], Walmart",200,TIER1_CANDIDATE,2026-09-25T13:01:29Z
walmart,corporate_print,CP walmart annual-report run 1970-1998 (EXEMPLAR),1977-annual-report-for-walmart-stores-inc,1977 Annual Report For Walmart Stores Inc,1977-01-01,https://archive.org/details/1977-annual-report-for-walmart-stores-inc,"texts, ['walmart_reports', 'magazine_rack', 'newsmagazines', 'fav-avian_roads'], Walmart",200,TIER1_CANDIDATE,2026-09-25T13:01:29Z
walmart,corporate_print,CP walmart annual-report run 1970-1998 (EXEMPLAR),1989-annual-report-for-walmart-stores-inc,1989 Annual Report For Walmart Stores Inc,1989-01-01,https://archive.org/details/1989-annual-report-for-walmart-stores-inc,"texts, ['walmart_reports', 'magazine_rack', 'newsmagazines', 'fav-drkiwi'], Walmart",200,TIER1_CANDIDATE,2026-09-25T13:01:29Z
walmart,corporate_print,CP walmart annual-report run 1970-1998 (EXEMPLAR),1992-annual-report-for-walmart-stores-inc,1992 Annual Report For Walmart Stores Inc,1992-01-01,https://archive.org/details/1992-annual-report-for-walmart-stores-inc,"texts, ['walmart_reports', 'magazine_rack', 'newsmagazines'], Walmart",200,TIER1_CANDIDATE,2026-09-25T13:01:29Z
walmart,corporate_print,CP walmart annual-report run 1970-1998 (EXEMPLAR),1990-annual-report-for-walmart-stores-inc,1990 Annual Report For Walmart Stores Inc,1990-01-01,https://archive.org/details/1990-annual-report-for-walmart-stores-inc,"texts, ['walmart_reports', 'magazine_rack', 'newsmagazines'], Walmart",200,TIER1_CANDIDATE,2026-09-25T13:01:29Z
walmart,corporate_print,CP walmart annual-report run 1970-1998 (EXEMPLAR),1981-annual-report-for-walmart-stores-inc,1981 Annual Report For Walmart Stores Inc,1981-01-01,https://archive.org/details/1981-annual-report-for-walmart-stores-inc,"texts, ['walmart_reports', 'magazine_rack', 'newsmagazines', 'fav-drkiwi'], Walmart",200,TIER1_CANDIDATE,2026-09-25T13:01:29Z
walmart,corporate_print,CP walmart annual-report run 1970-1998 (EXEMPLAR),1978-annual-report-for-walmart-stores-inc,1978 Annual Report For Walmart Stores Inc,1978-01-01,https://archive.org/details/1978-annual-report-for-walmart-stores-inc,"texts, ['walmart_reports', 'magazine_rack', 'newsmagazines'], Walmart",200,TIER1_CANDIDATE,2026-09-25T13:01:29Z
walmart,corporate_print,CP walmart annual-report run 1970-1998 (EXEMPLAR),1982-annual-report-for-walmart-stores-inc,1982 Annual Report For Walmart Stores Inc,1982-01-01,https://archive.org/details/1982-annual-report-for-walmart-stores-inc,"texts, ['walmart_reports', 'magazine_rack', 'newsmagazines', 'fav-ab1111_mail_com511', 'fav-drkiwi'], Walmart",200,TIER1_CANDIDATE,2026-09-25T13:01:29Z
walmart,corporate_print,CP walmart annual-report run 1970-1998 (EXEMPLAR),1975-annual-report-for-walmart-stores-inc,1975 Annual Report For Walmart Stores Inc,1975-01-01,https://archive.org/details/1975-annual-report-for-walmart-stores-inc,"texts, ['walmart_reports', 'magazine_rack', 'newsmagazines', 'fav-joel_glass', 'fav-kellykel'], Walmart",200,TIER1_CANDIDATE,2026-09-25T13:01:29Z
walmart,corporate_print,CP walmart annual-report run 1970-1998 (EXEMPLAR),1973-annual-report-for-walmart-stores-inc,1973 Annual Report For Walmart Stores Inc,1973-01-01,https://archive.org/details/1973-annual-report-for-walmart-stores-inc,"texts, ['walmart_reports', 'magazine_rack', 'newsmagazines'], Walmart",200,TIER1_CANDIDATE,2026-09-25T13:01:29Z
walmart,corporate_print,CP walmart annual-report run 1970-1998 (EXEMPLAR),1997-annual-report-for-walmart-stores-inc,1997 Annual Report For Walmart Stores Inc,1997-01-01,https://archive.org/details/1997-annual-report-for-walmart-stores-inc,"texts, ['walmart_reports', 'magazine_rack', 'newsmagazines'], Walmart",200,TIER1_CANDIDATE,2026-09-25T13:01:29Z
walmart,corporate_print,CP walmart annual-report run 1970-1998 (EXEMPLAR),1993-annual-report-for-walmart-stores-inc,1993 Annual Report For Walmart Stores Inc,1993-01-01,https://archive.org/details/1993-annual-report-for-walmart-stores-inc,"texts, ['walmart_reports', 'magazine_rack', 'newsmagazines', 'fav-samtovar'], Walmart",200,TIER1_CANDIDATE,2026-09-25T13:01:29Z
walmart,corporate_print,CP walmart annual-report run 1970-1998 (EXEMPLAR),1994-annual-report-for-walmart-stores-inc,1994 Annual Report For Walmart Stores Inc,1994-01-01,https://archive.org/details/1994-annual-report-for-walmart-stores-inc,"texts, ['walmart_reports', 'magazine_rack', 'newsmagazines', 'fav-samtovar'], Walmart",200,TIER1_CANDIDATE,2026-09-25T13:01:29Z
walmart,corporate_print,CP walmart annual-report run 1970-1998 (EXEMPLAR),1991-annual-report-for-walmart-stores-inc,1991 Annual Report For Walmart Stores Inc,1991-01-01,https://archive.org/details/1991-annual-report-for-walmart-stores-inc,"texts, ['walmart_reports', 'magazine_rack', 'newsmagazines'], Walmart",200,TIER1_CANDIDATE,2026-09-25T13:01:29Z
walmart,corporate_print,CP walmart annual-report run 1970-1998 (EXEMPLAR),1979-annual-report-for-walmart-stores-inc,1979 Annual Report For Walmart Stores Inc,1979-01-01,https://archive.org/details/1979-annual-report-for-walmart-stores-inc,"texts, ['walmart_reports', 'magazine_rack', 'newsmagazines', 'fav-rafaela_mascaro'], Walmart",200,TIER1_CANDIDATE,2026-09-25T13:01:29Z
walmart,corporate_print,CP walmart annual-report run 1970-1998 (EXEMPLAR),1984-annual-report-for-walmart-stores-inc,1984 Annual Report For Walmart Stores Inc,1984-01-01,https://archive.org/details/1984-annual-report-for-walmart-stores-inc,"texts, ['walmart_reports', 'magazine_rack', 'newsmagazines', 'fav-colibripolicromo', 'fav-drkiwi'], Walmart",200,TIER1_CANDIDATE,2026-09-25T13:01:29Z
walmart,corporate_print,CP walmart annual-report run 1970-1998 (EXEMPLAR),1980-annual-report-for-walmart-stores-inc,1980 Annual Report For Walmart Stores Inc,1980-01-01,https://archive.org/details/1980-annual-report-for-walmart-stores-inc,"texts, ['walmart_reports', 'magazine_rack', 'newsmagazines', 'fav-drkiwi', 'fav-kellykel', 'fav-rub_n_m_esquivel'], Walm",200,TIER1_CANDIDATE,2026-09-25T13:01:29Z
walmart,corporate_print,CP walmart pre-FY1972 corporate print 1962-1971,,,,,"EMPTY (proven null): numFound=0 FOR THESE EXACT PARAMS ONLY — per-param, never per-corpus; the family stays open until digitised corporate print is searched on other indexes too",200,NULL,2026-09-25T13:01:31Z
walmart,corporate_print,CP text availability FY1972 AR,1972-annual-report-for-walmart-stores-inc,1972 Annual Report For Walmart Stores Inc,1972,https://ia801404.us.archive.org/11/items/1972-annual-report-for-walmart-stores-inc/1972-annual-report-for-walmart-stores-inc_djvu.txt,TEXT LAYER PRESENT | server=ia801404.us.archive.org dir=/11/items/1972-annual-report-for-walmart-stores-inc | 1972-annual-report-for-walmart-stores-inc_djvu.txt,200,TIER1_CANDIDATE,2026-09-25T13:01:34Z
walmart,corporate_print,CP FY1972 AR full text (direct server),1972-annual-report-for-walmart-stores-inc,,,,TIER-1 TEXT RETRIEVED 23989 B: MISSOURI KANSAS * 9 9 9 OKLAHOMA wai-mjr: ? ARKANSAS DISCOUNT CITY LOUISIANA WE SELL FOR LESS Guaranteed Quality at Discount Prices HH 5 YEAR FINANCIA,200,TIER1_CANDIDATE,2026-09-25T13:01:35Z
walmart,google_books,"GB 'Wal-Mart' Bentonville Rogers (verified 200, 10 volumes)",,,,,"FEED SUMMARY: 10 volume(s) returned, totalResults=300 (Google's display cap, NOT a corpus count), snippet/full-text nodes present=0 -> keyless Google Books is a finding aid only; cite the volume and page, then obtain the text elsewhere (IA / HathiTrust / a Books API key).",200,LEAD_ONLY,2026-09-25T13:12:53Z
walmart,google_books,"GB 'Wal-Mart' Bentonville Rogers (verified 200, 10 volumes)",8sSynmZk4rIC,The World of Wal-Mart,2013-01-04,https://books.google.com/books?id=8sSynmZk4rIC&pg=PA138,viewability=partial | matched page=PA138 | Routledge | Nick Copeland,200,TIER1_CANDIDATE,2026-09-25T13:12:53Z
walmart,google_books,"GB 'Wal-Mart' Bentonville Rogers (verified 200, 10 volumes)",gO-vwa_g7x4C,The Wal-Mart Effect,2007-02-01,https://books.google.com/books?id=gO-vwa_g7x4C&pg=PT332,viewability=partial | matched page=PT332 | Penguin UK | Charles Fishman,200,TIER1_CANDIDATE,2026-09-25T13:12:53Z
walmart,google_books,"GB 'Wal-Mart' Bentonville Rogers (verified 200, 10 volumes)",Xc9bE6D9SBEC,Directory of Building Products &amp; Hardlines Distributors,1998,https://books.google.com/books?id=Xc9bE6D9SBEC,viewability=no_pages | matched page=- | - | -,200,LEAD_ONLY,2026-09-25T13:12:53Z
walmart,google_books,"GB 'Wal-Mart' Bentonville Rogers (verified 200, 10 volumes)",2BIpAQAAMAAJ,Wal-Mart,1994,https://books.google.com/books?id=2BIpAQAAMAAJ,viewability=no_pages | matched page=- | Macmillan Reference USA | Sandra Stringer Vance,200,LEAD_ONLY,2026-09-25T13:12:53Z
walmart,google_books,"GB 'Wal-Mart' Bentonville Rogers (verified 200, 10 volumes)",pwzPwD988-MC,Official Gazette of the United States Patent and Trademark Office,2004,https://books.google.com/books?id=pwzPwD988-MC&pg=RA2,viewability=all_pages | matched page=RA2 | - | -,200,TIER1_CANDIDATE,2026-09-25T13:12:53Z
walmart,google_books,"GB 'Wal-Mart' Bentonville Rogers (verified 200, 10 volumes)",wTkVAQAAMAAJ,Directory of Discount Department Stores,1992,https://books.google.com/books?id=wTkVAQAAMAAJ,viewability=no_pages | matched page=- | - | -,200,LEAD_ONLY,2026-09-25T13:12:53Z
walmart,google_books,"GB 'Wal-Mart' Bentonville Rogers (verified 200, 10 volumes)",dzIVAQAAMAAJ,Directory of Discount &amp; General Merchandise Stores,1997,https://books.google.com/books?id=dzIVAQAAMAAJ,viewability=no_pages | matched page=- | - | -,200,LEAD_ONLY,2026-09-25T13:12:53Z
walmart,google_books,"GB 'Wal-Mart' Bentonville Rogers (verified 200, 10 volumes)",HyQVAQAAMAAJ,Directory of Department Stores,1996,https://books.google.com/books?id=HyQVAQAAMAAJ,viewability=no_pages | matched page=- | - | -,200,LEAD_ONLY,2026-09-25T13:12:53Z
walmart,google_books,"GB 'Wal-Mart' Bentonville Rogers (verified 200, 10 volumes)",ePtsAAAAMAAJ,Hayes Druggist Directory,1997,https://books.google.com/books?id=ePtsAAAAMAAJ,viewability=no_pages | matched page=- | - | -,200,LEAD_ONLY,2026-09-25T13:12:53Z
walmart,google_books,"GB 'Wal-Mart' Bentonville Rogers (verified 200, 10 volumes)",N_bsAAAAMAAJ,Management,1993,https://books.google.com/books?id=N_bsAAAAMAAJ&pg=PA181,viewability=partial | matched page=PA181 | - | Arthur G. Bedeian,200,TIER1_CANDIDATE,2026-09-25T13:12:53Z
walmart,google_books,"GB ""Walton's"" 'five and dime' 1945-1965 era",,,,,"FEED SUMMARY: 10 volume(s) returned, totalResults=300 (Google's display cap, NOT a corpus count), snippet/full-text nodes present=0 -> keyless Google Books is a finding aid only; cite the volume and page, then obtain the text elsewhere (IA / HathiTrust / a Books API key).",200,LEAD_ONLY,2026-09-25T13:12:55Z
walmart,google_books,"GB ""Walton's"" 'five and dime' 1945-1965 era",RPrPEQAAQBAJ,Billions,2026-04-11,https://books.google.com/books?id=RPrPEQAAQBAJ&pg=PT125,viewability=partial | matched page=PT125 | J.F. Publishing | J.F. Hughes,200,TIER1_CANDIDATE,2026-09-25T13:12:55Z
walmart,google_books,"GB ""Walton's"" 'five and dime' 1945-1965 era",ggN9Kp8UVfwC,Sam Walton,2012-09-12,https://books.google.com/books?id=ggN9Kp8UVfwC&pg=PA43,viewability=partial | matched page=PA43 | Bantam | Sam Walton,200,TIER1_CANDIDATE,2026-09-25T13:12:55Z
walmart,google_books,"GB ""Walton's"" 'five and dime' 1945-1965 era",QiSQDwAAQBAJ,Openness to Creative Destruction,2019,https://books.google.com/books?id=QiSQDwAAQBAJ&pg=PA104,viewability=partial | matched page=PA104 | - | Arthur M. Diamond,200,TIER1_CANDIDATE,2026-09-25T13:12:55Z
walmart,google_books,"GB ""Walton's"" 'five and dime' 1945-1965 era",2Ai2RnNImbgC,The Impact of Wal-Mart on the British Retail Market,2007-08,https://books.google.com/books?id=2Ai2RnNImbgC&pg=PA3,viewability=partial | matched page=PA3 | GRIN Verlag | Axel Antoni,200,TIER1_CANDIDATE,2026-09-25T13:12:55Z
walmart,google_books,"GB ""Walton's"" 'five and dime' 1945-1965 era",ndd9on007mUC,Congressional Record,1992,https://books.google.com/books?id=ndd9on007mUC&pg=PA8787,viewability=all_pages | matched page=PA8787 | - | United States. Congress,200,TIER1_CANDIDATE,2026-09-25T13:12:55Z
walmart,google_books,"GB ""Walton's"" 'five and dime' 1945-1965 era",nAY8202A1OgC,Winning the NFL Way,2009-03-17,https://books.google.com/books?id=nAY8202A1OgC&pg=PT16,viewability=partial | matched page=PT16 | Harper Collins | Bob LaMonte,200,TIER1_CANDIDATE,2026-09-25T13:12:55Z
walmart,google_books,"GB ""Walton's"" 'five and dime' 1945-1965 era",DpT-fDrjITUC,Sam Walton Story,1992,https://books.google.com/books?id=DpT-fDrjITUC,viewability=no_pages | matched page=- | Berkley | Austin Teutsch,200,LEAD_ONLY,2026-09-25T13:12:55Z
walmart,google_books,"GB ""Walton's"" 'five and dime' 1945-1965 era",USInAQAAIAAJ,Time,1992-04,https://books.google.com/books?id=USInAQAAIAAJ,viewability=no_pages | matched page=- | - | Briton Hadden,200,LEAD_ONLY,2026-09-25T13:12:55Z
walmart,google_books,"GB ""Walton's"" 'five and dime' 1945-1965 era",1Je4AAAAIAAJ,New Ideas from Dead CEOs,2007-05-08,https://books.google.com/books?id=1Je4AAAAIAAJ,viewability=no_pages | matched page=- | HarperBusiness | Todd G. Buchholz,200,LEAD_ONLY,2026-09-25T13:12:55Z
walmart,google_books,"GB ""Walton's"" 'five and dime' 1945-1965 era",_tAiAQAAIAAJ,KoreAm Journal,2006,https://books.google.com/books?id=_tAiAQAAIAAJ,viewability=no_pages | matched page=- | - | -,200,LEAD_ONLY,2026-09-25T13:12:55Z
walmart,google_books,"GB v1 control: is keyless quota still 0? (expect 429, reason recorded)",,,,,"UNANSWERED (NOT a rate limit to back off from): HTTP 429 with reason=rateLimitExceeded on the quota limit 'Queries per day' whose quota_limit_value is 0 for Google's SHARED ANONYMOUS project. Keyless books.googleapis.com is switched off for everyone, from every egress; throttling and retries change nothing. Either pass --gb-key / GOOGLE_BOOKS_API_KEY or use the verified keyless endpoint books.google.com/books/feeds/volumes | body: { ""error"": { ""code"": 429, ""message"": ""Quota exceeded for quota metric 'Queries' and limit 'Queries per day' of service 'books.googleapis.com' for consumer 'project_number:624717413613'."", ""errors"": [ { ""message"": ""Quota exceeded for quota metric 'Queries' and ",429,UNANSWERED,2026-09-25T13:13:31Z
walmart,hathitrust,"HT 'Wal-Mart' Bentonville (verified 11,850 / 2,638 full view)",,,,,"UNANSWERED[bot_challenge]: HTTP 403 Cloudflare bot-management challenge (Cf-Mitigated: challenge, Cf-Ray: a40a4130efddf563-DEL). The host answered 'prove you are a browser' and never searched anything: UNANSWERED, not a null, and no parameter change will fix it saved:hathitrust/b26025e17b94bafb-r20260925T130745Z.html",403,UNANSWERED,2026-09-25T13:07:55Z
walmart,hathitrust,HT 'Wal-Mart' Bentonville 1960-1969 (verified 45 / 4 full view),,,,,"UNANSWERED[bot_challenge]: HTTP 403 Cloudflare bot-management challenge (Cf-Mitigated: challenge, Cf-Ray: a40a413d0b7f976b-DEL). The host answered 'prove you are a browser' and never searched anything: UNANSWERED, not a null, and no parameter change will fix it saved:hathitrust/640238bfc6cb7376-r20260925T130745Z.html",403,UNANSWERED,2026-09-25T13:07:56Z
walmart,hathitrust,"HT ""Walton's"" 'five-and-dime' (verified 1,529 / 59 full view)",,,,,"UNANSWERED[bot_challenge]: HTTP 403 Cloudflare bot-management challenge (Cf-Mitigated: challenge, Cf-Ray: a40a41497845b62c-DEL). The host answered 'prove you are a browser' and never searched anything: UNANSWERED, not a null, and no parameter change will fix it saved:hathitrust/cec8b0d7cadf3390-r20260925T130745Z.html",403,UNANSWERED,2026-09-25T13:07:58Z
walmart,hathitrust,"HT CONTROL 'five and dime' variety store 1950-1959 (verified 2,284 / 187)",,,,,"UNANSWERED[bot_challenge]: HTTP 403 Cloudflare bot-management challenge (Cf-Mitigated: challenge, Cf-Ray: a40a4155ed301f8f-DEL). The host answered 'prove you are a browser' and never searched anything: UNANSWERED, not a null, and no parameter change will fix it saved:hathitrust/a479303933789ab1-r20260925T130745Z.html",403,UNANSWERED,2026-09-25T13:08:00Z
walmart,hathitrust,"HT 'Wal-Mart' Bentonville (verified 11,850 / 2,638 full view)",,,,,"FACET COUNTS: All Items=11,850, Full View=2,638; 100 record block(s) on this page. HathiTrust full-text search returns RECORDS, not snippet text (0 <mark>/snippet nodes in the live response), so nothing here is readable text until the item itself is opened.",200,LEAD_ONLY,2026-09-25T13:12:43Z
walmart,hathitrust,"HT 'Wal-Mart' Bentonville (verified 11,850 / 2,638 full view)",pst.000023489691,"The impact of discount superstores on small business and local communities : hearing before the Committee on Small Business, House of Repres",1995,https://babel.hathitrust.org/cgi/pt?id=pst.000023489691,access=fulltext view=Full View | record=008524229 | author=United States. Congress. House. Committee on Small Business.,200,TIER1_CANDIDATE,2026-09-25T13:12:43Z
walmart,hathitrust,"HT 'Wal-Mart' Bentonville (verified 11,850 / 2,638 full view)",pur1.32754078649484,"Ice in the Ozarks : the methamphetamine epidemic in Arkansas : hearing before the Subcommittee on Criminal Justice, Drug Policy and Human Re",2004,https://babel.hathitrust.org/cgi/pt?id=pur1.32754078649484,"access=fulltext view=Full View | record=005022770 | author=United States. Congress. House. Committee on Government Reform. Subcommittee on Criminal Justice, Drug Policy, and Human Resources.",200,TIER1_CANDIDATE,2026-09-25T13:12:43Z
walmart,hathitrust,"HT 'Wal-Mart' Bentonville (verified 11,850 / 2,638 full view)",pst.000033207582,"Supercenters : the emerging force in food retailing / Gene A. German, Gerard F. Hawkes, Debra J. Perosio",1993,https://babel.hathitrust.org/cgi/pt?id=pst.000033207582,"access=fulltext view=Full View | record=012264669 | author=German, Gene A.",200,TIER1_CANDIDATE,2026-09-25T13:12:43Z
walmart,hathitrust,"HT 'Wal-Mart' Bentonville (verified 11,850 / 2,638 full view)",pst.000066747901,"Energy efficiency in buildings hearing before the Committee on Energy and Natural Resources, United States Senate, One Hundred Eleventh Cong",2009,https://babel.hathitrust.org/cgi/pt?id=pst.000066747901,access=fulltext view=Full View | record=103168839 | author=United States. Congress. Senate. Committee on Energy and Natural Resources.,200,TIER1_CANDIDATE,2026-09-25T13:12:43Z
walmart,hathitrust,"HT 'Wal-Mart' Bentonville (verified 11,850 / 2,638 full view)",pst.000058948408,Examining the impact of State mandates on employer provided health insurance : hearing before the Subcommittee on Employer-Employee Relation,2006,https://babel.hathitrust.org/cgi/pt?id=pst.000058948408,access=fulltext view=Full View | record=005374662 | author=United States. Congress. House. Committee on Education and the Workforce. Subcommittee on Employer-Employee Relations.,200,TIER1_CANDIDATE,2026-09-25T13:12:43Z
walmart,hathitrust,"HT 'Wal-Mart' Bentonville (verified 11,850 / 2,638 full view)",coo.31924092403850,A review of selected e-recruiting websites : disability accessibility considerations / William A. Erickson,2002,https://babel.hathitrust.org/cgi/pt?id=coo.31924092403850,"access=fulltext view=Full View | record=009884100 | author=Erickson, William A. 1962-",200,TIER1_CANDIDATE,2026-09-25T13:12:43Z
walmart,hathitrust,"HT 'Wal-Mart' Bentonville (verified 11,850 / 2,638 full view)",pst.000058938614,"Freight logistics : the road ahead as seen by the users of the highway system : hearing before the Subcommittee on Highways, Transit, and Pi",2007,https://babel.hathitrust.org/cgi/pt?id=pst.000058938614,"access=fulltext view=Full View | record=005552896 | author=United States. Congress. House. Committee on Transportation and Infrastructure. Subcommittee on Highways, Transit, and Pipelines.",200,TIER1_CANDIDATE,2026-09-25T13:12:43Z
walmart,hathitrust,"HT 'Wal-Mart' Bentonville (verified 11,850 / 2,638 full view)",pur1.32754066656566,Rental housing development and HOME : four case studies,1996,https://babel.hathitrust.org/cgi/pt?id=pur1.32754066656566,access=fulltext view=Full View | record=003137667 | author=-,200,TIER1_CANDIDATE,2026-09-25T13:12:43Z
walmart,hathitrust,"HT 'Wal-Mart' Bentonville (verified 11,850 / 2,638 full view)",pst.000058792803,Hurricane Katrina : what can the government learn from the private sector's response? : hearing before the Committee on Homeland Security an,2006,https://babel.hathitrust.org/cgi/pt?id=pst.000058792803,access=fulltext view=Full View | record=005285132 | author=United States. Congress. Senate. Committee on Homeland Security and Governmental Affairs.,200,TIER1_CANDIDATE,2026-09-25T13:12:43Z
walmart,hathitrust,"HT 'Wal-Mart' Bentonville (verified 11,850 / 2,638 full view)",mdp.39015040659511,Rental housing development and HOME : four case studies,1996,https://babel.hathitrust.org/cgi/pt?id=mdp.39015040659511,access=fulltext view=Full View | record=003137667 | author=-,200,TIER1_CANDIDATE,2026-09-25T13:12:43Z
walmart,hathitrust,"HT 'Wal-Mart' Bentonville (verified 11,850 / 2,638 full view)",uc1.31210024952333,Rental housing development and HOME : four case studies,1996,https://babel.hathitrust.org/cgi/pt?id=uc1.31210024952333,access=fulltext view=Full View | record=003137667 | author=-,200,TIER1_CANDIDATE,2026-09-25T13:12:43Z
walmart,hathitrust,"HT 'Wal-Mart' Bentonville (verified 11,850 / 2,638 full view)",pur1.32754069572240,"Threat to rural communities from methamphetamine production, trafficking, and use : hearing before the Subcommittee on Crime of the Committe",2000,https://babel.hathitrust.org/cgi/pt?id=pur1.32754069572240,access=fulltext view=Full View | record=011341364 | author=United States. Congress. House. Committee on the Judiciary. Subcommittee on Crime.,200,TIER1_CANDIDATE,2026-09-25T13:12:43Z
walmart,hathitrust,"HT 'Wal-Mart' Bentonville (verified 11,850 / 2,638 full view)",uc1.$b389883,"The role of standards in the growth of global electronic commerce : hearing before the Subcommittee on Science, Technology, and Space of the",2002,https://babel.hathitrust.org/cgi/pt?id=uc1.$b389883,"access=fulltext view=Full View | record=009448245 | author=United States. Congress. Senate. Committee on Commerce, Science, and Transportation. Subcommittee on Science, Technology, and Space.",200,TIER1_CANDIDATE,2026-09-25T13:12:43Z
walmart,hathitrust,"HT 'Wal-Mart' Bentonville (verified 11,850 / 2,638 full view)",pur1.32754077096364,"H.R. 1119, the Family Time Flexibility Act : hearing before the Subcommittee on Workforce Protections of the Committee on Education and the ",2003,https://babel.hathitrust.org/cgi/pt?id=pur1.32754077096364,access=fulltext view=Full View | record=003853755 | author=United States. Congress. House. Committee on Education and the Workforce. Subcommittee on Workforce Protections.,200,TIER1_CANDIDATE,2026-09-25T13:12:43Z
walmart,hathitrust,"HT 'Wal-Mart' Bentonville (verified 11,850 / 2,638 full view)",uc1.31175032267562,"Data book, operating banks and branches, 1996 v.4",1996,https://babel.hathitrust.org/cgi/pt?id=uc1.31175032267562,access=fulltext view=Full View | record=002492280 | author=-,200,TIER1_CANDIDATE,2026-09-25T13:12:43Z
walmart,hathitrust,"HT 'Wal-Mart' Bentonville (verified 11,850 / 2,638 full view)",pst.000058937358,"ILC's--a review of charter, ownership, and supervision issues : hearing before the Subcommittee on Financial Institutions and Consumer Credi",2007,https://babel.hathitrust.org/cgi/pt?id=pst.000058937358,access=fulltext view=Full View | record=005545900 | author=United States. Congress. House. Committee on Financial Services. Subcommittee on Financial Institutions and Consumer Credit.,200,TIER1_CANDIDATE,2026-09-25T13:12:43Z
walmart,hathitrust,"HT 'Wal-Mart' Bentonville (verified 11,850 / 2,638 full view)",mdp.39015090417810,The role of the Extraterritorial Income Exclusion Act in the international competitiveness of U.S. companies : hearing before the Committee ,2002,https://babel.hathitrust.org/cgi/pt?id=mdp.39015090417810,access=fulltext view=Full View | record=003840832 | author=United States. Congress. Senate. Committee on Finance.,200,TIER1_CANDIDATE,2026-09-25T13:12:43Z
walmart,hathitrust,"HT 'Wal-Mart' Bentonville (verified 11,850 / 2,638 full view)",pur1.32754077068793,"DOD financial management : following one item through the maze : hearing before the Subcommittee on National Security, Veterans Affairs and ",2003,https://babel.hathitrust.org/cgi/pt?id=pur1.32754077068793,"access=fulltext view=Full View | record=003853856 | author=United States. Congress. House. Committee on Government Reform. Subcommittee on National Security, Veterans Affairs, and International Relat",200,TIER1_CANDIDATE,2026-09-25T13:12:43Z
walmart,hathitrust,"HT 'Wal-Mart' Bentonville (verified 11,850 / 2,638 full view)",ien.35556030088157,"Northwest Arkansas Regional Airport, Replacement for Drake Field, City of Fayetteville : environmental impact statement, Fapp:v.2",1994,https://babel.hathitrust.org/cgi/pt?id=ien.35556030088157,access=fulltext view=Full View | record=100981913 | author=-,200,TIER1_CANDIDATE,2026-09-25T13:12:43Z
walmart,hathitrust,"HT 'Wal-Mart' Bentonville (verified 11,850 / 2,638 full view)",pur1.32754076925399,The role of the Extraterritorial Income Exclusion Act in the international competitiveness of U.S. companies : hearing before the Committee ,2002,https://babel.hathitrust.org/cgi/pt?id=pur1.32754076925399,access=fulltext view=Full View | record=003840832 | author=United States. Congress. Senate. Committee on Finance.,200,TIER1_CANDIDATE,2026-09-25T13:12:43Z
walmart,hathitrust,"HT 'Wal-Mart' Bentonville (verified 11,850 / 2,638 full view)",ien.35556030088124,"Northwest Arkansas Regional Airport, Replacement for Drake Field, City of Fayetteville : environmental impact statement, Dapp:v.2",1994,https://babel.hathitrust.org/cgi/pt?id=ien.35556030088124,access=fulltext view=Full View | record=100981913 | author=-,200,TIER1_CANDIDATE,2026-09-25T13:12:43Z
walmart,hathitrust,"HT 'Wal-Mart' Bentonville (verified 11,850 / 2,638 full view)",pst.000061493803,"Energy efficiency of buildings : hearing before the Subcommittee on Energy of the Committee on Energy and Natural Resources, United States S",2007,https://babel.hathitrust.org/cgi/pt?id=pst.000061493803,access=fulltext view=Full View | record=005580413 | author=United States. Congress. Senate. Committee on Energy and Natural Resources. Subcommittee on Energy.,200,TIER1_CANDIDATE,2026-09-25T13:12:43Z
walmart,hathitrust,"HT 'Wal-Mart' Bentonville (verified 11,850 / 2,638 full view)",pst.000049658125,"Employee and employer views on retirement security : hearing before the Subcommittee on Oversight of the Committee on Ways and Means, House ",2002,https://babel.hathitrust.org/cgi/pt?id=pst.000049658125,access=fulltext view=Full View | record=012405235 | author=United States. Congress. House. Committee on Ways and Means. Subcommittee on Oversight.,200,TIER1_CANDIDATE,2026-09-25T13:12:43Z
walmart,hathitrust,"HT 'Wal-Mart' Bentonville (verified 11,850 / 2,638 full view)",ien.35556030088140,"Northwest Arkansas Regional Airport, Replacement for Drake Field, City of Fayetteville : environmental impact statement, Fapp:v.1",1994,https://babel.hathitrust.org/cgi/pt?id=ien.35556030088140,access=fulltext view=Full View | record=100981913 | author=-,200,TIER1_CANDIDATE,2026-09-25T13:12:43Z
walmart,hathitrust,"HT 'Wal-Mart' Bentonville (verified 11,850 / 2,638 full view)",pst.000049665642,"Challenges and achievements of the Sacagawea golden dollar program : hearing before a subcommittee of the Committee on Appropriations, Unite",2002,https://babel.hathitrust.org/cgi/pt?id=pst.000049665642,access=fulltext view=Full View | record=012403578 | author=United States. Congress. Senate. Committee on Appropriations. Subcommittee on Treasury and General Government.,200,TIER1_CANDIDATE,2026-09-25T13:12:43Z
walmart,hathitrust,"HT 'Wal-Mart' Bentonville (verified 11,850 / 2,638 full view)",uc1.c105179671,Get smart on the smart grid : how technology can revolutionize efficiency and renewable solutions : hearing before the Select Committee on E,2010,https://babel.hathitrust.org/cgi/pt?id=uc1.c105179671,access=fulltext view=Full View | record=102587846 | author=United States. Congress. House. Select Committee on Energy Independence and Global Warming.,200,TIER1_CANDIDATE,2026-09-25T13:12:43Z
walmart,hathitrust,"HT 'Wal-Mart' Bentonville (verified 11,850 / 2,638 full view)",uc1.b5104797,"Challenges and achievements of the Sacagawea golden dollar program : hearing before a subcommittee of the Committee on Appropriations, Unite",2002,https://babel.hathitrust.org/cgi/pt?id=uc1.b5104797,access=fulltext view=Full View | record=010372499 | author=United States. Congress. Senate. Committee on Appropriations. Subcommittee on Treasury and General Government.,200,TIER1_CANDIDATE,2026-09-25T13:12:43Z
walmart,hathitrust,"HT 'Wal-Mart' Bentonville (verified 11,850 / 2,638 full view)",mdp.39015085135906,"Data book, operating banks and branches, 1996 no.4-5",1996,https://babel.hathitrust.org/cgi/pt?id=mdp.39015085135906,access=fulltext view=Full View | record=002492280 | author=-,200,TIER1_CANDIDATE,2026-09-25T13:12:43Z
walmart,hathitrust,"HT 'Wal-Mart' Bentonville (verified 11,850 / 2,638 full view)",ien.35556030088108,"Northwest Arkansas Regional Airport, Replacement for Drake Field, City of Fayetteville : environmental impact statement, D",1994,https://babel.hathitrust.org/cgi/pt?id=ien.35556030088108,access=fulltext view=Full View | record=100981913 | author=-,200,TIER1_CANDIDATE,2026-09-25T13:12:43Z
walmart,hathitrust,"HT 'Wal-Mart' Bentonville (verified 11,850 / 2,638 full view)",pst.000019268514,"Consumer protection against price-fixing : hearing before the Subcommittee on Antitrust, Monopolies, and Business Rights of the Committee on",1992,https://babel.hathitrust.org/cgi/pt?id=pst.000019268514,"access=fulltext view=Full View | record=008517563 | author=United States. Congress. Senate. Committee on the Judiciary. Subcommittee on Antitrust, Monopolies, and Business Rights.",200,TIER1_CANDIDATE,2026-09-25T13:12:43Z
walmart,hathitrust,"HT 'Wal-Mart' Bentonville (verified 11,850 / 2,638 full view)",uiug.30112105161902,"Quartermaster professional bulletin, Summer 1996",1996,https://babel.hathitrust.org/cgi/pt?id=uiug.30112105161902,access=fulltext view=Full View | record=011418634 | author=-,200,TIER1_CANDIDATE,2026-09-25T13:12:43Z
walmart,hathitrust,"HT 'Wal-Mart' Bentonville (verified 11,850 / 2,638 full view)",uc1.31822016780777,The impact of the North American Free Trade Agreement on Arkansas / prepared for the U.S. Council of the Mexico-U.S. Business Committee by t,1992,https://babel.hathitrust.org/cgi/pt?id=uc1.31822016780777,access=fulltext view=Full View | record=007197609 | author=-,200,TIER1_CANDIDATE,2026-09-25T13:12:43Z
walmart,hathitrust,"HT 'Wal-Mart' Bentonville (verified 11,850 / 2,638 full view)",ien.35556030096804,"US-71 Transportation Improvements, from south of Bella Vista to Pineville (AR,MI) : environmental impact statement, D",1999,https://babel.hathitrust.org/cgi/pt?id=ien.35556030096804,access=fulltext view=Full View | record=100985589 | author=-,200,TIER1_CANDIDATE,2026-09-25T13:12:43Z
walmart,hathitrust,"HT 'Wal-Mart' Bentonville (verified 11,850 / 2,638 full view)",uc1.c045217971,"Confirmation hearings on federal appointments : hearings before the Committee on the Judiciary, United States Senate, One Hundred Second Con",1993,https://babel.hathitrust.org/cgi/pt?id=uc1.c045217971,access=fulltext view=Full View | record=008517346 | author=United States. Congress. Senate. Committee on the Judiciary.,200,TIER1_CANDIDATE,2026-09-25T13:12:43Z
walmart,hathitrust,"HT 'Wal-Mart' Bentonville (verified 11,850 / 2,638 full view)",umn.31951d021816099,"Mandatory country of origin labeling : hearing before the Committee on Agriculture, House of Representatives, One Hundred Eighth Congress, f",2003,https://babel.hathitrust.org/cgi/pt?id=umn.31951d021816099,access=fulltext view=Full View | record=003860652 | author=United States. Congress. House. Committee on Agriculture.,200,TIER1_CANDIDATE,2026-09-25T13:12:43Z
walmart,hathitrust,"HT 'Wal-Mart' Bentonville (verified 11,850 / 2,638 full view)",pst.000023037168,"Field hearing : roundtable discussion on the economy of southern Indiana : hearing before the Joint Economic Committee, Congress of the Unit",1994,https://babel.hathitrust.org/cgi/pt?id=pst.000023037168,access=fulltext view=Full View | record=007604181 | author=United States. Congress. Joint Economic Committee.,200,TIER1_CANDIDATE,2026-09-25T13:12:43Z
walmart,hathitrust,"HT 'Wal-Mart' Bentonville (verified 11,850 / 2,638 full view)",uc1.31175032267976,"Data book, operating banks and branches, 1995 v.4",1995,https://babel.hathitrust.org/cgi/pt?id=uc1.31175032267976,access=fulltext view=Full View | record=002492280 | author=-,200,TIER1_CANDIDATE,2026-09-25T13:12:43Z
walmart,hathitrust,"HT 'Wal-Mart' Bentonville (verified 11,850 / 2,638 full view)",umn.31951d03587256m,"Oversight of the digital television transition : hearing before the Subcommittee on Communications, Technology, and the Internet of the Comm",2012,https://babel.hathitrust.org/cgi/pt?id=umn.31951d03587256m,"access=fulltext view=Full View | record=100755277 | author=United States. Congress. House. Committee on Energy and Commerce. Subcommittee on Communications, Technology, and the Internet.",200,TIER1_CANDIDATE,2026-09-25T13:12:43Z
walmart,hathitrust,"HT 'Wal-Mart' Bentonville (verified 11,850 / 2,638 full view)",pur1.32754075292882,"Confirmation hearings on federal appointments : hearings before the Committee on the Judiciary, United States Senate, One Hundred Second Con",1993,https://babel.hathitrust.org/cgi/pt?id=pur1.32754075292882,access=fulltext view=Full View | record=008517346 | author=United States. Congress. Senate. Committee on the Judiciary.,200,TIER1_CANDIDATE,2026-09-25T13:12:43Z
walmart,hathitrust,"HT 'Wal-Mart' Bentonville (verified 11,850 / 2,638 full view)",umn.31951d035364589,"Energy efficiency technologies and programs : hearing before the Subcommittee on Science, Technology, and Innovation of the Committee on Com",2012,https://babel.hathitrust.org/cgi/pt?id=umn.31951d035364589,"access=fulltext view=Full View | record=100720077 | author=United States. Congress. Senate. Committee on Commerce, Science, and Transportation. Subcommittee on Science, Technology, and Innovation.",200,TIER1_CANDIDATE,2026-09-25T13:12:43Z
walmart,hathitrust,"HT 'Wal-Mart' Bentonville (verified 11,850 / 2,638 full view)",pst.000020337377,"Confirmation hearings on federal appointments : hearings before the Committee on the Judiciary, United States Senate, One Hundred Second Con",1993,https://babel.hathitrust.org/cgi/pt?id=pst.000020337377,access=fulltext view=Full View | record=008517346 | author=United States. Congress. Senate. Committee on the Judiciary.,200,TIER1_CANDIDATE,2026-09-25T13:12:43Z
walmart,hathitrust,"HT 'Wal-Mart' Bentonville (verified 11,850 / 2,638 full view)",cub.u183048527371,"China and the future of globalization : hearings before the U.S.-China Economic and Security Review Commission, One Hundred Ninth Congress, ",2005,https://babel.hathitrust.org/cgi/pt?id=cub.u183048527371,access=fulltext view=Full View | record=005089767 | author=U.S.-China Economic and Security Review Commission.,200,TIER1_CANDIDATE,2026-09-25T13:12:43Z
walmart,hathitrust,"HT 'Wal-Mart' Bentonville (verified 11,850 / 2,638 full view)",pur1.32754062805829,Removing regulatory barriers to affordable housing : how states and localities are moving ahead,1992,https://babel.hathitrust.org/cgi/pt?id=pur1.32754062805829,"access=fulltext view=Full View | record=002785967 | author=Robbins, Carol T.",200,TIER1_CANDIDATE,2026-09-25T13:12:43Z
walmart,hathitrust,"HT 'Wal-Mart' Bentonville (verified 11,850 / 2,638 full view)",pst.000058948934,"Climate change : understanding the degree of the problem : hearing before the Committee on Government Reform, House of Representatives, One ",2006,https://babel.hathitrust.org/cgi/pt?id=pst.000058948934,access=fulltext view=Full View | record=005347128 | author=United States. Congress. House. Committee on Government Reform.,200,TIER1_CANDIDATE,2026-09-25T13:12:43Z
walmart,hathitrust,"HT 'Wal-Mart' Bentonville (verified 11,850 / 2,638 full view)",uiug.30112105189622,"America 2000, 1992: no. 15 - 43",1992,https://babel.hathitrust.org/cgi/pt?id=uiug.30112105189622,access=fulltext view=Full View | record=011326548 | author=-,200,TIER1_CANDIDATE,2026-09-25T13:12:43Z
walmart,hathitrust,"HT 'Wal-Mart' Bentonville (verified 11,850 / 2,638 full view)",ien.35556030088132,"Northwest Arkansas Regional Airport, Replacement for Drake Field, City of Fayetteville : environmental impact statement, F",1994,https://babel.hathitrust.org/cgi/pt?id=ien.35556030088132,access=fulltext view=Full View | record=100981913 | author=-,200,TIER1_CANDIDATE,2026-09-25T13:12:43Z
walmart,hathitrust,"HT 'Wal-Mart' Bentonville (verified 11,850 / 2,638 full view)",mdp.39015029096867,Removing regulatory barriers to affordable housing : how states and localities are moving ahead,1992,https://babel.hathitrust.org/cgi/pt?id=mdp.39015029096867,"access=fulltext view=Full View | record=002785967 | author=Robbins, Carol T.",200,TIER1_CANDIDATE,2026-09-25T13:12:43Z
walmart,hathitrust,"HT 'Wal-Mart' Bentonville (verified 11,850 / 2,638 full view)",umn.31951d021868830,"China and the future of globalization : hearings before the U.S.-China Economic and Security Review Commission, One Hundred Ninth Congress, ",2005,https://babel.hathitrust.org/cgi/pt?id=umn.31951d021868830,access=fulltext view=Full View | record=005089767 | author=U.S.-China Economic and Security Review Commission.,200,TIER1_CANDIDATE,2026-09-25T13:12:43Z
walmart,hathitrust,"HT 'Wal-Mart' Bentonville (verified 11,850 / 2,638 full view)",pur1.32754078878059,Uniformed Services Employment and Reemployment Rights Act : hearing before the Subcommittee on Benefits of the Committee on Veterans' Affair,2005,https://babel.hathitrust.org/cgi/pt?id=pur1.32754078878059,access=fulltext view=Full View | record=005024513 | author=United States. Congress. House. Committee on Veterans' Affairs. Subcommittee on Benefits.,200,TIER1_CANDIDATE,2026-09-25T13:12:43Z
walmart,hathitrust,"HT 'Wal-Mart' Bentonville (verified 11,850 / 2,638 full view)",ien.35556031858525,"US-71 Transportation Improvements, from south of Bella Vista to Pineville (AR,MI) : environmental impact statement, F",1999,https://babel.hathitrust.org/cgi/pt?id=ien.35556031858525,access=fulltext view=Full View | record=100985589 | author=-,200,TIER1_CANDIDATE,2026-09-25T13:12:43Z
walmart,hathitrust,HT 'Wal-Mart' Bentonville 1960-1969 (verified 45 / 4 full view),,,,,"FACET COUNTS: All Items=45, Full View=4; 4 record block(s) on this page. HathiTrust full-text search returns RECORDS, not snippet text (0 <mark>/snippet nodes in the live response), so nothing here is readable text until the item itself is opened.",200,LEAD_ONLY,2026-09-25T13:12:44Z
walmart,hathitrust,HT 'Wal-Mart' Bentonville 1960-1969 (verified 45 / 4 full view),uva.x030444760,"Army logistician, v.97",,https://babel.hathitrust.org/cgi/pt?id=uva.x030444760,access=fulltext view=Full View | record=011400566 | author=-,200,TIER1_CANDIDATE,2026-09-25T13:12:44Z
walmart,hathitrust,HT 'Wal-Mart' Bentonville 1960-1969 (verified 45 / 4 full view),uiug.30112048646365,"Customs bulletin : Treasury decisions under customs and other laws, v.34:1-13",,https://babel.hathitrust.org/cgi/pt?id=uiug.30112048646365,access=fulltext view=Full View | record=000888066 | author=-,200,TIER1_CANDIDATE,2026-09-25T13:12:44Z
walmart,hathitrust,HT 'Wal-Mart' Bentonville 1960-1969 (verified 45 / 4 full view),uiug.30112005545535,"Customs bulletin : Treasury decisions under customs and other laws, v.29:23-35",,https://babel.hathitrust.org/cgi/pt?id=uiug.30112005545535,access=fulltext view=Full View | record=000888066 | author=-,200,TIER1_CANDIDATE,2026-09-25T13:12:44Z
walmart,hathitrust,HT 'Wal-Mart' Bentonville 1960-1969 (verified 45 / 4 full view),uiug.30112027343745,"Customs bulletin : Treasury decisions under customs and other laws, v.29:36-41",,https://babel.hathitrust.org/cgi/pt?id=uiug.30112027343745,access=fulltext view=Full View | record=000888066 | author=-,200,TIER1_CANDIDATE,2026-09-25T13:12:44Z
walmart,hathitrust,"HT ""Walton's"" 'five-and-dime' (verified 1,529 / 59 full view)",,,,,"FACET COUNTS: All Items=1,529, Full View=59; 59 record block(s) on this page. HathiTrust full-text search returns RECORDS, not snippet text (0 <mark>/snippet nodes in the live response), so nothing here is readable text until the item itself is opened.",200,LEAD_ONLY,2026-09-25T13:12:48Z
walmart,hathitrust,"HT ""Walton's"" 'five-and-dime' (verified 1,529 / 59 full view)",uc1.31210018020717,"Congressional record : proceedings and debates of the ... Congress, V.138 PT.7",,https://babel.hathitrust.org/cgi/pt?id=uc1.31210018020717,access=fulltext view=Full View | record=003910927 | author=United States. Congress.,200,TIER1_CANDIDATE,2026-09-25T13:12:48Z
walmart,hathitrust,"HT ""Walton's"" 'five-and-dime' (verified 1,529 / 59 full view)",osu.32435059231126,"A freshman miscellany, edited by Karl J. Holzknecht",1929,https://babel.hathitrust.org/cgi/pt?id=osu.32435059231126,"access=fulltext view=Full View | record=101672863 | author=Holzknecht, Karl Julius,",200,TIER1_CANDIDATE,2026-09-25T13:12:48Z
walmart,hathitrust,"HT ""Walton's"" 'five-and-dime' (verified 1,529 / 59 full view)",mdp.39015039642064,"Catalog of copyright entries, Ser.3 pt.5 v.11 no.2 1957 Jul-Dec Music",1957,https://babel.hathitrust.org/cgi/pt?id=mdp.39015039642064,access=fulltext view=Full View | record=003910311 | author=Library of Congress. Copyright Office.,200,TIER1_CANDIDATE,2026-09-25T13:12:48Z
walmart,hathitrust,"HT ""Walton's"" 'five-and-dime' (verified 1,529 / 59 full view)",uiug.30112003968838,"Catalog of copyright entries, third series. Part 6, Maps and atlases, 1957:5:2",1957,https://babel.hathitrust.org/cgi/pt?id=uiug.30112003968838,access=fulltext view=Full View | record=102290541 | author=Library of Congress. Copyright Office.,200,TIER1_CANDIDATE,2026-09-25T13:12:48Z
walmart,hathitrust,"HT ""Walton's"" 'five-and-dime' (verified 1,529 / 59 full view)",mdp.39015087530377,"Weekly compilation of Presidential documents, v.28 1992 p.317-705",1992,https://babel.hathitrust.org/cgi/pt?id=mdp.39015087530377,access=fulltext view=Full View | record=000519783 | author=-,200,TIER1_CANDIDATE,2026-09-25T13:12:48Z
walmart,hathitrust,"HT ""Walton's"" 'five-and-dime' (verified 1,529 / 59 full view)",mdp.39015036803644,"Catalog of copyright entries, ser.3 v.2 pt.5 no.2 1957 Jul-Dec",1957,https://babel.hathitrust.org/cgi/pt?id=mdp.39015036803644,access=fulltext view=Full View | record=003910311 | author=Library of Congress. Copyright Office.,200,TIER1_CANDIDATE,2026-09-25T13:12:48Z
walmart,hathitrust,"HT ""Walton's"" 'five-and-dime' (verified 1,529 / 59 full view)",mdp.39015074861991,The continuity of poetic language; studies in English poetry from the 1540's to the 1940's.,1951,https://babel.hathitrust.org/cgi/pt?id=mdp.39015074861991,"access=fulltext view=Full View | record=001370031 | author=Miles, Josephine, 1911-1985.",200,TIER1_CANDIDATE,2026-09-25T13:12:48Z
walmart,hathitrust,"HT ""Walton's"" 'five-and-dime' (verified 1,529 / 59 full view)",uc1.31210012156640,"Weekly compilation of Presidential documents, 28/1-13",2009,https://babel.hathitrust.org/cgi/pt?id=uc1.31210012156640,access=fulltext view=Full View | record=000519783 | author=-,200,TIER1_CANDIDATE,2026-09-25T13:12:48Z
walmart,hathitrust,"HT ""Walton's"" 'five-and-dime' (verified 1,529 / 59 full view)",uc1.31175016766555,"Weekly compilation of Presidential documents, v.28:1-13",2009,https://babel.hathitrust.org/cgi/pt?id=uc1.31175016766555,access=fulltext view=Full View | record=000519783 | author=-,200,TIER1_CANDIDATE,2026-09-25T13:12:48Z
walmart,hathitrust,"HT ""Walton's"" 'five-and-dime' (verified 1,529 / 59 full view)",mdp.39015020937267,"Postal rates ..., v.2",1926,https://babel.hathitrust.org/cgi/pt?id=mdp.39015020937267,access=fulltext view=Full View | record=000964783 | author=United States. Congress. Special Joint Subcommittee on Postal Rates.,200,TIER1_CANDIDATE,2026-09-25T13:12:48Z
walmart,hathitrust,"HT ""Walton's"" 'five-and-dime' (verified 1,529 / 59 full view)",mdp.39015024176532,"Dictionary catalog of the music collection, v.33",,https://babel.hathitrust.org/cgi/pt?id=mdp.39015024176532,access=fulltext view=Full View | record=001178154 | author=New York Public Library. Reference Department.,200,TIER1_CANDIDATE,2026-09-25T13:12:48Z
walmart,hathitrust,"HT ""Walton's"" 'five-and-dime' (verified 1,529 / 59 full view)",mdp.39015080049037,"Merchandising week, v.42 1929",1929,https://babel.hathitrust.org/cgi/pt?id=mdp.39015080049037,access=fulltext view=Full View | record=000057274 | author=-,200,TIER1_CANDIDATE,2026-09-25T13:12:48Z
walmart,hathitrust,"HT ""Walton's"" 'five-and-dime' (verified 1,529 / 59 full view)",pst.000018647273,"Notices of judgment under the Federal Food, Drug, and Cosmetic Act. Drugs and devices, no.4001-5660",,https://babel.hathitrust.org/cgi/pt?id=pst.000018647273,access=fulltext view=Full View | record=002136914 | author=United States. Food and Drug Administration.,200,TIER1_CANDIDATE,2026-09-25T13:12:48Z
walmart,hathitrust,"HT ""Walton's"" 'five-and-dime' (verified 1,529 / 59 full view)",uva.x001726662,The modal personality structure of the Tuscarora Indians as revealed by the Rorschach test,1952,https://babel.hathitrust.org/cgi/pt?id=uva.x001726662,"access=fulltext view=Full View | record=002496954 | author=Wallace, Anthony F. C., 1923-",200,TIER1_CANDIDATE,2026-09-25T13:12:48Z
walmart,hathitrust,"HT ""Walton's"" 'five-and-dime' (verified 1,529 / 59 full view)",osu.32435061965042,"Air force magazine, v.26 1943",1943,https://babel.hathitrust.org/cgi/pt?id=osu.32435061965042,access=fulltext view=Full View | record=102285635 | author=-,200,TIER1_CANDIDATE,2026-09-25T13:12:48Z
walmart,hathitrust,"HT ""Walton's"" 'five-and-dime' (verified 1,529 / 59 full view)",uc1.$c241543,"Air Force; the Official Service Journal of the U.S. Army Air Forces, v.26 1943",1943,https://babel.hathitrust.org/cgi/pt?id=uc1.$c241543,access=fulltext view=Full View | record=101799468 | author=-,200,TIER1_CANDIDATE,2026-09-25T13:12:48Z
walmart,hathitrust,"HT ""Walton's"" 'five-and-dime' (verified 1,529 / 59 full view)",coo.31924070639541,"Weekly compilation of Presidential documents, v.28 1992:Jan.-Apr.",1992,https://babel.hathitrust.org/cgi/pt?id=coo.31924070639541,access=fulltext view=Full View | record=000519783 | author=-,200,TIER1_CANDIDATE,2026-09-25T13:12:48Z
walmart,hathitrust,"HT ""Walton's"" 'five-and-dime' (verified 1,529 / 59 full view)",uc1.c040645082,"Weekly compilation of Presidential documents, v.28:1-13 (Jan-Mar 1992)",1992,https://babel.hathitrust.org/cgi/pt?id=uc1.c040645082,access=fulltext view=Full View | record=000519783 | author=-,200,TIER1_CANDIDATE,2026-09-25T13:12:48Z
walmart,hathitrust,"HT ""Walton's"" 'five-and-dime' (verified 1,529 / 59 full view)",coo.31924094316266,"Western farmer, v.6 1928/29",1929,https://babel.hathitrust.org/cgi/pt?id=coo.31924094316266,access=fulltext view=Full View | record=009065499 | author=-,200,TIER1_CANDIDATE,2026-09-25T13:12:48Z
walmart,hathitrust,"HT ""Walton's"" 'five-and-dime' (verified 1,529 / 59 full view)",uiug.30112004528193,"Weekly compilation of Presidential documents, v.28:1-13 Ja-Mr(1992)",1992,https://babel.hathitrust.org/cgi/pt?id=uiug.30112004528193,access=fulltext view=Full View | record=000519783 | author=-,200,TIER1_CANDIDATE,2026-09-25T13:12:48Z
walmart,hathitrust,"HT ""Walton's"" 'five-and-dime' (verified 1,529 / 59 full view)",uiug.30112057660463,"Credit craft, v.20-21(1928-1930)",1930,https://babel.hathitrust.org/cgi/pt?id=uiug.30112057660463,access=fulltext view=Full View | record=103130888 | author=-,200,TIER1_CANDIDATE,2026-09-25T13:12:48Z
walmart,hathitrust,"HT ""Walton's"" 'five-and-dime' (verified 1,529 / 59 full view)",osu.32437000674818,"Weekly compilation of Presidential documents, v.28jan.-mar.",2009,https://babel.hathitrust.org/cgi/pt?id=osu.32437000674818,access=fulltext view=Full View | record=000519783 | author=-,200,TIER1_CANDIDATE,2026-09-25T13:12:48Z
walmart,hathitrust,"HT ""Walton's"" 'five-and-dime' (verified 1,529 / 59 full view)",mdp.39015074606669,"Journal, 2001 pp.649-1168",2001,https://babel.hathitrust.org/cgi/pt?id=mdp.39015074606669,access=fulltext view=Full View | record=000548308 | author=Detroit (Mich.). City Council.,200,TIER1_CANDIDATE,2026-09-25T13:12:48Z
walmart,hathitrust,"HT ""Walton's"" 'five-and-dime' (verified 1,529 / 59 full view)",uva.x002072283,"Weekly compilation of Presidential documents, v.28:no.1-13 (1992)",1992,https://babel.hathitrust.org/cgi/pt?id=uva.x002072283,access=fulltext view=Full View | record=000519783 | author=-,200,TIER1_CANDIDATE,2026-09-25T13:12:48Z
walmart,hathitrust,"HT ""Walton's"" 'five-and-dime' (verified 1,529 / 59 full view)",osu.32435024424665,"Weekly compilation of Presidential documents, V28NO1-13",2009,https://babel.hathitrust.org/cgi/pt?id=osu.32435024424665,access=fulltext view=Full View | record=000519783 | author=-,200,TIER1_CANDIDATE,2026-09-25T13:12:48Z
walmart,hathitrust,"HT ""Walton's"" 'five-and-dime' (verified 1,529 / 59 full view)",nnc1.cu14265680,"Weekly compilation of Presidential documents, v.28:no.1-13 (1992)",1992,https://babel.hathitrust.org/cgi/pt?id=nnc1.cu14265680,access=fulltext view=Full View | record=000519783 | author=-,200,TIER1_CANDIDATE,2026-09-25T13:12:48Z
walmart,hathitrust,"HT ""Walton's"" 'five-and-dime' (verified 1,529 / 59 full view)",uc1.c041550013,"Public papers of the presidents of the United States, 1992/93:1",1993,https://babel.hathitrust.org/cgi/pt?id=uc1.c041550013,access=fulltext view=Full View | record=003932060 | author=United States. President.,200,TIER1_CANDIDATE,2026-09-25T13:12:48Z
walmart,hathitrust,"HT ""Walton's"" 'five-and-dime' (verified 1,529 / 59 full view)",osu.32437000790358,"Public papers of the presidents of the United States, 1992-1993v.1",1992,https://babel.hathitrust.org/cgi/pt?id=osu.32437000790358,access=fulltext view=Full View | record=003932060 | author=United States. President.,200,TIER1_CANDIDATE,2026-09-25T13:12:48Z
walmart,hathitrust,"HT ""Walton's"" 'five-and-dime' (verified 1,529 / 59 full view)",mdp.39015039642106,"Catalog of copyright entries, Ser.3 pt.5 v.13 no.2 1959 Jul-Dec Music",1959,https://babel.hathitrust.org/cgi/pt?id=mdp.39015039642106,access=fulltext view=Full View | record=003910311 | author=Library of Congress. Copyright Office.,200,TIER1_CANDIDATE,2026-09-25T13:12:48Z
walmart,hathitrust,"HT ""Walton's"" 'five-and-dime' (verified 1,529 / 59 full view)",hvd.32044121176663,"Public papers of the presidents of the United States, 1992-93: vol.1: Bush",1993,https://babel.hathitrust.org/cgi/pt?id=hvd.32044121176663,access=fulltext view=Full View | record=003932060 | author=United States. President.,200,TIER1_CANDIDATE,2026-09-25T13:12:48Z
walmart,hathitrust,"HT ""Walton's"" 'five-and-dime' (verified 1,529 / 59 full view)",uiug.30112100648424,"Catalog of copyright entries, third series. Part 6, Maps and atlases, 1959:5:2",1959,https://babel.hathitrust.org/cgi/pt?id=uiug.30112100648424,access=fulltext view=Full View | record=102290541 | author=Library of Congress. Copyright Office.,200,TIER1_CANDIDATE,2026-09-25T13:12:48Z
walmart,hathitrust,"HT ""Walton's"" 'five-and-dime' (verified 1,529 / 59 full view)",uiug.30112005184640,"Public papers of the presidents of the United States, v.1",,https://babel.hathitrust.org/cgi/pt?id=uiug.30112005184640,access=fulltext view=Full View | record=003932060 | author=United States. President.,200,TIER1_CANDIDATE,2026-09-25T13:12:48Z
walmart,hathitrust,"HT ""Walton's"" 'five-and-dime' (verified 1,529 / 59 full view)",mdp.39015086697318,"Northwestern druggist. A progressive journal for retail druggists, v.34 1926",1926,https://babel.hathitrust.org/cgi/pt?id=mdp.39015086697318,access=fulltext view=Full View | record=000077055 | author=-,200,TIER1_CANDIDATE,2026-09-25T13:12:48Z
walmart,hathitrust,"HT ""Walton's"" 'five-and-dime' (verified 1,529 / 59 full view)",osu.32435030026553,"Public papers of the presidents of the United States, 1992-1993PT1",1992,https://babel.hathitrust.org/cgi/pt?id=osu.32435030026553,access=fulltext view=Full View | record=003932060 | author=United States. President.,200,TIER1_CANDIDATE,2026-09-25T13:12:48Z
walmart,hathitrust,"HT ""Walton's"" 'five-and-dime' (verified 1,529 / 59 full view)",uc1.31210012956924,"Public papers of the presidents of the United States, 992-93/bk.1",,https://babel.hathitrust.org/cgi/pt?id=uc1.31210012956924,access=fulltext view=Full View | record=003932060 | author=United States. President.,200,TIER1_CANDIDATE,2026-09-25T13:12:48Z
walmart,hathitrust,"HT ""Walton's"" 'five-and-dime' (verified 1,529 / 59 full view)",coo.31924089854750,"The Northwestern miller, v.153 1928",1928,https://babel.hathitrust.org/cgi/pt?id=coo.31924089854750,access=fulltext view=Full View | record=103162433 | author=-,200,TIER1_CANDIDATE,2026-09-25T13:12:48Z
walmart,hathitrust,"HT ""Walton's"" 'five-and-dime' (verified 1,529 / 59 full view)",nyp.33433090368675,"Public papers of the Presidents of the United States, George Bush, Bk. 1 (1992/93)",1993,https://babel.hathitrust.org/cgi/pt?id=nyp.33433090368675,access=fulltext view=Full View | record=103222574 | author=United States. President (1989-1993 : Bush),200,TIER1_CANDIDATE,2026-09-25T13:12:48Z
walmart,hathitrust,"HT ""Walton's"" 'five-and-dime' (verified 1,529 / 59 full view)",wu.89062146972,The catering industry employee : official journal of the Hotel and Restaurant Employees' International Alliance and Bartenders' Internationa,1943,https://babel.hathitrust.org/cgi/pt?id=wu.89062146972,access=fulltext view=Full View | record=005876200 | author=-,200,TIER1_CANDIDATE,2026-09-25T13:12:48Z
walmart,hathitrust,"HT ""Walton's"" 'five-and-dime' (verified 1,529 / 59 full view)",miua.4733026.1992.001,"George Bush 1992-93 (in two books)., v.1 1992-1993",1993,https://babel.hathitrust.org/cgi/pt?id=miua.4733026.1992.001,"access=fulltext view=Full View | record=004733026 | author=Bush, George, 1924-2018.",200,TIER1_CANDIDATE,2026-09-25T13:12:48Z
walmart,hathitrust,"HT ""Walton's"" 'five-and-dime' (verified 1,529 / 59 full view)",uc1.b5130255,"Weekly compilation of Presidential documents, v.28:1 (1992)",1992,https://babel.hathitrust.org/cgi/pt?id=uc1.b5130255,access=fulltext view=Full View | record=000519783 | author=-,200,TIER1_CANDIDATE,2026-09-25T13:12:48Z
walmart,hathitrust,"HT ""Walton's"" 'five-and-dime' (verified 1,529 / 59 full view)",uc1.31210027025053,"Decisions and orders of the National Labor Relations Board, 204",,https://babel.hathitrust.org/cgi/pt?id=uc1.31210027025053,access=fulltext view=Full View | record=002140855 | author=United States. National Labor Relations Board,200,TIER1_CANDIDATE,2026-09-25T13:12:48Z
walmart,hathitrust,"HT ""Walton's"" 'five-and-dime' (verified 1,529 / 59 full view)",coo.31924054596204,"Decisions and orders of the National Labor Relations Board, v.204",,https://babel.hathitrust.org/cgi/pt?id=coo.31924054596204,access=fulltext view=Full View | record=002140855 | author=United States. National Labor Relations Board,200,TIER1_CANDIDATE,2026-09-25T13:12:48Z
walmart,hathitrust,"HT ""Walton's"" 'five-and-dime' (verified 1,529 / 59 full view)",umn.31951003040563l,"To examine the future of our nation's infrastructure needs : hearings before the Committee on Public Works and Transportation, House of Repr",1991,https://babel.hathitrust.org/cgi/pt?id=umn.31951003040563l,access=fulltext view=Full View | record=100672074 | author=United States. Congress. House. Committee on Public Works and Transportation.,200,TIER1_CANDIDATE,2026-09-25T13:12:48Z
walmart,hathitrust,"HT ""Walton's"" 'five-and-dime' (verified 1,529 / 59 full view)",ien.35559002018616,"Decisions and orders of the National Labor Relations Board, v.204 1973:June 6-July 23",1973,https://babel.hathitrust.org/cgi/pt?id=ien.35559002018616,access=fulltext view=Full View | record=002140855 | author=United States. National Labor Relations Board,200,TIER1_CANDIDATE,2026-09-25T13:12:48Z
walmart,hathitrust,"HT ""Walton's"" 'five-and-dime' (verified 1,529 / 59 full view)",uc1.31175024531926,"Decisions and orders of the National Labor Relations Board, v.204",,https://babel.hathitrust.org/cgi/pt?id=uc1.31175024531926,access=fulltext view=Full View | record=002140855 | author=United States. National Labor Relations Board,200,TIER1_CANDIDATE,2026-09-25T13:12:48Z
walmart,hathitrust,"HT ""Walton's"" 'five-and-dime' (verified 1,529 / 59 full view)",mdp.39015074886477,"Decisions and orders of the National Labor Relations Board, v.204",,https://babel.hathitrust.org/cgi/pt?id=mdp.39015074886477,access=fulltext view=Full View | record=002140855 | author=United States. National Labor Relations Board,200,TIER1_CANDIDATE,2026-09-25T13:12:48Z
walmart,hathitrust,"HT ""Walton's"" 'five-and-dime' (verified 1,529 / 59 full view)",osu.32437000752747,"Decisions and orders of the National Labor Relations Board, V204",,https://babel.hathitrust.org/cgi/pt?id=osu.32437000752747,access=fulltext view=Full View | record=002140855 | author=United States. National Labor Relations Board,200,TIER1_CANDIDATE,2026-09-25T13:12:48Z
walmart,hathitrust,"HT ""Walton's"" 'five-and-dime' (verified 1,529 / 59 full view)",uiug.30112119812979,"Decisions and orders of the National Labor Relations Board, v.204(1974)",1974,https://babel.hathitrust.org/cgi/pt?id=uiug.30112119812979,access=fulltext view=Full View | record=002140855 | author=United States. National Labor Relations Board,200,TIER1_CANDIDATE,2026-09-25T13:12:48Z
walmart,hathitrust,"HT ""Walton's"" 'five-and-dime' (verified 1,529 / 59 full view)",coo.31924112757426,"Decisions and orders of the National Labor Relations Board, v.204 1963",1963,https://babel.hathitrust.org/cgi/pt?id=coo.31924112757426,access=fulltext view=Full View | record=002140855 | author=United States. National Labor Relations Board,200,TIER1_CANDIDATE,2026-09-25T13:12:48Z
walmart,hathitrust,"HT ""Walton's"" 'five-and-dime' (verified 1,529 / 59 full view)",osu.32435057151888,"Decisions and orders of the National Labor Relations Board, V204 1973",1973,https://babel.hathitrust.org/cgi/pt?id=osu.32435057151888,access=fulltext view=Full View | record=002140855 | author=United States. National Labor Relations Board,200,TIER1_CANDIDATE,2026-09-25T13:12:48Z
walmart,hathitrust,"HT CONTROL 'five and dime' variety store 1950-1959 (verified 2,284 / 187)",,,,,"FACET COUNTS: All Items=2,284, Full View=187; 100 record block(s) on this page. HathiTrust full-text search returns RECORDS, not snippet text (0 <mark>/snippet nodes in the live response), so nothing here is readable text until the item itself is opened.",200,LEAD_ONLY,2026-09-25T13:12:51Z
walmart,hathitrust,"HT CONTROL 'five and dime' variety store 1950-1959 (verified 2,284 / 187)",mdp.39015006744372,Shops &amp; stores,1957,https://babel.hathitrust.org/cgi/pt?id=mdp.39015006744372,"access=fulltext view=Full View | record=000643336 | author=Ketchum, Morris, Jr., 1904-1984.",200,TIER1_CANDIDATE,2026-09-25T13:12:51Z
walmart,hathitrust,"HT CONTROL 'five and dime' variety store 1950-1959 (verified 2,284 / 187)",mdp.39015013246254,Baited bulletin boards : a handbook for teachers. Thomas Arthur Koskey,1954,https://babel.hathitrust.org/cgi/pt?id=mdp.39015013246254,"access=fulltext view=Full View | record=001279865 | author=Koskey, Thomas Arthur, 1920-1963.",200,TIER1_CANDIDATE,2026-09-25T13:12:51Z
walmart,hathitrust,"HT CONTROL 'five and dime' variety store 1950-1959 (verified 2,284 / 187)",coo.31924000491500,"Food sales, unlimited [by] Paul L.H. Heine",1952,https://babel.hathitrust.org/cgi/pt?id=coo.31924000491500,"access=fulltext view=Full View | record=009055931 | author=Heine, Paul L. H.",200,TIER1_CANDIDATE,2026-09-25T13:12:51Z
walmart,hathitrust,"HT CONTROL 'five and dime' variety store 1950-1959 (verified 2,284 / 187)",umn.31951d012180176,A prospectus for marine game fish research / Bureau of Sport Fisheries and Wildlife,1959,https://babel.hathitrust.org/cgi/pt?id=umn.31951d012180176,access=fulltext view=Full View | record=010157678 | author=United States. Bureau of Sport Fisheries and Wildlife,200,TIER1_CANDIDATE,2026-09-25T13:12:51Z
walmart,hathitrust,"HT CONTROL 'five and dime' variety store 1950-1959 (verified 2,284 / 187)",coo.31924061648733,"[Radio broadcasts]., 1954",1954,https://babel.hathitrust.org/cgi/pt?id=coo.31924061648733,access=fulltext view=Full View | record=009055233 | author=Cornell University. New York State College of Home Economics Extension Service.,200,TIER1_CANDIDATE,2026-09-25T13:12:51Z
walmart,hathitrust,"HT CONTROL 'five and dime' variety store 1950-1959 (verified 2,284 / 187)",coo.31924014498657,The first book of puppets. Pictures by Jean Michener,1952,https://babel.hathitrust.org/cgi/pt?id=coo.31924014498657,"access=fulltext view=Full View | record=009135914 | author=Jagendorf, M. A. 1888-1981.",200,TIER1_CANDIDATE,2026-09-25T13:12:51Z
walmart,hathitrust,"HT CONTROL 'five and dime' variety store 1950-1959 (verified 2,284 / 187)",coo.31924003551813,"The consumer investigates, by A. B. Zu Tavern and A. E. Bullock",1954,https://babel.hathitrust.org/cgi/pt?id=coo.31924003551813,"access=fulltext view=Full View | record=009058547 | author=Zu Tavern, Asa Bushnell, 1879-",200,TIER1_CANDIDATE,2026-09-25T13:12:51Z
walmart,hathitrust,"HT CONTROL 'five and dime' variety store 1950-1959 (verified 2,284 / 187)",mdp.39015008058508,Art of the young child : 3 to 5 years,1957,https://babel.hathitrust.org/cgi/pt?id=mdp.39015008058508,"access=fulltext view=Full View | record=000209690 | author=Bland, Jane Cooper.",200,TIER1_CANDIDATE,2026-09-25T13:12:51Z
walmart,hathitrust,"HT CONTROL 'five and dime' variety store 1950-1959 (verified 2,284 / 187)",uc1.$b104290,"The accounting process; a textbook covering the basic concepts, principles, and conventions of accounting as applied in enterprises operated",1956,https://babel.hathitrust.org/cgi/pt?id=uc1.$b104290,"access=fulltext view=Full View | record=006602877 | author=Kelly, Edward J.",200,TIER1_CANDIDATE,2026-09-25T13:12:51Z
walmart,hathitrust,"HT CONTROL 'five and dime' variety store 1950-1959 (verified 2,284 / 187)",rul.39030017478886,Art of the young child : 3 to 5 years,1957,https://babel.hathitrust.org/cgi/pt?id=rul.39030017478886,"access=fulltext view=Full View | record=000209690 | author=Bland, Jane Cooper.",200,TIER1_CANDIDATE,2026-09-25T13:12:51Z
walmart,hathitrust,"HT CONTROL 'five and dime' variety store 1950-1959 (verified 2,284 / 187)",coo.31924013735927,Modern garden supply retailing,1954,https://babel.hathitrust.org/cgi/pt?id=coo.31924013735927,"access=fulltext view=Full View | record=009075985 | author=Harrison, William R., 1898-",200,TIER1_CANDIDATE,2026-09-25T13:12:51Z
walmart,hathitrust,"HT CONTROL 'five and dime' variety store 1950-1959 (verified 2,284 / 187)",mdp.39015077952839,A summary of a study of fifty unmarried Negro mothers in pending and active aid to dependent children cases in the Marion County Dept. of Pu,1957,https://babel.hathitrust.org/cgi/pt?id=mdp.39015077952839,"access=fulltext view=Full View | record=001743134 | author=Osili, A'lelia Josephine.",200,TIER1_CANDIDATE,2026-09-25T13:12:51Z
walmart,hathitrust,"HT CONTROL 'five and dime' variety store 1950-1959 (verified 2,284 / 187)",uc1.31822033824012,Taking it easy with your camera,1957,https://babel.hathitrust.org/cgi/pt?id=uc1.31822033824012,"access=fulltext view=Full View | record=008703789 | author=Keeley, Joseph Charles, 1907-",200,TIER1_CANDIDATE,2026-09-25T13:12:51Z
walmart,hathitrust,"HT CONTROL 'five and dime' variety store 1950-1959 (verified 2,284 / 187)",mdp.39015071522364,"Lessons in pronunciation / by the research staff of the English Language Institute, Charles C. Fries, Director, v.3",1950,https://babel.hathitrust.org/cgi/pt?id=mdp.39015071522364,access=fulltext view=Full View | record=003299112 | author=University of Michigan. English Language Institute.,200,TIER1_CANDIDATE,2026-09-25T13:12:51Z
walmart,hathitrust,"HT CONTROL 'five and dime' variety store 1950-1959 (verified 2,284 / 187)",uc1.b3593670,Please excuse Johnny,1952,https://babel.hathitrust.org/cgi/pt?id=uc1.b3593670,"access=fulltext view=Full View | record=001066561 | author=McGehee, Florence.",200,TIER1_CANDIDATE,2026-09-25T13:12:51Z
walmart,hathitrust,"HT CONTROL 'five and dime' variety store 1950-1959 (verified 2,284 / 187)",mdp.39015067897226,A study of fifty unmarried Negro mothers in pending and active Aid to Dependent Children cases in the Marion County Department of Public Wel,1957,https://babel.hathitrust.org/cgi/pt?id=mdp.39015067897226,"access=fulltext view=Full View | record=001743133 | author=Osili, A'Lelia Josephine.",200,TIER1_CANDIDATE,2026-09-25T13:12:51Z
walmart,hathitrust,"HT CONTROL 'five and dime' variety store 1950-1959 (verified 2,284 / 187)",mdp.39015062218154,Please excuse Johnny,1952,https://babel.hathitrust.org/cgi/pt?id=mdp.39015062218154,"access=fulltext view=Full View | record=001066561 | author=McGehee, Florence.",200,TIER1_CANDIDATE,2026-09-25T13:12:51Z
walmart,hathitrust,"HT CONTROL 'five and dime' variety store 1950-1959 (verified 2,284 / 187)",coo.31924055190866,"Cornell countryman, v.55-56 1957/58-1958/59",1958,https://babel.hathitrust.org/cgi/pt?id=coo.31924055190866,access=fulltext view=Full View | record=005680179 | author=-,200,TIER1_CANDIDATE,2026-09-25T13:12:51Z
walmart,hathitrust,"HT CONTROL 'five and dime' variety store 1950-1959 (verified 2,284 / 187)",coo.31924014065233,"How to mend china and bric-a-brac as a hobby [and] as a business, by Paul St. Gaudens and Arthur R. Jackson. Drawings by Jane Pitts",1953,https://babel.hathitrust.org/cgi/pt?id=coo.31924014065233,"access=fulltext view=Full View | record=009089065 | author=St. Gaudens, Paul.",200,TIER1_CANDIDATE,2026-09-25T13:12:51Z
walmart,hathitrust,"HT CONTROL 'five and dime' variety store 1950-1959 (verified 2,284 / 187)",mdp.39015002631888,New York: confidential! / By Jack Lait and Lee Mortimer,1951,https://babel.hathitrust.org/cgi/pt?id=mdp.39015002631888,"access=fulltext view=Full View | record=001873910 | author=Lait, Jack, 1883-1954.",200,TIER1_CANDIDATE,2026-09-25T13:12:51Z
walmart,hathitrust,"HT CONTROL 'five and dime' variety store 1950-1959 (verified 2,284 / 187)",wu.89065943649,"Gresham Centennial, 1908-1958 : these hewed the way to civilization / [Walter and Elise Rockman Schmidt.]",1958,https://babel.hathitrust.org/cgi/pt?id=wu.89065943649,"access=fulltext view=Full View | record=010979222 | author=Schmidt, Walter.",200,TIER1_CANDIDATE,2026-09-25T13:12:51Z
walmart,hathitrust,"HT CONTROL 'five and dime' variety store 1950-1959 (verified 2,284 / 187)",uc1.b3939366,"Your library; how to organize an elementary school library, by Richard J. Hurley, for the Commission on American Citizenship",1956,https://babel.hathitrust.org/cgi/pt?id=uc1.b3939366,"access=fulltext view=Full View | record=001344811 | author=Hurley, Richard James, 1906-",200,TIER1_CANDIDATE,2026-09-25T13:12:51Z
walmart,hathitrust,"HT CONTROL 'five and dime' variety store 1950-1959 (verified 2,284 / 187)",coo.31924000781850,"Cornell poultry pointers, v.1-5 1949-53",1953,https://babel.hathitrust.org/cgi/pt?id=coo.31924000781850,access=fulltext view=Full View | record=009188512 | author=-,200,TIER1_CANDIDATE,2026-09-25T13:12:51Z
walmart,hathitrust,"HT CONTROL 'five and dime' variety store 1950-1959 (verified 2,284 / 187)",mdp.39015033889422,Your library; how to organize an elementary school library,1956,https://babel.hathitrust.org/cgi/pt?id=mdp.39015033889422,"access=fulltext view=Full View | record=102814263 | author=Hurley, Richard James, 1906-1976.",200,TIER1_CANDIDATE,2026-09-25T13:12:51Z
walmart,hathitrust,"HT CONTROL 'five and dime' variety store 1950-1959 (verified 2,284 / 187)",uc1.32106017217735,"Five lessons: the modern fundamentals of golf [by] Ben Hogan, with Herbert Warren Wind. Drawings by Anthony Ravielli",1957,https://babel.hathitrust.org/cgi/pt?id=uc1.32106017217735,"access=fulltext view=Full View | record=004476317 | author=Hogan, Ben, 1912-1997",200,TIER1_CANDIDATE,2026-09-25T13:12:51Z
walmart,hathitrust,"HT CONTROL 'five and dime' variety store 1950-1959 (verified 2,284 / 187)",uiug.30112121379231,"Amending the Fair Labor Standards Act of 1938 : hearings before the Subcommittee on Labor ... Eighty-fourth Congress, second session, on S. ",1956,https://babel.hathitrust.org/cgi/pt?id=uiug.30112121379231,access=fulltext view=Full View | record=101706845 | author=United States. Congress. House. Committee on Labor and Public Welfare.,200,TIER1_CANDIDATE,2026-09-25T13:12:51Z
walmart,hathitrust,"HT CONTROL 'five and dime' variety store 1950-1959 (verified 2,284 / 187)",coo.31924013884873,"Retailing, basic principles, by Pearce C. Kelley [and] Norris B. Brisco",1957,https://babel.hathitrust.org/cgi/pt?id=coo.31924013884873,"access=fulltext view=Full View | record=009077236 | author=Kelley, Pearce C., 1895-1968.",200,TIER1_CANDIDATE,2026-09-25T13:12:51Z
walmart,hathitrust,"HT CONTROL 'five and dime' variety store 1950-1959 (verified 2,284 / 187)",umn.31951d02113071o,"Amending the Fair Labor Standards Act of 1938 : hearings before the United States Senate Committee on Labor and Public Welfare, Subcommittee",1956,https://babel.hathitrust.org/cgi/pt?id=umn.31951d02113071o,access=fulltext view=Full View | record=100665136 | author=United States. Congress. Senate. Committee on Labor and Public Welfare. Subcommittee on Labor.,200,TIER1_CANDIDATE,2026-09-25T13:12:51Z
walmart,hathitrust,"HT CONTROL 'five and dime' variety store 1950-1959 (verified 2,284 / 187)",coo.31924065125506,"Homemakers' radio news, 1956",1956,https://babel.hathitrust.org/cgi/pt?id=coo.31924065125506,access=fulltext view=Full View | record=009054733 | author=New York State College of Home Economics. Extension Service.,200,TIER1_CANDIDATE,2026-09-25T13:12:51Z
walmart,hathitrust,"HT CONTROL 'five and dime' variety store 1950-1959 (verified 2,284 / 187)",uc1.b3157614,Retailing : principles and methods / Delbert J. Duncan and Charles F. Phillips,1959,https://babel.hathitrust.org/cgi/pt?id=uc1.b3157614,"access=fulltext view=Full View | record=006111731 | author=Duncan, Delbert J.",200,TIER1_CANDIDATE,2026-09-25T13:12:51Z
walmart,hathitrust,"HT CONTROL 'five and dime' variety store 1950-1959 (verified 2,284 / 187)",coo.31924013885920,Retailing: principles and methods [by] Delbert J. Duncan and Charles F. Phillips,1955,https://babel.hathitrust.org/cgi/pt?id=coo.31924013885920,"access=fulltext view=Full View | record=009077242 | author=Duncan, Delbert J.",200,TIER1_CANDIDATE,2026-09-25T13:12:51Z
walmart,hathitrust,"HT CONTROL 'five and dime' variety store 1950-1959 (verified 2,284 / 187)",mdp.39015058019434,City in the forest ; the story of Lansing,1950,https://babel.hathitrust.org/cgi/pt?id=mdp.39015058019434,"access=fulltext view=Full View | record=001265298 | author=Darling, Birt.",200,TIER1_CANDIDATE,2026-09-25T13:12:51Z
walmart,hathitrust,"HT CONTROL 'five and dime' variety store 1950-1959 (verified 2,284 / 187)",coo.31924013885250,Your business; a handbook of management aids for the New York businessman,1950,https://babel.hathitrust.org/cgi/pt?id=coo.31924013885250,access=fulltext view=Full View | record=009077238 | author=New York (State). Department of Commerce.,200,TIER1_CANDIDATE,2026-09-25T13:12:51Z
walmart,hathitrust,"HT CONTROL 'five and dime' variety store 1950-1959 (verified 2,284 / 187)",mdp.39015027866089,"The community builders handbook, 1954",1954,https://babel.hathitrust.org/cgi/pt?id=mdp.39015027866089,access=fulltext view=Full View | record=000648809 | author=Urban Land Institute. Community Builders' Council.,200,TIER1_CANDIDATE,2026-09-25T13:12:51Z
walmart,hathitrust,"HT CONTROL 'five and dime' variety store 1950-1959 (verified 2,284 / 187)",osu.32435051554558,"Report, 1950 1950",1950,https://babel.hathitrust.org/cgi/pt?id=osu.32435051554558,access=fulltext view=Full View | record=102842447 | author=Businessmen's Conference on Urban Problems.,200,TIER1_CANDIDATE,2026-09-25T13:12:51Z
walmart,hathitrust,"HT CONTROL 'five and dime' variety store 1950-1959 (verified 2,284 / 187)",coo.31924013885615,Make money at home,1952,https://babel.hathitrust.org/cgi/pt?id=coo.31924013885615,"access=fulltext view=Full View | record=009077240 | author=O'Shaughnessy, Marjorie.",200,TIER1_CANDIDATE,2026-09-25T13:12:51Z
walmart,hathitrust,"HT CONTROL 'five and dime' variety store 1950-1959 (verified 2,284 / 187)",mdp.39015001132961,Voice in the wilderness / by Eugene Henry Huffman,1959,https://babel.hathitrust.org/cgi/pt?id=mdp.39015001132961,"access=fulltext view=Full View | record=002204378 | author=Huffman, Eugene Henry.",200,TIER1_CANDIDATE,2026-09-25T13:12:51Z
walmart,hathitrust,"HT CONTROL 'five and dime' variety store 1950-1959 (verified 2,284 / 187)",wu.89033936121,The community builders handbook,1954,https://babel.hathitrust.org/cgi/pt?id=wu.89033936121,access=fulltext view=Full View | record=000648809 | author=Urban Land Institute. Community Builders' Council.,200,TIER1_CANDIDATE,2026-09-25T13:12:51Z
walmart,hathitrust,"HT CONTROL 'five and dime' variety store 1950-1959 (verified 2,284 / 187)",rul.39030018165201,The community builders handbook,1954,https://babel.hathitrust.org/cgi/pt?id=rul.39030018165201,access=fulltext view=Full View | record=000648809 | author=Urban Land Institute. Community Builders' Council.,200,TIER1_CANDIDATE,2026-09-25T13:12:51Z
walmart,hathitrust,"HT CONTROL 'five and dime' variety store 1950-1959 (verified 2,284 / 187)",pst.000060089212,"Traffic quarterly, v.12 1958",1958,https://babel.hathitrust.org/cgi/pt?id=pst.000060089212,access=fulltext view=Full View | record=000520218 | author=-,200,TIER1_CANDIDATE,2026-09-25T13:12:51Z
walmart,hathitrust,"HT CONTROL 'five and dime' variety store 1950-1959 (verified 2,284 / 187)",mdp.39015021323277,"Traffic quarterly, v.12 1958",1958,https://babel.hathitrust.org/cgi/pt?id=mdp.39015021323277,access=fulltext view=Full View | record=000520218 | author=-,200,TIER1_CANDIDATE,2026-09-25T13:12:51Z
walmart,hathitrust,"HT CONTROL 'five and dime' variety store 1950-1959 (verified 2,284 / 187)",mdp.39015073347851,How to get that part time job,1958,https://babel.hathitrust.org/cgi/pt?id=mdp.39015073347851,"access=fulltext view=Full View | record=001118261 | author=Feingold, S. Norman, 1914-2005.",200,TIER1_CANDIDATE,2026-09-25T13:12:51Z
walmart,hathitrust,"HT CONTROL 'five and dime' variety store 1950-1959 (verified 2,284 / 187)",mdp.39015048677606,"Orally speaking, a brief history of dentistry and the part the M. F. Patterson Dental Supply Co. has played in it throughout the greater par",1957,https://babel.hathitrust.org/cgi/pt?id=mdp.39015048677606,"access=fulltext view=Full View | record=001571163 | author=Cross, Marion E.",200,TIER1_CANDIDATE,2026-09-25T13:12:51Z
walmart,hathitrust,"HT CONTROL 'five and dime' variety store 1950-1959 (verified 2,284 / 187)",uc1.$b3473,"Traffic quarterly, v.12 (1958)",1958,https://babel.hathitrust.org/cgi/pt?id=uc1.$b3473,access=fulltext view=Full View | record=000520218 | author=-,200,TIER1_CANDIDATE,2026-09-25T13:12:51Z
walmart,hathitrust,"HT CONTROL 'five and dime' variety store 1950-1959 (verified 2,284 / 187)",coo.31924019133762,The complete book of roses,1956,https://babel.hathitrust.org/cgi/pt?id=coo.31924019133762,"access=fulltext view=Full View | record=009125807 | author=Jenkins, Dorothy Helen, 1907-",200,TIER1_CANDIDATE,2026-09-25T13:12:51Z
walmart,hathitrust,"HT CONTROL 'five and dime' variety store 1950-1959 (verified 2,284 / 187)",mdp.39015013096873,"An intensive course in English, v.3",1959,https://babel.hathitrust.org/cgi/pt?id=mdp.39015013096873,access=fulltext view=Full View | record=001464028 | author=University of Michigan. English Language Institute.,200,TIER1_CANDIDATE,2026-09-25T13:12:51Z
walmart,hathitrust,"HT CONTROL 'five and dime' variety store 1950-1959 (verified 2,284 / 187)",uiug.30112106758128,"Monthly newsletter / the Bureau of Supplies and Accounts, Navy Department, v.22 (1959)",1959,https://babel.hathitrust.org/cgi/pt?id=uiug.30112106758128,access=fulltext view=Full View | record=011421732 | author=-,200,TIER1_CANDIDATE,2026-09-25T13:12:51Z
walmart,hathitrust,"HT CONTROL 'five and dime' variety store 1950-1959 (verified 2,284 / 187)",mdp.39015019961039,"English pronunciation; exercises in sound segments, intonation, and rhythm / by the Research Staff of the English Language Institute, Charle",1954,https://babel.hathitrust.org/cgi/pt?id=mdp.39015019961039,access=fulltext view=Full View | record=001902943 | author=University of Michigan. English Language Institute.,200,TIER1_CANDIDATE,2026-09-25T13:12:51Z
walmart,hathitrust,"HT CONTROL 'five and dime' variety store 1950-1959 (verified 2,284 / 187)",mdp.39015071306529,"Detroit, an industrial miracle / by George W. Stark",1951,https://babel.hathitrust.org/cgi/pt?id=mdp.39015071306529,"access=fulltext view=Full View | record=003121514 | author=Stark, George W. 1884-1966.",200,TIER1_CANDIDATE,2026-09-25T13:12:51Z
walmart,hathitrust,"HT CONTROL 'five and dime' variety store 1950-1959 (verified 2,284 / 187)",mdp.39015071522372,"English pronunciation; exercises in sound segments, intonation, and rhythm / by the Research Staff of the English Language Institute, Charle",1954,https://babel.hathitrust.org/cgi/pt?id=mdp.39015071522372,access=fulltext view=Full View | record=003929254 | author=University of Michigan. English Language Institute.,200,TIER1_CANDIDATE,2026-09-25T13:12:51Z
walmart,hathitrust,"HT CATALOG brief record for htid pur1.32754078649484 (verified 200 JSON, unchallenged)",005022770,"Ice in the Ozarks : the methamphetamine epidemic in Arkansas : hearing before the Subcommittee on Criminal Justice, Drug Policy and Human Re",2004,https://catalog.hathitrust.org/Record/005022770,"CATALOGUE (brief record API): isbn=['9780160744358'] issn=['-'] oclc=['58837714'] lccn=['2005414777'] | bibliographic metadata only, no text in this response",200,LEAD_ONLY,2026-09-25T13:12:52Z
walmart,hathitrust,"HT CATALOG brief record for htid pur1.32754078649484 (verified 200 JSON, unchallenged)",pur1.32754078649484,,,https://babel.hathitrust.org/cgi/pt?id=pur1.32754078649484,"ITEM RIGHTS: Full view (rightsCode=pd, holder=Purdue University Main Campus Libraries) — the text is fetchable at the itemURL; this call did not fetch it",200,LEAD_ONLY,2026-09-25T13:12:52Z
walmart,internet_archive,IA walton five-and-dime,DTIC_ADA345567,DTIC ADA345567: A Study of the Discount Retail Industry and Wal-Mart Corporation,1998-06-05,https://archive.org/details/DTIC_ADA345567,"texts, ['dticarchive', 'usgovernmentmirrors', 'government-documents', 'fav-kamran_shoukat_ali_sanjrani']",200,LEAD_ONLY,2026-09-25T13:00:33Z
walmart,internet_archive,IA walton five-and-dime,samwaltoninsides00vanc,Sam Walton : the inside story of America's richest man,1990-01-01,https://archive.org/details/samwaltoninsides00vanc,"texts, ['internetarchivebooks', 'printdisabled', 'inlibrary', 'fav-alimik', 'fav-arturo_villegas711', 'fav-bookklover', ",200,LEAD_ONLY,2026-09-25T13:00:33Z
walmart,internet_archive,IA waltons store 1945-1965,,,,,EMPTY (proven null): numFound=0,200,NULL,2026-09-25T13:00:35Z
walmart,internet_archive,IA walton retail trade press 1945-1965,,,,,EMPTY (proven null): numFound=0,200,NULL,2026-09-25T13:00:37Z
walmart,internet_archive,IA $1.25 store,,,,,EMPTY (proven null): numFound=0,200,NULL,2026-09-25T13:00:38Z
