filingDate,form,accession,reportDate,primaryDocument,source
2002-02-11,S-4,0000950123-02-001136,,e56461s4s-4.txt,CIK0001166691-submissions-002.json
2002-04-10,S-4/A,0000950123-02-003571,,e56461a1s-4a.txt,CIK0001166691-submissions-002.json
2002-04-30,S-4/A,0000950123-02-004349,,e56461a2s-4a.txt,CIK0001166691-submissions-002.json
2002-05-01,425,0000950103-02-000440,,may0102_425.txt,CIK0001166691-submissions-002.json
2002-05-02,425,0000950103-02-000443,,may0202_425.txt,CIK0001166691-submissions-002.json
2002-05-06,425,0000950103-02-000450,,may0602_web425.txt,CIK0001166691-submissions-002.json
2002-05-06,425,0000950103-02-000449,,may0602_425.txt,CIK0001166691-submissions-002.json
2002-05-06,425,0000950103-02-000448,,may0602_inv425.txt,CIK0001166691-submissions-002.json
2002-05-14,S-4/A,0000950123-02-005093,,e56461a3s-4a.txt,CIK0001166691-submissions-002.json
2002-05-20,425,0000950103-02-000499,,may2002_425.txt,CIK0001166691-submissions-002.json
2002-06-06,425,0000950103-02-000534,,jun0602_425deutsche.txt,CIK0001166691-submissions-002.json
2002-06-06,425,0000950103-02-000533,,jun0602_425trans.txt,CIK0001166691-submissions-002.json
2002-06-11,425,0000898822-02-000750,,slidepresentationcomast.txt,CIK0001166691-submissions-002.json
2002-06-13,425,0000950103-02-000552,,jun1302_425.txt,CIK0001166691-submissions-002.json
2002-06-17,425,0000950103-02-000557,,jun1702_425.txt,CIK0001166691-submissions-002.json
2002-06-24,425,0000898822-02-000833,,june24form425.txt,CIK0001166691-submissions-002.json
2002-08-12,S-4,0000950123-02-007726,,y62410sv4.txt,CIK0001166691-submissions-002.json
2002-09-26,S-4/A,0000950123-02-009190,,y62410a1sv4za.txt,CIK0001166691-submissions-002.json
2002-10-04,S-4/A,0000950123-02-009412,,y62410a2sv4za.txt,CIK0001166691-submissions-002.json
2002-10-30,8-K,0000950159-02-000641,2002-10-30,attcomcast8k10-30.txt,CIK0001166691-submissions-002.json
2002-11-13,NO ACT,9999999997-02-059351,2002-11-13,9999999997-02-059351.paper,CIK0001166691-submissions-002.json
2002-11-18,3,0000950103-02-001193,2002-11-18,nov1102_form3-sovern.htm,CIK0001166691-submissions-002.json
2002-11-18,3,0000950103-02-001192,2002-11-18,nov1102_form3-smith.htm,CIK0001166691-submissions-002.json
2002-11-18,3,0000950103-02-001191,2002-11-18,nov1102_form3-simpson.htm,CIK0001166691-submissions-002.json
2002-11-18,3,0000950103-02-001190,2002-11-18,nov1102_form3-salva.htm,CIK0001166691-submissions-002.json
2002-11-18,3,0000950103-02-001189,2002-11-18,nov1102_form3-rroberts.htm,CIK0001166691-submissions-002.json
2002-11-18,3,0000950103-02-001188,2002-11-18,nov1102_form3-rodin.htm,CIK0001166691-submissions-002.json
2002-11-18,3,0000950103-02-001187,2002-11-18,nov1102_form3-fisher.htm,CIK0001166691-submissions-002.json
2002-11-18,3,0000950103-02-001186,2002-11-18,nov1102_form3-cook.htm,CIK0001166691-submissions-002.json
2002-11-18,3,0000950103-02-001185,2002-11-18,nov1102_form3-cohen.htm,CIK0001166691-submissions-002.json
2002-11-18,3,0000950103-02-001184,2002-11-18,nov1102_form3-burke.htm,CIK0001166691-submissions-002.json
2002-11-18,3,0000950103-02-001183,2002-11-18,nov1102_form3-brodsky.htm,CIK0001166691-submissions-002.json
2002-11-18,3,0000950103-02-001182,2002-11-18,nov1102_form3-broberts.htm,CIK0001166691-submissions-002.json
2002-11-18,3,0000950103-02-001181,2002-11-18,nov1102_form3-brcc.htm,CIK0001166691-submissions-002.json
2002-11-18,3,0000950103-02-001180,2002-11-18,nov1102_form3-bonovitz.htm,CIK0001166691-submissions-002.json
2002-11-18,3,0000950103-02-001179,2002-11-18,nov1102_form3-block.htm,CIK0001166691-submissions-002.json
2002-11-18,3,0000950103-02-001178,2002-11-18,nov1102_form3-bacon.htm,CIK0001166691-submissions-002.json
2002-11-18,3,0000950103-02-001177,2002-11-18,nov1102_form3-armstrong.htm,CIK0001166691-submissions-002.json
2002-11-18,3,0000950103-02-001176,2002-11-18,nov1102_form3-anstrom.htm,CIK0001166691-submissions-002.json
2002-11-18,3,0000950103-02-001175,2002-11-18,nov1102_form3-alchin.htm,CIK0001166691-submissions-002.json
2002-11-18,8-A12G,0000950103-02-001157,,nov1802_8a12g.txt,CIK0001166691-submissions-002.json
2002-11-18,8-K12G3,0000950103-02-001194,2002-11-13,nov1802_8k.txt,CIK0001166691-submissions-002.json
2002-11-18,S-4,0000950103-02-001156,,nov1802_s4.txt,CIK0001166691-submissions-002.json
2002-11-19,S-8,0001021408-02-014386,,ds8.txt,CIK0001166691-submissions-002.json
2002-11-20,4,0000950103-02-001235,2002-11-20,nov1302_form4-sovern.htm,CIK0001166691-submissions-002.json
2002-11-20,4,0000950103-02-001234,2002-11-18,nov1302_form4-smith.htm,CIK0001166691-submissions-002.json
2002-11-20,4,0000950103-02-001233,2002-11-20,nov1302_form4-simpson.htm,CIK0001166691-submissions-002.json
2002-11-20,4,0000950103-02-001232,2002-11-18,nov1302_form4-salva.htm,CIK0001166691-submissions-002.json
2002-11-20,4,0000950103-02-001231,2002-11-18,nov1302_form4-rroberts.htm,CIK0001166691-submissions-002.json
2002-11-20,4,0000950103-02-001230,2002-11-20,nov1302_form4-rodin.htm,CIK0001166691-submissions-002.json
2002-11-20,4,0000950103-02-001229,2002-11-20,nov1302_form4-fisher.htm,CIK0001166691-submissions-002.json
2002-11-20,4,0000950103-02-001228,2002-11-20,nov1302_form4-cook.htm,CIK0001166691-submissions-002.json
2002-11-20,4,0000950103-02-001227,2002-11-18,nov1302_form4-cohen.htm,CIK0001166691-submissions-002.json
2002-11-20,4,0000950103-02-001226,2002-11-18,nov1302_form4-burke.htm,CIK0001166691-submissions-002.json
2002-11-20,4,0000950103-02-001225,2002-11-18,nov1302_form4-brodsky.htm,CIK0001166691-submissions-002.json
2002-11-20,4,0000950103-02-001224,2002-11-18,nov1302_form4-broberts.htm,CIK0001166691-submissions-002.json
2002-11-20,4,0000950103-02-001223,2002-11-18,nov1302_form4-brcc.htm,CIK0001166691-submissions-002.json
2002-11-20,4,0000950103-02-001222,2002-11-20,nov1302_form4-bonovitz.htm,CIK0001166691-submissions-002.json
2002-11-20,4,0000950103-02-001221,2002-11-18,nov1302_form4-block.htm,CIK0001166691-submissions-002.json
2002-11-20,4,0000950103-02-001220,2002-11-20,nov1302_form4-bacon.htm,CIK0001166691-submissions-002.json
2002-11-20,4,0000950103-02-001219,2002-11-20,nov1302_form4-armstrong.htm,CIK0001166691-submissions-002.json
2002-11-20,4,0000950103-02-001218,2002-11-20,nov1302_form4-anstrom.htm,CIK0001166691-submissions-002.json
2002-11-20,4,0000950103-02-001217,2002-11-18,nov1302_form4-alchin.htm,CIK0001166691-submissions-002.json
2002-11-25,SC 13G,0000891836-02-000574,,sc0329.htm,CIK0001166691-submissions-002.json
2002-12-04,S-8,0001021408-02-014830,,ds8.txt,CIK0001166691-submissions-002.json
2002-12-04,S-8 POS,0001021408-02-014828,,ds8pos.txt,CIK0001166691-submissions-002.json
2002-12-05,4/A,0000950103-02-001312,2002-11-20,dec0402_form4-sovern.htm,CIK0001166691-submissions-002.json
2002-12-05,4/A,0000950103-02-001311,2002-11-18,dec0402_form4-smith.htm,CIK0001166691-submissions-002.json
2002-12-05,4/A,0000950103-02-001310,2002-11-20,dec0402_form4-simpson.htm,CIK0001166691-submissions-002.json
2002-12-05,4/A,0000950103-02-001309,2002-11-18,dec0402_form4-salva.htm,CIK0001166691-submissions-002.json
2002-12-05,4/A,0000950103-02-001308,2002-11-18,dec0402_form4-rroberts.htm,CIK0001166691-submissions-002.json
2002-12-05,4/A,0000950103-02-001307,2002-11-20,dec0402_form4-fisher.htm,CIK0001166691-submissions-002.json
2002-12-05,4/A,0000950103-02-001306,2002-11-20,dec0402_form4-cook.htm,CIK0001166691-submissions-002.json
2002-12-05,4/A,0000950103-02-001305,2002-11-18,dec0402_form4-cohen.htm,CIK0001166691-submissions-002.json
2002-12-05,4/A,0000950103-02-001304,2002-11-18,dec0402_form4-burke.htm,CIK0001166691-submissions-002.json
2002-12-05,4/A,0000950103-02-001303,2002-11-18,dec0402_form4-brodsky.htm,CIK0001166691-submissions-002.json
2002-12-05,4/A,0000950103-02-001302,2002-11-18,dec0402_form4-broberts.htm,CIK0001166691-submissions-002.json
2002-12-05,4/A,0000950103-02-001301,2002-11-20,dec0402_form4-bonovitz.htm,CIK0001166691-submissions-002.json
2002-12-05,4/A,0000950103-02-001300,2002-11-18,dec0402_form4-block.htm,CIK0001166691-submissions-002.json
2002-12-05,4/A,0000950103-02-001299,2002-11-20,dec0402_form4-armstrong.htm,CIK0001166691-submissions-002.json
2002-12-05,4/A,0000950103-02-001298,2002-11-20,dec0402_form4-anstrom.htm,CIK0001166691-submissions-002.json
2002-12-05,4/A,0000950103-02-001297,2002-11-18,dec0402_form4-alchin.htm,CIK0001166691-submissions-002.json
2002-12-16,8-K/A,0000950159-02-000779,2002-11-18,attcomcast8k11-02.txt,CIK0001166691-submissions-002.json
2002-12-16,S-3,0000950103-02-001382,,dec1102_s3.txt,CIK0001166691-submissions-002.json
2002-12-23,S-3/A,0000950103-02-001473,,dec2002_s3a.txt,CIK0001166691-submissions-002.json
2003-01-08,424B2,0001047469-03-000769,,a2100239z424b2.htm,CIK0001166691-submissions-002.json
2003-01-10,8-K,0000950103-03-000040,2003-01-10,jan1003_8k.htm,CIK0001166691-submissions-002.json
2003-01-27,SC 13G,0000950103-03-000092,,jan2303_13g-cci.txt,CIK0001166691-submissions-002.json
2003-01-27,SC 13G,0000950103-03-000091,,jan2303_13g-csc.txt,CIK0001166691-submissions-002.json
2003-01-27,SC 13G,0000950103-03-000090,,jan2303_13g-2way.txt,CIK0001166691-submissions-002.json
2003-01-30,S-4/A,0000950103-03-000161,,jan2703_s4a1.txt,CIK0001166691-submissions-002.json
2003-01-31,S-4,0000893220-03-000098,,w82740sv4.txt,CIK0001166691-submissions-002.json
2003-02-05,8-K,0000950159-03-000066,2003-01-31,bodresignation8k.txt,CIK0001166691-submissions-002.json
2003-02-07,S-4/A,0000893220-03-000119,,w82740a1sv4za.txt,CIK0001166691-submissions-002.json
2003-02-12,SC 13G,0000913414-03-000118,,sc13g-comcast123102.txt,CIK0001166691-submissions-002.json
2003-03-06,8-K,0000950159-03-000188,2003-02-27,earnings8k.txt,CIK0001166691-submissions-002.json
2003-03-06,PRE 14A,0000950103-03-000691,2003-05-07,sched_14a.txt,CIK0001166691-submissions-002.json
2003-03-14,424B2,0000893220-03-000293,,w83979e424b2.htm,CIK0001166691-submissions-002.json
2003-03-20,10-K,0000950159-03-000238,2002-12-31,comcast200210k.txt,CIK0001166691-submissions-002.json
2003-03-26,S-3,0000893220-03-000429,,w84641sv3.htm,CIK0001166691-submissions-002.json
2003-03-31,DEF 14A,0000950109-03-001947,2003-05-07,ddef14a.htm,CIK0001166691-submissions-002.json
2003-04-08,S-8,0001021408-03-005781,,ds8.htm,CIK0001166691-submissions-002.json
2003-05-09,10-Q,0000950159-03-000388,2003-03-31,corp3-31q.txt,CIK0001166691-submissions-002.json
2003-05-09,8-K,0000950159-03-000384,2003-05-08,comcast8k.txt,CIK0001166691-submissions-002.json
2003-05-14,424B2,0000893220-03-000918,,w86490b2e424b2.htm,CIK0001166691-submissions-002.json
2003-05-19,SC 13D/A,0000950159-03-000453,,sch13da5-03.txt,CIK0001166691-submissions-002.json
2003-06-30,11-K,0000950159-03-000571,2002-12-31,comcast11-k.txt,CIK0001166691-submissions-002.json
2003-06-30,11-K,0000950159-03-000570,2002-12-31,ccch11k.txt,CIK0001166691-submissions-002.json
2003-07-03,4,0001236186-03-000016,2003-07-01,xslF345X01/sim16.xml,CIK0001166691-submissions-002.json
2003-07-03,4,0001236186-03-000015,2003-07-01,xslF345X01/rod15.xml,CIK0001166691-submissions-002.json
2003-07-03,4,0001236186-03-000014,2003-07-01,xslF345X01/coo14.xml,CIK0001166691-submissions-002.json
2003-07-03,4,0001236186-03-000013,2003-07-01,xslF345X01/ans13.xml,CIK0001166691-submissions-002.json
2003-07-03,8-K,0000950103-03-001496,2003-07-03,jul0303_8k.htm,CIK0001166691-submissions-002.json
2003-07-09,4,0001236186-03-000019,2003-03-17,xslF345X01/rob18.xml,CIK0001166691-submissions-002.json
2003-07-10,SC 13G/A,0000888002-03-000277,,cmcs0630_g.txt,CIK0001166691-submissions-002.json
2003-07-11,SC 13G/A,0000950103-03-001519,,jul0903_13ga-charter.htm,CIK0001166691-submissions-002.json
2003-07-29,4,0001230294-03-000004,2003-07-25,xslF345X02/primary_doc.xml,CIK0001166691-submissions-002.json
2003-07-29,SC 13D/A,0000950159-03-000627,,corp13da7-03.txt,CIK0001166691-submissions-002.json
2003-08-01,10-Q,0000950159-03-000639,2003-06-30,comcast10q.txt,CIK0001166691-submissions-002.json
2003-08-01,8-K,0000950159-03-000635,2003-07-31,comcast8k.txt,CIK0001166691-submissions-002.json
2003-08-12,4,0001236186-03-000023,2003-08-01,xslF345X02/alc22.xml,CIK0001166691-submissions-002.json
2003-08-19,4,0001236186-03-000025,2003-08-18,xslF345X02/sov23.xml,CIK0001166691-submissions-002.json
2003-08-20,4/A,0001236186-03-000029,2003-08-18,xslF345X02/sov24.xml,CIK0001166691-submissions-002.json
2003-08-20,4/A,0001236186-03-000028,2003-08-01,xslF345X02/alc25.xml,CIK0001166691-submissions-002.json
2003-09-17,8-K,0000950159-03-000760,2003-09-17,comcast8k9-12.txt,CIK0001166691-submissions-002.json
2003-09-19,4,0000950103-03-001888,2003-09-17,xslF345X02/sep1903_4-knotex.xml,CIK0001166691-submissions-002.json
2003-09-19,4,0001236186-03-000033,2003-09-09,xslF345X02/bro26.xml,CIK0001166691-submissions-002.json
2003-09-19,4,0001253778-03-000001,2003-09-17,xslF345X02/primary_doc.xml,CIK0001166691-submissions-002.json
2003-09-19,SC 13D/A,0000950159-03-000766,,comcast13da5.txt,CIK0001166691-submissions-002.json
2003-09-24,SC 13G,0000950103-03-001925,,sep2403_13g-liberty.htm,CIK0001166691-submissions-002.json
2003-10-01,8-K,0000950159-03-000800,2003-09-17,comcast8k.txt,CIK0001166691-submissions-002.json
2003-10-03,4,0001236186-03-000042,2003-10-01,xslF345X02/sim32.xml,CIK0001166691-submissions-002.json
2003-10-03,4,0001236186-03-000041,2003-10-01,xslF345X02/rod31.xml,CIK0001166691-submissions-002.json
2003-10-03,4,0001236186-03-000040,2003-10-01,xslF345X02/coo30.xml,CIK0001166691-submissions-002.json
2003-10-03,4,0001236186-03-000039,2003-10-01,xslF345X02/ans29.xml,CIK0001166691-submissions-002.json
2003-10-30,8-K,0000891092-03-003079,2003-10-30,e16070_8k.txt,CIK0001166691-submissions-002.json
2003-10-31,10-Q,0000950159-03-000869,2003-09-30,comcast10q.txt,CIK0001166691-submissions-002.json
2003-11-12,4,0001236186-03-000049,2003-11-11,xslF345X02/blo38.xml,CIK0001166691-submissions-002.json
2003-11-12,4,0001236186-03-000048,2003-11-06,xslF345X02/bro36.xml,CIK0001166691-submissions-002.json
2003-11-12,4,0001236186-03-000047,2003-11-06,xslF345X02/rob35.xml,CIK0001166691-submissions-002.json
2003-11-20,4,0001236186-03-000051,2003-11-18,xslF345X02/bro39.xml,CIK0001166691-submissions-002.json
2003-12-02,4,0001236186-03-000053,2003-12-01,xslF345X02/rob41.xml,CIK0001166691-submissions-002.json
2003-12-09,4,0001236186-03-000055,2003-12-05,xslF345X02/alc42.xml,CIK0001166691-submissions-002.json
2003-12-17,4,0001236186-03-000093,2003-12-17,xslF345X02/sov52.xml,CIK0001166691-submissions-002.json
2003-12-17,4,0001236186-03-000092,2003-12-17,xslF345X02/sim51.xml,CIK0001166691-submissions-002.json
2003-12-17,4,0001236186-03-000091,2003-12-17,xslF345X02/rod50.xml,CIK0001166691-submissions-002.json
2003-12-17,4,0001236186-03-000090,2003-12-17,xslF345X02/coo49.xml,CIK0001166691-submissions-002.json
2003-12-17,4,0001236186-03-000089,2003-12-17,xslF345X02/cas48.xml,CIK0001166691-submissions-002.json
2003-12-17,4,0001236186-03-000088,2003-12-17,xslF345X02/bon47.xml,CIK0001166691-submissions-002.json
2003-12-17,4,0001236186-03-000087,2003-12-17,xslF345X02/bac46.xml,CIK0001166691-submissions-002.json
2003-12-17,4,0001236186-03-000086,2003-12-17,xslF345X02/ans45.xml,CIK0001166691-submissions-002.json
2003-12-18,4,0001236186-03-000095,2003-12-17,xslF345X02/smi53.xml,CIK0001166691-submissions-002.json
2004-01-06,4,0001236186-04-000017,2004-01-05,xslF345X02/bro59.xml,CIK0001166691-submissions-002.json
2004-01-06,4,0001236186-04-000016,2004-01-02,xslF345X02/rod57.xml,CIK0001166691-submissions-002.json
2004-01-06,4,0001236186-04-000015,2004-01-02,xslF345X02/sim58.xml,CIK0001166691-submissions-002.json
2004-01-06,4,0001236186-04-000014,2004-01-02,xslF345X02/coo55.xml,CIK0001166691-submissions-002.json
2004-01-06,4,0001236186-04-000013,2004-01-02,xslF345X02/ans54.xml,CIK0001166691-submissions-002.json
2004-01-08,5,0001236186-04-000020,2003-12-31,xslF345X02/bac62.xml,CIK0001166691-submissions-002.json
2004-02-03,4,0001236186-04-000029,2004-01-05,xslF345X02/blo63.xml,CIK0001166691-submissions-002.json
2004-02-03,4,0001236186-04-000027,2003-12-04,xslF345X02/rob69.xml,CIK0001166691-submissions-002.json
2004-02-03,5/A,0001236186-04-000028,2003-12-31,xslF345X02/bac64.xml,CIK0001166691-submissions-002.json
2004-02-04,4,0001236186-04-000031,2004-01-12,xslF345X02/bur70.xml,CIK0001166691-submissions-002.json
2004-02-04,NO ACT,9999999997-04-005302,2003-12-23,9999999997-04-005302.paper,CIK0001166691-submissions-002.json
2004-02-04,NO ACT,9999999997-04-005301,2003-12-23,9999999997-04-005301.paper,CIK0001166691-submissions-002.json
2004-02-10,SC 13G,0000888002-04-000473,,cmcs1231_g.txt,CIK0001166691-submissions-002.json
2004-02-11,425,0000950103-04-000203,,emp_web.htm,CIK0001166691-submissions-002.json
2004-02-11,425,0000950103-04-000202,,key_events.htm,CIK0001166691-submissions-002.json
2004-02-11,425,0000950103-04-000201,,officers.htm,CIK0001166691-submissions-002.json
2004-02-11,425,0000950103-04-000200,,emp_letter.htm,CIK0001166691-submissions-002.json
2004-02-11,425,0000950103-04-000199,,present.htm,CIK0001166691-submissions-002.json
2004-02-11,425,0000950103-04-000198,,transcript.htm,CIK0001166691-submissions-002.json
2004-02-11,425,0000950103-04-000197,,overview.htm,CIK0001166691-submissions-002.json
2004-02-11,425,0000950103-04-000196,,fact_sheet.htm,CIK0001166691-submissions-002.json
2004-02-11,425,0000950103-04-000195,,press_release.htm,CIK0001166691-submissions-002.json
2004-02-11,5,0001236186-04-000033,2003-12-31,xslF345X02/rob65.xml,CIK0001166691-submissions-002.json
2004-02-11,8-K,0000950103-04-000205,2004-02-11,feb1104_8k.htm,CIK0001166691-submissions-002.json
2004-02-11,8-K,0000891092-04-000645,2004-02-11,e16878_8k.txt,CIK0001166691-submissions-002.json
2004-02-11,NO ACT,9999999997-04-006879,2003-12-30,9999999997-04-006879.paper,CIK0001166691-submissions-002.json
2004-02-11,NO ACT,9999999997-04-006264,2003-12-23,9999999997-04-006264.paper,CIK0001166691-submissions-002.json
2004-02-13,SC 13G/A,0000950103-04-000242,,feb1104_cvc-13g.htm,CIK0001166691-submissions-002.json
2004-02-13,SC 13G/A,0000950103-04-000241,,feb1104_liberty-13g.htm,CIK0001166691-submissions-002.json
2004-02-13,SC 13G/A,0000950103-04-000239,,feb1104_twtv-13g.htm,CIK0001166691-submissions-002.json
2004-02-17,425,0000950103-04-000261,,feb1704-425.htm,CIK0001166691-submissions-002.json
2004-02-17,SC 13G,0000913414-04-000140,,sc13g-comcastcorp12312003.txt,CIK0001166691-submissions-002.json
2004-02-17,SC 13G/A,0000812295-04-000050,,comcast2102004.txt,CIK0001166691-submissions-002.json
2004-03-08,425,0000950103-04-000349,,mar0804_425.htm,CIK0001166691-submissions-002.json
2004-03-09,425,0000950103-04-000356,,mar0904_425-trans.htm,CIK0001166691-submissions-002.json
2004-03-09,SC 13G,0000872786-04-000009,,cmcsa13g.txt,CIK0001166691-submissions-002.json
2004-03-10,425,0000950103-04-000362,,mar1004_425.htm,CIK0001166691-submissions-002.json
2004-03-10,SC 13G/A,0000872786-04-000010,,cmcsaamend.txt,CIK0001166691-submissions-002.json
2004-03-11,4,0001236186-04-000051,2004-03-09,xslF345X02/smi77.xml,CIK0001166691-submissions-002.json
2004-03-11,4,0001236186-04-000050,2004-03-09,xslF345X02/sal79.xml,CIK0001166691-submissions-002.json
2004-03-11,4,0001236186-04-000049,2004-03-09,xslF345X02/rob76.xml,CIK0001166691-submissions-002.json
2004-03-11,4,0001236186-04-000048,2004-03-09,xslF345X02/rob75.xml,CIK0001166691-submissions-002.json
2004-03-11,4,0001236186-04-000047,2004-03-09,xslF345X02/coh74.xml,CIK0001166691-submissions-002.json
2004-03-11,4,0001236186-04-000046,2004-03-09,xslF345X02/bur73.xml,CIK0001166691-submissions-002.json
2004-03-11,4,0001236186-04-000045,2004-03-09,xslF345X02/bro72.xml,CIK0001166691-submissions-002.json
2004-03-11,4,0001236186-04-000044,2004-03-09,xslF345X02/blo78.xml,CIK0001166691-submissions-002.json
2004-03-11,4,0001236186-04-000043,2004-03-09,xslF345X02/alc71.xml,CIK0001166691-submissions-002.json
2004-03-12,10-K,0000950159-04-000281,2003-12-31,comcast10k2003.htm,CIK0001166691-submissions-002.json
2004-03-24,PRE 14A,0000950103-04-000432,2004-05-26,mar24_proxy.htm,CIK0001166691-submissions-002.json
2004-04-02,4,0001236186-04-000057,2004-04-01,xslF345X02/coo81.xml,CIK0001166691-submissions-002.json
2004-04-02,4,0001236186-04-000056,2004-04-01,xslF345X02/rod82.xml,CIK0001166691-submissions-002.json
2004-04-02,4,0001236186-04-000055,2004-04-01,xslF345X02/ans80.xml,CIK0001166691-submissions-002.json
2004-04-08,DEF 14A,0001193125-04-059262,2004-05-26,ddef14a.htm,CIK0001166691-submissions-002.json
2004-04-28,8-K,0000950103-04-000584,2004-04-28,apr2804_8k.htm,CIK0001166691-submissions-002.json
2004-04-28,8-K,0000891092-04-001973,2004-04-28,e17638_8k.txt,CIK0001166691-submissions-002.json
2004-04-29,4,0001236186-04-000062,2004-04-29,xslF345X02/sov85.xml,CIK0001166691-submissions-002.json
2004-05-05,10-Q,0000950159-04-000476,2004-03-31,comcast10qmar2004.htm,CIK0001166691-submissions-002.json
2004-05-13,8-K,0000950159-04-000525,2004-05-13,comcast8k5-13.txt,CIK0001166691-submissions-002.json
2004-05-20,DEFA14A,0000950103-04-000759,,may2004_defa14a.htm,CIK0001166691-submissions-002.json
2004-05-21,4,0001236186-04-000064,2004-05-20,xslF345X02/rob86.xml,CIK0001166691-submissions-002.json
2004-06-14,4,0001236186-04-000066,2004-06-10,xslF345X02/rob87.xml,CIK0001166691-submissions-002.json
2004-06-16,4,0001236186-04-000068,2004-06-15,xslF345X02/bro88.xml,CIK0001166691-submissions-002.json
2004-06-28,11-K,0000950159-04-000639,2003-12-31,comcast11k.txt,CIK0001166691-submissions-002.json
2004-06-28,11-K,0000950159-04-000638,2003-12-31,comcastspectracor11k.txt,CIK0001166691-submissions-002.json
2004-06-29,REGDEX,9999999997-04-027912,,9999999997-04-027912.paper,CIK0001166691-submissions-002.json
2004-07-01,4,0001236186-04-000078,2004-07-01,xslF345X02/coo90.xml,CIK0001166691-submissions-002.json
2004-07-01,4,0001236186-04-000077,2004-07-01,xslF345X02/coo90.xml,CIK0001166691-submissions-002.json
2004-07-01,4,0001236186-04-000076,2004-07-01,xslF345X02/rod91.xml,CIK0001166691-submissions-002.json
2004-07-01,4,0001236186-04-000075,2004-07-01,xslF345X02/ans89.xml,CIK0001166691-submissions-002.json
2004-07-06,4,0001236186-04-000080,2004-07-02,xslF345X02/smi93.xml,CIK0001166691-submissions-002.json
2004-07-09,4,0001236186-04-000082,2004-07-08,xslF345X02/alc94.xml,CIK0001166691-submissions-002.json
2004-07-13,4,0001236186-04-000086,2004-07-09,xslF345X02/bro95.xml,CIK0001166691-submissions-002.json
2004-07-15,4,0001236186-04-000088,2004-07-15,xslF345X02/rob96.xml,CIK0001166691-submissions-002.json
2004-07-22,4/A,0001236186-04-000090,2004-07-15,xslF345X02/rob98.xml,CIK0001166691-submissions-002.json
2004-07-28,8-K,0000891092-04-003590,2004-07-28,e18575_8k.txt,CIK0001166691-submissions-002.json
2004-07-29,SC 13G,0000950103-04-001062,,jul2804_13g.htm,CIK0001166691-submissions-002.json
2004-07-30,10-Q,0000950159-04-000712,2004-06-30,comcast10qjun2004.htm,CIK0001166691-submissions-002.json
2004-08-04,4,0001236186-04-000092,2004-08-03,xslF345X02/rob100.xml,CIK0001166691-submissions-002.json
2004-08-10,4,0001236186-04-000094,2004-08-10,xslF345X02/sov102.xml,CIK0001166691-submissions-002.json
2004-08-10,4/A,0001236186-04-000096,2004-08-10,xslF345X02/sov103.xml,CIK0001166691-submissions-002.json
2004-08-12,S-8 POS,0001193125-04-139095,,ds8pos.htm,CIK0001166691-submissions-002.json
2004-08-26,4,0001236186-04-000098,2004-08-12,xslF345X02/rob104.xml,CIK0001166691-submissions-002.json
2004-09-20,4,0001236186-04-000102,2004-07-28,xslF345X02/rob101.xml,CIK0001166691-submissions-002.json
2004-09-20,4,0001236186-04-000101,2004-09-17,xslF345X02/bro105.xml,CIK0001166691-submissions-002.json
2004-09-21,8-K,0000950159-04-000859,2004-09-21,comcast8k.htm,CIK0001166691-submissions-002.json
2004-09-21,S-3,0000950159-04-000860,,comcasts-3.htm,CIK0001166691-submissions-002.json
2004-10-04,4,0001236186-04-000109,2004-10-01,xslF345X02/rod108.xml,CIK0001166691-submissions-002.json
2004-10-04,4,0001236186-04-000108,2004-10-01,xslF345X02/coo107.xml,CIK0001166691-submissions-002.json
2004-10-04,4,0001236186-04-000107,2004-10-01,xslF345X02/ans106.xml,CIK0001166691-submissions-002.json
2004-10-08,SC TO-I,0000950159-04-000889,,comcast-to.htm,CIK0001166691-submissions-002.json
2004-10-19,8-K,0000950159-04-000905,2004-10-19,comcast8k10-04.txt,CIK0001166691-submissions-002.json
2004-10-22,UPLOAD,0000000000-04-034019,,filename1.txt,CIK0001166691-submissions-002.json
2004-10-25,3,0001236186-04-000112,2004-10-19,xslF345X02/col110.xml,CIK0001166691-submissions-002.json
2004-10-25,4,0001236186-04-000113,2004-09-30,xslF345X02/rob111.xml,CIK0001166691-submissions-002.json
2004-10-27,8-K,0000891092-04-005097,2004-10-27,e19469_8k.txt,CIK0001166691-submissions-002.json
2004-10-27,CORRESP,0000950159-04-000932,,filename1.htm,CIK0001166691-submissions-002.json
2004-10-28,S-3/A,0000950159-04-000933,,comcasts-3a1.htm,CIK0001166691-submissions-002.json
2004-10-28,SC TO-I/A,0000950159-04-000936,,comcast-toa1.htm,CIK0001166691-submissions-002.json
2004-10-29,10-Q,0000950159-04-000944,2004-09-30,comcast10qsep2004.htm,CIK0001166691-submissions-002.json
2004-11-02,4,0001236186-04-000115,2004-10-28,xslF345X02/smi112.xml,CIK0001166691-submissions-002.json
2004-11-02,UPLOAD,0000000000-04-035153,,filename1.txt,CIK0001166691-submissions-002.json
2004-11-04,CORRESP,0000950159-04-000958,,filename1.htm,CIK0001166691-submissions-002.json
2004-11-05,CORRESP,0000950159-04-000963,,filename1.htm,CIK0001166691-submissions-002.json
2004-11-05,S-3/A,0000950159-04-000957,,comcasts-3a2.htm,CIK0001166691-submissions-002.json
2004-11-08,4,0001236186-04-000133,2004-11-05,xslF345X02/bac115.xml,CIK0001166691-submissions-002.json
2004-11-08,4,0001236186-04-000132,2004-11-05,xslF345X02/cas117.xml,CIK0001166691-submissions-002.json
2004-11-08,4,0001236186-04-000131,2004-11-05,xslF345X02/sov120.xml,CIK0001166691-submissions-002.json
2004-11-08,4,0001236186-04-000130,2004-11-05,xslF345X02/rod119.xml,CIK0001166691-submissions-002.json
2004-11-08,4,0001236186-04-000128,2004-10-19,xslF345X02/col121.xml,CIK0001166691-submissions-002.json
2004-11-08,4,0001236186-04-000129,2004-11-05,xslF345X02/coo118.xml,CIK0001166691-submissions-002.json
2004-11-08,4,0001236186-04-000127,2004-11-05,xslF345X02/bon116.xml,CIK0001166691-submissions-002.json
2004-11-08,4,0001236186-04-000125,2004-11-05,xslF345X02/ans113.xml,CIK0001166691-submissions-002.json
2004-11-08,4,0001236186-04-000126,2004-11-05,xslF345X02/arm114.xml,CIK0001166691-submissions-002.json
2004-11-09,424B3,0000950159-04-000970,,comcast424b3.htm,CIK0001166691-submissions-002.json
2004-11-15,4,0001236186-04-000135,2004-11-11,xslF345X02/rob123.xml,CIK0001166691-submissions-002.json
2004-11-22,4,0001236186-04-000137,2004-11-18,xslF345X02/rob124.xml,CIK0001166691-submissions-002.json
2004-11-29,4,0001236186-04-000139,2004-11-24,xslF345X02/blo126.xml,CIK0001166691-submissions-002.json
2004-12-02,4,0001236186-04-000141,2004-11-30,xslF345X02/rob125.xml,CIK0001166691-submissions-002.json
2004-12-02,424B3,0000950159-04-001046,,comcast12-1424b3.htm,CIK0001166691-submissions-002.json
2004-12-08,8-K,0001193125-04-209493,2004-12-08,d8k.htm,CIK0001166691-submissions-002.json
2004-12-08,S-8,0001193125-04-209540,,ds8.htm,CIK0001166691-submissions-002.json
2004-12-13,4,0001236186-04-000147,2004-12-09,xslF345X02/bur128.xml,CIK0001166691-submissions-002.json
2004-12-13,4,0001236186-04-000146,2004-12-09,xslF345X02/smi127.xml,CIK0001166691-submissions-002.json
2004-12-13,4,0001236186-04-000145,2004-12-02,xslF345X02/alc129.xml,CIK0001166691-submissions-002.json
2004-12-21,4,0001236186-04-000151,2004-12-20,xslF345X02/rob130.xml,CIK0001166691-submissions-002.json
2004-12-23,4,0001236186-04-000155,2004-12-23,xslF345X02/smi131.xml,CIK0001166691-submissions-002.json
2004-12-23,4,0001236186-04-000153,2004-12-22,xslF345X02/bur132.xml,CIK0001166691-submissions-002.json
2004-12-27,424B3,0000950159-04-001095,,comcastsupplement.htm,CIK0001166691-submissions-002.json
2004-12-27,SC TO-I/A,0000950159-04-001094,,comcastto.htm,CIK0001166691-submissions-002.json
2004-12-30,4,0001236186-04-000161,2004-10-22,xslF345X02/rob139.xml,CIK0001166691-submissions-002.json
2005-01-04,4,0001236186-05-000008,2005-01-03,xslF345X02/rod136.xml,CIK0001166691-submissions-002.json
2005-01-04,4,0001236186-05-000007,2005-01-03,xslF345X02/coo135.xml,CIK0001166691-submissions-002.json
2005-01-04,4,0001236186-05-000006,2005-01-03,xslF345X02/coh137.xml,CIK0001166691-submissions-002.json
2005-01-04,4,0001236186-05-000005,2005-01-03,xslF345X02/ans134.xml,CIK0001166691-submissions-002.json
2005-01-04,4,0001236186-05-000004,2005-01-03,xslF345X02/bur138.xml,CIK0001166691-submissions-002.json
2005-01-05,4,0001236186-05-000014,2005-01-04,xslF345X02/bro143.xml,CIK0001166691-submissions-002.json
2005-01-05,4,0001236186-05-000012,2005-01-04,xslF345X02/blo142.xml,CIK0001166691-submissions-002.json
2005-01-05,5,0001236186-05-000013,2004-12-31,xslF345X02/bon141.xml,CIK0001166691-submissions-002.json
2005-01-06,4,0001236186-05-000016,2005-01-05,xslF345X02/smi144.xml,CIK0001166691-submissions-002.json
2005-01-06,8-K,0000950159-05-000008,2004-12-31,comcast8k.htm,CIK0001166691-submissions-002.json
2005-01-11,4,0001236186-05-000018,2005-01-07,xslF345X02/smi145.xml,CIK0001166691-submissions-002.json
2005-01-24,3,0000950103-05-000103,2005-01-14,xslF345X02/jan2405_form3ex.xml,CIK0001166691-submissions-002.json
2005-01-24,SC 13D,0000950103-05-000102,,jan2405_13d.htm,CIK0001166691-submissions-002.json
2005-01-27,SC 13G/A,0000950103-05-000130,,jan2605_13ga-lmi.htm,CIK0001166691-submissions-002.json
2005-01-27,SC 13G/A,0000950103-05-000129,,jan2605_lmc-13g.htm,CIK0001166691-submissions-002.json
2005-01-27,SC 13G/A,0000950103-05-000128,,jan2605_13ga-csc.htm,CIK0001166691-submissions-002.json
2005-02-03,8-K,0001275287-05-000393,2005-02-03,cc1963.txt,CIK0001166691-submissions-002.json
2005-02-04,S-8 POS,0000950159-05-000097,,comcasts82.htm,CIK0001166691-submissions-002.json
2005-02-04,S-8 POS,0000950159-05-000095,,comcasts8.htm,CIK0001166691-submissions-002.json
2005-02-09,3,0001104659-05-004760,2005-01-31,xslF345X02/a3.xml,CIK0001166691-submissions-002.json
2005-02-09,SC 13G,0001104659-05-004759,,a05-2968_1sc13g.htm,CIK0001166691-submissions-002.json
2005-02-09,SC 13G,0001104659-05-004758,,a05-2965_1sc13g.htm,CIK0001166691-submissions-002.json
2005-02-10,SC 13G,0001193125-05-024791,,dsc13g.htm,CIK0001166691-submissions-002.json
2005-02-14,5,0001236186-05-000023,2004-12-31,xslF345X02/rob166.xml,CIK0001166691-submissions-002.json
2005-02-14,SC 13G,0000913414-05-000171,,comcastcorp123104.txt,CIK0001166691-submissions-002.json
2005-02-14,SC 13G/A,0000812295-05-000013,,comcast1102005.txt,CIK0001166691-submissions-002.json
2005-02-14,SC 13G/A,0000888002-05-000487,,cmcs1231_g.txt,CIK0001166691-submissions-002.json
2005-02-16,POS AM,0000950159-05-000183,,comcastposam1.htm,CIK0001166691-submissions-002.json
2005-02-22,8-K,0000950159-05-000212,2005-02-17,comcast8k2-22.htm,CIK0001166691-submissions-002.json
2005-02-23,10-K,0001047469-05-004437,2004-12-31,a2141960z10-k.htm,CIK0001166691-submissions-002.json
2005-03-01,S-8,0001193125-05-039616,,ds8.htm,CIK0001166691-submissions-002.json
2005-03-10,4,0001236186-05-000031,2005-03-09,xslF345X02/smi153.xml,CIK0001166691-submissions-002.json
2005-03-10,4,0001236186-05-000029,2005-03-09,xslF345X02/rob151.xml,CIK0001166691-submissions-002.json
2005-03-10,4,0001236186-05-000030,2005-03-09,xslF345X02/sal152.xml,CIK0001166691-submissions-002.json
2005-03-10,4,0001236186-05-000028,2005-03-09,xslF345X02/blo133.xml,CIK0001166691-submissions-002.json
2005-03-11,8-K,0000950159-05-000299,2005-03-11,comcastcorp8k.htm,CIK0001166691-submissions-002.json
2005-03-11,SC 13G/A,0001036325-05-000050,,a13gcomcast123104.txt,CIK0001166691-submissions-002.json
2005-03-15,4,0001236186-05-000047,2005-03-14,xslF345X02/smi162.xml,CIK0001166691-submissions-002.json
2005-03-15,4,0001236186-05-000046,2005-03-14,xslF345X02/sal161.xml,CIK0001166691-submissions-002.json
2005-03-15,4,0001236186-05-000045,2005-03-14,xslF345X02/rob159.xml,CIK0001166691-submissions-002.json
2005-03-15,4,0001236186-05-000044,2005-03-14,xslF345X02/rob158.xml,CIK0001166691-submissions-002.json
2005-03-15,4,0001236186-05-000043,2005-03-14,xslF345X02/coh157.xml,CIK0001166691-submissions-002.json
2005-03-15,4,0001236186-05-000041,2005-03-14,xslF345X02/blo155.xml,CIK0001166691-submissions-002.json
2005-03-15,4,0001236186-05-000042,2005-03-14,xslF345X02/bur156.xml,CIK0001166691-submissions-002.json
2005-03-15,4,0001236186-05-000040,2005-03-14,xslF345X02/alc154.xml,CIK0001166691-submissions-002.json
2005-03-25,8-K,0000950159-05-000342,2005-03-24,comcast8k3-24.htm,CIK0001166691-submissions-002.json
2005-04-04,4,0001236186-05-000056,2005-04-01,xslF345X02/rod148.xml,CIK0001166691-submissions-002.json
2005-04-04,4,0001236186-05-000055,2005-04-01,xslF345X02/coo147.xml,CIK0001166691-submissions-002.json
2005-04-04,4,0001236186-05-000054,2005-04-01,xslF345X02/col167.xml,CIK0001166691-submissions-002.json
2005-04-04,4,0001236186-05-000053,2005-04-01,xslF345X02/ans146.xml,CIK0001166691-submissions-002.json
2005-04-08,4,0001236186-05-000057,2004-05-26,xslF345X02/arm168.xml,CIK0001166691-submissions-002.json
2005-04-08,8-K/A,0000950159-05-000415,2004-10-19,comcast8k.htm,CIK0001166691-submissions-002.json
2005-04-08,DEF 14A,0000893220-05-000786,2005-06-01,w07019def14a.htm,CIK0001166691-submissions-002.json
2005-04-14,SC 13D/A,0000950103-05-001228,,apr1405_13da1.htm,CIK0001166691-submissions-002.json
2005-04-26,8-K,0000950103-05-001292,2005-04-20,apr2605_8k.htm,CIK0001166691-submissions-002.json
2005-04-28,8-K,0001275287-05-001549,2005-04-28,cc2547.txt,CIK0001166691-submissions-002.json
2005-05-04,8-K,0000950159-05-000534,2005-05-03,comcast8k.htm,CIK0001166691-submissions-002.json
2005-05-05,10-Q,0001047469-05-013486,2005-03-31,a2157164z10-q.htm,CIK0001166691-submissions-002.json
2005-05-18,DEFA14A,0000950159-05-000645,,comcastdefa14a5-05.htm,CIK0001166691-submissions-002.json
2005-05-24,8-K,0000950159-05-000684,2005-05-12,comcast8k.htm,CIK0001166691-submissions-002.json
2005-05-24,8-K,0000950159-05-000682,2005-05-17,comcastspect8k.htm,CIK0001166691-submissions-002.json
2005-06-01,3,0001236186-05-000061,2005-06-01,xslF345X02/bre169.xml,CIK0001166691-submissions-002.json
2005-06-02,8-K,0000950159-05-000707,2005-06-01,comcast8k.htm,CIK0001166691-submissions-002.json
2005-06-03,4,0001236186-05-000064,2005-06-01,xslF345X02/bre170.xml,CIK0001166691-submissions-002.json
2005-06-06,8-K,0000950159-05-000715,2005-06-01,comcast8k.htm,CIK0001166691-submissions-002.json
2005-06-07,424B3,0000893220-05-001347,,w09712e424b3.htm,CIK0001166691-submissions-002.json
2005-06-16,4,0001236186-05-000066,2005-02-14,xslF345X02/rob171.xml,CIK0001166691-submissions-002.json
2005-06-23,4,0001236186-05-000068,2005-06-22,xslF345X02/alc173.xml,CIK0001166691-submissions-002.json
2005-06-29,11-K,0000950159-05-000766,2004-12-31,comcast11k.htm,CIK0001166691-submissions-002.json
2005-06-29,11-K,0000950159-05-000764,2004-12-31,spectacor11k.htm,CIK0001166691-submissions-002.json
2005-07-05,4,0001236186-05-000082,2005-07-01,xslF345X02/col178.xml,CIK0001166691-submissions-002.json
2005-07-05,4,0001236186-05-000081,2005-07-01,xslF345X02/bre183.xml,CIK0001166691-submissions-002.json
2005-07-05,4,0001236186-05-000080,2005-07-01,xslF345X02/rod180.xml,CIK0001166691-submissions-002.json
2005-07-05,4,0001236186-05-000079,2005-07-01,xslF345X02/coo179.xml,CIK0001166691-submissions-002.json
2005-07-05,4,0001236186-05-000078,2004-05-25,xslF345X02/arm175.xml,CIK0001166691-submissions-002.json
2005-07-05,4,0001236186-05-000077,2005-07-01,xslF345X02/ans176.xml,CIK0001166691-submissions-002.json
2005-07-11,4,0001236186-05-000084,2005-07-08,xslF345X02/smi184.xml,CIK0001166691-submissions-002.json
2005-08-02,10-Q,0001047469-05-020515,2005-06-30,a2161512z10-q.htm,CIK0001166691-submissions-002.json
2005-08-02,8-K,0001275287-05-002937,2005-08-02,cc3252.txt,CIK0001166691-submissions-002.json
2005-08-02,8-K/A,0001275287-05-002950,2005-08-02,cc3268.txt,CIK0001166691-submissions-002.json
2005-08-05,8-K,0000950159-05-000897,2005-08-04,comcast8-4.htm,CIK0001166691-submissions-002.json
2005-08-23,4,0001236186-05-000086,2005-08-22,xslF345X02/smi185.xml,CIK0001166691-submissions-002.json
2005-09-01,NO ACT,9999999997-05-039309,2005-08-31,9999999997-05-039309.paper,CIK0001166691-submissions-002.json
2005-09-13,8-K,0001104659-05-043903,2005-09-12,a05-16058_18k.htm,CIK0001166691-submissions-002.json
2005-10-05,4,0001236186-05-000092,2005-10-03,xslF345X02/bre187.xml,CIK0001166691-submissions-002.json
2005-10-05,4,0001236186-05-000091,2005-10-03,xslF345X02/rod190.xml,CIK0001166691-submissions-002.json
2005-10-05,4,0001236186-05-000090,2005-10-03,xslF345X02/coo189.xml,CIK0001166691-submissions-002.json
2005-10-05,4,0001236186-05-000089,2005-10-03,xslF345X02/col188.xml,CIK0001166691-submissions-002.json
2005-10-05,4,0001236186-05-000088,2005-10-03,xslF345X02/ans186.xml,CIK0001166691-submissions-002.json
2005-10-27,4,0001236186-05-000094,2005-04-29,xslF345X02/sal192.xml,CIK0001166691-submissions-002.json
2005-11-03,10-Q,0001193125-05-215451,2005-09-30,d10q.htm,CIK0001166691-submissions-002.json
2005-11-03,8-K,0000950116-05-003394,2005-11-03,eightk.htm,CIK0001166691-submissions-002.json
2005-11-09,4,0001236186-05-000102,2005-11-07,xslF345X02/smi197.xml,CIK0001166691-submissions-002.json
2005-11-09,4,0001236186-05-000101,2005-11-07,xslF345X02/bro195.xml,CIK0001166691-submissions-002.json
2005-11-09,4,0001236186-05-000100,2005-11-07,xslF345X02/alc196.xml,CIK0001166691-submissions-002.json
2005-11-10,424B5,0000893220-05-002612,,w14551e424b5.htm,CIK0001166691-submissions-002.json
2005-11-10,8-K,0001104659-05-054418,2005-11-07,a05-20031_18k.htm,CIK0001166691-submissions-002.json
2005-11-14,4,0001236186-05-000108,2005-10-05,xslF345X02/rob191.xml,CIK0001166691-submissions-002.json
2005-11-14,4,0001236186-05-000107,2005-10-10,xslF345X02/rob193.xml,CIK0001166691-submissions-002.json
2005-11-14,4,0001236186-05-000106,2005-11-11,xslF345X02/coh194.xml,CIK0001166691-submissions-002.json
2005-11-15,8-K,0001104659-05-055937,2005-11-15,a05-20130_18k.htm,CIK0001166691-submissions-002.json
2005-11-23,4,0001236186-05-000126,2005-11-21,xslF345X02/sov206.xml,CIK0001166691-submissions-002.json
2005-11-23,4,0001236186-05-000125,2005-11-21,xslF345X02/rod205.xml,CIK0001166691-submissions-002.json
2005-11-23,4,0001236186-05-000124,2005-11-17,xslF345X02/rob198.xml,CIK0001166691-submissions-002.json
2005-11-23,4,0001236186-05-000123,2005-11-21,xslF345X02/coo204.xml,CIK0001166691-submissions-002.json
2005-11-23,4,0001236186-05-000122,2005-11-21,xslF345X02/col203.xml,CIK0001166691-submissions-002.json
2005-11-23,4,0001236186-05-000121,2005-11-21,xslF345X02/bre202.xml,CIK0001166691-submissions-002.json
2005-11-23,4,0001236186-05-000120,2005-11-21,xslF345X02/bon201.xml,CIK0001166691-submissions-002.json
2005-11-23,4,0001236186-05-000119,2005-11-21,xslF345X02/bac200.xml,CIK0001166691-submissions-002.json
2005-11-23,4,0001236186-05-000118,2005-11-21,xslF345X02/ans199.xml,CIK0001166691-submissions-002.json
2005-11-23,8-K,0001104659-05-057404,2005-11-22,a05-20730_18k.htm,CIK0001166691-submissions-002.json
2005-12-05,4,0001236186-05-000130,2005-11-28,xslF345X02/rob208.xml,CIK0001166691-submissions-002.json
2005-12-05,4,0001236186-05-000129,2005-11-25,xslF345X02/bro207.xml,CIK0001166691-submissions-002.json
2005-12-19,3,0001236186-05-000132,2005-12-19,xslF345X02/hon212.xml,CIK0001166691-submissions-002.json
2005-12-20,4,0001236186-05-000136,2005-08-24,xslF345X02/smi211.xml,CIK0001166691-submissions-002.json
2005-12-20,4,0001236186-05-000135,2005-12-19,xslF345X02/hon213.xml,CIK0001166691-submissions-002.json
2005-12-20,8-K,0001104659-05-061655,2005-12-14,a05-22057_18k.htm,CIK0001166691-submissions-002.json
2005-12-27,4,0001236186-05-000140,2005-11-30,xslF345X02/rob209.xml,CIK0001166691-submissions-002.json
2005-12-27,4,0001236186-05-000139,2005-12-20,xslF345X02/rob214.xml,CIK0001166691-submissions-002.json
2005-12-29,4,0001236186-05-000142,2005-12-29,xslF345X02/hon224.xml,CIK0001166691-submissions-002.json
2006-01-04,4,0001236186-06-000020,2006-01-03,xslF345X02/hon221.xml,CIK0001166691-submissions-002.json
2006-01-04,4,0001236186-06-000015,2006-01-02,xslF345X02/bur223.xml,CIK0001166691-submissions-002.json
2006-01-04,4/A,0001236186-06-000019,2005-11-21,xslF345X02/sov220.xml,CIK0001166691-submissions-002.json
2006-01-04,4/A,0001236186-06-000018,2005-11-21,xslF345X02/rod218.xml,CIK0001166691-submissions-002.json
2006-01-04,4/A,0001236186-06-000017,2005-11-21,xslF345X02/coo217.xml,CIK0001166691-submissions-002.json
2006-01-04,4/A,0001236186-06-000016,2005-11-21,xslF345X02/col216.xml,CIK0001166691-submissions-002.json
2006-01-04,4/A,0001236186-06-000014,2005-11-21,xslF345X02/bre215.xml,CIK0001166691-submissions-002.json
2006-01-04,4/A,0001236186-06-000013,2005-11-21,xslF345X02/bon222.xml,CIK0001166691-submissions-002.json
2006-01-04,4/A,0001236186-06-000012,2005-11-21,xslF345X02/bac219.xml,CIK0001166691-submissions-002.json
2006-01-04,4/A,0001236186-06-000011,2005-11-21,xslF345X02/ans210.xml,CIK0001166691-submissions-002.json
2006-01-04,S-8,0001193125-06-000521,,ds8.htm,CIK0001166691-submissions-002.json
2006-01-04,S-8,0001193125-06-000520,,ds8.htm,CIK0001166691-submissions-002.json
2006-01-04,S-8,0001193125-06-000519,,ds8.htm,CIK0001166691-submissions-002.json
2006-01-20,4,0001236186-06-000025,2006-01-20,xslF345X02/sal227.xml,CIK0001166691-submissions-002.json
2006-01-20,4,0001236186-06-000024,2006-01-20,xslF345X02/blo226.xml,CIK0001166691-submissions-002.json
2006-01-26,8-K,0001104659-06-003982,2006-01-23,a06-2914_18k.htm,CIK0001166691-submissions-002.json
2006-01-26,SC 13G,0000913414-06-000386,,comcast123105.txt,CIK0001166691-submissions-002.json
2006-02-02,8-K,0000950116-06-000333,2006-02-02,eight-k.htm,CIK0001166691-submissions-002.json
2006-02-03,SC 13G/A,0001193125-06-019641,,dsc13ga.htm,CIK0001166691-submissions-002.json
2006-02-09,SC 13G,0000312069-06-001059,,comcast123105.txt,CIK0001166691-submissions-002.json
2006-02-09,SC 13G/A,0000950103-06-000287,,feb0706_13ga.htm,CIK0001166691-submissions-002.json
2006-02-10,SC 13G,0000807985-06-000017,,cmcs13g.txt,CIK0001166691-submissions-002.json
2006-02-14,SC 13G,0000357235-06-000219,,comcast.txt,CIK0001166691-submissions-002.json
2006-02-14,SC 13G/A,0001036325-06-000023,,a13gcomcast123105.txt,CIK0001166691-submissions-002.json
2006-02-14,SC 13G/A,0001036325-06-000022,,a13gcomcast123105.txt,CIK0001166691-submissions-002.json
2006-02-14,SC 13G/A,0000888002-06-000578,,cmcs1231_g.txt,CIK0001166691-submissions-002.json
2006-02-17,5,0001209191-06-011671,2004-12-31,xslF345X02/bop17648_bop1cc.xml,CIK0001166691-submissions-002.json
2006-02-22,10-K,0001193125-06-036698,2005-12-31,d10k.htm,CIK0001166691-submissions-002.json
2006-02-28,424B5,0000893220-06-000383,,w17873b5e424b5.htm,CIK0001166691-submissions-002.json
2006-02-28,8-K,0000893220-06-000386,2006-02-27,w17695e8vk.htm,CIK0001166691-submissions-002.json
2006-02-28,FWP,0000893220-06-000384,,w17873fwfwp.htm,CIK0001166691-submissions-002.json
2006-03-02,NO ACT,9999999997-06-008721,2006-01-03,9999999997-06-008721.paper,CIK0001166691-submissions-002.json
2006-03-06,8-K,0001193125-06-046200,2006-02-28,d8k.htm,CIK0001166691-submissions-002.json
2006-03-13,4,0001236186-06-000041,2006-03-09,xslF345X02/smi235.xml,CIK0001166691-submissions-002.json
2006-03-13,4,0001236186-06-000040,2006-03-09,xslF345X02/sal234.xml,CIK0001166691-submissions-002.json
2006-03-13,4,0001236186-06-000039,2006-03-10,xslF345X02/rob233.xml,CIK0001166691-submissions-002.json
2006-03-13,4,0001236186-06-000038,2006-03-09,xslF345X02/rob232.xml,CIK0001166691-submissions-002.json
2006-03-13,4,0001236186-06-000037,2006-03-10,xslF345X02/coh231.xml,CIK0001166691-submissions-002.json
2006-03-13,4,0001236186-06-000036,2006-03-10,xslF345X02/bur230.xml,CIK0001166691-submissions-002.json
2006-03-13,4,0001236186-06-000035,2006-01-11,xslF345X02/blo229.xml,CIK0001166691-submissions-002.json
2006-03-13,4,0001236186-06-000034,2006-03-09,xslF345X02/alc228.xml,CIK0001166691-submissions-002.json
2006-03-15,4,0001236186-06-000053,2006-03-14,xslF345X02/smi241.xml,CIK0001166691-submissions-002.json
2006-03-15,4,0001236186-06-000052,2006-03-14,xslF345X02/sal240.xml,CIK0001166691-submissions-002.json
2006-03-15,4,0001236186-06-000051,2006-03-14,xslF345X02/rob239.xml,CIK0001166691-submissions-002.json
2006-03-15,4,0001236186-06-000050,2006-03-14,xslF345X02/bur238.xml,CIK0001166691-submissions-002.json
2006-03-15,4,0001236186-06-000049,2006-03-14,xslF345X02/blo237.xml,CIK0001166691-submissions-002.json
2006-03-15,4,0001236186-06-000048,2006-03-14,xslF345X02/alc236.xml,CIK0001166691-submissions-002.json
2006-03-24,DEF 14A,0000893220-06-000663,2006-05-18,w18105def14a.htm,CIK0001166691-submissions-002.json
2006-03-27,8-K,0001193125-06-063993,2006-03-21,d8k.htm,CIK0001166691-submissions-002.json
2006-03-27,NO ACT,9999999997-06-017034,2006-03-13,9999999997-06-017034.paper,CIK0001166691-submissions-002.json
2006-03-27,S-3ASR,0000893220-06-000674,,w19042sv3asr.htm,CIK0001166691-submissions-002.json
2006-03-28,4,0001236186-06-000055,2006-03-27,xslF345X02/blo246.xml,CIK0001166691-submissions-002.json
2006-04-04,4,0001236186-06-000063,2006-04-03,xslF345X02/hon250.xml,CIK0001166691-submissions-002.json
2006-04-04,4,0001236186-06-000062,2006-04-03,xslF345X02/col249.xml,CIK0001166691-submissions-002.json
2006-04-04,4,0001236186-06-000061,2006-04-03,xslF345X02/bre248.xml,CIK0001166691-submissions-002.json
2006-04-04,4,0001236186-06-000060,2006-04-03,xslF345X02/ans247.xml,CIK0001166691-submissions-002.json
2006-04-27,8-K,0001193125-06-090156,2006-02-27,d8k.htm,CIK0001166691-submissions-002.json
2006-04-28,10-Q,0001193125-06-092286,2006-03-31,d10q.htm,CIK0001166691-submissions-002.json
2006-05-01,4,0001236186-06-000065,2006-04-29,xslF345X02/sal251.xml,CIK0001166691-submissions-002.json
2006-05-01,424B2,0000893220-06-000966,,w19042b2e424b2.htm,CIK0001166691-submissions-002.json
2006-05-03,FWP,0000893220-06-001019,,w19042fpfwp.htm,CIK0001166691-submissions-002.json
2006-05-04,424B2,0000893220-06-001031,,w19042be424b2.htm,CIK0001166691-submissions-002.json
2006-05-04,8-A12B,0000893220-06-001032,,w20576e8va12b.htm,CIK0001166691-submissions-002.json
2006-05-18,8-K,0001193125-06-115254,2006-05-18,d8k.htm,CIK0001166691-submissions-002.json
2006-06-05,CERTNYS,9999999997-06-023305,,9999999997-06-023305.paper,CIK0001166691-submissions-002.json
2006-06-23,11-K,0001193125-06-134719,2005-12-31,d11k.htm,CIK0001166691-submissions-002.json
2006-06-27,8-K,0000950103-06-001628,2006-06-21,dp02941_8k.htm,CIK0001166691-submissions-002.json
2006-06-29,11-K,0001193125-06-138851,2005-12-31,d11k.htm,CIK0001166691-submissions-002.json
2006-07-06,4,0001236186-06-000075,2006-07-03,xslF345X02/hon256.xml,CIK0001166691-submissions-002.json
2006-07-06,4,0001236186-06-000074,2006-07-03,xslF345X02/col255.xml,CIK0001166691-submissions-002.json
2006-07-06,4,0001236186-06-000073,2006-07-03,xslF345X02/bre254.xml,CIK0001166691-submissions-002.json
2006-07-06,4,0001236186-06-000072,2006-07-05,xslF345X02/blo257.xml,CIK0001166691-submissions-002.json
2006-07-06,4,0001236186-06-000071,2006-07-03,xslF345X02/ans253.xml,CIK0001166691-submissions-002.json
2006-07-10,8-K,0001193125-06-144162,2006-07-10,d8k.htm,CIK0001166691-submissions-002.json
2006-07-11,FWP,0000893220-06-001560,,w22682afwp.htm,CIK0001166691-submissions-002.json
2006-07-12,424B2,0000893220-06-001564,,w22682be424b2.htm,CIK0001166691-submissions-002.json
2006-07-27,8-K,0001193125-06-154283,2006-07-27,d8k.htm,CIK0001166691-submissions-002.json
2006-07-28,10-Q,0001193125-06-155589,2006-06-30,d10q.htm,CIK0001166691-submissions-002.json
2006-08-04,4,0001236186-06-000078,2006-08-02,xslF345X02/alc258.xml,CIK0001166691-submissions-002.json
2006-08-04,8-K,0000950103-06-001900,2006-07-31,dp03258_8k.htm,CIK0001166691-submissions-002.json
2006-08-16,4,0000950103-06-001969,2006-08-15,xslF345X02/dp03342_4ex.xml,CIK0001166691-submissions-002.json
2006-08-16,SC 13G/A,0000950103-06-001970,,dp03341_sc13ga.htm,CIK0001166691-submissions-002.json
2006-09-13,424B2,0000893220-06-002026,,w24909e424b2.htm,CIK0001166691-submissions-002.json
2006-09-14,FWP,0000893220-06-002034,,e24909fpfwp.htm,CIK0001166691-submissions-002.json
2006-09-15,424B2,0000893220-06-002049,,e24909b2e424b2.htm,CIK0001166691-submissions-002.json
2006-09-15,8-A12B,0000893220-06-002050,,e24909ae8va12b.htm,CIK0001166691-submissions-002.json
2006-09-26,4,0001236186-06-000080,2006-09-25,xslF345X02/bro262.xml,CIK0001166691-submissions-002.json
2006-09-28,CERTNYS,9999999997-06-040625,,9999999997-06-040625.paper,CIK0001166691-submissions-002.json
2006-10-03,4,0001236186-06-000089,2006-10-02,xslF345X02/hon267.xml,CIK0001166691-submissions-002.json
2006-10-03,4,0001236186-06-000088,2006-10-02,xslF345X02/col266.xml,CIK0001166691-submissions-002.json
2006-10-03,4,0001236186-06-000087,2006-10-02,xslF345X02/bre265.xml,CIK0001166691-submissions-002.json
2006-10-03,4,0001236186-06-000086,2006-10-02,xslF345X02/ans264.xml,CIK0001166691-submissions-002.json
2006-10-26,8-K,0001193125-06-215230,2006-10-26,d8k.htm,CIK0001166691-submissions-002.json
2006-10-31,10-Q,0001193125-06-218354,2006-09-30,d10q.htm,CIK0001166691-submissions-002.json
2006-11-06,4,0001236186-06-000093,2006-11-02,xslF345X02/smi252.xml,CIK0001166691-submissions-002.json
2006-11-09,4,0001236186-06-000097,2006-11-08,xslF345X02/bur268.xml,CIK0001166691-submissions-002.json
2006-11-09,4,0001236186-06-000095,2006-11-07,xslF345X02/sal269.xml,CIK0001166691-submissions-002.json
2006-11-15,4,0001236186-06-000099,2006-11-13,xslF345X02/blo270.xml,CIK0001166691-submissions-002.json
2006-11-15,424B2,0000893220-06-002473,,w27125b2e424b2.htm,CIK0001166691-submissions-002.json
2006-11-15,FWP,0000893220-06-002464,,w27125fpfwp.htm,CIK0001166691-submissions-002.json
2006-11-17,4,0001236186-06-000102,2006-11-15,xslF345X02/rob263.xml,CIK0001166691-submissions-002.json
2006-11-21,4,0001236186-06-000121,2006-11-20,xslF345X02/bac273.xml,CIK0001166691-submissions-002.json
2006-11-21,4,0001236186-06-000120,2006-11-20,xslF345X02/ans272.xml,CIK0001166691-submissions-002.json
2006-11-21,4,0001236186-06-000119,2006-11-20,xslF345X02/bon274.xml,CIK0001166691-submissions-002.json
2006-11-21,4,0001236186-06-000118,2006-11-20,xslF345X02/sov280.xml,CIK0001166691-submissions-002.json
2006-11-21,4,0001236186-06-000117,2006-11-20,xslF345X02/rod279.xml,CIK0001166691-submissions-002.json
2006-11-21,4,0001236186-06-000116,2006-11-20,xslF345X02/hon278.xml,CIK0001166691-submissions-002.json
2006-11-21,4,0001236186-06-000115,2006-11-20,xslF345X02/coo276.xml,CIK0001166691-submissions-002.json
2006-11-21,4,0001236186-06-000114,2006-11-20,xslF345X02/col277.xml,CIK0001166691-submissions-002.json
2006-11-21,4,0001236186-06-000113,2006-11-20,xslF345X02/bre275.xml,CIK0001166691-submissions-002.json
2006-11-22,4,0001236186-06-000126,2006-11-21,xslF345X02/smi283.xml,CIK0001166691-submissions-002.json
2006-11-22,4,0001236186-06-000125,2006-11-21,xslF345X02/rob284.xml,CIK0001166691-submissions-002.json
2006-11-28,8-K,0000950103-06-002700,2006-11-27,dp04125_8k.htm,CIK0001166691-submissions-001.json
2006-12-06,4,0001236186-06-000132,2006-12-05,xslF345X02/smi287.xml,CIK0001166691-submissions-001.json
2006-12-06,4,0001236186-06-000131,2006-10-18,xslF345X02/bro288.xml,CIK0001166691-submissions-001.json
2006-12-06,4,0001236186-06-000130,2006-12-05,xslF345X02/alc286.xml,CIK0001166691-submissions-001.json
2006-12-11,8-K,0001193125-06-250375,2006-10-30,d8k.htm,CIK0001166691-submissions-001.json
2006-12-11,8-K,0001193125-06-250372,2006-07-28,d8k.htm,CIK0001166691-submissions-001.json
2006-12-11,8-K,0001193125-06-250317,2006-04-28,d8k.htm,CIK0001166691-submissions-001.json
2006-12-19,4,0001236186-06-000134,2006-12-18,xslF345X02/sal290.xml,CIK0001166691-submissions-001.json
2006-12-20,4,0001236186-06-000138,2006-12-20,xslF345X02/bur294.xml,CIK0001166691-submissions-001.json
2006-12-20,4,0001236186-06-000136,2005-06-15,xslF345X02/smi293.xml,CIK0001166691-submissions-001.json
2006-12-21,4,0001236186-06-000142,2006-12-19,xslF345X02/rob295.xml,CIK0001166691-submissions-001.json
2006-12-21,4,0001236186-06-000141,2006-11-30,xslF345X02/bon296.xml,CIK0001166691-submissions-001.json
2006-12-26,4,0001236186-06-000143,2006-12-22,xslF345X02/brc291.xml,CIK0001166691-submissions-001.json
2006-12-28,4,0001236186-06-000147,2006-12-22,xslF345X02/smi297.xml,CIK0001166691-submissions-001.json
2006-12-28,4,0001236186-06-000146,2006-12-20,xslF345X02/rob292.xml,CIK0001166691-submissions-001.json
2007-01-04,4,0001236186-07-000014,2007-01-03,xslF345X02/bro305.xml,CIK0001166691-submissions-001.json
2007-01-04,4,0001236186-07-000012,2007-01-03,xslF345X02/hon302.xml,CIK0001166691-submissions-001.json
2007-01-04,4,0001236186-07-000011,2007-01-03,xslF345X02/col301.xml,CIK0001166691-submissions-001.json
2007-01-04,4,0001236186-07-000010,2007-01-02,xslF345X02/coh304.xml,CIK0001166691-submissions-001.json
2007-01-04,4,0001236186-07-000009,2007-01-02,xslF345X02/bur303.xml,CIK0001166691-submissions-001.json
2007-01-04,4,0001236186-07-000008,2007-01-03,xslF345X02/bre300.xml,CIK0001166691-submissions-001.json
2007-01-04,4,0001236186-07-000007,2007-01-03,xslF345X02/ans299.xml,CIK0001166691-submissions-001.json
2007-01-08,SC 13G/A,0000807985-07-000001,,cmcs13g1.txt,CIK0001166691-submissions-001.json
2007-01-11,SC 13G/A,0001036325-07-000020,,a13gcomcast123106.txt,CIK0001166691-submissions-001.json
2007-01-23,SC 13G,0000913414-07-001694,,comcast123106.txt,CIK0001166691-submissions-001.json
2007-01-25,4,0001236186-07-000016,2007-01-23,xslF345X02/bon306.xml,CIK0001166691-submissions-001.json
2007-01-29,NO ACT,9999999997-07-005335,2007-01-23,9999999997-07-005335.paper,CIK0001166691-submissions-001.json
2007-02-01,8-K,0001193125-07-017749,2007-02-01,d8k.htm,CIK0001166691-submissions-001.json
2007-02-01,8-K,0001193125-07-017748,2007-02-01,d8k.htm,CIK0001166691-submissions-001.json
2007-02-06,SC 13G/A,0000357235-07-000033,,comcast.txt,CIK0001166691-submissions-001.json
2007-02-08,NO ACT,9999999997-07-006800,2007-02-06,9999999997-07-006800.paper,CIK0001166691-submissions-001.json
2007-02-13,SC 13G,0001193125-07-027654,,dsc13g.htm,CIK0001166691-submissions-001.json
2007-02-13,SC 13G/A,0001193125-07-029337,,dsc13ga.htm,CIK0001166691-submissions-001.json
2007-02-13,SC 13G/A,0000888002-07-000345,,cmcs1231_g.txt,CIK0001166691-submissions-001.json
2007-02-21,4,0001236186-07-000020,2007-02-20,xslF345X02/sal309.xml,CIK0001166691-submissions-001.json
2007-02-21,4,0001236186-07-000019,2007-02-20,xslF345X02/blo308.xml,CIK0001166691-submissions-001.json
2007-02-26,10-K,0001193125-07-039301,2006-12-31,d10k.htm,CIK0001166691-submissions-001.json
2007-03-12,4,0001236186-07-000032,2007-03-09,xslF345X02/smi314.xml,CIK0001166691-submissions-001.json
2007-03-12,4,0001236186-07-000031,2007-03-09,xslF345X02/sal313.xml,CIK0001166691-submissions-001.json
2007-03-12,4,0001236186-07-000030,2007-03-08,xslF345X02/rob312.xml,CIK0001166691-submissions-001.json
2007-03-12,4,0001236186-07-000029,2007-03-09,xslF345X02/coh321.xml,CIK0001166691-submissions-001.json
2007-03-12,4,0001236186-07-000028,2007-03-09,xslF345X02/blo311.xml,CIK0001166691-submissions-001.json
2007-03-12,4,0001236186-07-000027,2007-03-09,xslF345X02/alc310.xml,CIK0001166691-submissions-001.json
2007-03-14,8-K,0001193125-07-054365,2007-02-26,d8k.htm,CIK0001166691-submissions-001.json
2007-03-15,4,0001236186-07-000046,2007-03-14,xslF345X02/smi320.xml,CIK0001166691-submissions-001.json
2007-03-15,4,0001236186-07-000045,2007-03-14,xslF345X02/sal319.xml,CIK0001166691-submissions-001.json
2007-03-15,4,0001236186-07-000044,2007-03-14,xslF345X02/rob318.xml,CIK0001166691-submissions-001.json
2007-03-15,4,0001236186-07-000043,2007-03-14,xslF345X02/coh322.xml,CIK0001166691-submissions-001.json
2007-03-15,4,0001236186-07-000042,2007-03-14,xslF345X02/bur317.xml,CIK0001166691-submissions-001.json
2007-03-15,4,0001236186-07-000041,2007-03-14,xslF345X02/blo316.xml,CIK0001166691-submissions-001.json
2007-03-15,4,0001236186-07-000040,2007-03-14,xslF345X02/alc315.xml,CIK0001166691-submissions-001.json
2007-03-19,4,0001236186-07-000062,2007-03-16,xslF345X02/smi328.xml,CIK0001166691-submissions-001.json
2007-03-19,4,0001236186-07-000061,2007-03-16,xslF345X02/sal330.xml,CIK0001166691-submissions-001.json
2007-03-19,4,0001236186-07-000060,2007-03-16,xslF345X02/rob327.xml,CIK0001166691-submissions-001.json
2007-03-19,4,0001236186-07-000059,2007-03-16,xslF345X02/rob323.xml,CIK0001166691-submissions-001.json
2007-03-19,4,0001236186-07-000058,2007-03-16,xslF345X02/coh326.xml,CIK0001166691-submissions-001.json
2007-03-19,4,0001236186-07-000057,2007-03-16,xslF345X02/bur325.xml,CIK0001166691-submissions-001.json
2007-03-19,4,0001236186-07-000056,2007-03-16,xslF345X02/blo329.xml,CIK0001166691-submissions-001.json
2007-03-19,4,0001236186-07-000055,2007-03-16,xslF345X02/alc324.xml,CIK0001166691-submissions-001.json
2007-03-28,3,0001236186-07-000064,2007-03-28,xslF345X02/ang298.xml,CIK0001166691-submissions-001.json
2007-03-29,DEF 14A,0000893220-07-000987,2007-05-23,w31644def14a.htm,CIK0001166691-submissions-001.json
2007-04-02,4,0001236186-07-000066,2007-03-30,xslF345X02/ang331.xml,CIK0001166691-submissions-001.json
2007-04-04,4,0001236186-07-000078,2007-04-02,xslF345X02/rod337.xml,CIK0001166691-submissions-001.json
2007-04-04,4,0001236186-07-000077,2007-04-02,xslF345X02/hon336.xml,CIK0001166691-submissions-001.json
2007-04-04,4,0001236186-07-000076,2007-04-02,xslF345X02/coo335.xml,CIK0001166691-submissions-001.json
2007-04-04,4,0001236186-07-000075,2007-04-02,xslF345X02/col334.xml,CIK0001166691-submissions-001.json
2007-04-04,4,0001236186-07-000074,2007-04-02,xslF345X02/bre333.xml,CIK0001166691-submissions-001.json
2007-04-04,4,0001236186-07-000073,2007-04-02,xslF345X02/ans332.xml,CIK0001166691-submissions-001.json
2007-04-09,3/A,0001236186-07-000080,2007-03-28,xslF345X02/ang338.xml,CIK0001166691-submissions-001.json
2007-04-11,4,0001236186-07-000094,2007-04-10,xslF345X02/sal345.xml,CIK0001166691-submissions-001.json
2007-04-11,4,0001236186-07-000093,2007-04-10,xslF345X02/rob343.xml,CIK0001166691-submissions-001.json
2007-04-11,4,0001236186-07-000092,2007-04-10,xslF345X02/rob339.xml,CIK0001166691-submissions-001.json
2007-04-11,4,0001236186-07-000091,2007-04-10,xslF345X02/coh341.xml,CIK0001166691-submissions-001.json
2007-04-11,4,0001236186-07-000090,2007-04-10,xslF345X02/bur340.xml,CIK0001166691-submissions-001.json
2007-04-11,4,0001236186-07-000089,2007-03-29,xslF345X02/blo344.xml,CIK0001166691-submissions-001.json
2007-04-11,4,0001236186-07-000088,2007-04-10,xslF345X02/alc342.xml,CIK0001166691-submissions-001.json
2007-04-26,8-K,0001193125-07-090921,2007-04-26,d8k.htm,CIK0001166691-submissions-001.json
2007-04-27,10-Q,0001193125-07-093032,2007-03-31,d10q.htm,CIK0001166691-submissions-001.json
2007-04-30,4,0001236186-07-000096,2007-04-30,xslF345X02/sal346.xml,CIK0001166691-submissions-001.json
2007-05-02,424B2,0000893220-07-001601,,w33877e424b2.htm,CIK0001166691-submissions-001.json
2007-05-03,FWP,0000893220-07-001636,,e33877fpfwp.htm,CIK0001166691-submissions-001.json
2007-05-04,424B2,0000893220-07-001663,,e33877b2e424b2.htm,CIK0001166691-submissions-001.json
2007-05-04,8-A12B,0000893220-07-001678,,e338778ae8va12b.htm,CIK0001166691-submissions-001.json
2007-05-29,4,0001236186-07-000098,2007-05-24,xslF345X02/rob347.xml,CIK0001166691-submissions-001.json
2007-05-31,CERTNYS,9999999997-07-026181,,9999999997-07-026181.paper,CIK0001166691-submissions-001.json
2007-06-06,4,0001236186-07-000100,2007-06-04,xslF345X02/bur348.xml,CIK0001166691-submissions-001.json
2007-06-11,4,0001236186-07-000102,2007-06-08,xslF345X02/ang349.xml,CIK0001166691-submissions-001.json
2007-06-21,8-K,0001193125-07-140058,2007-04-27,d8k.htm,CIK0001166691-submissions-001.json
2007-06-27,11-K,0001193125-07-144030,2006-12-31,d11k.htm,CIK0001166691-submissions-001.json
2007-06-27,11-K,0001193125-07-144029,2006-12-31,d11k.htm,CIK0001166691-submissions-001.json
2007-07-05,4,0001236186-07-000114,2007-07-02,xslF345X02/rod357.xml,CIK0001166691-submissions-001.json
2007-07-05,4,0001236186-07-000113,2007-07-02,xslF345X02/hon352.xml,CIK0001166691-submissions-001.json
2007-07-05,4,0001236186-07-000112,2007-07-02,xslF345X02/coo356.xml,CIK0001166691-submissions-001.json
2007-07-05,4,0001236186-07-000111,2007-07-02,xslF345X02/col355.xml,CIK0001166691-submissions-001.json
2007-07-05,4,0001236186-07-000110,2007-07-02,xslF345X02/bre354.xml,CIK0001166691-submissions-001.json
2007-07-05,4,0001236186-07-000109,2007-07-02,xslF345X02/ans353.xml,CIK0001166691-submissions-001.json
2007-07-11,4,0001236186-07-000116,2007-07-07,xslF345X02/bro358.xml,CIK0001166691-submissions-001.json
2007-07-26,8-K,0001193125-07-162301,2007-07-26,d8k.htm,CIK0001166691-submissions-001.json
2007-07-27,10-Q,0001193125-07-164027,2007-06-30,d10q.htm,CIK0001166691-submissions-001.json
2007-08-21,424B2,0000893220-07-002912,,w38473e424b2.htm,CIK0001166691-submissions-001.json
2007-08-21,FWP,0000893220-07-002909,,w38473fwfwp.htm,CIK0001166691-submissions-001.json
2007-08-23,4,0001236186-07-000118,2007-08-22,xslF345X02/rob350.xml,CIK0001166691-submissions-001.json
2007-08-27,UPLOAD,0000000000-07-041854,,filename1.pdf,CIK0001166691-submissions-001.json
2007-09-21,CORRESP,0001193125-07-205451,,filename1.htm,CIK0001166691-submissions-001.json
2007-09-24,8-K,0001193125-07-205903,2007-07-27,d8k.htm,CIK0001166691-submissions-001.json
2007-10-02,4,0001236186-07-000130,2007-10-01,xslF345X02/rod364.xml,CIK0001166691-submissions-001.json
2007-10-02,4,0001236186-07-000129,2007-10-01,xslF345X02/hon363.xml,CIK0001166691-submissions-001.json
2007-10-02,4,0001236186-07-000128,2007-10-01,xslF345X02/coo362.xml,CIK0001166691-submissions-001.json
2007-10-02,4,0001236186-07-000127,2007-10-01,xslF345X02/col361.xml,CIK0001166691-submissions-001.json
2007-10-02,4,0001236186-07-000126,2007-10-01,xslF345X02/bre360.xml,CIK0001166691-submissions-001.json
2007-10-02,4,0001236186-07-000125,2007-10-01,xslF345X02/ans359.xml,CIK0001166691-submissions-001.json
2007-10-25,8-K,0001193125-07-225256,2007-10-25,d8k.htm,CIK0001166691-submissions-001.json
2007-10-26,10-Q,0001193125-07-226766,2007-09-30,d10q.htm,CIK0001166691-submissions-001.json
2007-11-13,4,0001236186-07-000132,2007-11-11,xslF345X02/coh365.xml,CIK0001166691-submissions-001.json
2007-11-14,4,0001236186-07-000135,2007-11-13,xslF345X02/hon366.xml,CIK0001166691-submissions-001.json
2007-11-21,4,0001236186-07-000154,2007-11-19,xslF345X02/sov376.xml,CIK0001166691-submissions-001.json
2007-11-21,4,0001236186-07-000153,2007-11-20,xslF345X02/rod375.xml,CIK0001166691-submissions-001.json
2007-11-21,4,0001236186-07-000152,2007-11-20,xslF345X02/hon374.xml,CIK0001166691-submissions-001.json
2007-11-21,4,0001236186-07-000151,2007-11-20,xslF345X02/coo373.xml,CIK0001166691-submissions-001.json
2007-11-21,4,0001236186-07-000150,2007-11-20,xslF345X02/col372.xml,CIK0001166691-submissions-001.json
2007-11-21,4,0001236186-07-000149,2007-11-20,xslF345X02/bre371.xml,CIK0001166691-submissions-001.json
2007-11-21,4,0001236186-07-000148,2007-11-20,xslF345X02/bon370.xml,CIK0001166691-submissions-001.json
2007-11-21,4,0001236186-07-000147,2007-11-20,xslF345X02/bac369.xml,CIK0001166691-submissions-001.json
2007-11-21,4,0001236186-07-000146,2007-11-20,xslF345X02/ans367.xml,CIK0001166691-submissions-001.json
2007-11-27,8-K,0001193125-07-253809,2007-10-26,d8k.htm,CIK0001166691-submissions-001.json
2007-12-11,UPLOAD,0000000000-07-059935,,filename1.pdf,CIK0001166691-submissions-001.json
2007-12-12,4,0001236186-07-000156,2007-12-11,xslF345X02/bro378.xml,CIK0001166691-submissions-001.json
2007-12-17,4,0001236186-07-000159,2007-12-13,xslF345X02/rob379.xml,CIK0001166691-submissions-001.json
2007-12-27,4,0001236186-07-000161,2007-12-20,xslF345X02/rob380.xml,CIK0001166691-submissions-001.json
2007-12-28,8-K,0000950103-07-003148,2007-12-27,dp07973_8k.htm,CIK0001166691-submissions-001.json
2008-01-03,4,0001236186-08-000023,2008-01-02,xslF345X02/rod388.xml,CIK0001166691-submissions-001.json
2008-01-03,4,0001236186-08-000022,2008-01-02,xslF345X02/hon387.xml,CIK0001166691-submissions-001.json
2008-01-03,4,0001236186-08-000021,2008-01-02,xslF345X02/coo386.xml,CIK0001166691-submissions-001.json
2008-01-03,4,0001236186-08-000020,2008-01-02,xslF345X02/col385.xml,CIK0001166691-submissions-001.json
2008-01-03,4,0001236186-08-000019,2008-01-02,xslF345X02/bur389.xml,CIK0001166691-submissions-001.json
2008-01-03,4,0001236186-08-000018,2008-01-02,xslF345X02/bre384.xml,CIK0001166691-submissions-001.json
2008-01-03,4,0001236186-08-000017,2008-01-02,xslF345X02/bon390.xml,CIK0001166691-submissions-001.json
2008-01-03,4,0001236186-08-000016,2008-01-02,xslF345X02/ans383.xml,CIK0001166691-submissions-001.json
2008-01-10,4,0001236186-08-000026,2008-01-09,xslF345X02/bro393.xml,CIK0001166691-submissions-001.json
2008-01-10,SC 13G/A,0001193125-08-004535,,dsc13ga.htm,CIK0001166691-submissions-001.json
2008-01-15,SC 13G/A,0001193125-08-006860,,dsc13ga.htm,CIK0001166691-submissions-001.json
2008-01-22,SC 13G/A,0000913414-08-001539,,comcast123107.txt,CIK0001166691-submissions-001.json
2008-01-23,4,0001236186-08-000030,2008-01-20,xslF345X02/sal395.xml,CIK0001166691-submissions-001.json
2008-01-23,4,0001236186-08-000029,2008-01-20,xslF345X02/blo394.xml,CIK0001166691-submissions-001.json
2008-02-04,8-K,0001193125-08-018781,2008-01-30,d8k.htm,CIK0001166691-submissions-001.json
2008-02-05,NO ACT,9999999997-08-005983,2008-01-09,9999999997-08-005983.paper,CIK0001166691-submissions-001.json
2008-02-11,4/A,0001236186-08-000035,2008-01-02,xslF345X02/hon397.xml,CIK0001166691-submissions-001.json
2008-02-11,5,0001236186-08-000036,2007-12-31,xslF345X02/rob382.xml,CIK0001166691-submissions-001.json
2008-02-11,5,0001236186-08-000034,2007-12-31,xslF345X02/coh396.xml,CIK0001166691-submissions-001.json
2008-02-13,8-K,0001193125-08-029361,2008-02-13,d8k.htm,CIK0001166691-submissions-001.json
2008-02-13,SC 13G,0000950103-08-000337,,dp08617_sc13g.htm,CIK0001166691-submissions-001.json
2008-02-13,SC 13G/A,0001193125-08-028748,,dsc13ga.htm,CIK0001166691-submissions-001.json
2008-02-13,SC 13G/A,0000950103-08-000336,,dp08616_sc13ga.htm,CIK0001166691-submissions-001.json
2008-02-14,8-K,0001193125-08-030118,2008-02-14,d8k.htm,CIK0001166691-submissions-001.json
2008-02-14,SC 13G/A,0000357235-08-000126,,comcast.txt,CIK0001166691-submissions-001.json
2008-02-14,SC 13G/A,0000888002-08-000376,,cmcs1231_g.txt,CIK0001166691-submissions-001.json
2008-02-20,10-K,0001193125-08-034239,2007-12-31,d10k.htm,CIK0001166691-submissions-001.json
2008-02-25,NO ACT,9999999997-08-008639,2008-01-09,9999999997-08-008639.paper,CIK0001166691-submissions-001.json
2008-02-29,4,0001236186-08-000039,2008-01-23,xslF345X02/bon398.xml,CIK0001166691-submissions-001.json
2008-03-07,NO ACT,9999999997-08-010903,2008-02-09,9999999997-08-010903.paper,CIK0001166691-submissions-001.json
2008-03-11,4,0001236186-08-000051,2008-03-09,xslF345X02/sal403.xml,CIK0001166691-submissions-001.json
2008-03-11,4,0001236186-08-000050,2008-03-10,xslF345X02/rob405.xml,CIK0001166691-submissions-001.json
2008-03-11,4,0001236186-08-000049,2008-03-09,xslF345X02/rob402.xml,CIK0001166691-submissions-001.json
2008-03-11,4,0001236186-08-000048,2008-01-02,xslF345X02/coh401.xml,CIK0001166691-submissions-001.json
2008-03-11,4,0001236186-08-000047,2008-03-10,xslF345X02/bur404.xml,CIK0001166691-submissions-001.json
2008-03-11,4,0001236186-08-000046,2008-03-09,xslF345X02/blo400.xml,CIK0001166691-submissions-001.json
2008-03-17,4,0001236186-08-000061,2008-03-14,xslF345X02/sal410.xml,CIK0001166691-submissions-001.json
2008-03-17,4,0001236186-08-000060,2008-03-14,xslF345X02/rob409.xml,CIK0001166691-submissions-001.json
2008-03-17,4,0001236186-08-000059,2008-03-14,xslF345X02/coh408.xml,CIK0001166691-submissions-001.json
2008-03-17,4,0001236186-08-000058,2008-03-14,xslF345X02/bur407.xml,CIK0001166691-submissions-001.json
2008-03-17,4,0001236186-08-000057,2008-03-14,xslF345X02/blo406.xml,CIK0001166691-submissions-001.json
2008-03-31,4,0001236186-08-000073,2008-03-28,xslF345X02/sal416.xml,CIK0001166691-submissions-001.json
2008-03-31,4,0001236186-08-000072,2008-03-28,xslF345X02/rob411.xml,CIK0001166691-submissions-001.json
2008-03-31,4,0001236186-08-000071,2008-03-28,xslF345X02/coh414.xml,CIK0001166691-submissions-001.json
2008-03-31,4,0001236186-08-000070,2008-03-28,xslF345X02/bur413.xml,CIK0001166691-submissions-001.json
2008-03-31,4,0001236186-08-000069,2008-03-28,xslF345X02/blo415.xml,CIK0001166691-submissions-001.json
2008-03-31,4,0001236186-08-000068,2008-03-28,xslF345X02/ang412.xml,CIK0001166691-submissions-001.json
2008-04-02,4,0001236186-08-000084,2008-04-01,xslF345X02/col419.xml,CIK0001166691-submissions-001.json
2008-04-02,4,0001236186-08-000083,2008-04-01,xslF345X02/ans417.xml,CIK0001166691-submissions-001.json
2008-04-02,4,0001236186-08-000082,2008-04-01,xslF345X02/rod421.xml,CIK0001166691-submissions-001.json
2008-04-02,4,0001236186-08-000081,2008-04-01,xslF345X02/hon420.xml,CIK0001166691-submissions-001.json
2008-04-02,4,0001236186-08-000080,2008-04-01,xslF345X02/bre418.xml,CIK0001166691-submissions-001.json
2008-04-02,DEF 14A,0000893220-08-000984,2008-05-14,w51272def14a.htm,CIK0001166691-submissions-001.json
2008-04-02,DEFA14A,0000893220-08-000985,,w51272dadefa14a.htm,CIK0001166691-submissions-001.json
2008-04-07,8-K,0001193125-08-076330,2008-02-20,d8k.htm,CIK0001166691-submissions-001.json
2008-04-16,4,0001236186-08-000097,2008-04-16,xslF345X02/sal428.xml,CIK0001166691-submissions-001.json
2008-04-16,4,0001236186-08-000096,2008-04-16,xslF345X02/rob427.xml,CIK0001166691-submissions-001.json
2008-04-16,4,0001236186-08-000095,2008-04-16,xslF345X02/rob426.xml,CIK0001166691-submissions-001.json
2008-04-16,4,0001236186-08-000094,2008-04-16,xslF345X02/coh425.xml,CIK0001166691-submissions-001.json
2008-04-16,4,0001236186-08-000093,2008-04-16,xslF345X02/bur424.xml,CIK0001166691-submissions-001.json
2008-04-16,4,0001236186-08-000092,2008-04-16,xslF345X02/blo423.xml,CIK0001166691-submissions-001.json
2008-04-30,4,0001236186-08-000101,2008-04-29,xslF345X02/sal430.xml,CIK0001166691-submissions-001.json
2008-04-30,4,0001236186-08-000100,2008-04-30,xslF345X02/ang431.xml,CIK0001166691-submissions-001.json
2008-05-01,10-Q,0001193125-08-098880,2008-03-31,d10q.htm,CIK0001166691-submissions-001.json
2008-05-01,8-K,0001193125-08-098096,2008-05-01,d8k.htm,CIK0001166691-submissions-001.json
2008-05-05,424B2,0001193125-08-102369,,d424b2.htm,CIK0001166691-submissions-001.json
2008-05-05,FWP,0001193125-08-101129,,dfwp.htm,CIK0001166691-submissions-001.json
2008-05-06,8-K,0001193125-08-104224,2008-05-02,d8k.htm,CIK0001166691-submissions-001.json
2008-05-15,3,0001236186-08-000107,2008-05-14,xslF345X02/has422.xml,CIK0001166691-submissions-001.json
2008-05-15,4,0001236186-08-000109,2008-05-14,xslF345X02/has429.xml,CIK0001166691-submissions-001.json
2008-05-16,S-8,0001193125-08-117407,,ds8.htm,CIK0001166691-submissions-001.json
2008-05-19,3,0000950103-08-001333,2008-05-07,xslF345X02/dp09982_3ex.xml,CIK0001166691-submissions-001.json
2008-05-19,4,0000950103-08-001325,2008-05-15,xslF345X02/dp09973_4ex.xml,CIK0001166691-submissions-001.json
2008-05-20,8-K,0001193125-08-119258,2008-05-01,d8k.htm,CIK0001166691-submissions-001.json
2008-05-27,4,0001236186-08-000115,2008-05-22,xslF345X02/rob433.xml,CIK0001166691-submissions-001.json
2008-05-27,4,0001236186-08-000114,2008-05-22,xslF345X02/rob432.xml,CIK0001166691-submissions-001.json
2008-05-27,4,0001236186-08-000113,2008-05-22,xslF345X02/bur435.xml,CIK0001166691-submissions-001.json
2008-05-28,4,0001236186-08-000117,2008-05-27,xslF345X02/bro399.xml,CIK0001166691-submissions-001.json
2008-06-18,11-K,0001193125-08-135966,2007-12-31,d11k.htm,CIK0001166691-submissions-001.json
2008-06-18,11-K,0001193125-08-135962,2007-12-31,d11k.htm,CIK0001166691-submissions-001.json
2008-07-02,4,0001236186-08-000127,2008-07-01,xslF345X03/rod440.xml,CIK0001166691-submissions-001.json
2008-07-02,4,0001236186-08-000126,2008-07-01,xslF345X03/hon439.xml,CIK0001166691-submissions-001.json
2008-07-02,4,0001236186-08-000125,2008-07-01,xslF345X03/col438.xml,CIK0001166691-submissions-001.json
2008-07-02,4,0001236186-08-000124,2008-07-01,xslF345X03/bre437.xml,CIK0001166691-submissions-001.json
2008-07-02,4,0001236186-08-000123,2008-07-01,xslF345X03/ans436.xml,CIK0001166691-submissions-001.json
2008-07-23,4,0001236186-08-000129,2008-07-01,xslF345X03/has442.xml,CIK0001166691-submissions-001.json
2008-07-30,10-Q,0001193125-08-161385,2008-06-30,d10q.htm,CIK0001166691-submissions-001.json
2008-07-30,8-K,0001193125-08-160785,2008-07-30,d8k.htm,CIK0001166691-submissions-001.json
2008-08-01,4,0000950103-08-002020,2008-07-30,xslF345X03/dp10854_4-cookex.xml,CIK0001166691-submissions-001.json
2008-08-01,4,0000950103-08-002019,2008-07-30,xslF345X03/dp10853_4-rodinex.xml,CIK0001166691-submissions-001.json
2008-08-01,4,0000950103-08-002018,2008-07-30,xslF345X03/dp10851_4-honickmanex.xml,CIK0001166691-submissions-001.json
2008-08-01,4,0000950103-08-002017,2008-07-30,xslF345X03/dp10849_4-hasex.xml,CIK0001166691-submissions-001.json
2008-08-01,4,0000950103-08-002016,2008-07-30,xslF345X03/dp10850_4-collinsex.xml,CIK0001166691-submissions-001.json
2008-08-01,4,0000950103-08-002015,2008-07-30,xslF345X03/dp10852_4-breenex.xml,CIK0001166691-submissions-001.json
2008-08-01,4,0000950103-08-002014,2008-07-30,xslF345X03/dp10855_4-anstromex.xml,CIK0001166691-submissions-001.json
2008-10-03,4,0001236186-08-000142,2008-10-01,xslF345X03/rod450.xml,CIK0001166691-submissions-001.json
2008-10-03,4,0001236186-08-000141,2008-07-02,xslF345X03/rob441.xml,CIK0001166691-submissions-001.json
2008-10-03,4,0001236186-08-000140,2008-10-01,xslF345X03/hon449.xml,CIK0001166691-submissions-001.json
2008-10-03,4,0001236186-08-000139,2008-10-01,xslF345X03/has448.xml,CIK0001166691-submissions-001.json
2008-10-03,4,0001236186-08-000138,2008-10-01,xslF345X03/col447.xml,CIK0001166691-submissions-001.json
2008-10-03,4,0001236186-08-000137,2008-10-01,xslF345X03/bre446.xml,CIK0001166691-submissions-001.json
2008-10-03,4,0001236186-08-000136,2008-10-01,xslF345X03/ans445.xml,CIK0001166691-submissions-001.json
2008-10-03,8-K,0001193125-08-205713,2008-07-30,d8k.htm,CIK0001166691-submissions-001.json
2008-10-14,4,0001236186-08-000144,2008-08-04,xslF345X03/rob444.xml,CIK0001166691-submissions-001.json
2008-10-29,10-Q,0001193125-08-219067,2008-09-30,d10q.htm,CIK0001166691-submissions-001.json
2008-10-29,8-K,0001193125-08-218411,2008-10-29,d8k.htm,CIK0001166691-submissions-001.json
2008-10-30,4,0001236186-08-000158,2008-10-29,xslF345X03/rod457.xml,CIK0001166691-submissions-001.json
2008-10-30,4,0001236186-08-000157,2008-10-29,xslF345X03/hon456.xml,CIK0001166691-submissions-001.json
2008-10-30,4,0001236186-08-000156,2008-10-29,xslF345X03/has455.xml,CIK0001166691-submissions-001.json
2008-10-30,4,0001236186-08-000155,2008-10-29,xslF345X03/coo454.xml,CIK0001166691-submissions-001.json
2008-10-30,4,0001236186-08-000154,2008-10-29,xslF345X03/col453.xml,CIK0001166691-submissions-001.json
2008-10-30,4,0001236186-08-000153,2008-10-29,xslF345X03/bre452.xml,CIK0001166691-submissions-001.json
2008-10-30,4,0001236186-08-000152,2008-10-29,xslF345X03/ans451.xml,CIK0001166691-submissions-001.json
2008-11-10,4,0001236186-08-000161,2008-11-06,xslF345X03/bon458.xml,CIK0001166691-submissions-001.json
2008-11-10,8-K,0001193125-08-231379,2008-10-29,d8k.htm,CIK0001166691-submissions-001.json
2008-11-13,4,0001236186-08-000163,2008-11-11,xslF345X03/coh459.xml,CIK0001166691-submissions-001.json
2008-11-24,4,0001236186-08-000183,2008-11-20,xslF345X03/sov470.xml,CIK0001166691-submissions-001.json
2008-11-24,4,0001236186-08-000182,2008-11-20,xslF345X03/rod469.xml,CIK0001166691-submissions-001.json
2008-11-24,4,0001236186-08-000181,2008-11-20,xslF345X03/hon468.xml,CIK0001166691-submissions-001.json
2008-11-24,4,0001236186-08-000180,2008-11-20,xslF345X03/has467.xml,CIK0001166691-submissions-001.json
2008-11-24,4,0001236186-08-000179,2008-11-20,xslF345X03/coo466.xml,CIK0001166691-submissions-001.json
2008-11-24,4,0001236186-08-000178,2008-11-20,xslF345X03/col465.xml,CIK0001166691-submissions-001.json
2008-11-24,4,0001236186-08-000177,2008-11-20,xslF345X03/bre463.xml,CIK0001166691-submissions-001.json
2008-11-24,4,0001236186-08-000176,2008-11-20,xslF345X03/bon471.xml,CIK0001166691-submissions-001.json
2008-11-24,4,0001236186-08-000175,2008-11-20,xslF345X03/bac462.xml,CIK0001166691-submissions-001.json
2008-11-24,4,0001236186-08-000174,2008-11-20,xslF345X03/ans461.xml,CIK0001166691-submissions-001.json
2008-11-28,3,0000950103-08-002894,2008-11-28,xslF345X02/dp11957_3ex.xml,CIK0001166691-submissions-001.json
2008-11-28,3,0000950103-08-002891,2008-11-28,xslF345X02/dp11957_3ex.xml,CIK0001166691-submissions-001.json
2008-12-10,4,0001236186-08-000185,2008-12-09,xslF345X03/bro472.xml,CIK0001166691-submissions-001.json
2008-12-10,8-K,0000950103-08-002956,2008-12-10,dp12049_8k.htm,CIK0001166691-submissions-001.json
2008-12-15,4,0001236186-08-000189,2008-12-11,xslF345X03/coh474.xml,CIK0001166691-submissions-001.json
2008-12-15,4,0001236186-08-000188,2008-12-10,xslF345X03/bon473.xml,CIK0001166691-submissions-001.json
2009-01-05,4,0001236186-09-000017,2009-01-02,xslF345X03/rod482.xml,CIK0001166691-submissions-001.json
2009-01-05,4,0001236186-09-000016,2009-01-02,xslF345X03/hon480.xml,CIK0001166691-submissions-001.json
2009-01-05,4,0001236186-09-000015,2009-01-02,xslF345X03/has481.xml,CIK0001166691-submissions-001.json
2009-01-05,4,0001236186-09-000014,2009-01-02,xslF345X03/col479.xml,CIK0001166691-submissions-001.json
2009-01-05,4,0001236186-09-000013,2009-01-02,xslF345X03/bur476.xml,CIK0001166691-submissions-001.json
2009-01-05,4,0001236186-09-000012,2009-01-02,xslF345X03/bre478.xml,CIK0001166691-submissions-001.json
2009-01-05,4,0001236186-09-000011,2009-01-02,xslF345X03/bon475.xml,CIK0001166691-submissions-001.json
2009-01-05,4,0001236186-09-000010,2009-01-02,xslF345X03/ans477.xml,CIK0001166691-submissions-001.json
2009-01-16,SC 13G/A,0001193125-09-007576,,dsc13ga.htm,CIK0001166691-submissions-001.json
2009-01-20,4,0001236186-09-000020,2009-01-15,xslF345X03/bon486.xml,CIK0001166691-submissions-001.json
2009-01-20,5,0001236186-09-000021,2008-12-31,xslF345X03/rob484.xml,CIK0001166691-submissions-001.json
2009-01-21,4,0001236186-09-000025,2009-01-20,xslF345X03/sal488.xml,CIK0001166691-submissions-001.json
2009-01-21,4,0001236186-09-000024,2009-01-20,xslF345X03/blo487.xml,CIK0001166691-submissions-001.json
2009-01-29,4,0001236186-09-000039,2009-01-28,xslF345X03/rod496.xml,CIK0001166691-submissions-001.json
2009-01-29,4,0001236186-09-000038,2009-01-28,xslF345X03/hon495.xml,CIK0001166691-submissions-001.json
2009-01-29,4,0001236186-09-000036,2009-01-28,xslF345X03/coo493.xml,CIK0001166691-submissions-001.json
2009-01-29,4,0001236186-09-000035,2009-01-28,xslF345X03/col492.xml,CIK0001166691-submissions-001.json
2009-01-29,4,0001236186-09-000034,2009-01-28,xslF345X03/bre491.xml,CIK0001166691-submissions-001.json
2009-01-29,4,0001236186-09-000033,2009-01-28,xslF345X03/ans490.xml,CIK0001166691-submissions-001.json
2009-01-29,4/A,0001236186-09-000037,2008-05-14,xslF345X03/has489.xml,CIK0001166691-submissions-001.json
2009-02-05,SC 13G,0000913414-09-003263,,comcast123108.txt,CIK0001166691-submissions-001.json
2009-02-06,NO ACT,9999999997-09-004380,2009-01-06,9999999997-09-004380.paper,CIK0001166691-submissions-001.json
2009-02-11,SC 13G/A,0001193125-09-025311,,dsc13ga.htm,CIK0001166691-submissions-001.json
2009-02-13,8-K,0000950103-09-000292,2009-02-13,dp12535_8k.htm,CIK0001166691-submissions-001.json
2009-02-13,SC 13G/A,0000357235-09-000097,,comcast.txt,CIK0001166691-submissions-001.json
2009-02-13,SC 13G/A,0000950103-09-000290,,dp12527_sc13ga.htm,CIK0001166691-submissions-001.json
2009-02-17,SC 13G,0000950103-09-000320,,dp12574_sc13ga.htm,CIK0001166691-submissions-001.json
2009-02-17,SC 13G,0000950103-09-000319,,dp12573_sc13ga.htm,CIK0001166691-submissions-001.json
2009-02-18,8-K,0001157523-09-001338,2009-02-18,a5893916.htm,CIK0001166691-submissions-001.json
2009-02-18,SC 13G,0000950103-09-000333,,dp12573_sc13ga.htm,CIK0001166691-submissions-001.json
2009-02-20,10-K,0001193125-09-033975,2008-12-31,d10k.htm,CIK0001166691-submissions-001.json
2009-02-23,NO ACT,9999999997-09-007055,2009-01-06,9999999997-09-007055.paper,CIK0001166691-submissions-001.json
2009-02-25,8-K,0001193125-09-037284,2009-02-20,d8k.htm,CIK0001166691-submissions-001.json
2009-02-27,4,0000950103-09-000428,2009-02-26,xslF345X03/dp12681_4ex.xml,CIK0001166691-submissions-001.json
2009-03-04,NO ACT,9999999997-09-012259,2009-01-07,9999999997-09-012259.paper,CIK0001166691-submissions-001.json
2009-03-05,NO ACT,9999999997-09-013037,2009-01-06,9999999997-09-013037.paper,CIK0001166691-submissions-001.json
2009-03-11,4,0001236186-09-000051,2009-03-09,xslF345X03/sal500.xml,CIK0001166691-submissions-001.json
2009-03-11,4,0001236186-09-000050,2009-03-10,xslF345X03/rob502.xml,CIK0001166691-submissions-001.json
2009-03-11,4,0001236186-09-000049,2009-03-09,xslF345X03/rob499.xml,CIK0001166691-submissions-001.json
2009-03-11,4,0001236186-09-000048,2009-03-09,xslF345X03/coh498.xml,CIK0001166691-submissions-001.json
2009-03-11,4,0001236186-09-000047,2009-03-10,xslF345X03/bur501.xml,CIK0001166691-submissions-001.json
2009-03-11,4,0001236186-09-000046,2009-03-09,xslF345X03/blo497.xml,CIK0001166691-submissions-001.json
2009-03-17,4,0001236186-09-000065,2009-03-14,xslF345X03/sal508.xml,CIK0001166691-submissions-001.json
2009-03-17,4,0001236186-09-000064,2009-03-16,xslF345X03/rob507.xml,CIK0001166691-submissions-001.json
2009-03-17,4,0001236186-09-000063,2009-03-14,xslF345X03/rob506.xml,CIK0001166691-submissions-001.json
2009-03-17,4,0001236186-09-000062,2009-03-14,xslF345X03/coh505.xml,CIK0001166691-submissions-001.json
2009-03-17,4,0001236186-09-000061,2009-03-14,xslF345X03/bur504.xml,CIK0001166691-submissions-001.json
2009-03-17,4,0001236186-09-000059,2009-03-14,xslF345X03/blo503.xml,CIK0001166691-submissions-001.json
2009-03-17,4/A,0001236186-09-000060,2009-01-15,xslF345X03/bon509.xml,CIK0001166691-submissions-001.json
2009-03-23,4,0001236186-09-000069,2009-03-20,xslF345X03/sal511.xml,CIK0001166691-submissions-001.json
2009-03-23,4,0001236186-09-000068,2009-03-20,xslF345X03/blo510.xml,CIK0001166691-submissions-001.json
2009-03-30,4,0001236186-09-000081,2009-03-27,xslF345X03/sal517.xml,CIK0001166691-submissions-001.json
2009-03-30,4,0001236186-09-000080,2009-03-27,xslF345X03/rob512.xml,CIK0001166691-submissions-001.json
2009-03-30,4,0001236186-09-000079,2009-03-27,xslF345X03/coh515.xml,CIK0001166691-submissions-001.json
2009-03-30,4,0001236186-09-000078,2009-03-27,xslF345X03/bur514.xml,CIK0001166691-submissions-001.json
2009-03-30,4,0001236186-09-000077,2009-03-27,xslF345X03/blo516.xml,CIK0001166691-submissions-001.json
2009-03-30,4,0001236186-09-000076,2009-03-27,xslF345X03/ang513.xml,CIK0001166691-submissions-001.json
2009-03-31,4,0001236186-09-000083,2009-03-30,xslF345X03/ang519.xml,CIK0001166691-submissions-001.json
2009-04-02,4,0001236186-09-000093,2009-04-01,xslF345X03/hon524.xml,CIK0001166691-submissions-001.json
2009-04-02,4,0001236186-09-000092,2009-04-01,xslF345X03/has523.xml,CIK0001166691-submissions-001.json
2009-04-02,4,0001236186-09-000091,2009-04-01,xslF345X03/col522.xml,CIK0001166691-submissions-001.json
2009-04-02,4,0001236186-09-000090,2009-04-01,xslF345X03/bre521.xml,CIK0001166691-submissions-001.json
2009-04-02,4,0001236186-09-000089,2009-04-01,xslF345X03/ans520.xml,CIK0001166691-submissions-001.json
2009-04-03,DEF 14A,0000893220-09-000747,2009-05-13,w72830def14a.htm,CIK0001166691-submissions-001.json
2009-04-03,DEFA14A,0000893220-09-000748,,w72830adefa14a.htm,CIK0001166691-submissions-001.json
2009-04-27,S-3ASR,0001193125-09-088553,,ds3asr.htm,CIK0001166691-submissions-001.json
2009-04-29,4,0001236186-09-000105,2009-04-28,xslF345X03/sal530.xml,CIK0001166691-submissions-001.json
2009-04-29,4,0001236186-09-000104,2009-04-28,xslF345X03/rob529.xml,CIK0001166691-submissions-001.json
2009-04-29,4,0001236186-09-000103,2009-04-28,xslF345X03/coh528.xml,CIK0001166691-submissions-001.json
2009-04-29,4,0001236186-09-000102,2009-04-28,xslF345X03/bur527.xml,CIK0001166691-submissions-001.json
2009-04-29,4,0001236186-09-000101,2009-04-06,xslF345X03/blo526.xml,CIK0001166691-submissions-001.json
2009-04-29,4,0001236186-09-000100,2009-04-28,xslF345X03/ang525.xml,CIK0001166691-submissions-001.json
2009-04-30,10-Q,0001193125-09-093618,2009-03-31,d10q.htm,CIK0001166691-submissions-001.json
2009-04-30,4,0001236186-09-000121,2009-04-29,xslF345X03/sal531.xml,CIK0001166691-submissions-001.json
2009-04-30,4,0001236186-09-000120,2009-04-29,xslF345X03/rod538.xml,CIK0001166691-submissions-001.json
2009-04-30,4,0001236186-09-000119,2009-04-29,xslF345X03/hon537.xml,CIK0001166691-submissions-001.json
2009-04-30,4,0001236186-09-000118,2009-04-29,xslF345X03/has536.xml,CIK0001166691-submissions-001.json
2009-04-30,4,0001236186-09-000117,2009-04-29,xslF345X03/coo535.xml,CIK0001166691-submissions-001.json
2009-04-30,4,0001236186-09-000116,2009-04-29,xslF345X03/col534.xml,CIK0001166691-submissions-001.json
2009-04-30,4,0001236186-09-000115,2009-04-29,xslF345X03/bre533.xml,CIK0001166691-submissions-001.json
2009-04-30,4,0001236186-09-000114,2009-04-29,xslF345X03/ans532.xml,CIK0001166691-submissions-001.json
2009-04-30,8-K,0001157523-09-003188,2009-04-30,a5947728.htm,CIK0001166691-submissions-001.json
2009-06-16,424B2,0001193125-09-131333,,d424b2.htm,CIK0001166691-submissions-001.json
2009-06-16,FWP,0001193125-09-131098,,dfwp.htm,CIK0001166691-submissions-001.json
2009-06-17,8-K,0001193125-09-132227,2009-06-15,d8k.htm,CIK0001166691-submissions-001.json
2009-06-26,11-K,0001193125-09-139179,2008-12-31,d11k.htm,CIK0001166691-submissions-001.json
2009-06-26,11-K,0001193125-09-139142,2008-12-31,d11k.htm,CIK0001166691-submissions-001.json
2009-07-02,4,0001236186-09-000131,2009-07-01,xslF345X03/hon544.xml,CIK0001166691-submissions-001.json
2009-07-02,4,0001236186-09-000130,2009-07-01,xslF345X03/has543.xml,CIK0001166691-submissions-001.json
2009-07-02,4,0001236186-09-000129,2009-07-01,xslF345X03/col542.xml,CIK0001166691-submissions-001.json
2009-07-02,4,0001236186-09-000128,2009-07-01,xslF345X03/bre541.xml,CIK0001166691-submissions-001.json
2009-07-02,4,0001236186-09-000127,2009-07-01,xslF345X03/ans540.xml,CIK0001166691-submissions-001.json
2009-07-23,UPLOAD,0000000000-09-039343,,filename1.pdf,CIK0001166691-submissions-001.json
2009-07-30,4,0001236186-09-000145,2009-07-29,xslF345X03/rod552.xml,CIK0001166691-submissions-001.json
2009-07-30,4,0001236186-09-000144,2009-07-29,xslF345X03/hon551.xml,CIK0001166691-submissions-001.json
2009-07-30,4,0001236186-09-000143,2009-07-29,xslF345X03/has550.xml,CIK0001166691-submissions-001.json
2009-07-30,4,0001236186-09-000142,2009-07-29,xslF345X03/coo549.xml,CIK0001166691-submissions-001.json
2009-07-30,4,0001236186-09-000141,2009-07-29,xslF345X03/col548.xml,CIK0001166691-submissions-001.json
2009-07-30,4,0001236186-09-000140,2009-07-29,xslF345X03/bre547.xml,CIK0001166691-submissions-001.json
2009-07-30,4,0001236186-09-000139,2009-07-29,xslF345X03/ans546.xml,CIK0001166691-submissions-001.json
2009-08-03,CORRESP,0000950103-09-001862,,filename1.htm,CIK0001166691-submissions-001.json
2009-08-06,10-Q,0001193125-09-166759,2009-06-30,d10q.htm,CIK0001166691-submissions-001.json
2009-08-06,8-K,0001193125-09-166279,2009-08-06,d8k.htm,CIK0001166691-submissions-001.json
2009-08-21,S-8,0001193125-09-179522,,ds8.htm,CIK0001166691-submissions-001.json
2009-08-24,CORRESP,0000950103-09-002068,,filename1.htm,CIK0001166691-submissions-001.json
2009-09-02,8-K,0000950103-09-002175,2009-08-31,dp14665_8k.htm,CIK0001166691-submissions-001.json
2009-09-21,UPLOAD,0000000000-09-052677,,filename1.pdf,CIK0001166691-submissions-001.json
2009-09-30,CORRESP,0000950103-09-002484,,filename1.htm,CIK0001166691-submissions-001.json
2009-10-02,UPLOAD,0000000000-09-055877,,filename1.pdf,CIK0001166691-submissions-001.json
2009-10-05,4,0000950103-09-002550,2009-10-01,xslF345X03/dp15129_4ex.xml,CIK0001166691-submissions-001.json
2009-10-05,4,0000950103-09-002548,2009-10-01,xslF345X03/dp15130_4ex.xml,CIK0001166691-submissions-001.json
2009-10-05,4,0000950103-09-002547,2009-10-01,xslF345X03/dp15128_4ex.xml,CIK0001166691-submissions-001.json
2009-10-05,4,0000950103-09-002545,2009-10-01,xslF345X03/dp15122_4ex.xml,CIK0001166691-submissions-001.json
2009-10-05,4,0000950103-09-002544,2009-10-01,xslF345X03/dp15121_4ex.xml,CIK0001166691-submissions-001.json
2009-10-29,4,0001225208-09-021133,2009-10-28,xslF345X03/doc4.xml,CIK0001166691-submissions-001.json
2009-10-29,4,0001225208-09-021132,2009-10-28,xslF345X03/doc4.xml,CIK0001166691-submissions-001.json
2009-10-29,4,0001225208-09-021131,2009-10-28,xslF345X03/doc4.xml,CIK0001166691-submissions-001.json
2009-10-29,4,0001225208-09-021130,2009-10-28,xslF345X03/doc4.xml,CIK0001166691-submissions-001.json
2009-10-29,4,0001225208-09-021129,2009-10-28,xslF345X03/doc4.xml,CIK0001166691-submissions-001.json
2009-10-29,4,0001225208-09-021128,2009-10-28,xslF345X03/doc4.xml,CIK0001166691-submissions-001.json
2009-10-29,4,0001225208-09-021121,2009-10-28,xslF345X03/doc4.xml,CIK0001166691-submissions-001.json
2009-11-04,10-Q,0001193125-09-223314,2009-09-30,d10q.htm,CIK0001166691-submissions-001.json
2009-11-04,8-K,0001193125-09-222941,2009-11-04,d8k.htm,CIK0001166691-submissions-001.json
2009-11-12,4,0001225208-09-022200,2009-11-11,xslF345X03/doc4.xml,CIK0001166691-submissions-001.json
2009-11-17,4,0000950103-09-002986,2009-11-13,xslF345X03/dp15568_4-clwrex.xml,CIK0001166691-submissions-001.json
2009-11-23,4,0001225208-09-022730,2009-11-20,xslF345X03/doc4.xml,CIK0001166691-submissions-001.json
2009-11-23,4,0001225208-09-022729,2009-11-20,xslF345X03/doc4.xml,CIK0001166691-submissions-001.json
2009-11-23,4,0001225208-09-022728,2009-11-20,xslF345X03/doc4.xml,CIK0001166691-submissions-001.json
2009-11-23,4,0001225208-09-022727,2009-11-20,xslF345X03/doc4.xml,CIK0001166691-submissions-001.json
2009-11-23,4,0001225208-09-022726,2009-11-20,xslF345X03/doc4.xml,CIK0001166691-submissions-001.json
2009-11-23,4,0001225208-09-022725,2009-11-20,xslF345X03/doc4.xml,CIK0001166691-submissions-001.json
2009-11-23,4,0001225208-09-022724,2009-11-20,xslF345X03/doc4.xml,CIK0001166691-submissions-001.json
2009-11-23,4,0001225208-09-022723,2009-11-20,xslF345X03/doc4.xml,CIK0001166691-submissions-001.json
2009-11-23,4,0001225208-09-022722,2009-11-20,xslF345X03/doc4.xml,CIK0001166691-submissions-001.json
2009-11-23,4,0001225208-09-022721,2009-11-20,xslF345X03/doc4.xml,CIK0001166691-submissions-001.json
2009-12-04,8-K,0000950103-09-003155,2009-12-03,dp15775_8k.htm,CIK0001166691-submissions-001.json
2009-12-17,4,0001225208-09-024671,2009-12-16,xslF345X03/doc4.xml,CIK0001166691-submissions-001.json
2009-12-22,4,0001225208-09-024846,2009-12-18,xslF345X03/doc4.xml,CIK0001166691-submissions-001.json
2009-12-22,4,0001225208-09-024845,2009-12-18,xslF345X03/doc4.xml,CIK0001166691-submissions-001.json
2009-12-22,4,0001225208-09-024843,2009-12-18,xslF345X03/doc4.xml,CIK0001166691-submissions-001.json
2009-12-22,4,0001225208-09-024842,2009-12-18,xslF345X03/doc4.xml,CIK0001166691-submissions-001.json
2009-12-22,8-K,0000950103-09-003354,2009-12-16,dp15972_8k.htm,CIK0001166691-submissions-001.json
2009-12-23,4,0000950103-09-003365,2009-12-21,xslF345X03/dp15999_4-clwrex.xml,CIK0001166691-submissions-001.json
2009-12-23,4/A,0001225208-09-024941,2009-12-18,xslF345X03/doc4a.xml,CIK0001166691-submissions-001.json
2010-01-06,4,0001225208-10-000927,2010-01-04,xslF345X03/doc4.xml,CIK0001166691-submissions-001.json
2010-01-06,4,0001225208-10-000926,2010-01-04,xslF345X03/doc4.xml,CIK0001166691-submissions-001.json
2010-01-06,4,0001225208-10-000925,2010-01-04,xslF345X03/doc4.xml,CIK0001166691-submissions-001.json
2010-01-06,4,0001225208-10-000924,2010-01-04,xslF345X03/doc4.xml,CIK0001166691-submissions-001.json
2010-01-06,4,0001225208-10-000923,2010-01-04,xslF345X03/doc4.xml,CIK0001166691-submissions-001.json
2010-01-21,4,0001225208-10-002074,2010-01-20,xslF345X03/doc4.xml,CIK0001166691-submissions-001.json
2010-01-21,4,0001225208-10-002073,2010-01-20,xslF345X03/doc4.xml,CIK0001166691-submissions-001.json
2010-01-21,5,0001225208-10-002077,2009-12-31,xslF345X03/doc5.xml,CIK0001166691-submissions-001.json
2010-01-21,5,0001225208-10-002076,2009-12-31,xslF345X03/doc5.xml,CIK0001166691-submissions-001.json
2010-01-21,5,0001225208-10-002075,2009-12-31,xslF345X03/doc5.xml,CIK0001166691-submissions-001.json
2010-01-28,4,0001225208-10-002484,2010-01-27,xslF345X03/doc4.xml,CIK0001166691-submissions-001.json
2010-01-28,4,0001225208-10-002483,2010-01-27,xslF345X03/doc4.xml,CIK0001166691-submissions-001.json
2010-01-28,4,0001225208-10-002482,2010-01-27,xslF345X03/doc4.xml,CIK0001166691-submissions-001.json
2010-01-28,4,0001225208-10-002481,2010-01-27,xslF345X03/doc4.xml,CIK0001166691-submissions-001.json
2010-01-28,4,0001225208-10-002480,2010-01-27,xslF345X03/doc4.xml,CIK0001166691-submissions-001.json
2010-01-28,4,0001225208-10-002479,2010-01-27,xslF345X03/doc4.xml,CIK0001166691-submissions-001.json
2010-01-28,4,0001225208-10-002478,2010-01-27,xslF345X03/doc4.xml,CIK0001166691-submissions-001.json
2010-01-29,NO ACT,9999999997-10-018921,2010-01-08,9999999997-10-018921.paper,CIK0001166691-submissions-001.json
2010-01-29,SC 13G,0001086364-10-007189,,comcast123109.txt,CIK0001166691-submissions-001.json
2010-02-03,8-K,0001193125-10-020141,2010-02-03,d8k.htm,CIK0001166691-submissions-001.json
2010-02-12,SC 13G/A,0000704051-10-000084,,comcast.txt,CIK0001166691-submissions-001.json
2010-02-12,SC 13G/A,0001193125-10-028956,,dsc13ga.htm,CIK0001166691-submissions-001.json
2010-02-16,SC 13G/A,0000950103-10-000403,,dp16467_sc13ga.htm,CIK0001166691-submissions-001.json
2010-02-22,NO ACT,9999999997-10-005562,2010-01-14,9999999997-10-005562.paper,CIK0001166691-submissions-001.json
2010-02-23,10-K,0001193125-10-037551,2009-12-31,d10k.htm,CIK0001166691-submissions-001.json
2010-02-25,424B2,0001193125-10-040785,,d424b2.htm,CIK0001166691-submissions-001.json
2010-02-25,FWP,0001193125-10-039235,,dfwp.htm,CIK0001166691-submissions-001.json
2010-02-26,8-K,0001193125-10-042560,2010-02-24,d8k.htm,CIK0001166691-submissions-001.json
2010-03-03,4,0001225208-10-006804,2010-03-01,xslF345X03/doc4.xml,CIK0001166691-submissions-001.json
2010-03-04,4,0001225208-10-007189,2010-03-02,xslF345X03/doc4.xml,CIK0001166691-submissions-001.json
2010-03-04,4,0000950103-10-000625,2010-03-02,xslF345X03/dp16746_4-clearwireex.xml,CIK0001166691-submissions-001.json
2010-03-05,NO ACT,9999999997-10-005880,2010-01-08,9999999997-10-005880.paper,CIK0001166691-submissions-001.json
2010-03-09,NO ACT,9999999997-10-006118,2010-03-08,9999999997-10-006118.paper,CIK0001166691-submissions-001.json
2010-03-11,4,0001225208-10-007970,2010-03-10,xslF345X03/doc4.xml,CIK0001166691-submissions-001.json
2010-03-11,4,0001225208-10-007969,2010-03-10,xslF345X03/doc4.xml,CIK0001166691-submissions-001.json
2010-03-16,4,0001225208-10-008339,2010-03-14,xslF345X03/doc4.xml,CIK0001166691-submissions-001.json
2010-03-16,4,0001225208-10-008338,2010-03-14,xslF345X03/doc4.xml,CIK0001166691-submissions-001.json
2010-03-16,5,0001225208-10-008340,2009-12-31,xslF345X03/doc5.xml,CIK0001166691-submissions-001.json
2010-03-18,4,0001225208-10-008574,2010-03-10,xslF345X03/doc4.xml,CIK0001166691-submissions-001.json
2010-03-18,4,0001225208-10-008573,2010-03-16,xslF345X03/doc4.xml,CIK0001166691-submissions-001.json
2010-03-18,4,0001225208-10-008569,2010-03-16,xslF345X03/doc4.xml,CIK0001166691-submissions-001.json
2010-03-18,NO ACT,9999999997-10-007070,2010-01-14,9999999997-10-007070.paper,CIK0001166691-submissions-001.json
2010-03-22,8-K,0001193125-10-063250,2010-03-16,d8k.htm,CIK0001166691-submissions-001.json
2010-03-23,NO ACT,9999999997-10-008138,2010-02-27,9999999997-10-008138.paper,CIK0001166691-submissions-001.json
2010-03-30,4,0001225208-10-009038,2010-03-26,xslF345X03/doc4.xml,CIK0001166691-submissions-001.json
2010-03-30,4,0001225208-10-009037,2010-03-26,xslF345X03/doc4.xml,CIK0001166691-submissions-001.json
2010-03-30,4,0001225208-10-009036,2010-03-26,xslF345X03/doc4.xml,CIK0001166691-submissions-001.json
2010-03-30,4,0001225208-10-009035,2010-03-26,xslF345X03/doc4.xml,CIK0001166691-submissions-001.json
2010-03-30,4,0001225208-10-009034,2010-03-26,xslF345X03/doc4.xml,CIK0001166691-submissions-001.json
2010-03-30,4,0001225208-10-009033,2010-03-26,xslF345X03/doc4.xml,CIK0001166691-submissions-001.json
2010-04-05,4,0001225208-10-009744,2010-04-01,xslF345X03/doc4.xml,CIK0001166691-submissions-001.json
2010-04-05,4,0001225208-10-009743,2010-04-01,xslF345X03/doc4.xml,CIK0001166691-submissions-001.json
2010-04-05,4,0001225208-10-009742,2010-04-01,xslF345X03/doc4.xml,CIK0001166691-submissions-001.json
2010-04-05,4,0001225208-10-009741,2010-04-01,xslF345X03/doc4.xml,CIK0001166691-submissions-001.json
2010-04-05,4,0001225208-10-009740,2010-04-01,xslF345X03/doc4.xml,CIK0001166691-submissions-001.json
2010-04-09,DEF 14A,0000950123-10-033525,2010-05-20,w77850def14a.htm,CIK0001166691-submissions-001.json
2010-04-09,DEFA14A,0000950123-10-033528,,w77850adefa14a.htm,CIK0001166691-submissions-001.json
2010-04-21,4,0001225208-10-010710,2010-04-20,xslF345X03/doc4.xml,CIK0001166691-submissions-001.json
2010-04-21,4,0001225208-10-010709,2010-04-20,xslF345X03/doc4.xml,CIK0001166691-submissions-001.json
2010-04-28,10-Q,0001193125-10-096460,2010-03-31,d10q.htm,CIK0001166691-submissions-001.json
2010-04-28,4,0001225208-10-011202,2010-04-27,xslF345X03/doc4.xml,CIK0001166691-submissions-001.json
2010-04-28,4,0001225208-10-011201,2010-04-27,xslF345X03/doc4.xml,CIK0001166691-submissions-001.json
2010-04-28,4,0001225208-10-011200,2010-04-27,xslF345X03/doc4.xml,CIK0001166691-submissions-001.json
2010-04-28,4,0001225208-10-011199,2010-04-27,xslF345X03/doc4.xml,CIK0001166691-submissions-001.json
2010-04-28,4,0001225208-10-011198,2010-04-27,xslF345X03/doc4.xml,CIK0001166691-submissions-001.json
2010-04-28,4,0001225208-10-011197,2010-04-27,xslF345X03/doc4.xml,CIK0001166691-submissions-001.json
2010-04-28,8-K,0001193125-10-095701,2010-04-28,d8k.htm,CIK0001166691-submissions-001.json
2010-04-29,4,0001225208-10-011261,2010-04-28,xslF345X03/doc4.xml,CIK0001166691-submissions-001.json
2010-04-29,4,0001225208-10-011260,2010-04-28,xslF345X03/doc4.xml,CIK0001166691-submissions-001.json
2010-04-29,4,0001225208-10-011259,2010-04-28,xslF345X03/doc4.xml,CIK0001166691-submissions-001.json
2010-04-29,4,0001225208-10-011258,2010-04-28,xslF345X03/doc4.xml,CIK0001166691-submissions-001.json
2010-04-29,4,0001225208-10-011257,2010-04-28,xslF345X03/doc4.xml,CIK0001166691-submissions-001.json
2010-04-29,4,0001225208-10-011256,2010-04-28,xslF345X03/doc4.xml,CIK0001166691-submissions-001.json
2010-04-29,4,0001225208-10-011255,2010-04-28,xslF345X03/doc4.xml,CIK0001166691-submissions-001.json
2010-04-30,4,0001225208-10-011453,2010-04-29,xslF345X03/doc4.xml,CIK0001166691-submissions-001.json
2010-05-04,4,0001225208-10-011775,2010-05-03,xslF345X03/doc4.xml,CIK0001166691-submissions-001.json
2010-05-10,4/A,0001225208-10-012406,2010-05-03,xslF345X03/doc4a.xml,CIK0001166691-submissions-001.json
2010-05-24,8-K,0001193125-10-127302,2010-05-20,d8k.htm,CIK0001166691-submissions-001.json
2010-05-25,4,0001225208-10-013852,2010-05-24,xslF345X03/doc4.xml,CIK0001166691-submissions-001.json
2010-06-08,4,0001225208-10-014849,2010-06-04,xslF345X03/doc4.xml,CIK0001166691-submissions-001.json
2010-06-08,4,0001225208-10-014848,2010-06-04,xslF345X03/doc4.xml,CIK0001166691-submissions-001.json
2010-06-28,11-K,0001193125-10-148720,2009-12-31,d11k.htm,CIK0001166691-submissions-001.json
2010-06-28,11-K,0001193125-10-148705,2009-12-31,d11k.htm,CIK0001166691-submissions-001.json
2010-07-06,4,0001225208-10-016775,2010-07-01,xslF345X03/doc4.xml,CIK0001166691-submissions-001.json
2010-07-06,4,0001225208-10-016774,2010-07-01,xslF345X03/doc4.xml,CIK0001166691-submissions-001.json
2010-07-06,4,0001225208-10-016773,2010-07-01,xslF345X03/doc4.xml,CIK0001166691-submissions-001.json
2010-07-06,4,0001225208-10-016772,2010-07-01,xslF345X03/doc4.xml,CIK0001166691-submissions-001.json
2010-07-06,4,0001225208-10-016771,2010-07-01,xslF345X03/doc4.xml,CIK0001166691-submissions-001.json
2010-07-07,8-K,0001193125-10-154590,2010-06-30,d8k.htm,CIK0001166691-submissions-001.json
2010-07-27,UPLOAD,0000000000-10-042446,,filename1.pdf,CIK0001166691-submissions-001.json
2010-07-28,10-Q,0001193125-10-168718,2010-06-30,d10q.htm,CIK0001166691-submissions-001.json
2010-07-28,8-K,0001193125-10-168035,2010-07-28,d8k.htm,CIK0001166691-submissions-001.json
2010-07-29,4,0001225208-10-017847,2010-07-28,xslF345X03/doc4.xml,CIK0001166691-submissions-001.json
2010-07-29,4,0001225208-10-017845,2010-07-28,xslF345X03/doc4.xml,CIK0001166691-submissions-001.json
2010-07-29,4,0001225208-10-017846,2010-07-28,xslF345X03/doc4.xml,CIK0001166691-submissions-001.json
2010-07-29,4,0001225208-10-017844,2010-07-28,xslF345X03/doc4.xml,CIK0001166691-submissions-001.json
2010-07-29,4,0001225208-10-017843,2010-07-28,xslF345X03/doc4.xml,CIK0001166691-submissions-001.json
2010-07-29,4,0001225208-10-017842,2010-07-28,xslF345X03/doc4.xml,CIK0001166691-submissions-001.json
2010-07-29,4,0001225208-10-017841,2010-07-28,xslF345X03/doc4.xml,CIK0001166691-submissions-001.json
2010-08-04,4,0001225208-10-018355,2010-08-03,xslF345X03/doc4.xml,CIK0001166691-submissions-001.json
2010-08-10,CORRESP,0000950103-10-002382,,filename1.htm,CIK0001166691-submissions-001.json
2010-10-04,4,0001225208-10-021879,2010-10-01,xslF345X03/doc4.xml,CIK0001166691-submissions-001.json
2010-10-04,4,0001225208-10-021878,2010-10-01,xslF345X03/doc4.xml,CIK0001166691-submissions-001.json
2010-10-04,4,0001225208-10-021877,2010-10-01,xslF345X03/doc4.xml,CIK0001166691-submissions-001.json
2010-10-04,4,0001225208-10-021876,2010-10-01,xslF345X03/doc4.xml,CIK0001166691-submissions-001.json
2010-10-04,4,0001225208-10-021875,2010-10-01,xslF345X03/doc4.xml,CIK0001166691-submissions-001.json
2010-10-14,CORRESP,0000950103-10-002997,,filename1.htm,CIK0001166691-submissions-001.json
2010-10-27,10-Q,0001193125-10-237886,2010-09-30,d10q.htm,CIK0001166691-submissions-001.json
2010-10-27,8-K,0001193125-10-237280,2010-10-27,d8k.htm,CIK0001166691-submissions-001.json
2010-10-29,4,0001225208-10-023541,2010-10-27,xslF345X03/doc4.xml,CIK0001166691-submissions-001.json
2010-10-29,4,0001225208-10-023540,2010-10-27,xslF345X03/doc4.xml,CIK0001166691-submissions-001.json
2010-10-29,4,0001225208-10-023539,2010-10-27,xslF345X03/doc4.xml,CIK0001166691-submissions-001.json
2010-10-29,4,0001225208-10-023538,2010-10-27,xslF345X03/doc4.xml,CIK0001166691-submissions-001.json
2010-10-29,4,0001225208-10-023537,2010-10-27,xslF345X03/doc4.xml,CIK0001166691-submissions-001.json
2010-10-29,4,0001225208-10-023536,2010-10-27,xslF345X03/doc4.xml,CIK0001166691-submissions-001.json
2010-10-29,4,0001225208-10-023535,2010-10-27,xslF345X03/doc4.xml,CIK0001166691-submissions-001.json
2010-11-01,4,0001225208-10-023761,2010-11-01,xslF345X03/doc4.xml,CIK0001166691-submissions-001.json
2010-11-03,4,0001225208-10-024165,2010-11-01,xslF345X03/doc4.xml,CIK0001166691-submissions-001.json
2010-11-12,4,0001225208-10-024735,2010-11-02,xslF345X03/doc4.xml,CIK0001166691-submissions-001.json
2010-11-17,424B2,0001193125-10-262357,,d424b2.htm,CIK0001166691-submissions-001.json
2010-11-17,FWP,0001193125-10-262915,,dfwp.htm,CIK0001166691-submissions-001.json
2010-11-18,424B2,0001193125-10-263785,,d424b2.htm,CIK0001166691-submissions-001.json
2010-11-18,8-A12B,0001193125-10-263811,,d8a12b.htm,CIK0001166691-submissions-001.json
2010-11-19,8-K,0001193125-10-265303,2010-11-17,d8k.htm,CIK0001166691-submissions-001.json
2010-11-22,CERTNYS,9999999997-10-019735,,9999999997-10-019735.paper,CIK0001166691-submissions-001.json
2010-11-23,4,0001225208-10-025539,2010-11-22,xslF345X03/doc4.xml,CIK0001166691-submissions-001.json
2010-11-23,4,0001225208-10-025538,2010-11-22,xslF345X03/doc4.xml,CIK0001166691-submissions-001.json
2010-11-23,4,0001225208-10-025537,2010-11-22,xslF345X03/doc4.xml,CIK0001166691-submissions-001.json
2010-11-23,4,0001225208-10-025536,2010-11-22,xslF345X03/doc4.xml,CIK0001166691-submissions-001.json
2010-11-23,4,0001225208-10-025535,2010-11-22,xslF345X03/doc4.xml,CIK0001166691-submissions-001.json
2010-11-23,4,0001225208-10-025534,2010-11-22,xslF345X03/doc4.xml,CIK0001166691-submissions-001.json
2010-11-23,4,0001225208-10-025533,2010-11-22,xslF345X03/doc4.xml,CIK0001166691-submissions-001.json
2010-11-23,4,0001225208-10-025532,2010-11-22,xslF345X03/doc4.xml,CIK0001166691-submissions-001.json
2010-11-23,4,0001225208-10-025531,2010-11-22,xslF345X03/doc4.xml,CIK0001166691-submissions-001.json
2010-11-23,4,0001225208-10-025530,2010-11-20,xslF345X03/doc4.xml,CIK0001166691-submissions-001.json
2010-11-24,UPLOAD,0000000000-10-070539,,filename1.pdf,CIK0001166691-submissions-001.json
2010-12-02,4,0001225208-10-026190,2010-12-01,xslF345X03/doc4.xml,CIK0001166691-submissions-001.json
2010-12-03,8-K,0000950103-10-003605,2010-12-02,dp20202_8k.htm,CIK0001166691-submissions-001.json
2010-12-13,4,0001225208-10-026933,2010-12-03,xslF345X03/doc4.xml,CIK0001166691-submissions-001.json
2010-12-17,4,0001225208-10-027386,2010-12-14,xslF345X03/doc4.xml,CIK0001166691-submissions-001.json
2010-12-17,4,0001225208-10-027385,2010-12-14,xslF345X03/doc4.xml,CIK0001166691-submissions-001.json
2010-12-17,4,0001225208-10-027384,2010-12-15,xslF345X03/doc4.xml,CIK0001166691-submissions-001.json
2010-12-17,4,0001225208-10-027383,2010-12-15,xslF345X03/doc4.xml,CIK0001166691-submissions-001.json
2010-12-17,CORRESP,0000950103-10-003773,,filename1.htm,CIK0001166691-submissions-001.json
2010-12-20,4,0001225208-10-027506,2010-12-17,xslF345X03/doc4.xml,CIK0001166691-submissions-001.json
2010-12-20,8-A12B/A,0001193125-10-284075,,d8a12ba.htm,CIK0001166691-submissions-001.json
2011-01-03,8-K,0000950103-11-000002,2010-12-31,dp20533_8k.htm,CIK0001166691-submissions-001.json
2011-01-04,4,0001225208-11-000781,2011-01-03,xslF345X03/doc4.xml,CIK0001166691-submissions-001.json
2011-01-04,4,0001225208-11-000780,2011-01-03,xslF345X03/doc4.xml,CIK0001166691-submissions-001.json
2011-01-04,4,0001225208-11-000779,2011-01-03,xslF345X03/doc4.xml,CIK0001166691-submissions-001.json
2011-01-04,4,0001225208-11-000778,2011-01-03,xslF345X03/doc4.xml,CIK0001166691-submissions-001.json
2011-01-04,4,0001225208-11-000777,2011-01-03,xslF345X03/doc4.xml,CIK0001166691-submissions-001.json
2011-01-04,4,0001225208-11-000776,2011-01-03,xslF345X03/doc4.xml,CIK0001166691-submissions-001.json
2011-01-06,CORRESP,0000950103-11-000054,,filename1.htm,CIK0001166691-submissions-001.json
2011-01-18,4,0001225208-11-003223,2011-01-14,xslF345X03/doc4.xml,CIK0001166691-submissions-001.json
2011-01-18,UPLOAD,0000000000-11-003249,,filename1.pdf,CIK0001166691-submissions-001.json
2011-01-20,4,0001225208-11-003441,2011-01-18,xslF345X03/doc4.xml,CIK0001166691-submissions-001.json
2011-01-20,4,0001225208-11-003440,2011-01-18,xslF345X03/doc4.xml,CIK0001166691-submissions-001.json
2011-01-20,4,0001225208-11-003439,2011-01-18,xslF345X03/doc4.xml,CIK0001166691-submissions-001.json
2011-01-24,4,0001225208-11-003677,2010-12-21,xslF345X03/doc4.xml,CIK0001166691-submissions-001.json
2011-01-24,4,0001225208-11-003676,2011-01-20,xslF345X03/doc4.xml,CIK0001166691-submissions-001.json
2011-01-24,4,0001225208-11-003675,2011-01-20,xslF345X03/doc4.xml,CIK0001166691-submissions-001.json
2011-01-27,4,0001225208-11-003937,2011-01-26,xslF345X03/doc4.xml,CIK0001166691-submissions-001.json
2011-01-27,4,0001225208-11-003936,2011-01-26,xslF345X03/doc4.xml,CIK0001166691-submissions-001.json
2011-01-27,4,0001225208-11-003935,2011-01-26,xslF345X03/doc4.xml,CIK0001166691-submissions-001.json
2011-01-27,4,0001225208-11-003934,2011-01-26,xslF345X03/doc4.xml,CIK0001166691-submissions-001.json
2011-01-27,4,0001225208-11-003933,2011-01-26,xslF345X03/doc4.xml,CIK0001166691-submissions-001.json
2011-01-27,4,0001225208-11-003932,2011-01-26,xslF345X03/doc4.xml,CIK0001166691-submissions-001.json
2011-01-27,4,0001225208-11-003931,2011-01-26,xslF345X03/doc4.xml,CIK0001166691-submissions-001.json
2011-01-28,NO ACT,9999999997-11-000790,2011-01-07,9999999997-11-000790.paper,CIK0001166691-submissions-001.json
2011-01-31,4,0001225208-11-004278,2011-01-28,xslF345X03/doc4.xml,CIK0001166691-submissions-001.json
2011-01-31,4,0001225208-11-004277,2011-01-28,xslF345X03/doc4.xml,CIK0001166691-submissions-001.json
2011-01-31,8-K,0000950103-11-000353,2011-01-28,dp20918_8k.htm,CIK0001166691-submissions-001.json
2011-02-03,4,0001225208-11-004777,2011-02-01,xslF345X03/doc4.xml,CIK0001166691-submissions-001.json
2011-02-03,SC 13G/A,0001086364-11-002659,,comcastcorp123110.txt,CIK0001166691-submissions-001.json
2011-02-07,3,0000950103-11-000470,2011-01-28,xslF345X02/edgar.xml,CIK0001166691-submissions-001.json
2011-02-07,3,0000950103-11-000467,2011-01-28,xslF345X02/edgar.xml,CIK0001166691-submissions-001.json
2011-02-07,SC 13D,0000950103-11-000465,,dp21034_sc13d.htm,CIK0001166691-submissions-001.json
2011-02-08,NO ACT,9999999997-11-000961,2011-01-07,9999999997-11-000961.paper,CIK0001166691-submissions-001.json
2011-02-10,SC 13G/A,0001193125-11-030613,,dsc13ga.htm,CIK0001166691-submissions-001.json
2011-02-11,SC 13G/A,0000357235-11-000067,,comcast.txt,CIK0001166691-submissions-001.json
2011-02-14,NO ACT,9999999997-11-001454,2011-01-07,9999999997-11-001454.paper,CIK0001166691-submissions-001.json
2011-02-15,NO ACT,9999999997-11-001472,2011-01-07,9999999997-11-001472.paper,CIK0001166691-submissions-001.json
2011-02-16,8-K,0001193125-11-037238,2011-02-16,d8k.htm,CIK0001166691-submissions-001.json
2011-02-22,4,0001225208-11-006655,2011-02-18,xslF345X03/doc4.xml,CIK0001166691-submissions-001.json
2011-02-23,UPLOAD,0000000000-11-011464,,filename1.pdf,CIK0001166691-submissions-001.json
2011-02-24,4,0001225208-11-007173,2011-02-22,xslF345X03/doc4.xml,CIK0001166691-submissions-001.json
2011-02-24,4,0001225208-11-007172,2011-02-22,xslF345X03/doc4.xml,CIK0001166691-submissions-001.json
2011-02-25,10-K,0001193125-11-047243,2010-12-31,d10k.htm,CIK0001166691-submissions-001.json
2011-02-25,8-K,0000950103-11-000772,2011-02-22,dp21327_8k.htm,CIK0001166691-submissions-001.json
2011-03-02,4,0001225208-11-008034,2011-03-01,xslF345X03/doc4.xml,CIK0001166691-submissions-001.json
2011-03-04,NO ACT,9999999997-11-003247,2011-03-02,9999999997-11-003247.paper,CIK0001166691-submissions-001.json
2011-03-14,4,0001225208-11-009619,2011-03-10,xslF345X03/doc4.xml,CIK0001166691-submissions-001.json
2011-03-14,4,0001225208-11-009618,2011-03-10,xslF345X03/doc4.xml,CIK0001166691-submissions-001.json
2011-03-14,4,0001225208-11-009617,2011-03-10,xslF345X03/doc4.xml,CIK0001166691-submissions-001.json
2011-03-14,4,0001225208-11-009616,2011-03-10,xslF345X03/doc4.xml,CIK0001166691-submissions-001.json
2011-03-14,4,0001225208-11-009615,2011-03-10,xslF345X03/doc4.xml,CIK0001166691-submissions-001.json
2011-03-14,4,0001225208-11-009614,2011-03-10,xslF345X03/doc4.xml,CIK0001166691-submissions-001.json
2011-03-18,4,0001225208-11-010013,2011-03-16,xslF345X03/doc4.xml,CIK0001166691-submissions-001.json
2011-03-18,4,0001225208-11-010012,2011-03-16,xslF345X03/doc4.xml,CIK0001166691-submissions-001.json
2011-03-18,4,0001225208-11-010011,2011-03-16,xslF345X03/doc4.xml,CIK0001166691-submissions-001.json
2011-03-18,4,0001225208-11-010010,2011-03-16,xslF345X03/doc4.xml,CIK0001166691-submissions-001.json
2011-03-18,4,0001225208-11-010009,2011-03-16,xslF345X03/doc4.xml,CIK0001166691-submissions-001.json
2011-03-18,4,0001225208-11-010008,2011-03-16,xslF345X03/doc4.xml,CIK0001166691-submissions-001.json
2011-03-22,4,0001225208-11-010134,2011-03-20,xslF345X03/doc4.xml,CIK0001166691-submissions-001.json
2011-03-22,4,0001225208-11-010133,2011-03-20,xslF345X03/doc4.xml,CIK0001166691-submissions-001.json
2011-03-29,4,0001225208-11-010424,2011-03-25,xslF345X03/doc4.xml,CIK0001166691-submissions-001.json
2011-03-29,4,0001225208-11-010423,2011-03-25,xslF345X03/doc4.xml,CIK0001166691-submissions-001.json
2011-03-29,4,0001225208-11-010422,2011-03-25,xslF345X03/doc4.xml,CIK0001166691-submissions-001.json
2011-03-29,4,0001225208-11-010421,2011-03-25,xslF345X03/doc4.xml,CIK0001166691-submissions-001.json
2011-03-29,4,0001225208-11-010420,2011-03-25,xslF345X03/doc4.xml,CIK0001166691-submissions-001.json
2011-03-29,4,0001225208-11-010419,2011-03-25,xslF345X03/doc4.xml,CIK0001166691-submissions-001.json
2011-03-29,4,0001225208-11-010418,2011-03-25,xslF345X03/doc4.xml,CIK0001166691-submissions-001.json
2011-03-30,4,0001225208-11-010484,2011-03-28,xslF345X03/doc4.xml,CIK0001166691-submissions-001.json
2011-03-30,4,0001225208-11-010483,2011-03-28,xslF345X03/doc4.xml,CIK0001166691-submissions-001.json
2011-03-30,4,0001225208-11-010482,2011-03-28,xslF345X03/doc4.xml,CIK0001166691-submissions-001.json
2011-03-30,4,0001225208-11-010481,2011-03-28,xslF345X03/doc4.xml,CIK0001166691-submissions-001.json
2011-03-30,4,0001225208-11-010480,2011-03-28,xslF345X03/doc4.xml,CIK0001166691-submissions-001.json
2011-03-30,4,0001225208-11-010479,2011-03-28,xslF345X03/doc4.xml,CIK0001166691-submissions-001.json
2011-04-01,4,0001225208-11-010640,2011-03-30,xslF345X03/doc4.xml,CIK0001166691-submissions-001.json
2011-04-01,DEF 14A,0001193125-11-086037,2011-05-11,ddef14a.htm,CIK0001166691-submissions-001.json
2011-04-01,DEFA14A,0001193125-11-086044,,ddefa14a.htm,CIK0001166691-submissions-001.json
2011-04-05,4,0001225208-11-011232,2011-04-01,xslF345X03/doc4.xml,CIK0001166691-submissions-001.json
2011-04-05,4,0001225208-11-011233,2011-04-01,xslF345X03/doc4.xml,CIK0001166691-submissions-001.json
2011-04-05,4,0001225208-11-011231,2011-04-01,xslF345X03/doc4.xml,CIK0001166691-submissions-001.json
2011-04-05,4,0001225208-11-011230,2011-04-01,xslF345X03/doc4.xml,CIK0001166691-submissions-001.json
2011-04-05,4,0001225208-11-011229,2011-04-01,xslF345X03/doc4.xml,CIK0001166691-submissions-001.json
2011-04-11,4,0001225208-11-011636,2011-04-08,xslF345X03/doc4.xml,CIK0001166691-submissions-001.json
2011-04-15,8-K/A,0001193125-11-099554,2011-01-28,d8ka.htm,CIK0001166691-submissions-001.json
2011-04-27,4,0001225208-11-012362,2011-04-26,xslF345X03/doc4.xml,CIK0001166691-submissions-001.json
2011-04-27,4,0001225208-11-012361,2011-04-26,xslF345X03/doc4.xml,CIK0001166691-submissions-001.json
2011-04-27,4,0001225208-11-012360,2011-04-26,xslF345X03/doc4.xml,CIK0001166691-submissions-001.json
2011-04-27,4,0001225208-11-012359,2011-04-26,xslF345X03/doc4.xml,CIK0001166691-submissions-001.json
2011-04-27,4,0001225208-11-012358,2011-04-26,xslF345X03/doc4.xml,CIK0001166691-submissions-001.json
2011-04-27,4,0001225208-11-012357,2011-04-26,xslF345X03/doc4.xml,CIK0001166691-submissions-001.json
2011-04-27,4,0001225208-11-012356,2011-04-26,xslF345X03/doc4.xml,CIK0001166691-submissions-001.json
2011-04-29,4,0001225208-11-012581,2011-04-27,xslF345X03/doc4.xml,CIK0001166691-submissions-001.json
2011-04-29,4,0001225208-11-012572,2011-04-27,xslF345X03/doc4.xml,CIK0001166691-submissions-001.json
2011-04-29,4,0001225208-11-012571,2011-04-27,xslF345X03/doc4.xml,CIK0001166691-submissions-001.json
2011-04-29,4,0001225208-11-012570,2011-04-27,xslF345X03/doc4.xml,CIK0001166691-submissions-001.json
2011-04-29,4,0001225208-11-012568,2011-04-27,xslF345X03/doc4.xml,CIK0001166691-submissions-001.json
2011-04-29,4,0001225208-11-012567,2011-04-27,xslF345X03/doc4.xml,CIK0001166691-submissions-001.json
2011-04-29,4,0001225208-11-012566,2011-04-27,xslF345X03/doc4.xml,CIK0001166691-submissions-001.json
2011-05-03,8-K,0001193125-11-124022,2011-05-03,d8k.htm,CIK0001166691-submissions-001.json
2011-05-05,10-Q,0001193125-11-126626,2011-03-31,d10q.htm,CIK0001166691-submissions-001.json
2011-05-10,4,0001225208-11-013665,2011-05-09,xslF345X03/doc4.xml,CIK0001166691-submissions-001.json
2011-05-10,4,0001225208-11-013664,2011-05-06,xslF345X03/doc4.xml,CIK0001166691-submissions-001.json
2011-05-11,4,0001225208-11-013950,2011-05-09,xslF345X03/doc4.xml,CIK0001166691-submissions-001.json
2011-05-13,3,0000950103-11-001829,2011-05-11,xslF345X02/edgar.xml,CIK0001166691-submissions-001.json
2011-05-13,4,0000950103-11-001830,2011-05-11,xslF345X03/edgar.xml,CIK0001166691-submissions-001.json
2011-05-13,D,0001203113-11-000009,,xslFormDX01/primary_doc.xml,CIK0001166691-submissions-001.json
2011-05-16,8-K,0001193125-11-140888,2011-05-11,d8k.htm,CIK0001166691-submissions-001.json
2011-05-17,4,0000950103-11-001890,2011-05-16,xslF345X03/edgar.xml,CIK0001166691-submissions-001.json
2011-05-17,SC 13D/A,0000950103-11-001888,,dp22606_sc13da.htm,CIK0001166691-submissions-001.json
2011-05-23,S-8,0001193125-11-147902,,ds8.htm,CIK0001166691-submissions-001.json
2011-05-23,S-8,0001193125-11-147900,,ds8.htm,CIK0001166691-submissions-001.json
2011-06-14,UPLOAD,0000000000-11-036577,,filename1.pdf,CIK0001166691-submissions-001.json
2011-06-15,4,0001225208-11-016351,2011-06-13,xslF345X03/doc4.xml,CIK0001166691-submissions-001.json
2011-06-16,4,0001225208-11-016433,2011-06-15,xslF345X03/doc4.xml,CIK0001166691-submissions-001.json
2011-06-16,CORRESP,0000950103-11-002365,,filename1.htm,CIK0001166691-submissions-001.json
2011-06-21,4,0001225208-11-016600,2011-06-17,xslF345X03/doc4.xml,CIK0001166691-submissions-001.json
2011-06-28,11-K,0001193125-11-175586,2010-12-31,d11k.htm,CIK0001166691-submissions-001.json
2011-06-28,11-K,0001193125-11-175581,2010-12-31,d11k.htm,CIK0001166691-submissions-001.json
2011-07-01,8-K,0001193125-11-180049,2011-06-30,d8k.htm,CIK0001166691-submissions-001.json
2011-07-05,4,0001225208-11-017457,2011-06-30,xslF345X03/doc4.xml,CIK0001166691-submissions-001.json
2011-07-05,4,0001225208-11-017390,2011-07-04,xslF345X03/doc4.xml,CIK0001166691-submissions-001.json
2011-07-05,4,0001225208-11-017388,2011-06-30,xslF345X03/doc4.xml,CIK0001166691-submissions-001.json
2011-07-05,4,0001225208-11-017387,2011-06-30,xslF345X03/doc4.xml,CIK0001166691-submissions-001.json
2011-07-05,4,0001225208-11-017386,2011-06-30,xslF345X03/doc4.xml,CIK0001166691-submissions-001.json
2011-07-05,4,0001225208-11-017385,2011-06-30,xslF345X03/doc4.xml,CIK0001166691-submissions-001.json
2011-07-05,4,0001225208-11-017384,2011-06-30,xslF345X03/doc4.xml,CIK0001166691-submissions-001.json
2011-07-12,CORRESP,0000950103-11-002772,,filename1.htm,CIK0001166691-submissions-001.json
2011-07-20,4,0001225208-11-018511,2011-07-18,xslF345X03/doc4.xml,CIK0001166691-submissions-001.json
2011-07-28,4,0001225208-11-018889,2011-07-27,xslF345X03/doc4.xml,CIK0001166691-submissions-001.json
2011-07-28,4,0001225208-11-018888,2011-07-27,xslF345X03/doc4.xml,CIK0001166691-submissions-001.json
2011-07-28,4,0001225208-11-018887,2011-07-27,xslF345X03/doc4.xml,CIK0001166691-submissions-001.json
2011-07-28,4,0001225208-11-018886,2011-07-27,xslF345X03/doc4.xml,CIK0001166691-submissions-001.json
2011-07-28,4,0001225208-11-018885,2011-07-27,xslF345X03/doc4.xml,CIK0001166691-submissions-001.json
2011-07-28,4,0001225208-11-018884,2011-07-27,xslF345X03/doc4.xml,CIK0001166691-submissions-001.json
2011-07-28,4,0001225208-11-018883,2011-07-27,xslF345X03/doc4.xml,CIK0001166691-submissions-001.json
2011-07-28,4,0001225208-11-018882,2011-07-27,xslF345X03/doc4.xml,CIK0001166691-submissions-001.json
2011-07-29,UPLOAD,0000000000-11-046235,,filename1.pdf,CIK0001166691-submissions-001.json
2011-08-03,10-Q,0001193125-11-208040,2011-06-30,d10q.htm,CIK0001166691-submissions-001.json
2011-08-03,8-K,0001193125-11-207241,2011-08-03,d8k.htm,CIK0001166691-submissions-001.json
2011-09-14,4,0001225208-11-021723,2011-09-13,xslF345X03/doc4.xml,CIK0001166691-submissions-001.json
2011-09-22,8-K,0001193125-11-254480,2011-09-20,d235545d8k.htm,CIK0001166691-submissions-001.json
2011-09-26,3,0000950103-11-003945,2011-09-22,xslF345X02/edgar.xml,CIK0001166691-submissions-001.json
2011-09-26,4,0001225208-11-022176,2011-09-22,xslF345X03/doc4.xml,CIK0001166691-submissions-001.json
2011-10-04,4,0001225208-11-022681,2011-09-30,xslF345X03/doc4.xml,CIK0001166691-submissions-001.json
2011-10-04,4,0001225208-11-022680,2011-09-30,xslF345X03/doc4.xml,CIK0001166691-submissions-001.json
2011-10-04,4,0001225208-11-022679,2011-09-30,xslF345X03/doc4.xml,CIK0001166691-submissions-001.json
2011-10-04,4,0001225208-11-022678,2011-09-30,xslF345X03/doc4.xml,CIK0001166691-submissions-001.json
2011-10-04,4,0001225208-11-022677,2011-09-30,xslF345X03/doc4.xml,CIK0001166691-submissions-001.json
2011-10-04,4,0001225208-11-022676,2011-09-30,xslF345X03/doc4.xml,CIK0001166691-submissions-001.json
2011-10-28,4,0001225208-11-023815,2011-10-26,xslF345X03/doc4.xml,CIK0001166691-submissions-001.json
2011-10-28,4,0001225208-11-023814,2011-10-26,xslF345X03/doc4.xml,CIK0001166691-submissions-001.json
2011-10-28,4,0001225208-11-023813,2011-10-26,xslF345X03/doc4.xml,CIK0001166691-submissions-001.json
2011-10-28,4,0001225208-11-023812,2011-10-26,xslF345X03/doc4.xml,CIK0001166691-submissions-001.json
2011-10-28,4,0001225208-11-023811,2011-10-26,xslF345X03/doc4.xml,CIK0001166691-submissions-001.json
2011-10-28,4,0001225208-11-023810,2011-10-26,xslF345X03/doc4.xml,CIK0001166691-submissions-001.json
2011-10-28,4,0001225208-11-023809,2011-10-26,xslF345X03/doc4.xml,CIK0001166691-submissions-001.json
2011-10-28,4,0001225208-11-023808,2011-10-26,xslF345X03/doc4.xml,CIK0001166691-submissions-001.json
2011-10-28,8-K/A,0001193125-11-285508,2011-10-27,d248768d8ka.htm,CIK0001166691-submissions-001.json
2011-11-02,10-Q,0001193125-11-292853,2011-09-30,d233978d10q.htm,CIK0001166691-submissions-001.json
2011-11-02,8-K,0001193125-11-291755,2011-11-02,d248153d8k.htm,CIK0001166691-submissions-001.json
2011-11-07,8-K,0001193125-11-299646,2011-11-03,d253806d8k.htm,CIK0001166691-submissions-001.json
2011-11-22,4,0001225208-11-025284,2011-11-20,xslF345X03/doc4.xml,CIK0001166691-submissions-001.json
2011-11-22,4,0001225208-11-025283,2011-11-20,xslF345X03/doc4.xml,CIK0001166691-submissions-001.json
2011-11-22,4,0001225208-11-025282,2011-11-20,xslF345X03/doc4.xml,CIK0001166691-submissions-001.json
2011-11-22,4,0001225208-11-025281,2011-11-20,xslF345X03/doc4.xml,CIK0001166691-submissions-001.json
2011-11-22,4,0001225208-11-025280,2011-11-20,xslF345X03/doc4.xml,CIK0001166691-submissions-001.json
2011-11-22,4,0001225208-11-025279,2011-11-20,xslF345X03/doc4.xml,CIK0001166691-submissions-001.json
2011-11-22,4,0001225208-11-025278,2011-11-20,xslF345X03/doc4.xml,CIK0001166691-submissions-001.json
2011-11-22,4,0001225208-11-025277,2011-11-20,xslF345X03/doc4.xml,CIK0001166691-submissions-001.json
2011-11-22,4,0001225208-11-025276,2011-11-20,xslF345X03/doc4.xml,CIK0001166691-submissions-001.json
2011-11-22,4/A,0000950103-11-004919,2011-05-11,xslF345X03/edgar.xml,CIK0001166691-submissions-001.json
2011-11-22,4/A,0001225208-11-025275,2011-09-22,xslF345X03/doc4a.xml,CIK0001166691-submissions-001.json
2011-11-23,8-K,0001193125-11-320674,2011-11-20,d260243d8k.htm,CIK0001166691-submissions-001.json
2011-11-30,25-NSE,0000876661-11-000499,,xslF25X02/primary_doc.xml,CIK0001166691-submissions-001.json
2011-12-02,8-K,0000950103-11-005090,2011-12-02,dp27558_8k.htm,CIK0001166691-submissions-001.json
2011-12-06,4,0001225208-11-025970,2011-12-02,xslF345X03/doc4.xml,CIK0001166691-submissions-001.json
2011-12-20,4,0001225208-11-026731,2011-12-18,xslF345X03/doc4.xml,CIK0001166691-submissions-001.json
2012-01-04,4,0001225208-12-000602,2012-01-04,xslF345X03/doc4.xml,CIK0001166691-submissions-001.json
2012-01-04,4,0001225208-12-000601,2011-12-31,xslF345X03/doc4.xml,CIK0001166691-submissions-001.json
2012-01-04,4,0001225208-12-000600,2012-01-04,xslF345X03/doc4.xml,CIK0001166691-submissions-001.json
2012-01-04,4,0001225208-12-000599,2012-01-03,xslF345X03/doc4.xml,CIK0001166691-submissions-001.json
2012-01-04,4,0001225208-12-000598,2011-12-31,xslF345X03/doc4.xml,CIK0001166691-submissions-001.json
2012-01-04,4,0001225208-12-000597,2011-12-31,xslF345X03/doc4.xml,CIK0001166691-submissions-001.json
2012-01-04,4,0001225208-12-000596,2011-12-31,xslF345X03/doc4.xml,CIK0001166691-submissions-001.json
2012-01-04,4,0001225208-12-000595,2011-12-31,xslF345X03/doc4.xml,CIK0001166691-submissions-001.json
2012-01-05,4,0001225208-12-000782,2012-01-03,xslF345X03/doc4.xml,CIK0001166691-submissions-001.json
2012-01-05,4,0001225208-12-000781,2012-01-03,xslF345X03/doc4.xml,CIK0001166691-submissions-001.json
2012-01-10,4,0001225208-12-001212,2012-01-09,xslF345X03/doc4.xml,CIK0001166691-submissions-001.json
2012-01-10,4,0001225208-12-001211,2012-01-09,xslF345X03/doc4.xml,CIK0001166691-submissions-001.json
2012-01-17,4,0001225208-12-001452,2012-01-13,xslF345X03/doc4.xml,CIK0001166691-submissions-001.json
2012-01-19,4,0001225208-12-001671,2012-01-18,xslF345X03/doc4.xml,CIK0001166691-submissions-001.json
2012-01-27,4,0001225208-12-002273,2012-01-25,xslF345X03/doc4.xml,CIK0001166691-submissions-001.json
2012-01-27,4,0001225208-12-002272,2012-01-25,xslF345X03/doc4.xml,CIK0001166691-submissions-001.json
2012-01-27,4,0001225208-12-002271,2012-01-25,xslF345X03/doc4.xml,CIK0001166691-submissions-001.json
2012-01-27,4,0001225208-12-002270,2012-01-25,xslF345X03/doc4.xml,CIK0001166691-submissions-001.json
2012-01-27,4,0001225208-12-002269,2012-01-25,xslF345X03/doc4.xml,CIK0001166691-submissions-001.json
2012-01-27,4,0001225208-12-002268,2012-01-25,xslF345X03/doc4.xml,CIK0001166691-submissions-001.json
2012-01-27,4,0001225208-12-002267,2012-01-25,xslF345X03/doc4.xml,CIK0001166691-submissions-001.json
2012-02-10,SC 13G/A,0001193125-12-052197,,d291326dsc13ga.htm,CIK0001166691-submissions-001.json
2012-02-13,5,0001225208-12-003929,2012-12-31,xslF345X03/doc5.xml,CIK0001166691-submissions-001.json
2012-02-13,5,0001225208-12-003928,2011-12-31,xslF345X03/doc5.xml,CIK0001166691-submissions-001.json
2012-02-13,5,0001225208-12-003927,2012-12-31,xslF345X03/doc5.xml,CIK0001166691-submissions-001.json
2012-02-13,SC 13G/A,0001193125-12-056584,,d301512dsc13ga.htm,CIK0001166691-submissions-001.json
2012-02-13,SC 13G/A,0001086364-12-001532,,comcast.corp...txt,CIK0001166691-submissions-001.json
2012-02-14,SC 13G,0001422848-12-000158,,edgcmcsk.txt,CIK0001166691-submissions-001.json
2012-02-14,SC 13G,0001422848-12-000157,,edgcmcsa.txt,CIK0001166691-submissions-001.json
2012-02-14,SC 13G/A,0000357235-12-000074,,comcastamend.txt,CIK0001166691-submissions-001.json
2012-02-15,8-K,0001193125-12-062176,2012-02-15,d297054d8k.htm,CIK0001166691-submissions-001.json
2012-02-22,4,0001225208-12-005017,2012-02-17,xslF345X03/doc4.xml,CIK0001166691-submissions-001.json
2012-02-22,4,0001225208-12-005016,2012-02-17,xslF345X03/doc4.xml,CIK0001166691-submissions-001.json
2012-02-22,4,0001225208-12-005015,2012-02-17,xslF345X03/doc4.xml,CIK0001166691-submissions-001.json
2012-02-22,4,0001225208-12-005014,2012-02-17,xslF345X03/doc4.xml,CIK0001166691-submissions-001.json
2012-02-22,4,0001225208-12-005013,2012-02-17,xslF345X03/doc4.xml,CIK0001166691-submissions-001.json
2012-02-22,4,0001225208-12-005012,2012-02-17,xslF345X03/doc4.xml,CIK0001166691-submissions-001.json
2012-02-23,10-K,0001193125-12-073905,2011-12-31,d262998d10k.htm,CIK0001166691-submissions-001.json
2012-02-23,S-8,0001193125-12-074870,,d305700ds8.htm,CIK0001166691-submissions-001.json
2012-02-24,NO ACT,9999999997-12-002204,2012-02-21,9999999997-12-002204.paper,CIK0001166691-submissions-001.json
2012-02-24,S-3ASR,0001193125-12-078120,,d304123ds3asr.htm,CIK0001166691-submissions-001.json
2012-02-27,4,0001225208-12-005454,2012-02-23,xslF345X03/doc4.xml,CIK0001166691-submissions-001.json
2012-02-29,4,0001225208-12-006000,2012-02-27,xslF345X03/doc4.xml,CIK0001166691-submissions-001.json
2012-03-01,4,0001225208-12-006252,2012-02-29,xslF345X03/doc4.xml,CIK0001166691-submissions-001.json
2012-03-05,4,0001225208-12-006670,2012-03-02,xslF345X03/doc4.xml,CIK0001166691-submissions-001.json
2012-03-08,4,0001225208-12-007065,2012-03-06,xslF345X03/doc4.xml,CIK0001166691-submissions-001.json
2012-03-09,4,0001225208-12-007152,2012-03-08,xslF345X03/doc4.xml,CIK0001166691-submissions-001.json
2012-03-14,4,0001225208-12-007527,2012-03-12,xslF345X03/doc4.xml,CIK0001166691-submissions-001.json
2012-03-15,4,0001225208-12-007688,2012-03-15,xslF345X03/doc4.xml,CIK0001166691-submissions-001.json
2012-03-19,NO ACT,9999999997-12-004311,2012-01-25,9999999997-12-004311.paper,CIK0001166691-submissions-001.json
2012-03-19,NO ACT,9999999997-12-004310,2012-01-25,9999999997-12-004310.paper,CIK0001166691-submissions-001.json
2012-03-20,4,0001225208-12-008079,2012-03-16,xslF345X03/doc4.xml,CIK0001166691-submissions-001.json
2012-03-20,4,0001225208-12-008078,2012-03-16,xslF345X03/doc4.xml,CIK0001166691-submissions-001.json
2012-03-20,4,0001225208-12-008077,2012-03-16,xslF345X03/doc4.xml,CIK0001166691-submissions-001.json
2012-03-20,4,0001225208-12-008076,2012-03-16,xslF345X03/doc4.xml,CIK0001166691-submissions-001.json
2012-03-20,4,0001225208-12-008075,2012-03-16,xslF345X03/doc4.xml,CIK0001166691-submissions-001.json
2012-03-20,4,0001225208-12-008074,2012-03-16,xslF345X03/doc4.xml,CIK0001166691-submissions-001.json
2012-03-22,4,0001225208-12-008192,2012-03-20,xslF345X03/doc4.xml,CIK0001166691-submissions-001.json
2012-03-22,4,0001225208-12-008191,2012-03-20,xslF345X03/doc4.xml,CIK0001166691-submissions-001.json
2012-03-22,4,0001225208-12-008190,2012-03-21,xslF345X03/doc4.xml,CIK0001166691-submissions-001.json
2012-03-26,NO ACT,9999999997-12-004970,2012-01-25,9999999997-12-004970.paper,CIK0001166691-submissions-001.json
2012-03-27,4,0001225208-12-008334,2012-03-23,xslF345X03/doc4.xml,CIK0001166691-submissions-001.json
2012-03-27,4,0001225208-12-008333,2012-03-23,xslF345X03/doc4.xml,CIK0001166691-submissions-001.json
2012-03-27,4,0001225208-12-008332,2012-03-23,xslF345X03/doc4.xml,CIK0001166691-submissions-001.json
2012-03-27,4,0001225208-12-008331,2012-03-23,xslF345X03/doc4.xml,CIK0001166691-submissions-001.json
2012-03-27,4,0001225208-12-008330,2012-03-23,xslF345X03/doc4.xml,CIK0001166691-submissions-001.json
2012-03-27,4,0001225208-12-008329,2012-03-23,xslF345X03/doc4.xml,CIK0001166691-submissions-001.json
2012-03-27,4,0001225208-12-008328,2012-03-23,xslF345X03/doc4.xml,CIK0001166691-submissions-001.json
2012-03-27,NO ACT,9999999997-12-004976,2012-01-25,9999999997-12-004976.paper,CIK0001166691-submissions-001.json
2012-03-28,4,0001225208-12-008397,2012-03-26,xslF345X03/doc4.xml,CIK0001166691-submissions-001.json
2012-03-28,4,0001225208-12-008396,2012-03-26,xslF345X03/doc4.xml,CIK0001166691-submissions-001.json
2012-03-28,4,0001225208-12-008395,2012-03-26,xslF345X03/doc4.xml,CIK0001166691-submissions-001.json
2012-03-28,4,0001225208-12-008394,2012-03-26,xslF345X03/doc4.xml,CIK0001166691-submissions-001.json
2012-03-28,4,0001225208-12-008393,2012-03-26,xslF345X03/doc4.xml,CIK0001166691-submissions-001.json
2012-03-28,4,0001225208-12-008392,2012-03-26,xslF345X03/doc4.xml,CIK0001166691-submissions-001.json
2012-03-28,4,0001225208-12-008391,2012-03-26,xslF345X03/doc4.xml,CIK0001166691-submissions-001.json
2012-03-30,4,0001225208-12-008456,2012-03-28,xslF345X03/doc4.xml,CIK0001166691-submissions-001.json
2012-03-30,4,0001225208-12-008455,2012-03-28,xslF345X03/doc4.xml,CIK0001166691-submissions-001.json
2012-03-30,4,0001225208-12-008454,2012-03-28,xslF345X03/doc4.xml,CIK0001166691-submissions-001.json
2012-03-30,4,0001225208-12-008453,2012-03-28,xslF345X03/doc4.xml,CIK0001166691-submissions-001.json
2012-03-30,4,0001225208-12-008452,2012-03-28,xslF345X03/doc4.xml,CIK0001166691-submissions-001.json
2012-03-30,4,0001225208-12-008451,2012-03-28,xslF345X03/doc4.xml,CIK0001166691-submissions-001.json
2012-04-02,4,0001225208-12-008731,2012-03-30,xslF345X03/doc4.xml,CIK0001166691-submissions-001.json
2012-04-02,4,0001225208-12-008730,2012-03-30,xslF345X03/doc4.xml,CIK0001166691-submissions-001.json
2012-04-03,4,0001225208-12-009013,2012-04-01,xslF345X03/doc4.xml,CIK0001166691-submissions-001.json
2012-04-03,4,0001225208-12-009012,2012-04-01,xslF345X03/doc4.xml,CIK0001166691-submissions-001.json
2012-04-03,4,0001225208-12-009011,2012-04-01,xslF345X03/doc4.xml,CIK0001166691-submissions-001.json
2012-04-03,4,0001225208-12-009010,2012-04-01,xslF345X03/doc4.xml,CIK0001166691-submissions-001.json
2012-04-03,4,0001225208-12-009009,2012-04-01,xslF345X03/doc4.xml,CIK0001166691-submissions-001.json
2012-04-04,4,0001225208-12-009301,2012-04-03,xslF345X03/doc4.xml,CIK0001166691-submissions-001.json
2012-04-11,4,0001225208-12-009625,2012-04-09,xslF345X03/doc4.xml,CIK0001166691-submissions-001.json
2012-04-18,4,0001225208-12-009941,2012-04-17,xslF345X03/doc4.xml,CIK0001166691-submissions-001.json
2012-04-20,25-NSE,0000876661-12-000178,,xslF25X02/primary_doc.xml,CIK0001166691-submissions-001.json
2012-04-20,DEF 14A,0001193125-12-173342,2012-05-31,d301167ddef14a.htm,CIK0001166691-submissions-001.json
2012-04-20,DEFA14A,0001193125-12-173364,,d301167ddefa14a.htm,CIK0001166691-submissions-001.json
2012-04-27,4,0001225208-12-010327,2012-04-25,xslF345X03/doc4.xml,CIK0001166691-submissions-001.json
2012-04-27,4,0001225208-12-010326,2012-04-25,xslF345X03/doc4.xml,CIK0001166691-submissions-001.json
2012-04-27,4,0001225208-12-010325,2012-04-25,xslF345X03/doc4.xml,CIK0001166691-submissions-001.json
2012-04-27,4,0001225208-12-010324,2012-04-25,xslF345X03/doc4.xml,CIK0001166691-submissions-001.json
2012-04-27,4,0001225208-12-010323,2012-04-25,xslF345X03/doc4.xml,CIK0001166691-submissions-001.json
2012-04-27,4,0001225208-12-010322,2012-04-25,xslF345X03/doc4.xml,CIK0001166691-submissions-001.json
2012-04-27,4,0001225208-12-010321,2012-04-25,xslF345X03/doc4.xml,CIK0001166691-submissions-001.json
2012-04-27,4,0001225208-12-010320,2012-04-25,xslF345X03/doc4.xml,CIK0001166691-submissions-001.json
2012-04-27,4,0001225208-12-010319,2012-04-25,xslF345X03/doc4.xml,CIK0001166691-submissions-001.json
2012-04-27,4,0001225208-12-010318,2012-04-25,xslF345X03/doc4.xml,CIK0001166691-submissions-001.json
2012-04-27,4,0001225208-12-010317,2012-04-25,xslF345X03/doc4.xml,CIK0001166691-submissions-001.json
2012-04-27,4,0001225208-12-010316,2012-04-25,xslF345X03/doc4.xml,CIK0001166691-submissions-001.json
2012-04-27,4,0001225208-12-010315,2012-04-25,xslF345X03/doc4.xml,CIK0001166691-submissions-001.json
2012-05-01,4,0001225208-12-010562,2012-05-01,xslF345X03/doc4.xml,CIK0001166691-submissions-001.json
2012-05-01,4,0001225208-12-010561,2012-04-30,xslF345X03/doc4.xml,CIK0001166691-submissions-001.json
2012-05-01,4,0001225208-12-010560,2012-04-27,xslF345X03/doc4.xml,CIK0001166691-submissions-001.json
2012-05-02,10-Q,0001193125-12-203863,2012-03-31,d316803d10q.htm,CIK0001166691-submissions-001.json
2012-05-02,8-K,0001193125-12-202664,2012-05-02,d340606d8k.htm,CIK0001166691-submissions-001.json
2012-05-09,4,0001225208-12-011684,2012-05-08,xslF345X03/doc4.xml,CIK0001166691-submissions-001.json
2012-05-09,D/A,0001529721-12-000001,,xslFormDX01/primary_doc.xml,CIK0001166691-submissions-001.json
2012-05-14,4,0001225208-12-012042,2012-05-11,xslF345X03/doc4.xml,CIK0001166691-submissions-001.json
2012-05-29,4,0001225208-12-013325,2012-05-25,xslF345X03/doc4.xml,CIK0001166691-submissions-001.json
2012-06-01,8-K,0000950103-12-002888,2012-05-31,dp30950_8k.htm,CIK0001166691-submissions-001.json
2012-06-06,8-K,0000950103-12-003003,2012-06-06,dp31062_8k.htm,CIK0001166691-submissions-001.json
2012-06-19,4,0001225208-12-014551,2012-06-15,xslF345X03/doc4.xml,CIK0001166691-submissions-001.json
2012-06-19,4,0001225208-12-014550,2012-06-15,xslF345X03/doc4.xml,CIK0001166691-submissions-001.json
2012-06-26,11-K,0001193125-12-283961,2011-12-31,d372717d11k.htm,CIK0001166691-submissions-001.json
2012-06-26,11-K,0001193125-12-283954,2011-12-31,d372749d11k.htm,CIK0001166691-submissions-001.json
2012-06-26,FWP,0001193125-12-283993,,d369460dfwp.htm,CIK0001166691-submissions-001.json
2012-06-27,424B2,0001193125-12-285272,,d369460d424b2.htm,CIK0001166691-submissions-001.json
2012-06-27,8-K,0001193125-12-285277,2012-06-26,d373702d8k.htm,CIK0001166691-submissions-001.json
2012-06-28,UPLOAD,0000000000-12-033869,,filename1.pdf,CIK0001166691-submissions-001.json
2012-07-03,4,0001225208-12-015475,2012-06-30,xslF345X03/doc4.xml,CIK0001166691-submissions-001.json
2012-07-03,4,0001225208-12-015474,2012-06-30,xslF345X03/doc4.xml,CIK0001166691-submissions-001.json
2012-07-03,4,0001225208-12-015473,2012-06-30,xslF345X03/doc4.xml,CIK0001166691-submissions-001.json
2012-07-03,4,0001225208-12-015472,2012-06-30,xslF345X03/doc4.xml,CIK0001166691-submissions-001.json
2012-07-03,4,0001225208-12-015471,2012-06-30,xslF345X03/doc4.xml,CIK0001166691-submissions-001.json
2012-07-10,8-K,0000950103-12-003539,2012-07-09,dp31560_8k.htm,CIK0001166691-submissions-001.json
2012-07-10,CORRESP,0000950103-12-003542,,filename1.htm,CIK0001166691-submissions-001.json
2012-07-24,25-NSE,0000876661-12-000425,,xslF25X02/primary_doc.xml,CIK0001166691-submissions-001.json
2012-08-01,10-Q,0001193125-12-328850,2012-06-30,d366945d10q.htm,CIK0001166691-submissions-001.json
2012-08-01,8-K,0001193125-12-327060,2012-08-01,d385658d8k.htm,CIK0001166691-submissions-001.json
2012-08-02,CORRESP,0000950103-12-003972,,filename1.htm,CIK0001166691-submissions-001.json
2012-08-02,S-8,0001193125-12-330640,,d385630ds8.htm,CIK0001166691-submissions-001.json
2012-08-07,4,0001225208-12-017359,2012-08-03,xslF345X03/doc4.xml,CIK0001166691-submissions-001.json
2012-08-08,4,0001225208-12-017461,2012-08-07,xslF345X03/doc4.xml,CIK0001166691-submissions-001.json
2012-08-13,4,0001225208-12-017671,2012-08-10,xslF345X03/doc4.xml,CIK0001166691-submissions-001.json
2012-08-22,4,0001225208-12-018390,2012-08-20,xslF345X03/doc4.xml,CIK0001166691-submissions-001.json
2012-08-24,8-K,0000950103-12-004335,2012-08-24,dp32419_8k-spectrum.htm,CIK0001166691-submissions-001.json
2012-08-27,4,0001225208-12-018585,2012-08-23,xslF345X03/doc4.xml,CIK0001166691-submissions-001.json
2012-08-29,4,0001225208-12-018687,2012-08-27,xslF345X03/doc4.xml,CIK0001166691-submissions-001.json
2012-09-05,4,0001225208-12-019040,2012-09-04,xslF345X03/doc4.xml,CIK0001166691-submissions-001.json
2012-09-05,4,0001225208-12-019039,2012-09-04,xslF345X03/doc4.xml,CIK0001166691-submissions-001.json
2012-09-05,4,0001225208-12-019038,2012-08-31,xslF345X03/doc4.xml,CIK0001166691-submissions-001.json
2012-09-07,4,0001225208-12-019264,2012-09-06,xslF345X03/doc4.xml,CIK0001166691-submissions-001.json
2012-09-07,4,0001225208-12-019263,2012-09-06,xslF345X03/doc4.xml,CIK0001166691-submissions-001.json
2012-09-07,UPLOAD,0000000000-12-048679,,filename1.pdf,CIK0001166691-submissions-001.json
2012-09-10,4,0001225208-12-019311,2012-09-10,xslF345X03/doc4.xml,CIK0001166691-submissions-001.json
2012-09-14,4,0001225208-12-019646,2012-09-12,xslF345X03/doc4.xml,CIK0001166691-submissions-001.json
2012-09-14,8-K,0001193125-12-392575,2012-09-13,d412146d8k.htm,CIK0001166691-submissions-001.json
2012-09-14,CORRESP,0000950103-12-004802,,filename1.htm,CIK0001166691-submissions-001.json
2012-09-18,4,0001225208-12-019858,2012-09-14,xslF345X03/doc4.xml,CIK0001166691-submissions-001.json
2012-09-26,4,0000950103-12-004972,2012-09-24,xslF345X03/edgar.xml,CIK0001166691-submissions-001.json
2012-10-02,4,0001225208-12-020711,2012-09-30,xslF345X03/doc4.xml,CIK0001166691-submissions-001.json
2012-10-02,4,0001225208-12-020710,2012-09-30,xslF345X03/doc4.xml,CIK0001166691-submissions-001.json
2012-10-02,4,0001225208-12-020709,2012-09-30,xslF345X03/doc4.xml,CIK0001166691-submissions-001.json
2012-10-02,4,0001225208-12-020708,2012-09-30,xslF345X03/doc4.xml,CIK0001166691-submissions-001.json
2012-10-02,4,0001225208-12-020707,2012-09-30,xslF345X03/doc4.xml,CIK0001166691-submissions-001.json
2012-10-03,4,0001225208-12-020879,2012-08-20,xslF345X03/doc4.xml,CIK0001166691-submissions-001.json
2012-10-09,4,0001225208-12-021177,2012-10-05,xslF345X03/doc4.xml,CIK0001166691-submissions-001.json
2012-10-11,CORRESP,0000950103-12-005422,,filename1.htm,CIK0001166691-submissions-001.json
2012-10-17,4,0001225208-12-021494,2012-10-16,xslF345X03/doc4.xml,CIK0001166691-submissions-001.json
2012-10-18,8-K,0000950103-12-005536,2012-10-18,dp33648_8k.htm,CIK0001166691-submissions-001.json
2012-10-22,SC 13D,0000950103-12-005588,,dp33700_sc13d.htm,CIK0001166691-submissions-001.json
2012-10-23,UPLOAD,0000000000-12-058355,,filename1.pdf,CIK0001166691-submissions-001.json
2012-10-26,10-Q,0001193125-12-437120,2012-09-30,d422555d10q.htm,CIK0001166691-submissions-001.json
2012-10-26,8-K,0001193125-12-436501,2012-10-26,d427401d8k.htm,CIK0001166691-submissions-001.json
2012-10-29,4,0001225208-12-021953,2012-10-25,xslF345X03/doc4.xml,CIK0001166691-submissions-001.json
2012-11-02,4,0001225208-12-022226,2012-10-31,xslF345X03/doc4.xml,CIK0001166691-submissions-001.json
2012-11-02,4,0001225208-12-022225,2012-11-01,xslF345X03/doc4.xml,CIK0001166691-submissions-001.json
2012-11-02,4,0001225208-12-022224,2012-10-31,xslF345X03/doc4.xml,CIK0001166691-submissions-001.json
2012-11-05,4,0001225208-12-022344,2012-11-02,xslF345X03/doc4.xml,CIK0001166691-submissions-001.json
2012-11-08,4,0001225208-12-022686,2012-11-06,xslF345X03/doc4.xml,CIK0001166691-submissions-001.json
2012-11-15,4,0001225208-12-023283,2012-11-15,xslF345X03/doc4.xml,CIK0001166691-submissions-001.json
2012-11-20,4,0001225208-12-023557,2012-11-16,xslF345X03/doc4.xml,CIK0001166691-submissions-001.json
2012-11-20,4/A,0001225208-12-023555,2012-11-15,xslF345X03/doc4a.xml,CIK0001166691-submissions-001.json
2012-11-23,4,0001225208-12-023779,2012-11-20,xslF345X03/doc4.xml,CIK0001166691-submissions-001.json
2012-11-23,4,0001225208-12-023778,2012-11-20,xslF345X03/doc4.xml,CIK0001166691-submissions-001.json
2012-11-23,4,0001225208-12-023777,2012-11-20,xslF345X03/doc4.xml,CIK0001166691-submissions-001.json
2012-11-23,4,0001225208-12-023776,2012-11-20,xslF345X03/doc4.xml,CIK0001166691-submissions-001.json
2012-11-23,4,0001225208-12-023775,2012-11-20,xslF345X03/doc4.xml,CIK0001166691-submissions-001.json
2012-11-23,4,0001225208-12-023774,2012-11-20,xslF345X03/doc4.xml,CIK0001166691-submissions-001.json
2012-11-23,4,0001225208-12-023773,2012-11-20,xslF345X03/doc4.xml,CIK0001166691-submissions-001.json
2012-11-23,4,0001225208-12-023772,2012-11-20,xslF345X03/doc4.xml,CIK0001166691-submissions-001.json
2012-11-23,4,0001225208-12-023771,2012-11-20,xslF345X03/doc4.xml,CIK0001166691-submissions-001.json
2012-11-29,4,0001225208-12-024007,2012-11-27,xslF345X03/doc4.xml,CIK0001166691-submissions-001.json
2012-11-29,4,0001225208-12-024006,2012-11-29,xslF345X03/doc4.xml,CIK0001166691-submissions-001.json
2012-11-29,4,0001225208-12-024005,2012-11-27,xslF345X03/doc4.xml,CIK0001166691-submissions-001.json
2012-11-29,424B2,0001193125-12-484798,,d440628d424b2.htm,CIK0001166691-submissions-001.json
2012-11-29,FWP,0001193125-12-485917,,d446545dfwp.htm,CIK0001166691-submissions-001.json
2012-11-30,424B2,0001193125-12-487836,,d440628d424b2.htm,CIK0001166691-submissions-001.json
2012-12-03,8-A12B,0001193125-12-488915,,d447811d8a12b.htm,CIK0001166691-submissions-001.json
2012-12-03,8-K,0001193125-12-489315,2012-11-29,d448588d8k.htm,CIK0001166691-submissions-001.json
2012-12-04,4,0001225208-12-024410,2012-11-30,xslF345X03/doc4.xml,CIK0001166691-submissions-001.json
2012-12-06,CERTNYS,9999999997-12-015190,,9999999997-12-015190.paper,CIK0001166691-submissions-001.json
2012-12-19,4,0001225208-12-025663,2012-12-18,xslF345X03/doc4.xml,CIK0001166691-submissions-001.json
2012-12-19,4,0001225208-12-025662,2012-12-17,xslF345X03/doc4.xml,CIK0001166691-submissions-001.json
2012-12-19,SC 13D/A,0000950103-12-006838,,dp35001_sca3da-comcast.htm,CIK0001166691-submissions-001.json
2012-12-21,4,0001225208-12-025871,2012-12-19,xslF345X03/doc4.xml,CIK0001166691-submissions-001.json
2012-12-31,4,0001225208-12-026298,2012-12-27,xslF345X03/doc4.xml,CIK0001166691-submissions-001.json
2013-01-03,4,0001225208-13-000555,2012-12-31,xslF345X03/doc4.xml,CIK0001166691-submissions-001.json
2013-01-03,4,0001225208-13-000554,2012-12-31,xslF345X03/doc4.xml,CIK0001166691-submissions-001.json
2013-01-03,4,0001225208-13-000553,2012-12-31,xslF345X03/doc4.xml,CIK0001166691-submissions-001.json
2013-01-03,4,0001225208-13-000552,2012-12-31,xslF345X03/doc4.xml,CIK0001166691-submissions-001.json
2013-01-03,4,0001225208-13-000550,2012-12-31,xslF345X03/doc4.xml,CIK0001166691-submissions-001.json
2013-01-04,4,0001225208-13-000800,2013-01-02,xslF345X03/doc4.xml,CIK0001166691-submissions-001.json
2013-01-09,424B2,0001193125-13-008260,,d460907d424b2.htm,CIK0001166691-submissions-001.json
2013-01-09,8-K,0001193125-13-008268,2013-01-08,d464963d8k.htm,CIK0001166691-submissions-001.json
2013-01-09,FWP,0001193125-13-007281,,d464848dfwp.htm,CIK0001166691-submissions-001.json
2013-01-22,4,0001225208-13-001779,2013-01-18,xslF345X03/doc4.xml,CIK0001166691-submissions-001.json
2013-01-31,NO ACT,9999999997-13-000751,2013-01-30,9999999997-13-000751.paper,CIK0001166691-submissions-001.json
2013-02-06,4/A,0001225208-13-003125,2012-02-17,xslF345X03/doc4a.xml,CIK0001166691-submissions-001.json
2013-02-06,5,0001225208-13-003124,2013-12-31,xslF345X03/doc5.xml,CIK0001166691-submissions-001.json
2013-02-06,5,0001225208-13-003122,2013-12-31,xslF345X03/doc5.xml,CIK0001166691-submissions-001.json
2013-02-06,5,0001225208-13-003121,2013-12-31,xslF345X03/doc5.xml,CIK0001166691-submissions-001.json
2013-02-06,NO ACT,9999999997-13-000939,2013-01-15,9999999997-13-000939.paper,CIK0001166691-submissions-001.json
2013-02-08,SC 13G/A,0001086364-13-003200,,comcast.corp...txt,CIK0001166691-submissions-001.json
2013-02-12,8-K,0000950103-13-001016,2013-02-12,dp36189_8k-comcast.htm,CIK0001166691-submissions-001.json
2013-02-12,NO ACT,9999999997-13-000979,2013-02-11,9999999997-13-000979.paper,CIK0001166691-submissions-001.json
2013-02-12,SC 13G,0001422848-13-000031,,edgcmcsk.txt,CIK0001166691-submissions-001.json
2013-02-12,SC 13G,0000932471-13-003823,,comcastcorp.htm,CIK0001166691-submissions-001.json
2013-02-12,SC 13G/A,0001422848-13-000030,,edgcmcsa.txt,CIK0001166691-submissions-001.json
2013-02-13,8-K,0001193125-13-053227,2013-02-12,d484522d8k.htm,CIK0001166691-submissions-001.json
2013-02-14,SC 13G,0000315066-13-002350,,filing.txt,CIK0001166691-submissions-001.json
2013-02-14,SC 13G/A,0000357235-13-000056,,comcast.txt,CIK0001166691-submissions-001.json
2013-02-15,4,0001225208-13-004338,2013-02-13,xslF345X03/doc4.xml,CIK0001166691-submissions-001.json
2013-02-21,10-K,0001193125-13-067658,2012-12-31,d458593d10k.htm,CIK0001166691-submissions-001.json
2013-02-22,4,0001225208-13-005064,2013-02-20,xslF345X03/doc4.xml,CIK0001166691-submissions-001.json
2013-02-22,NO ACT,9999999997-13-002314,2013-01-15,9999999997-13-002314.paper,CIK0001166691-submissions-001.json
2013-03-01,NO ACT,9999999997-13-004202,2013-01-15,9999999997-13-004202.paper,CIK0001166691-submissions-001.json
2013-03-15,NO ACT,9999999997-13-006001,2013-01-15,9999999997-13-006001.paper,CIK0001166691-submissions-001.json
2013-03-19,8-K,0000950103-13-001853,2013-03-19,dp37005_8k.htm,CIK0001166691-submissions-001.json
2013-03-22,4,0001225208-13-008202,2013-03-20,xslF345X03/doc4.xml,CIK0001166691-submissions-001.json
2013-03-22,4,0001225208-13-008201,2013-03-20,xslF345X03/doc4.xml,CIK0001166691-submissions-001.json
2013-03-26,4,0001225208-13-008382,2013-03-22,xslF345X03/doc4.xml,CIK0001166691-submissions-001.json
2013-03-26,4,0001225208-13-008381,2013-03-22,xslF345X03/doc4.xml,CIK0001166691-submissions-001.json
2013-03-26,4,0001225208-13-008379,2013-03-22,xslF345X03/doc4.xml,CIK0001166691-submissions-001.json
2013-03-26,4,0001225208-13-008380,2013-03-22,xslF345X03/doc4.xml,CIK0001166691-submissions-001.json
2013-03-26,4,0001225208-13-008378,2013-03-22,xslF345X03/doc4.xml,CIK0001166691-submissions-001.json
2013-03-26,4,0001225208-13-008377,2013-03-22,xslF345X03/doc4.xml,CIK0001166691-submissions-001.json
2013-03-26,4,0001225208-13-008375,2013-03-22,xslF345X03/doc4.xml,CIK0001166691-submissions-001.json
2013-03-27,4,0001225208-13-008511,2013-03-25,xslF345X03/doc4.xml,CIK0001166691-submissions-001.json
2013-03-27,4,0001225208-13-008510,2013-03-25,xslF345X03/doc4.xml,CIK0001166691-submissions-001.json
2013-03-27,4,0001225208-13-008509,2013-03-25,xslF345X03/doc4.xml,CIK0001166691-submissions-001.json
2013-03-27,4,0001225208-13-008508,2013-03-25,xslF345X03/doc4.xml,CIK0001166691-submissions-001.json
2013-03-27,4,0001225208-13-008507,2013-03-25,xslF345X03/doc4.xml,CIK0001166691-submissions-001.json
2013-03-27,4,0001225208-13-008506,2013-03-25,xslF345X03/doc4.xml,CIK0001166691-submissions-001.json
2013-03-27,4,0001225208-13-008505,2013-03-26,xslF345X03/doc4.xml,CIK0001166691-submissions-001.json
2013-03-27,8-K,0000950103-13-002009,2013-03-27,dp37153_8k.htm,CIK0001166691-submissions-001.json
2013-03-28,4,0001225208-13-008595,2013-03-27,xslF345X03/doc4.xml,CIK0001166691-submissions-001.json
2013-03-28,4,0001225208-13-008592,2013-03-27,xslF345X03/doc4.xml,CIK0001166691-submissions-001.json
2013-03-28,4,0001225208-13-008594,2013-03-27,xslF345X03/doc4.xml,CIK0001166691-submissions-001.json
2013-03-28,4,0001225208-13-008593,2013-03-27,xslF345X03/doc4.xml,CIK0001166691-submissions-001.json
2013-03-28,4,0001225208-13-008591,2013-03-27,xslF345X03/doc4.xml,CIK0001166691-submissions-001.json
2013-03-28,4,0001225208-13-008590,2013-03-27,xslF345X03/doc4.xml,CIK0001166691-submissions-001.json
2013-03-28,5,0001225208-13-008596,2012-12-31,xslF345X03/doc5.xml,CIK0001166691-submissions-001.json
2013-04-01,4,0001225208-13-008758,2013-03-28,xslF345X03/doc4.xml,CIK0001166691-submissions-001.json
2013-04-01,4,0001225208-13-008757,2013-03-28,xslF345X03/doc4.xml,CIK0001166691-submissions-001.json
2013-04-01,4,0001225208-13-008755,2013-03-28,xslF345X03/doc4.xml,CIK0001166691-submissions-001.json
2013-04-01,4,0001225208-13-008754,2013-03-28,xslF345X03/doc4.xml,CIK0001166691-submissions-001.json
2013-04-01,4,0001225208-13-008753,2013-03-28,xslF345X03/doc4.xml,CIK0001166691-submissions-001.json
2013-04-01,4,0001225208-13-008752,2013-03-28,xslF345X03/doc4.xml,CIK0001166691-submissions-001.json
2013-04-02,4,0001225208-13-009071,2013-03-31,xslF345X03/doc4.xml,CIK0001166691-submissions-001.json
2013-04-02,4,0001225208-13-009070,2013-03-31,xslF345X03/doc4.xml,CIK0001166691-submissions-001.json
2013-04-02,4,0001225208-13-009069,2013-03-31,xslF345X03/doc4.xml,CIK0001166691-submissions-001.json
2013-04-02,4,0001225208-13-009067,2013-03-31,xslF345X03/doc4.xml,CIK0001166691-submissions-001.json
2013-04-02,4,0001225208-13-009066,2013-03-31,xslF345X03/doc4.xml,CIK0001166691-submissions-001.json
2013-04-02,4,0001225208-13-009065,2013-03-31,xslF345X03/doc4.xml,CIK0001166691-submissions-001.json
2013-04-05,ARS,9999999997-13-007802,2012-12-31,9999999997-13-007802.paper,CIK0001166691-submissions-001.json
2013-04-05,DEF 14A,0001193125-13-144100,2013-05-15,d496632ddef14a.htm,CIK0001166691-submissions-001.json
2013-04-05,DEFA14A,0001193125-13-144114,,d496632ddefa14a.htm,CIK0001166691-submissions-001.json
2013-04-10,4,0001225208-13-009884,2013-04-08,xslF345X03/doc4.xml,CIK0001166691-submissions-001.json
2013-04-25,4,0001225208-13-010388,2013-04-23,xslF345X03/doc4.xml,CIK0001166691-submissions-001.json
2013-04-25,4,0001225208-13-010387,2013-04-23,xslF345X03/doc4.xml,CIK0001166691-submissions-001.json
2013-04-25,4,0001225208-13-010386,2013-04-23,xslF345X03/doc4.xml,CIK0001166691-submissions-001.json
2013-04-25,4,0001225208-13-010385,2013-04-23,xslF345X03/doc4.xml,CIK0001166691-submissions-001.json
2013-04-25,4,0001225208-13-010384,2013-04-23,xslF345X03/doc4.xml,CIK0001166691-submissions-001.json
2013-04-25,4,0001225208-13-010383,2013-04-23,xslF345X03/doc4.xml,CIK0001166691-submissions-001.json
2013-04-25,SC 13G,0000950103-13-002543,,dp37776_sc13g.htm,CIK0001166691-submissions-001.json
2013-05-01,10-Q,0001193125-13-191930,2013-03-31,d525898d10q.htm,CIK0001166691-submissions-001.json
2013-05-01,8-K,0001193125-13-189670,2013-05-01,d526523d8k.htm,CIK0001166691-submissions-001.json
2013-05-08,4,0001225208-13-011654,2013-05-06,xslF345X03/doc4.xml,CIK0001166691-submissions-001.json
2013-05-08,4,0001225208-13-011653,2013-05-07,xslF345X03/doc4.xml,CIK0001166691-submissions-001.json
2013-05-08,D/A,0001174322-13-000019,,xslFormDX01/primary_doc.xml,CIK0001166691-submissions-001.json
2013-05-09,4,0001225208-13-011869,2013-05-07,xslF345X03/doc4.xml,CIK0001166691-submissions-001.json
2013-05-09,4,0001225208-13-011868,2013-05-08,xslF345X03/doc4.xml,CIK0001166691-submissions-001.json
2013-05-16,8-K,0001193125-13-223953,2013-05-15,d540072d8k.htm,CIK0001166691-submissions-001.json
2013-05-17,4,0001225208-13-012669,2013-05-16,xslF345X03/doc4.xml,CIK0001166691-submissions-001.json
2013-05-17,UPLOAD,0000000000-13-027262,,filename1.pdf,CIK0001166691-submissions-001.json
2013-05-22,4,0001225208-13-012923,2013-05-20,xslF345X03/doc4.xml,CIK0001166691-submissions-001.json
2013-05-30,CORRESP,0000950103-13-003312,,filename1.htm,CIK0001166691-submissions-001.json
2013-06-18,UPLOAD,0000000000-13-033287,,filename1.pdf,CIK0001166691-submissions-001.json
2013-06-21,CORRESP,0000950103-13-003838,,filename1.htm,CIK0001166691-submissions-001.json
2013-06-28,11-K,0001104659-13-052164,2012-12-31,a13-15297_211k.htm,CIK0001166691-submissions-001.json
2013-06-28,11-K,0001104659-13-052163,2012-12-31,a13-15297_111k.htm,CIK0001166691-submissions-001.json
2013-07-01,4,0001225208-13-015126,2013-06-30,xslF345X03/doc4.xml,CIK0001166691-submissions-001.json
2013-07-01,4,0001225208-13-015125,2013-06-30,xslF345X03/doc4.xml,CIK0001166691-submissions-001.json
2013-07-01,4,0001225208-13-015124,2013-06-30,xslF345X03/doc4.xml,CIK0001166691-submissions-001.json
2013-07-01,4,0001225208-13-015123,2013-06-30,xslF345X03/doc4.xml,CIK0001166691-submissions-001.json
2013-07-01,4,0001225208-13-015122,2013-06-30,xslF345X03/doc4.xml,CIK0001166691-submissions-001.json
2013-07-01,4,0001225208-13-015121,2013-06-30,xslF345X03/doc4.xml,CIK0001166691-submissions-001.json
2013-07-01,4,0001225208-13-015120,2013-06-28,xslF345X03/doc4.xml,CIK0001166691-submissions-001.json
2013-07-08,SC 13D/A,0000950103-13-004225,,dp39483_sc13da.htm,CIK0001166691-submissions-001.json
2013-07-09,8-K,0000950103-13-004234,2013-07-09,dp39501_8k.htm,CIK0001166691-submissions-001.json
2013-07-18,CORRESP,0000950103-13-004375,,filename1.htm,CIK0001166691-submissions-001.json
2013-07-24,8-K,0000950103-13-004474,2013-07-23,dp39750_8k.htm,CIK0001166691-submissions-001.json
2013-07-31,10-Q,0001193125-13-312420,2013-06-30,d566565d10q.htm,CIK0001166691-submissions-001.json
2013-07-31,8-K,0001104659-13-058110,2013-07-31,a13-14539_28k.htm,CIK0001166691-submissions-001.json
2013-08-06,4,0001225208-13-017393,2013-08-05,xslF345X03/doc4.xml,CIK0001166691-submissions-001.json
2013-08-08,4,0001225208-13-017531,2013-08-07,xslF345X03/doc4.xml,CIK0001166691-submissions-001.json
2013-08-16,8-K,0000950103-13-004940,2013-08-16,dp40191_8k.htm,CIK0001166691-submissions-001.json
2013-08-26,4,0001225208-13-018570,2013-08-23,xslF345X03/doc4.xml,CIK0001166691-submissions-001.json
2013-09-03,4,0001225208-13-018920,2013-08-29,xslF345X03/doc4.xml,CIK0001166691-submissions-001.json
2013-09-04,UPLOAD,0000000000-13-048548,,filename1.pdf,CIK0001166691-submissions-001.json
2013-09-17,4,0001225208-13-020059,2013-09-16,xslF345X03/doc4.xml,CIK0001166691-submissions-001.json
2013-09-17,CORRESP,0000950103-13-005478,,filename1.htm,CIK0001166691-submissions-001.json
2013-09-18,8-K,0001193125-13-370469,2013-09-18,d598767d8k.htm,CIK0001166691-submissions-001.json
2013-09-18,S-3ASR,0001193125-13-370526,,d554661ds3asr.htm,CIK0001166691-submissions-001.json
2013-09-26,UPLOAD,0000000000-13-053243,,filename1.pdf,CIK0001166691-submissions-001.json
2013-10-02,4,0001225208-13-021034,2013-09-30,xslF345X03/doc4.xml,CIK0001166691-submissions-001.json
2013-10-02,4,0001225208-13-021033,2013-09-30,xslF345X03/doc4.xml,CIK0001166691-submissions-001.json
2013-10-02,4,0001225208-13-021032,2013-09-30,xslF345X03/doc4.xml,CIK0001166691-submissions-001.json
2013-10-02,4,0001225208-13-021031,2013-09-30,xslF345X03/doc4.xml,CIK0001166691-submissions-001.json
2013-10-02,4,0001225208-13-021030,2013-09-30,xslF345X03/doc4.xml,CIK0001166691-submissions-001.json
2013-10-02,4,0001225208-13-021029,2013-09-30,xslF345X03/doc4.xml,CIK0001166691-submissions-001.json
2013-10-25,4,0001225208-13-022283,2013-10-23,xslF345X03/doc4.xml,CIK0001166691-submissions-001.json
2013-10-30,10-Q,0001193125-13-417832,2013-09-30,d614600d10q.htm,CIK0001166691-submissions-001.json
2013-10-30,8-K,0001104659-13-078978,2013-10-30,a13-22855_18k.htm,CIK0001166691-submissions-001.json
2013-11-05,4,0001225208-13-022884,2013-11-01,xslF345X03/doc4.xml,CIK0001166691-submissions-001.json
2013-11-07,4,0001225208-13-023076,2013-11-05,xslF345X03/doc4.xml,CIK0001166691-submissions-001.json
2013-11-22,4,0001225208-13-024058,2013-11-20,xslF345X03/doc4.xml,CIK0001166691-submissions-001.json
2013-11-22,4,0001225208-13-024057,2013-11-20,xslF345X03/doc4.xml,CIK0001166691-submissions-001.json
2013-11-22,4,0001225208-13-024056,2013-11-20,xslF345X03/doc4.xml,CIK0001166691-submissions-001.json
2013-11-22,4,0001225208-13-024055,2013-11-20,xslF345X03/doc4.xml,CIK0001166691-submissions-001.json
2013-11-22,4,0001225208-13-024054,2013-11-20,xslF345X03/doc4.xml,CIK0001166691-submissions-001.json
2013-11-22,4,0001225208-13-024053,2013-11-20,xslF345X03/doc4.xml,CIK0001166691-submissions-001.json
2013-11-22,4,0001225208-13-024052,2013-11-20,xslF345X03/doc4.xml,CIK0001166691-submissions-001.json
2013-11-22,4,0001225208-13-024051,2013-11-20,xslF345X03/doc4.xml,CIK0001166691-submissions-001.json
2013-11-22,4,0001225208-13-024050,2013-11-20,xslF345X03/doc4.xml,CIK0001166691-submissions-001.json
2013-12-09,4,0001225208-13-025050,2013-12-06,xslF345X03/doc4.xml,CIK0001166691-submissions-001.json
2013-12-11,4,0001225208-13-025195,2013-12-10,xslF345X03/doc4.xml,CIK0001166691-submissions-001.json
2013-12-18,4,0001225208-13-025647,2013-12-16,xslF345X03/doc4.xml,CIK0001166691-submissions-001.json
2013-12-19,4,0001225208-13-025777,2013-12-18,xslF345X03/doc4.xml,CIK0001166691-submissions-001.json
2014-01-03,4,0001225208-14-000264,2013-12-31,xslF345X03/doc4.xml,CIK0001166691-submissions-001.json
2014-01-03,4,0001225208-14-000263,2013-12-31,xslF345X03/doc4.xml,CIK0001166691-submissions-001.json
2014-01-03,4,0001225208-14-000262,2013-12-31,xslF345X03/doc4.xml,CIK0001166691-submissions-001.json
2014-01-03,4,0001225208-14-000261,2013-12-31,xslF345X03/doc4.xml,CIK0001166691-submissions-001.json
2014-01-03,4,0001225208-14-000260,2013-12-31,xslF345X03/doc4.xml,CIK0001166691-submissions-001.json
2014-01-03,4,0001225208-14-000259,2013-12-31,xslF345X03/doc4.xml,CIK0001166691-submissions-001.json
2014-01-06,4,0001225208-14-000953,2014-01-02,xslF345X03/doc4.xml,CIK0001166691-submissions-001.json
2014-01-21,4,0001225208-14-002037,2014-01-18,xslF345X03/doc4.xml,CIK0001166691-submissions-001.json
2014-01-28,8-K,0001104659-14-004395,2014-01-28,a14-4206_18k.htm,CIK0001166691-submissions-001.json
2014-02-04,SC 13G/A,0001086364-14-002022,,comcast.corp...txt,CIK0001166691-submissions-001.json
2014-02-05,4,0001225208-14-003493,2014-02-04,xslF345X03/doc4.xml,CIK0001166691-submissions-001.json
2014-02-05,5,0000950103-14-000868,2013-12-31,xslF345X03/edgar.xml,CIK0001166691-submissions-001.json
2014-02-05,5,0000950103-14-000867,2013-12-31,xslF345X03/edgar.xml,CIK0001166691-submissions-001.json
2014-02-05,5,0000950103-14-000866,2013-12-31,xslF345X03/edgar.xml,CIK0001166691-submissions-001.json
2014-02-11,SC 13G,0001305227-14-000144,,comcast.corp..cl.a.special.txt,CIK0001166691-submissions-001.json
2014-02-12,10-K,0001193125-14-047522,2013-12-31,d666576d10k.htm,CIK0001166691-submissions-001.json
2014-02-12,S-8,0001193125-14-048022,,d659565ds8.htm,CIK0001166691-submissions-001.json
2014-02-12,SC 13G/A,0000932471-14-004258,,comcastcorp.htm,CIK0001166691-submissions-001.json
2014-02-13,425,0000950103-14-001087,,dp44002_8k.htm,CIK0001166691-submissions-001.json
2014-02-13,425,0000950103-14-001084,,dp44011_425-trans.htm,CIK0001166691-submissions-001.json
2014-02-13,425,0000950103-14-001082,,dp44005_425-it.htm,CIK0001166691-submissions-001.json
2014-02-13,425,0000950103-14-001080,,dp44004_425-team.htm,CIK0001166691-submissions-001.json
2014-02-13,425,0000950103-14-001078,,dp43995_fwp-dou.htm,CIK0001166691-submissions-001.json
2014-02-13,425,0000950103-14-001077,,dp44003_425-tiger.htm,CIK0001166691-submissions-001.json
2014-02-13,425,0000950103-14-001076,,dp44017_425-intra.htm,CIK0001166691-submissions-001.json
2014-02-13,425,0000950103-14-001075,,dp43994_425-summary.htm,CIK0001166691-submissions-001.json
2014-02-13,425,0000950103-14-001074,,dp44018_425-email.htm,CIK0001166691-submissions-001.json
2014-02-13,425,0000950103-14-001073,,dp43992_425-fs.htm,CIK0001166691-submissions-001.json
2014-02-13,8-K,0000950103-14-001086,2014-02-12,dp44002_8k.htm,CIK0001166691-submissions-001.json
2014-02-13,SC 13G,0000950103-14-001061,,dp43983_sc13g.htm,CIK0001166691-submissions-001.json
2014-02-13,SC 13G/A,0000950103-14-001060,,dp43982_sc13ga.htm,CIK0001166691-submissions-001.json
2014-02-14,425,0000950103-14-001118,,dp44030_425-trans.htm,CIK0001166691-submissions-001.json
2014-02-14,425,0000950103-14-001117,,dp44038_425-llt.htm,CIK0001166691-submissions-001.json
2014-02-14,425,0000950103-14-001116,,dp44041_425-announce.htm,CIK0001166691-submissions-001.json
2014-02-14,425,0000950103-14-001114,,dp44043_425-transcript.htm,CIK0001166691-submissions-001.json
2014-02-14,425,0000950103-14-001101,,dp44035_425-blog.htm,CIK0001166691-submissions-001.json
2014-02-14,8-K,0000950103-14-001112,2014-02-13,dp43945_8k.htm,CIK0001166691-submissions-001.json
2014-02-14,SC 13G/A,0001140361-14-007399,,doc1.htm,CIK0001166691-submissions-001.json
2014-02-14,SC 13G/A,0000315066-14-002027,,filing.txt,CIK0001166691-submissions-001.json
2014-02-14,SC 13G/A,0001422848-14-000154,,edgcmcsa.txt,CIK0001166691-submissions-001.json
2014-02-18,3,0000950103-14-001133,2014-02-13,xslF345X02/edgar.xml,CIK0001166691-submissions-001.json
2014-02-18,4,0001225208-14-004901,2014-02-13,xslF345X03/doc4.xml,CIK0001166691-submissions-001.json
2014-02-19,POSASR,0001193125-14-058141,,d678675dposasr.htm,CIK0001166691-submissions-001.json
2014-02-20,4,0001225208-14-005324,2014-02-18,xslF345X03/doc4.xml,CIK0001166691-submissions-001.json
2014-02-20,424B2,0001193125-14-060324,,d679434d424b2.htm,CIK0001166691-submissions-001.json
2014-02-20,425,0000950103-14-001236,,dp44175_425.htm,CIK0001166691-submissions-001.json
2014-02-20,FWP,0001193125-14-059171,,d678202dfwp.htm,CIK0001166691-submissions-001.json
2014-02-21,425,0000950103-14-001265,,dp44204_425.htm,CIK0001166691-submissions-001.json
2014-02-25,8-K,0000950103-14-001328,2014-02-25,dp44265_8k.htm,CIK0001166691-submissions-001.json
2014-02-27,4,0001225208-14-006566,2014-02-25,xslF345X03/doc4.xml,CIK0001166691-submissions-001.json
2014-03-04,425,0000950103-14-001623,,dp44586_425.htm,CIK0001166691-submissions-001.json
2014-03-04,425,0000950103-14-001622,,dp44585_425-3year.htm,CIK0001166691-submissions-001.json
2014-03-05,4,0001225208-14-007532,2014-03-04,xslF345X03/doc4.xml,CIK0001166691-submissions-001.json
2014-03-05,425,0000950103-14-001662,,dp44617_425.htm,CIK0001166691-submissions-001.json
2014-03-05,425,0000950103-14-001659,,dp44600_425.htm,CIK0001166691-submissions-001.json
2014-03-05,NO ACT,9999999997-14-001610,2014-01-17,9999999997-14-001610.paper,CIK0001166691-submissions-001.json
2014-03-06,425,0000950103-14-001698,,dp44653_425.htm,CIK0001166691-submissions-001.json
2014-03-06,NO ACT,9999999997-14-003148,2014-01-21,9999999997-14-003148.paper,CIK0001166691-submissions-001.json
2014-03-10,425,0000950103-14-001756,,dp44704_425.htm,CIK0001166691-submissions-001.json
2014-03-11,4,0001225208-14-008034,2014-03-10,xslF345X03/doc4.xml,CIK0001166691-submissions-001.json
2014-03-11,4,0001225208-14-008033,2014-03-07,xslF345X03/doc4.xml,CIK0001166691-submissions-001.json
2014-03-11,4,0001225208-14-008032,2014-03-07,xslF345X03/doc4.xml,CIK0001166691-submissions-001.json
2014-03-12,425,0000950103-14-001835,,dp44785_425.htm,CIK0001166691-submissions-001.json
2014-03-14,4,0001225208-14-008338,2014-03-12,xslF345X03/doc4.xml,CIK0001166691-submissions-001.json
2014-03-17,4,0001225208-14-008371,2014-03-14,xslF345X03/doc4.xml,CIK0001166691-submissions-001.json
2014-03-17,4,0001225208-14-008370,2014-03-14,xslF345X03/doc4.xml,CIK0001166691-submissions-001.json
2014-03-17,425,0000950103-14-001886,,dp44848_425.htm,CIK0001166691-submissions-001.json
2014-03-18,4,0001225208-14-008517,2014-03-17,xslF345X03/doc4.xml,CIK0001166691-submissions-001.json
2014-03-18,4,0001225208-14-008516,2014-03-17,xslF345X03/doc4.xml,CIK0001166691-submissions-001.json
2014-03-19,425,0000950103-14-001983,,dp44933_425.htm,CIK0001166691-submissions-001.json
2014-03-20,425,0000950103-14-002001,,dp44954_425.htm,CIK0001166691-submissions-001.json
2014-03-20,S-4,0001193125-14-107315,,d681637ds4.htm,CIK0001166691-submissions-001.json
2014-03-21,425,0000950103-14-002026,,dp44973_425.htm,CIK0001166691-submissions-001.json
2014-03-24,4,0001225208-14-008802,2014-03-20,xslF345X03/doc4.xml,CIK0001166691-submissions-001.json
2014-03-24,4,0001225208-14-008801,2014-03-20,xslF345X03/doc4.xml,CIK0001166691-submissions-001.json
2014-03-24,4,0001225208-14-008800,2014-03-21,xslF345X03/doc4.xml,CIK0001166691-submissions-001.json
2014-03-24,4,0001225208-14-008799,2014-03-21,xslF345X03/doc4.xml,CIK0001166691-submissions-001.json
2014-03-24,4,0001225208-14-008784,2014-03-21,xslF345X03/doc4.xml,CIK0001166691-submissions-001.json
2014-03-24,4,0001225208-14-008783,2014-03-21,xslF345X03/doc4.xml,CIK0001166691-submissions-001.json
2014-03-24,4,0001225208-14-008782,2014-03-21,xslF345X03/doc4.xml,CIK0001166691-submissions-001.json
2014-03-25,4,0001225208-14-008888,2014-03-21,xslF345X03/doc4.xml,CIK0001166691-submissions-001.json
2014-03-25,4,0001225208-14-008887,2014-03-21,xslF345X03/doc4.xml,CIK0001166691-submissions-001.json
2014-03-25,4,0001225208-14-008886,2014-03-21,xslF345X03/doc4.xml,CIK0001166691-submissions-001.json
2014-03-25,4,0001225208-14-008885,2014-03-21,xslF345X03/doc4.xml,CIK0001166691-submissions-001.json
2014-03-25,4,0001225208-14-008884,2014-03-21,xslF345X03/doc4.xml,CIK0001166691-submissions-001.json
2014-03-25,4,0001225208-14-008883,2014-03-21,xslF345X03/doc4.xml,CIK0001166691-submissions-001.json
2014-03-26,4,0001225208-14-008968,2014-03-24,xslF345X03/doc4.xml,CIK0001166691-submissions-001.json
2014-03-26,4,0001225208-14-008967,2014-03-24,xslF345X03/doc4.xml,CIK0001166691-submissions-001.json
2014-03-26,4,0001225208-14-008966,2014-03-25,xslF345X03/doc4.xml,CIK0001166691-submissions-001.json
2014-03-26,4,0001225208-14-008965,2014-03-25,xslF345X03/doc4.xml,CIK0001166691-submissions-001.json
2014-03-26,4,0001225208-14-008964,2014-03-25,xslF345X03/doc4.xml,CIK0001166691-submissions-001.json
2014-03-26,4,0001225208-14-008963,2014-03-25,xslF345X03/doc4.xml,CIK0001166691-submissions-001.json
2014-03-28,4,0001225208-14-009065,2014-03-26,xslF345X03/doc4.xml,CIK0001166691-submissions-001.json
2014-03-28,4,0001225208-14-009064,2014-03-26,xslF345X03/doc4.xml,CIK0001166691-submissions-001.json
2014-03-28,4,0001225208-14-009063,2014-03-26,xslF345X03/doc4.xml,CIK0001166691-submissions-001.json
2014-03-28,4,0001225208-14-009062,2014-03-26,xslF345X03/doc4.xml,CIK0001166691-submissions-001.json
2014-03-28,4,0001225208-14-009061,2014-03-26,xslF345X03/doc4.xml,CIK0001166691-submissions-001.json
2014-03-28,4,0001225208-14-009060,2014-03-26,xslF345X03/doc4.xml,CIK0001166691-submissions-001.json
2014-03-28,4,0001225208-14-009059,2014-03-26,xslF345X03/doc4.xml,CIK0001166691-submissions-001.json
2014-03-28,425,0000950103-14-002216,,dp45187_425.htm,CIK0001166691-submissions-001.json
2014-03-31,4,0001225208-14-009214,2014-03-28,xslF345X03/doc4.xml,CIK0001166691-submissions-001.json
2014-03-31,4,0001225208-14-009213,2014-03-28,xslF345X03/doc4.xml,CIK0001166691-submissions-001.json
2014-03-31,425,0000950103-14-002257,,dp45098_425.htm,CIK0001166691-submissions-001.json
2014-03-31,425,0000950103-14-002256,,dp45097_425-radio.htm,CIK0001166691-submissions-001.json
2014-03-31,425,0000950103-14-002255,,dp45096_425.htm,CIK0001166691-submissions-001.json
2014-03-31,425,0000950103-14-002254,,dp45058_425.htm,CIK0001166691-submissions-001.json
2014-04-01,425,0000950103-14-002326,,dp45303_425.htm,CIK0001166691-submissions-001.json
2014-04-01,425,0000950103-14-002325,,dp45296_425.htm,CIK0001166691-submissions-001.json
2014-04-02,4,0001225208-14-009780,2014-03-31,xslF345X03/doc4.xml,CIK0001166691-submissions-001.json
2014-04-02,4,0001225208-14-009778,2014-03-31,xslF345X03/doc4.xml,CIK0001166691-submissions-001.json
2014-04-02,4,0001225208-14-009776,2014-03-31,xslF345X03/doc4.xml,CIK0001166691-submissions-001.json
2014-04-02,4,0001225208-14-009774,2014-03-31,xslF345X03/doc4.xml,CIK0001166691-submissions-001.json
2014-04-02,4,0001225208-14-009771,2014-03-31,xslF345X03/doc4.xml,CIK0001166691-submissions-001.json
2014-04-02,4,0001225208-14-009769,2014-03-31,xslF345X03/doc4.xml,CIK0001166691-submissions-001.json
2014-04-02,4,0001225208-14-009767,2014-03-31,xslF345X03/doc4.xml,CIK0001166691-submissions-001.json
2014-04-02,4,0001225208-14-009765,2014-04-01,xslF345X03/doc4.xml,CIK0001166691-submissions-001.json
2014-04-02,425,0000950103-14-002395,,dp45367_425.htm,CIK0001166691-submissions-001.json
2014-04-03,425,0000950103-14-002459,,dp45414_425.htm,CIK0001166691-submissions-001.json
2014-04-04,425,0000950103-14-002473,,dp45416_425.htm,CIK0001166691-submissions-001.json
2014-04-07,425,0000950103-14-002516,,dp45472_425.htm,CIK0001166691-submissions-001.json
2014-04-08,425,0000950103-14-002555,,dp45501_425.htm,CIK0001166691-submissions-001.json
2014-04-08,425,0000950103-14-002552,,dp45519_425.htm,CIK0001166691-submissions-001.json
2014-04-08,425,0000950103-14-002543,,dp45504_425.htm,CIK0001166691-submissions-001.json
2014-04-09,425,0000950103-14-002582,,dp45531_425.htm,CIK0001166691-submissions-001.json
2014-04-09,425,0000950103-14-002580,,dp45533_425.htm,CIK0001166691-submissions-001.json
2014-04-09,425,0000950103-14-002579,,dp45544_425.htm,CIK0001166691-submissions-001.json
2014-04-10,4,0001225208-14-010507,2014-04-08,xslF345X03/doc4.xml,CIK0001166691-submissions-001.json
2014-04-10,425,0000950103-14-002599,,dp45564_425.htm,CIK0001166691-submissions-001.json
2014-04-10,ARS,9999999997-14-008579,2013-12-31,9999999997-14-008579.paper,CIK0001166691-submissions-001.json
2014-04-11,DEF 14A,0001193125-14-140732,2014-05-21,d704876ddef14a.htm,CIK0001166691-submissions-001.json
2014-04-11,DEFA14A,0001193125-14-140735,,d704876ddefa14a.htm,CIK0001166691-submissions-001.json
2014-04-11,UPLOAD,0000000000-14-018491,,filename1.pdf,CIK0001166691-submissions-001.json
2014-04-14,425,0000950103-14-002637,,dp45596_425.htm,CIK0001166691-submissions-001.json
2014-04-15,425,0000950103-14-002678,,dp45652_425.htm,CIK0001166691-submissions-001.json
2014-04-15,425,0000950103-14-002677,,dp45639_425.htm,CIK0001166691-submissions-001.json
2014-04-16,425,0000950103-14-002706,,dp45701_425.htm,CIK0001166691-submissions-001.json
2014-04-16,425,0000950103-14-002704,,dp45683_425.htm,CIK0001166691-submissions-001.json
2014-04-17,425,0000950103-14-002748,,dp45723_425.htm,CIK0001166691-submissions-001.json
2014-04-17,UPLOAD,0000000000-14-019382,,filename1.pdf,CIK0001166691-submissions-001.json
2014-04-22,10-Q,0001193125-14-152328,2014-03-31,d706957d10q.htm,CIK0001166691-submissions-001.json
2014-04-22,425,0000950103-14-002834,,dp45837_425.htm,CIK0001166691-submissions-001.json
2014-04-22,425,0000950103-14-002833,,dp45804_425.htm,CIK0001166691-submissions-001.json
2014-04-22,425,0000950103-14-002832,,dp45798_425.htm,CIK0001166691-submissions-001.json
2014-04-22,8-K,0001104659-14-029033,2014-04-22,a14-10785_18k.htm,CIK0001166691-submissions-001.json
2014-04-23,425,0000950103-14-002880,,dp45867_425.htm,CIK0001166691-submissions-001.json
2014-04-23,CORRESP,0000950103-14-002882,,filename1.htm,CIK0001166691-submissions-001.json
2014-04-24,4,0001225208-14-011123,2014-04-22,xslF345X03/doc4.xml,CIK0001166691-submissions-001.json
2014-04-24,4,0001225208-14-011122,2014-04-22,xslF345X03/doc4.xml,CIK0001166691-submissions-001.json
2014-04-24,4,0001225208-14-011121,2014-04-22,xslF345X03/doc4.xml,CIK0001166691-submissions-001.json
2014-04-24,4,0001225208-14-011120,2014-04-22,xslF345X03/doc4.xml,CIK0001166691-submissions-001.json
2014-04-24,4,0001225208-14-011119,2014-04-22,xslF345X03/doc4.xml,CIK0001166691-submissions-001.json
2014-04-24,4,0001225208-14-011118,2014-04-22,xslF345X03/doc4.xml,CIK0001166691-submissions-001.json
2014-04-25,425,0000950103-14-002964,,dp45940_425.htm,CIK0001166691-submissions-001.json
2014-04-25,425,0000950103-14-002963,,dp45942_425.htm,CIK0001166691-submissions-001.json
2014-04-25,425,0000950103-14-002953,,dp45782_425.htm,CIK0001166691-submissions-001.json
2014-04-28,425,0000950103-14-003001,,dp45982_425-ipre.htm,CIK0001166691-submissions-001.json
2014-04-28,425,0000950103-14-002998,,dp45986_425-bpfinal.htm,CIK0001166691-submissions-001.json
2014-04-28,425,0000950103-14-002996,,dp45988_425.htm,CIK0001166691-submissions-001.json
2014-04-28,425,0000950103-14-002994,,dp45985_425-fsfinal.htm,CIK0001166691-submissions-001.json
2014-04-28,425,0000950103-14-002995,,dp46003_425.htm,CIK0001166691-submissions-001.json
2014-04-28,425,0000950103-14-002985,,dp45996_425.htm,CIK0001166691-submissions-001.json
2014-04-28,425,0000950103-14-002984,,dp45967_425-west.htm,CIK0001166691-submissions-001.json
2014-04-28,425,0000950103-14-002983,,dp45966_425-northeast.htm,CIK0001166691-submissions-001.json
2014-04-28,425,0000950103-14-002982,,dp45965_425-central.htm,CIK0001166691-submissions-001.json
2014-04-28,425,0000950103-14-002981,,dp45964_425-email.htm,CIK0001166691-submissions-001.json
2014-04-28,425,0000950103-14-002980,,dp45963_425-teamcomcast.htm,CIK0001166691-submissions-001.json
2014-04-28,8-K,0000950103-14-002974,2014-04-28,dp45955_8k.htm,CIK0001166691-submissions-001.json
2014-04-30,425,0000950103-14-003132,,dp46130_425.htm,CIK0001166691-submissions-001.json
2014-05-01,4,0001225208-14-011620,2014-04-29,xslF345X03/doc4.xml,CIK0001166691-submissions-001.json
2014-05-01,4,0001225208-14-011619,2014-04-30,xslF345X03/doc4.xml,CIK0001166691-submissions-001.json
2014-05-02,4,0001225208-14-011719,2014-05-01,xslF345X03/doc4.xml,CIK0001166691-submissions-001.json
2014-05-05,8-A12B/A,0000950103-14-003269,,dp45658_8a12ba.htm,CIK0001166691-submissions-001.json
2014-05-05,SC 13D,0000950103-14-003277,,dp46207_sc13d.htm,CIK0001166691-submissions-001.json
2014-05-06,425,0000950103-14-003312,,dp46291_425.htm,CIK0001166691-submissions-001.json
2014-05-06,425,0000950103-14-003311,,dp46290_425.htm,CIK0001166691-submissions-001.json
2014-05-06,CORRESP,0000950103-14-003309,,filename1.htm,CIK0001166691-submissions-001.json
2014-05-07,425,0000950103-14-003339,,dp46232_425.htm,CIK0001166691-submissions-001.json
2014-05-08,425,0000950103-14-003380,,dp46351_425.htm,CIK0001166691-submissions-001.json
2014-05-08,425,0000950103-14-003376,,dp46343_425.htm,CIK0001166691-submissions-001.json
2014-05-08,425,0000950103-14-003375,,dp46305_425.htm,CIK0001166691-submissions-001.json
2014-05-08,SC 13G/A,0001140361-14-019515,,doc1.htm,CIK0001166691-submissions-001.json
2014-05-12,425,0000950103-14-003411,,dp46408_425.htm,CIK0001166691-submissions-001.json
2014-05-12,SC 13G/A,0000950103-14-003399,,dp46370_sc13ga.htm,CIK0001166691-submissions-001.json
2014-05-13,4,0001225208-14-012777,2014-05-09,xslF345X03/doc4.xml,CIK0001166691-submissions-001.json
2014-05-14,425,0000950103-14-003472,,dp46452_425.htm,CIK0001166691-submissions-001.json
2014-05-14,425,0000950103-14-003471,,dp46457_425.htm,CIK0001166691-submissions-001.json
2014-05-15,425,0000950103-14-003491,,dp46476_425.htm,CIK0001166691-submissions-001.json
2014-05-15,425,0000950103-14-003487,,dp46471_425.htm,CIK0001166691-submissions-001.json
2014-05-15,425,0000950103-14-003486,,dp46470_425.htm,CIK0001166691-submissions-001.json
2014-05-15,425,0000950103-14-003485,,dp46467_425.htm,CIK0001166691-submissions-001.json
2014-05-19,425,0000950103-14-003514,,dp46498_425.htm,CIK0001166691-submissions-001.json
2014-05-21,4,0001225208-14-013458,2014-05-20,xslF345X03/doc4.xml,CIK0001166691-submissions-001.json
2014-05-21,UPLOAD,0000000000-14-026130,,filename1.pdf,CIK0001166691-submissions-001.json
2014-05-22,8-K,0000950103-14-003587,2014-05-21,dp46573_8k.htm,CIK0001166691-submissions-001.json
2014-05-23,CORRESP,0001193125-14-211594,,filename1.htm,CIK0001166691-submissions-001.json
2014-05-23,S-4/A,0001193125-14-211582,,d681637ds4a.htm,CIK0001166691-submissions-001.json
2014-05-28,425,0000950103-14-003693,,dp46677_425.htm,CIK0001166691-submissions-001.json
2014-05-30,4,0001225208-14-014060,2014-05-28,xslF345X03/doc4.xml,CIK0001166691-submissions-001.json
2014-06-02,CORRESP,0000950103-14-003806,,filename1.htm,CIK0001166691-submissions-001.json
2014-06-03,UPLOAD,0000000000-14-028209,,filename1.pdf,CIK0001166691-submissions-001.json
2014-06-05,425,0000950103-14-004002,,dp46993_425.htm,CIK0001166691-submissions-001.json
2014-06-05,425,0000950103-14-004001,,dp46987_425.htm,CIK0001166691-submissions-001.json
2014-06-05,425,0000950103-14-004000,,dp46992_425.htm,CIK0001166691-submissions-001.json
2014-06-05,425,0000950103-14-003999,,dp46994_425.htm,CIK0001166691-submissions-001.json
2014-06-09,425,0000950103-14-004045,,dp47053_425.htm,CIK0001166691-submissions-001.json
2014-06-09,425,0000950103-14-004044,,dp47058_425.htm,CIK0001166691-submissions-001.json
2014-06-09,425,0000950103-14-004042,,dp46970_425-print.htm,CIK0001166691-submissions-001.json
2014-06-09,425,0000950103-14-004041,,dp46972_425-radio.htm,CIK0001166691-submissions-001.json
2014-06-09,425,0000950103-14-004040,,dp46973_425-digital.htm,CIK0001166691-submissions-001.json
2014-06-11,4,0001225208-14-014844,2014-06-09,xslF345X03/doc4.xml,CIK0001166691-submissions-001.json
2014-06-11,4,0001225208-14-014843,2014-06-10,xslF345X03/doc4.xml,CIK0001166691-submissions-001.json
2014-06-12,425,0000950103-14-004149,,dp47127_425.htm,CIK0001166691-submissions-001.json
2014-06-12,CORRESP,0000950103-14-004154,,filename1.htm,CIK0001166691-submissions-001.json
2014-06-16,425,0000950103-14-004176,,dp47161_425.htm,CIK0001166691-submissions-001.json
2014-06-16,425,0000950103-14-004175,,dp47160_425.htm,CIK0001166691-submissions-001.json
2014-06-20,CORRESP,0000950103-14-004300,,filename1.htm,CIK0001166691-submissions-001.json
2014-06-25,425,0000950103-14-004384,,dp47381_425.htm,CIK0001166691-submissions-001.json
2014-06-26,11-K,0001104659-14-048751,2013-12-31,a14-15689_211k.htm,CIK0001166691-submissions-001.json
2014-06-26,11-K,0001104659-14-048750,2013-12-31,a14-15689_111k.htm,CIK0001166691-submissions-001.json
2014-06-30,425,0000950103-14-004536,,dp47555_425.htm,CIK0001166691-submissions-001.json
2014-06-30,425,0000950103-14-004535,,dp47556_425.htm,CIK0001166691-submissions-001.json
2014-07-01,8-K,0000950103-14-004539,2014-06-30,dp47519_8k.htm,CIK0001166691-submissions-001.json
2014-07-01,CORRESP,0000950103-14-004560,,filename1.htm,CIK0001166691-submissions-001.json
2014-07-02,4,0001225208-14-016245,2014-06-30,xslF345X03/doc4.xml,CIK0001166691-submissions-001.json
2014-07-02,4,0001225208-14-016244,2014-06-30,xslF345X03/doc4.xml,CIK0001166691-submissions-001.json
2014-07-02,4,0001225208-14-016243,2014-06-30,xslF345X03/doc4.xml,CIK0001166691-submissions-001.json
2014-07-02,4,0001225208-14-016242,2014-06-30,xslF345X03/doc4.xml,CIK0001166691-submissions-001.json
2014-07-02,4,0001225208-14-016241,2014-06-30,xslF345X03/doc4.xml,CIK0001166691-submissions-001.json
2014-07-02,4,0001225208-14-016239,2014-06-30,xslF345X03/doc4.xml,CIK0001166691-submissions-001.json
2014-07-02,4,0001225208-14-016238,2014-06-30,xslF345X03/doc4.xml,CIK0001166691-submissions-001.json
2014-07-07,425,0000950103-14-004741,,dp47701_425.htm,CIK0001166691-submissions-001.json
2014-07-08,425,0000950103-14-004771,,dp47702_425.htm,CIK0001166691-submissions-001.json
2014-07-08,425,0000950103-14-004770,,dp47700_425.htm,CIK0001166691-submissions-001.json
2014-07-09,425,0000950103-14-004813,,dp47716_425.htm,CIK0001166691-submissions-001.json
2014-07-10,425,0000950103-14-004828,,dp47827_425.htm,CIK0001166691-submissions-001.json
2014-07-10,425,0000950103-14-004825,,dp47717_425.htm,CIK0001166691-submissions-001.json
2014-07-11,425,0000950103-14-004861,,dp47855_425.htm,CIK0001166691-submissions-001.json
2014-07-11,425,0000950103-14-004853,,dp47842_425.htm,CIK0001166691-submissions-001.json
2014-07-14,4,0001225208-14-016919,2014-06-27,xslF345X03/doc4.xml,CIK0001166691-submissions-001.json
2014-07-14,425,0000950103-14-004879,,dp47703_425.htm,CIK0001166691-submissions-001.json
2014-07-14,CORRESP,0000950103-14-004869,,filename1.htm,CIK0001166691-submissions-001.json
2014-07-15,425,0000950103-14-004930,,dp47921_425.htm,CIK0001166691-submissions-001.json
2014-07-16,425,0000950103-14-004964,,dp47946_425.htm,CIK0001166691-submissions-001.json
2014-07-16,425,0000950103-14-004962,,dp47948_425.htm,CIK0001166691-submissions-001.json
2014-07-16,425,0000950103-14-004961,,dp47955_425-inno.htm,CIK0001166691-submissions-001.json
2014-07-16,425,0000950103-14-004960,,dp47957_425-tw.htm,CIK0001166691-submissions-001.json
2014-07-17,425,0000950103-14-004979,,dp47981_425.htm,CIK0001166691-submissions-001.json
2014-07-22,425,0000950103-14-005077,,dp48089_425.htm,CIK0001166691-submissions-001.json
2014-07-22,8-K,0001104659-14-052575,2014-07-22,a14-17373_18k.htm,CIK0001166691-submissions-001.json
2014-07-22,UPLOAD,0000000000-14-036989,,filename1.pdf,CIK0001166691-submissions-001.json
2014-07-24,10-Q,0001193125-14-278903,2014-06-30,d740350d10q.htm,CIK0001166691-submissions-001.json
2014-07-24,S-4/A,0001193125-14-279023,,d681637ds4a.htm,CIK0001166691-submissions-001.json
2014-07-30,4,0001225208-14-017597,2014-07-29,xslF345X03/doc4.xml,CIK0001166691-submissions-001.json
2014-08-04,425,0000950103-14-005424,,dp48462_425.htm,CIK0001166691-submissions-001.json
2014-08-04,425,0000950103-14-005416,,dp48456_425.htm,CIK0001166691-submissions-001.json
2014-08-05,425,0000950103-14-005492,,dp48507_425.htm,CIK0001166691-submissions-001.json
2014-08-05,FWP,0001193125-14-296056,,d767498dfwp.htm,CIK0001166691-submissions-001.json
2014-08-06,424B2,0001193125-14-297678,,d764796d424b2.htm,CIK0001166691-submissions-001.json
2014-08-07,CORRESP,0000950103-14-005566,,filename1.htm,CIK0001166691-submissions-001.json
2014-08-08,8-K,0001193125-14-303217,2014-08-08,d770729d8k.htm,CIK0001166691-submissions-001.json
2014-08-12,425,0000950103-14-005643,,dp48623_425.htm,CIK0001166691-submissions-001.json
2014-08-14,4,0001225208-14-018501,2014-08-12,xslF345X03/doc4.xml,CIK0001166691-submissions-001.json
2014-08-14,S-4/A,0001193125-14-310179,,d681637ds4a.htm,CIK0001166691-submissions-001.json
2014-08-15,425,0000950103-14-005730,,dp48733_425.htm,CIK0001166691-submissions-001.json
2014-08-15,425,0000950103-14-005729,,dp48734_425.htm,CIK0001166691-submissions-001.json
2014-08-18,UPLOAD,0000000000-14-041743,,filename1.pdf,CIK0001166691-submissions-001.json
2014-08-19,425,0000950103-14-005790,,dp48806_425.htm,CIK0001166691-submissions-001.json
2014-08-25,4,0001225208-14-019066,2014-08-21,xslF345X03/doc4.xml,CIK0001166691-submissions-001.json
2014-08-25,425,0000950103-14-005871,,dp48867_425.htm,CIK0001166691-submissions-001.json
2014-08-25,425,0000950103-14-005869,,dp48882_425.htm,CIK0001166691-submissions-001.json
2014-08-25,425,0000950103-14-005868,,dp48884_425.htm,CIK0001166691-submissions-001.json
2014-08-25,CORRESP,0001193125-14-320306,,filename1.htm,CIK0001166691-submissions-001.json
2014-08-26,425,0000950103-14-005909,,dp48939_425.htm,CIK0001166691-submissions-001.json
2014-08-26,425,0000950103-14-005879,,dp48902_425.htm,CIK0001166691-submissions-001.json
2014-08-26,S-4/A,0001193125-14-320295,,d681637ds4a.htm,CIK0001166691-submissions-001.json
2014-08-28,425,0000950103-14-005989,,dp48987_425.htm,CIK0001166691-submissions-001.json
2014-08-29,CORRESP,0000950103-14-006078,,filename1.htm,CIK0001166691-submissions-001.json
2014-08-29,UPLOAD,0000000000-14-043596,,filename1.pdf,CIK0001166691-submissions-001.json
2014-09-02,425,0000950103-14-006098,,dp49078_425.htm,CIK0001166691-submissions-001.json
2014-09-03,CORRESP,0001193125-14-330696,,filename1.htm,CIK0001166691-submissions-001.json
2014-09-03,S-4/A,0001193125-14-330685,,d681637ds4a.htm,CIK0001166691-submissions-001.json
2014-09-04,4,0001225208-14-019498,2014-09-02,xslF345X03/doc4.xml,CIK0001166691-submissions-001.json
2014-09-05,424B3,0001193125-14-333425,,d681637d424b3.htm,CIK0001166691-submissions-001.json
2014-09-05,425,0000950103-14-006266,,dp49281_425.htm,CIK0001166691-submissions-001.json
2014-09-05,425,0000950103-14-006262,,dp48961_425.htm,CIK0001166691-submissions-001.json
2014-09-05,425,0000950103-14-006261,,dp48864_425.htm,CIK0001166691-submissions-001.json
2014-09-05,425,0000950103-14-006260,,dp49111_425.htm,CIK0001166691-submissions-001.json
2014-09-05,EFFECT,9999999995-14-002682,,xslEFFECTX01/primary_doc.xml,CIK0001166691-submissions-001.json
2014-09-05,S-4/A,0001193125-14-332894,,d681637ds4a.htm,CIK0001166691-submissions-001.json
2014-09-08,425,0000950103-14-006284,,dp49296_425.htm,CIK0001166691-submissions-001.json
2014-09-08,425,0000950103-14-006283,,dp49301_425.htm,CIK0001166691-submissions-001.json
2014-09-09,425,0000950103-14-006331,,dp49334_425.htm,CIK0001166691-submissions-001.json
2014-09-09,425,0000950103-14-006330,,dp49318_425.htm,CIK0001166691-submissions-001.json
2014-09-09,425,0000950103-14-006329,,dp49336_425.htm,CIK0001166691-submissions-001.json
2014-09-10,425,0000950103-14-006359,,dp49366_425.htm,CIK0001166691-submissions-001.json
2014-09-11,425,0000950103-14-006376,,dp49393_425.htm,CIK0001166691-submissions-001.json
2014-09-15,425,0000950103-14-006420,,dp49447_425.htm,CIK0001166691-submissions-001.json
2014-09-15,UPLOAD,0000000000-14-046238,,filename1.pdf,CIK0001166691-submissions-001.json
2014-09-17,4,0001225208-14-020105,2014-09-15,xslF345X03/doc4.xml,CIK0001166691-submissions-001.json
2014-09-17,425,0000950103-14-006469,,dp49496_425.htm,CIK0001166691-submissions-001.json
2014-09-17,425,0000950103-14-006468,,dp49491_425.htm,CIK0001166691-submissions-001.json
2014-09-18,425,0000950103-14-006485,,dp49504_425.htm,CIK0001166691-submissions-001.json
2014-09-22,425,0000950103-14-006516,,dp49549_425.htm,CIK0001166691-submissions-001.json
2014-09-23,425,0000950103-14-006554,,dp49600_425.htm,CIK0001166691-submissions-001.json
2014-09-23,425,0000950103-14-006553,,dp49597_425.htm,CIK0001166691-submissions-001.json
2014-09-23,425,0000950103-14-006552,,dp49598_425.htm,CIK0001166691-submissions-001.json
2014-09-24,425,0000950103-14-006594,,dp49625_425.htm,CIK0001166691-submissions-001.json
2014-09-24,425,0000950103-14-006593,,dp49621_425.htm,CIK0001166691-submissions-001.json
2014-09-25,425,0000950103-14-006617,,dp49660_425.htm,CIK0001166691-submissions-001.json
2014-09-25,425,0000950103-14-006605,,dp49626_425.htm,CIK0001166691-submissions-001.json
2014-09-25,425,0000950103-14-006604,,dp49619_425.htm,CIK0001166691-submissions-001.json
2014-09-30,425,0000950103-14-006804,,dp49856_425.htm,CIK0001166691-submissions-001.json
2014-10-01,425,0000950103-14-006849,,dp49818_425-tv.htm,CIK0001166691-submissions-001.json
2014-10-01,425,0000950103-14-006848,,dp49817_425-radio.htm,CIK0001166691-submissions-001.json
2014-10-01,425,0000950103-14-006847,,dp49904_425.htm,CIK0001166691-submissions-001.json
2014-10-02,4,0001225208-14-020992,2014-10-01,xslF345X03/doc4.xml,CIK0001166691-submissions-001.json
2014-10-02,4,0001225208-14-020991,2014-09-30,xslF345X03/doc4.xml,CIK0001166691-submissions-001.json
2014-10-02,4,0001225208-14-020990,2014-09-30,xslF345X03/doc4.xml,CIK0001166691-submissions-001.json
2014-10-02,4,0001225208-14-020989,2014-09-30,xslF345X03/doc4.xml,CIK0001166691-submissions-001.json
2014-10-02,4,0001225208-14-020988,2014-09-30,xslF345X03/doc4.xml,CIK0001166691-submissions-001.json
2014-10-02,4,0001225208-14-020987,2014-09-30,xslF345X03/doc4.xml,CIK0001166691-submissions-001.json
2014-10-02,4,0001225208-14-020986,2014-09-30,xslF345X03/doc4.xml,CIK0001166691-submissions-001.json
2014-10-02,4,0001225208-14-020985,2014-09-30,xslF345X03/doc4.xml,CIK0001166691-submissions-001.json
2014-10-03,425,0000950103-14-006951,,dp49989_425.htm,CIK0001166691-submissions-001.json
2014-10-03,425,0000950103-14-006950,,dp49990_425.htm,CIK0001166691-submissions-001.json
2014-10-03,425,0000950103-14-006949,,dp49985_425.htm,CIK0001166691-submissions-001.json
2014-10-09,8-K,0000950103-14-007075,2014-10-08,dp50088_8k.htm,CIK0001166691-submissions-001.json
2014-10-10,SC 13D/A,0000950103-14-007106,,dp50140_sc13da.htm,CIK0001166691-submissions-001.json
2014-10-23,10-Q,0001193125-14-379913,2014-09-30,d792357d10q.htm,CIK0001166691-submissions-001.json
2014-10-23,8-K,0001104659-14-073194,2014-10-23,a14-22687_18k.htm,CIK0001166691-submissions-001.json
2014-10-24,4,0001225208-14-021992,2014-10-22,xslF345X03/doc4.xml,CIK0001166691-submissions-001.json
2014-10-24,4,0001225208-14-021991,2014-10-22,xslF345X03/doc4.xml,CIK0001166691-submissions-001.json
2014-10-28,4/A,0000950103-14-007445,2014-04-30,xslF345X03/dp50463_4-burke.xml,CIK0001166691-submissions-001.json
2014-10-29,8-K,0001193125-14-386041,2014-10-29,d804244d8k.htm,CIK0001166691-submissions-001.json
2014-10-31,4,0001225208-14-022312,2014-10-30,xslF345X03/doc4.xml,CIK0001166691-submissions-001.json
2014-11-04,4,0001225208-14-022697,2014-10-31,xslF345X03/doc4.xml,CIK0001166691-submissions-001.json
2014-11-04,4,0001225208-14-022696,2014-10-31,xslF345X03/doc4.xml,CIK0001166691-submissions-001.json
2014-11-04,4,0001225208-14-022695,2014-11-03,xslF345X03/doc4.xml,CIK0001166691-submissions-001.json
2014-11-12,4,0001225208-14-023060,2014-11-07,xslF345X03/doc4.xml,CIK0001166691-submissions-001.json
2014-11-18,4,0001225208-14-023488,2014-11-14,xslF345X03/doc4.xml,CIK0001166691-submissions-001.json
2014-11-24,4,0001225208-14-023865,2014-11-20,xslF345X03/doc4.xml,CIK0001166691-submissions-001.json
2014-11-24,4,0001225208-14-023864,2014-11-20,xslF345X03/doc4.xml,CIK0001166691-submissions-001.json
2014-11-24,4,0001225208-14-023863,2014-11-20,xslF345X03/doc4.xml,CIK0001166691-submissions-001.json
2014-11-24,4,0001225208-14-023862,2014-11-20,xslF345X03/doc4.xml,CIK0001166691-submissions-001.json
2014-11-24,4,0001225208-14-023861,2014-11-20,xslF345X03/doc4.xml,CIK0001166691-submissions-001.json
2014-11-24,4,0001225208-14-023860,2014-11-20,xslF345X03/doc4.xml,CIK0001166691-submissions-001.json
2014-11-24,4,0001225208-14-023859,2014-11-20,xslF345X03/doc4.xml,CIK0001166691-submissions-001.json
2014-11-24,4,0001225208-14-023856,2014-11-20,xslF345X03/doc4.xml,CIK0001166691-submissions-001.json
2014-11-24,4,0001225208-14-023855,2014-11-20,xslF345X03/doc4.xml,CIK0001166691-submissions-001.json
2014-11-24,4,0001225208-14-023854,2014-11-20,xslF345X03/doc4.xml,CIK0001166691-submissions-001.json
2014-11-26,4,0001225208-14-024068,2014-11-25,xslF345X03/doc4.xml,CIK0001166691-submissions-001.json
2014-12-03,4,0001225208-14-024320,2014-12-01,xslF345X03/doc4.xml,CIK0001166691-submissions-001.json
2014-12-04,5,0001225208-14-024432,2013-12-31,xslF345X03/doc5.xml,CIK0001166691-submissions-001.json
2014-12-09,8-K,0001193125-14-436757,2014-12-08,d829003d8k.htm,CIK0001166691-submissions-001.json
2014-12-16,4,0001225208-14-025229,2014-12-15,xslF345X03/doc4.xml,CIK0001166691-submissions-001.json
2014-12-22,4,0001225208-14-025586,2014-12-18,xslF345X03/doc4.xml,CIK0001166691-submissions-001.json
2014-12-22,4,0001225208-14-025585,2014-12-18,xslF345X03/doc4.xml,CIK0001166691-submissions-001.json
2014-12-23,8-K,0000950103-14-008968,2014-12-22,dp52034_8k.htm,CIK0001166691-submissions-001.json
2014-12-30,4,0001225208-14-025903,2014-12-26,xslF345X03/doc4.xml,CIK0001166691-submissions-001.json
2014-12-30,4,0001225208-14-025902,2014-12-26,xslF345X03/doc4.xml,CIK0001166691-submissions-001.json
2015-01-05,4,0001225208-15-000499,2014-12-31,xslF345X03/doc4.xml,CIK0001166691-submissions-001.json
2015-01-05,4,0001225208-15-000498,2014-12-31,xslF345X03/doc4.xml,CIK0001166691-submissions-001.json
2015-01-05,4,0001225208-15-000496,2014-12-31,xslF345X03/doc4.xml,CIK0001166691-submissions-001.json
2015-01-05,4,0001225208-15-000495,2014-12-31,xslF345X03/doc4.xml,CIK0001166691-submissions-001.json
2015-01-05,4,0001225208-15-000493,2014-12-31,xslF345X03/doc4.xml,CIK0001166691-submissions-001.json
2015-01-05,4,0001225208-15-000492,2014-12-31,xslF345X03/doc4.xml,CIK0001166691-submissions-001.json
2015-01-05,4,0001225208-15-000491,2014-12-31,xslF345X03/doc4.xml,CIK0001166691-submissions-001.json
2015-01-06,4,0001225208-15-000755,2015-01-02,xslF345X03/doc4.xml,CIK0001166691-submissions-001.json
2015-01-06,4,0001225208-15-000754,2015-01-02,xslF345X03/doc4.xml,CIK0001166691-submissions-001.json
2015-01-06,4,0001225208-15-000753,2015-01-02,xslF345X03/doc4.xml,CIK0001166691-submissions-001.json
2015-01-06,4,0001225208-15-000752,2015-01-02,xslF345X03/doc4.xml,CIK0001166691-submissions-001.json
2015-01-21,4,0001225208-15-001714,2015-01-18,xslF345X03/doc4.xml,CIK0001166691-submissions-001.json
2015-01-29,8-K,0000950103-15-000646,2015-01-28,dp52924_8k.htm,CIK0001166691-submissions-001.json
2015-01-29,SC 13G,0001325447-15-000010,,comcast12311413g.txt,CIK0001166691-submissions-001.json
2015-01-29,SC 13G/A,0001086364-15-001075,,comcast.special.co.txt,CIK0001166691-submissions-001.json
2015-02-03,SC 13G,0000912938-15-000039,,comcast.htm,CIK0001166691-submissions-001.json
2015-02-09,SC 13G/A,0000215457-15-000149,,comcast.a.corp.txt,CIK0001166691-submissions-001.json
2015-02-10,5,0001225208-15-003338,2014-12-31,xslF345X03/doc5.xml,CIK0001166691-submissions-001.json
2015-02-10,5,0001225208-15-003337,2014-12-31,xslF345X03/doc5.xml,CIK0001166691-submissions-001.json
2015-02-10,5,0001225208-15-003336,2014-12-31,xslF345X03/doc5.xml,CIK0001166691-submissions-001.json
2015-02-10,5,0001225208-15-003335,2014-12-31,xslF345X03/doc5.xml,CIK0001166691-submissions-001.json
2015-02-11,SC 13G/A,0000932471-15-005046,,comcastcorp.htm,CIK0001166691-submissions-001.json
2015-02-13,SC 13G,0001422849-15-000195,,edgcmcsa.txt,CIK0001166691-submissions-001.json
2015-02-17,SC 13G/A,0001140361-15-007183,,doc1.htm,CIK0001166691-submissions-001.json
2015-02-24,3/A,0000950103-15-001430,2014-02-13,xslF345X02/dp53739_3a-breen.xml,CIK0001166691-submissions-001.json
2015-02-24,8-K,0001104659-15-013199,2015-02-24,a15-4901_18k.htm,CIK0001166691-submissions-001.json
2015-02-27,10-K,0001193125-15-068526,2014-12-31,d817352d10k.htm,CIK0001166691-submissions-001.json
2015-03-02,4,0001225208-15-006336,2015-02-26,xslF345X03/doc4.xml,CIK0001166691-submissions-001.json
2015-03-02,4,0001225208-15-006335,2015-01-02,xslF345X03/doc4.xml,CIK0001166691-submissions-001.json
2015-03-02,4,0001225208-15-006334,2015-02-26,xslF345X03/doc4.xml,CIK0001166691-submissions-001.json
2015-03-02,4,0001225208-15-006333,2015-02-26,xslF345X03/doc4.xml,CIK0001166691-submissions-001.json
2015-03-02,4,0001225208-15-006332,2015-02-26,xslF345X03/doc4.xml,CIK0001166691-submissions-001.json
2015-03-10,NO ACT,9999999997-15-006992,2015-01-20,9999999997-15-006992.paper,CIK0001166691-submissions-001.json
2015-03-11,4,0001225208-15-007522,2015-03-10,xslF345X03/doc4.xml,CIK0001166691-submissions-001.json
2015-03-11,NO ACT,9999999997-15-006643,2015-01-20,9999999997-15-006643.paper,CIK0001166691-submissions-001.json
2015-03-16,4,0001225208-15-007846,2015-03-12,xslF345X03/doc4.xml,CIK0001166691-submissions-001.json
2015-03-17,4,0001225208-15-008019,2015-03-16,xslF345X03/doc4.xml,CIK0001166691-submissions-001.json
2015-03-24,4,0001225208-15-008412,2015-03-20,xslF345X03/doc4.xml,CIK0001166691-submissions-001.json
2015-03-24,4,0001225208-15-008411,2015-03-20,xslF345X03/doc4.xml,CIK0001166691-submissions-001.json
2015-03-24,4,0001225208-15-008410,2015-03-20,xslF345X03/doc4.xml,CIK0001166691-submissions-001.json
2015-03-24,4,0001225208-15-008409,2015-03-20,xslF345X03/doc4.xml,CIK0001166691-submissions-001.json
2015-03-24,4,0001225208-15-008408,2015-03-20,xslF345X03/doc4.xml,CIK0001166691-submissions-001.json
2015-03-24,4,0001225208-15-008407,2015-03-20,xslF345X03/doc4.xml,CIK0001166691-submissions-001.json
2015-03-24,4,0001225208-15-008406,2015-03-20,xslF345X03/doc4.xml,CIK0001166691-submissions-001.json
2015-03-24,NO ACT,9999999997-15-007788,2015-01-20,9999999997-15-007788.paper,CIK0001166691-submissions-001.json
2015-03-25,4,0001225208-15-008519,2015-03-23,xslF345X03/doc4.xml,CIK0001166691-submissions-001.json
2015-03-25,4,0001225208-15-008518,2015-03-23,xslF345X03/doc4.xml,CIK0001166691-submissions-001.json
2015-03-25,4,0001225208-15-008517,2015-03-23,xslF345X03/doc4.xml,CIK0001166691-submissions-001.json
2015-03-25,4,0001225208-15-008512,2015-03-23,xslF345X03/doc4.xml,CIK0001166691-submissions-001.json
2015-03-25,4,0001225208-15-008511,2015-03-23,xslF345X03/doc4.xml,CIK0001166691-submissions-001.json
2015-03-25,4,0001225208-15-008502,2015-03-23,xslF345X03/doc4.xml,CIK0001166691-submissions-001.json
2015-03-27,4,0001225208-15-008640,2015-03-25,xslF345X03/doc4.xml,CIK0001166691-submissions-001.json
2015-03-27,4,0001225208-15-008639,2015-03-25,xslF345X03/doc4.xml,CIK0001166691-submissions-001.json
2015-03-27,4,0001225208-15-008638,2015-03-25,xslF345X03/doc4.xml,CIK0001166691-submissions-001.json
2015-03-27,4,0001225208-15-008637,2015-03-25,xslF345X03/doc4.xml,CIK0001166691-submissions-001.json
2015-03-27,4,0001225208-15-008636,2015-03-25,xslF345X03/doc4.xml,CIK0001166691-submissions-001.json
2015-03-27,4,0001225208-15-008635,2015-03-25,xslF345X03/doc4.xml,CIK0001166691-submissions-001.json
2015-03-30,4,0001225208-15-008781,2015-03-26,xslF345X03/doc4.xml,CIK0001166691-submissions-001.json
2015-03-30,4,0001225208-15-008780,2015-03-26,xslF345X03/doc4.xml,CIK0001166691-submissions-001.json
2015-03-30,4,0001225208-15-008779,2015-03-26,xslF345X03/doc4.xml,CIK0001166691-submissions-001.json
2015-03-30,4,0001225208-15-008778,2015-03-26,xslF345X03/doc4.xml,CIK0001166691-submissions-001.json
2015-03-30,4,0001225208-15-008777,2015-03-26,xslF345X03/doc4.xml,CIK0001166691-submissions-001.json
2015-03-30,4,0001225208-15-008776,2015-03-26,xslF345X03/doc4.xml,CIK0001166691-submissions-001.json
2015-03-30,4,0001225208-15-008775,2015-03-26,xslF345X03/doc4.xml,CIK0001166691-submissions-001.json
2015-03-31,8-K,0000950103-15-002507,2015-03-30,dp54813_8k.htm,CIK0001166691-submissions-001.json
2015-04-01,4,0001225208-15-008978,2015-03-30,xslF345X03/doc4.xml,CIK0001166691-submissions-001.json
2015-04-01,4,0001225208-15-008977,2015-03-30,xslF345X03/doc4.xml,CIK0001166691-submissions-001.json
2015-04-02,4,0001225208-15-009237,2015-03-31,xslF345X03/doc4.xml,CIK0001166691-submissions-001.json
2015-04-02,4,0001225208-15-009235,2015-03-31,xslF345X03/doc4.xml,CIK0001166691-submissions-001.json
2015-04-02,4,0001225208-15-009234,2015-03-31,xslF345X03/doc4.xml,CIK0001166691-submissions-001.json
2015-04-02,4,0001225208-15-009233,2015-03-31,xslF345X03/doc4.xml,CIK0001166691-submissions-001.json
2015-04-02,4,0001225208-15-009231,2015-03-31,xslF345X03/doc4.xml,CIK0001166691-submissions-001.json
2015-04-02,4,0001225208-15-009229,2015-03-31,xslF345X03/doc4.xml,CIK0001166691-submissions-001.json
2015-04-02,4,0001225208-15-009228,2015-03-31,xslF345X03/doc4.xml,CIK0001166691-submissions-001.json
2015-04-03,4,0001225208-15-009478,2015-04-02,xslF345X03/doc4.xml,CIK0001166691-submissions-001.json
2015-04-06,8-K,0001193125-15-119838,2015-04-06,d889472d8k.htm,CIK0001166691-submissions-001.json
2015-04-09,ARS,9999999997-15-008467,2014-12-31,9999999997-15-008467.paper,CIK0001166691-submissions-001.json
2015-04-10,DEF 14A,0001193125-15-125659,2015-05-21,d895329ddef14a.htm,CIK0001166691-submissions-001.json
2015-04-10,DEFA14A,0001193125-15-125660,,d895329ddefa14a.htm,CIK0001166691-submissions-001.json
2015-04-23,4,0001225208-15-010297,2015-04-21,xslF345X03/doc4.xml,CIK0001166691-submissions-001.json
2015-04-23,4,0001225208-15-010292,2015-04-21,xslF345X03/doc4.xml,CIK0001166691-submissions-001.json
2015-04-23,4,0001225208-15-010289,2015-04-21,xslF345X03/doc4.xml,CIK0001166691-submissions-001.json
2015-04-23,4,0001225208-15-010288,2015-04-21,xslF345X03/doc4.xml,CIK0001166691-submissions-001.json
2015-04-23,4,0001225208-15-010287,2015-04-21,xslF345X03/doc4.xml,CIK0001166691-submissions-001.json
2015-04-23,4,0001225208-15-010286,2015-04-21,xslF345X03/doc4.xml,CIK0001166691-submissions-001.json
2015-04-24,8-K,0000950103-15-003196,2015-04-24,dp55524_8k.htm,CIK0001166691-submissions-001.json
2015-04-30,SC 13D/A,0000950103-15-003425,,dp55736_sc13da.htm,CIK0001166691-submissions-001.json
2015-05-04,10-Q,0001193125-15-169012,2015-03-31,d915216d10q.htm,CIK0001166691-submissions-001.json
2015-05-04,8-K,0001104659-15-033352,2015-05-04,a15-10061_18k.htm,CIK0001166691-submissions-001.json
2015-05-07,4,0001225208-15-011598,2015-05-06,xslF345X03/doc4.xml,CIK0001166691-submissions-001.json
2015-05-11,8-K,0000950103-15-003787,2015-05-10,dp56117_8k.htm,CIK0001166691-submissions-001.json
2015-05-12,4,0001225208-15-011936,2012-09-11,xslF345X03/doc4.xml,CIK0001166691-submissions-001.json
2015-05-13,4,0001225208-15-012030,2015-05-12,xslF345X03/doc4.xml,CIK0001166691-submissions-001.json
2015-05-19,UPLOAD,0000000000-15-027147,,filename1.pdf,CIK0001166691-submissions-001.json
2015-05-20,424B2,0001193125-15-195170,,d929791d424b2.htm,CIK0001166691-submissions-001.json
2015-05-20,FWP,0001193125-15-193685,,d929803dfwp.htm,CIK0001166691-submissions-001.json
2015-05-22,4,0001225208-15-012638,2015-05-20,xslF345X03/doc4.xml,CIK0001166691-submissions-001.json
2015-05-22,8-K,0000950103-15-004105,2015-05-21,dp56403_8k.htm,CIK0001166691-submissions-001.json
2015-05-27,8-K,0001193125-15-201315,2015-05-19,d932830d8k.htm,CIK0001166691-submissions-001.json
2015-06-01,CORRESP,0000950103-15-004332,,filename1.htm,CIK0001166691-submissions-001.json
2015-06-05,4,0001225208-15-013477,2015-06-03,xslF345X03/doc4.xml,CIK0001166691-submissions-001.json
2015-06-09,4,0001225208-15-013591,2015-06-08,xslF345X03/doc4.xml,CIK0001166691-submissions-001.json
2015-06-11,UPLOAD,0000000000-15-031183,,filename1.pdf,CIK0001166691-submissions-001.json
2015-06-18,424B3,0001193125-15-227375,,d938544d424b3.htm,CIK0001166691-submissions-001.json
2015-06-18,8-K,0001193125-15-227389,2015-06-18,d940938d8k.htm,CIK0001166691-submissions-001.json
2015-06-19,11-K,0001104659-15-046418,2014-12-31,a15-14250_211k.htm,CIK0001166691-submissions-001.json
2015-06-19,11-K,0001104659-15-046416,2014-12-31,a15-14250_111k.htm,CIK0001166691-submissions-001.json
2015-07-01,3,0000950103-15-005262,2015-07-01,xslF345X02/dp57552_3-cavanagh.xml,CIK0001166691-submissions-001.json
2015-07-01,4,0000950103-15-005264,2015-07-01,xslF345X03/dp57559_4-angelakis.xml,CIK0001166691-submissions-001.json
2015-07-01,8-K/A,0000950103-15-005252,2015-07-01,dpdp57518_8ka.htm,CIK0001166691-submissions-001.json
2015-07-02,4,0001225208-15-014864,2015-06-30,xslF345X03/doc4.xml,CIK0001166691-submissions-001.json
2015-07-02,4,0001225208-15-014863,2015-06-30,xslF345X03/doc4.xml,CIK0001166691-submissions-001.json
2015-07-02,4,0001225208-15-014862,2015-06-30,xslF345X03/doc4.xml,CIK0001166691-submissions-001.json
2015-07-02,4,0001225208-15-014861,2015-06-30,xslF345X03/doc4.xml,CIK0001166691-submissions-001.json
2015-07-02,4,0001225208-15-014860,2015-06-30,xslF345X03/doc4.xml,CIK0001166691-submissions-001.json
2015-07-02,4,0001225208-15-014859,2015-06-30,xslF345X03/doc4.xml,CIK0001166691-submissions-001.json
2015-07-02,4,0001225208-15-014858,2015-06-30,xslF345X03/doc4.xml,CIK0001166691-submissions-001.json
2015-07-02,4,0001225208-15-014857,2015-06-30,xslF345X03/doc4.xml,CIK0001166691-submissions-001.json
2015-07-02,4,0001225208-15-014856,2015-06-30,xslF345X03/doc4.xml,CIK0001166691-submissions-001.json
2015-07-07,8-K,0001193125-15-246755,2015-06-30,d52982d8k.htm,CIK0001166691-submissions-001.json
2015-07-15,4,0001225208-15-015497,2015-07-13,xslF345X03/doc4.xml,CIK0001166691-submissions-001.json
2015-07-23,10-Q,0001193125-15-260886,2015-06-30,d948790d10q.htm,CIK0001166691-submissions-001.json
2015-07-23,8-K,0001104659-15-052716,2015-07-23,a15-15979_18k.htm,CIK0001166691-submissions-001.json
2015-07-29,4,0001225208-15-016062,2015-07-27,xslF345X03/doc4.xml,CIK0001166691-submissions-001.json
2015-08-03,4,0001225208-15-016304,2015-07-31,xslF345X03/doc4.xml,CIK0001166691-submissions-001.json
2015-08-04,4,0001225208-15-016387,2015-08-03,xslF345X03/doc4.xml,CIK0001166691-submissions-001.json
2015-08-11,4,0001225208-15-016714,2015-08-10,xslF345X03/doc4.xml,CIK0001166691-submissions-001.json
2015-09-14,4,0001225208-15-018238,2015-09-10,xslF345X03/doc4.xml,CIK0001166691-submissions-001.json
2015-09-18,4,0001225208-15-018553,2015-09-16,xslF345X03/doc4.xml,CIK0001166691-submissions-001.json
2015-09-23,4,0001225208-15-018648,2015-09-22,xslF345X03/doc4.xml,CIK0001166691-submissions-001.json
2015-10-02,4,0001225208-15-019034,2015-09-30,xslF345X03/doc4.xml,CIK0001166691-submissions-001.json
2015-10-02,4,0001225208-15-019033,2015-09-30,xslF345X03/doc4.xml,CIK0001166691-submissions-001.json
2015-10-02,4,0001225208-15-019032,2015-09-30,xslF345X03/doc4.xml,CIK0001166691-submissions-001.json
2015-10-02,4,0001225208-15-019030,2015-09-30,xslF345X03/doc4.xml,CIK0001166691-submissions-001.json
2015-10-02,4,0001225208-15-019026,2015-09-30,xslF345X03/doc4.xml,CIK0001166691-submissions-001.json
2015-10-02,4,0001225208-15-019024,2015-09-30,xslF345X03/doc4.xml,CIK0001166691-submissions-001.json
2015-10-02,4,0001225208-15-019022,2015-09-30,xslF345X03/doc4.xml,CIK0001166691-submissions-001.json
2015-10-23,4,0001225208-15-019842,2015-10-21,xslF345X03/doc4.xml,CIK0001166691-submissions-001.json
2015-10-26,DEFA14A,0000950103-15-008333,,dp60656_defa14a.htm,CIK0001166691-submissions-001.json
2015-10-26,PRE 14A,0001193125-15-352605,2015-12-15,d34175dpre14a.htm,CIK0001166691-submissions-001.json
2015-10-27,10-Q,0001193125-15-354626,2015-09-30,d98958d10q.htm,CIK0001166691-submissions-001.json
2015-10-27,8-K,0001104659-15-072898,2015-10-27,a15-21517_18k.htm,CIK0001166691-submissions-001.json
2015-10-27,DEFA14A,0000950103-15-008368,,dp60718_defa14a.htm,CIK0001166691-submissions-001.json
2015-10-29,4,0001225208-15-020019,2015-10-28,xslF345X03/doc4.xml,CIK0001166691-submissions-001.json
2015-10-30,4,0001225208-15-020087,2015-10-29,xslF345X03/doc4.xml,CIK0001166691-submissions-001.json
2015-11-03,4,0001225208-15-020256,2015-10-30,xslF345X03/doc4.xml,CIK0001166691-submissions-001.json
2015-11-10,DEF 14A,0001193125-15-372748,2015-12-10,d34175ddef14a.htm,CIK0001166691-submissions-001.json
2015-11-23,4,0001225208-15-021289,2015-11-19,xslF345X03/doc4.xml,CIK0001166691-submissions-001.json
2015-11-23,424B2,0001193125-15-384265,,d53063d424b2.htm,CIK0001166691-submissions-001.json
2015-11-23,8-A12B/A,0001193125-15-384257,,d215194d8a12ba.htm,CIK0001166691-submissions-001.json
2015-11-23,FWP,0001193125-15-385340,,d41270dfwp.htm,CIK0001166691-submissions-001.json
2015-11-23,POSASR,0001193125-15-384253,,d60854dposasr.htm,CIK0001166691-submissions-001.json
2015-11-24,4,0001225208-15-021385,2015-11-20,xslF345X03/doc4.xml,CIK0001166691-submissions-001.json
2015-11-24,4,0001225208-15-021384,2015-11-20,xslF345X03/doc4.xml,CIK0001166691-submissions-001.json
2015-11-24,4,0001225208-15-021383,2015-11-20,xslF345X03/doc4.xml,CIK0001166691-submissions-001.json
2015-11-24,4,0001225208-15-021382,2015-11-20,xslF345X03/doc4.xml,CIK0001166691-submissions-001.json
2015-11-24,4,0001225208-15-021381,2015-11-20,xslF345X03/doc4.xml,CIK0001166691-submissions-001.json
2015-11-24,4,0001225208-15-021380,2015-11-20,xslF345X03/doc4.xml,CIK0001166691-submissions-001.json
2015-11-24,4,0001225208-15-021379,2015-11-20,xslF345X03/doc4.xml,CIK0001166691-submissions-001.json
2015-11-24,4,0001225208-15-021378,2015-11-20,xslF345X03/doc4.xml,CIK0001166691-submissions-001.json
2015-11-24,4,0001225208-15-021377,2015-11-20,xslF345X03/doc4.xml,CIK0001166691-submissions-001.json
2015-11-24,4,0001225208-15-021376,2015-11-20,xslF345X03/doc4.xml,CIK0001166691-submissions-001.json
2015-11-24,424B2,0001193125-15-386880,,d53063d424b2.htm,CIK0001166691-submissions-001.json
2015-11-25,8-K,0000950103-15-009067,2015-11-24,dp61397_8k.htm,CIK0001166691-submissions-001.json
2015-12-09,8-K,0001193125-15-398563,2015-12-09,d71902d8k.htm,CIK0001166691-submissions-001.json
2015-12-11,25-NSE,0001354457-15-000245,,xslF25X02/primary_doc.xml,CIK0001166691-submissions-001.json
2015-12-15,8-K,0000950103-15-009516,2015-12-10,dp61838_8k.htm,CIK0001166691-submissions-001.json
2015-12-21,4,0001225208-15-022777,2015-12-18,xslF345X03/doc4.xml,CIK0001166691-submissions-001.json
2015-12-22,15-12B,0000950103-15-009675,,dp61980_1512b.htm,CIK0001166691-submissions-001.json
2015-12-28,4,0001225208-15-022912,2015-12-24,xslF345X03/doc4.xml,CIK0001166691-submissions-001.json
2016-01-05,4,0001225208-16-023521,2015-12-31,xslF345X03/doc4.xml,CIK0001166691-submissions-001.json
2016-01-05,4,0001225208-16-023520,2015-12-31,xslF345X03/doc4.xml,CIK0001166691-submissions-001.json
2016-01-05,4,0001225208-16-023519,2015-12-31,xslF345X03/doc4.xml,CIK0001166691-submissions-001.json
2016-01-05,4,0001225208-16-023518,2015-12-31,xslF345X03/doc4.xml,CIK0001166691-submissions-001.json
2016-01-05,4,0001225208-16-023517,2015-12-31,xslF345X03/doc4.xml,CIK0001166691-submissions-001.json
2016-01-05,4,0001225208-16-023516,2015-12-31,xslF345X03/doc4.xml,CIK0001166691-submissions-001.json
2016-01-05,4,0001225208-16-023514,2015-12-31,xslF345X03/doc4.xml,CIK0001166691-submissions-001.json
2016-01-05,4,0001225208-16-023513,2016-01-04,xslF345X03/doc4.xml,CIK0001166691-submissions-001.json
2016-01-05,4,0001225208-16-023512,2016-01-04,xslF345X03/doc4.xml,CIK0001166691-submissions-001.json
2016-01-11,4,0001225208-16-024003,2016-01-08,xslF345X03/doc4.xml,CIK0001166691-submissions-001.json
2016-01-28,4,0001225208-16-024993,2016-01-26,xslF345X03/doc4.xml,CIK0001166691-submissions-001.json
2016-01-28,4,0001225208-16-024992,2016-01-26,xslF345X03/doc4.xml,CIK0001166691-submissions-001.json
2016-02-03,8-K,0001104659-16-093384,2016-02-03,a16-3262_18k.htm,CIK0001166691-submissions-001.json
2016-02-03,NO ACT,9999999997-16-016945,2016-02-03,9999999997-16-016945.paper,CIK0001166691-submissions-001.json
2016-02-04,SC 13G/A,0001325447-16-000067,,comcast12311513ga.txt,CIK0001166691-submissions-001.json
2016-02-05,10-K,0001193125-16-452423,2015-12-31,d49239d10k.htm,CIK0001166691-submissions-001.json
2016-02-08,4,0001225208-16-025796,2016-02-05,xslF345X03/doc4.xml,CIK0001166691-submissions-001.json
2016-02-08,NO ACT,9999999997-16-016850,2016-01-12,9999999997-16-016850.paper,CIK0001166691-submissions-001.json
2016-02-08,SC 13G/A,0000912938-16-000511,,comcast1.htm,CIK0001166691-submissions-001.json
2016-02-10,SC 13G/A,0000215457-16-005518,,comcast.a.corp.2015.txt,CIK0001166691-submissions-001.json
2016-02-11,5,0001225208-16-026089,2015-12-31,xslF345X03/doc5.xml,CIK0001166691-submissions-001.json
2016-02-11,5,0001225208-16-026091,2015-12-31,xslF345X03/doc5.xml,CIK0001166691-submissions-001.json
2016-02-11,5,0001225208-16-026090,2015-12-31,xslF345X03/doc5.xml,CIK0001166691-submissions-001.json
2016-02-11,5,0001225208-16-026088,2015-12-31,xslF345X03/doc5.xml,CIK0001166691-submissions-001.json
2016-02-11,5,0001225208-16-026086,2015-12-31,xslF345X03/doc5.xml,CIK0001166691-submissions-001.json
2016-02-11,5,0001225208-16-026087,2015-12-31,xslF345X03/doc5.xml,CIK0001166691-submissions-001.json
2016-02-11,5,0001225208-16-026085,2015-12-31,xslF345X03/doc5.xml,CIK0001166691-submissions-001.json
2016-02-11,SC 13G/A,0000932471-16-012393,,comcastcorp.htm,CIK0001166691-submissions-001.json
2016-02-12,SC 13G/A,0001422849-16-000576,,edgcmcsa.txt,CIK0001166691-submissions-001.json
2016-02-16,FWP,0001193125-16-465677,,d136987dfwp.htm,CIK0001166691-submissions-001.json
2016-02-17,424B2,0001193125-16-466721,,d136987d424b2.htm,CIK0001166691-submissions-001.json
2016-02-17,8-K,0000950103-16-011173,2016-02-16,dp63495_8k.htm,CIK0001166691-submissions-001.json
2016-02-23,3,0000950103-16-011331,2016-02-22,xslF345X02/dp63683_3.xml,CIK0001166691-submissions-001.json
2016-02-23,8-K,0001193125-16-473134,2016-02-16,d121866d8k.htm,CIK0001166691-submissions-001.json
2016-02-24,4,0001225208-16-027725,2016-02-22,xslF345X03/doc4.xml,CIK0001166691-submissions-001.json
2016-02-25,4,0001225208-16-028323,2016-02-24,xslF345X03/doc4.xml,CIK0001166691-submissions-001.json
2016-02-25,4,0001225208-16-028314,2016-02-23,xslF345X03/doc4.xml,CIK0001166691-submissions-001.json
2016-03-02,4,0001225208-16-028937,2016-03-01,xslF345X03/doc4.xml,CIK0001166691-submissions-001.json
2016-03-10,S-8,0001193125-16-500287,,d158990ds8.htm,CIK0001166691-submissions-001.json
2016-03-10,S-8 POS,0001193125-16-500313,,d110381ds8pos.htm,CIK0001166691-submissions-001.json
2016-03-15,4,0001225208-16-029917,2016-03-14,xslF345X03/doc4.xml,CIK0001166691-submissions-001.json
2016-03-17,4,0001225208-16-030049,2016-03-16,xslF345X03/doc4.xml,CIK0001166691-submissions-001.json
2016-03-22,4,0001225208-16-030171,2016-03-18,xslF345X03/doc4.xml,CIK0001166691-submissions-001.json
2016-03-22,4,0001225208-16-030170,2016-03-18,xslF345X03/doc4.xml,CIK0001166691-submissions-001.json
2016-03-22,4,0001225208-16-030169,2016-03-18,xslF345X03/doc4.xml,CIK0001166691-submissions-001.json
2016-03-22,4,0001225208-16-030168,2016-03-18,xslF345X03/doc4.xml,CIK0001166691-submissions-001.json
2016-03-22,4,0001225208-16-030167,2016-03-18,xslF345X03/doc4.xml,CIK0001166691-submissions-001.json
2016-03-22,4,0001225208-16-030166,2016-03-18,xslF345X03/doc4.xml,CIK0001166691-submissions-001.json
2016-03-22,4,0001225208-16-030165,2016-03-18,xslF345X03/doc4.xml,CIK0001166691-submissions-001.json
2016-03-22,8-K,0001193125-16-512745,2016-03-22,d133090d8k.htm,CIK0001166691-submissions-001.json
2016-03-22,FWP,0001193125-16-513622,,d152433dfwp.htm,CIK0001166691-submissions-001.json
2016-03-23,4,0001225208-16-030198,2016-03-21,xslF345X03/doc4.xml,CIK0001166691-submissions-001.json
2016-03-23,4,0001225208-16-030197,2016-03-21,xslF345X03/doc4.xml,CIK0001166691-submissions-001.json
2016-03-23,4,0001225208-16-030196,2016-03-21,xslF345X03/doc4.xml,CIK0001166691-submissions-001.json
2016-03-23,4,0001225208-16-030195,2016-03-21,xslF345X03/doc4.xml,CIK0001166691-submissions-001.json
2016-03-23,424B2,0001193125-16-515185,,d165310d424b2.htm,CIK0001166691-submissions-001.json
2016-03-24,4,0001225208-16-030270,2016-03-23,xslF345X03/doc4.xml,CIK0001166691-submissions-001.json
2016-03-24,4,0001225208-16-030269,2016-03-23,xslF345X03/doc4.xml,CIK0001166691-submissions-001.json
2016-03-24,4,0001225208-16-030268,2016-03-23,xslF345X03/doc4.xml,CIK0001166691-submissions-001.json
2016-03-24,4,0001225208-16-030267,2016-03-23,xslF345X03/doc4.xml,CIK0001166691-submissions-001.json
2016-03-24,4,0001225208-16-030266,2016-03-23,xslF345X03/doc4.xml,CIK0001166691-submissions-001.json
2016-03-28,4,0001225208-16-030359,2016-03-24,xslF345X03/doc4.xml,CIK0001166691-submissions-001.json
2016-03-28,4,0001225208-16-030356,2016-03-24,xslF345X03/doc4.xml,CIK0001166691-submissions-001.json
2016-03-28,4,0001225208-16-030354,2016-03-24,xslF345X03/doc4.xml,CIK0001166691-submissions-001.json
2016-03-28,4,0001225208-16-030353,2016-03-24,xslF345X03/doc4.xml,CIK0001166691-submissions-001.json
2016-03-28,4,0001225208-16-030352,2016-03-24,xslF345X03/doc4.xml,CIK0001166691-submissions-001.json
2016-03-30,4,0001225208-16-030465,2016-03-28,xslF345X03/doc4.xml,CIK0001166691-submissions-001.json
2016-03-30,5/A,0000950103-16-012236,2015-12-31,xslF345X03/dp64502_5a-bonovitz.xml,CIK0001166691-submissions-001.json
2016-03-30,8-K,0001193125-16-523511,2016-03-22,d135254d8k.htm,CIK0001166691-submissions-001.json
2016-04-04,4,0001225208-16-030793,2016-03-31,xslF345X03/doc4.xml,CIK0001166691-submissions-001.json
2016-04-04,4,0001225208-16-030792,2016-03-31,xslF345X03/doc4.xml,CIK0001166691-submissions-001.json
2016-04-04,4,0001225208-16-030789,2016-03-31,xslF345X03/doc4.xml,CIK0001166691-submissions-001.json
2016-04-04,4,0001225208-16-030785,2016-03-31,xslF345X03/doc4.xml,CIK0001166691-submissions-001.json
2016-04-04,4,0001225208-16-030784,2016-03-31,xslF345X03/doc4.xml,CIK0001166691-submissions-001.json
2016-04-04,4,0001225208-16-030782,2016-03-31,xslF345X03/doc4.xml,CIK0001166691-submissions-001.json
2016-04-04,4,0001225208-16-030780,2016-03-31,xslF345X03/doc4.xml,CIK0001166691-submissions-001.json
2016-04-08,3/A,0000950103-16-012534,2016-02-22,xslF345X02/dp64880_3a-bell.xml,CIK0001166691-submissions-001.json
2016-04-08,DEF 14A,0001193125-16-535136,2016-05-19,d162753ddef14a.htm,CIK0001166691-submissions-001.json
2016-04-08,DEFA14A,0001193125-16-535138,,d162753ddefa14a.htm,CIK0001166691-submissions-001.json
2016-04-22,4,0001225208-16-031667,2016-04-20,xslF345X03/doc4.xml,CIK0001166691-submissions-001.json
2016-04-22,4,0001225208-16-031666,2016-04-20,xslF345X03/doc4.xml,CIK0001166691-submissions-001.json
2016-04-22,4,0001225208-16-031665,2016-04-20,xslF345X03/doc4.xml,CIK0001166691-submissions-001.json
2016-04-22,4,0001225208-16-031664,2016-04-20,xslF345X03/doc4.xml,CIK0001166691-submissions-001.json
2016-04-22,4,0001225208-16-031662,2016-04-20,xslF345X03/doc4.xml,CIK0001166691-submissions-001.json
2016-04-27,10-Q,0001193125-16-558907,2016-03-31,d156977d10q.htm,CIK0001166691-submissions-001.json
2016-04-27,8-K,0001104659-16-114400,2016-04-27,a16-9335_18k.htm,CIK0001166691-submissions-001.json
2016-04-28,8-K,0000950103-16-012873,2016-04-28,dp65282_8k.htm,CIK0001166691-submissions-001.json
2016-04-29,SC 13D/A,0000950103-16-012999,,dp65298_sc13da3.htm,CIK0001166691-submissions-001.json
2016-05-03,4,0001225208-16-032254,2016-05-02,xslF345X03/doc4.xml,CIK0001166691-submissions-001.json
2016-05-11,4,0001225208-16-033129,2016-05-10,xslF345X03/doc4.xml,CIK0001166691-submissions-001.json
2016-05-13,4,0001225208-16-033294,2016-05-12,xslF345X03/doc4.xml,CIK0001166691-submissions-001.json
2016-05-13,424B2,0001193125-16-590428,,d194244d424b2.htm,CIK0001166691-submissions-001.json
2016-05-13,424B2,0001193125-16-589439,,d194244d424b2.htm,CIK0001166691-submissions-001.json
2016-05-13,FWP,0001193125-16-589939,,d194244dfwp.htm,CIK0001166691-submissions-001.json
2016-05-24,8-K,0000950103-16-013550,2016-05-19,dp65891_8k.htm,CIK0001166691-submissions-001.json
2016-05-26,8-K,0000950103-16-013594,2016-05-26,dp65906_8k.htm,CIK0001166691-submissions-001.json
2016-05-31,8-K,0001193125-16-608609,2016-05-31,d149151d8k.htm,CIK0001166691-submissions-001.json
2016-06-02,4,0001225208-16-034465,2016-06-01,xslF345X03/doc4.xml,CIK0001166691-submissions-001.json
2016-06-10,4,0001225208-16-034886,2016-06-09,xslF345X03/doc4.xml,CIK0001166691-submissions-001.json
2016-06-16,11-K,0001104659-16-127711,2015-12-31,a16-13166_211k.htm,CIK0001166691-submissions-001.json
2016-06-16,11-K,0001104659-16-127710,2015-12-31,a16-13166_111k.htm,CIK0001166691-submissions-001.json
2016-06-16,4,0001225208-16-035164,2016-06-15,xslF345X03/doc4.xml,CIK0001166691-submissions-001.json
2016-06-17,4,0001225208-16-035214,2016-06-16,xslF345X03/doc4.xml,CIK0001166691-submissions-001.json
2016-06-29,4,0001225208-16-035737,2016-06-27,xslF345X03/doc4.xml,CIK0001166691-submissions-001.json
2016-07-01,8-K,0000950103-16-014533,2016-06-30,dp66891_8k.htm,CIK0001166691-submissions-001.json
2016-07-05,4,0001225208-16-035989,2016-06-30,xslF345X03/doc4.xml,CIK0001166691-submissions-001.json
2016-07-05,4,0001225208-16-035988,2016-06-30,xslF345X03/doc4.xml,CIK0001166691-submissions-001.json
2016-07-05,4,0001225208-16-035987,2016-06-30,xslF345X03/doc4.xml,CIK0001166691-submissions-001.json
2016-07-05,4,0001225208-16-035986,2016-06-30,xslF345X03/doc4.xml,CIK0001166691-submissions-001.json
2016-07-05,4,0001225208-16-035985,2016-06-30,xslF345X03/doc4.xml,CIK0001166691-submissions-001.json
2016-07-05,4,0001225208-16-035984,2016-06-30,xslF345X03/doc4.xml,CIK0001166691-submissions-001.json
2016-07-05,4,0001225208-16-035983,2016-06-30,xslF345X03/doc4.xml,CIK0001166691-submissions-001.json
2016-07-12,FWP,0001193125-16-646462,,d203846dfwp.htm,CIK0001166691-submissions-001.json
2016-07-13,424B2,0001193125-16-647112,,d340762d424b2.htm,CIK0001166691-submissions-001.json
2016-07-19,8-K,0001193125-16-651038,2016-07-12,d226291d8k.htm,CIK0001166691-submissions-001.json
2016-07-27,10-Q,0001193125-16-659869,2016-06-30,d193217d10q.htm,CIK0001166691-submissions-001.json
2016-07-27,8-K,0001104659-16-134470,2016-07-27,a16-15274_18k.htm,CIK0001166691-submissions-001.json
2016-07-28,8-K,0000950103-16-015080,2016-07-25,dp67442_8k.htm,CIK0001166691-submissions-001.json
2016-07-28,S-3ASR,0001193125-16-661981,,d226409ds3asr.htm,CIK0001166691-submissions-001.json
2016-07-28,S-8,0001193125-16-661805,,d230333ds8.htm,CIK0001166691-submissions-001.json
2016-08-01,4,0001225208-16-037253,2016-07-29,xslF345X03/doc4.xml,CIK0001166691-submissions-001.json
2016-08-01,4,0001225208-16-037252,2016-07-29,xslF345X03/doc4.xml,CIK0001166691-submissions-001.json
2016-08-01,4,0001225208-16-037251,2016-07-29,xslF345X03/doc4.xml,CIK0001166691-submissions-001.json
2016-08-09,4,0001225208-16-037630,2016-08-05,xslF345X03/doc4.xml,CIK0001166691-submissions-001.json
2016-09-02,4,0001225208-16-038727,2016-09-01,xslF345X03/doc4.xml,CIK0001166691-submissions-001.json
2016-09-19,4,0001225208-16-039482,2016-09-16,xslF345X03/doc4.xml,CIK0001166691-submissions-001.json
2016-09-23,4,0001225208-16-039615,2016-09-21,xslF345X03/doc4.xml,CIK0001166691-submissions-001.json
2016-09-29,SC 13G,0000950103-16-016691,,dp69074_sc13g.htm,CIK0001166691-submissions-001.json
2016-10-04,4,0001225208-16-039953,2016-09-30,xslF345X03/doc4.xml,CIK0001166691-submissions-001.json
2016-10-04,4,0001225208-16-039952,2016-09-30,xslF345X03/doc4.xml,CIK0001166691-submissions-001.json
2016-10-04,4,0001225208-16-039951,2016-09-30,xslF345X03/doc4.xml,CIK0001166691-submissions-001.json
2016-10-04,4,0001225208-16-039950,2016-09-30,xslF345X03/doc4.xml,CIK0001166691-submissions-001.json
2016-10-04,4,0001225208-16-039949,2016-09-30,xslF345X03/doc4.xml,CIK0001166691-submissions-001.json
2016-10-04,4,0001225208-16-039948,2016-09-30,xslF345X03/doc4.xml,CIK0001166691-submissions-001.json
2016-10-04,4,0001225208-16-039947,2016-09-30,xslF345X03/doc4.xml,CIK0001166691-submissions-001.json
2016-10-13,4,0001225208-16-040490,2016-10-11,xslF345X03/doc4.xml,CIK0001166691-submissions-001.json
2016-10-21,4,0001225208-16-040682,2016-10-19,xslF345X03/doc4.xml,CIK0001166691-submissions-001.json
2016-10-24,4,0001225208-16-040710,2016-10-20,xslF345X03/doc4.xml,CIK0001166691-submissions-001.json
2016-10-24,4,0001225208-16-040709,2016-10-20,xslF345X03/doc4.xml,CIK0001166691-submissions-001.json
2016-10-26,10-Q,0001193125-16-747958,2016-09-30,d254415d10q.htm,CIK0001166691-submissions-001.json
2016-10-26,8-K,0001104659-16-152070,2016-10-26,a16-20377_18k.htm,CIK0001166691-submissions-001.json
2016-10-26,IRANNOTICE,0001193125-16-747977,,d254415dirannotice.htm,CIK0001166691-submissions-001.json
2016-10-31,4,0001225208-16-040855,2016-10-27,xslF345X03/doc4.xml,CIK0001166691-submissions-001.json
2016-11-22,4,0001225208-16-042109,2016-11-18,xslF345X03/doc4.xml,CIK0001166691-submissions-001.json
2016-11-22,4,0001225208-16-042108,2016-11-21,xslF345X03/doc4.xml,CIK0001166691-submissions-001.json
2016-11-22,4,0001225208-16-042107,2016-11-21,xslF345X03/doc4.xml,CIK0001166691-submissions-001.json
2016-11-22,4,0001225208-16-042106,2016-11-21,xslF345X03/doc4.xml,CIK0001166691-submissions-001.json
2016-11-22,4,0001225208-16-042105,2016-11-21,xslF345X03/doc4.xml,CIK0001166691-submissions-001.json
2016-11-22,4,0001225208-16-042104,2016-11-21,xslF345X03/doc4.xml,CIK0001166691-submissions-001.json
2016-11-22,4,0001225208-16-042103,2016-11-21,xslF345X03/doc4.xml,CIK0001166691-submissions-001.json
2016-11-22,4,0001225208-16-042102,2016-11-21,xslF345X03/doc4.xml,CIK0001166691-submissions-001.json
2016-11-22,4,0001225208-16-042101,2016-11-21,xslF345X03/doc4.xml,CIK0001166691-submissions-001.json
2016-11-22,4,0001225208-16-042100,2016-11-21,xslF345X03/doc4.xml,CIK0001166691-submissions-001.json
2016-12-01,4,0001225208-16-042496,2016-11-29,xslF345X03/doc4.xml,CIK0001166691-submissions-001.json
2016-12-02,4,0001225208-16-042609,2016-12-01,xslF345X03/doc4.xml,CIK0001166691-submissions-001.json
2016-12-02,4,0001225208-16-042608,2016-11-30,xslF345X03/doc4.xml,CIK0001166691-submissions-001.json
2016-12-07,8-K,0000950103-16-018565,2016-12-06,dp70957_8k.htm,CIK0001166691-submissions-001.json
2016-12-08,3,0000950103-16-018591,2016-12-06,xslF345X02/dp70960_3-novak.xml,CIK0001166691-submissions-001.json
2016-12-08,4,0001225208-16-042900,2016-12-06,xslF345X03/doc4.xml,CIK0001166691-submissions-001.json
2016-12-14,4,0001225208-16-043175,2016-12-13,xslF345X03/doc4.xml,CIK0001166691-submissions-001.json
2016-12-19,4,0001225208-16-043508,2016-12-15,xslF345X03/doc4.xml,CIK0001166691-submissions-001.json
2016-12-21,4,0001225208-16-043644,2016-12-19,xslF345X03/doc4.xml,CIK0001166691-submissions-001.json
2016-12-28,4,0001225208-16-043736,2016-12-23,xslF345X03/doc4.xml,CIK0001166691-submissions-001.json
2017-01-04,4,0001225208-17-000349,2016-12-30,xslF345X03/doc4.xml,CIK0001166691-submissions-001.json
2017-01-04,4,0001225208-17-000346,2016-12-30,xslF345X03/doc4.xml,CIK0001166691-submissions-001.json
2017-01-04,4,0001225208-17-000341,2016-12-30,xslF345X03/doc4.xml,CIK0001166691-submissions-001.json
2017-01-04,4,0001225208-17-000337,2016-12-30,xslF345X03/doc4.xml,CIK0001166691-submissions-001.json
2017-01-04,4,0001225208-17-000333,2016-12-30,xslF345X03/doc4.xml,CIK0001166691-submissions-001.json
2017-01-04,4,0001225208-17-000329,2016-12-30,xslF345X03/doc4.xml,CIK0001166691-submissions-001.json
2017-01-04,4,0001225208-17-000327,2016-12-30,xslF345X03/doc4.xml,CIK0001166691-submissions-001.json
2017-01-04,4,0001225208-17-000325,2016-12-30,xslF345X03/doc4.xml,CIK0001166691-submissions-001.json
2017-01-05,4,0001225208-17-000667,2017-01-03,xslF345X03/doc4.xml,CIK0001166691-submissions-001.json
2017-01-05,4,0001225208-17-000666,2017-01-03,xslF345X03/doc4.xml,CIK0001166691-submissions-001.json
2017-01-05,4,0001225208-17-000665,2017-01-03,xslF345X03/doc4.xml,CIK0001166691-submissions-001.json
2017-01-05,4,0001225208-17-000664,2017-01-03,xslF345X03/doc4.xml,CIK0001166691-submissions-001.json
2017-01-05,4,0001225208-17-000662,2017-01-03,xslF345X03/doc4.xml,CIK0001166691-submissions-001.json
2017-01-05,FWP,0001193125-17-003104,,d282465dfwp.htm,CIK0001166691-submissions-001.json
2017-01-06,424B2,0001193125-17-004220,,d273360d424b2.htm,CIK0001166691-submissions-001.json
2017-01-10,8-K,0001193125-17-006664,2017-01-05,d321430d8k.htm,CIK0001166691-submissions-001.json
2017-01-17,4,0001225208-17-001159,2017-01-13,xslF345X03/doc4.xml,CIK0001166691-submissions-001.json
2017-01-23,SC 13G/A,0000353480-17-000293,,comcast.a.corp.txt,CIK0001166691-submissions-001.json
2017-01-26,8-K,0001104659-17-004122,2017-01-26,a17-3187_18k.htm,CIK0001166691-submissions-001.json
2017-01-27,8-K,0000950103-17-000690,2017-01-25,dp72168_8k.htm,CIK0001166691-submissions-001.json
2017-01-31,4,0001225208-17-002117,2017-01-27,xslF345X03/doc4.xml,CIK0001166691-submissions-001.json
2017-01-31,4,0000950103-17-000830,2017-01-31,xslF345X03/dp72410_4-comcast.xml,CIK0001166691-submissions-001.json
2017-01-31,SC 13D/A,0000950103-17-000829,,dp72409_sc13da-comcast.htm,CIK0001166691-submissions-001.json
2017-02-02,4,0001225208-17-002253,2017-02-01,xslF345X03/doc4.xml,CIK0001166691-submissions-001.json
2017-02-02,4,0001225208-17-002242,2017-02-01,xslF345X03/doc4.xml,CIK0001166691-submissions-001.json
2017-02-03,10-K,0001193125-17-030512,2016-12-31,d290430d10k.htm,CIK0001166691-submissions-001.json
2017-02-03,IRANNOTICE,0001193125-17-030552,,d322865dirannotice.htm,CIK0001166691-submissions-001.json
2017-02-07,4,0001225208-17-002535,2017-02-03,xslF345X03/doc4.xml,CIK0001166691-submissions-001.json
2017-02-07,4,0001225208-17-002534,2017-02-06,xslF345X03/doc4.xml,CIK0001166691-submissions-001.json
2017-02-10,SC 13G/A,0000932471-17-001355,,comcastcorp.htm,CIK0001166691-submissions-001.json
2017-02-13,5,0001225208-17-002958,2016-12-31,xslF345X03/doc5.xml,CIK0001166691-submissions-001.json
2017-02-13,5,0001225208-17-002957,2016-12-31,xslF345X03/doc5.xml,CIK0001166691-submissions-001.json
2017-02-13,5,0001225208-17-002956,2016-12-31,xslF345X03/doc5.xml,CIK0001166691-submissions-001.json
2017-02-13,5,0001225208-17-002955,2016-12-31,xslF345X03/doc5.xml,CIK0001166691-submissions-001.json
2017-02-13,5,0001225208-17-002954,2016-12-31,xslF345X03/doc5.xml,CIK0001166691-submissions-001.json
2017-02-13,5,0001225208-17-002953,2016-12-31,xslF345X03/doc5.xml,CIK0001166691-submissions-001.json
2017-02-13,5,0001225208-17-002952,2016-12-31,xslF345X03/doc5.xml,CIK0001166691-submissions-001.json
2017-02-13,SC 13G/A,0001422849-17-000027,,edgcmcsa.txt,CIK0001166691-submissions-001.json
2017-02-15,4,0001225208-17-003393,2017-02-14,xslF345X03/doc4.xml,CIK0001166691-submissions-001.json
2017-02-15,424B2,0001193125-17-044349,,d343243d424b2.htm,CIK0001166691-submissions-001.json
2017-02-15,8-K,0000950103-17-001464,2017-02-10,dp73025_8k.htm,CIK0001166691-submissions-001.json
2017-02-15,FWP,0001193125-17-044836,,d262817dfwp.htm,CIK0001166691-submissions-001.json
2017-02-15,NO ACT,9999999997-17-003036,2017-02-02,9999999997-17-003036.paper,CIK0001166691-submissions-001.json
2017-02-16,424B2,0001193125-17-046413,,d343243d424b2.htm,CIK0001166691-submissions-001.json
2017-02-23,8-K,0000950103-17-001650,2017-02-22,dp73217_8k.htm,CIK0001166691-submissions-001.json
2017-02-27,3,0000950103-17-001795,2017-02-24,xslF345X02/dp73304_3-nakahara.xml,CIK0001166691-submissions-001.json
2017-02-27,4,0001225208-17-004754,2017-02-24,xslF345X03/doc4.xml,CIK0001166691-submissions-001.json
2017-03-02,3,0000950103-17-002066,2017-03-01,xslF345X02/dp73621_3-murdock.xml,CIK0001166691-submissions-001.json
2017-03-02,4,0001225208-17-005321,2017-03-01,xslF345X03/doc4.xml,CIK0001166691-submissions-001.json
2017-03-02,NO ACT,9999999997-17-005068,2017-02-02,9999999997-17-005068.paper,CIK0001166691-submissions-001.json
2017-03-14,8-K,0001193125-17-081999,2017-03-14,d354549d8k.htm,CIK0001166691-submissions-001.json
2017-03-20,8-K,0000950103-17-002588,2017-03-17,dp74171_8k.htm,CIK0001166691-submissions-001.json
2017-03-21,4,0001225208-17-006660,2017-03-17,xslF345X03/doc4.xml,CIK0001166691-submissions-001.json
2017-03-21,4,0001225208-17-006659,2017-03-17,xslF345X03/doc4.xml,CIK0001166691-submissions-001.json
2017-03-21,4,0001225208-17-006658,2017-03-17,xslF345X03/doc4.xml,CIK0001166691-submissions-001.json
2017-03-21,4,0001225208-17-006657,2017-03-17,xslF345X03/doc4.xml,CIK0001166691-submissions-001.json
2017-03-21,4,0001225208-17-006656,2017-03-17,xslF345X03/doc4.xml,CIK0001166691-submissions-001.json
2017-03-21,4,0001225208-17-006655,2017-03-17,xslF345X03/doc4.xml,CIK0001166691-submissions-001.json
2017-03-21,4,0001225208-17-006654,2017-03-17,xslF345X03/doc4.xml,CIK0001166691-submissions-001.json
2017-03-22,4,0001225208-17-006717,2017-03-20,xslF345X03/doc4.xml,CIK0001166691-submissions-001.json
2017-03-22,4,0001225208-17-006716,2017-03-20,xslF345X03/doc4.xml,CIK0001166691-submissions-001.json
2017-03-22,4,0001225208-17-006715,2017-03-20,xslF345X03/doc4.xml,CIK0001166691-submissions-001.json
2017-03-24,4,0001225208-17-006788,2017-03-22,xslF345X03/doc4.xml,CIK0001166691-submissions-001.json
2017-03-24,4,0001225208-17-006787,2017-03-22,xslF345X03/doc4.xml,CIK0001166691-submissions-001.json
2017-03-24,4,0001225208-17-006786,2017-03-22,xslF345X03/doc4.xml,CIK0001166691-submissions-001.json
2017-03-24,4,0001225208-17-006785,2017-03-23,xslF345X03/doc4.xml,CIK0001166691-submissions-001.json
2017-03-27,4,0001225208-17-006849,2017-03-24,xslF345X03/doc4.xml,CIK0001166691-submissions-001.json
2017-03-29,4,0001225208-17-007019,2017-03-27,xslF345X03/doc4.xml,CIK0001166691-submissions-001.json
2017-04-03,4,0001225208-17-007145,2017-03-31,xslF345X03/doc4.xml,CIK0001166691-submissions-001.json
2017-04-03,4,0001225208-17-007144,2017-03-31,xslF345X03/doc4.xml,CIK0001166691-submissions-001.json
2017-04-03,4,0001225208-17-007143,2017-03-31,xslF345X03/doc4.xml,CIK0001166691-submissions-001.json
2017-04-03,4,0001225208-17-007142,2017-03-31,xslF345X03/doc4.xml,CIK0001166691-submissions-001.json
2017-04-03,4,0001225208-17-007141,2017-03-31,xslF345X03/doc4.xml,CIK0001166691-submissions-001.json
2017-04-03,4,0001225208-17-007140,2017-03-31,xslF345X03/doc4.xml,CIK0001166691-submissions-001.json
2017-04-03,4,0001225208-17-007139,2017-03-31,xslF345X03/doc4.xml,CIK0001166691-submissions-001.json
2017-04-03,4,0001225208-17-007134,2017-03-31,xslF345X03/doc4.xml,CIK0001166691-submissions-001.json
2017-04-03,4,0001225208-17-007133,2017-03-31,xslF345X03/doc4.xml,CIK0001166691-submissions-001.json
2017-04-04,UPLOAD,0000000000-17-011263,,filename1.pdf,CIK0001166691-submissions-001.json
2017-04-07,3,0000950103-17-003382,2017-04-01,xslF345X02/dp74839_3-watson.xml,CIK0001166691-submissions-001.json
2017-04-13,CORRESP,0000950103-17-003522,,filename1.htm,CIK0001166691-submissions-001.json
2017-04-20,4,0001225208-17-008212,2017-04-18,xslF345X03/doc4.xml,CIK0001166691-submissions-001.json
2017-04-20,4,0001225208-17-008211,2017-04-18,xslF345X03/doc4.xml,CIK0001166691-submissions-001.json
2017-04-20,4,0001225208-17-008210,2017-04-18,xslF345X03/doc4.xml,CIK0001166691-submissions-001.json
2017-04-20,4,0001225208-17-008209,2017-04-18,xslF345X03/doc4.xml,CIK0001166691-submissions-001.json
2017-04-20,4,0001225208-17-008208,2017-04-18,xslF345X03/doc4.xml,CIK0001166691-submissions-001.json
2017-04-20,4,0001225208-17-008205,2017-04-18,xslF345X03/doc4.xml,CIK0001166691-submissions-001.json
2017-04-20,4,0001225208-17-008204,2017-04-18,xslF345X03/doc4.xml,CIK0001166691-submissions-001.json
2017-04-27,10-Q,0001166691-17-000009,2017-03-31,cmcsa-3312017x10q.htm,CIK0001166691-submissions-001.json
2017-04-27,8-K,0001104659-17-026588,2017-04-27,a17-11942_18k.htm,CIK0001166691-submissions-001.json
2017-04-27,IRANNOTICE,0001166691-17-000010,,irrannotice-1q17.htm,CIK0001166691-submissions-001.json
2017-04-28,DEF 14A,0001193125-17-146838,2017-06-08,d346011ddef14a.htm,CIK0001166691-submissions-001.json
2017-04-28,DEFA14A,0001193125-17-146847,,d346011ddefa14a.htm,CIK0001166691-submissions-001.json
2017-05-01,CORRESP,0000950103-17-004084,,filename1.htm,CIK0001166691-submissions-001.json
2017-05-05,PX14A6G,0001214659-17-003006,,l54170px14a6g.htm,CIK0001166691-submissions-001.json
2017-05-08,8-K,0000950103-17-004369,2017-05-05,dp75970_8k.htm,CIK0001166691-submissions-001.json
2017-05-11,4,0001225208-17-009492,2017-05-09,xslF345X03/doc4.xml,CIK0001166691-submissions-001.json
2017-05-12,8-K,0001166691-17-000013,2017-05-10,a8-kxbylawsblreaandnakahar.htm,CIK0001166691-submissions-001.json
2017-05-15,4,0001225208-17-009705,2017-05-11,xslF345X03/doc4.xml,CIK0001166691-submissions-001.json
2017-05-16,4,0001225208-17-009901,2017-05-15,xslF345X03/doc4.xml,CIK0001166691-submissions-001.json
2017-05-16,UPLOAD,0000000000-17-017186,,filename1.pdf,CIK0001166691-submissions-001.json
2017-05-26,4,0001225208-17-010487,2017-05-25,xslF345X03/doc4.xml,CIK0001166691-submissions-001.json
2017-06-13,4,0001225208-17-011223,2017-06-12,xslF345X03/doc4.xml,CIK0001166691-submissions-001.json
2017-06-13,8-K,0000950103-17-005703,2017-06-08,dp77279_8k.htm,CIK0001166691-submissions-001.json
2017-06-15,4,0000950103-17-005784,2017-06-13,xslF345X03/dp77359_4-roberts.xml,CIK0001166691-submissions-001.json
2017-06-16,11-K,0001104659-17-039905,2016-12-31,a17-15199_111k.htm,CIK0001166691-submissions-001.json
2017-06-16,11-K,0001104659-17-039902,2016-12-31,a17-15199_211k.htm,CIK0001166691-submissions-001.json
2017-07-05,4,0001225208-17-012037,2017-06-30,xslF345X03/doc4.xml,CIK0001166691-submissions-001.json
2017-07-05,4,0001225208-17-012036,2017-06-30,xslF345X03/doc4.xml,CIK0001166691-submissions-001.json
2017-07-05,4,0001225208-17-012035,2017-06-30,xslF345X03/doc4.xml,CIK0001166691-submissions-001.json
2017-07-05,4,0001225208-17-012034,2017-06-30,xslF345X03/doc4.xml,CIK0001166691-submissions-001.json
2017-07-05,4,0001225208-17-012033,2017-06-30,xslF345X03/doc4.xml,CIK0001166691-submissions-001.json
2017-07-05,4,0001225208-17-012032,2017-06-30,xslF345X03/doc4.xml,CIK0001166691-submissions-001.json
2017-07-05,4,0001225208-17-012031,2017-06-30,xslF345X03/doc4.xml,CIK0001166691-submissions-001.json
2017-07-27,10-Q,0001166691-17-000022,2017-06-30,cmcsa-6302017x10q.htm,CIK0001166691-submissions-001.json
2017-07-27,8-K,0001104659-17-047184,2017-07-27,a17-18462_18k.htm,CIK0001166691-submissions-001.json
2017-07-27,IRANNOTICE,0001166691-17-000024,,irrannotice-2q17.htm,CIK0001166691-submissions-001.json
2017-08-01,FWP,0001193125-17-244361,,d431390dfwp.htm,CIK0001166691-submissions-001.json
2017-08-02,424B2,0001193125-17-245818,,d431390d424b2.htm,CIK0001166691-submissions-001.json
2017-08-07,8-K,0001193125-17-249587,2017-08-01,d418705d8k.htm,CIK0001166691-submissions-001.json
2017-08-08,4,0001225208-17-013373,2017-08-07,xslF345X03/doc4.xml,CIK0001166691-submissions-001.json
2017-08-11,4,0001225208-17-013872,2017-08-10,xslF345X03/doc4.xml,CIK0001166691-submissions-001.json
2017-08-23,4,0001225208-17-014289,2017-08-21,xslF345X03/doc4.xml,CIK0001166691-submissions-001.json
2017-08-23,4,0001225208-17-014288,2017-08-21,xslF345X03/doc4.xml,CIK0001166691-submissions-001.json
2017-09-18,4,0001225208-17-015097,2017-09-15,xslF345X03/doc4.xml,CIK0001166691-submissions-001.json
2017-09-29,4,0001225208-17-015457,2017-09-28,xslF345X03/doc4.xml,CIK0001166691-submissions-001.json
2017-10-03,4,0001225208-17-015744,2017-09-30,xslF345X03/doc4.xml,CIK0001166691-submissions-001.json
2017-10-03,4,0001225208-17-015743,2017-09-30,xslF345X03/doc4.xml,CIK0001166691-submissions-001.json
2017-10-03,4,0001225208-17-015742,2017-09-30,xslF345X03/doc4.xml,CIK0001166691-submissions-001.json
2017-10-03,4,0001225208-17-015741,2017-09-30,xslF345X03/doc4.xml,CIK0001166691-submissions-001.json
2017-10-03,4,0001225208-17-015740,2017-09-30,xslF345X03/doc4.xml,CIK0001166691-submissions-001.json
2017-10-03,4,0001225208-17-015739,2017-09-30,xslF345X03/doc4.xml,CIK0001166691-submissions-001.json
2017-10-03,4,0001225208-17-015738,2017-09-30,xslF345X03/doc4.xml,CIK0001166691-submissions-001.json
2017-10-03,8-K,0000950103-17-009645,2017-10-03,dp81290_8k.htm,CIK0001166691-submissions-001.json
2017-10-19,4,0001225208-17-016419,2017-10-18,xslF345X03/doc4.xml,CIK0001166691-submissions-001.json
2017-10-19,8-K,0000950103-17-010083,2017-10-18,dp81730_8k.htm,CIK0001166691-submissions-001.json
2017-10-20,8-K,0000950103-17-010131,2017-10-19,dp81757_8k.htm,CIK0001166691-submissions-001.json
2017-10-26,10-Q,0001166691-17-000031,2017-09-30,cmcsa-9302017x10q.htm,CIK0001166691-submissions-001.json
2017-10-26,8-K,0001104659-17-063863,2017-10-26,a17-24484_18k.htm,CIK0001166691-submissions-001.json
2017-10-26,IRANNOTICE,0001166691-17-000033,,irrannotice-3q17.htm,CIK0001166691-submissions-001.json
2017-11-01,4,0001225208-17-016701,2017-10-30,xslF345X03/doc4.xml,CIK0001166691-submissions-001.json
2017-11-07,S-4,0000950103-17-010926,,dp82548_s4.htm,CIK0001166691-submissions-001.json
2017-11-13,UPLOAD,0000000000-17-040072,,filename1.pdf,CIK0001166691-submissions-001.json
2017-11-14,CORRESP,0000950103-17-011161,,filename1.htm,CIK0001166691-submissions-001.json
2017-11-16,424B3,0000950103-17-011234,,dp82874_424b3.htm,CIK0001166691-submissions-001.json
2017-11-16,EFFECT,9999999995-17-003001,,xslEFFECTX01/primary_doc.xml,CIK0001166691-submissions-001.json
2017-11-17,4,0001225208-17-017466,2017-11-15,xslF345X03/doc4.xml,CIK0001166691-submissions-001.json
2017-11-21,4,0001225208-17-017586,2017-11-20,xslF345X03/doc4.xml,CIK0001166691-submissions-001.json
2017-11-21,4,0001225208-17-017585,2017-11-20,xslF345X03/doc4.xml,CIK0001166691-submissions-001.json
2017-11-21,4,0001225208-17-017584,2017-11-20,xslF345X03/doc4.xml,CIK0001166691-submissions-001.json
2017-11-21,4,0001225208-17-017583,2017-11-20,xslF345X03/doc4.xml,CIK0001166691-submissions-001.json
2017-11-21,4,0001225208-17-017582,2017-11-20,xslF345X03/doc4.xml,CIK0001166691-submissions-001.json
2017-11-21,4,0001225208-17-017581,2017-11-20,xslF345X03/doc4.xml,CIK0001166691-submissions-001.json
2017-11-21,4,0001225208-17-017580,2017-11-20,xslF345X03/doc4.xml,CIK0001166691-submissions-001.json
2017-11-21,4,0001225208-17-017579,2017-11-20,xslF345X03/doc4.xml,CIK0001166691-submissions-001.json
2017-11-21,4,0001225208-17-017578,2017-11-20,xslF345X03/doc4.xml,CIK0001166691-submissions-001.json
2017-12-15,4,0001225208-17-018745,2017-12-14,xslF345X03/doc4.xml,CIK0001166691-submissions-001.json
2017-12-18,25-NSE,0000876661-17-000770,,xslF25X02/primary_doc.xml,CIK0001166691-submissions-001.json
2017-12-19,4,0001225208-17-018898,2017-12-18,xslF345X03/doc4.xml,CIK0001166691-submissions-001.json
2017-12-28,4,0001225208-17-019088,2017-12-26,xslF345X03/doc4.xml,CIK0001166691-submissions-001.json
2018-01-03,4,0001225208-18-000344,2017-12-31,xslF345X03/doc4.xml,CIK0001166691-submissions-001.json
2018-01-03,4,0001225208-18-000322,2017-12-31,xslF345X03/doc4.xml,CIK0001166691-submissions-001.json
2018-01-03,4,0001225208-18-000310,2017-12-31,xslF345X03/doc4.xml,CIK0001166691-submissions-001.json
2018-01-03,4,0001225208-18-000285,2018-01-02,xslF345X03/doc4.xml,CIK0001166691-submissions-001.json
2018-01-03,4,0001225208-18-000282,2017-12-31,xslF345X03/doc4.xml,CIK0001166691-submissions-001.json
2018-01-03,4,0001225208-18-000279,2017-12-31,xslF345X03/doc4.xml,CIK0001166691-submissions-001.json
2018-01-03,4,0001225208-18-000278,2017-12-31,xslF345X03/doc4.xml,CIK0001166691-submissions-001.json
2018-01-03,4,0001225208-18-000277,2017-12-31,xslF345X03/doc4.xml,CIK0001166691-submissions-001.json
2018-01-04,4,0001225208-18-000549,2018-01-02,xslF345X03/doc4.xml,CIK0001166691-submissions-001.json
2018-01-04,4,0001225208-18-000548,2018-01-02,xslF345X03/doc4.xml,CIK0001166691-submissions-001.json
2018-01-24,8-K,0001104659-18-003683,2018-01-24,a18-3600_18k.htm,CIK0001166691-submissions-001.json
2018-01-29,4,0001225208-18-001757,2018-01-26,xslF345X03/doc4.xml,CIK0001166691-submissions-001.json
2018-01-29,SC 13G/A,0000215457-18-003754,,us20030n1019_012918.txt,CIK0001166691-submissions-001.json
2018-01-31,10-K,0001166691-18-000004,2017-12-31,cmcsa-12312017x10k.htm,CIK0001166691-submissions-001.json
2018-01-31,IRANNOTICE,0001166691-18-000006,,irrannotice-4q17.htm,CIK0001166691-submissions-001.json
2018-02-01,424B2,0001193125-18-027833,,d478844d424b2.htm,CIK0001166691-submissions-001.json
2018-02-01,FWP,0001193125-18-029468,,d415033dfwp.htm,CIK0001166691-submissions-001.json
2018-02-01,FWP,0001193125-18-028502,,d415019dfwp.htm,CIK0001166691-submissions-001.json
2018-02-02,424B2,0001193125-18-030579,,d478727d424b2.htm,CIK0001166691-submissions-001.json
2018-02-02,424B2,0001193125-18-030555,,d478844d424b2.htm,CIK0001166691-submissions-001.json
2018-02-08,8-K,0001193125-18-036282,2018-02-01,d429972d8k.htm,CIK0001166691-submissions-001.json
2018-02-09,SC 13G/A,0000932471-18-003209,,comcastcorp.htm,CIK0001166691-submissions-001.json
2018-02-12,5,0001225208-18-002488,2017-12-31,xslF345X03/doc5.xml,CIK0001166691-submissions-001.json
2018-02-12,5,0001225208-18-002486,2017-12-31,xslF345X03/doc5.xml,CIK0001166691-submissions-001.json
2018-02-12,5,0001225208-18-002485,2017-12-31,xslF345X03/doc5.xml,CIK0001166691-submissions-001.json
2018-02-12,8-K,0001193125-18-040149,2018-02-12,d530140d8k.htm,CIK0001166691-submissions-001.json
2018-02-14,SC 13G/A,0001422849-18-000034,,edgcmcsa.txt,CIK0001166691-submissions-001.json
2018-02-22,4,0001225208-18-003667,2018-02-20,xslF345X03/doc4.xml,CIK0001166691-submissions-001.json
2018-02-22,4,0001225208-18-003666,2018-02-20,xslF345X03/doc4.xml,CIK0001166691-submissions-001.json
2018-02-22,4,0001225208-18-003665,2018-02-20,xslF345X03/doc4.xml,CIK0001166691-submissions-001.json
2018-02-22,4,0001225208-18-003664,2018-02-20,xslF345X03/doc4.xml,CIK0001166691-submissions-001.json
2018-02-27,8-K,0000950103-18-002465,2018-02-27,dp87181_8k.htm,CIK0001166691-submissions-001.json
2018-03-08,4,0001225208-18-005747,2018-03-06,xslF345X03/doc4.xml,CIK0001166691-submissions-001.json
2018-03-15,4,0001225208-18-006249,2018-03-13,xslF345X03/doc4.xml,CIK0001166691-submissions-001.json
2018-03-20,4,0001225208-18-006497,2018-03-16,xslF345X03/doc4.xml,CIK0001166691-submissions-001.json
2018-03-20,4,0001225208-18-006496,2018-03-16,xslF345X03/doc4.xml,CIK0001166691-submissions-001.json
2018-03-20,4,0001225208-18-006495,2018-03-16,xslF345X03/doc4.xml,CIK0001166691-submissions-001.json
2018-03-20,4,0001225208-18-006494,2018-03-16,xslF345X03/doc4.xml,CIK0001166691-submissions-001.json
2018-03-20,4,0001225208-18-006493,2018-03-16,xslF345X03/doc4.xml,CIK0001166691-submissions-001.json
2018-03-20,4,0001225208-18-006492,2018-03-16,xslF345X03/doc4.xml,CIK0001166691-submissions-001.json
2018-03-20,4,0001225208-18-006491,2018-03-16,xslF345X03/doc4.xml,CIK0001166691-submissions-001.json
2018-03-22,4,0001225208-18-006590,2018-03-20,xslF345X03/doc4.xml,CIK0001166691-submissions-001.json
2018-03-22,4,0001225208-18-006589,2018-03-20,xslF345X03/doc4.xml,CIK0001166691-submissions-001.json
2018-03-22,4,0001225208-18-006588,2018-03-20,xslF345X03/doc4.xml,CIK0001166691-submissions-001.json
2018-03-22,4,0001225208-18-006587,2018-03-20,xslF345X03/doc4.xml,CIK0001166691-submissions-001.json
2018-03-26,4,0001225208-18-006691,2018-03-22,xslF345X03/doc4.xml,CIK0001166691-submissions-001.json
2018-03-26,4,0001225208-18-006689,2018-03-22,xslF345X03/doc4.xml,CIK0001166691-submissions-001.json
2018-03-26,4,0001225208-18-006687,2018-03-22,xslF345X03/doc4.xml,CIK0001166691-submissions-001.json
2018-03-26,4,0001225208-18-006686,2018-03-22,xslF345X03/doc4.xml,CIK0001166691-submissions-001.json
2018-03-28,4,0001225208-18-006769,2018-03-27,xslF345X03/doc4.xml,CIK0001166691-submissions-001.json
2018-03-28,4,0001225208-18-006768,2018-03-26,xslF345X03/doc4.xml,CIK0001166691-submissions-001.json
2018-04-03,4,0001225208-18-007101,2018-03-31,xslF345X03/doc4.xml,CIK0001166691-submissions-001.json
2018-04-03,4,0001225208-18-007100,2018-03-31,xslF345X03/doc4.xml,CIK0001166691-submissions-001.json
2018-04-03,4,0001225208-18-007099,2018-03-31,xslF345X03/doc4.xml,CIK0001166691-submissions-001.json
2018-04-03,4,0001225208-18-007097,2018-03-31,xslF345X03/doc4.xml,CIK0001166691-submissions-001.json
2018-04-03,4,0001225208-18-007095,2018-03-31,xslF345X03/doc4.xml,CIK0001166691-submissions-001.json
2018-04-03,4,0001225208-18-007089,2018-03-31,xslF345X03/doc4.xml,CIK0001166691-submissions-001.json
2018-04-03,4,0001225208-18-007084,2018-03-31,xslF345X03/doc4.xml,CIK0001166691-submissions-001.json
2018-04-19,4,0001225208-18-007884,2018-04-17,xslF345X03/doc4.xml,CIK0001166691-submissions-001.json
2018-04-19,4,0001225208-18-007883,2018-04-17,xslF345X03/doc4.xml,CIK0001166691-submissions-001.json
2018-04-19,4,0001225208-18-007882,2018-04-17,xslF345X03/doc4.xml,CIK0001166691-submissions-001.json
2018-04-19,4,0001225208-18-007881,2018-04-17,xslF345X03/doc4.xml,CIK0001166691-submissions-001.json
2018-04-19,4,0001225208-18-007880,2018-04-17,xslF345X03/doc4.xml,CIK0001166691-submissions-001.json
2018-04-19,4,0001225208-18-007879,2018-04-17,xslF345X03/doc4.xml,CIK0001166691-submissions-001.json
2018-04-19,4,0001225208-18-007877,2018-04-17,xslF345X03/doc4.xml,CIK0001166691-submissions-001.json
2018-04-25,10-Q,0001166691-18-000010,2018-03-31,cmcsa-3312018x10q.htm,CIK0001166691-submissions-001.json
2018-04-25,8-K,0000950103-18-005136,2018-04-25,dp89893_8k.htm,CIK0001166691-submissions-001.json
2018-04-25,8-K,0001104659-18-026361,2018-04-25,a18-12088_18k.htm,CIK0001166691-submissions-001.json
2018-04-25,IRANNOTICE,0001166691-18-000012,,irrannotice-1q18.htm,CIK0001166691-submissions-001.json
2018-04-26,S-8,0001193125-18-134422,,d567946ds8.htm,CIK0001166691-submissions-001.json
2018-04-26,S-8,0001193125-18-134416,,d559628ds8.htm,CIK0001166691-submissions-001.json
2018-04-26,S-8 POS,0001193125-18-134440,,d559680ds8pos.htm,CIK0001166691-submissions-001.json
2018-04-30,8-K,0000950103-18-005454,2018-04-30,dp90124_8k.htm,recent
2018-04-30,DEF 14A,0001193125-18-142400,2018-06-11,d507526ddef14a.htm,recent
2018-04-30,DEFA14A,0001193125-18-142412,,d507526ddefa14a.htm,recent
2018-05-09,4,0001225208-18-008972,2018-05-08,xslF345X03/doc4.xml,recent
2018-05-09,PX14A6G,0001214659-18-003480,,j59182px14a6g.htm,recent
2018-05-16,4,0001225208-18-009481,2018-05-14,xslF345X03/doc4.xml,recent
2018-05-16,4,0001225208-18-009480,2018-05-15,xslF345X03/doc4.xml,recent
2018-05-23,8-K,0000950103-18-006444,2018-05-23,dp91239_8k.htm,recent
2018-06-12,3,0000950103-18-007328,2018-06-11,xslF345X02/dp92105_3-montiel.xml,recent
2018-06-12,4,0001225208-18-010560,2018-06-11,xslF345X03/doc4.xml,recent
2018-06-13,8-K,0000950103-18-007374,2018-06-13,dp92203_8k.htm,recent
2018-06-13,DFAN14A,0000950103-18-007378,,dp92201_dfan14a.htm,recent
2018-06-13,DFAN14A,0000950103-18-007376,,dp92243_dfan14a.htm,recent
2018-06-13,DFAN14A,0000950103-18-007375,,dp92203_8k.htm,recent
2018-06-13,PREC14A,0000950103-18-007373,,dp92200_prec14a.htm,recent
2018-06-14,4,0001225208-18-010655,2018-06-12,xslF345X03/doc4.xml,recent
2018-06-14,8-K,0001166691-18-000015,2018-06-11,cmcsa-8k.htm,recent
2018-06-14,DFAN14A,0000950103-18-007418,,dp92259_dfan14a-email.htm,recent
2018-06-14,DFAN14A,0000950103-18-007417,,dp92288_dfan14a.htm,recent
2018-06-14,DFAN14A,0000950103-18-007408,,dp92276_dfan14a.htm,recent
2018-06-14,DFAN14A,0000950103-18-007407,,dp92257_dfan14a-21cf.htm,recent
2018-06-15,DFAN14A,0000950103-18-007452,,dp92294_dfan14a.htm,recent
2018-07-03,4,0001225208-18-011275,2018-06-30,xslF345X03/doc4.xml,recent
2018-07-03,4,0001225208-18-011274,2018-06-30,xslF345X03/doc4.xml,recent
2018-07-03,4,0001225208-18-011273,2018-06-30,xslF345X03/doc4.xml,recent
2018-07-03,4,0001225208-18-011272,2018-06-30,xslF345X03/doc4.xml,recent
2018-07-03,4,0001225208-18-011271,2018-06-30,xslF345X03/doc4.xml,recent
2018-07-03,4,0001225208-18-011265,2018-06-30,xslF345X03/doc4.xml,recent
2018-07-03,4,0001225208-18-011264,2018-06-30,xslF345X03/doc4.xml,recent
2018-07-12,8-K,0000950103-18-008459,2018-07-11,dp93321_8k.htm,recent
2018-07-26,10-Q,0001166691-18-000019,2018-06-30,cmcsa-6302018x10q.htm,recent
2018-07-26,8-K,0001104659-18-047181,2018-07-26,a18-17706_18k.htm,recent
2018-07-26,IRANNOTICE,0001166691-18-000021,,irrannotice-2q18.htm,recent
2018-08-22,8-K,0000950103-18-009879,2018-08-22,dp94689_8k.htm,recent
2018-09-20,4,0000950103-18-010908,2018-09-18,xslF345X03/dp95783_4-roberts.xml,recent
2018-09-24,8-K,0000950103-18-010970,2018-09-21,dp95843_8k.htm,recent
2018-09-24,UPLOAD,0000000000-18-029952,,filename1.pdf,recent
2018-09-24,UPLOAD,0000000000-18-029950,,filename1.pdf,recent
2018-09-25,4,0001225208-18-013740,2018-09-21,xslF345X03/doc4.xml,recent
2018-09-25,4,0001225208-18-013739,2018-09-21,xslF345X03/doc4.xml,recent
2018-10-01,4,0001225208-18-013896,2018-09-27,xslF345X03/doc4.xml,recent
2018-10-01,8-K,0000950103-18-011342,2018-10-01,dp96296_8k.htm,recent
2018-10-02,4,0001225208-18-014132,2018-09-30,xslF345X03/doc4.xml,recent
2018-10-02,4,0001225208-18-014129,2018-09-30,xslF345X03/doc4.xml,recent
2018-10-02,4,0001225208-18-014123,2018-09-30,xslF345X03/doc4.xml,recent
2018-10-02,4,0001225208-18-014112,2018-09-30,xslF345X03/doc4.xml,recent
2018-10-02,4,0001225208-18-014099,2018-09-30,xslF345X03/doc4.xml,recent
2018-10-02,4,0001225208-18-014098,2018-09-30,xslF345X03/doc4.xml,recent
2018-10-02,4,0001225208-18-014097,2018-09-30,xslF345X03/doc4.xml,recent
2018-10-02,424B2,0001193125-18-290289,,d619307d424b2.htm,recent
2018-10-03,424B2,0001193125-18-291924,,d619307d424b2.htm,recent
2018-10-03,FWP,0001193125-18-291174,,d619307dfwp.htm,recent
2018-10-04,8-K,0000950103-18-011645,2018-10-04,dp96573_8k.htm,recent
2018-10-05,8-K,0000950103-18-011754,2018-10-05,dp96611_8k.htm,recent
2018-10-09,8-K,0000950103-18-011830,2018-10-09,dp96755_8k.htm,recent
2018-10-09,CORRESP,0000950103-18-011825,,filename1.htm,recent
2018-10-19,4,0001225208-18-014755,2018-10-17,xslF345X03/doc4.xml,recent
2018-10-25,10-Q,0001166691-18-000024,2018-09-30,cmcsa-9302018x10q.htm,recent
2018-10-25,8-K,0001104659-18-063795,2018-10-25,a18-37140_18k.htm,recent
2018-10-25,IRANNOTICE,0001166691-18-000026,,irrannotice-3q18.htm,recent
2018-10-31,4,0001225208-18-015006,2018-10-30,xslF345X03/doc4.xml,recent
2018-11-05,4,0000950103-18-013068,2018-11-01,xslF345X03/dp98018_4-bonovitz.xml,recent
2018-11-06,UPLOAD,0000000000-18-034567,,filename1.pdf,recent
2018-11-06,UPLOAD,0000000000-18-034566,,filename1.pdf,recent
2018-11-07,CORRESP,0000950103-18-013209,,filename1.htm,recent
2018-11-15,UPLOAD,0000000000-18-035377,,filename1.pdf,recent
2018-11-15,UPLOAD,0000000000-18-035375,,filename1.pdf,recent
2018-11-19,4,0001225208-18-015652,2018-11-15,xslF345X03/doc4.xml,recent
2018-11-21,4,0001225208-18-015812,2018-11-20,xslF345X03/doc4.xml,recent
2018-11-21,4,0001225208-18-015811,2018-11-20,xslF345X03/doc4.xml,recent
2018-11-21,4,0001225208-18-015810,2018-11-20,xslF345X03/doc4.xml,recent
2018-11-21,4,0001225208-18-015809,2018-11-20,xslF345X03/doc4.xml,recent
2018-11-21,4,0001225208-18-015808,2018-11-20,xslF345X03/doc4.xml,recent
2018-11-21,4,0001225208-18-015807,2018-11-20,xslF345X03/doc4.xml,recent
2018-11-21,4,0001225208-18-015806,2018-11-20,xslF345X03/doc4.xml,recent
2018-11-21,4,0001225208-18-015805,2018-11-20,xslF345X03/doc4.xml,recent
2018-11-21,4,0001225208-18-015804,2018-11-20,xslF345X03/doc4.xml,recent
2018-12-11,4,0001225208-18-016477,2018-12-10,xslF345X03/doc4.xml,recent
2018-12-18,8-K/A,0001193125-18-352064,2018-10-09,d654855d8ka.htm,recent
2018-12-19,4,0001225208-18-016897,2018-12-18,xslF345X03/doc4.xml,recent
2018-12-21,8-K,0000950103-18-014887,2018-12-21,dp99797_8k.htm,recent
2018-12-28,4,0001225208-18-017055,2018-12-26,xslF345X03/doc4.xml,recent
2019-01-02,4,0001225208-19-000098,2018-12-31,xslF345X03/doc4.xml,recent
2019-01-02,4,0001225208-19-000097,2018-12-31,xslF345X03/doc4.xml,recent
2019-01-02,4,0001225208-19-000096,2018-12-31,xslF345X03/doc4.xml,recent
2019-01-02,4,0001225208-19-000094,2018-12-31,xslF345X03/doc4.xml,recent
2019-01-02,4,0001225208-19-000093,2018-12-31,xslF345X03/doc4.xml,recent
2019-01-02,4,0001225208-19-000092,2018-12-31,xslF345X03/doc4.xml,recent
2019-01-02,4,0001225208-19-000091,2018-12-31,xslF345X03/doc4.xml,recent
2019-01-23,8-K,0001104659-19-002843,2019-01-23,a19-3249_18k.htm,recent
2019-01-25,4,0001225208-19-001278,2019-01-24,xslF345X03/doc4.xml,recent
2019-01-31,10-K,0001166691-19-000005,2018-12-31,cmcsa-12312018x10k.htm,recent
2019-01-31,IRANNOTICE,0001166691-19-000007,,irrannotice-4q18.htm,recent
2019-02-04,8-K,0001104659-19-005315,2019-02-04,a19-3914_18k.htm,recent
2019-02-04,SC 13G/A,0000215457-19-003357,,us20030n1019_020119.txt,recent
2019-02-07,4,0001225208-19-001959,2019-02-05,xslF345X03/doc4.xml,recent
2019-02-08,5,0001225208-19-002065,2018-12-31,xslF345X03/doc5.xml,recent
2019-02-08,5,0001225208-19-002064,2018-12-31,xslF345X03/doc5.xml,recent
2019-02-08,5,0001225208-19-002061,2018-12-31,xslF345X03/doc5.xml,recent
2019-02-08,5,0001225208-19-002059,2018-12-31,xslF345X03/doc5.xml,recent
2019-02-11,SC 13G/A,0000950103-19-001862,,dp102195_sc13ga.htm,recent
2019-02-11,SC 13G/A,0000932471-19-004472,,comcastcorp.htm,recent
2019-02-14,4,0001225208-19-002534,2019-02-12,xslF345X03/doc4.xml,recent
2019-02-14,4,0000950103-19-002008,2019-02-12,xslF345X03/dp102262_4-watson.xml,recent
2019-02-14,4,0000950103-19-002007,2019-02-12,xslF345X03/dp102261_4-cohen.xml,recent
2019-02-14,4,0000950103-19-002006,2019-02-12,xslF345X03/dp102260_4-cavanagh.xml,recent
2019-02-14,4,0000950103-19-002005,2019-02-12,xslF345X03/dp102259_4-burke.xml,recent
2019-02-14,4,0000950103-19-002004,2019-02-12,xslF345X03/dp102258_4-roberts.xml,recent
2019-02-19,4,0000950103-19-002087,2019-02-15,xslF345X03/ownership.xml,recent
2019-02-19,4,0000950103-19-002086,2019-02-14,xslF345X03/ownership.xml,recent
2019-02-21,4,0001225208-19-003252,2019-02-19,xslF345X03/doc4.xml,recent
2019-02-22,4,0001225208-19-003390,2019-02-21,xslF345X03/doc4.xml,recent
2019-03-12,4,0001225208-19-005134,2019-03-11,xslF345X03/doc4.xml,recent
2019-03-19,4,0001225208-19-005514,2019-03-15,xslF345X03/doc4.xml,recent
2019-03-19,4,0001225208-19-005491,2019-03-15,xslF345X03/doc4.xml,recent
2019-03-19,4,0001225208-19-005510,2019-03-15,xslF345X03/doc4.xml,recent
2019-03-19,4,0001225208-19-005517,2019-03-15,xslF345X03/doc4.xml,recent
2019-03-19,4,0001225208-19-005500,2019-03-15,xslF345X03/doc4.xml,recent
2019-03-19,4,0001225208-19-005488,2019-03-15,xslF345X03/doc4.xml,recent
2019-03-19,4,0001225208-19-005486,2019-03-15,xslF345X03/doc4.xml,recent
2019-03-21,4,0001225208-19-005684,2019-03-19,xslF345X03/doc4.xml,recent
2019-03-21,4,0001225208-19-005683,2019-03-19,xslF345X03/doc4.xml,recent
2019-03-21,4,0001225208-19-005682,2019-03-19,xslF345X03/doc4.xml,recent
2019-03-21,4,0001225208-19-005681,2019-03-20,xslF345X03/doc4.xml,recent
2019-03-21,4,0001225208-19-005680,2019-03-20,xslF345X03/doc4.xml,recent
2019-03-21,4,0001225208-19-005671,2019-03-20,xslF345X03/doc4.xml,recent
2019-03-21,8-K,0000950103-19-003575,2019-03-21,dp103787_8k.htm,recent
2019-03-25,4,0001225208-19-005770,2019-03-21,xslF345X03/doc4.xml,recent
2019-03-25,4,0001225208-19-005769,2019-03-21,xslF345X03/doc4.xml,recent
2019-03-25,4,0001225208-19-005768,2019-03-21,xslF345X03/doc4.xml,recent
2019-03-25,4,0001225208-19-005767,2019-03-21,xslF345X03/doc4.xml,recent
2019-03-27,4,0001225208-19-005831,2019-03-25,xslF345X03/doc4.xml,recent
2019-04-01,4,0001225208-19-005936,2019-03-28,xslF345X03/doc4.xml,recent
2019-04-02,4,0001225208-19-006128,2019-03-31,xslF345X03/doc4.xml,recent
2019-04-02,4,0001225208-19-006126,2019-03-31,xslF345X03/doc4.xml,recent
2019-04-02,4,0001225208-19-006125,2019-03-31,xslF345X03/doc4.xml,recent
2019-04-02,4,0001225208-19-006124,2019-03-31,xslF345X03/doc4.xml,recent
2019-04-02,4,0001225208-19-006123,2019-03-31,xslF345X03/doc4.xml,recent
2019-04-02,4,0001225208-19-006105,2019-03-31,xslF345X03/doc4.xml,recent
2019-04-02,4,0001225208-19-006104,2019-03-31,xslF345X03/doc4.xml,recent
2019-04-12,8-K,0000950103-19-004753,2019-04-12,dp105111_8k.htm,recent
2019-04-15,4,0001225208-19-006716,2019-04-12,xslF345X03/doc4.xml,recent
2019-04-16,3,0000950103-19-004849,2019-04-15,xslF345X02/dp105170_3-reid.xml,recent
2019-04-18,4,0001225208-19-006979,2019-04-16,xslF345X03/doc4.xml,recent
2019-04-18,4,0001225208-19-006975,2019-04-16,xslF345X03/doc4.xml,recent
2019-04-18,4,0001225208-19-006970,2019-04-16,xslF345X03/doc4.xml,recent
2019-04-18,4,0001225208-19-006966,2019-04-16,xslF345X03/doc4.xml,recent
2019-04-18,4,0001225208-19-006960,2019-04-16,xslF345X03/doc4.xml,recent
2019-04-24,4,0001225208-19-007150,2019-04-23,xslF345X03/doc4.xml,recent
2019-04-25,10-Q,0001166691-19-000010,2019-03-31,cmcsa-3312019x10q.htm,recent
2019-04-25,8-K,0001104659-19-023559,2019-04-25,a19-8806_18k.htm,recent
2019-04-25,IRANNOTICE,0001166691-19-000012,,irannotice-1q19.htm,recent
2019-04-26,8-K,0000950103-19-005150,2019-04-26,dp105486_8k.htm,recent
2019-04-26,DEF 14A,0001193125-19-121456,2019-06-05,d696198ddef14a.htm,recent
2019-04-26,DEFA14A,0001193125-19-121461,,d696198ddefa14a.htm,recent
2019-04-29,4,0001225208-19-007274,2019-04-26,xslF345X03/doc4.xml,recent
2019-05-09,4,0000950103-19-006199,2019-05-07,xslF345X03/dp106565_4-bonovitz.xml,recent
2019-05-14,8-K,0000950103-19-006331,2019-05-14,dp106765_8k.htm,recent
2019-05-17,4,0000950103-19-006506,2019-05-15,xslF345X03/dp106900_4-cavanagh.xml,recent
2019-05-21,PX14A6G,0001214659-19-003719,,d521190px14a6g.htm,recent
2019-05-22,4,0000950103-19-006690,2019-05-20,xslF345X03/dp107062_4-montiel.xml,recent
2019-05-29,8-K,0000950103-19-006870,2019-05-29,dp107303_8k.htm,recent
2019-06-07,8-K,0000950103-19-007912,2019-06-05,dp108319_8k.htm,recent
2019-06-14,4,0000950103-19-008077,2019-06-12,xslF345X03/dp108485_4-murdock.xml,recent
2019-06-20,8-K,0000950103-19-008213,2019-06-19,dp108508_8k.htm,recent
2019-06-28,S-8,0001193125-19-185588,,d763353ds8.htm,recent
2019-07-02,4,0000950103-19-009127,2019-06-30,xslF345X03/dp109486_4-honickman.xml,recent
2019-07-02,4,0000950103-19-009126,2019-06-30,xslF345X03/dp109485_4-novak.xml,recent
2019-07-02,4,0000950103-19-009124,2019-06-30,xslF345X03/dp109484_4-nakahara.xml,recent
2019-07-02,4,0000950103-19-009122,2019-06-30,xslF345X03/dp109483_4-hassell.xml,recent
2019-07-02,4,0000950103-19-009121,2019-06-30,xslF345X03/dp109482_4-breen.xml,recent
2019-07-02,4,0000950103-19-009120,2019-06-30,xslF345X03/dp109481_4-bell.xml,recent
2019-07-02,4,0001225208-19-009934,2019-06-30,xslF345X03/doc4.xml,recent
2019-07-08,4,0001225208-19-010101,2019-07-05,xslF345X03/doc4.xml,recent
2019-07-25,10-Q,0001166691-19-000015,2019-06-30,cmcsa-6302019x10q.htm,recent
2019-07-25,8-K,0001410578-19-000556,2019-07-25,tv525150_8-k.htm,recent
2019-07-25,IRANNOTICE,0001166691-19-000017,,irannotice-2q19.htm,recent
2019-08-01,8-K/A,0001193125-19-210443,2018-10-09,d736987d8ka.htm,recent
2019-08-01,S-3ASR,0001193125-19-210630,,d781512ds3asr.htm,recent
2019-08-23,4,0001225208-19-011837,2019-08-21,xslF345X03/doc4.xml,recent
2019-09-06,4,0000950103-19-012152,2019-09-04,xslF345X03/dp112588_4-bacon.xml,recent
2019-09-09,4,0000950103-19-012194,2019-09-05,xslF345X03/dp112643_4-burke.xml,recent
2019-09-19,4,0000950103-19-012502,2019-09-17,xslF345X03/dp112949_4-roberts.xml,recent
2019-09-19,4,0001225208-19-012707,2019-09-18,xslF345X03/doc4.xml,recent
2019-09-25,3,0000950103-19-012740,2019-09-25,xslF345X02/dp113030_3-comcastcorp.xml,recent
2019-10-02,4,0001225208-19-012969,2019-09-30,xslF345X03/doc4.xml,recent
2019-10-02,4,0001225208-19-012968,2019-09-30,xslF345X03/doc4.xml,recent
2019-10-02,4,0001225208-19-012967,2019-09-30,xslF345X03/doc4.xml,recent
2019-10-02,4,0001225208-19-012966,2019-09-30,xslF345X03/doc4.xml,recent
2019-10-02,4,0001225208-19-012965,2019-09-30,xslF345X03/doc4.xml,recent
2019-10-02,4,0001225208-19-012964,2019-09-30,xslF345X03/doc4.xml,recent
2019-10-02,4,0001225208-19-012963,2019-09-30,xslF345X03/doc4.xml,recent
2019-10-18,4,0001225208-19-013644,2019-10-16,xslF345X03/doc4.xml,recent
2019-10-24,10-Q,0001166691-19-000020,2019-09-30,cmcsa-9302019x10q.htm,recent
2019-10-24,8-K,0001104659-19-055976,2019-10-24,tm1920735-1_8k.htm,recent
2019-10-29,4,0001225208-19-013910,2019-10-28,xslF345X03/doc4.xml,recent
2019-10-29,FWP,0001193125-19-277814,,d822672dfwp.htm,recent
2019-10-30,4,0001225208-19-013937,2019-10-29,xslF345X03/doc4.xml,recent
2019-10-30,424B2,0001193125-19-279172,,d822672d424b2.htm,recent
2019-10-31,4,0000950103-19-014710,2019-10-30,xslF345X03/dp115208_4-cohen.xml,recent
2019-11-05,8-K,0001193125-19-284710,2019-11-05,d824692d8k.htm,recent
2019-11-22,4,0001225208-19-014781,2019-11-20,xslF345X03/doc4.xml,recent
2019-11-22,4,0001225208-19-014780,2019-11-20,xslF345X03/doc4.xml,recent
2019-11-22,4,0001225208-19-014779,2019-11-20,xslF345X03/doc4.xml,recent
2019-11-22,4,0001225208-19-014778,2019-11-20,xslF345X03/doc4.xml,recent
2019-11-22,4,0001225208-19-014777,2019-11-20,xslF345X03/doc4.xml,recent
2019-11-22,4,0001225208-19-014776,2019-11-20,xslF345X03/doc4.xml,recent
2019-11-22,4,0001225208-19-014775,2019-11-20,xslF345X03/doc4.xml,recent
2019-11-22,4,0001225208-19-014774,2019-11-20,xslF345X03/doc4.xml,recent
2019-11-22,4,0001225208-19-014773,2019-11-20,xslF345X03/doc4.xml,recent
2019-12-05,8-K,0000950103-19-016875,2019-12-05,dp117290_8k.htm,recent
2019-12-16,8-K,0000950103-19-017222,2019-12-16,dp117654_8k.htm,recent
2019-12-18,4,0000950103-19-017349,2019-12-16,xslF345X03/dp117761_4-watson.xml,recent
2019-12-18,4,0001225208-19-015959,2019-12-16,xslF345X03/doc4.xml,recent
2020-01-03,4,0001225208-20-000235,2019-12-31,xslF345X03/doc4.xml,recent
2020-01-03,4,0001225208-20-000234,2019-12-31,xslF345X03/doc4.xml,recent
2020-01-03,4,0001225208-20-000233,2019-12-31,xslF345X03/doc4.xml,recent
2020-01-03,4,0001225208-20-000232,2019-12-31,xslF345X03/doc4.xml,recent
2020-01-03,4,0001225208-20-000229,2019-12-31,xslF345X03/doc4.xml,recent
2020-01-03,4,0001225208-20-000228,2019-12-31,xslF345X03/doc4.xml,recent
2020-01-03,4,0001225208-20-000227,2019-12-31,xslF345X03/doc4.xml,recent
2020-01-17,4,0001225208-20-000888,2020-01-15,xslF345X03/doc4.xml,recent
2020-01-23,8-K,0001166691-20-000003,2020-01-23,a4q19earningscover.htm,recent
2020-01-30,10-K,0001166691-20-000008,2019-12-31,cmcsa-12312019x10k.htm,recent
2020-01-30,IRANNOTICE,0001166691-20-000010,,irannotice-4q19.htm,recent
2020-02-05,424B2,0001193125-20-024707,,d881651d424b2.htm,recent
2020-02-05,8-K,0001193125-20-025499,2020-02-05,d884623d8k.htm,recent
2020-02-05,FWP,0001193125-20-025483,,d844443dfwp.htm,recent
2020-02-05,SC 13G/A,0000834237-20-004640,,us20030n1019_020420.txt,recent
2020-02-06,424B2,0001193125-20-026876,,d881651d424b2.htm,recent
2020-02-07,4,0001225208-20-001812,2020-02-06,xslF345X03/doc4.xml,recent
2020-02-12,SC 13G/A,0001104659-20-018021,,tv01366-comcastcorp.htm,recent
2020-02-13,SC 13G,0001193125-20-034732,,d877213dsc13g.htm,recent
2020-02-13,SC 13G/A,0001193125-20-034739,,d812342dsc13ga.htm,recent
2020-02-20,4,0001225208-20-002931,2020-02-18,xslF345X03/doc4.xml,recent
2020-02-20,4,0001225208-20-002930,2020-02-18,xslF345X03/doc4.xml,recent
2020-02-20,4,0001225208-20-002929,2020-02-18,xslF345X03/doc4.xml,recent
2020-02-20,4,0001225208-20-002928,2020-02-18,xslF345X03/doc4.xml,recent
2020-02-20,4,0001225208-20-002927,2020-02-17,xslF345X03/doc4.xml,recent
2020-02-20,8-A12B,0001193125-20-043527,,d859378d8a12b.htm,recent
2020-02-20,8-K,0001193125-20-043519,2020-02-20,d859188d8k.htm,recent
2020-02-24,4,0001225208-20-003260,2020-02-20,xslF345X03/doc4.xml,recent
2020-02-26,3,0000950103-20-003397,2020-02-19,xslF345X02/dp121956_3-miller.xml,recent
2020-02-26,3,0000950103-20-003395,2020-02-19,xslF345X02/dp121957_3-shell.xml,recent
2020-02-27,CERT,0001354457-20-000101,,8A_Cert_Comcast.pdf,recent
2020-03-04,4,0001225208-20-004323,2020-03-01,xslF345X03/doc4.xml,recent
2020-03-04,4,0001225208-20-004322,2020-03-02,xslF345X03/doc4.xml,recent
2020-03-04,4,0001225208-20-004321,2020-03-02,xslF345X03/doc4.xml,recent
2020-03-04,4,0001225208-20-004320,2020-03-02,xslF345X03/doc4.xml,recent
2020-03-04,4,0001225208-20-004319,2020-03-02,xslF345X03/doc4.xml,recent
2020-03-04,4,0001225208-20-004318,2020-03-02,xslF345X03/doc4.xml,recent
2020-03-04,4,0001225208-20-004317,2020-03-02,xslF345X03/doc4.xml,recent
2020-03-04,4,0001225208-20-004316,2020-03-01,xslF345X03/doc4.xml,recent
2020-03-18,4,0001225208-20-005342,2020-03-16,xslF345X03/doc4.xml,recent
2020-03-18,4,0001225208-20-005341,2020-03-16,xslF345X03/doc4.xml,recent
2020-03-18,4,0001225208-20-005340,2020-03-16,xslF345X03/doc4.xml,recent
2020-03-18,4,0001225208-20-005339,2020-03-16,xslF345X03/doc4.xml,recent
2020-03-18,4,0001225208-20-005338,2020-03-16,xslF345X03/doc4.xml,recent
2020-03-20,4,0001225208-20-005439,2020-03-18,xslF345X03/doc4.xml,recent
2020-03-20,4,0001225208-20-005438,2020-03-18,xslF345X03/doc4.xml,recent
2020-03-20,4,0001225208-20-005437,2020-03-18,xslF345X03/doc4.xml,recent
2020-03-20,4,0001225208-20-005436,2020-03-18,xslF345X03/doc4.xml,recent
2020-03-24,4,0001225208-20-005486,2020-03-20,xslF345X03/doc4.xml,recent
2020-03-24,4,0001225208-20-005485,2020-03-20,xslF345X03/doc4.xml,recent
2020-03-24,8-K,0001193125-20-083230,2020-03-24,d905896d8k.htm,recent
2020-03-24,FWP,0000950103-20-005900,,dp124545_fwp.htm,recent
2020-03-25,424B2,0001193125-20-084738,,d900512d424b2.htm,recent
2020-03-27,8-K,0001193125-20-088734,2020-03-27,d905110d8k.htm,recent
2020-04-02,4,0001225208-20-005897,2020-03-31,xslF345X03/doc4.xml,recent
2020-04-02,4,0001225208-20-005896,2020-03-31,xslF345X03/doc4.xml,recent
2020-04-02,4,0001225208-20-005895,2020-03-31,xslF345X03/doc4.xml,recent
2020-04-02,4,0001225208-20-005894,2020-03-31,xslF345X03/doc4.xml,recent
2020-04-02,4,0001225208-20-005892,2020-03-31,xslF345X03/doc4.xml,recent
2020-04-02,4,0001225208-20-005889,2020-03-31,xslF345X03/doc4.xml,recent
2020-04-13,3,0000950103-20-007437,2020-04-01,xslF345X02/dp126072_3-comcast.xml,recent
2020-04-13,SC 13G,0000950103-20-007396,,dp125903_sc13g.htm,recent
2020-04-16,4,0001225208-20-006502,2020-04-14,xslF345X03/doc4.xml,recent
2020-04-16,4,0001225208-20-006501,2020-04-15,xslF345X03/doc4.xml,recent
2020-04-16,4,0001225208-20-006500,2020-04-15,xslF345X03/doc4.xml,recent
2020-04-16,4,0001225208-20-006499,2020-04-15,xslF345X03/doc4.xml,recent
2020-04-16,4,0001225208-20-006498,2020-04-15,xslF345X03/doc4.xml,recent
2020-04-17,4,0001225208-20-006570,2020-04-16,xslF345X03/doc4.xml,recent
2020-04-20,4,0000950103-20-007755,2020-04-16,xslF345X03/dp126283_4-comcastcorp.xml,recent
2020-04-24,DEF 14A,0001193125-20-118504,2020-06-03,d781322ddef14a.htm,recent
2020-04-24,DEFA14A,0001193125-20-118509,,d781322ddefa14a.htm,recent
2020-04-30,10-Q,0001166691-20-000017,2020-03-31,cmcsa-3312020x10q.htm,recent
2020-04-30,8-K,0001166691-20-000015,2020-04-30,a1q20earningscover.htm,recent
2020-05-11,4,0001225208-20-007377,2020-05-08,xslF345X03/doc4.xml,recent
2020-05-18,4,0001225208-20-007919,2020-05-15,xslF345X03/doc4.xml,recent
2020-05-20,8-K,0001193125-20-147494,2020-05-20,d934129d8k.htm,recent
2020-05-20,FWP,0000950103-20-009947,,dp128589_fwp.htm,recent
2020-05-21,424B2,0001193125-20-148749,,d915883d424b2.htm,recent
2020-05-22,4,0001225208-20-008141,2020-05-20,xslF345X03/doc4.xml,recent
2020-05-22,4,0001225208-20-008140,2020-05-20,xslF345X03/doc4.xml,recent
2020-05-28,8-K,0001193125-20-154347,2020-05-28,d858193d8k.htm,recent
2020-06-02,PX14A6G,0001214659-20-005312,,r61201px14a6g.htm,recent
2020-06-05,3,0000950103-20-011203,2020-06-03,xslF345X02/dp129773_3-bergman.xml,recent
2020-06-05,4,0001225208-20-008680,2020-06-03,xslF345X03/doc4.xml,recent
2020-06-05,8-K,0000950103-20-011162,2020-06-03,dp129780_8k.htm,recent
2020-06-11,8-K,0000950103-20-011430,2020-06-11,dp130021_8k.htm,recent
2020-06-16,4,0001225208-20-009032,2020-06-12,xslF345X03/doc4.xml,recent
2020-06-18,8-K,0000950103-20-011933,2020-06-17,dp130455_8k.htm,recent
2020-07-02,4,0001225208-20-009455,2020-06-30,xslF345X03/doc4.xml,recent
2020-07-02,4,0001225208-20-009446,2020-06-30,xslF345X03/doc4.xml,recent
2020-07-02,4,0001225208-20-009445,2020-06-30,xslF345X03/doc4.xml,recent
2020-07-02,4,0001225208-20-009444,2020-06-30,xslF345X03/doc4.xml,recent
2020-07-02,4,0001225208-20-009443,2020-06-30,xslF345X03/doc4.xml,recent
2020-07-02,4,0001225208-20-009441,2020-06-30,xslF345X03/doc4.xml,recent
2020-07-02,4,0001225208-20-009401,2020-06-30,xslF345X03/doc4.xml,recent
2020-07-09,4,0001225208-20-009666,2020-06-19,xslF345X03/doc4.xml,recent
2020-07-10,S-8,0001193125-20-191151,,d947563ds8.htm,recent
2020-07-22,UPLOAD,0000000000-20-006653,,filename1.pdf,recent
2020-07-30,10-Q,0001166691-20-000024,2020-06-30,cmcsa-6302020x10q.htm,recent
2020-07-30,8-K,0001166691-20-000022,2020-07-30,a2q20earningscover.htm,recent
2020-08-04,4,0001225208-20-010227,2020-08-03,xslF345X03/doc4.xml,recent
2020-08-04,4,0001225208-20-010226,2020-07-31,xslF345X03/doc4.xml,recent
2020-08-04,4,0001225208-20-010220,2020-07-31,xslF345X03/doc4.xml,recent
2020-08-04,4,0001225208-20-010218,2020-07-31,xslF345X03/doc4.xml,recent
2020-08-04,4,0001225208-20-010216,2020-07-31,xslF345X03/doc4.xml,recent
2020-08-04,4,0001225208-20-010215,2020-07-31,xslF345X03/doc4.xml,recent
2020-08-04,4,0001225208-20-010214,2020-07-31,xslF345X03/doc4.xml,recent
2020-08-04,CORRESP,0000950103-20-015101,,filename1.htm,recent
2020-08-11,8-K,0000950103-20-015669,2020-08-11,dp134198_8k.htm,recent
2020-08-11,FWP,0000950103-20-015668,,dp134304_fwp.htm,recent
2020-08-12,424B2,0001193125-20-217801,,d82713d424b2.htm,recent
2020-08-18,CORRESP,0000950103-20-016018,,filename1.htm,recent
2020-08-25,4,0001225208-20-010977,2020-08-21,xslF345X03/doc4.xml,recent
2020-08-25,8-K,0000950103-20-016315,2020-08-25,dp134822_8k.htm,recent
2020-08-27,UPLOAD,0000000000-20-008052,,filename1.pdf,recent
2020-09-21,4,0001225208-20-011703,2020-09-18,xslF345X03/doc4.xml,recent
2020-09-21,4,0001225208-20-011702,2020-09-17,xslF345X03/doc4.xml,recent
2020-10-02,4,0001225208-20-012081,2020-09-30,xslF345X03/doc4.xml,recent
2020-10-02,4,0001225208-20-012080,2020-09-30,xslF345X03/doc4.xml,recent
2020-10-02,4,0001225208-20-012079,2020-09-30,xslF345X03/doc4.xml,recent
2020-10-02,4,0001225208-20-012078,2020-09-30,xslF345X03/doc4.xml,recent
2020-10-02,4,0001225208-20-012077,2020-09-30,xslF345X03/doc4.xml,recent
2020-10-02,4,0001225208-20-012075,2020-09-30,xslF345X03/doc4.xml,recent
2020-10-16,4,0001225208-20-012516,2020-10-15,xslF345X03/doc4.xml,recent
2020-10-29,10-Q,0001166691-20-000032,2020-09-30,cmcsa-20200930.htm,recent
2020-10-29,8-K,0001166691-20-000030,2020-10-29,cmcsa-20201029.htm,recent
2020-11-24,4,0001225208-20-013852,2020-11-20,xslF345X03/doc4.xml,recent
2020-11-24,4,0001225208-20-013851,2020-11-20,xslF345X03/doc4.xml,recent
2020-11-24,4,0001225208-20-013850,2020-11-20,xslF345X03/doc4.xml,recent
2020-11-24,4,0001225208-20-013849,2020-11-20,xslF345X03/doc4.xml,recent
2020-11-24,4,0001225208-20-013848,2020-11-20,xslF345X03/doc4.xml,recent
2020-11-24,4,0001225208-20-013847,2020-11-20,xslF345X03/doc4.xml,recent
2020-11-24,4,0001225208-20-013844,2020-11-20,xslF345X03/doc4.xml,recent
2020-11-24,4,0001225208-20-013843,2020-11-20,xslF345X03/doc4.xml,recent
2020-11-24,4,0001225208-20-013842,2020-11-20,xslF345X03/doc4.xml,recent
2020-12-03,4,0001225208-20-014219,2020-12-02,xslF345X03/doc4.xml,recent
2020-12-21,4,0001225208-20-014925,2020-12-20,xslF345X03/doc4.xml,recent
2021-01-05,4,0000950103-21-000086,2020-12-31,xslF345X03/dp143827_4.xml,recent
2021-01-05,4,0001225208-21-000288,2020-12-31,xslF345X03/doc4.xml,recent
2021-01-05,4,0001225208-21-000287,2020-12-31,xslF345X03/doc4.xml,recent
2021-01-05,4,0001225208-21-000285,2020-12-31,xslF345X03/doc4.xml,recent
2021-01-05,4,0001225208-21-000281,2020-12-31,xslF345X03/doc4.xml,recent
2021-01-05,4,0001225208-21-000280,2020-12-31,xslF345X03/doc4.xml,recent
2021-01-05,4,0001225208-21-000279,2020-12-31,xslF345X03/doc4.xml,recent
2021-01-06,4,0001225208-21-000517,2021-01-04,xslF345X03/doc4.xml,recent
2021-01-28,8-K,0001166691-21-000004,2021-01-28,cmcsa-20210128.htm,recent
2021-01-29,4,0001225208-21-001282,2021-01-28,xslF345X03/doc4.xml,recent
2021-02-01,4,0001225208-21-001336,2021-01-29,xslF345X03/doc4.xml,recent
2021-02-01,4,0001225208-21-001335,2021-01-29,xslF345X03/doc4.xml,recent
2021-02-04,10-K,0001166691-21-000008,2020-12-31,cmcsa-20201231.htm,recent
2021-02-05,SC 13G/A,0000834237-21-007532,,us20030n1019_020421.txt,recent
2021-02-10,SC 13G/A,0001104659-21-017801,,tv0587-comcastcorpclassa.htm,recent
2021-02-12,4,0001225208-21-002375,2021-02-10,xslF345X03/doc4.xml,recent
2021-02-12,4,0001225208-21-002372,2021-02-11,xslF345X03/doc4.xml,recent
2021-02-12,5,0001225208-21-002386,2020-12-31,xslF345X03/doc5.xml,recent
2021-02-12,5,0001225208-21-002383,2020-12-31,xslF345X03/doc5.xml,recent
2021-02-12,SC 13G/A,0001193125-21-040361,,d123576dsc13ga.htm,recent
2021-02-12,SC 13G/A,0001193125-21-040347,,d123766dsc13ga.htm,recent
2021-02-16,4,0001225208-21-002504,2021-02-15,xslF345X03/doc4.xml,recent
2021-02-19,4,0001225208-21-003172,2021-02-17,xslF345X03/doc4.xml,recent
2021-02-26,3,0000950103-21-003205,2021-02-24,xslF345X02/dp146969_3-strong.xml,recent
2021-02-26,S-8,0001193125-21-060628,,d126023ds8.htm,recent
2021-03-03,4,0001225208-21-004525,2021-03-01,xslF345X03/doc4.xml,recent
2021-03-03,4,0001225208-21-004519,2021-03-01,xslF345X03/doc4.xml,recent
2021-03-03,4,0001225208-21-004515,2021-03-01,xslF345X03/doc4.xml,recent
2021-03-03,4,0001225208-21-004504,2021-03-01,xslF345X03/doc4.xml,recent
2021-03-03,4,0001225208-21-004502,2021-03-01,xslF345X03/doc4.xml,recent
2021-03-03,4,0001225208-21-004499,2021-03-01,xslF345X03/doc4.xml,recent
2021-03-03,4,0001225208-21-004491,2021-03-01,xslF345X03/doc4.xml,recent
2021-03-03,4,0001225208-21-004486,2021-03-01,xslF345X03/doc4.xml,recent
2021-03-05,4,0001225208-21-004806,2021-03-04,xslF345X03/doc4.xml,recent
2021-03-05,4,0001225208-21-004805,2021-03-04,xslF345X03/doc4.xml,recent
2021-03-08,8-K,0001166691-21-000012,2021-03-08,cmcsa-20210308.htm,recent
2021-03-17,4,0001225208-21-005533,2021-02-26,xslF345X03/doc4.xml,recent
2021-03-17,4,0001225208-21-005532,2021-02-26,xslF345X03/doc4.xml,recent
2021-03-17,4,0001225208-21-005523,2021-03-15,xslF345X03/doc4.xml,recent
2021-03-17,4,0001225208-21-005522,2021-03-15,xslF345X03/doc4.xml,recent
2021-03-17,4,0001225208-21-005514,2021-03-15,xslF345X03/doc4.xml,recent
2021-03-17,4,0001225208-21-005504,2021-03-15,xslF345X03/doc4.xml,recent
2021-03-17,4,0001225208-21-005501,2021-03-15,xslF345X03/doc4.xml,recent
2021-03-19,4,0001225208-21-005693,2021-03-17,xslF345X03/doc4.xml,recent
2021-03-19,4,0001225208-21-005691,2021-03-17,xslF345X03/doc4.xml,recent
2021-03-19,4,0001225208-21-005690,2021-03-17,xslF345X03/doc4.xml,recent
2021-03-19,4,0001225208-21-005689,2021-03-17,xslF345X03/doc4.xml,recent
2021-03-31,8-K,0000950103-21-005001,2021-03-31,dp148717_8k.htm,recent
2021-04-02,4,0001225208-21-006259,2021-03-31,xslF345X03/doc4.xml,recent
2021-04-02,4,0001225208-21-006258,2021-03-31,xslF345X03/doc4.xml,recent
2021-04-02,4,0001225208-21-006257,2021-03-31,xslF345X03/doc4.xml,recent
2021-04-02,4,0001225208-21-006256,2021-03-31,xslF345X03/doc4.xml,recent
2021-04-02,4,0001225208-21-006255,2021-03-31,xslF345X03/doc4.xml,recent
2021-04-02,4,0001225208-21-006254,2021-03-31,xslF345X03/doc4.xml,recent
2021-04-05,4,0001225208-21-006430,2021-04-01,xslF345X03/doc4.xml,recent
2021-04-05,4,0001225208-21-006428,2021-04-01,xslF345X03/doc4.xml,recent
2021-04-05,4,0001225208-21-006423,2021-04-01,xslF345X03/doc4.xml,recent
2021-04-15,4,0001225208-21-006774,2021-04-14,xslF345X03/doc4.xml,recent
2021-04-23,DEF 14A,0001206774-21-001222,2021-06-02,cmcsa3829211-def14a.htm,recent
2021-04-23,DEFA14A,0001206774-21-001223,,cmcsa3829211-defa14a.htm,recent
2021-04-28,4,0001225208-21-007099,2021-04-27,xslF345X03/doc4.xml,recent
2021-04-29,10-Q,0001166691-21-000020,2021-03-31,cmcsa-20210331.htm,recent
2021-04-29,8-K,0001166691-21-000018,2021-04-29,cmcsa-20210429.htm,recent
2021-04-30,4,0001225208-21-007304,2021-04-30,xslF345X03/doc4.xml,recent
2021-05-04,4,0001225208-21-007474,2021-05-03,xslF345X03/doc4.xml,recent
2021-05-11,4,0001225208-21-007941,2021-05-10,xslF345X03/doc4.xml,recent
2021-05-25,8-K,0000950103-21-007771,2021-05-25,dp151661_8k.htm,recent
2021-06-04,8-K,0001166691-21-000022,2021-06-02,cmcsa-20210602.htm,recent
2021-06-07,4,0001225208-21-009051,2021-06-04,xslF345X03/doc4.xml,recent
2021-07-02,4,0001225208-21-010117,2021-06-30,xslF345X03/doc4.xml,recent
2021-07-02,4,0001225208-21-010116,2021-06-30,xslF345X03/doc4.xml,recent
2021-07-02,4,0001225208-21-010115,2021-06-30,xslF345X03/doc4.xml,recent
2021-07-02,4,0001225208-21-010114,2021-06-30,xslF345X03/doc4.xml,recent
2021-07-02,4,0001225208-21-010113,2021-06-30,xslF345X03/doc4.xml,recent
2021-07-02,4,0001225208-21-010111,2021-06-30,xslF345X03/doc4.xml,recent
2021-07-20,4,0001225208-21-010795,2021-07-19,xslF345X03/doc4.xml,recent
2021-07-29,10-Q,0001166691-21-000029,2021-06-30,cmcsa-20210630.htm,recent
2021-07-29,8-K,0001166691-21-000027,2021-07-29,cmcsa-20210729.htm,recent
2021-08-02,8-K,0000950103-21-011713,2021-08-02,dp155589_8k.htm,recent
2021-08-17,8-K,0000950103-21-012399,2021-08-16,dp156195_8k.htm,recent
2021-08-19,8-K,0000950103-21-012610,2021-08-19,dp156478_8k.htm,recent
2021-08-23,4,0001225208-21-011634,2021-08-21,xslF345X03/doc4.xml,recent
2021-09-07,424B2,0001193125-21-265930,,d204948d424b2.htm,recent
2021-09-07,FWP,0000950103-21-013614,,dp157542_fwp.htm,recent
2021-09-08,424B2,0001193125-21-267901,,d204948d424b2.htm,recent
2021-09-14,8-A12B,0000950103-21-013949,,dp157764_8a12b.htm,recent
2021-09-14,8-K,0000950103-21-013948,2021-09-14,dp157762_8k.htm,recent
2021-09-14,CERT,0001354457-21-001051,,8A_CERT_CMCS.pdf,recent
2021-09-14,UPLOAD,0000000000-21-011155,,filename1.pdf,recent
2021-09-28,CORRESP,0000950103-21-014753,,filename1.htm,recent
2021-10-04,4,0001225208-21-012691,2021-09-30,xslF345X03/doc4.xml,recent
2021-10-04,4,0001225208-21-012690,2021-09-30,xslF345X03/doc4.xml,recent
2021-10-04,4,0001225208-21-012689,2021-09-30,xslF345X03/doc4.xml,recent
2021-10-04,4,0001225208-21-012688,2021-09-30,xslF345X03/doc4.xml,recent
2021-10-04,4,0001225208-21-012687,2021-09-30,xslF345X03/doc4.xml,recent
2021-10-04,4,0001225208-21-012686,2021-09-30,xslF345X03/doc4.xml,recent
2021-10-12,4,0001225208-21-013085,2021-10-11,xslF345X03/doc4.xml,recent
2021-10-19,UPLOAD,0000000000-21-012626,,filename1.pdf,recent
2021-10-26,CORRESP,0000950103-21-016578,,filename1.htm,recent
2021-10-28,10-Q,0001166691-21-000036,2021-09-30,cmcsa-20210930.htm,recent
2021-10-28,8-K,0001166691-21-000034,2021-10-28,cmcsa-20211028.htm,recent
2021-11-02,4,0001225208-21-013448,2021-10-29,xslF345X03/doc4.xml,recent
2021-11-02,4,0001225208-21-013447,2021-10-29,xslF345X03/doc4.xml,recent
2021-11-03,8-K,0000950103-21-017330,2021-11-03,dp161150_8k.htm,recent
2021-11-17,CORRESP,0000950103-21-017973,,filename1.htm,recent
2021-11-23,4,0001225208-21-014134,2021-11-20,xslF345X03/doc4.xml,recent
2021-11-23,4,0001225208-21-014133,2021-11-20,xslF345X03/doc4.xml,recent
2021-11-23,4,0001225208-21-014132,2021-11-20,xslF345X03/doc4.xml,recent
2021-11-23,4,0001225208-21-014131,2021-11-20,xslF345X03/doc4.xml,recent
2021-11-23,4,0001225208-21-014130,2021-11-20,xslF345X03/doc4.xml,recent
2021-11-23,4,0001225208-21-014129,2021-11-20,xslF345X03/doc4.xml,recent
2021-11-23,4,0001225208-21-014128,2021-11-20,xslF345X03/doc4.xml,recent
2021-11-23,4,0001225208-21-014127,2021-11-20,xslF345X03/doc4.xml,recent
2021-11-23,4,0001225208-21-014126,2021-11-20,xslF345X03/doc4.xml,recent
2021-12-08,3,0000950103-21-019450,2021-12-03,xslF345X02/dp163226_3-comcast.xml,recent
2021-12-13,SC 13D,0000950103-21-019655,,dp163575_sc13d.htm,recent
2021-12-16,4,0001225208-21-015077,2021-12-14,xslF345X03/doc4.xml,recent
2021-12-16,4,0001225208-21-015076,2021-12-15,xslF345X03/doc4.xml,recent
2021-12-21,4,0001225208-21-015178,2021-12-20,xslF345X03/doc4.xml,recent
2022-01-04,4,0001225208-22-000206,2021-12-31,xslF345X03/doc4.xml,recent
2022-01-04,4,0001225208-22-000210,2021-12-31,xslF345X03/doc4.xml,recent
2022-01-04,4,0001225208-22-000205,2021-12-31,xslF345X03/doc4.xml,recent
2022-01-04,4,0001225208-22-000193,2021-12-31,xslF345X03/doc4.xml,recent
2022-01-04,4,0001225208-22-000192,2021-12-31,xslF345X03/doc4.xml,recent
2022-01-04,4,0001225208-22-000190,2021-12-31,xslF345X03/doc4.xml,recent
2022-01-05,4,0001225208-22-000469,2022-01-03,xslF345X03/doc4.xml,recent
2022-01-05,4,0001225208-22-000468,2022-01-03,xslF345X03/doc4.xml,recent
2022-01-10,4,0000950103-22-000394,2021-12-03,xslF345X03/dp164935_4-comcast.xml,recent
2022-01-14,UPLOAD,0000000000-22-000545,,filename1.pdf,recent
2022-01-27,8-K,0001166691-22-000004,2022-01-27,cmcsa-20220127.htm,recent
2022-01-31,CORRESP,0000950103-22-001621,,filename1.htm,recent
2022-02-02,10-K,0001166691-22-000009,2021-12-31,cmcsa-20211231.htm,recent
2022-02-02,4,0001225208-22-001325,2022-02-01,xslF345X03/doc4.xml,recent
2022-02-03,S-8,0001193125-22-027039,,d304085ds8.htm,recent
2022-02-07,UPLOAD,0000000000-22-001507,,filename1.pdf,recent
2022-02-08,SC 13G,0000834237-22-008408,,us20030n1019_020822.txt,recent
2022-02-09,SC 13G/A,0001104659-22-016244,,tv0031-comcastcorpclassa.htm,recent
2022-02-10,5,0001225208-22-001813,2021-12-31,xslF345X03/doc5.xml,recent
2022-02-10,5,0001225208-22-001812,2021-12-31,xslF345X03/doc5.xml,recent
2022-02-10,5,0001225208-22-001811,2021-12-31,xslF345X03/doc5.xml,recent
2022-02-10,SC 13G/A,0001166691-22-000011,,schedule13-gx2022.htm,recent
2022-02-11,SC 13G/A,0000950103-22-002393,,dp167012_sc13ga.htm,recent
2022-02-16,4,0001225208-22-002333,2022-02-15,xslF345X03/doc4.xml,recent
2022-02-18,4,0001225208-22-002765,2022-02-17,xslF345X03/doc4.xml,recent
2022-02-23,4,0001225208-22-003084,2022-02-18,xslF345X03/doc4.xml,recent
2022-02-23,4,0001225208-22-003076,2022-02-22,xslF345X03/doc4.xml,recent
2022-02-24,4,0001225208-22-003313,2022-02-22,xslF345X03/doc4.xml,recent
2022-02-24,4,0001225208-22-003305,2022-02-22,xslF345X03/doc4.xml,recent
2022-02-24,4,0001225208-22-003304,2022-02-22,xslF345X03/doc4.xml,recent
2022-02-24,4,0001225208-22-003303,2022-02-22,xslF345X03/doc4.xml,recent
2022-03-03,4,0001225208-22-004119,2022-03-01,xslF345X03/doc4.xml,recent
2022-03-03,4,0001225208-22-004118,2022-03-01,xslF345X03/doc4.xml,recent
2022-03-03,4,0001225208-22-004117,2022-03-01,xslF345X03/doc4.xml,recent
2022-03-03,4,0001225208-22-004114,2022-03-01,xslF345X03/doc4.xml,recent
2022-03-03,4,0001225208-22-004113,2022-03-01,xslF345X03/doc4.xml,recent
2022-03-03,4,0001225208-22-004106,2022-03-01,xslF345X03/doc4.xml,recent
2022-03-03,4,0001225208-22-004109,2022-03-01,xslF345X03/doc4.xml,recent
2022-03-03,4,0001225208-22-004105,2022-03-01,xslF345X03/doc4.xml,recent
2022-03-11,SC 13G/A,0000834237-22-009155,,us20030n1019_031122.txt,recent
2022-03-14,4,0001225208-22-004648,2022-03-11,xslF345X03/doc4.xml,recent
2022-03-17,4,0001225208-22-004864,2022-03-15,xslF345X03/doc4.xml,recent
2022-03-17,4,0001225208-22-004863,2022-03-15,xslF345X03/doc4.xml,recent
2022-03-17,4,0001225208-22-004861,2022-03-15,xslF345X03/doc4.xml,recent
2022-03-17,4,0001225208-22-004860,2022-03-15,xslF345X03/doc4.xml,recent
2022-03-17,4,0001225208-22-004859,2022-03-15,xslF345X03/doc4.xml,recent
2022-03-18,4,0001225208-22-004891,2022-03-17,xslF345X03/doc4.xml,recent
2022-03-18,4,0001225208-22-004890,2022-03-17,xslF345X03/doc4.xml,recent
2022-03-18,4,0001225208-22-004889,2022-03-17,xslF345X03/doc4.xml,recent
2022-03-18,4,0001225208-22-004888,2022-03-17,xslF345X03/doc4.xml,recent
2022-03-18,S-4,0001193125-22-079048,,d335618ds4.htm,recent
2022-03-21,UPLOAD,0000000000-22-003068,,filename1.pdf,recent
2022-04-04,4,0001225208-22-005378,2022-04-01,xslF345X03/doc4.xml,recent
2022-04-04,4,0001225208-22-005377,2022-03-31,xslF345X03/doc4.xml,recent
2022-04-04,4,0001225208-22-005376,2022-03-31,xslF345X03/doc4.xml,recent
2022-04-04,4,0001225208-22-005375,2022-03-31,xslF345X03/doc4.xml,recent
2022-04-04,4,0001225208-22-005374,2022-03-31,xslF345X03/doc4.xml,recent
2022-04-04,4,0001225208-22-005373,2022-03-31,xslF345X03/doc4.xml,recent
2022-04-04,4,0001225208-22-005372,2022-03-31,xslF345X03/doc4.xml,recent
2022-04-18,4,0001225208-22-005865,2022-04-14,xslF345X03/doc4.xml,recent
2022-04-22,CORRESP,0001193125-22-114969,,filename1.htm,recent
2022-04-22,DEF 14A,0001206774-22-001186,2022-06-01,cmcsa4011221-def14a.htm,recent
2022-04-22,DEFA14A,0001206774-22-001187,,cmcsa4011221-defa14a.htm,recent
2022-04-22,S-4/A,0001193125-22-114790,,d290874ds4a.htm,recent
2022-04-25,424B3,0001193125-22-117049,,d290874d424b3.htm,recent
2022-04-25,EFFECT,9999999995-22-001076,,xslEFFECTX01/primary_doc.xml,recent
2022-04-25,PX14A6G,0001214659-22-005736,,b425223px14a6g.htm,recent
2022-04-26,PX14A6G,0001214659-22-005834,,o426222px14a6g.htm,recent
2022-04-28,10-Q,0001166691-22-000018,2022-03-31,cmcsa-20220331.htm,recent
2022-04-28,4,0001225208-22-006230,2022-04-27,xslF345X03/doc4.xml,recent
2022-04-28,8-K,0001166691-22-000016,2022-04-28,cmcsa-20220428.htm,recent
2022-04-28,PX14A6G,0001214659-22-005971,,p428225px14a6g.htm,recent
2022-05-25,4,0001225208-22-007378,2022-05-23,xslF345X03/doc4.xml,recent
2022-05-31,4,0001225208-22-007460,2022-05-27,xslF345X03/doc4.xml,recent
2022-05-31,SD,0000950103-22-009650,,dp174131_sd.htm,recent
2022-06-03,8-K,0000950103-22-010112,2022-06-01,dp174738_8k.htm,recent
2022-06-21,4,0001225208-22-008215,2022-06-17,xslF345X03/doc4.xml,recent
2022-07-05,4,0001225208-22-008506,2022-06-30,xslF345X03/doc4.xml,recent
2022-07-05,4,0001225208-22-008503,2022-06-30,xslF345X03/doc4.xml,recent
2022-07-05,4,0001225208-22-008504,2022-06-30,xslF345X03/doc4.xml,recent
2022-07-05,4,0001225208-22-008502,2022-06-30,xslF345X03/doc4.xml,recent
2022-07-05,4,0001225208-22-008501,2022-06-30,xslF345X03/doc4.xml,recent
2022-07-05,4,0001225208-22-008500,2022-06-30,xslF345X03/doc4.xml,recent
2022-07-28,10-Q,0001166691-22-000030,2022-06-30,cmcsa-20220630.htm,recent
2022-07-28,8-K,0001166691-22-000027,2022-07-28,cmcsa-20220728.htm,recent
2022-07-29,S-3ASR,0001193125-22-205728,,d278911ds3asr.htm,recent
2022-08-22,4,0001225208-22-009713,2022-08-19,xslF345X03/doc4.xml,recent
2022-09-02,UPLOAD,0000000000-22-009617,,filename1.pdf,recent
2022-09-12,CORRESP,0000950103-22-015555,,filename1.htm,recent
2022-10-03,4,0001225208-22-010583,2022-09-30,xslF345X03/doc4.xml,recent
2022-10-03,4,0001225208-22-010582,2022-09-30,xslF345X03/doc4.xml,recent
2022-10-03,4,0001225208-22-010581,2022-09-30,xslF345X03/doc4.xml,recent
2022-10-03,4,0001225208-22-010580,2022-09-30,xslF345X03/doc4.xml,recent
2022-10-03,4,0001225208-22-010579,2022-09-30,xslF345X03/doc4.xml,recent
2022-10-12,4,0001225208-22-010951,2022-10-11,xslF345X03/doc4.xml,recent
2022-10-12,8-K,0000950103-22-017696,2022-10-11,dp182381_8k.htm,recent
2022-10-18,UPLOAD,0000000000-22-011448,,filename1.pdf,recent
2022-10-27,10-Q,0001166691-22-000039,2022-09-30,cmcsa-20220930.htm,recent
2022-10-27,8-K,0001166691-22-000037,2022-10-27,cmcsa-20221027.htm,recent
2022-10-31,FWP,0000950103-22-018793,,dp183476_fwp.htm,recent
2022-11-01,424B2,0001193125-22-275045,,d400407d424b2.htm,recent
2022-11-07,8-K,0001193125-22-279138,2022-11-07,d290698d8k.htm,recent
2022-11-23,4,0001225208-22-011883,2022-11-20,xslF345X03/doc4.xml,recent
2022-11-23,4,0001225208-22-011882,2022-11-20,xslF345X03/doc4.xml,recent
2022-11-23,4,0001225208-22-011881,2022-11-20,xslF345X03/doc4.xml,recent
2022-11-23,4,0001225208-22-011880,2022-11-20,xslF345X03/doc4.xml,recent
2022-11-23,4,0001225208-22-011879,2022-11-20,xslF345X03/doc4.xml,recent
2022-11-23,4,0001225208-22-011878,2022-11-20,xslF345X03/doc4.xml,recent
2022-11-23,4,0001225208-22-011877,2022-11-20,xslF345X03/doc4.xml,recent
2022-11-23,4,0001225208-22-011876,2022-11-20,xslF345X03/doc4.xml,recent
2022-12-15,4,0001225208-22-012837,2022-12-14,xslF345X03/doc4.xml,recent
2022-12-21,4,0001225208-22-012951,2022-12-20,xslF345X03/doc4.xml,recent
2022-12-27,8-K,0000950103-22-021407,2022-12-20,dp185899_8k.htm,recent
2022-12-30,8-K,0000950103-22-021872,2022-12-28,dp186161_8k.htm,recent
2023-01-04,4,0001225208-23-000199,2022-12-31,xslF345X03/doc4.xml,recent
2023-01-04,4,0001225208-23-000198,2022-12-31,xslF345X03/doc4.xml,recent
2023-01-04,4,0001225208-23-000201,2022-12-31,xslF345X03/doc4.xml,recent
2023-01-04,4,0001225208-23-000196,2022-12-31,xslF345X03/doc4.xml,recent
2023-01-04,4,0001225208-23-000194,2022-12-31,xslF345X03/doc4.xml,recent
2023-01-05,4,0001225208-23-000406,2023-01-03,xslF345X03/doc4.xml,recent
2023-01-05,4,0001225208-23-000405,2023-01-03,xslF345X03/doc4.xml,recent
2023-01-06,3,0000950103-23-000211,2023-01-01,xslF345X02/dp186710_3-khoury.xml,recent
2023-01-06,3,0000950103-23-000210,2023-01-01,xslF345X02/dp186709_3-armstrong.xml,recent
2023-01-06,4,0001225208-23-000462,2023-01-04,xslF345X03/doc4.xml,recent
2023-01-06,8-K,0000950103-23-000208,2023-01-06,dp186651_8k.htm,recent
2023-01-09,4/A,0001225208-23-000520,2023-01-03,xslF345X03/doc4a.xml,recent
2023-01-24,5,0001225208-23-000836,2022-12-31,xslF345X03/doc5.xml,recent
2023-01-26,8-K,0001166691-23-000005,2023-01-26,cmcsa-20230126.htm,recent
2023-01-27,4,0001225208-23-001000,2023-01-25,xslF345X03/doc4.xml,recent
2023-01-30,4,0001225208-23-001073,2023-01-27,xslF345X03/doc4.xml,recent
2023-02-01,4,0000950103-23-001657,2023-01-30,xslF345X03/dp188134_4-buzzfeed.xml,recent
2023-02-01,SC 13D/A,0000950103-23-001652,,dp188146_sc13da1.htm,recent
2023-02-03,10-K,0001166691-23-000010,2022-12-31,cmcsa-20221231.htm,recent
2023-02-06,4,0000950103-23-001910,2023-02-02,xslF345X03/dp188423_4-buzzfeed.xml,recent
2023-02-06,SC 13D/A,0000950103-23-001908,,dp188412_sc13da.htm,recent
2023-02-07,424B2,0001193125-23-026262,,d380816d424b2.htm,recent
2023-02-07,FWP,0000950103-23-001968,,dp188520_fwp.htm,recent
2023-02-07,SC 13G/A,0001306550-23-008270,,us20030n1019_020723.txt,recent
2023-02-08,424B2,0001193125-23-028432,,d380816d424b2.htm,recent
2023-02-09,8-K,0001193125-23-030148,2023-02-09,d411790d8k.htm,recent
2023-02-09,SC 13G/A,0001104659-23-015673,,tv0625-comcastcorpclassa.htm,recent
2023-02-16,4,0001225208-23-002074,2023-02-14,xslF345X03/doc4.xml,recent
2023-02-21,4,0000950103-23-002652,2023-02-16,xslF345X03/dp189142_4-comcast.xml,recent
2023-02-21,SC 13D/A,0000950103-23-002649,,dp189089_sc13da-3.htm,recent
2023-03-03,4,0001225208-23-003314,2023-03-01,xslF345X03/doc4.xml,recent
2023-03-03,4,0001225208-23-003300,2023-03-01,xslF345X03/doc4.xml,recent
2023-03-03,4,0001225208-23-003297,2023-03-01,xslF345X03/doc4.xml,recent
2023-03-03,4,0001225208-23-003295,2023-03-01,xslF345X03/doc4.xml,recent
2023-03-03,4,0001225208-23-003296,2023-03-01,xslF345X03/doc4.xml,recent
2023-03-03,4,0001225208-23-003293,2023-03-01,xslF345X03/doc4.xml,recent
2023-03-09,4,0001225208-23-003622,2023-03-07,xslF345X03/doc4.xml,recent
2023-03-13,8-K,0001166691-23-000014,2023-03-13,cmcsa-20230313.htm,recent
2023-03-15,8-K,0000950103-23-004120,2023-03-15,dp190622_8k.htm,recent
2023-03-17,3,0000950103-23-004314,2023-03-15,xslF345X02/dp190687_3-baltimore.xml,recent
2023-03-17,4,0001225208-23-004084,2023-03-15,xslF345X03/doc4.xml,recent
2023-03-17,4,0001225208-23-004082,2023-03-15,xslF345X03/doc4.xml,recent
2023-03-17,4,0001225208-23-004081,2023-03-15,xslF345X03/doc4.xml,recent
2023-03-17,4,0001225208-23-004079,2023-03-15,xslF345X03/doc4.xml,recent
2023-03-17,4,0001225208-23-004080,2023-03-15,xslF345X03/doc4.xml,recent
2023-03-17,4,0001225208-23-004078,2023-03-15,xslF345X03/doc4.xml,recent
2023-03-30,4,0001225208-23-004323,2023-03-29,xslF345X04/doc4.xml,recent
2023-04-04,4,0001225208-23-004573,2023-03-31,xslF345X04/doc4.xml,recent
2023-04-04,4,0001225208-23-004571,2023-03-31,xslF345X04/doc4.xml,recent
2023-04-04,4,0001225208-23-004566,2023-03-31,xslF345X04/doc4.xml,recent
2023-04-04,4,0001225208-23-004556,2023-03-31,xslF345X04/doc4.xml,recent
2023-04-04,4,0001225208-23-004555,2023-03-31,xslF345X04/doc4.xml,recent
2023-04-04,4,0001225208-23-004552,2023-04-01,xslF345X04/doc4.xml,recent
2023-04-04,4,0001225208-23-004554,2023-04-01,xslF345X04/doc4.xml,recent
2023-04-04,4,0001225208-23-004549,2023-04-01,xslF345X04/doc4.xml,recent
2023-04-21,8-K,0000950103-23-006033,2023-04-21,dp190706_8k.htm,recent
2023-04-24,8-K,0000950103-23-006065,2023-04-23,dp192586_8k.htm,recent
2023-04-27,10-Q,0001166691-23-000024,2023-03-31,cmcsa-20230331.htm,recent
2023-04-27,8-K,0001166691-23-000020,2023-04-27,cmcsa-20230427.htm,recent
2023-04-28,DEF 14A,0001308179-23-000809,,cmcsa4130111-def14a.htm,recent
2023-04-28,DEFA14A,0001308179-23-000810,,cmcsa4130111-defa14a.htm,recent
2023-05-01,8-K,0000950103-23-006594,2023-05-01,dp193091_8k.htm,recent
2023-05-01,FWP,0000950103-23-006640,,dp193184_fwp-corp.htm,recent
2023-05-01,PX14A6G,0001214659-23-006270,,g51231px14a6g.htm,recent
2023-05-02,424B2,0001193125-23-132607,,d49739d424b2.htm,recent
2023-05-08,8-K,0000950103-23-006958,2023-05-05,dp193468_8k.htm,recent
2023-05-09,8-K,0000950103-23-007049,2023-05-09,dp193525_8k.htm,recent
2023-05-09,PX14A6G,0001214659-23-006687,,o58231px14a6g.htm,recent
2023-05-11,PX14A6G,0001214659-23-006813,,b511231px14a6g.htm,recent
2023-05-22,PX14A6G,0001214659-23-007643,,x522231px14a6g.htm,recent
2023-05-23,PX14A6G,0001096906-23-001173,,nlpc_px14a6g.htm,recent
2023-05-24,4,0001225208-23-006207,2023-05-22,xslF345X04/doc4.xml,recent
2023-05-24,4,0001225208-23-006206,2023-05-22,xslF345X04/doc4.xml,recent
2023-05-26,DEFA14A,0000950103-23-007948,,dp194463_defa14a.htm,recent
2023-05-26,SD,0000950103-23-007954,,dp194192_sd.htm,recent
2023-06-06,4,0001225208-23-006595,2023-06-05,xslF345X04/doc4.xml,recent
2023-06-09,8-K,0000950103-23-008707,2023-06-07,dp195127_8k.htm,recent
2023-06-14,4,0001225208-23-006817,2023-06-13,xslF345X04/doc4.xml,recent
2023-06-14,4,0001225208-23-006816,2023-06-12,xslF345X04/doc4.xml,recent
2023-06-21,4,0001225208-23-006939,2023-06-19,xslF345X04/doc4.xml,recent
2023-07-03,S-8,0001193125-23-181088,,d504313ds8.htm,recent
2023-07-03,S-8,0001193125-23-181086,,d517513ds8.htm,recent
2023-07-05,4,0001225208-23-007278,2023-06-30,xslF345X04/doc4.xml,recent
2023-07-05,4,0001225208-23-007253,2023-06-30,xslF345X04/doc4.xml,recent
2023-07-05,4,0001225208-23-007252,2023-06-30,xslF345X04/doc4.xml,recent
2023-07-05,4,0001225208-23-007251,2023-06-30,xslF345X04/doc4.xml,recent
2023-07-05,4,0001225208-23-007246,2023-06-30,xslF345X04/doc4.xml,recent
2023-07-27,10-Q,0001166691-23-000032,2023-06-30,cmcsa-20230630.htm,recent
2023-07-27,8-K,0001166691-23-000029,2023-07-27,cmcsa-20230727.htm,recent
2023-08-07,4,0001225208-23-008038,2023-08-04,xslF345X05/doc4.xml,recent
2023-08-30,4,0001225208-23-008553,2023-08-28,xslF345X05/doc4.xml,recent
2023-09-11,8-K,0000950103-23-013446,2023-09-08,dp199910_8k.htm,recent
2023-10-03,4,0001225208-23-009222,2023-09-30,xslF345X05/doc4.xml,recent
2023-10-03,4,0001225208-23-009221,2023-09-30,xslF345X05/doc4.xml,recent
2023-10-03,4,0001225208-23-009212,2023-09-30,xslF345X05/doc4.xml,recent
2023-10-03,4,0001225208-23-009211,2023-09-30,xslF345X05/doc4.xml,recent
2023-10-03,4,0001225208-23-009210,2023-09-30,xslF345X05/doc4.xml,recent
2023-10-03,8-K,0000950103-23-014572,2023-10-03,dp200774_8k.htm,recent
2023-10-05,3,0000950103-23-014711,2023-10-03,xslF345X02/dp201087_3-brady.xml,recent
2023-10-05,4,0001225208-23-009371,2023-10-03,xslF345X05/doc4.xml,recent
2023-10-26,10-Q,0001166691-23-000040,2023-09-30,cmcsa-20230930.htm,recent
2023-10-26,8-K,0001166691-23-000037,2023-10-26,cmcsa-20231026.htm,recent
2023-11-14,144,0001968582-23-000659,,xsl144X01/primary_doc.xml,recent
2023-11-14,144,0001968582-23-000656,,xsl144X01/primary_doc.xml,recent
2023-11-15,4,0001225208-23-010239,2023-11-14,xslF345X05/doc4.xml,recent
2023-11-20,144,0001959173-23-004879,,xsl144X01/primary_doc.xml,recent
2023-11-22,4,0001225208-23-010402,2023-11-20,xslF345X05/doc4.xml,recent
2023-11-22,4,0001225208-23-010401,2023-11-20,xslF345X05/doc4.xml,recent
2023-11-22,4,0001225208-23-010400,2023-11-20,xslF345X05/doc4.xml,recent
2023-11-22,4,0001225208-23-010398,2023-11-20,xslF345X05/doc4.xml,recent
2023-11-22,4,0001225208-23-010397,2023-11-20,xslF345X05/doc4.xml,recent
2023-11-22,4,0001225208-23-010399,2023-11-20,xslF345X05/doc4.xml,recent
2023-11-22,4,0001225208-23-010396,2023-11-20,xslF345X05/doc4.xml,recent
2023-11-22,4,0001225208-23-010395,2023-11-20,xslF345X05/doc4.xml,recent
2023-11-22,4,0001225208-23-010394,2023-11-20,xslF345X05/doc4.xml,recent
2023-11-22,4,0001225208-23-010393,2023-11-20,xslF345X05/doc4.xml,recent
2023-11-22,4,0001225208-23-010392,2023-11-20,xslF345X05/doc4.xml,recent
2023-12-06,4,0000950103-23-017253,2023-12-04,xslF345X05/dp203739_4-comcast.xml,recent
2023-12-06,8-K/A,0000950103-23-017250,2023-10-03,dp203713_8ka.htm,recent
2023-12-18,4,0001225208-23-011162,2023-12-14,xslF345X05/doc4.xml,recent
2024-01-03,4,0001225208-24-000212,2023-12-31,xslF345X05/doc4.xml,recent
2024-01-03,4,0001225208-24-000211,2023-12-31,xslF345X05/doc4.xml,recent
2024-01-03,4,0001225208-24-000210,2023-12-31,xslF345X05/doc4.xml,recent
2024-01-03,4,0001225208-24-000209,2023-12-31,xslF345X05/doc4.xml,recent
2024-01-03,4,0001225208-24-000208,2023-12-31,xslF345X05/doc4.xml,recent
2024-01-03,4,0001225208-24-000207,2023-12-31,xslF345X05/doc4.xml,recent
2024-01-04,4,0001225208-24-000384,2024-01-02,xslF345X05/doc4.xml,recent
2024-01-04,4,0001225208-24-000379,2024-01-02,xslF345X05/doc4.xml,recent
2024-01-04,4,0001225208-24-000378,2024-01-02,xslF345X05/doc4.xml,recent
2024-01-08,4,0001225208-24-000495,2024-01-04,xslF345X05/doc4.xml,recent
2024-01-16,4,0001225208-24-000926,2024-01-14,xslF345X05/doc4.xml,recent
2024-01-25,8-K,0001166691-24-000005,2024-01-25,cmcsa-20240125.htm,recent
2024-01-29,144,0001959173-24-000482,,xsl144X01/primary_doc.xml,recent
2024-01-29,4,0001225208-24-001266,2024-01-26,xslF345X05/doc4.xml,recent
2024-01-30,4,0001225208-24-001298,2024-01-29,xslF345X05/doc4.xml,recent
2024-01-31,10-K,0001166691-24-000011,2023-12-31,cmcsa-20231231.htm,recent
2024-01-31,4,0001225208-24-001355,2024-01-30,xslF345X05/doc4.xml,recent
2024-02-09,3/A,0000950103-24-002005,2023-01-01,xslF345X02/dp206567_3a-armstrong.xml,recent
2024-02-09,3/A,0000950103-24-002004,2023-01-01,xslF345X02/dp206568_3a-khoury.xml,recent
2024-02-13,SC 13G/A,0001104659-24-020037,,tv0045-comcastcorporationcla.htm,recent
2024-02-13,SC 13G/A,0001086364-24-006983,,us20030n1019_021224.txt,recent
2024-02-16,4,0001225208-24-002278,2024-02-15,xslF345X05/doc4.xml,recent
2024-02-23,S-8,0001193125-24-043964,,d791018ds8.htm,recent
2024-02-23,S-8,0001193125-24-043841,,d792092ds8.htm,recent
2024-03-05,4,0001225208-24-003756,2024-03-01,xslF345X05/doc4.xml,recent
2024-03-05,4,0001225208-24-003755,2024-03-01,xslF345X05/doc4.xml,recent
2024-03-05,4,0001225208-24-003754,2024-03-01,xslF345X05/doc4.xml,recent
2024-03-05,4,0001225208-24-003752,2024-03-01,xslF345X05/doc4.xml,recent
2024-03-05,4,0001225208-24-003751,2024-03-01,xslF345X05/doc4.xml,recent
2024-03-05,4,0001225208-24-003748,2024-03-01,xslF345X05/doc4.xml,recent
2024-03-11,4,0001225208-24-004024,2024-03-08,xslF345X05/doc4.xml,recent
2024-03-19,4,0001225208-24-004307,2024-03-15,xslF345X05/doc4.xml,recent
2024-03-19,4,0001225208-24-004306,2024-03-15,xslF345X05/doc4.xml,recent
2024-03-19,4,0001225208-24-004305,2024-03-15,xslF345X05/doc4.xml,recent
2024-03-19,4,0001225208-24-004304,2024-03-15,xslF345X05/doc4.xml,recent
2024-03-19,4,0001225208-24-004303,2024-03-15,xslF345X05/doc4.xml,recent
2024-04-01,4,0001225208-24-004658,2024-03-29,xslF345X05/doc4.xml,recent
2024-04-01,SC 13G,0000950103-24-004738,,dp209244_sc13g-zapata.htm,recent
2024-04-02,4,0001225208-24-004762,2024-03-31,xslF345X05/doc4.xml,recent
2024-04-02,4,0001225208-24-004761,2024-03-31,xslF345X05/doc4.xml,recent
2024-04-02,4,0001225208-24-004760,2024-03-31,xslF345X05/doc4.xml,recent
2024-04-02,4,0001225208-24-004759,2024-03-31,xslF345X05/doc4.xml,recent
2024-04-02,4,0001225208-24-004758,2024-03-31,xslF345X05/doc4.xml,recent
2024-04-02,4,0001225208-24-004757,2024-03-31,xslF345X05/doc4.xml,recent
2024-04-02,4,0001225208-24-004756,2024-03-31,xslF345X05/doc4.xml,recent
2024-04-02,4,0001225208-24-004755,2024-03-31,xslF345X05/doc4.xml,recent
2024-04-02,4,0001225208-24-004752,2024-03-31,xslF345X05/doc4.xml,recent
2024-04-02,4,0001225208-24-004747,2024-04-01,xslF345X05/doc4.xml,recent
2024-04-15,8-K,0001166691-24-000019,2024-04-15,cmcsa-20240415.htm,recent
2024-04-17,3,0000950103-24-005419,2024-04-15,xslF345X02/dp209868_3-wonya.xml,recent
2024-04-17,4,0001225208-24-005087,2024-04-15,xslF345X05/doc4.xml,recent
2024-04-25,10-Q,0001166691-24-000031,2024-03-31,cmcsa-20240331.htm,recent
2024-04-25,8-K,0001166691-24-000028,2024-04-25,cmcsa-20240425.htm,recent
2024-04-26,DEF 14A,0001308179-24-000600,2024-06-10,cmcsa4226581-def14a.htm,recent
2024-04-26,DEFA14A,0001308179-24-000601,,cmcsa4226581-defa14a.htm,recent
2024-05-13,4,0001225208-24-005955,2024-05-09,xslF345X05/doc4.xml,recent
2024-05-14,PX14A6G,0001214659-24-009014,,z513244px14a6g.htm,recent
2024-05-17,8-K,0000950103-24-006839,2024-05-17,dp211362_8k.htm,recent
2024-05-20,FWP,0000950103-24-006915,,dp211440_fwp-corp.htm,recent
2024-05-21,424B2,0001193125-24-143955,,d834121d424b2.htm,recent
2024-05-21,PX14A6G,0001096906-24-001209,,nlpc_px14a6g.htm,recent
2024-05-22,8-K,0001193125-24-144958,2024-05-22,d829636d8k.htm,recent
2024-05-23,4,0000950103-24-007059,2024-05-22,xslF345X05/dp211591_4-comcast.xml,recent
2024-05-23,4,0001225208-24-006321,2024-05-22,xslF345X05/doc4.xml,recent
2024-05-24,SC 13D/A,0000950103-24-007117,,dp211599_sc13da-4.htm,recent
2024-05-24,SD,0001166691-24-000036,,comcastconflictmineralsrep.htm,recent
2024-05-29,SC 13D/A,0000950103-24-007245,,dp211749_sc13da-5.htm,recent
2024-06-07,4,0001225208-24-006720,2024-06-06,xslF345X05/doc4.xml,recent
2024-06-07,4,0001225208-24-006719,2024-06-06,xslF345X05/doc4.xml,recent
2024-06-07,4,0001225208-24-006718,2024-06-05,xslF345X05/doc4.xml,recent
2024-06-12,8-K,0001166691-24-000039,2024-06-10,cmcsa-20240610.htm,recent
2024-06-20,4,0001225208-24-006918,2024-06-19,xslF345X05/doc4.xml,recent
2024-07-01,4,0001225208-24-007094,2024-06-30,xslF345X05/doc4.xml,recent
2024-07-01,4,0001225208-24-007093,2024-06-30,xslF345X05/doc4.xml,recent
2024-07-01,4,0001225208-24-007092,2024-06-30,xslF345X05/doc4.xml,recent
2024-07-01,4,0001225208-24-007091,2024-06-30,xslF345X05/doc4.xml,recent
2024-07-01,4,0001225208-24-007090,2024-06-30,xslF345X05/doc4.xml,recent
2024-07-01,4,0001225208-24-007089,2024-06-30,xslF345X05/doc4.xml,recent
2024-07-01,4,0001225208-24-007085,2024-06-30,xslF345X05/doc4.xml,recent
2024-07-01,4,0001225208-24-007084,2024-06-30,xslF345X05/doc4.xml,recent
2024-07-23,10-Q,0001166691-24-000048,2024-06-30,cmcsa-20240630.htm,recent
2024-07-23,8-K,0001166691-24-000046,2024-07-23,cmcsa-20240723.htm,recent
2024-08-22,SC 13G/A,0000950103-24-012533,,dp216989_sc13ga-1.htm,recent
2024-09-18,4,0001225208-24-008748,2024-09-16,xslF345X05/doc4.xml,recent
2024-09-23,424B2,0001193125-24-223229,,d871944d424b2.htm,recent
2024-09-23,8-K,0001193125-24-223243,2024-09-23,d826479d8k.htm,recent
2024-09-23,FWP,0001193125-24-223782,,d891361dfwp.htm,recent
2024-09-25,424B2,0001193125-24-225214,,d871944d424b2.htm,recent
2024-09-26,8-A12B,0001193125-24-227012,,d786988d8a12b.htm,recent
2024-09-26,8-K,0001193125-24-226937,2024-09-26,d872581d8k.htm,recent
2024-10-01,4,0001225208-24-008940,2024-09-30,xslF345X05/doc4.xml,recent
2024-10-01,4,0001225208-24-008934,2024-09-30,xslF345X05/doc4.xml,recent
2024-10-01,4,0001225208-24-008932,2024-09-30,xslF345X05/doc4.xml,recent
2024-10-01,4,0001225208-24-008931,2024-09-30,xslF345X05/doc4.xml,recent
2024-10-01,4,0001225208-24-008930,2024-09-30,xslF345X05/doc4.xml,recent
2024-10-01,4,0001225208-24-008929,2024-09-30,xslF345X05/doc4.xml,recent
2024-10-01,4,0001225208-24-008928,2024-09-30,xslF345X05/doc4.xml,recent
2024-10-01,4,0001225208-24-008927,2024-09-30,xslF345X05/doc4.xml,recent
2024-10-18,CERT,0001354457-24-000808,,CMCS.pdf,recent
2024-10-31,10-Q,0001166691-24-000056,2024-09-30,cmcsa-20240930.htm,recent
2024-10-31,8-K,0001166691-24-000054,2024-10-31,cmcsa-20241031.htm,recent
2024-11-05,4,0001225208-24-009619,2024-11-04,xslF345X05/doc4.xml,recent
2024-11-06,144,0001959173-24-007463,,xsl144X01/primary_doc.xml,recent
2024-11-07,4,0001225208-24-009713,2024-11-06,xslF345X05/doc4.xml,recent
2024-11-22,144,0001958244-24-005779,,xsl144X01/primary_doc.xml,recent
2024-11-22,4,0001225208-24-010152,2024-11-20,xslF345X05/doc4.xml,recent
2024-11-22,4,0001225208-24-010151,2024-11-20,xslF345X05/doc4.xml,recent
2024-11-22,4,0001225208-24-010150,2024-11-20,xslF345X05/doc4.xml,recent
2024-11-22,4,0001225208-24-010147,2024-11-20,xslF345X05/doc4.xml,recent
2024-11-22,4,0001225208-24-010146,2024-11-20,xslF345X05/doc4.xml,recent
2024-11-22,4,0001225208-24-010144,2024-11-20,xslF345X05/doc4.xml,recent
2024-11-22,4,0001225208-24-010143,2024-11-20,xslF345X05/doc4.xml,recent
2024-11-22,4,0001225208-24-010142,2024-11-20,xslF345X05/doc4.xml,recent
2024-11-22,4,0001225208-24-010138,2024-11-20,xslF345X05/doc4.xml,recent
2024-11-25,4,0001225208-24-010175,2024-11-22,xslF345X05/doc4.xml,recent
2024-11-26,144,0001968582-24-001060,,xsl144X01/primary_doc.xml,recent
2024-11-26,144,0001959173-24-008209,,xsl144X01/primary_doc.xml,recent
2024-11-26,144,0001959173-24-008208,,xsl144X01/primary_doc.xml,recent
2024-11-29,4,0001225208-24-010268,2024-11-26,xslF345X05/doc4.xml,recent
2024-11-29,4,0001225208-24-010267,2024-11-26,xslF345X05/doc4.xml,recent
2024-12-03,4,0001225208-24-010443,2024-11-29,xslF345X05/doc4.xml,recent
2025-01-03,4,0001225208-25-000189,2024-12-31,xslF345X05/doc4.xml,recent
2025-01-03,4,0001225208-25-000188,2024-12-31,xslF345X05/doc4.xml,recent
2025-01-03,4,0001225208-25-000187,2024-12-31,xslF345X05/doc4.xml,recent
2025-01-03,4,0001225208-25-000186,2024-12-31,xslF345X05/doc4.xml,recent
2025-01-03,4,0001225208-25-000185,2024-12-31,xslF345X05/doc4.xml,recent
2025-01-03,4,0001225208-25-000177,2024-12-31,xslF345X05/doc4.xml,recent
2025-01-03,4,0001225208-25-000178,2024-12-31,xslF345X05/doc4.xml,recent
2025-01-03,4,0001225208-25-000176,2024-12-31,xslF345X05/doc4.xml,recent
2025-01-06,4,0001225208-25-000338,2025-01-02,xslF345X05/doc4.xml,recent
2025-01-06,4,0001225208-25-000334,2025-01-02,xslF345X05/doc4.xml,recent
2025-01-15,4,0001225208-25-000648,2025-01-14,xslF345X05/doc4.xml,recent
2025-01-30,8-K,0001166691-25-000006,2025-01-30,cmcsa-20250130.htm,recent
2025-01-31,10-K,0001166691-25-000011,2024-12-31,cmcsa-20241231.htm,recent
2025-02-27,4,0001225208-25-002549,2025-02-25,xslF345X05/doc4.xml,recent
2025-02-27,4,0001225208-25-002537,2025-02-25,xslF345X05/doc4.xml,recent
2025-02-27,4,0001225208-25-002535,2025-02-25,xslF345X05/doc4.xml,recent
2025-02-28,S-3ASR,0001193125-25-042517,,d921757ds3asr.htm,recent
2025-03-04,4,0001225208-25-002849,2025-03-01,xslF345X05/doc4.xml,recent
2025-03-04,4,0001225208-25-002848,2025-03-01,xslF345X05/doc4.xml,recent
2025-03-04,4,0001225208-25-002847,2025-03-01,xslF345X05/doc4.xml,recent
2025-03-04,4,0001225208-25-002846,2025-03-01,xslF345X05/doc4.xml,recent
2025-03-04,4,0001225208-25-002845,2025-03-01,xslF345X05/doc4.xml,recent
2025-03-04,4,0001225208-25-002844,2025-03-01,xslF345X05/doc4.xml,recent
2025-03-07,4,0001225208-25-003153,2025-03-06,xslF345X05/doc4.xml,recent
2025-03-10,4,0001225208-25-003188,2025-03-07,xslF345X05/doc4.xml,recent
2025-03-19,4,0001225208-25-003477,2025-03-17,xslF345X05/doc4.xml,recent
2025-03-19,8-K,0000950103-25-003639,2025-03-19,dp226495_8k.htm,recent
2025-04-02,4,0001225208-25-003909,2025-03-31,xslF345X05/doc4.xml,recent
2025-04-02,4,0001225208-25-003908,2025-03-31,xslF345X05/doc4.xml,recent
2025-04-02,4,0001225208-25-003905,2025-03-31,xslF345X05/doc4.xml,recent
2025-04-02,4,0001225208-25-003902,2025-03-31,xslF345X05/doc4.xml,recent
2025-04-02,4,0001225208-25-003901,2025-03-31,xslF345X05/doc4.xml,recent
2025-04-02,4,0001225208-25-003900,2025-04-01,xslF345X05/doc4.xml,recent
2025-04-24,10-Q,0001166691-25-000021,2025-03-31,cmcsa-20250331.htm,recent
2025-04-24,8-K,0001166691-25-000018,2025-04-24,cmcsa-20250424.htm,recent
2025-04-25,DEF 14A,0001308179-25-000504,2025-06-18,cmcsa012438-def14a.htm,recent
2025-04-25,DEFA14A,0001308179-25-000505,,cmcsa012438-defa14a.htm,recent
2025-05-01,PX14A6G,0001214659-25-006775,,i51251px14a6g.htm,recent
2025-05-05,8-K,0001193125-25-112799,2025-05-05,d792629d8k.htm,recent
2025-05-05,FWP,0001193125-25-112904,,d900552dfwp.htm,recent
2025-05-06,424B2,0001193125-25-113873,,d927753d424b2.htm,recent
2025-05-07,4,0001225208-25-004824,2025-05-06,xslF345X05/doc4.xml,recent
2025-05-08,8-K,0001193125-25-115996,2025-05-08,d892809d8k.htm,recent
2025-05-15,4,0001225208-25-005142,2025-05-14,xslF345X05/doc4.xml,recent
2025-05-23,4,0001225208-25-005426,2025-05-22,xslF345X05/doc4.xml,recent
2025-05-23,SD,0001166691-25-000024,,a2025-comcastconflictminer.htm,recent
2025-05-30,PX14A6G,0001096906-25-000908,,nlpc_px14a6g.htm,recent
2025-06-05,SCHEDULE 13G/A,0000932471-25-000681,,xslSCHEDULE_13G_X01/primary_doc.xml,recent
2025-06-06,4,0001225208-25-005772,2025-06-05,xslF345X05/doc4.xml,recent
2025-06-20,4,0001225208-25-006092,2025-06-19,xslF345X05/doc4.xml,recent
2025-06-20,8-K,0001166691-25-000027,2025-06-18,cmcsa-20250618.htm,recent
2025-07-02,4,0001225208-25-006365,2025-06-30,xslF345X05/doc4.xml,recent
2025-07-02,4,0001225208-25-006364,2025-06-30,xslF345X05/doc4.xml,recent
2025-07-02,4,0001225208-25-006363,2025-06-30,xslF345X05/doc4.xml,recent
2025-07-02,4,0001225208-25-006362,2025-06-30,xslF345X05/doc4.xml,recent
2025-07-02,4,0001225208-25-006361,2025-06-30,xslF345X05/doc4.xml,recent
2025-07-02,S-8,0001193125-25-154945,,d944318ds8.htm,recent
2025-07-31,10-Q,0001166691-25-000036,2025-06-30,cmcsa-20250630.htm,recent
2025-07-31,8-K,0001166691-25-000034,2025-07-31,cmcsa-20250731.htm,recent
2025-08-07,4,0001225208-25-007128,2025-08-05,xslF345X05/doc4.xml,recent
2025-08-21,4,0001225208-25-007403,2025-08-20,xslF345X05/doc4.xml,recent
2025-08-22,8-K,0001166691-25-000041,2025-08-22,cmcsa-20250822.htm,recent
2025-09-04,4,0001225208-25-007759,2025-09-02,xslF345X05/doc4.xml,recent
2025-09-22,8-K,0000950103-25-011924,2025-09-22,dp234623_8k.htm,recent
2025-09-26,8-K,0000950103-25-012296,2025-09-26,dp234965_8k.htm,recent
2025-09-29,8-K,0001628280-25-043014,2025-09-29,cmcsa-20250929.htm,recent
2025-09-29,8-K,0000950103-25-012356,2025-09-29,dp235087_8k.htm,recent
2025-10-01,8-K,0000950103-25-012613,2025-10-01,dp235326_8k.htm,recent
2025-10-02,4,0001225208-25-008299,2025-09-30,xslF345X05/doc4.xml,recent
2025-10-02,4,0001225208-25-008287,2025-09-30,xslF345X05/doc4.xml,recent
2025-10-02,4,0001225208-25-008286,2025-09-30,xslF345X05/doc4.xml,recent
2025-10-02,4,0001225208-25-008285,2025-09-30,xslF345X05/doc4.xml,recent
2025-10-02,4,0001225208-25-008284,2025-09-30,xslF345X05/doc4.xml,recent
2025-10-02,8-K,0000950103-25-012777,2025-10-02,dp235423_8k.htm,recent
2025-10-06,8-K,0000950103-25-012851,2025-10-06,dp235537_8k.htm,recent
2025-10-08,8-K,0000950103-25-012953,2025-10-08,dp235635_8k.htm,recent
2025-10-09,8-K,0000950103-25-013042,2025-10-09,dp235696_8k.htm,recent
2025-10-30,10-Q,0001166691-25-000054,2025-09-30,cmcsa-20250930.htm,recent
2025-10-30,8-K,0001166691-25-000052,2025-10-30,cmcsa-20251030.htm,recent
2025-11-05,4,0001225208-25-008951,2025-11-03,xslF345X05/doc4.xml,recent
2025-11-21,4,0001225208-25-009345,2025-11-20,xslF345X05/doc4.xml,recent
2025-11-21,4,0001225208-25-009344,2025-11-20,xslF345X05/doc4.xml,recent
2025-11-21,4,0001225208-25-009343,2025-11-20,xslF345X05/doc4.xml,recent
2025-11-21,4,0001225208-25-009342,2025-11-20,xslF345X05/doc4.xml,recent
2025-11-21,4,0001225208-25-009341,2025-11-20,xslF345X05/doc4.xml,recent
2025-11-21,4,0001225208-25-009340,2025-11-20,xslF345X05/doc4.xml,recent
2025-11-21,4,0001225208-25-009339,2025-11-20,xslF345X05/doc4.xml,recent
2025-11-21,4,0001225208-25-009338,2025-11-20,xslF345X05/doc4.xml,recent
2025-11-21,4,0001225208-25-009337,2025-11-20,xslF345X05/doc4.xml,recent
2025-12-03,8-K,0000950103-25-015694,2025-12-03,dp238252_8k.htm,recent
2025-12-08,3,0000950103-25-015866,2025-12-06,xslF345X02/dp238491_3.xml,recent
2025-12-15,8-K,0000950103-25-016136,2025-12-15,dp238434_8k.htm,recent
2025-12-16,8-K,0001628280-25-057396,2025-12-16,cmcsa-20251216.htm,recent
2025-12-23,8-K,0001628280-25-058790,2025-12-19,cmcsa-20251219.htm,recent
2026-01-05,4,0000950103-26-000115,2026-01-02,xslF345X05/dp239576_4.xml,recent
2026-01-05,8-K,0000950103-26-000079,2026-01-02,dp239108_8k.htm,recent
2026-01-06,4,0001225208-26-000361,2026-01-02,xslF345X05/doc4.xml,recent
2026-01-22,4,0001225208-26-000767,2026-01-20,xslF345X05/doc4.xml,recent
2026-01-22,4,0001225208-26-000766,2026-01-20,xslF345X05/doc4.xml,recent
2026-01-22,4,0001225208-26-000765,2026-01-20,xslF345X05/doc4.xml,recent
2026-01-22,4,0001225208-26-000764,2026-01-20,xslF345X05/doc4.xml,recent
2026-01-22,4,0001225208-26-000763,2026-01-20,xslF345X05/doc4.xml,recent
2026-01-22,4,0001225208-26-000762,2026-01-20,xslF345X05/doc4.xml,recent
2026-01-22,4,0001225208-26-000761,2026-01-20,xslF345X05/doc4.xml,recent
2026-01-22,4,0001225208-26-000760,2026-01-20,xslF345X05/doc4.xml,recent
2026-01-29,8-K,0001628280-26-003964,2026-01-29,cmcsa-20260129.htm,recent
2026-02-03,10-K,0001628280-26-004994,2025-12-31,cmcsa-20251231.htm,recent
2026-02-03,144,0001959173-26-000561,,xsl144X01/primary_doc.xml,recent
2026-02-03,4,0001225208-26-001166,2026-02-02,xslF345X05/doc4.xml,recent
2026-02-03,4,0001225208-26-001165,2026-02-02,xslF345X05/doc4.xml,recent
2026-02-04,4,0001225208-26-001303,2026-02-03,xslF345X05/doc4.xml,recent
2026-02-05,3,0000950103-26-001695,2026-02-04,xslF345X02/dp241090_3-gordon.xml,recent
2026-02-05,4,0001225208-26-001358,2026-02-04,xslF345X05/doc4.xml,recent
2026-02-09,SCHEDULE 13G,0000093751-26-000037,,xslSCHEDULE_13G_X01/primary_doc.xml,recent
2026-02-11,144,0001959173-26-000864,,xsl144X01/primary_doc.xml,recent
2026-02-13,4,0001225208-26-001889,2026-02-11,xslF345X05/doc4.xml,recent
2026-02-13,4,0001225208-26-001888,2026-02-11,xslF345X05/doc4.xml,recent
2026-02-26,4,0001225208-26-002695,2026-02-24,xslF345X05/doc4.xml,recent
2026-02-26,4,0001225208-26-002694,2026-02-24,xslF345X05/doc4.xml,recent
2026-02-26,4,0001225208-26-002693,2026-02-24,xslF345X05/doc4.xml,recent
2026-02-26,4,0001225208-26-002692,2026-02-24,xslF345X05/doc4.xml,recent
2026-02-26,4,0001225208-26-002691,2026-02-24,xslF345X05/doc4.xml,recent
2026-02-27,8-K,0001628280-26-012809,2026-02-25,cmcsa-20260225.htm,recent
2026-03-03,4,0001225208-26-002966,2026-03-01,xslF345X05/doc4.xml,recent
2026-03-03,4,0001225208-26-002963,2026-03-01,xslF345X05/doc4.xml,recent
2026-03-03,4,0001225208-26-002961,2026-03-01,xslF345X05/doc4.xml,recent
2026-03-03,4,0001225208-26-002960,2026-03-01,xslF345X05/doc4.xml,recent
2026-03-03,4,0001225208-26-002959,2026-03-01,xslF345X05/doc4.xml,recent
2026-03-03,4,0001225208-26-002955,2026-03-01,xslF345X05/doc4.xml,recent
2026-03-05,144,0001959173-26-001976,,xsl144X01/primary_doc.xml,recent
2026-03-06,4,0001225208-26-003380,2026-03-05,xslF345X05/doc4.xml,recent
2026-03-16,8-K,0001628280-26-017950,2026-03-16,cmcsa-20260316.htm,recent
2026-03-18,4,0001225208-26-003802,2026-03-17,xslF345X06/doc4.xml,recent
2026-03-18,4,0001225208-26-003801,2026-03-17,xslF345X06/doc4.xml,recent
2026-03-26,SCHEDULE 13G/A,0000102909-26-001038,,xslSCHEDULE_13G_X02/primary_doc.xml,recent
2026-04-02,4,0001225208-26-004203,2026-03-31,xslF345X06/doc4.xml,recent
2026-04-02,4,0001225208-26-004202,2026-03-31,xslF345X06/doc4.xml,recent
2026-04-02,4,0001225208-26-004201,2026-03-31,xslF345X06/doc4.xml,recent
2026-04-02,4,0001225208-26-004200,2026-03-31,xslF345X06/doc4.xml,recent
2026-04-02,4,0001225208-26-004199,2026-03-31,xslF345X06/doc4.xml,recent
2026-04-03,4,0001225208-26-004342,2026-04-03,xslF345X06/doc4.xml,recent
2026-04-23,10-Q,0001628280-26-026805,2026-03-31,cmcsa-20260331.htm,recent
2026-04-23,8-K,0001628280-26-026685,2026-04-23,cmcsa-20260423.htm,recent
2026-04-24,DEF 14A,0001193125-26-177138,2026-06-10,cmcsa-20260424.htm,recent
2026-04-24,DEFA14A,0001193125-26-177246,,cmcsa_2026_notice_and_ac.htm,recent
2026-04-29,SCHEDULE 13G,0002100119-26-000365,,xslSCHEDULE_13G_X02/primary_doc.xml,recent
2026-05-12,4,0001225208-26-005149,2026-05-11,xslF345X06/doc4.xml,recent
2026-05-14,SCHEDULE 13G,0001422849-26-000065,,xslSCHEDULE_13G_X02/primary_doc.xml,recent
2026-05-20,4,0001225208-26-005505,2026-05-19,xslF345X06/doc4.xml,recent
2026-05-22,SD,0001628280-26-037566,,a2026-comcastconflictminer.htm,recent
2026-05-27,8-K,0000950103-26-007759,2026-05-27,dp247217_8k.htm,recent
2026-06-02,8-K,0000950103-26-008329,2026-06-02,dp247761_8k.htm,recent
2026-06-03,8-K,0000950103-26-008429,2026-06-03,dp247907_8k.htm,recent
2026-06-12,8-K,0001628280-26-042848,2026-06-10,cmcsa-20260610.htm,recent
2026-06-29,8-K,0000950103-26-009591,2026-06-29,dp249094_8k.htm,recent
2026-07-02,4,0001225208-26-006372,2026-06-30,xslF345X06/doc4.xml,recent
2026-07-02,4,0001225208-26-006371,2026-06-30,xslF345X06/doc4.xml,recent
2026-07-02,4,0001225208-26-006370,2026-06-30,xslF345X06/doc4.xml,recent
2026-07-02,4,0001225208-26-006369,2026-06-30,xslF345X06/doc4.xml,recent
2026-07-02,4,0001225208-26-006365,2026-06-30,xslF345X06/doc4.xml,recent
2026-07-23,10-Q,0001628280-26-049360,2026-06-30,cmcsa-20260630.htm,recent
2026-07-23,8-K,0001628280-26-049274,2026-07-23,cmcsa-20260723.htm,recent
2026-07-30,S-4,0001193125-26-326101,,d44098ds4.htm,recent
2026-08-06,4,0001225208-26-007023,2026-08-05,xslF345X06/doc4.xml,recent
2026-08-07,424B3,0001193125-26-340289,,d60298d424b3.htm,recent
2026-08-07,EFFECT,9999999995-26-002587,,xslEFFECTX01/primary_doc.xml,recent
2026-08-12,SCHEDULE 13G/A,0001422849-26-000122,,xslSCHEDULE_13G_X02/primary_doc.xml,recent
2026-08-18,4,0001225208-26-007163,2026-08-17,xslF345X06/doc4.xml,recent
2026-09-03,4,0001225208-26-007616,2026-09-01,xslF345X06/doc4.xml,recent
2026-09-03,4,0001225208-26-007615,2026-09-01,xslF345X06/doc4.xml,recent
2026-09-14,25-NSE,0001354457-26-000874,,xslF25X02/primary_doc.xml,recent
2026-10-02,4,0001225208-26-008107,2026-09-30,xslF345X06/doc4.xml,recent
2026-10-02,4,0001225208-26-008106,2026-09-30,xslF345X06/doc4.xml,recent
2026-10-02,4,0001225208-26-008105,2026-09-30,xslF345X06/doc4.xml,recent
2026-10-02,4,0001225208-26-008104,2026-09-30,xslF345X06/doc4.xml,recent
2026-10-02,4,0001225208-26-008103,2026-09-30,xslF345X06/doc4.xml,recent
